HIERARCHY
ROOT Hips
{
OFFSET 0.0000 111.0000 0.0000
CHANNELS 6 Xposition Yposition Zposition Yrotation Xrotation Zrotation
	JOINT RightUpperLeg
	{
		OFFSET -10.5000 -8.8000 0.0000
		CHANNELS 3 Yrotation Xrotation Zrotation
		JOINT RightLowerLeg
		{
			OFFSET 0.0000 -45.6000 0.0000
			CHANNELS 3 Yrotation Xrotation Zrotation
			JOINT RightFoot
			{
				OFFSET 0.0000 -46.7000 0.0000
				CHANNELS 3 Yrotation Xrotation Zrotation
				JOINT RightToe
				{
					OFFSET 0.0000 -8.0000 12.1000
					CHANNELS 3 Yrotation Xrotation Zrotation
					End Site
					{
						OFFSET 0.0000 0.0000 2.4200
					}
				}
			}
		}
	}
	JOINT LeftUpperLeg
	{
		OFFSET 10.5000 -8.8000 0.0000
		CHANNELS 3 Yrotation Xrotation Zrotation
		JOINT LeftLowerLeg
		{
			OFFSET 0.0000 -45.6000 0.0000
			CHANNELS 3 Yrotation Xrotation Zrotation
			JOINT LeftFoot
			{
				OFFSET 0.0000 -46.7000 0.0000
				CHANNELS 3 Yrotation Xrotation Zrotation
				JOINT LeftToe
				{
					OFFSET 0.0000 -8.0000 12.1000
					CHANNELS 3 Yrotation Xrotation Zrotation
					End Site
					{
						OFFSET 0.0000 0.0000 2.4200
					}
				}
			}
		}
	}
	JOINT Spine
	{
		OFFSET 0.0000 9.7000 0.0000
		CHANNELS 3 Yrotation Xrotation Zrotation
		JOINT Spine1
		{
			OFFSET 0.0000 11.2000 0.0000
			CHANNELS 3 Yrotation Xrotation Zrotation
			JOINT Spine2
			{
				OFFSET 0.0000 12.1000 0.0000
				CHANNELS 3 Yrotation Xrotation Zrotation
				JOINT Spine3
				{
					OFFSET 0.0000 11.7000 1.2000
					CHANNELS 3 Yrotation Xrotation Zrotation
					JOINT Neck
					{
						OFFSET 0.0000 12.0000 -1.2000
						CHANNELS 3 Yrotation Xrotation Zrotation
						JOINT Head
						{
							OFFSET 0.0000 10.0000 0.0000
							CHANNELS 3 Yrotation Xrotation Zrotation
							End Site
							{
								OFFSET 0.0000 20.0000 0.0000
							}
						}
					}
					JOINT RightShoulder
					{
						OFFSET -4.9000 4.0000 -1.2000
						CHANNELS 3 Yrotation Xrotation Zrotation
						JOINT RightUpperArm
						{
							OFFSET -15.6000 0.0000 0.0000
							CHANNELS 3 Yrotation Xrotation Zrotation
							JOINT RightLowerArm
							{
								OFFSET -25.9000 0.0000 0.0000
								CHANNELS 3 Yrotation Xrotation Zrotation
								JOINT RightHand
								{
									OFFSET -28.4000 0.0000 0.0000
									CHANNELS 3 Yrotation Xrotation Zrotation
									JOINT RightThumbFinger
									{
										OFFSET -3.4000 0.3000 4.2000
										CHANNELS 3 Yrotation Xrotation Zrotation
										JOINT RightThumbFinger1
										{
											OFFSET -3.5000 0.0000 3.5000
											CHANNELS 3 Yrotation Xrotation Zrotation
											JOINT RightThumbFinger2
											{
												OFFSET -2.5000 0.0000 2.4000
												CHANNELS 3 Yrotation Xrotation Zrotation
												End Site
												{
													OFFSET -2.1450 0.0000 2.0592
												}
											}
										}
									}
									JOINT RightIndexFinger
									{
										OFFSET -4.4000 0.7000 2.6000
										CHANNELS 3 Yrotation Xrotation Zrotation
										JOINT RightIndexFinger1
										{
											OFFSET -7.0000 -0.1000 1.4000
											CHANNELS 3 Yrotation Xrotation Zrotation
											JOINT RightIndexFinger2
											{
												OFFSET -5.0000 -0.2000 0.0000
												CHANNELS 3 Yrotation Xrotation Zrotation
												JOINT RightIndexFinger3
												{
													OFFSET -2.7000 -0.2000 0.0000
													CHANNELS 3 Yrotation Xrotation Zrotation
													End Site
													{
														OFFSET -2.3814 -0.1764 0.0000
													}
												}
											}
										}
									}
									JOINT RightMiddleFinger
									{
										OFFSET -4.6000 0.7000 1.0000
										CHANNELS 3 Yrotation Xrotation Zrotation
										JOINT RightMiddleFinger1
										{
											OFFSET -7.0000 -0.1000 0.4000
											CHANNELS 3 Yrotation Xrotation Zrotation
											JOINT RightMiddleFinger2
											{
												OFFSET -5.3000 -0.3000 0.0000
												CHANNELS 3 Yrotation Xrotation Zrotation
												JOINT RightMiddleFinger3
												{
													OFFSET -3.4000 -0.3000 0.0000
													CHANNELS 3 Yrotation Xrotation Zrotation
													End Site
													{
														OFFSET -2.9988 -0.2646 0.0000
													}
												}
											}
										}
									}
									JOINT RightRingFinger
									{
										OFFSET -4.5000 0.8000 -0.1000
										CHANNELS 3 Yrotation Xrotation Zrotation
										JOINT RightRingFinger1
										{
											OFFSET -6.3000 -0.1000 -0.7000
											CHANNELS 3 Yrotation Xrotation Zrotation
											JOINT RightRingFinger2
											{
												OFFSET -4.7000 -0.4000 0.0000
												CHANNELS 3 Yrotation Xrotation Zrotation
												JOINT RightRingFinger3
												{
													OFFSET -3.2000 -0.3000 0.0000
													CHANNELS 3 Yrotation Xrotation Zrotation
													End Site
													{
														OFFSET -2.8224 -0.2646 0.0000
													}
												}
											}
										}
									}
									JOINT RightPinkyFinger
									{
										OFFSET -4.3000 0.7000 -1.6000
										CHANNELS 3 Yrotation Xrotation Zrotation
										JOINT RightPinkyFinger1
										{
											OFFSET -5.6000 -0.1000 -1.5000
											CHANNELS 3 Yrotation Xrotation Zrotation
											JOINT RightPinkyFinger2
											{
												OFFSET -3.7000 -0.2000 0.0000
												CHANNELS 3 Yrotation Xrotation Zrotation
												JOINT RightPinkyFinger3
												{
													OFFSET -2.4000 -0.1000 0.0000
													CHANNELS 3 Yrotation Xrotation Zrotation
													End Site
													{
														OFFSET -2.1168 -0.0882 0.0000
													}
												}
											}
										}
									}
								}
							}
						}
					}
					JOINT LeftShoulder
					{
						OFFSET 4.9000 4.0000 -1.2000
						CHANNELS 3 Yrotation Xrotation Zrotation
						JOINT LeftUpperArm
						{
							OFFSET 15.6000 0.0000 0.0000
							CHANNELS 3 Yrotation Xrotation Zrotation
							JOINT LeftLowerArm
							{
								OFFSET 25.9000 0.0000 0.0000
								CHANNELS 3 Yrotation Xrotation Zrotation
								JOINT LeftHand
								{
									OFFSET 28.4000 0.0000 0.0000
									CHANNELS 3 Yrotation Xrotation Zrotation
									JOINT LeftThumbFinger
									{
										OFFSET 3.4000 0.3000 4.2000
										CHANNELS 3 Yrotation Xrotation Zrotation
										JOINT LeftThumbFinger1
										{
											OFFSET 3.5000 0.0000 3.5000
											CHANNELS 3 Yrotation Xrotation Zrotation
											JOINT LeftThumbFinger2
											{
												OFFSET 2.5000 0.0000 2.5000
												CHANNELS 3 Yrotation Xrotation Zrotation
												End Site
												{
													OFFSET 2.1450 0.0000 2.1450
												}
											}
										}
									}
									JOINT LeftIndexFinger
									{
										OFFSET 4.4000 0.7000 2.6000
										CHANNELS 3 Yrotation Xrotation Zrotation
										JOINT LeftIndexFinger1
										{
											OFFSET 7.0000 -0.1000 1.4000
											CHANNELS 3 Yrotation Xrotation Zrotation
											JOINT LeftIndexFinger2
											{
												OFFSET 5.0000 -0.2000 0.0000
												CHANNELS 3 Yrotation Xrotation Zrotation
												JOINT LeftIndexFinger3
												{
													OFFSET 2.7000 -0.2000 0.0000
													CHANNELS 3 Yrotation Xrotation Zrotation
													End Site
													{
														OFFSET 2.3814 -0.1764 0.0000
													}
												}
											}
										}
									}
									JOINT LeftMiddleFinger
									{
										OFFSET 4.6000 0.7000 1.0000
										CHANNELS 3 Yrotation Xrotation Zrotation
										JOINT LeftMiddleFinger1
										{
											OFFSET 7.0000 -0.1000 0.4000
											CHANNELS 3 Yrotation Xrotation Zrotation
											JOINT LeftMiddleFinger2
											{
												OFFSET 5.3000 -0.3000 0.0000
												CHANNELS 3 Yrotation Xrotation Zrotation
												JOINT LeftMiddleFinger3
												{
													OFFSET 3.4000 -0.3000 0.0000
													CHANNELS 3 Yrotation Xrotation Zrotation
													End Site
													{
														OFFSET 2.9988 -0.2646 0.0000
													}
												}
											}
										}
									}
									JOINT LeftRingFinger
									{
										OFFSET 4.5000 0.8000 -0.1000
										CHANNELS 3 Yrotation Xrotation Zrotation
										JOINT LeftRingFinger1
										{
											OFFSET 6.3000 -0.1000 -0.7000
											CHANNELS 3 Yrotation Xrotation Zrotation
											JOINT LeftRingFinger2
											{
												OFFSET 4.7000 -0.3000 0.0000
												CHANNELS 3 Yrotation Xrotation Zrotation
												JOINT LeftRingFinger3
												{
													OFFSET 3.2000 -0.2000 0.0000
													CHANNELS 3 Yrotation Xrotation Zrotation
													End Site
													{
														OFFSET 2.8224 -0.1764 0.0000
													}
												}
											}
										}
									}
									JOINT LeftPinkyFinger
									{
										OFFSET 4.3000 0.7000 -1.6000
										CHANNELS 3 Yrotation Xrotation Zrotation
										JOINT LeftPinkyFinger1
										{
											OFFSET 5.6000 -0.1000 -1.5000
											CHANNELS 3 Yrotation Xrotation Zrotation
											JOINT LeftPinkyFinger2
											{
												OFFSET 3.7000 -0.2000 0.1000
												CHANNELS 3 Yrotation Xrotation Zrotation
												JOINT LeftPinkyFinger3
												{
													OFFSET 2.4000 -0.1000 -0.1000
													CHANNELS 3 Yrotation Xrotation Zrotation
													End Site
													{
														OFFSET 2.1168 -0.0882 -0.0882
													}
												}
											}
										}
									}
								}
							}
						}
					}
				}
			}
		}
	}
}
MOTION
Frames: 862
Frame Time: 0.0166667
0.00 111.00 0.00 0.00 0.00 0.00 0.00 0.00 0.00 0.00 0.00 0.00 0.00 0.00 0.00 0.00 0.00 0.00 0.00 0.00 0.00 0.00 0.00 0.00 0.00 0.00 0.00 0.00 0.00 0.00 0.00 0.00 0.00 0.00 0.00 0.00 0.00 0.00 0.00 0.00 0.00 0.00 0.00 0.00 0.00 0.00 0.00 0.00 0.00 0.00 0.00 0.00 0.00 0.00 0.00 0.00 0.00 0.00 0.00 0.00 0.00 0.00 0.00 0.00 0.00 0.00 0.00 0.00 0.00 0.00 0.00 0.00 0.00 0.00 0.00 0.00 0.00 0.00 0.00 0.00 0.00 0.00 0.00 0.00 0.00 0.00 0.00 0.00 0.00 0.00 0.00 0.00 0.00 0.00 0.00 0.00 0.00 0.00 0.00 0.00 0.00 0.00 0.00 0.00 0.00 0.00 0.00 0.00 0.00 0.00 0.00 0.00 0.00 0.00 0.00 0.00 0.00 0.00 0.00 0.00 0.00 0.00 0.00 0.00 0.00 0.00 0.00 0.00 0.00 0.00 0.00 0.00 0.00 0.00 0.00 0.00 0.00 0.00 0.00 0.00 0.00 0.00 0.00 0.00 0.00 0.00 0.00 0.00 0.00 0.00 0.00 0.00 0.00 0.00 0.00 0.00 0.00 0.00 0.00 0.00 0.00 0.00 0.00 0.00 0.00 0.00 0.00 0.00 0.00 0.00 0.00 0.00 0.00 0.00 0.00 0.00 0.00 0.00 0.00 0.00 0.00 0.00 0.00 0.00 0.00 0.00
-57.6015 -0.1725 -61.9286 106.34 -0.19 0.04 -0.52 2.69 -0.81 0.35 1.89 0.01 0.11 -4.53 0.74 0.00 0.00 0.00 0.02 3.22 -0.56 0.06 0.78 0.00 -0.13 -3.89 0.52 -0.00 -0.00 -0.00 -0.41 0.08 0.31 -0.46 0.09 -0.14 -0.50 0.10 -0.15 -0.50 0.10 -0.15 0.31 -0.04 0.66 0.27 -0.04 0.56 3.50 3.28 -2.35 -2.95 -4.93 90.89 7.12 8.54 1.86 -3.68 18.19 -2.55 -0.31 13.99 -0.26 -8.04 5.57 4.68 -10.67 7.31 8.47 0.00 0.00 0.00 2.00 -0.01 0.17 -0.01 -0.11 3.20 -0.00 -0.06 1.59 0.00 0.00 0.00 -0.00 0.00 0.20 -0.00 0.00 3.64 -0.00 0.00 1.81 0.00 0.00 0.00 -2.00 0.01 0.32 0.02 0.18 5.27 0.01 0.09 2.63 0.00 0.00 0.00 -4.00 0.01 0.21 0.02 0.26 3.79 0.01 0.13 1.88 1.35 3.52 -2.01 -7.83 -6.72 -85.72 -6.09 10.59 -2.96 3.28 13.35 6.07 -0.08 2.86 -0.08 0.88 1.16 -1.29 1.26 1.75 -1.96 -0.00 -0.00 -0.00 -2.00 -0.01 -0.18 0.01 -0.12 -3.31 0.01 -0.06 -1.64 -0.00 -0.00 -0.00 0.00 0.00 -0.24 0.00 -0.00 -4.20 0.00 0.00 -2.09 -0.00 -0.00 -0.00 2.00 0.01 -0.41 -0.03 0.22 -6.43 -0.02 0.11 -3.22 -0.00 -0.00 -0.00 4.00 0.01 -0.17 -0.01 0.23 -3.27 -0.01 0.11 -1.62
-57.6029 -0.1732 -61.9253 106.34 -0.19 0.04 -0.52 2.69 -0.81 0.35 1.89 0.01 0.11 -4.53 0.73 0.00 0.00 0.00 0.02 3.21 -0.55 0.06 0.79 0.00 -0.13 -3.89 0.52 -0.00 0.00 -0.00 -0.41 0.08 0.32 -0.46 0.09 -0.14 -0.50 0.10 -0.15 -0.50 0.10 -0.15 0.31 -0.04 0.66 0.27 -0.04 0.56 3.50 3.27 -2.35 -2.92 -4.91 90.92 7.16 8.58 1.89 -3.68 18.20 -2.57 -0.31 14.00 -0.26 -8.05 5.57 4.68 -10.68 7.31 8.47 -0.00 -0.00 0.00 2.00 -0.01 0.17 -0.01 -0.11 3.21 -0.00 -0.06 1.59 -0.00 -0.00 0.00 -0.00 -0.00 0.20 -0.00 0.00 3.65 -0.00 0.00 1.81 -0.00 -0.00 0.00 -2.00 0.01 0.32 0.02 0.18 5.28 0.01 0.09 2.63 -0.00 -0.00 0.00 -4.00 0.01 0.21 0.02 0.26 3.79 0.01 0.13 1.88 1.35 3.51 -2.01 -7.76 -6.70 -85.74 -6.11 10.60 -2.95 3.28 13.35 6.06 -0.08 2.86 -0.08 0.88 1.16 -1.29 1.26 1.75 -1.96 -0.00 -0.00 0.00 -2.00 -0.01 -0.18 0.01 -0.12 -3.31 0.01 -0.06 -1.64 -0.00 -0.00 0.00 0.00 -0.00 -0.24 0.00 0.00 -4.20 0.00 0.00 -2.09 -0.00 -0.00 0.00 2.00 0.01 -0.41 -0.03 0.22 -6.43 -0.02 0.11 -3.22 -0.00 -0.00 0.00 4.00 0.01 -0.17 -0.01 0.23 -3.27 -0.01 0.11 -1.62
-57.6050 -0.1729 -61.9225 106.34 -0.19 0.04 -0.52 2.69 -0.81 0.35 1.89 0.01 0.11 -4.53 0.73 0.00 0.00 0.00 0.02 3.21 -0.55 0.06 0.80 0.00 -0.13 -3.89 0.51 -0.00 -0.00 0.00 -0.41 0.08 0.32 -0.46 0.09 -0.14 -0.50 0.10 -0.15 -0.50 0.10 -0.15 0.31 -0.04 0.66 0.27 -0.04 0.56 3.50 3.27 -2.36 -2.90 -4.90 90.94 7.19 8.62 1.93 -3.67 18.20 -2.59 -0.31 14.01 -0.26 -8.06 5.57 4.68 -10.69 7.31 8.47 0.00 -0.00 0.00 2.00 -0.01 0.17 -0.01 -0.11 3.21 -0.00 -0.06 1.59 0.00 -0.00 0.00 -0.00 -0.00 0.20 -0.00 0.00 3.66 -0.00 0.00 1.81 0.00 -0.00 0.00 -2.00 0.01 0.32 0.02 0.18 5.29 0.01 0.09 2.64 0.00 -0.00 0.00 -4.00 0.01 0.21 0.02 0.26 3.79 0.01 0.13 1.88 1.36 3.50 -2.01 -7.69 -6.68 -85.76 -6.12 10.61 -2.95 3.28 13.36 6.06 -0.08 2.86 -0.08 0.88 1.16 -1.29 1.26 1.75 -1.96 0.00 -0.00 0.00 -2.00 -0.01 -0.18 0.01 -0.12 -3.31 0.01 -0.06 -1.64 0.00 -0.00 0.00 -0.00 0.00 -0.24 0.00 0.00 -4.19 0.00 0.00 -2.08 0.00 -0.00 0.00 2.00 0.01 -0.41 -0.03 0.22 -6.43 -0.02 0.11 -3.22 0.00 -0.00 0.00 4.00 0.01 -0.17 -0.01 0.23 -3.27 -0.01 0.11 -1.62
-57.6072 -0.1724 -61.9201 106.34 -0.19 0.04 -0.52 2.69 -0.81 0.35 1.89 0.01 0.11 -4.53 0.73 0.00 0.00 0.00 0.02 3.21 -0.55 0.06 0.80 0.00 -0.13 -3.89 0.51 -0.00 0.00 -0.00 -0.41 0.08 0.32 -0.46 0.09 -0.14 -0.50 0.10 -0.15 -0.50 0.10 -0.15 0.32 -0.04 0.66 0.27 -0.04 0.56 3.50 3.26 -2.36 -2.88 -4.89 90.97 7.22 8.66 1.96 -3.67 18.21 -2.61 -0.31 14.01 -0.26 -8.07 5.57 4.68 -10.70 7.32 8.48 0.00 0.00 -0.00 2.00 -0.01 0.17 -0.01 -0.11 3.22 -0.00 -0.06 1.59 0.00 0.00 -0.00 -0.00 0.00 0.20 -0.00 0.00 3.66 -0.00 -0.00 1.82 0.00 0.00 -0.00 -2.00 0.01 0.32 0.02 0.18 5.29 0.01 0.09 2.64 0.00 0.00 -0.00 -4.00 0.01 0.21 0.02 0.26 3.79 0.01 0.13 1.88 1.36 3.49 -2.02 -7.60 -6.66 -85.78 -6.14 10.62 -2.94 3.28 13.35 6.05 -0.08 2.86 -0.08 0.88 1.16 -1.29 1.26 1.75 -1.96 0.00 -0.00 -0.00 -2.00 -0.01 -0.18 0.01 -0.12 -3.31 0.01 -0.06 -1.64 0.00 -0.00 -0.00 0.00 0.00 -0.24 0.00 -0.00 -4.19 0.00 0.00 -2.08 0.00 -0.00 -0.00 2.00 0.01 -0.41 -0.03 0.22 -6.43 -0.02 0.11 -3.22 0.00 -0.00 -0.00 4.00 0.01 -0.17 -0.01 0.23 -3.27 -0.01 0.11 -1.62
-57.6086 -0.1719 -61.9179 106.34 -0.19 0.04 -0.52 2.69 -0.81 0.35 1.89 0.01 0.11 -4.52 0.73 0.00 0.00 0.00 0.02 3.20 -0.55 0.06 0.81 0.00 -0.13 -3.89 0.51 -0.00 -0.00 0.00 -0.41 0.08 0.33 -0.46 0.09 -0.14 -0.50 0.10 -0.16 -0.50 0.10 -0.16 0.32 -0.04 0.66 0.27 -0.04 0.56 3.50 3.25 -2.36 -2.86 -4.88 90.99 7.24 8.68 2.00 -3.67 18.21 -2.64 -0.31 14.01 -0.26 -8.07 5.57 4.68 -10.70 7.32 8.48 0.00 -0.00 -0.00 2.00 -0.01 0.17 -0.01 -0.11 3.22 -0.00 -0.06 1.60 0.00 -0.00 -0.00 0.00 0.00 0.20 0.00 -0.00 3.66 0.00 -0.00 1.82 0.00 -0.00 -0.00 -2.00 0.01 0.32 0.02 0.18 5.29 0.01 0.09 2.64 0.00 -0.00 -0.00 -4.00 0.01 0.21 0.02 0.26 3.79 0.01 0.13 1.88 1.36 3.48 -2.02 -7.52 -6.64 -85.80 -6.15 10.62 -2.93 3.27 13.35 6.05 -0.08 2.86 -0.08 0.88 1.15 -1.29 1.26 1.75 -1.96 0.00 0.00 0.00 -2.00 -0.01 -0.18 0.01 -0.12 -3.30 0.01 -0.06 -1.64 0.00 0.00 0.00 -0.00 0.00 -0.24 0.00 -0.00 -4.19 -0.00 0.00 -2.08 0.00 0.00 0.00 2.00 0.01 -0.41 -0.03 0.22 -6.43 -0.02 0.11 -3.22 0.00 0.00 0.00 4.00 0.01 -0.17 -0.01 0.23 -3.27 -0.01 0.11 -1.62
-57.6093 -0.1720 -61.9156 106.34 -0.19 0.04 -0.52 2.69 -0.81 0.35 1.88 0.01 0.11 -4.52 0.73 0.00 0.00 0.00 0.02 3.20 -0.55 0.06 0.81 0.00 -0.13 -3.89 0.51 -0.00 -0.00 0.00 -0.41 0.08 0.33 -0.46 0.09 -0.14 -0.50 0.10 -0.16 -0.50 0.10 -0.16 0.32 -0.04 0.66 0.27 -0.04 0.56 3.50 3.25 -2.36 -2.84 -4.87 91.01 7.25 8.69 2.03 -3.66 18.21 -2.67 -0.31 14.02 -0.26 -8.07 5.58 4.69 -10.70 7.32 8.48 -0.00 0.00 -0.00 2.00 -0.01 0.17 -0.01 -0.11 3.23 -0.00 -0.06 1.60 -0.00 0.00 -0.00 -0.00 -0.00 0.20 -0.00 -0.00 3.66 -0.00 0.00 1.82 -0.00 0.00 -0.00 -2.00 0.01 0.32 0.02 0.18 5.30 0.01 0.09 2.64 -0.00 0.00 -0.00 -4.00 0.01 0.21 0.02 0.26 3.79 0.01 0.13 1.88 1.36 3.47 -2.02 -7.44 -6.63 -85.82 -6.16 10.62 -2.93 3.26 13.33 6.04 -0.08 2.85 -0.08 0.88 1.15 -1.29 1.27 1.74 -1.96 0.00 -0.00 -0.00 -2.00 -0.01 -0.18 0.01 -0.12 -3.30 0.01 -0.06 -1.64 0.00 -0.00 -0.00 -0.00 0.00 -0.24 0.00 -0.00 -4.18 0.00 -0.00 -2.08 0.00 -0.00 -0.00 2.00 0.01 -0.41 -0.03 0.22 -6.43 -0.02 0.11 -3.22 0.00 -0.00 -0.00 4.00 0.01 -0.17 -0.01 0.23 -3.27 -0.01 0.11 -1.62
-57.6102 -0.1713 -61.9134 106.34 -0.19 0.04 -0.52 2.69 -0.80 0.35 1.88 0.01 0.11 -4.52 0.73 0.00 0.00 0.00 0.02 3.20 -0.55 0.06 0.81 0.00 -0.14 -3.89 0.51 -0.00 0.00 -0.00 -0.41 0.08 0.33 -0.46 0.09 -0.14 -0.50 0.10 -0.16 -0.50 0.10 -0.16 0.32 -0.04 0.66 0.27 -0.04 0.56 3.50 3.24 -2.36 -2.81 -4.87 91.02 7.25 8.69 2.06 -3.66 18.21 -2.70 -0.31 14.03 -0.26 -8.07 5.58 4.69 -10.70 7.33 8.50 0.00 -0.00 0.00 2.00 -0.01 0.17 -0.01 -0.11 3.23 -0.00 -0.06 1.60 0.00 -0.00 0.00 0.00 -0.00 0.20 -0.00 0.00 3.67 -0.00 0.00 1.82 0.00 -0.00 0.00 -2.00 0.01 0.32 0.02 0.18 5.31 0.01 0.09 2.65 0.00 -0.00 0.00 -4.00 0.01 0.21 0.02 0.26 3.80 0.01 0.13 1.88 1.36 3.46 -2.02 -7.37 -6.62 -85.84 -6.17 10.61 -2.92 3.25 13.32 6.02 -0.08 2.85 -0.08 0.88 1.15 -1.29 1.27 1.74 -1.96 -0.00 -0.00 0.00 -2.00 -0.01 -0.18 0.01 -0.12 -3.30 0.01 -0.06 -1.64 -0.00 -0.00 0.00 0.00 0.00 -0.24 0.00 0.00 -4.18 -0.00 0.00 -2.08 -0.00 -0.00 0.00 2.00 0.01 -0.41 -0.03 0.22 -6.43 -0.02 0.11 -3.22 -0.00 -0.00 0.00 4.00 0.01 -0.17 -0.01 0.23 -3.26 -0.01 0.11 -1.62
-57.6100 -0.1720 -61.9102 106.34 -0.19 0.04 -0.52 2.69 -0.80 0.35 1.88 0.01 0.11 -4.52 0.73 0.00 0.00 0.00 0.02 3.20 -0.55 0.06 0.82 0.00 -0.14 -3.90 0.51 -0.00 -0.00 -0.00 -0.41 0.08 0.33 -0.46 0.09 -0.15 -0.50 0.10 -0.16 -0.50 0.10 -0.16 0.31 -0.05 0.66 0.27 -0.04 0.56 3.50 3.23 -2.37 -2.77 -4.86 91.04 7.25 8.69 2.08 -3.65 18.21 -2.72 -0.31 14.03 -0.26 -8.07 5.58 4.70 -10.70 7.32 8.50 0.00 0.00 -0.00 2.00 -0.01 0.17 -0.01 -0.11 3.24 -0.00 -0.06 1.60 0.00 0.00 -0.00 -0.00 0.00 0.20 -0.00 0.00 3.68 -0.00 -0.00 1.83 0.00 0.00 -0.00 -2.00 0.01 0.32 0.02 0.18 5.32 0.01 0.09 2.65 0.00 0.00 -0.00 -4.00 0.01 0.21 0.02 0.27 3.80 0.01 0.13 1.89 1.36 3.46 -2.02 -7.30 -6.61 -85.86 -6.17 10.60 -2.91 3.25 13.30 6.01 -0.08 2.84 -0.08 0.88 1.15 -1.28 1.27 1.74 -1.95 0.00 -0.00 0.00 -2.00 -0.01 -0.18 0.01 -0.11 -3.30 0.01 -0.06 -1.63 0.00 -0.00 0.00 -0.00 0.00 -0.24 0.00 0.00 -4.17 0.00 0.00 -2.07 0.00 -0.00 0.00 2.00 0.01 -0.41 -0.03 0.22 -6.43 -0.02 0.11 -3.22 0.00 -0.00 0.00 4.00 0.01 -0.17 -0.01 0.23 -3.26 -0.01 0.11 -1.62
-57.6104 -0.1716 -61.9075 106.34 -0.19 0.04 -0.52 2.69 -0.80 0.35 1.88 0.01 0.11 -4.52 0.73 0.00 0.00 0.00 0.02 3.19 -0.54 0.06 0.82 0.00 -0.14 -3.90 0.51 -0.00 -0.00 -0.00 -0.41 0.08 0.33 -0.46 0.09 -0.15 -0.50 0.10 -0.16 -0.50 0.10 -0.16 0.31 -0.05 0.66 0.27 -0.04 0.56 3.50 3.23 -2.37 -2.74 -4.85 91.05 7.25 8.68 2.09 -3.64 18.21 -2.74 -0.31 14.04 -0.26 -8.08 5.59 4.70 -10.71 7.33 8.51 -0.00 0.00 -0.00 2.00 -0.01 0.17 -0.01 -0.11 3.25 -0.00 -0.06 1.61 -0.00 0.00 -0.00 0.00 -0.00 0.20 -0.00 0.00 3.69 -0.00 -0.00 1.83 -0.00 0.00 -0.00 -2.00 0.01 0.32 0.02 0.19 5.33 0.01 0.09 2.66 -0.00 0.00 -0.00 -4.00 0.01 0.21 0.02 0.27 3.81 0.01 0.13 1.89 1.36 3.46 -2.02 -7.24 -6.61 -85.87 -6.18 10.58 -2.91 3.24 13.28 6.00 -0.08 2.84 -0.08 0.88 1.15 -1.29 1.27 1.74 -1.96 -0.00 0.00 0.00 -2.00 -0.01 -0.18 0.01 -0.11 -3.30 0.01 -0.06 -1.63 -0.00 0.00 0.00 0.00 0.00 -0.23 0.00 0.00 -4.17 0.00 -0.00 -2.07 -0.00 0.00 0.00 2.00 0.01 -0.41 -0.03 0.22 -6.43 -0.02 0.11 -3.22 -0.00 0.00 0.00 4.00 0.01 -0.17 -0.01 0.23 -3.26 -0.01 0.11 -1.62
-57.6106 -0.1716 -61.9043 106.34 -0.19 0.04 -0.52 2.69 -0.80 0.35 1.88 0.01 0.11 -4.52 0.72 0.00 0.00 0.00 0.02 3.19 -0.54 0.06 0.82 0.00 -0.14 -3.90 0.50 -0.00 -0.00 -0.00 -0.41 0.08 0.33 -0.46 0.09 -0.15 -0.50 0.10 -0.16 -0.50 0.10 -0.16 0.31 -0.05 0.66 0.27 -0.04 0.57 3.50 3.22 -2.37 -2.70 -4.84 91.06 7.25 8.67 2.10 -3.63 18.21 -2.75 -0.31 14.06 -0.26 -8.09 5.59 4.70 -10.73 7.34 8.51 -0.00 0.00 -0.00 2.00 -0.01 0.17 -0.01 -0.11 3.25 -0.00 -0.06 1.61 -0.00 0.00 -0.00 -0.00 -0.00 0.20 -0.00 0.00 3.70 -0.00 0.00 1.84 -0.00 0.00 -0.00 -2.00 0.01 0.32 0.02 0.19 5.34 0.01 0.09 2.66 -0.00 0.00 -0.00 -4.00 0.01 0.21 0.02 0.27 3.81 0.01 0.13 1.89 1.36 3.45 -2.02 -7.19 -6.60 -85.88 -6.18 10.57 -2.90 3.23 13.26 5.98 -0.08 2.84 -0.08 0.89 1.15 -1.29 1.27 1.74 -1.96 0.00 0.00 0.00 -2.00 -0.01 -0.18 0.01 -0.11 -3.30 0.01 -0.06 -1.63 0.00 0.00 0.00 0.00 -0.00 -0.23 0.00 0.00 -4.17 0.00 -0.00 -2.07 0.00 0.00 0.00 2.00 0.01 -0.41 -0.03 0.22 -6.43 -0.02 0.11 -3.22 0.00 0.00 0.00 4.00 0.01 -0.17 -0.01 0.23 -3.26 -0.01 0.11 -1.62
-57.6109 -0.1723 -61.8999 106.34 -0.19 0.04 -0.52 2.69 -0.80 0.35 1.88 0.01 0.11 -4.51 0.72 0.00 0.00 0.00 0.02 3.19 -0.54 0.06 0.83 0.00 -0.14 -3.90 0.50 -0.00 0.00 0.00 -0.41 0.08 0.33 -0.46 0.09 -0.15 -0.50 0.10 -0.16 -0.50 0.10 -0.16 0.31 -0.05 0.67 0.27 -0.04 0.57 3.50 3.22 -2.37 -2.67 -4.83 91.07 7.24 8.66 2.10 -3.62 18.20 -2.76 -0.31 14.07 -0.26 -8.10 5.60 4.70 -10.74 7.34 8.51 -0.00 -0.00 0.00 2.00 -0.01 0.17 -0.01 -0.11 3.26 -0.00 -0.06 1.61 -0.00 -0.00 0.00 -0.00 -0.00 0.20 0.00 -0.00 3.71 -0.00 0.00 1.84 -0.00 -0.00 0.00 -2.00 0.01 0.32 0.02 0.19 5.34 0.01 0.09 2.67 -0.00 -0.00 0.00 -4.00 0.01 0.21 0.02 0.27 3.82 0.01 0.13 1.89 1.35 3.45 -2.02 -7.15 -6.60 -85.88 -6.19 10.56 -2.89 3.23 13.24 5.97 -0.08 2.84 -0.07 0.89 1.15 -1.29 1.27 1.74 -1.96 -0.00 0.00 0.00 -2.00 -0.01 -0.18 0.01 -0.11 -3.30 0.01 -0.06 -1.63 -0.00 0.00 0.00 0.00 -0.00 -0.23 -0.00 -0.00 -4.17 0.00 0.00 -2.07 -0.00 0.00 0.00 2.00 0.01 -0.41 -0.03 0.22 -6.43 -0.02 0.11 -3.22 -0.00 0.00 0.00 4.00 0.01 -0.17 -0.01 0.23 -3.26 -0.01 0.11 -1.62
-57.6125 -0.1718 -61.8961 106.34 -0.19 0.04 -0.52 2.69 -0.79 0.35 1.87 0.01 0.11 -4.51 0.72 0.00 0.00 0.00 0.02 3.18 -0.54 0.06 0.84 0.00 -0.14 -3.90 0.50 -0.00 -0.00 0.00 -0.41 0.08 0.34 -0.46 0.09 -0.15 -0.50 0.10 -0.16 -0.50 0.10 -0.16 0.31 -0.05 0.67 0.27 -0.04 0.57 3.50 3.21 -2.37 -2.64 -4.82 91.07 7.24 8.66 2.11 -3.61 18.20 -2.76 -0.31 14.08 -0.26 -8.11 5.60 4.69 -10.75 7.34 8.51 0.00 -0.00 -0.00 2.00 -0.01 0.17 -0.01 -0.11 3.26 -0.00 -0.06 1.61 0.00 -0.00 -0.00 0.00 -0.00 0.20 -0.00 0.00 3.71 0.00 0.00 1.84 0.00 -0.00 -0.00 -2.00 0.01 0.32 0.02 0.19 5.34 0.01 0.09 2.67 0.00 -0.00 -0.00 -4.00 0.01 0.21 0.02 0.27 3.82 0.01 0.13 1.90 1.35 3.44 -2.02 -7.12 -6.59 -85.89 -6.19 10.54 -2.89 3.22 13.23 5.97 -0.08 2.84 -0.07 0.89 1.15 -1.29 1.27 1.74 -1.96 0.00 0.00 0.00 -2.00 -0.01 -0.18 0.01 -0.11 -3.30 0.01 -0.06 -1.63 0.00 0.00 0.00 0.00 -0.00 -0.23 -0.00 0.00 -4.17 -0.00 0.00 -2.07 0.00 0.00 0.00 2.00 0.01 -0.41 -0.03 0.22 -6.43 -0.02 0.11 -3.22 0.00 0.00 0.00 4.00 0.01 -0.17 -0.01 0.23 -3.26 -0.01 0.11 -1.62
-57.6147 -0.1712 -61.8924 106.34 -0.19 0.04 -0.52 2.69 -0.79 0.35 1.87 0.01 0.11 -4.51 0.72 0.00 0.00 0.00 0.02 3.18 -0.53 0.06 0.84 0.00 -0.13 -3.90 0.50 0.00 -0.00 0.00 -0.41 0.08 0.34 -0.46 0.09 -0.15 -0.50 0.10 -0.16 -0.50 0.10 -0.16 0.31 -0.05 0.67 0.27 -0.04 0.57 3.50 3.21 -2.38 -2.60 -4.81 91.07 7.24 8.65 2.11 -3.61 18.20 -2.77 -0.31 14.07 -0.26 -8.11 5.60 4.69 -10.76 7.34 8.50 -0.00 -0.00 0.00 2.00 -0.01 0.17 -0.01 -0.11 3.26 -0.00 -0.06 1.61 -0.00 -0.00 0.00 -0.00 -0.00 0.20 -0.00 0.00 3.71 0.00 0.00 1.84 -0.00 -0.00 0.00 -2.00 0.01 0.32 0.02 0.19 5.34 0.01 0.09 2.67 -0.00 -0.00 0.00 -4.00 0.01 0.21 0.02 0.27 3.82 0.01 0.13 1.90 1.35 3.44 -2.02 -7.10 -6.59 -85.89 -6.19 10.54 -2.88 3.22 13.22 5.96 -0.08 2.84 -0.07 0.89 1.15 -1.29 1.27 1.74 -1.96 -0.00 0.00 0.00 -2.00 -0.01 -0.18 0.01 -0.11 -3.30 0.01 -0.06 -1.63 -0.00 0.00 0.00 -0.00 -0.00 -0.23 -0.00 -0.00 -4.17 0.00 0.00 -2.07 -0.00 0.00 0.00 2.00 0.01 -0.41 -0.03 0.22 -6.43 -0.02 0.11 -3.22 -0.00 0.00 0.00 4.00 0.01 -0.17 -0.01 0.23 -3.26 -0.01 0.11 -1.62
-57.6164 -0.1713 -61.8883 106.34 -0.19 0.04 -0.52 2.69 -0.79 0.35 1.86 0.01 0.11 -4.50 0.71 0.00 0.00 0.00 0.02 3.17 -0.53 0.06 0.85 0.00 -0.13 -3.90 0.50 -0.00 0.00 -0.00 -0.41 0.08 0.34 -0.46 0.09 -0.15 -0.50 0.10 -0.16 -0.50 0.10 -0.16 0.31 -0.04 0.67 0.27 -0.04 0.57 3.50 3.21 -2.38 -2.57 -4.79 91.07 7.25 8.63 2.11 -3.61 18.20 -2.77 -0.31 14.07 -0.26 -8.11 5.59 4.69 -10.76 7.33 8.50 -0.00 -0.00 0.00 2.00 -0.01 0.17 -0.01 -0.11 3.26 -0.00 -0.06 1.61 -0.00 -0.00 0.00 -0.00 -0.00 0.20 -0.00 0.00 3.71 -0.00 0.00 1.84 -0.00 -0.00 0.00 -2.00 0.01 0.32 0.02 0.19 5.34 0.01 0.09 2.67 -0.00 -0.00 0.00 -4.00 0.01 0.21 0.02 0.27 3.82 0.01 0.13 1.90 1.35 3.43 -2.02 -7.09 -6.59 -85.89 -6.19 10.53 -2.88 3.22 13.21 5.95 -0.08 2.84 -0.07 0.89 1.15 -1.29 1.27 1.74 -1.96 0.00 0.00 0.00 -2.00 -0.01 -0.18 0.01 -0.11 -3.30 0.01 -0.06 -1.63 0.00 0.00 0.00 0.00 0.00 -0.23 -0.00 -0.00 -4.17 -0.00 -0.00 -2.07 0.00 0.00 0.00 2.00 0.01 -0.41 -0.03 0.22 -6.43 -0.02 0.11 -3.22 0.00 0.00 0.00 4.00 0.01 -0.17 -0.01 0.23 -3.26 -0.01 0.11 -1.62
-57.6178 -0.1717 -61.8845 106.34 -0.19 0.04 -0.52 2.69 -0.79 0.35 1.86 0.01 0.11 -4.50 0.71 0.00 0.00 0.00 0.02 3.17 -0.53 0.06 0.86 0.00 -0.13 -3.91 0.49 0.00 -0.00 -0.00 -0.41 0.08 0.34 -0.46 0.09 -0.15 -0.50 0.10 -0.16 -0.50 0.10 -0.16 0.31 -0.04 0.67 0.27 -0.04 0.57 3.50 3.20 -2.38 -2.53 -4.78 91.07 7.25 8.61 2.11 -3.60 18.21 -2.77 -0.31 14.07 -0.26 -8.11 5.59 4.69 -10.76 7.33 8.50 0.00 0.00 0.00 2.00 -0.01 0.17 -0.01 -0.11 3.26 -0.00 -0.06 1.61 0.00 0.00 0.00 -0.00 0.00 0.20 0.00 0.00 3.70 -0.00 0.00 1.84 0.00 0.00 0.00 -2.00 0.01 0.32 0.02 0.19 5.34 0.01 0.09 2.66 0.00 0.00 0.00 -4.00 0.01 0.21 0.02 0.27 3.82 0.01 0.13 1.90 1.35 3.43 -2.02 -7.08 -6.58 -85.89 -6.19 10.53 -2.88 3.22 13.20 5.95 -0.08 2.84 -0.07 0.89 1.15 -1.29 1.27 1.74 -1.96 0.00 0.00 -0.00 -2.00 -0.01 -0.18 0.01 -0.11 -3.30 0.01 -0.06 -1.63 0.00 0.00 -0.00 0.00 -0.00 -0.23 -0.00 -0.00 -4.17 0.00 0.00 -2.07 0.00 0.00 -0.00 2.00 0.01 -0.41 -0.03 0.22 -6.43 -0.02 0.11 -3.22 0.00 0.00 -0.00 4.00 0.01 -0.17 -0.01 0.23 -3.26 -0.01 0.11 -1.62
-57.6192 -0.1715 -61.8815 106.34 -0.19 0.04 -0.52 2.69 -0.79 0.35 1.86 0.01 0.11 -4.50 0.71 0.00 0.00 0.00 0.02 3.16 -0.53 0.06 0.86 0.00 -0.13 -3.91 0.49 -0.00 0.00 0.00 -0.41 0.08 0.34 -0.46 0.09 -0.15 -0.50 0.10 -0.16 -0.50 0.10 -0.16 0.31 -0.04 0.67 0.27 -0.04 0.57 3.50 3.20 -2.38 -2.50 -4.77 91.07 7.25 8.60 2.11 -3.60 18.21 -2.77 -0.31 14.07 -0.26 -8.11 5.59 4.69 -10.76 7.33 8.50 0.00 0.00 0.00 2.00 -0.01 0.17 -0.01 -0.11 3.26 -0.00 -0.06 1.61 0.00 0.00 0.00 -0.00 -0.00 0.20 -0.00 0.00 3.70 -0.00 -0.00 1.84 0.00 0.00 0.00 -2.00 0.01 0.32 0.02 0.19 5.34 0.01 0.09 2.66 0.00 0.00 0.00 -4.00 0.01 0.21 0.02 0.27 3.82 0.01 0.13 1.90 1.35 3.42 -2.03 -7.07 -6.58 -85.90 -6.19 10.52 -2.87 3.22 13.20 5.94 -0.08 2.84 -0.07 0.89 1.15 -1.29 1.27 1.74 -1.96 0.00 0.00 -0.00 -2.00 -0.01 -0.18 0.01 -0.11 -3.30 0.01 -0.06 -1.63 0.00 0.00 -0.00 0.00 -0.00 -0.23 -0.00 -0.00 -4.17 0.00 0.00 -2.07 0.00 0.00 -0.00 2.00 0.01 -0.41 -0.03 0.22 -6.43 -0.02 0.11 -3.22 0.00 0.00 -0.00 4.00 0.01 -0.17 -0.01 0.23 -3.26 -0.01 0.11 -1.62
-57.6201 -0.1716 -61.8791 106.34 -0.19 0.04 -0.52 2.69 -0.78 0.35 1.86 0.01 0.11 -4.50 0.71 0.00 0.00 0.00 0.02 3.16 -0.53 0.06 0.87 0.00 -0.13 -3.91 0.49 -0.00 0.00 0.00 -0.41 0.08 0.35 -0.46 0.09 -0.15 -0.50 0.10 -0.16 -0.50 0.10 -0.16 0.31 -0.04 0.67 0.27 -0.04 0.57 3.50 3.20 -2.38 -2.48 -4.76 91.07 7.25 8.58 2.11 -3.60 18.22 -2.77 -0.31 14.07 -0.26 -8.11 5.59 4.69 -10.76 7.33 8.50 0.00 0.00 -0.00 2.00 -0.01 0.17 -0.01 -0.11 3.26 -0.00 -0.06 1.61 0.00 0.00 -0.00 -0.00 -0.00 0.20 0.00 0.00 3.70 -0.00 0.00 1.84 0.00 0.00 -0.00 -2.00 0.01 0.32 0.02 0.19 5.34 0.01 0.09 2.66 0.00 0.00 -0.00 -4.00 0.01 0.21 0.02 0.27 3.82 0.01 0.13 1.90 1.36 3.42 -2.03 -7.06 -6.58 -85.90 -6.18 10.52 -2.87 3.22 13.19 5.93 -0.08 2.84 -0.07 0.89 1.15 -1.29 1.27 1.74 -1.96 0.00 0.00 -0.00 -2.00 -0.01 -0.18 0.01 -0.11 -3.30 0.01 -0.06 -1.63 0.00 0.00 -0.00 0.00 -0.00 -0.23 -0.00 -0.00 -4.17 0.00 0.00 -2.07 0.00 0.00 -0.00 2.00 0.01 -0.41 -0.03 0.22 -6.43 -0.02 0.11 -3.22 0.00 0.00 -0.00 4.00 0.01 -0.17 -0.01 0.23 -3.26 -0.01 0.11 -1.62
-57.6210 -0.1714 -61.8770 106.35 -0.19 0.04 -0.52 2.69 -0.78 0.35 1.85 0.01 0.11 -4.49 0.71 0.00 0.00 0.00 0.02 3.16 -0.53 0.06 0.87 0.00 -0.13 -3.91 0.49 0.00 -0.00 -0.00 -0.41 0.08 0.35 -0.47 0.09 -0.15 -0.50 0.10 -0.16 -0.50 0.10 -0.16 0.31 -0.04 0.67 0.27 -0.04 0.57 3.50 3.19 -2.38 -2.47 -4.74 91.07 7.26 8.57 2.11 -3.60 18.22 -2.77 -0.31 14.07 -0.26 -8.12 5.59 4.69 -10.76 7.33 8.50 -0.00 0.00 0.00 2.00 -0.01 0.17 -0.01 -0.11 3.26 -0.00 -0.06 1.61 -0.00 0.00 0.00 0.00 0.00 0.20 -0.00 -0.00 3.70 0.00 -0.00 1.84 -0.00 0.00 0.00 -2.00 0.01 0.32 0.02 0.19 5.35 0.01 0.09 2.67 -0.00 0.00 0.00 -4.00 0.01 0.21 0.02 0.27 3.82 0.01 0.13 1.90 1.36 3.42 -2.03 -7.06 -6.58 -85.90 -6.18 10.52 -2.86 3.22 13.19 5.93 -0.08 2.84 -0.07 0.89 1.15 -1.29 1.27 1.74 -1.96 0.00 0.00 -0.00 -2.00 -0.01 -0.18 0.01 -0.11 -3.30 0.01 -0.06 -1.63 0.00 0.00 -0.00 0.00 -0.00 -0.23 -0.00 -0.00 -4.17 0.00 0.00 -2.07 0.00 0.00 -0.00 2.00 0.01 -0.41 -0.03 0.22 -6.43 -0.02 0.11 -3.22 0.00 0.00 -0.00 4.00 0.01 -0.17 -0.01 0.23 -3.26 -0.01 0.11 -1.62
-57.6220 -0.1710 -61.8750 106.35 -0.19 0.04 -0.52 2.69 -0.78 0.35 1.85 0.01 0.11 -4.49 0.71 0.00 0.00 0.00 0.02 3.15 -0.53 0.06 0.88 0.00 -0.13 -3.91 0.49 -0.00 0.00 -0.00 -0.41 0.08 0.35 -0.47 0.09 -0.15 -0.50 0.10 -0.16 -0.50 0.10 -0.16 0.31 -0.04 0.67 0.27 -0.04 0.57 3.50 3.19 -2.38 -2.45 -4.72 91.07 7.26 8.56 2.11 -3.59 18.22 -2.78 -0.31 14.07 -0.26 -8.12 5.59 4.69 -10.76 7.33 8.50 -0.00 0.00 0.00 2.00 -0.01 0.17 -0.01 -0.11 3.26 -0.00 -0.06 1.61 -0.00 0.00 0.00 0.00 -0.00 0.20 0.00 0.00 3.71 -0.00 0.00 1.84 -0.00 0.00 0.00 -2.00 0.01 0.32 0.02 0.19 5.36 0.01 0.09 2.67 -0.00 0.00 0.00 -4.00 0.01 0.21 0.02 0.27 3.82 0.01 0.13 1.90 1.36 3.41 -2.03 -7.06 -6.58 -85.90 -6.18 10.52 -2.85 3.21 13.19 5.93 -0.08 2.84 -0.07 0.89 1.15 -1.29 1.27 1.74 -1.96 0.00 0.00 -0.00 -2.00 -0.01 -0.18 0.01 -0.11 -3.30 0.01 -0.06 -1.63 0.00 0.00 -0.00 0.00 -0.00 -0.23 -0.00 -0.00 -4.17 0.00 0.00 -2.07 0.00 0.00 -0.00 2.00 0.01 -0.41 -0.03 0.22 -6.43 -0.02 0.11 -3.22 0.00 0.00 -0.00 4.00 0.01 -0.17 -0.01 0.23 -3.26 -0.01 0.11 -1.62
-57.6228 -0.1707 -61.8730 106.35 -0.19 0.04 -0.52 2.69 -0.78 0.35 1.85 0.01 0.11 -4.49 0.71 0.00 0.00 0.00 0.02 3.15 -0.52 0.06 0.88 0.00 -0.13 -3.91 0.49 -0.00 -0.00 -0.00 -0.41 0.08 0.35 -0.47 0.09 -0.15 -0.50 0.10 -0.16 -0.50 0.10 -0.16 0.32 -0.04 0.67 0.27 -0.04 0.57 3.50 3.18 -2.39 -2.44 -4.71 91.08 7.26 8.56 2.12 -3.59 18.23 -2.79 -0.31 14.07 -0.26 -8.12 5.59 4.68 -10.76 7.33 8.50 -0.00 0.00 0.00 2.00 -0.01 0.17 -0.01 -0.11 3.26 -0.00 -0.06 1.61 -0.00 0.00 0.00 -0.00 0.00 0.20 0.00 -0.00 3.71 -0.00 -0.00 1.84 -0.00 0.00 0.00 -2.00 0.01 0.32 0.02 0.19 5.38 0.01 0.09 2.68 -0.00 0.00 0.00 -4.00 0.01 0.21 0.02 0.27 3.83 0.01 0.13 1.90 1.36 3.41 -2.03 -7.06 -6.58 -85.91 -6.18 10.52 -2.85 3.21 13.19 5.92 -0.08 2.84 -0.07 0.89 1.15 -1.29 1.27 1.74 -1.96 0.00 0.00 -0.00 -2.00 -0.01 -0.18 0.01 -0.11 -3.30 0.01 -0.06 -1.63 0.00 0.00 -0.00 0.00 -0.00 -0.23 -0.00 -0.00 -4.17 0.00 0.00 -2.07 0.00 0.00 -0.00 2.00 0.01 -0.41 -0.03 0.22 -6.43 -0.02 0.11 -3.22 0.00 0.00 -0.00 4.00 0.01 -0.17 -0.01 0.23 -3.26 -0.01 0.11 -1.62
-57.6238 -0.1705 -61.8702 106.35 -0.19 0.04 -0.52 2.69 -0.78 0.35 1.85 0.01 0.11 -4.49 0.71 0.00 0.00 0.00 0.02 3.15 -0.52 0.06 0.88 0.00 -0.13 -3.91 0.49 -0.00 0.00 -0.00 -0.41 0.08 0.35 -0.47 0.09 -0.15 -0.50 0.10 -0.16 -0.50 0.10 -0.16 0.32 -0.04 0.67 0.27 -0.04 0.57 3.50 3.17 -2.39 -2.44 -4.69 91.08 7.27 8.55 2.12 -3.58 18.23 -2.80 -0.31 14.07 -0.26 -8.12 5.59 4.68 -10.76 7.33 8.50 -0.00 0.00 0.00 2.00 -0.01 0.17 -0.01 -0.11 3.26 -0.00 -0.06 1.61 -0.00 0.00 0.00 -0.00 -0.00 0.20 0.00 -0.00 3.72 -0.00 -0.00 1.85 -0.00 0.00 0.00 -2.00 0.01 0.33 0.02 0.19 5.40 0.01 0.09 2.69 -0.00 0.00 0.00 -4.00 0.01 0.21 0.02 0.27 3.83 0.01 0.13 1.90 1.36 3.40 -2.03 -7.05 -6.58 -85.91 -6.17 10.51 -2.84 3.21 13.18 5.92 -0.08 2.84 -0.07 0.89 1.15 -1.29 1.27 1.74 -1.96 0.00 0.00 -0.00 -2.00 -0.01 -0.18 0.01 -0.11 -3.30 0.01 -0.06 -1.63 0.00 0.00 -0.00 0.00 -0.00 -0.23 -0.00 0.00 -4.17 0.00 0.00 -2.07 0.00 0.00 -0.00 2.00 0.01 -0.41 -0.03 0.22 -6.43 -0.02 0.11 -3.22 0.00 0.00 -0.00 4.00 0.01 -0.17 -0.01 0.23 -3.26 -0.01 0.11 -1.62
-57.6253 -0.1702 -61.8669 106.35 -0.19 0.04 -0.52 2.69 -0.78 0.35 1.85 0.01 0.11 -4.49 0.70 0.00 0.00 0.00 0.02 3.15 -0.52 0.06 0.88 0.00 -0.13 -3.91 0.48 0.00 0.00 -0.00 -0.42 0.08 0.36 -0.47 0.09 -0.15 -0.50 0.10 -0.16 -0.50 0.10 -0.16 0.32 -0.04 0.67 0.27 -0.04 0.57 3.50 3.17 -2.39 -2.43 -4.66 91.09 7.27 8.55 2.12 -3.57 18.23 -2.82 -0.31 14.07 -0.26 -8.12 5.59 4.69 -10.76 7.33 8.50 -0.00 0.00 0.00 2.00 -0.01 0.17 -0.01 -0.11 3.26 -0.00 -0.06 1.61 -0.00 0.00 0.00 0.00 -0.00 0.20 0.00 0.00 3.73 0.00 -0.00 1.85 -0.00 0.00 0.00 -2.00 0.01 0.33 0.02 0.19 5.41 0.01 0.09 2.70 -0.00 0.00 0.00 -4.00 0.01 0.21 0.02 0.27 3.83 0.01 0.13 1.90 1.36 3.40 -2.03 -7.05 -6.57 -85.91 -6.17 10.51 -2.84 3.21 13.17 5.92 -0.08 2.84 -0.07 0.89 1.15 -1.28 1.27 1.74 -1.95 -0.00 0.00 -0.00 -2.00 -0.01 -0.18 0.01 -0.11 -3.29 0.01 -0.06 -1.63 -0.00 0.00 -0.00 -0.00 0.00 -0.23 0.00 0.00 -4.16 -0.00 0.00 -2.07 -0.00 0.00 -0.00 2.00 0.01 -0.41 -0.03 0.22 -6.43 -0.02 0.11 -3.22 -0.00 0.00 -0.00 4.00 0.01 -0.17 -0.01 0.23 -3.26 -0.01 0.11 -1.61
-57.6268 -0.1701 -61.8635 106.35 -0.19 0.04 -0.52 2.69 -0.78 0.35 1.85 0.01 0.11 -4.49 0.70 0.00 0.00 0.00 0.02 3.15 -0.52 0.06 0.88 0.00 -0.13 -3.91 0.48 -0.00 -0.00 0.00 -0.42 0.08 0.36 -0.47 0.09 -0.15 -0.50 0.10 -0.16 -0.50 0.10 -0.16 0.31 -0.04 0.67 0.27 -0.04 0.57 3.50 3.16 -2.39 -2.43 -4.64 91.10 7.27 8.55 2.13 -3.56 18.24 -2.83 -0.31 14.07 -0.26 -8.12 5.60 4.69 -10.77 7.33 8.50 0.00 0.00 -0.00 2.00 -0.01 0.17 -0.01 -0.11 3.26 -0.00 -0.06 1.62 0.00 0.00 -0.00 0.00 -0.00 0.20 -0.00 0.00 3.73 0.00 -0.00 1.85 0.00 0.00 -0.00 -2.00 0.01 0.33 0.02 0.19 5.42 0.01 0.09 2.70 0.00 0.00 -0.00 -4.00 0.01 0.21 0.02 0.27 3.83 0.01 0.13 1.90 1.35 3.39 -2.04 -7.05 -6.57 -85.91 -6.17 10.50 -2.83 3.21 13.16 5.91 -0.08 2.84 -0.07 0.89 1.15 -1.28 1.27 1.74 -1.95 -0.00 0.00 0.00 -2.00 -0.01 -0.18 0.01 -0.11 -3.29 0.01 -0.06 -1.63 -0.00 0.00 0.00 0.00 0.00 -0.23 -0.00 0.00 -4.16 0.00 -0.00 -2.07 -0.00 0.00 0.00 2.00 0.01 -0.41 -0.03 0.22 -6.43 -0.02 0.11 -3.22 -0.00 0.00 0.00 4.00 0.01 -0.17 -0.01 0.23 -3.26 -0.01 0.11 -1.61
-57.6287 -0.1693 -61.8609 106.35 -0.19 0.04 -0.52 2.69 -0.77 0.35 1.85 0.01 0.11 -4.48 0.70 0.00 0.00 0.00 0.02 3.15 -0.52 0.06 0.88 0.00 -0.13 -3.91 0.48 -0.00 -0.00 0.00 -0.42 0.08 0.36 -0.47 0.09 -0.15 -0.50 0.10 -0.16 -0.50 0.10 -0.16 0.31 -0.04 0.67 0.27 -0.04 0.57 3.50 3.16 -2.39 -2.42 -4.63 91.11 7.27 8.55 2.13 -3.56 18.24 -2.85 -0.31 14.08 -0.26 -8.13 5.60 4.69 -10.77 7.34 8.51 -0.00 -0.00 0.00 2.00 -0.01 0.17 -0.01 -0.11 3.27 -0.00 -0.06 1.62 -0.00 -0.00 0.00 -0.00 -0.00 0.21 -0.00 0.00 3.74 -0.00 0.00 1.86 -0.00 -0.00 0.00 -2.00 0.01 0.33 0.02 0.19 5.43 0.01 0.09 2.71 -0.00 -0.00 0.00 -4.00 0.01 0.21 0.02 0.27 3.84 0.01 0.13 1.90 1.35 3.39 -2.04 -7.04 -6.56 -85.92 -6.16 10.50 -2.82 3.21 13.15 5.91 -0.08 2.84 -0.07 0.89 1.15 -1.28 1.27 1.74 -1.95 0.00 0.00 0.00 -2.00 -0.01 -0.18 0.01 -0.11 -3.29 0.01 -0.06 -1.63 0.00 0.00 0.00 -0.00 -0.00 -0.23 0.00 0.00 -4.16 0.00 0.00 -2.07 0.00 0.00 0.00 2.00 0.01 -0.41 -0.03 0.22 -6.43 -0.02 0.11 -3.22 0.00 0.00 0.00 4.00 0.01 -0.17 -0.01 0.23 -3.26 -0.01 0.11 -1.61
-57.6310 -0.1685 -61.8580 106.35 -0.19 0.04 -0.52 2.69 -0.77 0.35 1.85 0.01 0.11 -4.48 0.70 0.00 0.00 0.00 0.02 3.15 -0.52 0.06 0.88 0.00 -0.13 -3.91 0.48 -0.00 0.00 -0.00 -0.42 0.08 0.36 -0.47 0.09 -0.15 -0.50 0.10 -0.17 -0.50 0.10 -0.17 0.31 -0.04 0.67 0.27 -0.04 0.57 3.50 3.15 -2.40 -2.42 -4.61 91.12 7.28 8.56 2.14 -3.55 18.24 -2.86 -0.31 14.10 -0.26 -8.13 5.60 4.70 -10.78 7.34 8.52 -0.00 0.00 -0.00 2.00 -0.01 0.18 -0.01 -0.11 3.28 -0.01 -0.06 1.62 -0.00 0.00 -0.00 -0.00 0.00 0.21 -0.00 0.00 3.75 -0.00 -0.00 1.86 -0.00 0.00 -0.00 -2.00 0.01 0.33 0.02 0.19 5.45 0.01 0.09 2.72 -0.00 0.00 -0.00 -4.00 0.01 0.21 0.02 0.27 3.84 0.01 0.13 1.91 1.35 3.38 -2.04 -7.02 -6.55 -85.92 -6.16 10.49 -2.81 3.21 13.14 5.90 -0.08 2.84 -0.07 0.88 1.15 -1.28 1.27 1.74 -1.95 -0.00 0.00 -0.00 -2.00 -0.01 -0.18 0.01 -0.11 -3.28 0.01 -0.06 -1.63 -0.00 0.00 -0.00 -0.00 0.00 -0.23 0.00 0.00 -4.15 0.00 -0.00 -2.06 -0.00 0.00 -0.00 2.00 0.01 -0.41 -0.03 0.22 -6.43 -0.02 0.11 -3.22 -0.00 0.00 -0.00 4.00 0.01 -0.17 -0.01 0.23 -3.26 -0.01 0.11 -1.61
-57.6327 -0.1686 -61.8548 106.35 -0.19 0.04 -0.52 2.69 -0.77 0.35 1.85 0.01 0.11 -4.48 0.70 0.00 0.00 0.00 0.02 3.14 -0.51 0.06 0.88 0.00 -0.13 -3.91 0.48 -0.00 -0.00 -0.00 -0.42 0.08 0.36 -0.47 0.09 -0.15 -0.50 0.10 -0.17 -0.50 0.10 -0.17 0.31 -0.04 0.67 0.27 -0.03 0.57 3.50 3.15 -2.40 -2.42 -4.60 91.13 7.29 8.58 2.14 -3.54 18.25 -2.87 -0.31 14.10 -0.26 -8.13 5.61 4.70 -10.78 7.35 8.53 -0.00 0.00 -0.00 2.00 -0.01 0.18 -0.01 -0.11 3.29 -0.01 -0.06 1.63 -0.00 0.00 -0.00 -0.00 0.00 0.21 -0.00 0.00 3.77 -0.00 -0.00 1.87 -0.00 0.00 -0.00 -2.00 0.01 0.33 0.02 0.19 5.47 0.01 0.09 2.73 -0.00 0.00 -0.00 -4.00 0.01 0.21 0.02 0.27 3.85 0.01 0.13 1.91 1.35 3.38 -2.05 -6.99 -6.55 -85.93 -6.16 10.49 -2.81 3.21 13.14 5.89 -0.08 2.84 -0.07 0.88 1.15 -1.28 1.27 1.74 -1.95 -0.00 0.00 -0.00 -2.00 -0.01 -0.18 0.01 -0.11 -3.28 0.01 -0.06 -1.63 -0.00 0.00 -0.00 -0.00 0.00 -0.23 0.00 -0.00 -4.15 0.00 0.00 -2.06 -0.00 0.00 -0.00 2.00 0.01 -0.41 -0.03 0.22 -6.43 -0.02 0.11 -3.22 -0.00 0.00 -0.00 4.00 0.01 -0.17 -0.01 0.23 -3.25 -0.01 0.11 -1.61
-57.6339 -0.1684 -61.8521 106.35 -0.19 0.04 -0.52 2.69 -0.77 0.36 1.85 0.01 0.10 -4.48 0.70 0.00 0.00 0.00 0.02 3.14 -0.51 0.06 0.89 0.00 -0.13 -3.91 0.48 -0.00 0.00 0.00 -0.42 0.08 0.37 -0.47 0.09 -0.15 -0.50 0.10 -0.17 -0.50 0.10 -0.17 0.31 -0.04 0.68 0.27 -0.03 0.58 3.50 3.15 -2.40 -2.42 -4.58 91.14 7.29 8.59 2.15 -3.53 18.25 -2.87 -0.31 14.11 -0.25 -8.13 5.61 4.71 -10.78 7.35 8.54 0.00 0.00 0.00 2.00 -0.01 0.18 -0.01 -0.11 3.30 -0.01 -0.06 1.63 0.00 0.00 0.00 -0.00 -0.00 0.21 -0.00 0.00 3.78 -0.00 0.00 1.88 0.00 0.00 0.00 -2.00 0.01 0.33 0.02 0.19 5.49 0.01 0.09 2.74 0.00 0.00 0.00 -4.00 0.01 0.21 0.02 0.27 3.86 0.01 0.13 1.92 1.35 3.37 -2.05 -6.95 -6.54 -85.94 -6.15 10.49 -2.81 3.21 13.14 5.89 -0.08 2.84 -0.07 0.88 1.15 -1.28 1.27 1.74 -1.95 0.00 -0.00 0.00 -2.00 -0.01 -0.18 0.01 -0.11 -3.28 0.01 -0.06 -1.63 0.00 -0.00 0.00 0.00 -0.00 -0.23 0.00 0.00 -4.15 -0.00 0.00 -2.06 0.00 -0.00 0.00 2.00 0.01 -0.41 -0.03 0.22 -6.43 -0.02 0.11 -3.22 0.00 -0.00 0.00 4.00 0.01 -0.17 -0.01 0.23 -3.25 -0.01 0.11 -1.61
-57.6337 -0.1684 -61.8489 106.35 -0.19 0.04 -0.52 2.69 -0.77 0.37 1.85 0.01 0.09 -4.48 0.69 0.00 0.00 0.00 0.02 3.14 -0.51 0.06 0.89 0.00 -0.13 -3.91 0.47 0.00 0.00 0.00 -0.42 0.08 0.37 -0.47 0.09 -0.15 -0.50 0.10 -0.17 -0.50 0.10 -0.17 0.31 -0.04 0.68 0.27 -0.03 0.58 3.50 3.14 -2.41 -2.42 -4.57 91.14 7.29 8.60 2.15 -3.53 18.25 -2.88 -0.31 14.11 -0.25 -8.13 5.61 4.71 -10.78 7.35 8.54 -0.00 0.00 0.00 2.00 -0.01 0.18 -0.01 -0.12 3.30 -0.01 -0.06 1.64 -0.00 0.00 0.00 -0.00 0.00 0.21 -0.00 -0.00 3.79 -0.00 0.00 1.88 -0.00 0.00 0.00 -2.00 0.01 0.33 0.02 0.19 5.51 0.01 0.09 2.75 -0.00 0.00 0.00 -4.00 0.01 0.21 0.02 0.27 3.87 0.01 0.13 1.92 1.35 3.37 -2.05 -6.91 -6.54 -85.94 -6.15 10.49 -2.81 3.21 13.15 5.89 -0.08 2.84 -0.07 0.88 1.15 -1.28 1.27 1.74 -1.95 0.00 0.00 -0.00 -2.00 -0.01 -0.18 0.01 -0.11 -3.28 0.01 -0.06 -1.63 0.00 0.00 -0.00 0.00 0.00 -0.23 0.00 -0.00 -4.15 0.00 0.00 -2.06 0.00 0.00 -0.00 2.00 0.01 -0.41 -0.03 0.22 -6.43 -0.02 0.11 -3.22 0.00 0.00 -0.00 4.00 0.01 -0.17 -0.01 0.23 -3.25 -0.01 0.11 -1.61
-57.6327 -0.1687 -61.8459 106.35 -0.20 0.04 -0.52 2.69 -0.76 0.39 1.85 0.01 0.06 -4.48 0.69 0.00 0.00 0.00 0.02 3.14 -0.51 0.06 0.89 0.00 -0.13 -3.92 0.47 0.00 0.00 -0.00 -0.42 0.08 0.37 -0.46 0.09 -0.15 -0.50 0.10 -0.17 -0.50 0.10 -0.17 0.31 -0.04 0.68 0.27 -0.03 0.58 3.50 3.14 -2.41 -2.42 -4.57 91.15 7.30 8.61 2.16 -3.52 18.25 -2.89 -0.31 14.11 -0.25 -8.13 5.61 4.71 -10.77 7.35 8.54 -0.00 -0.00 0.00 2.00 -0.01 0.18 -0.01 -0.12 3.31 -0.01 -0.06 1.64 -0.00 -0.00 0.00 0.00 -0.00 0.21 0.00 -0.00 3.79 -0.00 -0.00 1.88 -0.00 -0.00 0.00 -2.00 0.01 0.33 0.02 0.19 5.51 0.01 0.09 2.75 -0.00 -0.00 0.00 -4.00 0.01 0.21 0.02 0.27 3.87 0.01 0.13 1.92 1.35 3.36 -2.06 -6.88 -6.54 -85.94 -6.15 10.49 -2.80 3.21 13.15 5.88 -0.08 2.84 -0.07 0.88 1.15 -1.28 1.27 1.74 -1.95 -0.00 0.00 0.00 -2.00 -0.01 -0.18 0.01 -0.11 -3.28 0.01 -0.06 -1.62 -0.00 0.00 0.00 0.00 -0.00 -0.23 0.00 0.00 -4.15 -0.00 -0.00 -2.06 -0.00 0.00 0.00 2.00 0.01 -0.41 -0.03 0.22 -6.43 -0.02 0.11 -3.22 -0.00 0.00 0.00 4.00 0.01 -0.17 -0.01 0.23 -3.25 -0.01 0.11 -1.61
-57.6308 -0.1687 -61.8440 106.35 -0.20 0.04 -0.52 2.69 -0.76 0.42 1.85 0.01 0.03 -4.48 0.69 0.00 0.00 0.00 0.02 3.14 -0.51 0.05 0.90 0.00 -0.12 -3.92 0.47 -0.00 -0.00 0.00 -0.42 0.08 0.37 -0.47 0.09 -0.16 -0.50 0.10 -0.17 -0.50 0.10 -0.17 0.31 -0.04 0.68 0.27 -0.03 0.58 3.50 3.14 -2.41 -2.42 -4.56 91.15 7.30 8.62 2.16 -3.52 18.26 -2.90 -0.31 14.11 -0.26 -8.13 5.61 4.71 -10.78 7.35 8.54 0.00 0.00 -0.00 2.00 -0.01 0.18 -0.01 -0.12 3.30 -0.01 -0.06 1.64 0.00 0.00 -0.00 0.00 0.00 0.21 -0.00 -0.00 3.80 0.00 -0.00 1.88 0.00 0.00 -0.00 -2.00 0.01 0.33 0.02 0.19 5.51 0.01 0.09 2.75 0.00 0.00 -0.00 -4.00 0.01 0.21 0.02 0.27 3.87 0.01 0.13 1.92 1.35 3.36 -2.06 -6.85 -6.54 -85.95 -6.15 10.50 -2.80 3.21 13.16 5.88 -0.08 2.84 -0.07 0.88 1.15 -1.28 1.27 1.74 -1.95 0.00 0.00 0.00 -2.00 -0.01 -0.18 0.01 -0.11 -3.28 0.01 -0.06 -1.62 0.00 0.00 0.00 -0.00 -0.00 -0.23 0.00 0.00 -4.15 -0.00 -0.00 -2.06 0.00 0.00 0.00 2.00 0.01 -0.41 -0.03 0.22 -6.43 -0.02 0.11 -3.22 0.00 0.00 0.00 4.00 0.01 -0.17 -0.01 0.23 -3.25 -0.01 0.11 -1.61
-57.6280 -0.1684 -61.8434 106.35 -0.20 0.04 -0.52 2.69 -0.76 0.46 1.85 0.01 -0.00 -4.48 0.69 0.00 0.00 0.00 0.02 3.13 -0.51 0.03 0.91 0.00 -0.11 -3.93 0.47 -0.00 -0.00 -0.00 -0.42 0.08 0.37 -0.47 0.09 -0.16 -0.50 0.10 -0.17 -0.50 0.10 -0.17 0.31 -0.04 0.68 0.27 -0.03 0.58 3.50 3.14 -2.41 -2.42 -4.55 91.16 7.30 8.63 2.16 -3.52 18.27 -2.91 -0.31 14.11 -0.26 -8.13 5.61 4.71 -10.78 7.35 8.54 -0.00 -0.00 -0.00 2.00 -0.01 0.18 -0.01 -0.12 3.30 -0.01 -0.06 1.64 -0.00 -0.00 -0.00 0.00 -0.00 0.21 0.00 -0.00 3.80 -0.00 0.00 1.88 -0.00 -0.00 -0.00 -2.00 0.01 0.33 0.02 0.19 5.52 0.01 0.10 2.75 -0.00 -0.00 -0.00 -4.00 0.01 0.21 0.02 0.27 3.87 0.01 0.13 1.92 1.35 3.36 -2.06 -6.83 -6.53 -85.95 -6.15 10.50 -2.80 3.21 13.16 5.88 -0.08 2.84 -0.07 0.88 1.15 -1.28 1.27 1.74 -1.95 -0.00 0.00 -0.00 -2.00 -0.01 -0.18 0.01 -0.11 -3.28 0.01 -0.06 -1.62 -0.00 0.00 -0.00 0.00 -0.00 -0.23 -0.00 0.00 -4.15 0.00 -0.00 -2.06 -0.00 0.00 -0.00 2.00 0.01 -0.41 -0.03 0.22 -6.43 -0.02 0.11 -3.22 -0.00 0.00 -0.00 4.00 0.01 -0.17 -0.01 0.23 -3.25 -0.01 0.11 -1.61
-57.6246 -0.1688 -61.8429 106.35 -0.20 0.04 -0.52 2.69 -0.76 0.50 1.86 0.01 -0.04 -4.49 0.69 0.00 0.00 0.00 0.02 3.13 -0.51 0.01 0.92 0.00 -0.08 -3.93 0.47 0.00 0.00 -0.00 -0.42 0.08 0.37 -0.47 0.09 -0.16 -0.50 0.10 -0.17 -0.50 0.10 -0.17 0.31 -0.03 0.68 0.27 -0.03 0.58 3.50 3.14 -2.41 -2.41 -4.55 91.16 7.30 8.65 2.16 -3.52 18.27 -2.92 -0.31 14.10 -0.26 -8.13 5.61 4.71 -10.78 7.35 8.54 0.00 0.00 0.00 2.00 -0.01 0.18 -0.01 -0.12 3.30 -0.01 -0.06 1.64 0.00 0.00 0.00 -0.00 0.00 0.21 0.00 -0.00 3.80 -0.00 -0.00 1.88 0.00 0.00 0.00 -2.00 0.01 0.33 0.02 0.19 5.52 0.01 0.10 2.75 0.00 0.00 0.00 -4.00 0.01 0.21 0.02 0.27 3.87 0.01 0.13 1.92 1.35 3.36 -2.06 -6.82 -6.53 -85.95 -6.15 10.50 -2.79 3.21 13.17 5.87 -0.08 2.84 -0.07 0.88 1.15 -1.28 1.27 1.74 -1.95 -0.00 0.00 -0.00 -2.00 -0.01 -0.18 0.01 -0.11 -3.28 0.01 -0.06 -1.62 -0.00 0.00 -0.00 0.00 -0.00 -0.23 -0.00 0.00 -4.15 0.00 -0.00 -2.06 -0.00 0.00 -0.00 2.00 0.01 -0.41 -0.03 0.22 -6.43 -0.02 0.11 -3.22 -0.00 0.00 -0.00 4.00 0.01 -0.17 -0.01 0.23 -3.25 -0.01 0.11 -1.61
-57.6210 -0.1693 -61.8435 106.35 -0.20 0.04 -0.52 2.69 -0.76 0.54 1.86 0.01 -0.09 -4.49 0.69 0.00 0.00 0.00 0.02 3.13 -0.51 -0.03 0.93 -0.00 -0.04 -3.94 0.47 -0.00 0.00 0.00 -0.42 0.08 0.37 -0.47 0.09 -0.16 -0.50 0.10 -0.17 -0.50 0.10 -0.17 0.31 -0.03 0.68 0.27 -0.03 0.58 3.50 3.14 -2.41 -2.41 -4.54 91.17 7.29 8.66 2.16 -3.51 18.27 -2.93 -0.31 14.10 -0.26 -8.13 5.61 4.71 -10.78 7.35 8.54 -0.00 -0.00 0.00 2.00 -0.01 0.18 -0.01 -0.12 3.31 -0.01 -0.06 1.64 -0.00 -0.00 0.00 -0.00 -0.00 0.21 -0.00 0.00 3.81 0.00 0.00 1.89 -0.00 -0.00 0.00 -2.00 0.01 0.34 0.02 0.19 5.53 0.01 0.10 2.76 -0.00 -0.00 0.00 -4.00 0.01 0.21 0.02 0.27 3.87 0.01 0.13 1.92 1.35 3.35 -2.07 -6.80 -6.53 -85.95 -6.15 10.49 -2.79 3.21 13.18 5.86 -0.08 2.84 -0.07 0.88 1.15 -1.28 1.27 1.74 -1.95 -0.00 0.00 -0.00 -2.00 -0.01 -0.18 0.01 -0.11 -3.28 0.01 -0.06 -1.62 -0.00 0.00 -0.00 0.00 -0.00 -0.23 -0.00 0.00 -4.15 0.00 -0.00 -2.06 -0.00 0.00 -0.00 2.00 0.01 -0.41 -0.03 0.22 -6.43 -0.02 0.11 -3.22 -0.00 0.00 -0.00 4.00 0.01 -0.17 -0.01 0.23 -3.25 -0.01 0.11 -1.61
-57.6172 -0.1696 -61.8441 106.35 -0.20 0.04 -0.52 2.69 -0.76 0.58 1.87 0.01 -0.12 -4.50 0.69 0.00 0.00 0.00 0.02 3.13 -0.51 -0.07 0.94 -0.00 -0.00 -3.95 0.47 0.00 0.00 -0.00 -0.42 0.08 0.37 -0.47 0.09 -0.16 -0.50 0.10 -0.17 -0.50 0.10 -0.17 0.31 -0.03 0.68 0.27 -0.03 0.58 3.50 3.13 -2.41 -2.41 -4.53 91.18 7.28 8.67 2.15 -3.49 18.27 -2.93 -0.31 14.10 -0.26 -8.13 5.61 4.71 -10.78 7.35 8.54 -0.00 0.00 -0.00 2.00 -0.01 0.18 -0.01 -0.12 3.31 -0.01 -0.06 1.64 -0.00 0.00 -0.00 0.00 0.00 0.21 -0.00 -0.00 3.81 -0.00 0.00 1.89 -0.00 0.00 -0.00 -2.00 0.01 0.34 0.02 0.19 5.54 0.01 0.10 2.76 -0.00 0.00 -0.00 -4.00 0.02 0.21 0.02 0.27 3.87 0.01 0.13 1.92 1.35 3.35 -2.07 -6.78 -6.53 -85.95 -6.14 10.49 -2.78 3.21 13.20 5.86 -0.08 2.84 -0.07 0.88 1.15 -1.28 1.27 1.74 -1.95 -0.00 0.00 -0.00 -2.00 -0.01 -0.18 0.01 -0.11 -3.28 0.01 -0.06 -1.62 -0.00 0.00 -0.00 0.00 -0.00 -0.23 -0.00 0.00 -4.15 0.00 -0.00 -2.06 -0.00 0.00 -0.00 2.00 0.01 -0.41 -0.03 0.22 -6.43 -0.02 0.11 -3.22 -0.00 0.00 -0.00 4.00 0.01 -0.17 -0.01 0.23 -3.25 -0.01 0.11 -1.61
-57.6130 -0.1705 -61.8445 106.35 -0.20 0.04 -0.52 2.69 -0.76 0.61 1.87 0.01 -0.16 -4.50 0.69 0.00 0.00 0.00 0.02 3.12 -0.51 -0.11 0.95 -0.00 0.04 -3.96 0.47 -0.00 0.00 0.00 -0.42 0.08 0.37 -0.47 0.09 -0.16 -0.50 0.10 -0.17 -0.50 0.10 -0.17 0.31 -0.03 0.68 0.27 -0.03 0.58 3.50 3.13 -2.41 -2.41 -4.53 91.19 7.28 8.68 2.15 -3.48 18.28 -2.93 -0.31 14.10 -0.26 -8.13 5.61 4.71 -10.78 7.35 8.54 -0.00 0.00 0.00 2.00 -0.01 0.18 -0.01 -0.12 3.31 -0.01 -0.06 1.64 -0.00 0.00 0.00 0.00 -0.00 0.21 -0.00 0.00 3.82 -0.00 -0.00 1.89 -0.00 0.00 0.00 -2.00 0.01 0.34 0.02 0.19 5.54 0.01 0.10 2.77 -0.00 0.00 0.00 -4.00 0.02 0.21 0.02 0.27 3.88 0.01 0.13 1.92 1.35 3.34 -2.08 -6.76 -6.53 -85.95 -6.14 10.49 -2.77 3.21 13.21 5.85 -0.08 2.84 -0.07 0.88 1.15 -1.28 1.27 1.74 -1.95 -0.00 -0.00 -0.00 -2.00 -0.01 -0.18 0.01 -0.11 -3.28 0.01 -0.06 -1.63 -0.00 -0.00 -0.00 0.00 0.00 -0.23 -0.00 -0.00 -4.15 0.00 0.00 -2.06 -0.00 -0.00 -0.00 2.00 0.01 -0.41 -0.03 0.22 -6.43 -0.02 0.11 -3.22 -0.00 -0.00 -0.00 4.00 0.01 -0.17 -0.01 0.23 -3.25 -0.01 0.11 -1.61
-57.6093 -0.1706 -61.8455 106.35 -0.20 0.04 -0.52 2.69 -0.76 0.64 1.88 0.01 -0.19 -4.51 0.69 0.00 0.00 0.00 0.02 3.12 -0.51 -0.14 0.96 -0.00 0.07 -3.96 0.47 -0.00 -0.00 0.00 -0.42 0.08 0.37 -0.47 0.09 -0.16 -0.50 0.10 -0.17 -0.50 0.10 -0.17 0.31 -0.03 0.68 0.27 -0.03 0.58 3.50 3.13 -2.42 -2.41 -4.52 91.19 7.27 8.68 2.14 -3.47 18.28 -2.93 -0.31 14.10 -0.26 -8.13 5.61 4.71 -10.78 7.35 8.54 -0.00 0.00 0.00 2.00 -0.01 0.18 -0.01 -0.12 3.31 -0.01 -0.06 1.64 -0.00 0.00 0.00 0.00 0.00 0.21 -0.00 -0.00 3.82 -0.00 0.00 1.90 -0.00 0.00 0.00 -2.00 0.01 0.34 0.02 0.19 5.55 0.01 0.10 2.77 -0.00 0.00 0.00 -4.00 0.02 0.21 0.02 0.27 3.88 0.01 0.13 1.92 1.35 3.34 -2.08 -6.73 -6.53 -85.96 -6.13 10.49 -2.76 3.21 13.23 5.85 -0.08 2.85 -0.07 0.88 1.15 -1.28 1.27 1.74 -1.95 0.00 0.00 0.00 -2.00 -0.01 -0.18 0.01 -0.11 -3.28 0.01 -0.06 -1.63 0.00 0.00 0.00 0.00 -0.00 -0.23 0.00 0.00 -4.15 -0.00 0.00 -2.06 0.00 0.00 0.00 2.00 0.01 -0.41 -0.03 0.22 -6.44 -0.02 0.11 -3.22 0.00 0.00 0.00 4.00 0.01 -0.17 -0.01 0.23 -3.25 -0.01 0.11 -1.61
-57.6059 -0.1704 -61.8466 106.35 -0.20 0.04 -0.52 2.69 -0.76 0.67 1.88 0.01 -0.22 -4.51 0.69 0.00 0.00 0.00 0.02 3.12 -0.51 -0.17 0.96 -0.00 0.10 -3.97 0.47 0.00 0.00 0.00 -0.42 0.08 0.38 -0.47 0.09 -0.16 -0.50 0.10 -0.17 -0.50 0.10 -0.17 0.31 -0.03 0.68 0.27 -0.02 0.58 3.50 3.12 -2.42 -2.41 -4.51 91.20 7.26 8.69 2.14 -3.46 18.28 -2.93 -0.31 14.10 -0.26 -8.13 5.61 4.71 -10.78 7.35 8.54 -0.00 0.00 0.00 2.00 -0.01 0.18 -0.01 -0.12 3.31 -0.01 -0.06 1.64 -0.00 0.00 0.00 0.00 -0.00 0.21 0.00 0.00 3.82 -0.00 -0.00 1.90 -0.00 0.00 0.00 -2.00 0.01 0.34 0.02 0.19 5.55 0.01 0.10 2.77 -0.00 0.00 0.00 -4.00 0.02 0.21 0.02 0.27 3.88 0.01 0.13 1.92 1.34 3.34 -2.08 -6.69 -6.54 -85.97 -6.11 10.50 -2.75 3.21 13.24 5.84 -0.08 2.85 -0.07 0.88 1.15 -1.28 1.27 1.74 -1.95 -0.00 -0.00 0.00 -2.00 -0.01 -0.18 0.01 -0.11 -3.28 0.01 -0.06 -1.63 -0.00 -0.00 0.00 0.00 -0.00 -0.23 -0.00 0.00 -4.15 -0.00 -0.00 -2.06 -0.00 -0.00 0.00 2.00 0.01 -0.41 -0.03 0.22 -6.44 -0.02 0.11 -3.22 -0.00 -0.00 0.00 4.00 0.01 -0.17 -0.01 0.23 -3.25 -0.01 0.11 -1.61
-57.6028 -0.1708 -61.8463 106.35 -0.20 0.04 -0.52 2.69 -0.76 0.71 1.89 0.01 -0.25 -4.52 0.69 0.00 0.00 0.00 0.02 3.12 -0.51 -0.20 0.97 -0.00 0.13 -3.97 0.47 0.00 -0.00 -0.00 -0.42 0.08 0.38 -0.47 0.09 -0.16 -0.50 0.10 -0.17 -0.50 0.10 -0.17 0.31 -0.03 0.69 0.26 -0.02 0.58 3.50 3.12 -2.42 -2.41 -4.50 91.21 7.25 8.70 2.13 -3.44 18.27 -2.93 -0.31 14.10 -0.26 -8.13 5.61 4.71 -10.78 7.35 8.54 -0.00 0.00 0.00 2.00 -0.01 0.18 -0.01 -0.12 3.31 -0.01 -0.06 1.64 -0.00 0.00 0.00 -0.00 0.00 0.21 0.00 -0.00 3.82 -0.00 0.00 1.90 -0.00 0.00 0.00 -2.00 0.01 0.34 0.02 0.19 5.55 0.01 0.10 2.77 -0.00 0.00 0.00 -4.00 0.02 0.21 0.02 0.27 3.88 0.01 0.13 1.92 1.34 3.33 -2.09 -6.65 -6.55 -85.99 -6.09 10.51 -2.74 3.20 13.25 5.83 -0.08 2.85 -0.07 0.88 1.15 -1.28 1.26 1.75 -1.95 -0.00 -0.00 -0.00 -2.00 -0.01 -0.18 0.01 -0.11 -3.28 0.01 -0.06 -1.63 -0.00 -0.00 -0.00 -0.00 -0.00 -0.23 -0.00 0.00 -4.15 0.00 0.00 -2.06 -0.00 -0.00 -0.00 2.00 0.01 -0.41 -0.03 0.22 -6.44 -0.02 0.11 -3.22 -0.00 -0.00 -0.00 4.00 0.01 -0.17 -0.01 0.23 -3.25 -0.01 0.11 -1.61
-57.6002 -0.1707 -61.8464 106.35 -0.20 0.04 -0.52 2.69 -0.76 0.75 1.89 0.01 -0.29 -4.52 0.69 0.00 0.00 0.00 0.02 3.12 -0.50 -0.23 0.98 -0.00 0.16 -3.98 0.47 0.00 -0.00 0.00 -0.42 0.08 0.38 -0.47 0.09 -0.16 -0.50 0.10 -0.17 -0.50 0.10 -0.17 0.31 -0.03 0.69 0.26 -0.02 0.58 3.50 3.12 -2.42 -2.41 -4.50 91.21 7.24 8.71 2.11 -3.43 18.27 -2.92 -0.31 14.10 -0.26 -8.13 5.61 4.71 -10.78 7.35 8.54 -0.00 0.00 0.00 2.00 -0.01 0.18 -0.01 -0.12 3.31 -0.01 -0.06 1.64 -0.00 0.00 0.00 -0.00 0.00 0.21 0.00 -0.00 3.82 -0.00 -0.00 1.90 -0.00 0.00 0.00 -2.00 0.01 0.34 0.02 0.19 5.55 0.01 0.10 2.77 -0.00 0.00 0.00 -4.00 0.02 0.21 0.02 0.27 3.88 0.01 0.13 1.93 1.34 3.33 -2.09 -6.59 -6.56 -86.00 -6.08 10.51 -2.72 3.20 13.26 5.82 -0.08 2.85 -0.08 0.87 1.15 -1.28 1.25 1.75 -1.95 -0.00 -0.00 -0.00 -2.00 -0.01 -0.18 0.01 -0.11 -3.28 0.01 -0.06 -1.63 -0.00 -0.00 -0.00 -0.00 0.00 -0.23 0.00 -0.00 -4.15 -0.00 -0.00 -2.06 -0.00 -0.00 -0.00 2.00 0.01 -0.41 -0.03 0.22 -6.43 -0.02 0.11 -3.22 -0.00 -0.00 -0.00 4.00 0.01 -0.17 -0.01 0.23 -3.24 -0.01 0.11 -1.61
-57.5966 -0.1714 -61.8471 106.35 -0.20 0.04 -0.52 2.69 -0.76 0.78 1.90 0.01 -0.32 -4.53 0.69 0.00 0.00 0.00 0.02 3.11 -0.50 -0.26 0.99 -0.00 0.18 -3.99 0.47 -0.00 -0.00 0.00 -0.42 0.08 0.38 -0.47 0.09 -0.16 -0.50 0.10 -0.17 -0.50 0.10 -0.17 0.31 -0.02 0.69 0.26 -0.02 0.59 3.50 3.12 -2.41 -2.41 -4.49 91.22 7.23 8.71 2.10 -3.41 18.26 -2.92 -0.31 14.10 -0.26 -8.13 5.61 4.71 -10.78 7.35 8.54 -0.00 0.00 0.00 2.00 -0.01 0.18 -0.01 -0.12 3.31 -0.01 -0.06 1.64 -0.00 0.00 0.00 0.00 0.00 0.21 -0.00 -0.00 3.82 0.00 -0.00 1.90 -0.00 0.00 0.00 -2.00 0.01 0.34 0.02 0.19 5.55 0.01 0.10 2.77 -0.00 0.00 0.00 -4.00 0.02 0.21 0.02 0.27 3.88 0.01 0.13 1.93 1.34 3.33 -2.09 -6.53 -6.57 -86.02 -6.06 10.51 -2.70 3.20 13.27 5.79 -0.08 2.85 -0.08 0.87 1.15 -1.28 1.24 1.74 -1.94 0.00 0.00 0.00 -2.00 -0.01 -0.18 0.01 -0.11 -3.28 0.01 -0.06 -1.62 0.00 0.00 0.00 0.00 -0.00 -0.23 0.00 0.00 -4.15 0.00 0.00 -2.06 0.00 0.00 0.00 2.00 0.01 -0.41 -0.03 0.22 -6.42 -0.02 0.11 -3.22 0.00 0.00 0.00 4.00 0.01 -0.17 -0.01 0.23 -3.24 -0.01 0.11 -1.60
-57.5931 -0.1720 -61.8480 106.35 -0.20 0.04 -0.52 2.69 -0.76 0.81 1.90 0.01 -0.35 -4.53 0.69 0.00 0.00 0.00 0.02 3.11 -0.51 -0.29 1.00 -0.00 0.21 -3.99 0.47 0.00 0.00 -0.00 -0.42 0.08 0.38 -0.46 0.09 -0.16 -0.50 0.10 -0.17 -0.50 0.10 -0.17 0.31 -0.02 0.69 0.26 -0.02 0.59 3.51 3.12 -2.40 -2.42 -4.49 91.21 7.21 8.71 2.07 -3.38 18.27 -2.90 -0.31 14.10 -0.26 -8.13 5.61 4.71 -10.78 7.35 8.54 -0.00 0.00 0.00 2.00 -0.01 0.18 -0.01 -0.12 3.31 -0.01 -0.06 1.64 -0.00 0.00 0.00 -0.00 0.00 0.21 -0.00 -0.00 3.82 0.00 0.00 1.90 -0.00 0.00 0.00 -2.00 0.01 0.34 0.02 0.19 5.55 0.01 0.10 2.77 -0.00 0.00 0.00 -4.00 0.02 0.22 0.02 0.27 3.88 0.01 0.13 1.93 1.34 3.33 -2.09 -6.44 -6.58 -86.04 -6.03 10.50 -2.67 3.19 13.29 5.75 -0.08 2.84 -0.08 0.86 1.15 -1.27 1.23 1.74 -1.94 -0.00 -0.00 -0.00 -2.00 -0.01 -0.18 0.01 -0.11 -3.28 0.01 -0.06 -1.62 -0.00 -0.00 -0.00 0.00 0.00 -0.23 0.00 0.00 -4.15 0.00 -0.00 -2.06 -0.00 -0.00 -0.00 2.00 0.01 -0.41 -0.03 0.22 -6.42 -0.02 0.11 -3.21 -0.00 -0.00 -0.00 4.00 0.01 -0.17 -0.01 0.23 -3.24 -0.01 0.11 -1.60
-57.5904 -0.1722 -61.8494 106.35 -0.20 0.04 -0.52 2.69 -0.76 0.84 1.91 0.01 -0.38 -4.53 0.69 0.00 0.00 0.00 0.02 3.11 -0.51 -0.31 1.01 -0.00 0.24 -4.00 0.47 0.00 -0.00 -0.00 -0.42 0.08 0.38 -0.47 0.09 -0.16 -0.50 0.10 -0.17 -0.50 0.10 -0.17 0.31 -0.02 0.69 0.26 -0.02 0.59 3.52 3.12 -2.38 -2.45 -4.49 91.19 7.19 8.71 2.04 -3.35 18.28 -2.87 -0.31 14.10 -0.26 -8.13 5.61 4.71 -10.77 7.35 8.54 0.00 -0.00 0.00 2.00 -0.01 0.18 -0.01 -0.12 3.31 -0.01 -0.06 1.64 0.00 -0.00 0.00 0.00 0.00 0.21 0.00 0.00 3.82 0.00 -0.00 1.90 0.00 -0.00 0.00 -2.00 0.01 0.34 0.02 0.19 5.55 0.01 0.10 2.77 0.00 -0.00 0.00 -4.00 0.02 0.22 0.02 0.27 3.89 0.01 0.13 1.93 1.34 3.33 -2.10 -6.34 -6.59 -86.07 -6.00 10.45 -2.63 3.17 13.31 5.71 -0.08 2.82 -0.08 0.85 1.14 -1.27 1.22 1.73 -1.93 0.00 0.00 0.00 -2.00 -0.01 -0.17 0.01 -0.11 -3.27 0.01 -0.06 -1.62 0.00 0.00 0.00 0.00 0.00 -0.23 0.00 0.00 -4.14 0.00 0.00 -2.06 0.00 0.00 0.00 2.00 0.01 -0.41 -0.03 0.22 -6.41 -0.02 0.11 -3.21 0.00 0.00 0.00 4.00 0.01 -0.17 -0.01 0.23 -3.23 -0.01 0.11 -1.60
-57.5886 -0.1719 -61.8509 106.35 -0.20 0.04 -0.52 2.69 -0.76 0.86 1.91 0.01 -0.40 -4.54 0.69 0.00 0.00 0.00 0.02 3.11 -0.51 -0.34 1.01 -0.00 0.27 -4.00 0.47 0.00 0.00 -0.00 -0.42 0.08 0.38 -0.47 0.09 -0.16 -0.50 0.10 -0.17 -0.50 0.10 -0.17 0.31 -0.02 0.69 0.26 -0.02 0.59 3.54 3.12 -2.35 -2.48 -4.49 91.16 7.16 8.71 2.00 -3.32 18.30 -2.85 -0.31 14.10 -0.26 -8.12 5.61 4.71 -10.77 7.35 8.53 -0.00 0.00 -0.00 2.00 -0.01 0.18 -0.01 -0.12 3.31 -0.01 -0.06 1.64 -0.00 0.00 -0.00 -0.00 0.00 0.21 -0.00 0.00 3.82 0.00 -0.00 1.89 -0.00 0.00 -0.00 -2.00 0.01 0.34 0.02 0.19 5.54 0.01 0.10 2.77 -0.00 0.00 -0.00 -4.00 0.02 0.22 0.02 0.27 3.89 0.01 0.13 1.93 1.34 3.33 -2.10 -6.23 -6.61 -86.09 -5.95 10.38 -2.58 3.14 13.32 5.66 -0.08 2.80 -0.08 0.85 1.13 -1.26 1.21 1.72 -1.92 0.00 -0.00 0.00 -2.00 -0.01 -0.17 0.01 -0.11 -3.25 0.00 -0.06 -1.61 0.00 -0.00 0.00 0.00 -0.00 -0.23 0.00 0.00 -4.13 0.00 0.00 -2.05 0.00 -0.00 0.00 2.00 0.01 -0.41 -0.03 0.22 -6.39 -0.02 0.11 -3.20 0.00 -0.00 0.00 4.00 0.01 -0.17 -0.01 0.23 -3.23 -0.01 0.11 -1.60
-57.5861 -0.1723 -61.8515 106.35 -0.20 0.04 -0.52 2.69 -0.76 0.88 1.91 0.01 -0.42 -4.54 0.69 0.00 0.00 0.00 0.02 3.11 -0.51 -0.36 1.02 -0.00 0.28 -4.01 0.47 0.00 -0.00 -0.00 -0.42 0.08 0.38 -0.47 0.09 -0.16 -0.50 0.10 -0.17 -0.50 0.10 -0.17 0.31 -0.02 0.69 0.26 -0.01 0.59 3.58 3.12 -2.30 -2.53 -4.49 91.11 7.13 8.72 1.96 -3.30 18.32 -2.83 -0.31 14.09 -0.26 -8.12 5.60 4.71 -10.76 7.35 8.53 0.00 0.00 0.00 2.00 -0.01 0.18 -0.01 -0.11 3.30 -0.01 -0.06 1.64 0.00 0.00 0.00 0.00 -0.00 0.21 0.00 0.00 3.81 0.00 0.00 1.89 0.00 0.00 0.00 -2.00 0.01 0.34 0.02 0.19 5.54 0.01 0.10 2.77 0.00 0.00 0.00 -4.00 0.02 0.22 0.02 0.27 3.89 0.01 0.13 1.93 1.34 3.33 -2.10 -6.09 -6.63 -86.11 -5.90 10.29 -2.51 3.12 13.34 5.61 -0.08 2.78 -0.08 0.84 1.13 -1.25 1.21 1.70 -1.91 0.00 0.00 -0.00 -2.00 -0.01 -0.17 0.01 -0.11 -3.24 0.00 -0.06 -1.60 0.00 0.00 -0.00 -0.00 -0.00 -0.23 0.00 0.00 -4.12 0.00 0.00 -2.04 0.00 0.00 -0.00 2.00 0.01 -0.41 -0.03 0.22 -6.38 -0.02 0.11 -3.19 0.00 0.00 -0.00 4.00 0.01 -0.17 -0.01 0.23 -3.23 -0.01 0.11 -1.60
-57.5828 -0.1727 -61.8523 106.35 -0.20 0.04 -0.52 2.69 -0.76 0.90 1.92 0.02 -0.44 -4.54 0.69 0.00 0.00 0.00 0.02 3.10 -0.51 -0.38 1.03 -0.00 0.30 -4.01 0.47 -0.00 0.00 0.00 -0.42 0.08 0.38 -0.47 0.09 -0.16 -0.50 0.10 -0.17 -0.50 0.10 -0.17 0.31 -0.01 0.69 0.26 -0.01 0.59 3.62 3.12 -2.24 -2.60 -4.51 91.03 7.11 8.71 1.92 -3.27 18.35 -2.79 -0.31 14.08 -0.26 -8.11 5.60 4.71 -10.74 7.34 8.53 -0.00 -0.00 -0.00 2.00 -0.01 0.18 -0.01 -0.11 3.30 -0.01 -0.06 1.63 -0.00 -0.00 -0.00 0.00 0.00 0.21 -0.00 0.00 3.81 0.00 0.00 1.89 -0.00 -0.00 -0.00 -2.00 0.01 0.34 0.02 0.19 5.55 0.01 0.10 2.77 -0.00 -0.00 -0.00 -4.00 0.02 0.22 0.02 0.27 3.90 0.01 0.13 1.93 1.34 3.33 -2.11 -5.91 -6.66 -86.11 -5.82 10.22 -2.44 3.09 13.37 5.55 -0.09 2.77 -0.08 0.84 1.12 -1.25 1.20 1.70 -1.90 -0.00 0.00 0.00 -2.00 -0.01 -0.17 0.01 -0.11 -3.22 0.00 -0.06 -1.59 -0.00 0.00 0.00 0.00 -0.00 -0.23 0.00 0.00 -4.11 0.00 0.00 -2.04 -0.00 0.00 0.00 2.00 0.01 -0.40 -0.03 0.22 -6.37 -0.02 0.11 -3.19 -0.00 0.00 0.00 4.00 0.01 -0.17 -0.01 0.22 -3.22 -0.01 0.11 -1.60
-57.5797 -0.1727 -61.8542 106.35 -0.20 0.04 -0.52 2.69 -0.76 0.93 1.92 0.02 -0.47 -4.55 0.69 0.00 0.00 0.00 0.02 3.10 -0.51 -0.40 1.03 -0.00 0.33 -4.02 0.47 -0.00 0.00 -0.00 -0.42 0.08 0.38 -0.47 0.09 -0.16 -0.50 0.10 -0.17 -0.50 0.10 -0.17 0.31 -0.01 0.69 0.26 -0.01 0.59 3.67 3.14 -2.18 -2.68 -4.53 90.93 7.09 8.71 1.89 -3.24 18.38 -2.76 -0.31 14.06 -0.26 -8.10 5.59 4.71 -10.73 7.33 8.53 -0.00 -0.00 -0.00 2.00 -0.01 0.18 -0.01 -0.11 3.30 -0.01 -0.06 1.63 -0.00 -0.00 -0.00 -0.00 -0.00 0.21 0.00 -0.00 3.81 0.00 -0.00 1.89 -0.00 -0.00 -0.00 -2.00 0.01 0.34 0.02 0.19 5.56 0.01 0.10 2.77 -0.00 -0.00 -0.00 -4.00 0.02 0.22 0.02 0.27 3.90 0.01 0.13 1.93 1.35 3.34 -2.14 -5.71 -6.71 -86.09 -5.74 10.15 -2.36 3.05 13.39 5.48 -0.09 2.76 -0.08 0.83 1.12 -1.25 1.19 1.69 -1.90 0.00 0.00 0.00 -2.00 -0.01 -0.17 0.01 -0.11 -3.20 0.00 -0.06 -1.58 0.00 0.00 0.00 0.00 0.00 -0.23 0.00 0.00 -4.09 0.00 0.00 -2.03 0.00 0.00 0.00 2.00 0.01 -0.40 -0.03 0.22 -6.35 -0.02 0.11 -3.18 0.00 0.00 0.00 4.00 0.01 -0.17 -0.01 0.22 -3.22 -0.01 0.11 -1.59
-57.5760 -0.1738 -61.8559 106.35 -0.20 0.04 -0.52 2.69 -0.76 0.95 1.93 0.02 -0.49 -4.55 0.69 0.00 0.00 0.00 0.02 3.10 -0.51 -0.42 1.04 -0.00 0.35 -4.03 0.47 -0.00 -0.00 0.00 -0.42 0.08 0.38 -0.47 0.09 -0.16 -0.51 0.10 -0.17 -0.51 0.10 -0.17 0.32 -0.01 0.69 0.27 -0.01 0.59 3.74 3.17 -2.12 -2.77 -4.57 90.81 7.08 8.68 1.86 -3.20 18.40 -2.71 -0.31 14.03 -0.26 -8.08 5.58 4.71 -10.71 7.33 8.53 -0.00 -0.00 0.00 2.00 -0.01 0.18 -0.01 -0.11 3.29 -0.01 -0.06 1.63 -0.00 -0.00 0.00 0.00 -0.00 0.21 0.00 0.00 3.81 0.00 0.00 1.89 -0.00 -0.00 0.00 -2.00 0.01 0.34 0.02 0.19 5.57 0.01 0.10 2.78 -0.00 -0.00 0.00 -4.00 0.02 0.22 0.02 0.27 3.90 0.01 0.13 1.93 1.36 3.37 -2.17 -5.49 -6.77 -86.04 -5.67 10.10 -2.29 3.02 13.41 5.39 -0.09 2.74 -0.09 0.81 1.11 -1.24 1.16 1.68 -1.88 0.00 0.00 0.00 -2.00 -0.01 -0.17 0.01 -0.11 -3.18 0.00 -0.05 -1.57 0.00 0.00 0.00 0.00 -0.00 -0.23 0.00 0.00 -4.08 0.00 0.00 -2.02 0.00 0.00 0.00 2.00 0.01 -0.40 -0.03 0.22 -6.33 -0.02 0.11 -3.17 0.00 0.00 0.00 4.00 0.01 -0.17 -0.01 0.22 -3.21 -0.01 0.11 -1.59
-57.5733 -0.1737 -61.8580 106.35 -0.20 0.04 -0.53 2.69 -0.76 0.96 1.93 0.02 -0.51 -4.56 0.69 0.00 0.00 0.00 0.02 3.10 -0.51 -0.44 1.05 -0.00 0.37 -4.03 0.47 -0.00 -0.00 -0.00 -0.42 0.08 0.38 -0.47 0.09 -0.16 -0.51 0.10 -0.17 -0.51 0.10 -0.17 0.33 -0.01 0.69 0.28 -0.00 0.59 3.82 3.21 -2.04 -2.92 -4.64 90.64 7.06 8.67 1.86 -3.16 18.43 -2.65 -0.31 14.01 -0.26 -8.06 5.57 4.72 -10.69 7.32 8.53 0.00 0.00 -0.00 2.00 -0.01 0.18 -0.01 -0.11 3.29 -0.01 -0.06 1.63 0.00 0.00 -0.00 0.00 0.00 0.21 0.00 0.00 3.82 0.00 0.00 1.90 0.00 0.00 -0.00 -2.00 0.01 0.34 0.02 0.19 5.58 0.01 0.10 2.79 0.00 0.00 -0.00 -4.00 0.02 0.22 0.02 0.27 3.90 0.01 0.13 1.93 1.38 3.40 -2.23 -5.26 -6.84 -85.95 -5.59 10.04 -2.21 2.97 13.44 5.28 -0.09 2.73 -0.09 0.80 1.10 -1.23 1.14 1.67 -1.87 -0.00 -0.00 0.00 -2.00 -0.01 -0.17 0.01 -0.11 -3.15 0.00 -0.05 -1.56 -0.00 -0.00 0.00 0.00 0.00 -0.23 0.00 0.00 -4.05 0.00 0.00 -2.01 -0.00 -0.00 0.00 2.00 0.01 -0.40 -0.03 0.22 -6.30 -0.02 0.11 -3.15 -0.00 -0.00 0.00 4.00 0.01 -0.17 -0.01 0.22 -3.20 -0.01 0.11 -1.59
-57.5714 -0.1733 -61.8596 106.36 -0.20 0.04 -0.53 2.69 -0.76 0.98 1.93 0.02 -0.52 -4.56 0.69 0.00 0.00 0.00 0.01 3.10 -0.51 -0.46 1.05 -0.00 0.39 -4.03 0.47 -0.00 0.00 0.00 -0.43 0.08 0.38 -0.48 0.09 -0.16 -0.52 0.10 -0.17 -0.52 0.10 -0.17 0.34 -0.00 0.69 0.29 -0.00 0.59 3.92 3.27 -1.95 -3.10 -4.74 90.43 7.05 8.62 1.85 -3.11 18.46 -2.57 -0.31 13.97 -0.26 -8.04 5.56 4.72 -10.65 7.31 8.53 -0.00 -0.00 -0.00 2.00 -0.01 0.18 -0.01 -0.11 3.29 -0.01 -0.06 1.63 -0.00 -0.00 -0.00 0.00 0.00 0.21 0.00 0.00 3.83 0.00 -0.00 1.90 -0.00 -0.00 -0.00 -2.00 0.01 0.34 0.02 0.19 5.61 0.01 0.10 2.80 -0.00 -0.00 -0.00 -4.00 0.02 0.22 0.02 0.27 3.90 0.01 0.13 1.94 1.42 3.45 -2.30 -5.00 -6.93 -85.79 -5.52 9.97 -2.13 2.90 13.51 5.12 -0.10 2.71 -0.09 0.78 1.10 -1.22 1.11 1.66 -1.86 0.00 -0.00 -0.00 -2.00 -0.01 -0.17 0.01 -0.11 -3.13 0.00 -0.05 -1.55 0.00 -0.00 -0.00 0.00 -0.00 -0.22 0.00 0.00 -4.02 0.00 -0.00 -2.00 0.00 -0.00 -0.00 2.00 0.01 -0.40 -0.03 0.22 -6.26 -0.02 0.11 -3.13 0.00 -0.00 -0.00 4.00 0.01 -0.17 -0.01 0.22 -3.19 -0.01 0.11 -1.58
-57.5697 -0.1739 -61.8596 106.36 -0.19 0.04 -0.54 2.68 -0.76 0.99 1.94 0.02 -0.53 -4.57 0.69 0.00 0.00 0.00 0.00 3.09 -0.51 -0.47 1.06 -0.00 0.40 -4.04 0.47 -0.00 -0.00 -0.00 -0.44 0.08 0.38 -0.49 0.09 -0.16 -0.53 0.10 -0.17 -0.53 0.10 -0.17 0.36 0.00 0.69 0.31 0.00 0.58 4.04 3.35 -1.85 -3.33 -4.87 90.18 7.04 8.58 1.84 -3.05 18.49 -2.48 -0.31 13.96 -0.26 -8.01 5.56 4.74 -10.61 7.31 8.55 0.00 0.00 -0.00 2.00 -0.01 0.18 -0.01 -0.11 3.30 -0.01 -0.06 1.63 0.00 0.00 -0.00 0.00 0.00 0.21 0.00 -0.00 3.85 0.00 0.00 1.91 0.00 0.00 -0.00 -2.00 0.01 0.34 0.02 0.20 5.63 0.02 0.10 2.81 0.00 0.00 -0.00 -4.00 0.02 0.22 0.02 0.27 3.90 0.01 0.13 1.94 1.45 3.51 -2.38 -4.73 -7.03 -85.59 -5.46 9.88 -2.05 2.81 13.58 4.92 -0.10 2.70 -0.10 0.76 1.09 -1.21 1.08 1.65 -1.83 0.00 0.00 0.00 -2.00 -0.01 -0.16 0.01 -0.11 -3.09 0.00 -0.05 -1.53 0.00 0.00 0.00 0.00 0.00 -0.22 0.00 0.00 -3.99 0.00 -0.00 -1.98 0.00 0.00 0.00 2.00 0.01 -0.39 -0.02 0.22 -6.22 -0.02 0.11 -3.11 0.00 0.00 0.00 4.00 0.01 -0.17 -0.01 0.22 -3.18 -0.01 0.11 -1.58
-57.5694 -0.1742 -61.8592 106.37 -0.19 0.04 -0.54 2.68 -0.76 0.99 1.95 0.02 -0.54 -4.57 0.69 0.00 0.00 0.00 -0.00 3.09 -0.51 -0.48 1.06 -0.00 0.41 -4.04 0.47 -0.00 -0.00 0.00 -0.45 0.08 0.38 -0.50 0.09 -0.16 -0.55 0.09 -0.17 -0.55 0.09 -0.17 0.38 0.00 0.68 0.33 0.00 0.58 4.16 3.43 -1.75 -3.59 -5.02 89.91 7.01 8.52 1.83 -3.00 18.52 -2.39 -0.31 13.92 -0.26 -7.98 5.55 4.75 -10.56 7.30 8.55 0.00 0.00 0.00 2.00 -0.01 0.18 -0.01 -0.12 3.31 -0.01 -0.06 1.64 0.00 0.00 0.00 0.00 0.00 0.21 0.00 -0.00 3.86 0.00 0.00 1.92 0.00 0.00 0.00 -2.00 0.01 0.35 0.02 0.20 5.65 0.02 0.10 2.82 0.00 0.00 0.00 -4.00 0.02 0.22 0.02 0.27 3.90 0.01 0.13 1.94 1.50 3.59 -2.48 -4.45 -7.15 -85.33 -5.41 9.78 -1.98 2.72 13.63 4.70 -0.10 2.68 -0.10 0.74 1.08 -1.19 1.05 1.64 -1.81 0.00 0.00 0.00 -2.00 -0.01 -0.16 0.01 -0.11 -3.06 0.00 -0.05 -1.51 0.00 0.00 0.00 0.00 0.00 -0.22 0.00 0.00 -3.96 0.00 -0.00 -1.96 0.00 0.00 0.00 2.00 0.01 -0.39 -0.02 0.21 -6.18 -0.02 0.11 -3.09 0.00 0.00 0.00 4.00 0.01 -0.17 -0.01 0.22 -3.17 -0.01 0.11 -1.57
-57.5706 -0.1739 -61.8589 106.38 -0.19 0.04 -0.54 2.67 -0.76 0.99 1.95 0.02 -0.54 -4.57 0.69 0.00 0.00 0.00 -0.01 3.09 -0.51 -0.49 1.06 -0.00 0.42 -4.03 0.47 -0.00 -0.00 -0.00 -0.46 0.08 0.39 -0.52 0.08 -0.16 -0.56 0.09 -0.17 -0.56 0.09 -0.17 0.41 0.01 0.68 0.35 0.01 0.58 4.30 3.53 -1.64 -3.90 -5.23 89.57 6.96 8.47 1.85 -2.95 18.56 -2.29 -0.31 13.89 -0.26 -7.94 5.54 4.76 -10.52 7.30 8.55 -0.00 -0.00 0.00 2.00 -0.01 0.18 -0.01 -0.12 3.31 -0.01 -0.06 1.64 -0.00 -0.00 0.00 0.00 -0.00 0.21 0.00 -0.00 3.87 0.00 -0.00 1.92 -0.00 -0.00 0.00 -2.00 0.01 0.35 0.02 0.20 5.65 0.02 0.10 2.82 -0.00 -0.00 0.00 -4.00 0.02 0.22 0.02 0.27 3.91 0.01 0.13 1.94 1.56 3.68 -2.58 -4.16 -7.28 -85.02 -5.37 9.67 -1.92 2.62 13.68 4.46 -0.10 2.67 -0.10 0.72 1.08 -1.17 1.03 1.63 -1.78 0.00 -0.00 0.00 -2.00 -0.01 -0.16 0.01 -0.11 -3.03 0.00 -0.05 -1.50 0.00 -0.00 0.00 0.00 0.00 -0.22 0.00 0.00 -3.92 0.00 0.00 -1.95 0.00 -0.00 0.00 2.00 0.01 -0.39 -0.02 0.21 -6.14 -0.02 0.11 -3.07 0.00 -0.00 0.00 4.00 0.01 -0.17 -0.01 0.22 -3.16 -0.01 0.11 -1.57
-57.5716 -0.1741 -61.8586 106.38 -0.19 0.04 -0.54 2.67 -0.76 0.99 1.96 0.02 -0.55 -4.58 0.70 0.00 0.00 0.00 -0.01 3.08 -0.51 -0.50 1.06 -0.00 0.43 -4.03 0.47 -0.00 0.00 0.00 -0.48 0.07 0.39 -0.54 0.08 -0.15 -0.58 0.09 -0.17 -0.58 0.09 -0.17 0.44 0.01 0.68 0.38 0.01 0.58 4.44 3.64 -1.53 -4.24 -5.46 89.20 6.89 8.39 1.83 -2.90 18.60 -2.17 -0.31 13.84 -0.26 -7.88 5.52 4.77 -10.43 7.29 8.55 -0.00 0.00 -0.00 2.00 -0.01 0.18 -0.01 -0.12 3.30 -0.01 -0.06 1.64 -0.00 0.00 -0.00 0.00 -0.00 0.21 0.00 -0.00 3.87 0.00 -0.00 1.92 -0.00 0.00 -0.00 -2.00 0.01 0.35 0.02 0.20 5.66 0.02 0.10 2.83 -0.00 0.00 -0.00 -4.00 0.02 0.22 0.02 0.27 3.91 0.01 0.13 1.94 1.62 3.79 -2.69 -3.84 -7.43 -84.63 -5.35 9.57 -1.89 2.51 13.73 4.17 -0.10 2.67 -0.10 0.71 1.08 -1.17 1.02 1.63 -1.77 -0.00 0.00 -0.00 -2.00 -0.01 -0.16 0.01 -0.10 -3.01 0.00 -0.05 -1.49 -0.00 0.00 -0.00 0.00 0.00 -0.22 0.00 0.00 -3.91 0.00 0.00 -1.94 -0.00 0.00 -0.00 2.00 0.01 -0.38 -0.02 0.21 -6.12 -0.02 0.11 -3.06 -0.00 0.00 -0.00 4.00 0.01 -0.17 -0.01 0.22 -3.16 -0.01 0.11 -1.56
-57.5727 -0.1739 -61.8587 106.39 -0.19 0.05 -0.54 2.66 -0.76 0.99 1.97 0.02 -0.55 -4.58 0.70 0.00 0.00 0.00 -0.02 3.08 -0.51 -0.51 1.05 -0.00 0.43 -4.03 0.47 -0.00 0.00 -0.00 -0.49 0.07 0.39 -0.56 0.08 -0.15 -0.60 0.09 -0.17 -0.60 0.09 -0.17 0.47 0.02 0.67 0.40 0.02 0.57 4.59 3.74 -1.41 -4.60 -5.73 88.77 6.80 8.29 1.81 -2.85 18.64 -2.04 -0.31 13.78 -0.26 -7.82 5.50 4.77 -10.36 7.28 8.54 -0.00 -0.00 -0.00 2.00 -0.01 0.18 -0.01 -0.11 3.30 -0.01 -0.06 1.63 -0.00 -0.00 -0.00 0.00 0.00 0.21 0.00 -0.00 3.88 0.00 0.00 1.92 -0.00 -0.00 -0.00 -2.00 0.01 0.35 0.02 0.20 5.67 0.02 0.10 2.83 -0.00 -0.00 -0.00 -4.00 0.02 0.22 0.02 0.27 3.90 0.01 0.13 1.93 1.68 3.92 -2.80 -3.52 -7.60 -84.16 -5.35 9.49 -1.87 2.38 13.78 3.86 -0.10 2.66 -0.10 0.69 1.08 -1.15 0.99 1.63 -1.74 0.00 -0.00 0.00 -2.00 -0.01 -0.16 0.01 -0.10 -2.98 0.00 -0.05 -1.47 0.00 -0.00 0.00 0.00 -0.00 -0.21 0.00 0.00 -3.88 0.00 -0.00 -1.93 0.00 -0.00 0.00 2.00 0.01 -0.38 -0.02 0.21 -6.09 -0.02 0.10 -3.04 0.00 -0.00 0.00 4.00 0.01 -0.17 -0.01 0.22 -3.14 -0.01 0.11 -1.56
-57.5734 -0.1742 -61.8584 106.39 -0.18 0.05 -0.54 2.65 -0.76 0.99 1.98 0.02 -0.55 -4.58 0.70 0.00 0.00 0.00 -0.02 3.08 -0.51 -0.51 1.05 -0.00 0.44 -4.03 0.47 -0.00 0.00 0.00 -0.50 0.07 0.39 -0.57 0.08 -0.15 -0.62 0.08 -0.16 -0.62 0.08 -0.16 0.50 0.03 0.66 0.42 0.03 0.56 4.72 3.84 -1.30 -4.98 -6.01 88.29 6.70 8.18 1.79 -2.81 18.69 -1.92 -0.31 13.73 -0.26 -7.75 5.48 4.77 -10.26 7.27 8.52 0.00 -0.00 -0.00 2.00 -0.01 0.18 -0.01 -0.11 3.29 -0.01 -0.06 1.63 0.00 -0.00 -0.00 0.00 -0.00 0.21 0.00 -0.00 3.88 0.00 -0.00 1.93 0.00 -0.00 -0.00 -2.00 0.01 0.35 0.02 0.20 5.69 0.02 0.10 2.84 0.00 -0.00 -0.00 -4.00 0.02 0.22 0.02 0.27 3.90 0.01 0.13 1.94 1.73 4.05 -2.89 -3.20 -7.78 -83.63 -5.35 9.44 -1.86 2.23 13.82 3.53 -0.10 2.66 -0.10 0.68 1.08 -1.13 0.97 1.63 -1.71 0.00 -0.00 0.00 -2.00 -0.01 -0.15 0.01 -0.10 -2.95 0.00 -0.05 -1.46 0.00 -0.00 0.00 0.00 0.00 -0.21 0.00 0.00 -3.85 0.00 0.00 -1.91 0.00 -0.00 0.00 2.00 0.01 -0.38 -0.02 0.21 -6.05 -0.02 0.10 -3.02 0.00 -0.00 0.00 4.00 0.01 -0.17 -0.01 0.22 -3.12 -0.01 0.11 -1.55
-57.5739 -0.1743 -61.8588 106.39 -0.18 0.05 -0.54 2.65 -0.76 0.99 1.98 0.02 -0.56 -4.59 0.70 0.00 0.00 0.00 -0.03 3.07 -0.52 -0.51 1.05 -0.00 0.44 -4.03 0.47 -0.00 0.00 -0.00 -0.51 0.07 0.39 -0.58 0.08 -0.15 -0.63 0.08 -0.16 -0.63 0.08 -0.16 0.51 0.05 0.65 0.43 0.04 0.55 4.83 3.94 -1.18 -5.38 -6.34 87.73 6.58 8.08 1.82 -2.77 18.74 -1.78 -0.31 13.68 -0.26 -7.68 5.47 4.78 -10.17 7.26 8.51 0.00 0.00 0.00 2.00 -0.01 0.18 -0.01 -0.11 3.29 -0.01 -0.06 1.63 0.00 0.00 0.00 0.00 -0.00 0.22 0.00 -0.00 3.90 0.00 -0.00 1.93 0.00 0.00 0.00 -2.00 0.01 0.35 0.02 0.20 5.71 0.02 0.10 2.85 0.00 0.00 0.00 -4.00 0.02 0.22 0.02 0.27 3.91 0.01 0.14 1.94 1.77 4.19 -2.97 -2.91 -7.97 -83.07 -5.36 9.42 -1.87 2.07 13.87 3.18 -0.10 2.67 -0.10 0.66 1.08 -1.11 0.94 1.63 -1.69 0.00 0.00 -0.00 -2.00 -0.01 -0.15 0.01 -0.10 -2.93 0.00 -0.05 -1.45 0.00 0.00 -0.00 0.00 0.00 -0.21 0.00 0.00 -3.83 0.00 0.00 -1.90 0.00 0.00 -0.00 2.00 0.01 -0.37 -0.02 0.21 -6.02 -0.02 0.10 -3.01 0.00 0.00 -0.00 4.00 0.01 -0.16 -0.01 0.22 -3.11 -0.01 0.11 -1.54
-57.5746 -0.1742 -61.8595 106.39 -0.17 0.05 -0.54 2.64 -0.76 0.98 1.99 0.02 -0.56 -4.59 0.70 0.00 0.00 0.00 -0.03 3.07 -0.52 -0.51 1.05 -0.00 0.44 -4.03 0.47 -0.00 0.00 0.00 -0.52 0.07 0.40 -0.59 0.07 -0.15 -0.63 0.08 -0.16 -0.63 0.08 -0.16 0.50 0.07 0.63 0.43 0.06 0.54 4.94 4.04 -1.08 -5.80 -6.68 87.11 6.46 7.98 1.85 -2.73 18.80 -1.64 -0.31 13.57 -0.26 -7.57 5.43 4.77 -10.01 7.24 8.46 -0.00 0.00 0.00 2.00 -0.01 0.18 -0.01 -0.11 3.28 -0.01 -0.06 1.63 -0.00 0.00 0.00 -0.00 -0.00 0.22 0.00 -0.00 3.90 0.00 -0.00 1.93 -0.00 0.00 0.00 -2.00 0.01 0.35 0.02 0.20 5.72 0.02 0.10 2.86 -0.00 0.00 0.00 -4.00 0.02 0.22 0.02 0.27 3.92 0.01 0.14 1.94 1.80 4.33 -3.04 -2.62 -8.17 -82.41 -5.38 9.42 -1.85 1.88 13.92 2.72 -0.10 2.67 -0.10 0.65 1.08 -1.10 0.93 1.63 -1.67 -0.00 -0.00 -0.00 -2.00 -0.01 -0.15 0.01 -0.10 -2.91 0.00 -0.05 -1.44 -0.00 -0.00 -0.00 0.00 -0.00 -0.21 0.00 0.00 -3.80 0.00 0.00 -1.89 -0.00 -0.00 -0.00 2.00 0.01 -0.37 -0.02 0.21 -5.98 -0.02 0.10 -2.99 -0.00 -0.00 -0.00 4.00 0.01 -0.16 -0.01 0.22 -3.09 -0.01 0.11 -1.53
-57.5758 -0.1736 -61.8604 106.39 -0.17 0.05 -0.53 2.63 -0.76 0.98 1.99 0.02 -0.56 -4.59 0.70 0.00 0.00 0.00 -0.03 3.06 -0.52 -0.51 1.06 -0.00 0.44 -4.03 0.47 -0.00 0.00 -0.00 -0.52 0.06 0.40 -0.59 0.07 -0.15 -0.64 0.08 -0.16 -0.64 0.08 -0.16 0.49 0.09 0.62 0.42 0.08 0.53 5.03 4.13 -0.99 -6.22 -7.04 86.45 6.35 7.90 1.86 -2.68 18.88 -1.46 -0.31 13.47 -0.26 -7.45 5.39 4.75 -9.86 7.21 8.40 0.00 0.00 0.00 2.00 -0.01 0.17 -0.01 -0.11 3.25 -0.00 -0.06 1.61 0.00 0.00 0.00 -0.00 0.00 0.21 -0.00 0.00 3.87 -0.00 0.00 1.92 0.00 0.00 0.00 -2.00 0.01 0.35 0.02 0.20 5.70 0.02 0.10 2.85 0.00 0.00 0.00 -4.00 0.02 0.22 0.02 0.27 3.92 0.01 0.14 1.95 1.83 4.47 -3.09 -2.35 -8.37 -81.67 -5.41 9.45 -1.85 1.69 13.98 2.24 -0.11 2.66 -0.10 0.63 1.07 -1.08 0.90 1.63 -1.64 -0.00 -0.00 -0.00 -2.00 -0.01 -0.15 0.01 -0.10 -2.88 0.00 -0.05 -1.42 -0.00 -0.00 -0.00 0.00 0.00 -0.21 -0.00 0.00 -3.77 -0.00 0.00 -1.87 -0.00 -0.00 -0.00 2.00 0.01 -0.37 -0.02 0.21 -5.93 -0.02 0.10 -2.96 -0.00 -0.00 -0.00 4.00 0.01 -0.16 -0.01 0.21 -3.07 -0.01 0.11 -1.52
-57.5767 -0.1745 -61.8606 106.38 -0.17 0.05 -0.52 2.63 -0.76 0.98 1.99 0.02 -0.56 -4.58 0.70 0.00 0.00 0.00 -0.02 3.05 -0.52 -0.50 1.06 -0.00 0.45 -4.03 0.47 -0.00 0.00 -0.00 -0.52 0.06 0.40 -0.59 0.07 -0.15 -0.63 0.07 -0.16 -0.63 0.07 -0.16 0.48 0.12 0.61 0.41 0.10 0.52 5.11 4.23 -0.92 -6.64 -7.40 85.76 6.24 7.86 1.88 -2.63 18.97 -1.27 -0.31 13.37 -0.26 -7.34 5.36 4.73 -9.71 7.19 8.34 0.00 -0.00 0.00 2.00 -0.01 0.17 -0.01 -0.11 3.22 -0.00 -0.06 1.60 0.00 -0.00 0.00 -0.00 0.00 0.21 -0.00 0.00 3.85 -0.00 0.00 1.91 0.00 -0.00 0.00 -2.00 0.01 0.35 0.02 0.20 5.68 0.02 0.10 2.84 0.00 -0.00 0.00 -4.00 0.02 0.22 0.02 0.27 3.92 0.01 0.14 1.95 1.86 4.60 -3.13 -2.10 -8.56 -80.88 -5.45 9.51 -1.86 1.50 14.05 1.75 -0.11 2.66 -0.10 0.61 1.07 -1.06 0.88 1.62 -1.61 -0.00 0.00 0.00 -2.00 -0.01 -0.15 0.01 -0.10 -2.84 0.00 -0.05 -1.41 -0.00 0.00 0.00 0.00 0.00 -0.21 -0.00 0.00 -3.74 -0.00 0.00 -1.86 -0.00 0.00 0.00 2.00 0.01 -0.37 -0.02 0.20 -5.90 -0.02 0.10 -2.95 -0.00 0.00 0.00 4.00 0.01 -0.16 -0.01 0.21 -3.06 -0.01 0.11 -1.51
-57.5779 -0.1745 -61.8616 106.36 -0.16 0.04 -0.50 2.62 -0.76 0.98 1.98 0.02 -0.56 -4.58 0.70 0.00 0.00 0.00 -0.01 3.04 -0.52 -0.50 1.07 -0.00 0.45 -4.04 0.47 -0.00 0.00 -0.00 -0.52 0.06 0.40 -0.58 0.07 -0.15 -0.63 0.07 -0.16 -0.63 0.07 -0.16 0.45 0.14 0.60 0.38 0.12 0.51 5.19 4.33 -0.88 -7.10 -7.82 84.97 6.11 7.87 1.99 -2.56 19.08 -1.06 -0.31 13.27 -0.26 -7.21 5.32 4.71 -9.55 7.17 8.27 -0.00 0.00 -0.00 2.00 -0.01 0.17 -0.01 -0.11 3.18 -0.00 -0.05 1.57 -0.00 0.00 -0.00 0.00 0.00 0.21 -0.00 0.00 3.83 -0.00 0.00 1.90 -0.00 0.00 -0.00 -2.00 0.01 0.35 0.02 0.20 5.65 0.02 0.10 2.82 -0.00 0.00 -0.00 -4.00 0.02 0.22 0.02 0.27 3.92 0.01 0.14 1.95 1.89 4.72 -3.13 -1.87 -8.74 -80.06 -5.50 9.60 -1.86 1.33 14.13 1.23 -0.11 2.64 -0.10 0.59 1.06 -1.04 0.85 1.61 -1.58 -0.00 0.00 0.00 -2.00 -0.01 -0.15 0.00 -0.10 -2.80 0.00 -0.05 -1.39 -0.00 0.00 0.00 -0.00 0.00 -0.20 -0.00 0.00 -3.69 -0.00 0.00 -1.83 -0.00 0.00 0.00 2.00 0.01 -0.36 -0.02 0.20 -5.84 -0.02 0.10 -2.92 -0.00 0.00 0.00 4.00 0.01 -0.16 -0.01 0.21 -3.03 -0.01 0.10 -1.50
-57.5801 -0.1736 -61.8630 106.35 -0.16 0.04 -0.49 2.62 -0.76 0.98 1.98 0.02 -0.56 -4.58 0.70 0.00 0.00 0.00 0.00 3.03 -0.52 -0.50 1.08 -0.00 0.45 -4.04 0.47 -0.00 0.00 -0.00 -0.51 0.06 0.41 -0.58 0.06 -0.15 -0.62 0.07 -0.17 -0.62 0.07 -0.17 0.42 0.17 0.60 0.36 0.14 0.51 5.26 4.42 -0.87 -7.56 -8.27 84.14 5.95 7.93 2.04 -2.49 19.23 -0.84 -0.31 13.15 -0.26 -7.04 5.28 4.66 -9.32 7.15 8.17 0.00 0.00 0.00 2.00 -0.01 0.17 -0.01 -0.11 3.13 -0.00 -0.05 1.55 0.00 0.00 0.00 0.00 0.00 0.21 0.00 0.00 3.75 0.00 0.00 1.86 0.00 0.00 0.00 -2.00 0.01 0.34 0.02 0.19 5.56 0.01 0.10 2.78 0.00 0.00 0.00 -4.00 0.02 0.22 0.02 0.27 3.92 0.01 0.14 1.95 1.93 4.83 -3.09 -1.57 -8.93 -79.12 -5.59 9.78 -1.89 1.14 14.25 0.57 -0.11 2.62 -0.11 0.56 1.06 -1.03 0.80 1.60 -1.56 -0.00 -0.00 0.00 -2.00 -0.00 -0.14 0.00 -0.10 -2.76 0.00 -0.05 -1.37 -0.00 -0.00 0.00 -0.00 0.00 -0.20 -0.00 0.00 -3.64 -0.00 0.00 -1.81 -0.00 -0.00 0.00 2.00 0.01 -0.36 -0.02 0.20 -5.78 -0.02 0.10 -2.89 -0.00 -0.00 0.00 4.00 0.01 -0.16 -0.01 0.21 -3.02 -0.01 0.10 -1.49
-57.5818 -0.1735 -61.8641 106.33 -0.15 0.04 -0.47 2.61 -0.76 0.99 1.97 0.02 -0.56 -4.57 0.70 0.00 0.00 0.00 0.02 3.02 -0.51 -0.50 1.10 -0.00 0.45 -4.05 0.47 -0.00 0.00 0.00 -0.51 0.06 0.41 -0.57 0.06 -0.16 -0.62 0.07 -0.17 -0.62 0.07 -0.17 0.39 0.19 0.60 0.33 0.17 0.51 5.32 4.52 -0.88 -8.01 -8.74 83.28 5.77 8.02 2.06 -2.46 19.39 -0.68 -0.31 13.03 -0.26 -6.85 5.24 4.61 -9.08 7.13 8.04 -0.00 -0.00 -0.00 2.00 -0.01 0.16 -0.01 -0.11 3.10 -0.00 -0.05 1.54 -0.00 -0.00 -0.00 -0.00 0.00 0.20 0.00 0.00 3.71 0.00 0.00 1.84 -0.00 -0.00 -0.00 -2.00 0.01 0.34 0.02 0.19 5.53 0.01 0.10 2.76 -0.00 -0.00 -0.00 -4.00 0.02 0.22 0.02 0.27 3.92 0.01 0.14 1.95 1.97 4.92 -3.02 -1.19 -9.12 -78.13 -5.72 10.01 -1.89 0.97 14.42 -0.13 -0.12 2.61 -0.12 0.53 1.05 -1.03 0.75 1.59 -1.56 0.00 0.00 0.00 -2.00 -0.00 -0.14 0.00 -0.10 -2.73 0.00 -0.05 -1.35 0.00 0.00 0.00 -0.00 0.00 -0.20 -0.00 0.00 -3.60 -0.00 0.00 -1.79 0.00 0.00 0.00 2.00 0.01 -0.35 -0.02 0.20 -5.72 -0.02 0.10 -2.86 0.00 0.00 0.00 4.00 0.01 -0.16 -0.01 0.21 -2.98 -0.01 0.10 -1.48
-57.5834 -0.1734 -61.8647 106.31 -0.15 0.04 -0.45 2.60 -0.76 0.99 1.97 0.02 -0.56 -4.56 0.70 0.00 0.00 0.00 0.04 3.01 -0.51 -0.50 1.11 -0.00 0.45 -4.06 0.47 -0.00 -0.00 -0.00 -0.50 0.05 0.41 -0.57 0.06 -0.16 -0.61 0.06 -0.17 -0.61 0.06 -0.17 0.36 0.22 0.59 0.31 0.19 0.51 5.39 4.60 -0.92 -8.44 -9.21 82.40 5.57 8.15 2.06 -2.44 19.55 -0.54 -0.30 12.91 -0.26 -6.67 5.19 4.56 -8.83 7.11 7.91 0.00 -0.00 -0.00 2.00 -0.01 0.16 -0.01 -0.11 3.05 -0.00 -0.05 1.51 0.00 -0.00 -0.00 0.00 0.00 0.20 0.00 0.00 3.64 0.00 0.00 1.80 0.00 -0.00 -0.00 -2.00 0.01 0.33 0.02 0.19 5.45 0.01 0.09 2.72 0.00 -0.00 -0.00 -4.00 0.02 0.22 0.02 0.27 3.92 0.01 0.14 1.95 2.03 4.99 -2.92 -0.72 -9.33 -77.11 -5.88 10.29 -1.91 0.82 14.62 -0.81 -0.13 2.62 -0.12 0.51 1.06 -1.03 0.72 1.60 -1.56 -0.00 0.00 0.00 -2.00 -0.00 -0.14 0.00 -0.10 -2.74 0.00 -0.05 -1.36 -0.00 0.00 0.00 -0.00 -0.00 -0.20 -0.00 -0.00 -3.61 -0.00 -0.00 -1.79 -0.00 0.00 0.00 2.00 0.01 -0.35 -0.02 0.20 -5.70 -0.02 0.10 -2.85 -0.00 0.00 0.00 4.00 0.01 -0.15 -0.01 0.21 -2.95 -0.01 0.10 -1.46
-57.5846 -0.1732 -61.8653 106.29 -0.14 0.04 -0.43 2.60 -0.76 0.99 1.96 0.02 -0.56 -4.56 0.70 0.00 0.00 0.00 0.06 3.00 -0.51 -0.50 1.12 -0.00 0.45 -4.07 0.47 -0.00 0.00 0.00 -0.50 0.05 0.41 -0.57 0.06 -0.16 -0.61 0.06 -0.18 -0.61 0.06 -0.18 0.35 0.25 0.59 0.29 0.21 0.50 5.45 4.68 -0.99 -8.88 -9.76 81.41 5.30 8.34 2.13 -2.46 19.71 -0.46 -0.30 12.77 -0.25 -6.45 5.14 4.54 -8.53 7.09 7.84 -0.00 -0.00 0.00 2.00 -0.01 0.16 -0.01 -0.10 3.02 -0.00 -0.05 1.49 -0.00 -0.00 0.00 0.00 0.00 0.20 0.00 0.00 3.59 0.00 0.00 1.78 -0.00 -0.00 0.00 -2.00 0.01 0.33 0.02 0.19 5.42 0.01 0.09 2.71 -0.00 -0.00 0.00 -4.00 0.02 0.22 0.02 0.27 3.92 0.01 0.14 1.95 2.11 5.05 -2.78 -0.16 -9.55 -76.09 -6.05 10.59 -1.96 0.70 14.83 -1.45 -0.13 2.63 -0.12 0.51 1.06 -1.03 0.72 1.61 -1.55 0.00 -0.00 -0.00 -2.00 -0.00 -0.14 0.00 -0.10 -2.73 0.00 -0.05 -1.35 0.00 -0.00 -0.00 0.00 -0.00 -0.20 0.00 -0.00 -3.59 0.00 -0.00 -1.78 0.00 -0.00 -0.00 2.00 0.01 -0.35 -0.02 0.20 -5.68 -0.02 0.10 -2.83 0.00 -0.00 -0.00 4.00 0.01 -0.15 -0.01 0.20 -2.92 -0.01 0.10 -1.45
-57.5860 -0.1735 -61.8654 106.27 -0.14 0.04 -0.41 2.59 -0.76 0.99 1.96 0.02 -0.56 -4.55 0.70 0.00 0.00 0.00 0.07 2.99 -0.51 -0.50 1.14 -0.00 0.45 -4.07 0.47 -0.00 0.00 -0.00 -0.50 0.05 0.41 -0.57 0.05 -0.17 -0.61 0.06 -0.18 -0.61 0.06 -0.18 0.34 0.27 0.58 0.29 0.23 0.50 5.49 4.75 -1.10 -9.30 -10.35 80.37 4.97 8.58 2.12 -2.54 19.88 -0.43 -0.29 12.57 -0.25 -6.17 5.07 4.44 -8.17 7.04 7.63 -0.00 0.00 -0.00 2.00 -0.01 0.16 -0.01 -0.10 2.96 -0.00 -0.05 1.46 -0.00 0.00 -0.00 0.00 0.00 0.19 0.00 0.00 3.52 0.00 0.00 1.75 -0.00 0.00 -0.00 -2.00 0.01 0.32 0.02 0.19 5.37 0.01 0.09 2.68 -0.00 0.00 -0.00 -4.00 0.02 0.22 0.02 0.27 3.91 0.01 0.14 1.94 2.19 5.08 -2.60 0.53 -9.83 -74.96 -6.26 10.91 -2.04 0.61 15.01 -2.04 -0.12 2.65 -0.11 0.51 1.07 -1.00 0.72 1.61 -1.51 0.00 0.00 0.00 -2.00 -0.00 -0.14 0.00 -0.09 -2.71 0.00 -0.05 -1.34 0.00 0.00 0.00 0.00 0.00 -0.19 0.00 0.00 -3.57 0.00 0.00 -1.77 0.00 0.00 0.00 2.00 0.01 -0.35 -0.02 0.20 -5.65 -0.02 0.10 -2.82 0.00 0.00 0.00 4.00 0.01 -0.15 -0.01 0.20 -2.91 -0.01 0.10 -1.44
-57.5883 -0.1731 -61.8661 106.26 -0.13 0.04 -0.39 2.59 -0.75 0.99 1.95 0.02 -0.56 -4.54 0.70 0.00 0.00 0.00 0.09 2.98 -0.51 -0.50 1.15 -0.00 0.45 -4.08 0.47 -0.00 -0.00 -0.00 -0.51 0.05 0.40 -0.57 0.05 -0.17 -0.62 0.06 -0.18 -0.62 0.06 -0.18 0.33 0.30 0.57 0.28 0.26 0.49 5.52 4.82 -1.24 -9.71 -10.97 79.29 4.59 8.85 2.07 -2.65 20.06 -0.44 -0.28 12.37 -0.24 -5.90 5.00 4.40 -7.80 6.99 7.50 0.00 -0.00 0.00 2.00 -0.01 0.15 -0.01 -0.10 2.90 -0.00 -0.05 1.43 0.00 -0.00 0.00 0.00 0.00 0.19 0.00 0.00 3.44 0.00 0.00 1.71 0.00 -0.00 0.00 -2.00 0.01 0.32 0.02 0.18 5.31 0.01 0.09 2.65 0.00 -0.00 0.00 -4.00 0.02 0.22 0.02 0.27 3.90 0.01 0.13 1.94 2.29 5.11 -2.42 1.27 -10.13 -73.78 -6.48 11.22 -2.11 0.55 15.17 -2.56 -0.11 2.66 -0.10 0.52 1.07 -0.97 0.73 1.62 -1.47 -0.00 -0.00 -0.00 -2.00 -0.00 -0.14 0.00 -0.09 -2.69 0.00 -0.05 -1.33 -0.00 -0.00 -0.00 0.00 0.00 -0.19 0.00 0.00 -3.55 0.00 0.00 -1.76 -0.00 -0.00 -0.00 2.00 0.01 -0.35 -0.02 0.20 -5.66 -0.02 0.10 -2.83 -0.00 -0.00 -0.00 4.00 0.01 -0.15 -0.01 0.20 -2.92 -0.01 0.10 -1.45
-57.5908 -0.1727 -61.8669 106.24 -0.13 0.03 -0.38 2.58 -0.75 0.99 1.95 0.02 -0.56 -4.54 0.70 0.00 0.00 0.00 0.10 2.97 -0.51 -0.50 1.16 -0.01 0.45 -4.08 0.47 -0.00 0.00 0.00 -0.51 0.05 0.40 -0.57 0.05 -0.17 -0.62 0.05 -0.18 -0.62 0.05 -0.18 0.33 0.33 0.56 0.28 0.28 0.48 5.53 4.87 -1.45 -10.12 -11.62 78.24 4.18 9.14 1.96 -2.79 20.23 -0.47 -0.27 12.19 -0.23 -5.64 4.93 4.36 -7.45 6.94 7.38 0.00 -0.00 0.00 2.00 -0.01 0.15 -0.01 -0.10 2.84 -0.00 -0.05 1.41 0.00 -0.00 0.00 0.00 0.00 0.18 -0.00 0.00 3.38 -0.00 0.00 1.67 0.00 -0.00 0.00 -2.00 0.01 0.31 0.02 0.18 5.25 0.01 0.09 2.62 0.00 -0.00 0.00 -4.00 0.02 0.22 0.02 0.27 3.88 0.01 0.13 1.93 2.38 5.14 -2.22 2.04 -10.46 -72.54 -6.72 11.54 -2.23 0.52 15.29 -3.01 -0.10 2.68 -0.10 0.52 1.08 -0.96 0.74 1.63 -1.45 -0.00 -0.00 -0.00 -2.00 -0.00 -0.14 0.00 -0.09 -2.69 0.00 -0.05 -1.33 -0.00 -0.00 -0.00 0.00 0.00 -0.19 0.00 0.00 -3.54 0.00 0.00 -1.76 -0.00 -0.00 -0.00 2.00 0.01 -0.34 -0.02 0.20 -5.64 -0.01 0.10 -2.81 -0.00 -0.00 -0.00 4.00 0.01 -0.15 -0.01 0.20 -2.90 -0.01 0.10 -1.44
-57.5928 -0.1729 -61.8675 106.23 -0.12 0.03 -0.37 2.58 -0.75 0.99 1.95 0.02 -0.56 -4.54 0.70 0.00 0.00 0.00 0.11 2.96 -0.51 -0.50 1.17 -0.01 0.45 -4.09 0.47 -0.00 -0.00 0.00 -0.51 0.05 0.40 -0.58 0.05 -0.16 -0.62 0.05 -0.18 -0.63 0.05 -0.18 0.34 0.36 0.54 0.29 0.30 0.46 5.52 4.92 -1.70 -10.54 -12.34 77.11 3.70 9.43 1.81 -2.88 20.43 -0.35 -0.27 11.99 -0.23 -5.42 4.85 4.27 -7.16 6.87 7.19 0.00 0.00 0.00 2.00 -0.00 0.14 -0.01 -0.10 2.76 -0.00 -0.05 1.36 0.00 0.00 0.00 -0.00 0.00 0.18 -0.00 0.00 3.29 -0.00 0.00 1.63 0.00 0.00 0.00 -2.00 0.01 0.31 0.02 0.18 5.16 0.01 0.09 2.57 0.00 0.00 0.00 -4.00 0.01 0.21 0.02 0.27 3.84 0.01 0.13 1.91 2.48 5.16 -2.02 2.79 -10.82 -71.27 -6.95 11.85 -2.33 0.49 15.40 -3.42 -0.10 2.71 -0.10 0.53 1.09 -0.95 0.75 1.65 -1.44 0.00 0.00 -0.00 -2.00 -0.00 -0.14 0.00 -0.09 -2.68 0.00 -0.05 -1.33 0.00 0.00 -0.00 0.00 -0.00 -0.19 0.00 -0.00 -3.54 0.00 -0.00 -1.75 0.00 0.00 -0.00 2.00 0.01 -0.34 -0.02 0.19 -5.61 -0.01 0.10 -2.80 0.00 0.00 -0.00 4.00 0.01 -0.15 -0.01 0.20 -2.91 -0.01 0.10 -1.44
-57.5950 -0.1726 -61.8679 106.23 -0.12 0.03 -0.37 2.57 -0.75 0.99 1.95 0.02 -0.56 -4.53 0.70 0.00 0.00 0.00 0.12 2.96 -0.51 -0.50 1.17 -0.01 0.45 -4.09 0.48 0.00 0.00 -0.00 -0.52 0.05 0.40 -0.58 0.05 -0.16 -0.63 0.05 -0.17 -0.63 0.05 -0.17 0.35 0.39 0.52 0.30 0.33 0.44 5.50 4.96 -1.99 -10.90 -13.10 75.92 3.18 9.65 1.63 -3.03 20.62 -0.32 -0.25 11.73 -0.22 -5.10 4.76 4.22 -6.73 6.79 7.06 -0.00 0.00 0.00 2.00 -0.00 0.14 -0.00 -0.09 2.69 -0.00 -0.05 1.33 -0.00 0.00 0.00 -0.00 0.00 0.17 -0.00 0.00 3.23 -0.00 0.00 1.60 -0.00 0.00 0.00 -2.00 0.01 0.30 0.02 0.18 5.12 0.01 0.09 2.55 -0.00 0.00 0.00 -4.00 0.01 0.21 0.02 0.27 3.84 0.01 0.13 1.91 2.57 5.18 -1.83 3.46 -11.21 -69.81 -7.17 12.09 -2.37 0.44 15.45 -3.86 -0.10 2.75 -0.09 0.53 1.11 -0.95 0.76 1.67 -1.43 -0.00 0.00 0.00 -2.00 -0.00 -0.14 0.00 -0.09 -2.68 0.00 -0.05 -1.32 -0.00 0.00 0.00 0.00 0.00 -0.19 0.00 0.00 -3.53 0.00 0.00 -1.75 -0.00 0.00 0.00 2.00 0.01 -0.34 -0.02 0.19 -5.58 -0.01 0.10 -2.79 -0.00 0.00 0.00 4.00 0.01 -0.15 -0.01 0.20 -2.88 -0.01 0.10 -1.43
-57.5973 -0.1727 -61.8678 106.22 -0.12 0.03 -0.36 2.57 -0.75 0.99 1.95 0.02 -0.56 -4.53 0.70 0.00 0.00 0.00 0.13 2.95 -0.51 -0.50 1.18 -0.01 0.45 -4.09 0.48 0.00 -0.00 0.00 -0.52 0.05 0.40 -0.59 0.05 -0.15 -0.64 0.05 -0.17 -0.64 0.05 -0.17 0.37 0.42 0.50 0.31 0.36 0.43 5.47 5.00 -2.31 -11.14 -13.88 74.65 2.65 9.75 1.47 -3.20 20.77 -0.33 -0.24 11.46 -0.21 -4.82 4.66 4.14 -6.36 6.69 6.87 0.00 -0.00 -0.00 2.00 -0.00 0.13 -0.00 -0.09 2.60 -0.00 -0.04 1.29 0.00 -0.00 -0.00 -0.00 0.00 0.17 -0.00 0.00 3.15 -0.00 0.00 1.56 0.00 -0.00 -0.00 -2.00 0.01 0.30 0.02 0.18 5.05 0.01 0.09 2.52 0.00 -0.00 -0.00 -4.00 0.01 0.21 0.02 0.27 3.85 0.01 0.13 1.91 2.65 5.22 -1.62 4.02 -11.62 -68.25 -7.35 12.24 -2.38 0.40 15.43 -4.26 -0.09 2.79 -0.09 0.54 1.12 -0.94 0.77 1.69 -1.42 -0.00 -0.00 -0.00 -2.00 -0.00 -0.14 0.00 -0.09 -2.70 0.00 -0.05 -1.33 -0.00 -0.00 -0.00 -0.00 -0.00 -0.19 -0.00 -0.00 -3.56 -0.00 -0.00 -1.76 -0.00 -0.00 -0.00 2.00 0.01 -0.34 -0.02 0.19 -5.60 -0.01 0.10 -2.79 -0.00 -0.00 -0.00 4.00 0.01 -0.15 -0.01 0.20 -2.89 -0.01 0.10 -1.43
-57.5995 -0.1730 -61.8674 106.22 -0.12 0.03 -0.36 2.56 -0.75 0.99 1.95 0.02 -0.56 -4.53 0.70 0.00 0.00 0.00 0.13 2.95 -0.51 -0.50 1.18 -0.01 0.45 -4.09 0.48 0.00 0.00 0.00 -0.52 0.04 0.40 -0.59 0.05 -0.15 -0.64 0.05 -0.16 -0.64 0.05 -0.16 0.38 0.45 0.48 0.32 0.38 0.41 5.41 5.04 -2.69 -11.25 -14.62 73.39 2.13 9.76 1.32 -3.38 20.89 -0.36 -0.22 11.22 -0.19 -4.55 4.56 4.12 -5.98 6.60 6.80 -0.00 -0.00 0.00 2.00 -0.00 0.13 -0.00 -0.09 2.57 -0.00 -0.04 1.27 -0.00 -0.00 0.00 -0.00 0.00 0.17 -0.00 0.00 3.14 -0.00 0.00 1.55 -0.00 -0.00 0.00 -2.00 0.01 0.30 0.02 0.18 5.05 0.01 0.09 2.52 -0.00 -0.00 0.00 -4.00 0.01 0.21 0.02 0.27 3.85 0.01 0.13 1.91 2.72 5.25 -1.42 4.45 -12.04 -66.61 -7.50 12.28 -2.36 0.36 15.35 -4.66 -0.08 2.82 -0.08 0.54 1.13 -0.92 0.78 1.71 -1.40 -0.00 -0.00 -0.00 -2.00 -0.00 -0.14 0.00 -0.09 -2.67 0.00 -0.05 -1.32 -0.00 -0.00 -0.00 0.00 0.00 -0.19 0.00 0.00 -3.53 0.00 0.00 -1.75 -0.00 -0.00 -0.00 2.00 0.01 -0.34 -0.02 0.19 -5.56 -0.01 0.10 -2.78 -0.00 -0.00 -0.00 4.00 0.01 -0.15 -0.01 0.20 -2.86 -0.01 0.10 -1.42
-57.6021 -0.1729 -61.8675 106.22 -0.12 0.03 -0.36 2.55 -0.76 0.99 1.96 0.02 -0.56 -4.53 0.71 0.00 0.00 0.00 0.13 2.94 -0.51 -0.50 1.18 -0.01 0.45 -4.09 0.48 0.00 -0.00 -0.00 -0.53 0.04 0.40 -0.60 0.05 -0.14 -0.64 0.05 -0.16 -0.64 0.05 -0.16 0.39 0.48 0.47 0.34 0.41 0.40 5.34 5.07 -3.11 -11.16 -15.36 71.95 1.68 9.65 1.15 -3.49 20.97 -0.23 -0.20 10.96 -0.18 -4.30 4.46 4.06 -5.65 6.49 6.65 0.00 -0.00 -0.00 2.00 -0.00 0.13 -0.00 -0.09 2.50 -0.00 -0.04 1.24 0.00 -0.00 -0.00 -0.00 0.00 0.16 -0.00 0.00 3.09 -0.00 0.00 1.53 0.00 -0.00 -0.00 -2.00 0.01 0.30 0.02 0.17 5.00 0.01 0.09 2.49 0.00 -0.00 -0.00 -4.00 0.01 0.21 0.02 0.27 3.82 0.01 0.13 1.90 2.78 5.29 -1.20 4.78 -12.47 -64.97 -7.60 12.22 -2.27 0.34 15.23 -5.05 -0.08 2.84 -0.08 0.55 1.14 -0.91 0.78 1.72 -1.38 -0.00 -0.00 -0.00 -2.00 -0.00 -0.14 0.00 -0.09 -2.65 0.00 -0.05 -1.31 -0.00 -0.00 -0.00 0.00 -0.00 -0.19 -0.00 -0.00 -3.54 -0.00 0.00 -1.76 -0.00 -0.00 -0.00 2.00 0.01 -0.34 -0.02 0.19 -5.57 -0.01 0.10 -2.78 -0.00 -0.00 -0.00 4.00 0.01 -0.15 -0.01 0.20 -2.87 -0.01 0.10 -1.42
-57.6042 -0.1725 -61.8672 106.23 -0.11 0.03 -0.37 2.55 -0.76 0.99 1.96 0.02 -0.56 -4.53 0.71 0.00 0.00 0.00 0.12 2.94 -0.51 -0.50 1.18 -0.01 0.45 -4.09 0.48 0.00 0.00 -0.00 -0.53 0.04 0.40 -0.60 0.05 -0.14 -0.65 0.05 -0.15 -0.65 0.05 -0.15 0.41 0.52 0.45 0.35 0.44 0.38 5.26 5.09 -3.56 -10.92 -16.07 70.41 1.31 9.45 1.00 -3.61 20.95 -0.20 -0.17 10.62 -0.15 -3.96 4.33 4.05 -5.18 6.35 6.57 0.00 -0.00 0.00 2.00 -0.00 0.13 -0.00 -0.09 2.46 -0.00 -0.04 1.22 0.00 -0.00 0.00 -0.00 0.00 0.16 -0.00 0.00 3.09 -0.00 0.00 1.53 0.00 -0.00 0.00 -2.00 0.01 0.30 0.02 0.17 5.01 0.01 0.09 2.50 0.00 -0.00 0.00 -4.00 0.01 0.21 0.02 0.27 3.83 0.01 0.13 1.90 2.83 5.33 -0.96 5.01 -12.94 -63.10 -7.65 12.06 -2.21 0.35 15.06 -5.46 -0.07 2.87 -0.07 0.55 1.16 -0.89 0.78 1.74 -1.35 0.00 -0.00 0.00 -2.00 -0.00 -0.13 0.00 -0.09 -2.60 0.00 -0.04 -1.29 0.00 -0.00 0.00 0.00 0.00 -0.19 0.00 0.00 -3.48 0.00 0.00 -1.73 0.00 -0.00 0.00 2.00 0.01 -0.34 -0.02 0.19 -5.57 -0.01 0.10 -2.78 0.00 -0.00 0.00 4.00 0.01 -0.15 -0.01 0.20 -2.86 -0.01 0.10 -1.41
-57.6063 -0.1732 -61.8652 106.24 -0.11 0.03 -0.39 2.54 -0.76 0.99 1.97 0.02 -0.56 -4.54 0.70 0.00 0.00 0.00 0.12 2.93 -0.51 -0.50 1.18 -0.01 0.44 -4.09 0.48 0.00 -0.00 -0.00 -0.53 0.04 0.39 -0.60 0.05 -0.14 -0.65 0.05 -0.15 -0.65 0.05 -0.15 0.42 0.55 0.44 0.36 0.47 0.38 5.17 5.11 -4.03 -10.54 -16.72 68.83 1.02 9.18 0.86 -3.71 20.84 -0.19 -0.14 10.29 -0.13 -3.69 4.21 4.00 -4.81 6.20 6.44 0.00 -0.00 -0.00 2.00 -0.00 0.12 -0.00 -0.08 2.40 -0.00 -0.04 1.19 0.00 -0.00 -0.00 0.00 -0.00 0.16 0.00 -0.00 3.09 0.00 -0.00 1.53 0.00 -0.00 -0.00 -2.00 0.01 0.30 0.02 0.17 5.03 0.01 0.09 2.51 0.00 -0.00 -0.00 -4.00 0.01 0.21 0.02 0.27 3.84 0.01 0.13 1.91 2.86 5.37 -0.72 5.15 -13.43 -61.11 -7.64 11.83 -2.17 0.38 14.88 -5.88 -0.07 2.91 -0.07 0.54 1.17 -0.88 0.77 1.76 -1.34 0.00 0.00 0.00 -2.00 -0.00 -0.13 0.00 -0.09 -2.57 0.00 -0.04 -1.27 0.00 0.00 0.00 0.00 0.00 -0.19 0.00 0.00 -3.45 0.00 0.00 -1.71 0.00 0.00 0.00 2.00 0.01 -0.33 -0.02 0.19 -5.51 -0.01 0.10 -2.75 0.00 0.00 0.00 4.00 0.01 -0.15 -0.01 0.20 -2.81 -0.01 0.10 -1.39
-57.6115 -0.1724 -61.8617 106.26 -0.11 0.04 -0.41 2.54 -0.76 0.99 1.97 0.02 -0.56 -4.54 0.70 0.00 0.00 0.00 0.11 2.92 -0.51 -0.50 1.18 -0.01 0.43 -4.08 0.48 0.00 0.00 0.00 -0.53 0.04 0.39 -0.61 0.04 -0.14 -0.66 0.05 -0.15 -0.66 0.05 -0.15 0.42 0.58 0.44 0.36 0.50 0.37 5.06 5.12 -4.56 -10.06 -17.29 67.24 0.80 8.84 0.75 -3.79 20.64 -0.21 -0.11 9.96 -0.11 -3.42 4.07 3.96 -4.45 6.04 6.34 0.00 0.00 0.00 2.00 -0.00 0.12 -0.00 -0.08 2.38 -0.00 -0.04 1.18 0.00 0.00 0.00 0.00 -0.00 0.16 0.00 -0.00 3.11 0.00 -0.00 1.54 0.00 0.00 0.00 -2.00 0.01 0.30 0.02 0.18 5.06 0.01 0.09 2.52 0.00 0.00 0.00 -4.00 0.01 0.21 0.02 0.27 3.86 0.01 0.13 1.91 2.88 5.39 -0.47 5.20 -13.94 -59.03 -7.56 11.53 -2.10 0.42 14.68 -6.30 -0.07 2.96 -0.07 0.54 1.19 -0.88 0.77 1.79 -1.34 0.00 -0.00 0.00 -2.00 -0.00 -0.13 0.00 -0.09 -2.55 0.00 -0.04 -1.26 0.00 -0.00 0.00 0.00 0.00 -0.18 0.00 0.00 -3.41 0.00 0.00 -1.69 0.00 -0.00 0.00 2.00 0.01 -0.33 -0.02 0.19 -5.45 -0.01 0.09 -2.72 0.00 -0.00 0.00 4.00 0.01 -0.15 -0.01 0.20 -2.81 -0.01 0.10 -1.39
-57.6202 -0.1711 -61.8555 106.30 -0.10 0.04 -0.45 2.53 -0.76 0.99 1.97 0.02 -0.56 -4.53 0.70 0.00 0.00 0.00 0.10 2.91 -0.51 -0.50 1.18 -0.01 0.40 -4.07 0.47 -0.00 -0.00 -0.00 -0.54 0.04 0.39 -0.61 0.04 -0.14 -0.66 0.05 -0.15 -0.66 0.05 -0.15 0.43 0.62 0.44 0.36 0.53 0.37 4.94 5.12 -5.11 -9.36 -17.78 65.44 0.64 8.35 0.64 -3.75 20.38 -0.01 -0.09 9.66 -0.08 -3.18 3.95 3.94 -4.12 5.90 6.27 -0.00 0.00 -0.00 2.00 -0.00 0.12 -0.00 -0.08 2.33 -0.00 -0.04 1.15 -0.00 0.00 -0.00 -0.00 -0.00 0.16 -0.00 -0.00 3.09 -0.00 -0.00 1.53 -0.00 0.00 -0.00 -2.00 0.01 0.30 0.02 0.17 5.03 0.01 0.09 2.51 -0.00 0.00 -0.00 -4.00 0.01 0.21 0.02 0.27 3.87 0.01 0.13 1.92 2.88 5.41 -0.20 5.15 -14.42 -56.90 -7.42 11.16 -2.06 0.50 14.46 -6.62 -0.09 3.04 -0.08 0.53 1.22 -0.93 0.75 1.84 -1.41 0.00 -0.00 -0.00 -2.00 -0.00 -0.13 0.00 -0.09 -2.56 0.00 -0.04 -1.26 0.00 -0.00 -0.00 -0.00 0.00 -0.18 -0.00 0.00 -3.41 0.00 0.00 -1.69 0.00 -0.00 -0.00 2.00 0.01 -0.33 -0.02 0.19 -5.44 -0.01 0.09 -2.72 0.00 -0.00 -0.00 4.00 0.01 -0.15 -0.01 0.20 -2.80 -0.01 0.10 -1.39
-57.6305 -0.1707 -61.8468 106.35 -0.10 0.04 -0.49 2.52 -0.76 0.99 1.97 0.02 -0.56 -4.53 0.70 0.00 0.00 0.00 0.09 2.89 -0.51 -0.50 1.17 -0.01 0.36 -4.06 0.47 0.00 0.00 -0.00 -0.54 0.04 0.38 -0.62 0.04 -0.14 -0.66 0.05 -0.15 -0.66 0.05 -0.15 0.42 0.65 0.44 0.36 0.55 0.38 4.81 5.10 -5.66 -8.54 -18.15 63.58 0.52 7.79 0.52 -3.66 20.00 0.16 -0.04 9.28 -0.04 -2.90 3.81 3.93 -3.74 5.71 6.21 -0.00 -0.00 0.00 2.00 -0.00 0.12 -0.00 -0.08 2.29 -0.00 -0.04 1.13 -0.00 -0.00 0.00 0.00 -0.00 0.16 -0.00 -0.00 3.10 -0.00 -0.00 1.53 -0.00 -0.00 0.00 -2.00 0.01 0.30 0.02 0.17 5.03 0.01 0.09 2.51 -0.00 -0.00 0.00 -4.00 0.01 0.21 0.02 0.27 3.85 0.01 0.13 1.91 2.85 5.40 0.08 4.91 -14.86 -54.58 -7.18 10.69 -1.97 0.57 14.16 -6.88 -0.07 3.13 -0.07 0.54 1.26 -0.90 0.77 1.89 -1.36 0.00 0.00 -0.00 -2.00 -0.00 -0.13 0.00 -0.09 -2.56 0.00 -0.04 -1.26 0.00 0.00 -0.00 -0.00 0.00 -0.18 0.00 0.00 -3.40 0.00 0.00 -1.68 0.00 0.00 -0.00 2.00 0.01 -0.33 -0.02 0.19 -5.40 -0.01 0.09 -2.69 0.00 0.00 -0.00 4.00 0.01 -0.15 -0.01 0.20 -2.80 -0.01 0.10 -1.38
-57.6419 -0.1704 -61.8369 106.40 -0.09 0.04 -0.54 2.51 -0.76 0.99 1.98 0.02 -0.56 -4.53 0.70 0.00 0.00 0.00 0.08 2.87 -0.51 -0.50 1.17 -0.01 0.32 -4.04 0.47 0.00 -0.00 0.00 -0.54 0.04 0.37 -0.62 0.04 -0.15 -0.67 0.04 -0.16 -0.67 0.04 -0.16 0.41 0.68 0.45 0.35 0.58 0.39 4.66 5.06 -6.20 -7.59 -18.41 61.64 0.44 7.15 0.41 -3.54 19.53 0.33 0.01 8.91 -0.00 -2.64 3.66 3.92 -3.38 5.53 6.15 -0.00 -0.00 -0.00 2.00 -0.00 0.11 -0.00 -0.08 2.25 -0.00 -0.04 1.11 -0.00 -0.00 -0.00 0.00 -0.00 0.17 0.00 -0.00 3.14 0.00 -0.00 1.55 -0.00 -0.00 -0.00 -2.00 0.01 0.30 0.02 0.18 5.08 0.01 0.09 2.53 -0.00 -0.00 -0.00 -4.00 0.02 0.21 0.02 0.27 3.87 0.01 0.13 1.92 2.80 5.38 0.37 4.51 -15.22 -52.15 -6.83 10.16 -1.82 0.63 13.78 -7.12 -0.06 3.22 -0.06 0.56 1.29 -0.88 0.79 1.95 -1.34 -0.00 -0.00 -0.00 -2.00 -0.00 -0.13 0.00 -0.09 -2.50 0.00 -0.04 -1.24 -0.00 -0.00 -0.00 0.00 0.00 -0.18 0.00 0.00 -3.32 0.00 0.00 -1.64 -0.00 -0.00 -0.00 2.00 0.01 -0.32 -0.02 0.18 -5.27 -0.01 0.09 -2.63 -0.00 -0.00 -0.00 4.00 0.01 -0.14 -0.01 0.19 -2.75 -0.01 0.09 -1.36
-57.6554 -0.1691 -61.8261 106.46 -0.09 0.05 -0.60 2.50 -0.76 0.99 1.98 0.02 -0.56 -4.53 0.69 0.00 0.00 0.00 0.08 2.85 -0.50 -0.50 1.16 -0.01 0.26 -4.02 0.46 -0.00 -0.00 -0.00 -0.54 0.04 0.36 -0.62 0.04 -0.16 -0.67 0.04 -0.17 -0.67 0.04 -0.17 0.39 0.70 0.47 0.33 0.60 0.40 4.51 5.01 -6.77 -6.57 -18.55 59.70 0.38 6.46 0.38 -3.40 18.98 0.42 0.06 8.55 0.04 -2.41 3.52 3.92 -3.05 5.34 6.11 0.00 0.00 0.00 2.00 -0.00 0.11 -0.00 -0.08 2.27 -0.00 -0.04 1.12 0.00 0.00 0.00 0.00 -0.00 0.17 0.00 -0.00 3.19 0.00 -0.00 1.58 0.00 0.00 0.00 -2.00 0.01 0.31 0.02 0.18 5.14 0.01 0.09 2.56 0.00 0.00 0.00 -4.00 0.02 0.22 0.02 0.27 3.90 0.01 0.13 1.93 2.73 5.34 0.67 3.99 -15.47 -49.71 -6.43 9.61 -1.60 0.68 13.34 -7.27 -0.06 3.32 -0.06 0.57 1.33 -0.88 0.81 2.01 -1.34 -0.00 -0.00 0.00 -2.00 -0.00 -0.13 0.00 -0.09 -2.51 0.00 -0.04 -1.24 -0.00 -0.00 0.00 0.00 0.00 -0.18 0.00 0.00 -3.29 0.00 0.00 -1.63 -0.00 -0.00 0.00 2.00 0.01 -0.31 -0.02 0.18 -5.23 -0.01 0.09 -2.61 -0.00 -0.00 0.00 4.00 0.01 -0.14 -0.01 0.19 -2.74 -0.01 0.09 -1.36
-57.6690 -0.1676 -61.8152 106.52 -0.08 0.05 -0.65 2.49 -0.76 0.98 1.98 0.02 -0.56 -4.53 0.69 0.00 0.00 0.00 0.08 2.84 -0.50 -0.51 1.15 -0.01 0.21 -3.99 0.46 0.00 -0.00 0.00 -0.55 0.04 0.34 -0.62 0.04 -0.17 -0.67 0.04 -0.18 -0.67 0.04 -0.18 0.36 0.72 0.49 0.31 0.62 0.42 4.35 4.95 -7.33 -5.42 -18.56 57.64 0.34 5.69 0.33 -3.17 18.38 0.71 0.10 8.23 0.08 -2.21 3.39 3.91 -2.78 5.17 6.08 -0.00 0.00 -0.00 2.00 -0.00 0.11 -0.00 -0.08 2.24 -0.00 -0.04 1.11 -0.00 0.00 -0.00 0.00 -0.00 0.17 0.00 -0.00 3.20 0.00 -0.00 1.58 -0.00 0.00 -0.00 -2.00 0.01 0.31 0.02 0.18 5.19 0.01 0.09 2.59 -0.00 0.00 -0.00 -4.00 0.02 0.22 0.02 0.27 3.92 0.01 0.14 1.94 2.63 5.27 0.99 3.36 -15.58 -47.29 -5.96 9.04 -1.38 0.73 12.86 -7.39 -0.06 3.42 -0.06 0.58 1.37 -0.90 0.82 2.07 -1.37 0.00 -0.00 0.00 -2.00 -0.00 -0.12 0.00 -0.09 -2.46 0.00 -0.04 -1.21 0.00 -0.00 0.00 0.00 0.00 -0.17 0.00 0.00 -3.22 0.00 0.00 -1.59 0.00 -0.00 0.00 2.00 0.01 -0.30 -0.02 0.18 -5.11 -0.01 0.09 -2.55 0.00 -0.00 0.00 4.00 0.01 -0.14 -0.01 0.19 -2.72 -0.01 0.09 -1.34
-57.6818 -0.1665 -61.8040 106.59 -0.07 0.06 -0.71 2.48 -0.76 0.96 1.98 0.02 -0.56 -4.52 0.68 0.00 0.00 0.00 0.08 2.82 -0.49 -0.52 1.14 -0.01 0.15 -3.97 0.46 0.00 0.00 0.00 -0.54 0.04 0.32 -0.62 0.04 -0.17 -0.67 0.04 -0.19 -0.67 0.04 -0.19 0.33 0.74 0.51 0.28 0.63 0.43 4.18 4.87 -7.89 -4.19 -18.44 55.52 0.32 4.86 0.30 -2.90 17.68 0.94 0.17 7.81 0.14 -1.98 3.22 3.90 -2.47 4.94 6.02 0.00 -0.00 -0.00 2.00 -0.00 0.11 -0.00 -0.08 2.22 -0.00 -0.04 1.09 0.00 -0.00 -0.00 0.00 -0.00 0.17 0.00 0.00 3.22 0.00 0.00 1.60 0.00 -0.00 -0.00 -2.00 0.01 0.31 0.02 0.18 5.24 0.01 0.09 2.61 0.00 -0.00 -0.00 -4.00 0.02 0.22 0.02 0.28 3.95 0.01 0.14 1.96 2.48 5.19 1.33 2.55 -15.55 -44.71 -5.41 8.32 -1.17 0.80 12.26 -7.39 -0.05 3.56 -0.05 0.61 1.43 -0.93 0.86 2.15 -1.41 -0.00 -0.00 0.00 -2.00 -0.00 -0.12 0.00 -0.08 -2.41 0.00 -0.04 -1.19 -0.00 -0.00 0.00 0.00 0.00 -0.17 0.00 0.00 -3.15 0.00 0.00 -1.56 -0.00 -0.00 0.00 2.00 0.01 -0.30 -0.02 0.17 -5.00 -0.01 0.09 -2.49 -0.00 -0.00 0.00 4.00 0.01 -0.14 -0.01 0.18 -2.63 -0.01 0.09 -1.30
-57.6938 -0.1663 -61.7926 106.67 -0.07 0.06 -0.77 2.47 -0.76 0.95 1.98 0.02 -0.56 -4.52 0.68 0.00 0.00 0.00 0.07 2.80 -0.49 -0.54 1.13 -0.01 0.10 -3.95 0.45 0.00 0.00 -0.00 -0.54 0.03 0.30 -0.62 0.04 -0.18 -0.67 0.04 -0.20 -0.67 0.04 -0.20 0.28 0.76 0.53 0.24 0.64 0.45 4.00 4.78 -8.43 -2.91 -18.20 53.39 0.30 4.00 0.30 -2.61 16.91 1.15 0.23 7.40 0.19 -1.77 3.05 3.88 -2.19 4.71 5.97 0.00 -0.00 0.00 2.00 -0.00 0.11 -0.00 -0.08 2.19 -0.00 -0.04 1.08 0.00 -0.00 0.00 0.00 0.00 0.17 0.00 0.00 3.27 0.00 0.00 1.62 0.00 -0.00 0.00 -2.00 0.01 0.32 0.02 0.18 5.27 0.01 0.09 2.63 0.00 -0.00 0.00 -4.00 0.02 0.22 0.02 0.28 3.96 0.01 0.14 1.97 2.31 5.11 1.69 1.63 -15.36 -42.11 -4.79 7.51 -0.94 0.88 11.56 -7.35 -0.05 3.69 -0.05 0.63 1.48 -0.95 0.90 2.23 -1.45 -0.00 0.00 0.00 -2.00 -0.00 -0.12 0.00 -0.08 -2.36 0.00 -0.04 -1.17 -0.00 0.00 0.00 0.00 0.00 -0.16 0.00 0.00 -3.10 0.00 0.00 -1.54 -0.00 0.00 0.00 2.00 0.01 -0.29 -0.01 0.17 -4.90 -0.01 0.08 -2.44 -0.00 0.00 0.00 4.00 0.01 -0.13 -0.01 0.18 -2.62 -0.01 0.09 -1.29
-57.7066 -0.1655 -61.7808 106.73 -0.06 0.06 -0.82 2.47 -0.75 0.94 1.98 0.02 -0.57 -4.52 0.68 0.00 0.00 0.00 0.07 2.78 -0.49 -0.55 1.12 -0.01 0.05 -3.92 0.45 -0.00 -0.00 0.00 -0.53 0.03 0.28 -0.61 0.03 -0.19 -0.66 0.04 -0.20 -0.66 0.04 -0.20 0.24 0.77 0.55 0.20 0.65 0.47 3.82 4.67 -8.98 -1.63 -17.82 51.33 0.28 3.14 0.30 -2.29 16.11 1.37 0.28 7.03 0.24 -1.61 2.91 3.86 -1.97 4.51 5.92 -0.00 -0.00 -0.00 2.00 -0.00 0.11 -0.00 -0.08 2.18 -0.00 -0.04 1.08 -0.00 -0.00 -0.00 0.00 0.00 0.18 0.00 0.00 3.28 0.00 0.00 1.63 -0.00 -0.00 -0.00 -2.00 0.01 0.31 0.02 0.18 5.25 0.01 0.09 2.62 -0.00 -0.00 -0.00 -4.00 0.02 0.22 0.02 0.28 3.97 0.01 0.14 1.97 2.12 5.01 2.06 0.66 -15.02 -39.57 -4.14 6.62 -0.73 1.01 10.77 -7.27 -0.07 3.82 -0.07 0.64 1.53 -1.03 0.89 2.31 -1.57 -0.00 0.00 -0.00 -2.00 -0.00 -0.12 0.00 -0.08 -2.37 0.00 -0.04 -1.17 -0.00 0.00 -0.00 0.00 0.00 -0.16 0.00 0.00 -3.11 0.00 0.00 -1.54 -0.00 0.00 -0.00 2.00 0.01 -0.29 -0.01 0.17 -4.88 -0.01 0.08 -2.43 -0.00 0.00 -0.00 4.00 0.01 -0.13 -0.01 0.18 -2.60 -0.01 0.09 -1.29
-57.7193 -0.1641 -61.7690 106.80 -0.06 0.07 -0.87 2.46 -0.75 0.93 1.98 0.02 -0.57 -4.52 0.67 0.00 0.00 0.00 0.06 2.77 -0.48 -0.57 1.10 -0.01 0.00 -3.90 0.45 0.00 0.00 0.00 -0.53 0.03 0.25 -0.61 0.03 -0.19 -0.65 0.04 -0.21 -0.65 0.04 -0.21 0.19 0.78 0.57 0.16 0.66 0.49 3.62 4.53 -9.51 -0.23 -17.26 49.14 0.27 2.20 0.35 -1.90 15.19 1.59 0.36 6.57 0.32 -1.42 2.72 3.90 -1.72 4.25 5.95 -0.00 0.00 0.00 2.00 -0.00 0.11 -0.00 -0.08 2.20 -0.00 -0.04 1.09 -0.00 0.00 0.00 0.00 0.00 0.18 0.00 0.00 3.37 0.00 0.00 1.67 -0.00 0.00 0.00 -2.00 0.01 0.32 0.02 0.18 5.31 0.01 0.09 2.65 -0.00 0.00 0.00 -4.00 0.02 0.22 0.02 0.28 4.00 0.02 0.14 1.98 1.91 4.90 2.45 -0.34 -14.55 -37.11 -3.46 5.64 -0.54 1.16 9.94 -7.25 -0.06 3.89 -0.06 0.65 1.56 -1.02 0.90 2.35 -1.55 -0.00 -0.00 0.00 -2.00 -0.00 -0.12 0.00 -0.08 -2.32 0.00 -0.04 -1.15 -0.00 -0.00 0.00 0.00 0.00 -0.16 0.00 0.00 -3.06 0.00 0.00 -1.51 -0.00 -0.00 0.00 2.00 0.01 -0.28 -0.01 0.17 -4.80 -0.01 0.08 -2.39 -0.00 -0.00 0.00 4.00 0.01 -0.13 -0.01 0.18 -2.59 -0.01 0.09 -1.28
-57.7319 -0.1629 -61.7568 106.86 -0.06 0.07 -0.91 2.45 -0.75 0.92 1.98 0.02 -0.58 -4.52 0.67 0.00 0.00 0.00 0.05 2.76 -0.48 -0.57 1.08 -0.01 -0.04 -3.87 0.44 0.00 -0.00 -0.00 -0.52 0.03 0.22 -0.60 0.03 -0.20 -0.65 0.03 -0.21 -0.65 0.03 -0.21 0.15 0.78 0.59 0.13 0.67 0.50 3.43 4.38 -10.02 1.20 -16.56 46.96 0.26 1.23 0.45 -1.47 14.19 1.79 0.42 6.14 0.38 -1.26 2.55 3.88 -1.51 4.00 5.90 -0.00 0.00 -0.00 2.00 -0.00 0.11 -0.00 -0.08 2.20 -0.00 -0.04 1.08 -0.00 0.00 -0.00 0.00 0.00 0.19 0.00 0.00 3.45 0.00 0.00 1.71 -0.00 0.00 -0.00 -2.00 0.01 0.32 0.02 0.19 5.37 0.01 0.09 2.68 -0.00 0.00 -0.00 -4.00 0.02 0.22 0.02 0.28 4.02 0.02 0.14 2.00 1.67 4.77 2.85 -1.41 -13.87 -34.58 -2.83 4.50 -0.42 1.32 9.02 -7.32 -0.07 3.99 -0.07 0.63 1.60 -1.04 0.88 2.41 -1.60 0.00 0.00 0.00 -2.00 -0.00 -0.12 0.00 -0.08 -2.31 0.00 -0.04 -1.14 0.00 0.00 0.00 0.00 0.00 -0.16 0.00 0.00 -3.04 0.00 0.00 -1.51 0.00 0.00 0.00 2.00 0.01 -0.28 -0.01 0.17 -4.76 -0.01 0.08 -2.37 0.00 0.00 0.00 4.00 0.01 -0.13 -0.01 0.18 -2.56 -0.01 0.09 -1.27
-57.7443 -0.1625 -61.7446 106.91 -0.05 0.07 -0.95 2.44 -0.75 0.91 1.98 0.02 -0.58 -4.51 0.66 0.00 0.00 0.00 0.04 2.75 -0.48 -0.56 1.07 -0.01 -0.09 -3.85 0.44 -0.00 0.00 0.00 -0.52 0.03 0.20 -0.59 0.03 -0.20 -0.64 0.03 -0.22 -0.64 0.03 -0.22 0.10 0.78 0.60 0.09 0.67 0.51 3.23 4.22 -10.51 2.63 -15.72 44.84 0.25 0.22 0.60 -1.02 13.16 1.97 0.48 5.78 0.43 -1.14 2.40 3.86 -1.36 3.79 5.87 0.00 -0.00 0.00 2.00 -0.00 0.11 -0.00 -0.08 2.22 -0.00 -0.04 1.10 0.00 -0.00 0.00 0.00 0.00 0.19 0.00 0.00 3.53 0.00 0.00 1.75 0.00 -0.00 0.00 -2.00 0.01 0.33 0.02 0.19 5.44 0.01 0.09 2.71 0.00 -0.00 0.00 -4.00 0.02 0.23 0.02 0.28 4.04 0.02 0.14 2.01 1.43 4.63 3.25 -2.51 -13.00 -32.12 -2.28 3.26 -0.33 1.50 8.06 -7.53 -0.07 4.03 -0.06 0.62 1.62 -1.02 0.86 2.44 -1.55 0.00 -0.00 -0.00 -2.00 -0.00 -0.11 0.00 -0.08 -2.28 0.00 -0.04 -1.13 0.00 -0.00 -0.00 0.00 0.00 -0.16 0.00 0.00 -3.03 0.00 0.00 -1.50 0.00 -0.00 -0.00 2.00 0.01 -0.27 -0.01 0.16 -4.71 -0.01 0.08 -2.35 0.00 -0.00 -0.00 4.00 0.01 -0.13 -0.01 0.18 -2.55 -0.01 0.09 -1.26
-57.7585 -0.1608 -61.7330 106.96 -0.05 0.08 -0.99 2.44 -0.75 0.90 1.97 0.02 -0.58 -4.50 0.66 0.00 0.00 0.00 0.02 2.74 -0.47 -0.55 1.05 -0.00 -0.14 -3.82 0.43 -0.00 -0.00 0.00 -0.51 0.03 0.18 -0.59 0.03 -0.21 -0.63 0.03 -0.22 -0.63 0.03 -0.22 0.06 0.78 0.61 0.05 0.67 0.52 3.04 4.04 -11.02 4.01 -14.75 42.84 0.22 -0.81 0.78 -0.55 12.10 2.19 0.52 5.44 0.48 -1.04 2.26 3.85 -1.23 3.59 5.83 -0.00 -0.00 0.00 2.00 -0.00 0.11 -0.00 -0.08 2.22 -0.00 -0.04 1.09 -0.00 -0.00 0.00 0.00 0.00 0.19 0.00 0.00 3.57 0.00 0.00 1.77 -0.00 -0.00 0.00 -2.00 0.01 0.33 0.02 0.19 5.48 0.01 0.09 2.74 -0.00 -0.00 0.00 -4.00 0.02 0.23 0.02 0.28 4.06 0.02 0.14 2.02 1.16 4.45 3.67 -3.61 -11.89 -29.73 -1.82 1.94 -0.31 1.67 7.10 -7.88 -0.07 4.08 -0.07 0.60 1.64 -1.02 0.83 2.47 -1.55 0.00 0.00 -0.00 -2.00 -0.00 -0.11 0.00 -0.08 -2.28 0.00 -0.04 -1.13 0.00 0.00 -0.00 0.00 -0.00 -0.16 0.00 -0.00 -2.99 0.00 -0.00 -1.48 0.00 0.00 -0.00 2.00 0.01 -0.27 -0.01 0.16 -4.62 -0.01 0.08 -2.30 0.00 0.00 -0.00 4.00 0.01 -0.13 -0.01 0.18 -2.53 -0.01 0.09 -1.25
-57.7736 -0.1593 -61.7199 107.00 -0.04 0.08 -1.03 2.43 -0.74 0.90 1.96 0.02 -0.59 -4.49 0.65 0.00 0.00 0.00 0.01 2.73 -0.47 -0.52 1.03 -0.00 -0.19 -3.80 0.43 -0.00 -0.00 -0.00 -0.50 0.03 0.16 -0.58 0.03 -0.21 -0.63 0.03 -0.23 -0.63 0.03 -0.23 0.02 0.78 0.62 0.02 0.66 0.53 2.83 3.85 -11.51 5.46 -13.56 40.84 0.20 -1.90 0.99 -0.01 10.99 2.50 0.58 5.07 0.53 -0.94 2.11 3.81 -1.10 3.37 5.77 0.00 -0.00 0.00 2.00 -0.00 0.11 -0.00 -0.08 2.19 -0.00 -0.04 1.08 0.00 -0.00 0.00 0.00 -0.00 0.19 0.00 0.00 3.58 0.00 0.00 1.78 0.00 -0.00 0.00 -2.00 0.01 0.33 0.02 0.19 5.46 0.01 0.09 2.73 0.00 -0.00 0.00 -4.00 0.02 0.23 0.02 0.28 4.07 0.02 0.14 2.02 0.88 4.26 4.09 -4.70 -10.58 -27.46 -1.45 0.55 -0.36 1.84 6.15 -8.34 -0.07 4.10 -0.06 0.58 1.65 -0.98 0.81 2.48 -1.50 0.00 -0.00 0.00 -2.00 -0.00 -0.11 0.00 -0.08 -2.24 0.00 -0.04 -1.11 0.00 -0.00 0.00 0.00 -0.00 -0.15 0.00 -0.00 -2.90 0.00 -0.00 -1.43 0.00 -0.00 0.00 2.00 0.01 -0.25 -0.01 0.15 -4.45 -0.01 0.08 -2.21 0.00 -0.00 0.00 4.00 0.01 -0.13 -0.01 0.18 -2.51 -0.01 0.09 -1.24
-57.7880 -0.1592 -61.7065 107.04 -0.04 0.08 -1.06 2.43 -0.74 0.89 1.95 0.02 -0.59 -4.48 0.65 0.00 0.00 0.00 -0.01 2.72 -0.46 -0.48 1.01 -0.00 -0.25 -3.77 0.42 0.00 -0.00 0.00 -0.50 0.03 0.14 -0.57 0.03 -0.22 -0.62 0.03 -0.24 -0.62 0.03 -0.24 -0.02 0.77 0.64 -0.02 0.66 0.54 2.62 3.64 -11.98 6.90 -12.23 38.92 0.15 -3.01 1.25 0.55 9.86 2.85 0.62 4.75 0.57 -0.84 1.98 3.77 -0.98 3.17 5.69 -0.00 0.00 0.00 2.00 -0.00 0.11 -0.00 -0.08 2.16 -0.00 -0.04 1.07 -0.00 0.00 0.00 0.00 -0.00 0.19 -0.00 -0.00 3.58 -0.00 -0.00 1.78 -0.00 0.00 0.00 -2.00 0.01 0.33 0.02 0.19 5.47 0.01 0.09 2.73 -0.00 0.00 0.00 -4.00 0.02 0.23 0.02 0.28 4.07 0.02 0.14 2.02 0.58 4.08 4.51 -5.83 -8.94 -25.21 -1.18 -0.91 -0.42 2.01 5.16 -8.97 -0.08 4.14 -0.07 0.55 1.66 -0.97 0.76 2.50 -1.48 -0.00 -0.00 0.00 -2.00 -0.00 -0.11 0.00 -0.08 -2.21 0.00 -0.04 -1.09 -0.00 -0.00 0.00 -0.00 -0.00 -0.15 -0.00 -0.00 -2.80 -0.00 -0.00 -1.38 -0.00 -0.00 0.00 2.00 0.01 -0.24 -0.01 0.15 -4.23 -0.01 0.07 -2.10 -0.00 -0.00 0.00 4.00 0.01 -0.12 -0.01 0.17 -2.44 -0.01 0.08 -1.21
-57.8028 -0.1575 -61.6953 107.08 -0.04 0.08 -1.09 2.42 -0.74 0.89 1.94 0.02 -0.59 -4.46 0.64 0.00 0.00 0.00 -0.03 2.71 -0.46 -0.45 0.99 -0.00 -0.31 -3.75 0.42 0.00 -0.00 0.00 -0.49 0.03 0.12 -0.57 0.03 -0.24 -0.61 0.03 -0.26 -0.61 0.03 -0.26 -0.06 0.76 0.65 -0.06 0.65 0.56 2.40 3.43 -12.43 8.30 -10.78 37.09 0.09 -4.12 1.54 1.11 8.73 3.21 0.66 4.43 0.62 -0.75 1.85 3.73 -0.86 2.98 5.62 -0.00 0.00 0.00 2.00 -0.00 0.11 -0.00 -0.07 2.14 -0.00 -0.04 1.06 -0.00 0.00 0.00 0.00 0.00 0.20 0.00 0.00 3.60 0.00 0.00 1.79 -0.00 0.00 0.00 -2.00 0.01 0.33 0.02 0.19 5.48 0.01 0.09 2.73 -0.00 0.00 0.00 -4.00 0.02 0.23 0.02 0.28 4.07 0.02 0.14 2.02 0.27 3.92 4.95 -6.94 -7.07 -23.07 -0.96 -2.38 -0.48 2.18 4.14 -9.68 -0.10 4.18 -0.09 0.52 1.68 -1.03 0.71 2.53 -1.57 -0.00 -0.00 -0.00 -2.00 -0.00 -0.11 0.00 -0.08 -2.22 0.00 -0.04 -1.09 -0.00 -0.00 -0.00 -0.00 -0.00 -0.14 -0.00 -0.00 -2.75 -0.00 -0.00 -1.36 -0.00 -0.00 -0.00 2.00 0.01 -0.23 -0.01 0.14 -4.10 -0.01 0.07 -2.04 -0.00 -0.00 -0.00 4.00 0.01 -0.12 -0.01 0.17 -2.40 -0.01 0.08 -1.19
-57.8174 -0.1550 -61.6857 107.11 -0.03 0.08 -1.12 2.42 -0.73 0.89 1.93 0.01 -0.59 -4.45 0.64 0.00 0.00 0.00 -0.05 2.70 -0.46 -0.41 0.98 -0.00 -0.36 -3.73 0.42 0.00 0.00 -0.00 -0.48 0.03 0.10 -0.56 0.03 -0.25 -0.60 0.03 -0.27 -0.60 0.03 -0.27 -0.12 0.74 0.67 -0.10 0.63 0.57 2.16 3.22 -12.91 9.61 -9.28 35.46 0.02 -5.19 1.85 1.67 7.60 3.57 0.70 4.15 0.66 -0.68 1.74 3.70 -0.77 2.81 5.57 -0.00 0.00 0.00 2.00 -0.00 0.10 -0.00 -0.07 2.10 -0.00 -0.04 1.04 -0.00 0.00 0.00 0.00 0.00 0.20 0.00 0.00 3.63 0.00 0.00 1.80 -0.00 0.00 0.00 -2.00 0.01 0.33 0.02 0.19 5.49 0.01 0.09 2.74 -0.00 0.00 0.00 -4.00 0.02 0.23 0.02 0.28 4.07 0.02 0.14 2.02 -0.06 3.76 5.39 -7.93 -5.15 -21.11 -0.78 -3.78 -0.54 2.34 3.17 -10.42 -0.10 4.24 -0.09 0.51 1.70 -1.03 0.70 2.56 -1.58 0.00 -0.00 -0.00 -2.00 -0.00 -0.11 0.00 -0.08 -2.19 0.00 -0.04 -1.08 0.00 -0.00 -0.00 0.00 -0.00 -0.14 -0.00 -0.00 -2.70 -0.00 -0.00 -1.34 0.00 -0.00 -0.00 2.00 0.01 -0.22 -0.01 0.14 -3.97 -0.01 0.07 -1.97 0.00 -0.00 -0.00 4.00 0.01 -0.12 -0.01 0.16 -2.34 -0.01 0.08 -1.15
-57.8296 -0.1538 -61.6771 107.14 -0.03 0.09 -1.15 2.41 -0.73 0.89 1.92 0.01 -0.59 -4.44 0.64 0.00 0.00 0.00 -0.06 2.69 -0.45 -0.38 0.96 -0.00 -0.40 -3.71 0.41 0.00 0.00 -0.00 -0.47 0.03 0.07 -0.55 0.03 -0.26 -0.59 0.03 -0.28 -0.59 0.03 -0.28 -0.18 0.73 0.69 -0.16 0.62 0.58 1.90 3.01 -13.37 10.91 -7.64 33.88 -0.07 -6.34 2.22 2.26 6.40 3.91 0.75 3.83 0.70 -0.61 1.61 3.69 -0.69 2.62 5.56 0.00 -0.00 0.00 2.00 -0.00 0.10 -0.00 -0.07 2.08 -0.00 -0.04 1.03 0.00 -0.00 0.00 0.00 0.00 0.20 0.00 0.00 3.67 0.00 0.00 1.82 0.00 -0.00 0.00 -2.00 0.01 0.33 0.02 0.19 5.52 0.01 0.10 2.75 0.00 -0.00 0.00 -4.00 0.02 0.23 0.02 0.29 4.09 0.02 0.14 2.03 -0.37 3.62 5.82 -8.73 -3.39 -19.36 -0.63 -5.01 -0.57 2.47 2.30 -11.11 -0.10 4.30 -0.09 0.52 1.73 -1.05 0.70 2.60 -1.59 0.00 0.00 -0.00 -2.00 -0.00 -0.11 0.00 -0.08 -2.21 0.00 -0.04 -1.09 0.00 0.00 -0.00 -0.00 0.00 -0.14 -0.00 0.00 -2.72 -0.00 0.00 -1.34 0.00 0.00 -0.00 2.00 0.01 -0.22 -0.01 0.14 -3.95 -0.01 0.07 -1.96 0.00 0.00 -0.00 4.00 0.01 -0.12 -0.01 0.16 -2.32 -0.01 0.08 -1.15
-57.8407 -0.1536 -61.6692 107.17 -0.03 0.09 -1.18 2.41 -0.73 0.88 1.91 0.01 -0.59 -4.43 0.64 0.00 0.00 0.00 -0.08 2.68 -0.45 -0.35 0.95 -0.00 -0.43 -3.69 0.41 0.00 0.00 -0.00 -0.46 0.03 0.05 -0.53 0.03 -0.27 -0.57 0.03 -0.30 -0.57 0.03 -0.30 -0.26 0.71 0.70 -0.22 0.60 0.59 1.61 2.81 -13.82 12.15 -5.95 32.41 -0.18 -7.51 2.60 2.87 5.16 4.23 0.79 3.54 0.74 -0.56 1.49 3.70 -0.63 2.45 5.56 0.00 0.00 0.00 2.00 -0.00 0.10 -0.00 -0.07 2.10 -0.00 -0.04 1.04 0.00 0.00 0.00 0.00 0.00 0.21 0.00 0.00 3.75 0.00 0.00 1.86 0.00 0.00 0.00 -2.00 0.01 0.34 0.02 0.19 5.60 0.02 0.10 2.80 0.00 0.00 0.00 -4.00 0.02 0.23 0.02 0.29 4.12 0.02 0.14 2.05 -0.64 3.49 6.21 -9.32 -1.91 -17.69 -0.50 -6.05 -0.58 2.55 1.50 -11.76 -0.10 4.39 -0.09 0.53 1.76 -1.07 0.72 2.66 -1.62 -0.00 -0.00 -0.00 -2.00 -0.00 -0.11 0.00 -0.08 -2.20 0.00 -0.04 -1.09 -0.00 -0.00 -0.00 -0.00 0.00 -0.14 -0.00 0.00 -2.72 -0.00 0.00 -1.35 -0.00 -0.00 -0.00 2.00 0.01 -0.22 -0.01 0.14 -3.96 -0.01 0.07 -1.97 -0.00 -0.00 -0.00 4.00 0.01 -0.12 -0.01 0.16 -2.31 -0.01 0.08 -1.14
-57.8511 -0.1527 -61.6624 107.19 -0.02 0.09 -1.20 2.41 -0.73 0.88 1.90 0.01 -0.59 -4.42 0.63 0.00 0.00 0.00 -0.10 2.67 -0.45 -0.33 0.95 -0.00 -0.47 -3.68 0.41 0.00 -0.00 0.00 -0.44 0.03 0.02 -0.51 0.03 -0.28 -0.55 0.03 -0.31 -0.55 0.03 -0.31 -0.33 0.69 0.70 -0.29 0.59 0.60 1.32 2.62 -14.25 13.31 -4.24 31.04 -0.31 -8.69 3.00 3.48 3.91 4.50 0.83 3.29 0.78 -0.52 1.39 3.72 -0.59 2.30 5.59 0.00 -0.00 -0.00 2.00 -0.00 0.10 -0.00 -0.07 2.10 -0.00 -0.04 1.04 0.00 -0.00 -0.00 0.00 0.00 0.21 0.00 0.00 3.82 0.00 0.00 1.90 0.00 -0.00 -0.00 -2.00 0.01 0.35 0.02 0.20 5.68 0.02 0.10 2.84 0.00 -0.00 -0.00 -4.00 0.02 0.23 0.02 0.29 4.16 0.02 0.14 2.07 -0.88 3.36 6.58 -9.72 -0.73 -16.14 -0.40 -6.91 -0.57 2.59 0.78 -12.37 -0.10 4.47 -0.09 0.55 1.80 -1.07 0.74 2.71 -1.64 0.00 -0.00 -0.00 -2.00 -0.00 -0.11 0.00 -0.08 -2.20 0.00 -0.04 -1.09 0.00 -0.00 -0.00 -0.00 0.00 -0.14 -0.00 0.00 -2.73 -0.00 0.00 -1.35 0.00 -0.00 -0.00 2.00 0.01 -0.22 -0.01 0.14 -3.96 -0.01 0.07 -1.97 0.00 -0.00 -0.00 4.00 0.01 -0.12 -0.01 0.16 -2.30 -0.00 0.08 -1.14
-57.8622 -0.1512 -61.6557 107.21 -0.02 0.09 -1.22 2.40 -0.73 0.88 1.89 0.01 -0.59 -4.41 0.63 0.00 0.00 0.00 -0.11 2.66 -0.45 -0.30 0.94 -0.00 -0.50 -3.66 0.41 0.00 -0.00 -0.00 -0.42 0.02 0.01 -0.49 0.03 -0.29 -0.53 0.03 -0.31 -0.53 0.03 -0.31 -0.41 0.68 0.70 -0.35 0.58 0.60 1.01 2.44 -14.71 14.38 -2.59 29.85 -0.45 -9.83 3.39 4.07 2.68 4.74 0.86 3.06 0.81 -0.50 1.30 3.74 -0.57 2.17 5.62 -0.00 -0.00 0.00 2.00 -0.00 0.11 -0.00 -0.07 2.12 -0.00 -0.04 1.05 -0.00 -0.00 0.00 0.00 0.00 0.22 0.00 0.00 3.92 0.00 0.00 1.95 -0.00 -0.00 0.00 -2.00 0.01 0.35 0.02 0.20 5.77 0.02 0.10 2.88 -0.00 -0.00 0.00 -4.00 0.02 0.24 0.02 0.29 4.20 0.02 0.15 2.09 -1.08 3.24 6.93 -9.96 0.18 -14.75 -0.31 -7.62 -0.56 2.60 0.13 -12.92 -0.09 4.54 -0.09 0.55 1.82 -1.08 0.74 2.75 -1.64 -0.00 -0.00 -0.00 -2.00 -0.00 -0.11 0.00 -0.08 -2.21 0.00 -0.04 -1.09 -0.00 -0.00 -0.00 -0.00 0.00 -0.14 -0.00 0.00 -2.75 -0.00 0.00 -1.36 -0.00 -0.00 -0.00 2.00 0.01 -0.22 -0.01 0.14 -3.99 -0.01 0.07 -1.98 -0.00 -0.00 -0.00 4.00 0.01 -0.12 -0.01 0.16 -2.31 -0.01 0.08 -1.14
-57.8728 -0.1501 -61.6490 107.23 -0.02 0.09 -1.23 2.40 -0.73 0.88 1.88 0.01 -0.59 -4.40 0.63 0.00 0.00 0.00 -0.13 2.65 -0.45 -0.26 0.93 -0.00 -0.54 -3.65 0.41 0.00 0.00 0.00 -0.41 0.02 -0.01 -0.48 0.03 -0.30 -0.51 0.03 -0.32 -0.51 0.03 -0.32 -0.47 0.67 0.69 -0.40 0.57 0.59 0.71 2.27 -15.16 15.34 -1.04 28.74 -0.60 -10.88 3.77 4.69 1.40 4.93 0.89 2.80 0.85 -0.50 1.20 3.79 -0.58 2.02 5.70 -0.00 -0.00 0.00 2.00 -0.00 0.11 -0.00 -0.08 2.17 -0.00 -0.04 1.07 -0.00 -0.00 0.00 0.00 0.00 0.23 0.00 0.00 4.07 0.00 0.00 2.02 -0.00 -0.00 0.00 -2.00 0.01 0.37 0.02 0.21 5.91 0.02 0.10 2.95 -0.00 -0.00 0.00 -4.00 0.02 0.24 0.02 0.30 4.25 0.02 0.15 2.11 -1.24 3.11 7.25 -10.10 0.85 -13.50 -0.24 -8.23 -0.55 2.58 -0.46 -13.44 -0.09 4.59 -0.09 0.55 1.85 -1.08 0.74 2.78 -1.65 0.00 -0.00 0.00 -2.00 -0.00 -0.11 0.00 -0.08 -2.22 0.00 -0.04 -1.10 0.00 -0.00 0.00 -0.00 0.00 -0.14 -0.00 0.00 -2.77 -0.00 0.00 -1.37 0.00 -0.00 0.00 2.00 0.01 -0.22 -0.01 0.14 -4.00 -0.01 0.07 -1.99 0.00 -0.00 0.00 4.00 0.01 -0.12 -0.01 0.16 -2.31 -0.00 0.08 -1.14
-57.8831 -0.1495 -61.6417 107.24 -0.02 0.09 -1.24 2.40 -0.72 0.88 1.87 0.01 -0.59 -4.39 0.63 0.00 0.00 0.00 -0.13 2.64 -0.44 -0.24 0.93 -0.00 -0.57 -3.64 0.40 0.00 -0.00 0.00 -0.40 0.02 -0.02 -0.46 0.03 -0.30 -0.50 0.03 -0.32 -0.50 0.03 -0.32 -0.52 0.66 0.68 -0.45 0.56 0.58 0.42 2.11 -15.61 16.13 0.30 27.75 -0.74 -11.77 4.09 5.29 0.16 5.07 0.92 2.59 0.88 -0.51 1.12 3.84 -0.60 1.91 5.76 -0.00 -0.00 0.00 2.00 -0.00 0.11 -0.00 -0.08 2.20 -0.00 -0.04 1.09 -0.00 -0.00 0.00 0.00 0.00 0.24 0.00 0.00 4.20 0.00 0.00 2.09 -0.00 -0.00 0.00 -2.00 0.01 0.37 0.02 0.21 6.02 0.02 0.10 3.01 -0.00 -0.00 0.00 -4.00 0.02 0.24 0.02 0.30 4.29 0.02 0.15 2.13 -1.37 2.99 7.55 -10.15 1.35 -12.31 -0.18 -8.79 -0.54 2.52 -1.03 -13.91 -0.10 4.65 -0.09 0.54 1.87 -1.08 0.73 2.82 -1.65 -0.00 0.00 0.00 -2.00 -0.00 -0.11 0.00 -0.08 -2.25 0.00 -0.04 -1.11 -0.00 0.00 0.00 -0.00 0.00 -0.15 -0.00 0.00 -2.81 -0.00 0.00 -1.39 -0.00 0.00 0.00 2.00 0.01 -0.23 -0.01 0.14 -4.04 -0.01 0.07 -2.01 -0.00 0.00 0.00 4.00 0.01 -0.12 -0.01 0.16 -2.33 -0.01 0.08 -1.15
-57.8928 -0.1498 -61.6347 107.25 -0.01 0.09 -1.25 2.40 -0.72 0.88 1.86 0.01 -0.59 -4.38 0.62 0.00 0.00 0.00 -0.14 2.63 -0.44 -0.21 0.93 -0.00 -0.59 -3.63 0.40 0.00 -0.00 0.00 -0.39 0.02 -0.03 -0.45 0.03 -0.30 -0.48 0.03 -0.33 -0.48 0.03 -0.33 -0.57 0.65 0.67 -0.48 0.55 0.57 0.17 1.97 -16.04 16.76 1.38 26.90 -0.85 -12.49 4.35 5.86 -0.99 5.17 0.94 2.42 0.91 -0.52 1.05 3.89 -0.63 1.82 5.84 -0.00 -0.00 -0.00 2.00 -0.00 0.11 -0.00 -0.08 2.24 -0.00 -0.04 1.11 -0.00 -0.00 -0.00 0.00 0.00 0.25 0.00 0.00 4.34 0.00 0.00 2.16 -0.00 -0.00 -0.00 -2.00 0.01 0.39 0.03 0.21 6.15 0.02 0.11 3.08 -0.00 -0.00 -0.00 -4.00 0.02 0.25 0.02 0.30 4.35 0.02 0.15 2.16 -1.47 2.88 7.82 -10.15 1.71 -11.23 -0.13 -9.29 -0.54 2.46 -1.54 -14.31 -0.10 4.69 -0.09 0.53 1.89 -1.08 0.71 2.84 -1.65 -0.00 0.00 -0.00 -2.00 -0.00 -0.11 0.00 -0.08 -2.26 0.00 -0.04 -1.11 -0.00 0.00 -0.00 -0.00 0.00 -0.15 -0.00 0.00 -2.83 -0.00 0.00 -1.40 -0.00 0.00 -0.00 2.00 0.01 -0.23 -0.01 0.14 -4.07 -0.01 0.07 -2.02 -0.00 0.00 -0.00 4.00 0.01 -0.12 -0.01 0.16 -2.34 -0.01 0.08 -1.15
-57.9031 -0.1486 -61.6293 107.25 -0.01 0.09 -1.25 2.39 -0.72 0.88 1.85 0.01 -0.59 -4.37 0.62 0.00 0.00 0.00 -0.14 2.62 -0.44 -0.19 0.93 -0.00 -0.61 -3.62 0.40 0.00 -0.00 0.00 -0.38 0.02 -0.03 -0.44 0.03 -0.30 -0.47 0.03 -0.33 -0.47 0.03 -0.33 -0.60 0.65 0.66 -0.51 0.55 0.56 -0.07 1.85 -16.48 17.25 2.20 26.19 -0.95 -13.07 4.55 6.40 -2.03 5.24 0.96 2.28 0.93 -0.54 1.00 3.95 -0.66 1.75 5.92 0.00 0.00 -0.00 2.00 -0.00 0.11 -0.00 -0.08 2.28 -0.00 -0.04 1.13 0.00 0.00 -0.00 0.00 0.00 0.26 0.00 0.00 4.47 0.00 0.00 2.23 0.00 0.00 -0.00 -2.00 0.01 0.40 0.03 0.22 6.27 0.02 0.11 3.14 0.00 0.00 -0.00 -4.00 0.02 0.25 0.03 0.31 4.40 0.02 0.15 2.19 -1.55 2.79 8.06 -10.12 1.95 -10.26 -0.09 -9.75 -0.53 2.39 -2.01 -14.64 -0.10 4.73 -0.10 0.51 1.90 -1.08 0.69 2.86 -1.65 -0.00 0.00 -0.00 -2.00 -0.00 -0.11 0.00 -0.08 -2.27 0.00 -0.04 -1.12 -0.00 0.00 -0.00 -0.00 0.00 -0.15 -0.00 0.00 -2.86 -0.00 0.00 -1.41 -0.00 0.00 -0.00 2.00 0.01 -0.23 -0.01 0.14 -4.09 -0.01 0.07 -2.03 -0.00 0.00 -0.00 4.00 0.01 -0.12 -0.01 0.16 -2.35 -0.01 0.08 -1.16
-57.9136 -0.1475 -61.6240 107.24 -0.01 0.09 -1.25 2.39 -0.72 0.88 1.84 0.01 -0.59 -4.35 0.62 0.00 -0.00 -0.00 -0.13 2.62 -0.44 -0.18 0.93 -0.00 -0.63 -3.62 0.40 0.00 -0.00 -0.00 -0.37 0.02 -0.02 -0.42 0.03 -0.30 -0.46 0.03 -0.32 -0.46 0.03 -0.32 -0.63 0.66 0.65 -0.54 0.56 0.55 -0.28 1.75 -16.92 17.60 2.80 25.59 -1.03 -13.56 4.69 6.91 -2.95 5.27 0.99 2.15 0.95 -0.56 0.95 4.03 -0.70 1.68 6.04 -0.00 -0.00 -0.00 2.00 -0.00 0.12 -0.00 -0.08 2.34 -0.00 -0.04 1.15 -0.00 -0.00 -0.00 0.00 0.00 0.27 0.00 0.00 4.64 0.00 0.00 2.31 -0.00 -0.00 -0.00 -2.00 0.01 0.41 0.03 0.22 6.42 0.02 0.11 3.21 -0.00 -0.00 -0.00 -4.00 0.02 0.26 0.03 0.31 4.46 0.02 0.15 2.22 -1.63 2.73 8.28 -10.07 2.09 -9.44 -0.05 -10.16 -0.52 2.32 -2.41 -14.89 -0.11 4.77 -0.10 0.51 1.92 -1.10 0.68 2.89 -1.68 0.00 0.00 -0.00 -2.00 -0.00 -0.11 0.00 -0.08 -2.28 0.00 -0.04 -1.13 0.00 0.00 -0.00 -0.00 0.00 -0.15 -0.00 0.00 -2.87 -0.00 0.00 -1.42 0.00 0.00 -0.00 2.00 0.01 -0.23 -0.01 0.14 -4.10 -0.01 0.07 -2.04 0.00 0.00 -0.00 4.00 0.01 -0.12 -0.01 0.16 -2.36 -0.01 0.08 -1.17
-57.9229 -0.1474 -61.6188 107.22 -0.01 0.09 -1.23 2.39 -0.72 0.88 1.83 0.01 -0.58 -4.34 0.62 -0.00 0.00 -0.00 -0.11 2.61 -0.44 -0.17 0.93 -0.00 -0.64 -3.61 0.40 0.00 0.00 -0.00 -0.35 0.02 -0.01 -0.41 0.03 -0.29 -0.44 0.03 -0.32 -0.44 0.03 -0.32 -0.65 0.67 0.63 -0.56 0.57 0.53 -0.47 1.67 -17.34 17.85 3.22 25.10 -1.10 -13.99 4.77 7.35 -3.73 5.26 1.01 2.04 0.98 -0.57 0.91 4.10 -0.72 1.64 6.15 0.00 0.00 -0.00 2.00 -0.00 0.12 -0.00 -0.08 2.39 -0.00 -0.04 1.18 0.00 0.00 -0.00 0.00 0.00 0.28 0.00 0.00 4.79 0.00 0.00 2.38 0.00 0.00 -0.00 -2.00 0.01 0.42 0.03 0.23 6.56 0.02 0.11 3.29 0.00 0.00 -0.00 -4.00 0.02 0.26 0.03 0.32 4.53 0.02 0.16 2.25 -1.70 2.69 8.46 -10.00 2.14 -8.73 -0.03 -10.52 -0.49 2.26 -2.76 -15.06 -0.11 4.79 -0.10 0.50 1.92 -1.11 0.67 2.90 -1.69 -0.00 -0.00 -0.00 -2.00 -0.00 -0.12 0.00 -0.08 -2.29 0.00 -0.04 -1.13 -0.00 -0.00 -0.00 0.00 0.00 -0.15 -0.00 0.00 -2.88 -0.00 0.00 -1.43 -0.00 -0.00 -0.00 2.00 0.01 -0.23 -0.01 0.14 -4.11 -0.01 0.07 -2.04 -0.00 -0.00 -0.00 4.00 0.01 -0.12 -0.01 0.17 -2.36 -0.01 0.08 -1.17
-57.9325 -0.1465 -61.6147 107.19 -0.01 0.08 -1.21 2.38 -0.71 0.87 1.81 0.01 -0.57 -4.33 0.62 0.00 0.00 0.00 -0.08 2.61 -0.43 -0.16 0.93 -0.00 -0.65 -3.61 0.40 0.00 -0.00 0.00 -0.34 0.02 0.00 -0.39 0.03 -0.28 -0.42 0.03 -0.31 -0.42 0.03 -0.31 -0.68 0.69 0.61 -0.58 0.58 0.52 -0.64 1.62 -17.74 18.02 3.51 24.71 -1.15 -14.38 4.82 7.72 -4.38 5.21 1.03 1.96 1.00 -0.58 0.88 4.17 -0.74 1.60 6.25 0.00 -0.00 0.00 2.00 -0.00 0.12 -0.00 -0.09 2.44 -0.00 -0.04 1.21 0.00 -0.00 0.00 0.00 0.00 0.29 0.00 0.00 4.92 0.00 0.00 2.45 0.00 -0.00 0.00 -2.00 0.02 0.43 0.03 0.23 6.68 0.02 0.12 3.35 0.00 -0.00 0.00 -4.00 0.02 0.26 0.03 0.32 4.59 0.02 0.16 2.28 -1.76 2.68 8.60 -9.94 2.11 -8.16 -0.01 -10.84 -0.46 2.22 -3.05 -15.17 -0.11 4.80 -0.11 0.50 1.93 -1.12 0.66 2.91 -1.71 -0.00 -0.00 -0.00 -2.00 -0.00 -0.12 0.00 -0.08 -2.30 0.00 -0.04 -1.14 -0.00 -0.00 -0.00 -0.00 0.00 -0.15 -0.00 0.00 -2.88 -0.00 0.00 -1.43 -0.00 -0.00 -0.00 2.00 0.01 -0.23 -0.01 0.14 -4.12 -0.01 0.07 -2.05 -0.00 -0.00 -0.00 4.00 0.01 -0.12 -0.01 0.16 -2.36 -0.01 0.08 -1.17
-57.9417 -0.1454 -61.6114 107.14 -0.01 0.08 -1.17 2.38 -0.71 0.86 1.79 0.01 -0.54 -4.31 0.62 0.00 -0.00 0.00 -0.04 2.60 -0.43 -0.14 0.94 -0.00 -0.65 -3.62 0.39 0.00 0.00 -0.00 -0.32 0.02 0.02 -0.37 0.03 -0.27 -0.40 0.03 -0.29 -0.40 0.03 -0.29 -0.70 0.71 0.58 -0.60 0.60 0.50 -0.80 1.58 -18.11 18.14 3.71 24.41 -1.19 -14.72 4.84 8.02 -4.91 5.13 1.05 1.92 1.02 -0.60 0.87 4.23 -0.77 1.59 6.35 -0.00 0.00 -0.00 2.00 -0.00 0.13 -0.00 -0.09 2.49 -0.00 -0.04 1.23 -0.00 0.00 -0.00 0.00 0.00 0.30 0.00 0.00 5.03 0.00 0.00 2.51 -0.00 0.00 -0.00 -2.00 0.02 0.44 0.03 0.24 6.80 0.02 0.12 3.41 -0.00 0.00 -0.00 -4.00 0.02 0.27 0.03 0.32 4.64 0.02 0.16 2.31 -1.82 2.71 8.72 -9.89 2.00 -7.72 0.01 -11.10 -0.42 2.18 -3.28 -15.24 -0.12 4.81 -0.11 0.50 1.93 -1.13 0.66 2.91 -1.72 0.00 0.00 0.00 -2.00 -0.00 -0.12 0.00 -0.08 -2.31 0.00 -0.04 -1.14 0.00 0.00 0.00 -0.00 -0.00 -0.15 -0.00 0.00 -2.89 -0.00 0.00 -1.43 0.00 0.00 0.00 2.00 0.01 -0.23 -0.01 0.14 -4.13 -0.01 0.07 -2.05 0.00 0.00 0.00 4.00 0.01 -0.12 -0.01 0.16 -2.36 -0.01 0.08 -1.17
-57.9502 -0.1448 -61.6079 107.08 -0.01 0.08 -1.13 2.38 -0.70 0.84 1.77 0.01 -0.50 -4.28 0.62 -0.00 -0.00 0.00 0.01 2.60 -0.42 -0.13 0.95 -0.00 -0.66 -3.62 0.39 0.00 -0.00 0.00 -0.30 0.02 0.05 -0.35 0.03 -0.26 -0.37 0.03 -0.28 -0.37 0.03 -0.28 -0.73 0.74 0.56 -0.62 0.63 0.48 -0.94 1.56 -18.43 18.22 3.85 24.20 -1.22 -15.04 4.83 8.26 -5.34 5.02 1.07 1.89 1.04 -0.61 0.86 4.30 -0.79 1.59 6.45 -0.00 -0.00 -0.00 2.00 -0.00 0.13 -0.00 -0.09 2.56 -0.00 -0.04 1.26 -0.00 -0.00 -0.00 0.00 0.00 0.31 0.00 0.00 5.16 0.00 0.00 2.57 -0.00 -0.00 -0.00 -2.00 0.02 0.45 0.03 0.24 6.92 0.02 0.12 3.47 -0.00 -0.00 -0.00 -4.00 0.02 0.27 0.03 0.33 4.68 0.02 0.16 2.33 -1.87 2.76 8.80 -9.84 1.84 -7.40 0.02 -11.33 -0.39 2.15 -3.47 -15.27 -0.11 4.82 -0.10 0.51 1.94 -1.13 0.67 2.92 -1.73 -0.00 0.00 0.00 -2.00 -0.00 -0.12 0.00 -0.08 -2.32 0.00 -0.04 -1.15 -0.00 0.00 0.00 -0.00 0.00 -0.15 -0.00 0.00 -2.90 -0.00 0.00 -1.43 -0.00 0.00 0.00 2.00 0.01 -0.23 -0.01 0.14 -4.14 -0.01 0.07 -2.06 -0.00 0.00 0.00 4.00 0.01 -0.12 -0.01 0.16 -2.36 -0.01 0.08 -1.17
-57.9567 -0.1449 -61.6045 107.01 -0.01 0.07 -1.09 2.38 -0.70 0.82 1.75 0.01 -0.46 -4.26 0.61 0.00 -0.00 0.00 0.06 2.60 -0.42 -0.11 0.96 -0.00 -0.66 -3.63 0.39 0.00 0.00 0.00 -0.28 0.02 0.08 -0.32 0.03 -0.24 -0.35 0.03 -0.26 -0.35 0.03 -0.26 -0.76 0.77 0.53 -0.65 0.66 0.46 -1.06 1.53 -18.70 18.27 3.93 24.07 -1.24 -15.33 4.80 8.44 -5.69 4.88 1.09 1.89 1.05 -0.62 0.86 4.37 -0.80 1.60 6.55 0.00 -0.00 0.00 2.00 -0.00 0.13 -0.00 -0.09 2.62 -0.00 -0.05 1.30 0.00 -0.00 0.00 0.00 0.00 0.32 0.00 0.00 5.29 0.00 0.00 2.64 0.00 -0.00 0.00 -2.00 0.02 0.46 0.03 0.24 7.05 0.02 0.12 3.54 0.00 -0.00 0.00 -4.00 0.02 0.28 0.03 0.33 4.73 0.02 0.16 2.36 -1.93 2.82 8.84 -9.80 1.62 -7.24 0.02 -11.53 -0.35 2.13 -3.64 -15.26 -0.11 4.82 -0.11 0.51 1.94 -1.14 0.68 2.92 -1.74 -0.00 -0.00 -0.00 -2.00 -0.00 -0.12 0.00 -0.08 -2.35 0.00 -0.04 -1.16 -0.00 -0.00 -0.00 -0.00 0.00 -0.15 -0.00 0.00 -2.92 -0.00 0.00 -1.44 -0.00 -0.00 -0.00 2.00 0.01 -0.23 -0.01 0.15 -4.17 -0.01 0.07 -2.07 -0.00 -0.00 -0.00 4.00 0.01 -0.12 -0.01 0.17 -2.38 -0.01 0.08 -1.18
-57.9627 -0.1435 -61.6011 106.94 -0.01 0.07 -1.05 2.38 -0.69 0.81 1.72 0.01 -0.40 -4.24 0.61 0.00 0.00 0.00 0.10 2.60 -0.41 -0.07 0.96 -0.00 -0.67 -3.63 0.39 0.00 -0.00 0.00 -0.26 0.02 0.11 -0.29 0.03 -0.23 -0.32 0.03 -0.24 -0.32 0.03 -0.24 -0.80 0.81 0.51 -0.68 0.69 0.43 -1.17 1.51 -18.90 18.29 3.98 24.02 -1.26 -15.60 4.77 8.58 -5.97 4.74 1.10 1.91 1.06 -0.64 0.88 4.44 -0.82 1.63 6.65 0.00 0.00 0.00 2.00 -0.00 0.14 -0.00 -0.09 2.68 -0.00 -0.05 1.33 0.00 0.00 0.00 0.00 -0.00 0.33 0.00 -0.00 5.40 0.00 0.00 2.70 0.00 0.00 0.00 -2.00 0.02 0.47 0.03 0.25 7.17 0.02 0.12 3.60 0.00 0.00 0.00 -4.00 0.02 0.28 0.03 0.33 4.77 0.02 0.16 2.37 -1.99 2.89 8.84 -9.76 1.39 -7.22 0.03 -11.73 -0.32 2.09 -3.80 -15.23 -0.12 4.83 -0.11 0.51 1.94 -1.15 0.68 2.93 -1.75 0.00 0.00 -0.00 -2.00 -0.00 -0.12 0.00 -0.08 -2.37 0.00 -0.04 -1.17 0.00 0.00 -0.00 -0.00 0.00 -0.15 -0.00 0.00 -2.93 -0.00 0.00 -1.45 0.00 0.00 -0.00 2.00 0.01 -0.24 -0.01 0.15 -4.19 -0.01 0.07 -2.08 0.00 0.00 -0.00 4.00 0.01 -0.12 -0.01 0.17 -2.39 -0.01 0.08 -1.18
-57.9659 -0.1433 -61.5965 106.85 -0.01 0.06 -1.02 2.38 -0.69 0.80 1.69 0.01 -0.34 -4.21 0.61 0.00 0.00 -0.00 0.14 2.61 -0.41 -0.03 0.96 -0.00 -0.67 -3.64 0.39 0.00 0.00 0.00 -0.23 0.02 0.15 -0.26 0.03 -0.21 -0.28 0.03 -0.22 -0.28 0.03 -0.22 -0.83 0.84 0.48 -0.71 0.72 0.41 -1.27 1.49 -19.02 18.30 4.01 24.03 -1.27 -15.84 4.72 8.68 -6.22 4.59 1.10 1.97 1.07 -0.65 0.90 4.48 -0.83 1.68 6.72 0.00 0.00 -0.00 2.00 -0.00 0.14 -0.00 -0.10 2.72 -0.00 -0.05 1.35 0.00 0.00 -0.00 0.00 -0.00 0.33 0.00 -0.00 5.49 0.00 -0.00 2.74 0.00 0.00 -0.00 -2.00 0.02 0.48 0.03 0.25 7.27 0.03 0.12 3.65 0.00 0.00 -0.00 -4.00 0.02 0.28 0.03 0.33 4.80 0.02 0.17 2.39 -2.05 2.98 8.82 -9.72 1.15 -7.33 0.03 -11.92 -0.29 2.05 -3.96 -15.21 -0.11 4.84 -0.11 0.51 1.94 -1.14 0.67 2.93 -1.73 0.00 0.00 -0.00 -2.00 -0.00 -0.12 0.00 -0.08 -2.38 0.00 -0.04 -1.18 0.00 0.00 -0.00 -0.00 0.00 -0.15 -0.00 0.00 -2.93 -0.00 0.00 -1.45 0.00 0.00 -0.00 2.00 0.01 -0.24 -0.01 0.15 -4.19 -0.01 0.07 -2.08 0.00 0.00 -0.00 4.00 0.01 -0.12 -0.01 0.17 -2.39 -0.01 0.08 -1.18
-57.9679 -0.1424 -61.5921 106.77 -0.01 0.05 -1.00 2.39 -0.68 0.80 1.66 0.01 -0.28 -4.18 0.60 -0.00 -0.00 -0.00 0.18 2.62 -0.40 0.02 0.96 0.00 -0.67 -3.65 0.39 0.00 0.00 -0.00 -0.21 0.02 0.19 -0.24 0.03 -0.19 -0.25 0.03 -0.20 -0.25 0.03 -0.20 -0.87 0.88 0.46 -0.74 0.75 0.39 -1.33 1.46 -19.06 18.30 4.01 24.15 -1.28 -16.06 4.68 8.72 -6.39 4.45 1.10 2.09 1.06 -0.66 0.95 4.51 -0.84 1.75 6.77 -0.00 0.00 -0.00 2.00 -0.00 0.14 -0.00 -0.10 2.75 -0.00 -0.05 1.36 -0.00 0.00 -0.00 0.00 -0.00 0.34 0.00 -0.00 5.53 0.00 -0.00 2.76 -0.00 0.00 -0.00 -2.00 0.02 0.49 0.04 0.25 7.33 0.03 0.13 3.68 -0.00 0.00 -0.00 -4.00 0.02 0.28 0.03 0.34 4.82 0.02 0.17 2.40 -2.11 3.08 8.75 -9.69 0.90 -7.57 0.03 -12.09 -0.25 2.01 -4.11 -15.21 -0.12 4.83 -0.11 0.50 1.94 -1.15 0.66 2.93 -1.75 -0.00 0.00 0.00 -2.00 -0.00 -0.12 0.00 -0.08 -2.39 0.00 -0.04 -1.18 -0.00 0.00 0.00 0.00 0.00 -0.15 0.00 -0.00 -2.92 0.00 -0.00 -1.45 -0.00 0.00 0.00 2.00 0.01 -0.24 -0.01 0.15 -4.20 -0.01 0.07 -2.09 -0.00 0.00 0.00 4.00 0.01 -0.12 -0.01 0.17 -2.40 -0.01 0.08 -1.18
-57.9680 -0.1423 -61.5874 106.68 -0.01 0.05 -0.97 2.39 -0.68 0.80 1.63 0.01 -0.22 -4.16 0.60 0.00 -0.00 -0.00 0.21 2.63 -0.39 0.08 0.95 0.00 -0.67 -3.65 0.38 0.00 -0.00 0.00 -0.19 0.02 0.24 -0.21 0.03 -0.17 -0.23 0.03 -0.18 -0.23 0.03 -0.18 -0.90 0.92 0.43 -0.77 0.78 0.36 -1.38 1.44 -19.02 18.30 4.02 24.36 -1.30 -16.30 4.64 8.70 -6.44 4.30 1.10 2.23 1.06 -0.66 1.01 4.55 -0.83 1.84 6.83 0.00 -0.00 -0.00 2.00 -0.01 0.14 -0.00 -0.10 2.77 -0.00 -0.05 1.37 0.00 -0.00 -0.00 0.00 -0.00 0.34 0.00 -0.00 5.55 0.00 -0.00 2.77 0.00 -0.00 -0.00 -2.00 0.02 0.49 0.04 0.25 7.38 0.03 0.13 3.71 0.00 -0.00 -0.00 -4.00 0.02 0.28 0.03 0.34 4.85 0.02 0.17 2.41 -2.15 3.18 8.66 -9.67 0.61 -8.00 0.04 -12.25 -0.22 1.97 -4.21 -15.15 -0.13 4.82 -0.12 0.48 1.94 -1.17 0.63 2.92 -1.78 0.00 -0.00 0.00 -2.00 -0.00 -0.12 0.00 -0.08 -2.39 0.00 -0.04 -1.18 0.00 -0.00 0.00 0.00 -0.00 -0.15 0.00 -0.00 -2.92 0.00 -0.00 -1.45 0.00 -0.00 0.00 2.00 0.01 -0.24 -0.01 0.15 -4.19 -0.01 0.07 -2.08 0.00 -0.00 0.00 4.00 0.01 -0.12 -0.01 0.17 -2.40 -0.01 0.08 -1.19
-57.9666 -0.1422 -61.5823 106.60 -0.01 0.04 -0.94 2.40 -0.67 0.80 1.60 0.01 -0.17 -4.13 0.60 -0.00 -0.00 0.00 0.23 2.64 -0.39 0.14 0.95 0.00 -0.67 -3.66 0.38 0.00 0.00 0.00 -0.17 0.02 0.28 -0.19 0.03 -0.15 -0.20 0.03 -0.17 -0.20 0.03 -0.17 -0.93 0.95 0.40 -0.79 0.81 0.34 -1.39 1.43 -18.93 18.25 3.91 24.67 -1.30 -16.45 4.58 8.57 -6.32 4.17 1.09 2.40 1.05 -0.67 1.08 4.58 -0.82 1.95 6.86 -0.00 -0.00 -0.00 2.00 -0.00 0.14 -0.00 -0.10 2.74 -0.00 -0.05 1.36 -0.00 -0.00 -0.00 0.00 0.00 0.33 0.00 0.00 5.51 0.00 0.00 2.75 -0.00 -0.00 -0.00 -2.00 0.02 0.49 0.04 0.25 7.36 0.03 0.13 3.69 -0.00 -0.00 -0.00 -4.00 0.02 0.28 0.03 0.34 4.83 0.02 0.17 2.41 -2.18 3.30 8.54 -9.66 0.27 -8.57 0.03 -12.39 -0.18 1.94 -4.27 -15.04 -0.13 4.82 -0.12 0.47 1.94 -1.15 0.61 2.92 -1.76 0.00 0.00 0.00 -2.00 -0.00 -0.12 0.00 -0.08 -2.36 0.00 -0.04 -1.17 0.00 0.00 0.00 0.00 0.00 -0.15 0.00 0.00 -2.89 0.00 0.00 -1.43 0.00 0.00 0.00 2.00 0.01 -0.24 -0.01 0.15 -4.20 -0.01 0.07 -2.08 0.00 0.00 0.00 4.00 0.01 -0.12 -0.01 0.17 -2.40 -0.01 0.08 -1.19
-57.9642 -0.1414 -61.5769 106.51 -0.01 0.04 -0.91 2.40 -0.66 0.81 1.56 0.01 -0.11 -4.11 0.59 -0.00 0.00 0.00 0.26 2.65 -0.38 0.21 0.95 0.00 -0.67 -3.67 0.37 0.00 -0.00 0.00 -0.16 0.02 0.32 -0.16 0.03 -0.14 -0.18 0.03 -0.15 -0.18 0.03 -0.15 -0.96 0.98 0.37 -0.82 0.83 0.32 -1.36 1.42 -18.76 18.07 3.61 25.06 -1.26 -16.42 4.45 8.36 -6.01 4.04 1.08 2.59 1.03 -0.67 1.15 4.59 -0.81 2.06 6.88 -0.00 -0.00 -0.00 2.00 -0.00 0.14 -0.00 -0.10 2.75 -0.00 -0.05 1.36 -0.00 -0.00 -0.00 0.00 0.00 0.33 0.00 0.00 5.47 0.00 0.00 2.73 -0.00 -0.00 -0.00 -2.00 0.02 0.49 0.04 0.25 7.35 0.03 0.13 3.69 -0.00 -0.00 -0.00 -4.00 0.02 0.28 0.03 0.34 4.85 0.02 0.17 2.42 -2.20 3.42 8.41 -9.66 -0.12 -9.28 0.03 -12.51 -0.16 1.93 -4.28 -14.81 -0.13 4.80 -0.12 0.47 1.93 -1.17 0.61 2.91 -1.78 0.00 -0.00 0.00 -2.00 -0.00 -0.12 0.00 -0.08 -2.34 0.00 -0.04 -1.15 0.00 -0.00 0.00 -0.00 0.00 -0.15 0.00 0.00 -2.88 0.00 0.00 -1.42 0.00 -0.00 0.00 2.00 0.01 -0.24 -0.01 0.15 -4.22 -0.01 0.07 -2.10 0.00 -0.00 0.00 4.00 0.01 -0.12 -0.01 0.17 -2.41 -0.01 0.08 -1.19
-57.9613 -0.1414 -61.5705 106.43 -0.01 0.03 -0.88 2.41 -0.66 0.81 1.53 0.01 -0.07 -4.08 0.58 -0.00 -0.00 0.00 0.28 2.66 -0.37 0.27 0.95 0.00 -0.67 -3.68 0.37 0.00 -0.00 0.00 -0.14 0.02 0.37 -0.14 0.03 -0.12 -0.15 0.03 -0.13 -0.15 0.03 -0.13 -0.99 1.00 0.34 -0.85 0.85 0.29 -1.26 1.42 -18.56 17.67 2.97 25.67 -1.17 -16.11 4.23 8.01 -5.42 3.90 1.05 2.87 1.00 -0.69 1.27 4.59 -0.82 2.23 6.89 -0.00 -0.00 0.00 2.00 -0.00 0.14 -0.00 -0.10 2.74 -0.00 -0.05 1.35 -0.00 -0.00 0.00 0.00 0.00 0.33 0.00 0.00 5.40 0.00 0.00 2.70 -0.00 -0.00 0.00 -2.00 0.02 0.49 0.03 0.25 7.33 0.03 0.13 3.68 -0.00 -0.00 0.00 -4.00 0.02 0.28 0.03 0.34 4.86 0.02 0.17 2.42 -2.21 3.55 8.24 -9.67 -0.54 -10.09 0.04 -12.59 -0.17 1.92 -4.26 -14.47 -0.14 4.77 -0.13 0.46 1.92 -1.18 0.60 2.90 -1.80 -0.00 -0.00 0.00 -2.00 -0.00 -0.12 0.00 -0.08 -2.31 0.00 -0.04 -1.14 -0.00 -0.00 0.00 0.00 0.00 -0.15 0.00 0.00 -2.86 0.00 0.00 -1.42 -0.00 -0.00 0.00 2.00 0.01 -0.24 -0.01 0.15 -4.24 -0.01 0.07 -2.11 -0.00 -0.00 0.00 4.00 0.01 -0.12 -0.01 0.17 -2.44 -0.01 0.08 -1.21
-57.9582 -0.1414 -61.5648 106.35 -0.01 0.03 -0.85 2.42 -0.65 0.81 1.51 0.01 -0.02 -4.06 0.58 -0.00 0.00 -0.00 0.30 2.67 -0.37 0.33 0.94 0.00 -0.67 -3.69 0.36 0.00 0.00 -0.00 -0.12 0.02 0.41 -0.12 0.03 -0.10 -0.13 0.03 -0.10 -0.13 0.03 -0.10 -1.03 1.02 0.30 -0.87 0.87 0.25 -1.12 1.41 -18.33 17.10 2.08 26.42 -1.05 -15.57 3.92 7.54 -4.61 3.78 1.01 3.17 0.96 -0.71 1.38 4.58 -0.84 2.40 6.88 -0.00 0.00 -0.00 2.00 -0.00 0.14 -0.00 -0.09 2.71 -0.00 -0.05 1.34 -0.00 0.00 -0.00 0.00 0.00 0.32 0.00 0.00 5.30 0.00 0.00 2.65 -0.00 0.00 -0.00 -2.00 0.02 0.48 0.03 0.25 7.27 0.03 0.13 3.65 -0.00 0.00 -0.00 -4.00 0.02 0.28 0.03 0.34 4.83 0.02 0.17 2.40 -2.20 3.67 8.04 -9.66 -1.12 -11.10 0.04 -12.52 -0.19 1.92 -4.16 -14.00 -0.13 4.75 -0.13 0.45 1.91 -1.15 0.59 2.88 -1.75 -0.00 0.00 0.00 -2.00 -0.00 -0.11 0.00 -0.08 -2.24 0.00 -0.04 -1.11 -0.00 0.00 0.00 0.00 0.00 -0.15 0.00 0.00 -2.80 0.00 0.00 -1.39 -0.00 0.00 0.00 2.00 0.01 -0.24 -0.01 0.15 -4.22 -0.01 0.07 -2.10 -0.00 0.00 0.00 4.00 0.01 -0.12 -0.01 0.17 -2.44 -0.01 0.08 -1.20
-57.9555 -0.1416 -61.5598 106.27 -0.01 0.02 -0.81 2.42 -0.64 0.81 1.48 0.01 0.01 -4.04 0.58 0.00 0.00 -0.00 0.33 2.68 -0.36 0.37 0.94 0.00 -0.67 -3.70 0.36 0.00 0.00 -0.00 -0.11 0.02 0.45 -0.10 0.03 -0.07 -0.11 0.03 -0.08 -0.11 0.03 -0.08 -1.05 1.04 0.25 -0.90 0.89 0.22 -0.93 1.42 -18.06 16.35 1.00 27.30 -0.90 -14.82 3.58 6.99 -3.61 3.64 0.95 3.47 0.90 -0.73 1.50 4.50 -0.85 2.56 6.76 0.00 -0.00 0.00 2.00 -0.00 0.14 -0.00 -0.09 2.65 -0.00 -0.05 1.31 0.00 -0.00 0.00 0.00 0.00 0.31 0.00 0.00 5.15 0.00 0.00 2.57 0.00 -0.00 0.00 -2.00 0.02 0.47 0.03 0.25 7.15 0.02 0.12 3.59 0.00 -0.00 0.00 -4.00 0.02 0.28 0.03 0.33 4.79 0.02 0.17 2.38 -2.15 3.80 7.80 -9.54 -1.96 -12.26 0.02 -12.23 -0.20 1.92 -3.90 -13.44 -0.14 4.72 -0.13 0.46 1.90 -1.19 0.60 2.86 -1.81 0.00 0.00 -0.00 -2.00 -0.00 -0.11 0.00 -0.08 -2.24 0.00 -0.04 -1.11 0.00 0.00 -0.00 -0.00 0.00 -0.15 0.00 0.00 -2.80 0.00 0.00 -1.38 0.00 0.00 -0.00 2.00 0.01 -0.24 -0.01 0.15 -4.25 -0.01 0.07 -2.11 0.00 0.00 -0.00 4.00 0.01 -0.12 -0.01 0.17 -2.44 -0.01 0.08 -1.20
-57.9536 -0.1409 -61.5562 106.20 -0.02 0.02 -0.76 2.42 -0.64 0.81 1.46 0.01 0.04 -4.02 0.57 0.00 -0.00 0.00 0.37 2.69 -0.35 0.41 0.94 0.00 -0.67 -3.70 0.36 0.00 0.00 0.00 -0.09 0.02 0.50 -0.08 0.02 -0.05 -0.09 0.03 -0.06 -0.09 0.03 -0.06 -1.08 1.06 0.21 -0.92 0.90 0.18 -0.71 1.43 -17.75 15.44 -0.21 28.31 -0.74 -13.89 3.19 6.38 -2.49 3.49 0.90 3.79 0.84 -0.77 1.63 4.46 -0.88 2.74 6.71 -0.00 0.00 0.00 2.00 -0.00 0.13 -0.00 -0.09 2.61 -0.00 -0.04 1.29 -0.00 0.00 0.00 0.00 0.00 0.30 0.00 0.00 5.02 0.00 0.00 2.50 -0.00 0.00 0.00 -2.00 0.02 0.47 0.03 0.25 7.07 0.02 0.12 3.54 -0.00 0.00 0.00 -4.00 0.02 0.28 0.03 0.33 4.74 0.02 0.16 2.36 -2.06 3.95 7.53 -9.29 -3.07 -13.54 0.01 -11.76 -0.23 1.89 -3.47 -12.78 -0.14 4.69 -0.13 0.46 1.89 -1.17 0.60 2.85 -1.78 -0.00 -0.00 0.00 -2.00 -0.00 -0.11 0.00 -0.08 -2.22 0.00 -0.04 -1.10 -0.00 -0.00 0.00 0.00 0.00 -0.14 -0.00 0.00 -2.78 0.00 0.00 -1.37 -0.00 -0.00 0.00 2.00 0.01 -0.24 -0.01 0.15 -4.24 -0.01 0.07 -2.11 -0.00 -0.00 0.00 4.00 0.01 -0.12 -0.01 0.17 -2.43 -0.01 0.08 -1.20
-57.9522 -0.1412 -61.5530 106.14 -0.02 0.01 -0.71 2.43 -0.63 0.80 1.45 0.01 0.07 -4.01 0.57 0.00 0.00 0.00 0.41 2.70 -0.35 0.44 0.93 0.00 -0.67 -3.71 0.35 0.00 -0.00 0.00 -0.07 0.02 0.54 -0.05 0.02 -0.03 -0.06 0.03 -0.03 -0.06 0.03 -0.03 -1.12 1.07 0.16 -0.96 0.91 0.14 -0.49 1.45 -17.48 14.35 -1.61 29.63 -0.57 -12.78 2.76 5.69 -1.19 3.30 0.82 4.18 0.77 -0.84 1.78 4.37 -0.97 2.95 6.59 0.00 -0.00 -0.00 2.00 -0.00 0.13 -0.00 -0.09 2.53 -0.00 -0.04 1.25 0.00 -0.00 -0.00 0.00 0.00 0.28 0.00 0.00 4.82 0.00 0.00 2.40 0.00 -0.00 -0.00 -2.00 0.02 0.45 0.03 0.24 6.92 0.02 0.12 3.47 0.00 -0.00 -0.00 -4.00 0.02 0.27 0.03 0.33 4.69 0.02 0.16 2.33 -1.96 4.10 7.22 -8.90 -4.42 -14.91 -0.02 -11.10 -0.24 1.86 -2.90 -12.08 -0.14 4.65 -0.13 0.49 1.87 -1.20 0.64 2.82 -1.82 0.00 -0.00 -0.00 -2.00 -0.00 -0.11 0.00 -0.08 -2.23 0.00 -0.04 -1.10 0.00 -0.00 -0.00 0.00 -0.00 -0.14 -0.00 -0.00 -2.78 -0.00 -0.00 -1.38 0.00 -0.00 -0.00 2.00 0.01 -0.24 -0.01 0.15 -4.22 -0.01 0.07 -2.10 0.00 -0.00 -0.00 4.00 0.01 -0.12 -0.01 0.17 -2.44 -0.01 0.08 -1.20
-57.9512 -0.1416 -61.5506 106.08 -0.02 0.01 -0.67 2.43 -0.63 0.80 1.43 0.01 0.08 -4.00 0.57 -0.00 0.00 -0.00 0.44 2.71 -0.35 0.46 0.93 0.00 -0.67 -3.72 0.35 0.00 -0.00 0.00 -0.04 0.02 0.58 -0.02 0.03 -0.00 -0.02 0.03 -0.00 -0.02 0.03 -0.00 -1.17 1.09 0.11 -0.99 0.92 0.09 -0.28 1.49 -17.23 13.11 -3.13 31.18 -0.41 -11.58 2.34 4.97 0.20 3.02 0.75 4.56 0.70 -0.94 1.93 4.38 -1.10 3.17 6.61 -0.00 -0.00 -0.00 2.00 -0.00 0.13 -0.00 -0.09 2.52 -0.00 -0.04 1.24 -0.00 -0.00 -0.00 0.00 0.00 0.27 0.00 0.00 4.69 0.00 0.00 2.33 -0.00 -0.00 -0.00 -2.00 0.02 0.44 0.03 0.24 6.82 0.02 0.12 3.42 -0.00 -0.00 -0.00 -4.00 0.02 0.27 0.03 0.32 4.65 0.02 0.16 2.32 -1.82 4.22 6.84 -8.28 -6.10 -16.56 -0.07 -10.11 -0.21 1.77 -2.08 -11.30 -0.14 4.61 -0.13 0.50 1.85 -1.21 0.66 2.80 -1.84 0.00 0.00 0.00 -2.00 -0.00 -0.11 0.00 -0.08 -2.21 0.00 -0.04 -1.09 0.00 0.00 0.00 -0.00 0.00 -0.14 -0.00 0.00 -2.75 -0.00 0.00 -1.36 0.00 0.00 0.00 2.00 0.01 -0.24 -0.01 0.15 -4.23 -0.01 0.07 -2.10 0.00 0.00 0.00 4.00 0.01 -0.12 -0.01 0.17 -2.45 -0.01 0.08 -1.21
-57.9511 -0.1412 -61.5492 106.02 -0.02 0.01 -0.63 2.43 -0.62 0.80 1.42 0.01 0.10 -3.98 0.57 -0.00 0.00 0.00 0.48 2.72 -0.34 0.47 0.93 0.00 -0.67 -3.72 0.35 0.00 -0.00 0.00 -0.02 0.02 0.62 0.01 0.03 0.02 0.01 0.03 0.02 0.01 0.03 0.02 -1.22 1.10 0.05 -1.04 0.93 0.04 -0.09 1.55 -16.99 11.76 -4.70 32.87 -0.27 -10.40 1.99 4.23 1.62 2.65 0.68 4.95 0.62 -1.06 2.09 4.36 -1.25 3.40 6.59 0.00 -0.00 -0.00 2.00 -0.00 0.13 -0.00 -0.09 2.49 -0.00 -0.04 1.23 0.00 -0.00 -0.00 0.00 0.00 0.27 0.00 0.00 4.62 0.00 0.00 2.30 0.00 -0.00 -0.00 -2.00 0.02 0.44 0.03 0.24 6.80 0.02 0.12 3.41 0.00 -0.00 -0.00 -4.00 0.02 0.27 0.03 0.32 4.65 0.02 0.16 2.32 -1.67 4.33 6.40 -7.45 -7.91 -18.38 -0.13 -8.92 -0.18 1.61 -1.06 -10.50 -0.14 4.57 -0.13 0.50 1.84 -1.23 0.67 2.78 -1.88 -0.00 -0.00 0.00 -2.00 -0.00 -0.11 0.00 -0.08 -2.21 0.00 -0.04 -1.09 -0.00 -0.00 0.00 -0.00 0.00 -0.14 -0.00 0.00 -2.70 -0.00 0.00 -1.33 -0.00 -0.00 0.00 2.00 0.01 -0.24 -0.01 0.15 -4.20 -0.01 0.07 -2.09 -0.00 -0.00 0.00 4.00 0.01 -0.12 -0.01 0.17 -2.46 -0.01 0.08 -1.21
-57.9504 -0.1422 -61.5475 105.98 -0.02 0.01 -0.59 2.43 -0.62 0.80 1.41 0.01 0.11 -3.97 0.57 0.00 -0.00 -0.00 0.51 2.72 -0.34 0.48 0.93 0.00 -0.67 -3.73 0.35 0.00 -0.00 0.00 0.01 0.02 0.65 0.05 0.03 0.04 0.05 0.03 0.05 0.05 0.03 0.05 -1.27 1.10 -0.00 -1.08 0.94 -0.00 0.11 1.63 -16.70 10.26 -6.27 34.64 -0.16 -9.25 1.64 3.51 3.02 2.23 0.61 5.31 0.56 -1.21 2.24 4.42 -1.44 3.61 6.69 0.00 -0.00 -0.00 2.00 -0.00 0.13 -0.00 -0.09 2.51 -0.00 -0.04 1.24 0.00 -0.00 -0.00 0.00 -0.00 0.27 0.00 -0.00 4.64 0.00 -0.00 2.31 0.00 -0.00 -0.00 -2.00 0.02 0.45 0.03 0.24 6.88 0.02 0.12 3.45 0.00 -0.00 -0.00 -4.00 0.02 0.27 0.03 0.32 4.66 0.02 0.16 2.32 -1.51 4.45 5.90 -6.51 -9.71 -20.26 -0.17 -7.65 -0.18 1.42 0.07 -9.73 -0.15 4.55 -0.14 0.50 1.83 -1.27 0.66 2.76 -1.93 -0.00 -0.00 -0.00 -2.00 -0.00 -0.11 0.00 -0.08 -2.22 0.00 -0.04 -1.10 -0.00 -0.00 -0.00 -0.00 0.00 -0.14 -0.00 0.00 -2.71 -0.00 0.00 -1.34 -0.00 -0.00 -0.00 2.00 0.01 -0.23 -0.01 0.15 -4.17 -0.01 0.07 -2.07 -0.00 -0.00 -0.00 4.00 0.01 -0.12 -0.01 0.17 -2.45 -0.01 0.08 -1.21
-57.9507 -0.1419 -61.5465 105.95 -0.02 0.00 -0.56 2.42 -0.62 0.79 1.41 0.01 0.12 -3.97 0.56 -0.00 -0.00 -0.00 0.54 2.73 -0.34 0.49 0.93 0.00 -0.67 -3.73 0.35 0.00 -0.00 -0.00 0.04 0.02 0.69 0.09 0.03 0.06 0.09 0.03 0.07 0.09 0.03 0.07 -1.33 1.11 -0.06 -1.13 0.94 -0.05 0.33 1.73 -16.38 8.51 -7.85 36.73 -0.06 -8.06 1.25 2.77 4.53 1.85 0.52 5.82 0.47 -1.39 2.44 4.38 -1.68 3.90 6.65 0.00 -0.00 -0.00 2.00 -0.00 0.13 -0.00 -0.09 2.46 -0.00 -0.04 1.22 0.00 -0.00 -0.00 0.00 0.00 0.26 0.00 0.00 4.53 0.00 0.00 2.25 0.00 -0.00 -0.00 -2.00 0.02 0.44 0.03 0.24 6.81 0.02 0.12 3.42 0.00 -0.00 -0.00 -4.00 0.02 0.27 0.03 0.32 4.66 0.02 0.16 2.32 -1.36 4.58 5.39 -5.46 -11.46 -22.24 -0.24 -6.32 -0.19 1.23 1.27 -8.96 -0.16 4.52 -0.15 0.52 1.82 -1.31 0.69 2.75 -2.00 0.00 0.00 0.00 -2.00 -0.00 -0.11 0.00 -0.08 -2.23 0.00 -0.04 -1.10 0.00 0.00 0.00 0.00 0.00 -0.14 -0.00 0.00 -2.69 -0.00 0.00 -1.33 0.00 0.00 0.00 2.00 0.01 -0.23 -0.01 0.15 -4.17 -0.01 0.07 -2.07 0.00 0.00 0.00 4.00 0.01 -0.12 -0.01 0.17 -2.45 -0.01 0.08 -1.21
-57.9519 -0.1416 -61.5455 105.92 -0.02 0.00 -0.54 2.42 -0.62 0.79 1.40 0.01 0.12 -3.96 0.56 0.00 0.00 0.00 0.56 2.73 -0.34 0.50 0.93 0.00 -0.67 -3.73 0.35 0.00 -0.00 0.00 0.08 0.02 0.72 0.13 0.03 0.08 0.14 0.03 0.09 0.14 0.03 0.09 -1.40 1.10 -0.12 -1.19 0.94 -0.10 0.52 1.83 -16.05 6.65 -9.31 38.98 0.03 -6.91 0.93 2.05 6.08 1.48 0.44 6.30 0.39 -1.56 2.64 4.39 -1.89 4.18 6.70 0.00 -0.00 0.00 2.00 -0.00 0.12 -0.00 -0.08 2.43 -0.00 -0.04 1.20 0.00 -0.00 0.00 0.00 0.00 0.25 0.00 0.00 4.43 0.00 0.00 2.20 0.00 -0.00 0.00 -2.00 0.02 0.43 0.03 0.23 6.71 0.02 0.12 3.36 0.00 -0.00 0.00 -4.00 0.02 0.27 0.03 0.32 4.63 0.02 0.16 2.30 -1.22 4.71 4.84 -4.22 -13.18 -24.56 -0.40 -4.86 -0.17 1.01 2.52 -8.14 -0.14 4.45 -0.13 0.55 1.79 -1.28 0.73 2.71 -1.94 0.00 0.00 0.00 -2.00 -0.00 -0.11 0.00 -0.08 -2.23 0.00 -0.04 -1.10 0.00 0.00 0.00 -0.00 -0.00 -0.14 0.00 -0.00 -2.68 0.00 -0.00 -1.33 0.00 0.00 0.00 2.00 0.01 -0.23 -0.01 0.14 -4.14 -0.01 0.07 -2.06 0.00 0.00 0.00 4.00 0.01 -0.13 -0.01 0.17 -2.46 -0.01 0.08 -1.22
-57.9530 -0.1418 -61.5442 105.90 -0.02 0.00 -0.52 2.42 -0.62 0.79 1.39 0.01 0.12 -3.95 0.56 -0.00 -0.00 -0.00 0.57 2.73 -0.34 0.51 0.93 0.00 -0.67 -3.73 0.35 0.00 -0.00 0.00 0.12 0.02 0.75 0.18 0.03 0.11 0.19 0.03 0.11 0.19 0.03 0.11 -1.49 1.09 -0.19 -1.27 0.93 -0.16 0.66 1.96 -15.75 4.75 -10.62 41.34 0.10 -5.78 0.61 1.36 7.59 1.18 0.37 6.75 0.32 -1.71 2.82 4.38 -2.09 4.43 6.70 -0.00 -0.00 0.00 2.00 -0.00 0.12 -0.00 -0.08 2.36 -0.00 -0.04 1.17 -0.00 -0.00 0.00 0.00 0.00 0.24 0.00 0.00 4.27 0.00 0.00 2.12 -0.00 -0.00 0.00 -2.00 0.01 0.42 0.03 0.23 6.58 0.02 0.11 3.30 -0.00 -0.00 0.00 -4.00 0.02 0.26 0.03 0.32 4.59 0.02 0.16 2.28 -1.11 4.84 4.24 -2.89 -14.76 -27.00 -0.62 -3.35 -0.17 0.76 3.79 -7.40 -0.12 4.36 -0.11 0.55 1.75 -1.17 0.75 2.65 -1.78 -0.00 0.00 -0.00 -2.00 -0.00 -0.11 0.00 -0.08 -2.18 0.00 -0.04 -1.08 -0.00 0.00 -0.00 -0.00 0.00 -0.13 -0.00 0.00 -2.62 -0.00 0.00 -1.30 -0.00 0.00 -0.00 2.00 0.01 -0.23 -0.01 0.14 -4.12 -0.01 0.07 -2.05 -0.00 0.00 -0.00 4.00 0.01 -0.13 -0.01 0.17 -2.49 -0.01 0.09 -1.23
-57.9549 -0.1415 -61.5429 105.88 -0.01 0.00 -0.51 2.42 -0.62 0.79 1.39 0.01 0.13 -3.95 0.56 0.00 0.00 -0.00 0.59 2.73 -0.33 0.51 0.93 0.00 -0.67 -3.73 0.35 0.00 -0.00 0.00 0.16 0.02 0.78 0.23 0.03 0.13 0.25 0.03 0.14 0.25 0.03 0.14 -1.60 1.08 -0.27 -1.37 0.92 -0.23 0.76 2.14 -15.44 2.82 -11.81 43.73 0.15 -4.69 0.36 0.70 9.03 0.86 0.29 7.15 0.26 -1.87 2.98 4.36 -2.29 4.65 6.69 -0.00 0.00 -0.00 2.00 -0.00 0.12 -0.00 -0.08 2.33 -0.00 -0.04 1.15 -0.00 0.00 -0.00 0.00 0.00 0.23 0.00 0.00 4.14 0.00 0.00 2.06 -0.00 0.00 -0.00 -2.00 0.01 0.41 0.03 0.22 6.45 0.02 0.11 3.23 -0.00 0.00 -0.00 -4.00 0.02 0.26 0.03 0.32 4.55 0.02 0.16 2.26 -1.03 4.99 3.53 -1.49 -16.20 -29.48 -0.92 -1.79 -0.14 0.47 5.09 -6.76 -0.12 4.34 -0.12 0.54 1.74 -1.18 0.73 2.63 -1.80 -0.00 -0.00 -0.00 -2.00 -0.00 -0.11 0.00 -0.08 -2.20 0.00 -0.04 -1.09 -0.00 -0.00 -0.00 -0.00 0.00 -0.13 -0.00 -0.00 -2.61 -0.00 0.00 -1.29 -0.00 -0.00 -0.00 2.00 0.01 -0.23 -0.01 0.14 -4.09 -0.01 0.07 -2.03 -0.00 -0.00 -0.00 4.00 0.01 -0.13 -0.01 0.17 -2.50 -0.01 0.09 -1.24
-57.9568 -0.1413 -61.5415 105.86 -0.01 0.00 -0.49 2.42 -0.62 0.79 1.38 0.01 0.13 -3.94 0.56 -0.00 0.00 0.00 0.60 2.73 -0.33 0.51 0.93 0.00 -0.67 -3.73 0.35 0.00 -0.00 0.00 0.21 0.02 0.82 0.29 0.03 0.16 0.32 0.03 0.17 0.32 0.03 0.17 -1.74 1.06 -0.34 -1.48 0.90 -0.29 0.83 2.35 -15.10 0.72 -12.92 46.34 0.19 -3.51 0.11 0.06 10.46 0.51 0.22 7.63 0.19 -2.06 3.17 4.32 -2.56 4.91 6.66 0.00 -0.00 0.00 2.00 -0.00 0.11 -0.00 -0.08 2.28 -0.00 -0.04 1.13 0.00 -0.00 0.00 0.00 0.00 0.22 0.00 0.00 4.00 0.00 0.00 1.99 0.00 -0.00 0.00 -2.00 0.01 0.40 0.03 0.22 6.38 0.02 0.11 3.19 0.00 -0.00 0.00 -4.00 0.02 0.26 0.03 0.31 4.51 0.02 0.16 2.24 -1.01 5.14 2.75 -0.06 -17.44 -31.94 -1.26 -0.22 -0.13 0.14 6.45 -6.23 -0.12 4.26 -0.11 0.52 1.71 -1.13 0.71 2.58 -1.71 0.00 0.00 -0.00 -2.00 -0.00 -0.11 0.00 -0.08 -2.18 0.00 -0.04 -1.08 0.00 0.00 -0.00 -0.00 -0.00 -0.13 -0.00 -0.00 -2.53 -0.00 -0.00 -1.25 0.00 0.00 -0.00 2.00 0.01 -0.23 -0.01 0.14 -4.05 -0.01 0.07 -2.01 0.00 0.00 -0.00 4.00 0.01 -0.13 -0.01 0.17 -2.48 -0.01 0.09 -1.22
-57.9581 -0.1421 -61.5395 105.85 -0.01 0.00 -0.48 2.42 -0.61 0.79 1.38 0.01 0.13 -3.94 0.56 -0.00 -0.00 0.00 0.61 2.73 -0.33 0.51 0.93 0.00 -0.67 -3.73 0.35 0.00 -0.00 0.00 0.26 0.02 0.84 0.35 0.03 0.17 0.38 0.03 0.19 0.38 0.03 0.19 -1.87 1.03 -0.41 -1.60 0.88 -0.34 0.92 2.56 -14.69 -1.41 -13.85 48.96 0.23 -2.35 -0.10 -0.55 11.82 0.18 0.15 8.08 0.13 -2.26 3.34 4.27 -2.83 5.14 6.62 0.00 0.00 0.00 2.00 -0.00 0.11 -0.00 -0.08 2.24 -0.00 -0.04 1.11 0.00 0.00 0.00 0.00 0.00 0.21 0.00 0.00 3.86 0.00 0.00 1.92 0.00 0.00 0.00 -2.00 0.01 0.39 0.03 0.22 6.24 0.02 0.11 3.12 0.00 0.00 0.00 -4.00 0.02 0.26 0.03 0.31 4.47 0.02 0.15 2.22 -0.99 5.30 2.00 1.47 -18.48 -34.59 -1.67 1.36 -0.13 -0.22 7.87 -5.80 -0.14 4.28 -0.13 0.54 1.73 -1.24 0.73 2.61 -1.89 0.00 -0.00 -0.00 -2.00 -0.00 -0.11 0.00 -0.08 -2.27 0.00 -0.04 -1.12 0.00 -0.00 -0.00 -0.00 -0.00 -0.13 -0.00 -0.00 -2.48 -0.00 -0.00 -1.22 0.00 -0.00 -0.00 2.00 0.01 -0.22 -0.01 0.14 -4.01 -0.01 0.07 -1.99 0.00 -0.00 -0.00 4.00 0.01 -0.12 -0.01 0.17 -2.44 -0.01 0.08 -1.20
-57.9603 -0.1415 -61.5382 105.85 -0.01 0.00 -0.48 2.41 -0.61 0.79 1.38 0.01 0.13 -3.94 0.56 -0.00 -0.00 0.00 0.61 2.73 -0.33 0.52 0.92 0.00 -0.67 -3.73 0.34 0.00 -0.00 0.00 0.30 0.02 0.86 0.40 0.03 0.18 0.43 0.03 0.20 0.43 0.03 0.20 -1.99 1.01 -0.46 -1.69 0.86 -0.39 1.02 2.75 -14.22 -3.47 -14.55 51.54 0.24 -1.26 -0.28 -1.13 13.12 -0.10 0.08 8.47 0.06 -2.47 3.50 4.14 -3.13 5.33 6.46 -0.00 0.00 0.00 2.00 -0.00 0.11 -0.00 -0.07 2.16 -0.00 -0.04 1.06 -0.00 0.00 0.00 0.00 0.00 0.20 0.00 0.00 3.67 0.00 0.00 1.82 -0.00 0.00 0.00 -2.00 0.01 0.38 0.03 0.21 6.09 0.02 0.11 3.04 -0.00 0.00 0.00 -4.00 0.02 0.25 0.03 0.31 4.43 0.02 0.15 2.20 -0.97 5.46 1.28 3.06 -19.35 -37.35 -2.07 2.92 -0.13 -0.55 9.25 -5.37 -0.15 4.27 -0.14 0.57 1.72 -1.30 0.76 2.60 -1.97 0.00 0.00 0.00 -2.00 -0.00 -0.12 0.00 -0.08 -2.30 0.00 -0.04 -1.14 0.00 0.00 0.00 -0.00 -0.00 -0.12 -0.00 -0.00 -2.44 -0.00 -0.00 -1.21 0.00 0.00 0.00 2.00 0.01 -0.22 -0.01 0.14 -4.00 -0.01 0.07 -1.99 0.00 0.00 0.00 4.00 0.01 -0.12 -0.01 0.17 -2.40 -0.01 0.08 -1.19
-57.9623 -0.1408 -61.5371 105.84 -0.01 0.00 -0.48 2.41 -0.61 0.80 1.38 0.01 0.13 -3.94 0.56 0.00 -0.00 -0.00 0.62 2.73 -0.33 0.52 0.92 0.00 -0.67 -3.73 0.34 0.00 -0.00 0.00 0.34 0.02 0.87 0.44 0.03 0.19 0.48 0.03 0.21 0.48 0.03 0.21 -2.09 0.99 -0.52 -1.78 0.84 -0.44 1.12 2.95 -13.69 -5.39 -15.04 53.98 0.24 -0.27 -0.40 -1.66 14.30 -0.35 0.02 8.86 0.01 -2.69 3.65 4.09 -3.43 5.52 6.41 0.00 0.00 0.00 2.00 -0.00 0.11 -0.00 -0.07 2.11 -0.00 -0.04 1.04 0.00 0.00 0.00 0.00 0.00 0.19 0.00 0.00 3.51 0.00 0.00 1.74 0.00 0.00 0.00 -2.00 0.01 0.37 0.02 0.21 5.95 0.02 0.10 2.98 0.00 0.00 0.00 -4.00 0.02 0.25 0.03 0.31 4.40 0.02 0.15 2.19 -0.98 5.62 0.54 4.65 -20.05 -40.10 -2.44 4.40 -0.14 -0.81 10.51 -4.99 -0.16 4.24 -0.15 0.56 1.71 -1.34 0.75 2.59 -2.04 0.00 0.00 -0.00 -2.00 -0.00 -0.12 0.00 -0.08 -2.31 0.00 -0.04 -1.14 0.00 0.00 -0.00 -0.00 -0.00 -0.12 -0.00 -0.00 -2.36 -0.00 -0.00 -1.17 0.00 0.00 -0.00 2.00 0.01 -0.22 -0.01 0.14 -3.94 -0.01 0.07 -1.96 0.00 0.00 -0.00 4.00 0.01 -0.12 -0.01 0.17 -2.41 -0.01 0.08 -1.19
-57.9638 -0.1407 -61.5358 105.84 -0.01 0.00 -0.48 2.41 -0.61 0.80 1.38 0.01 0.13 -3.93 0.56 0.00 0.00 0.00 0.62 2.73 -0.33 0.52 0.92 0.00 -0.67 -3.73 0.34 0.00 -0.00 0.00 0.37 0.02 0.88 0.49 0.03 0.20 0.52 0.04 0.22 0.52 0.04 0.22 -2.18 0.97 -0.58 -1.85 0.82 -0.49 1.21 3.16 -13.19 -7.18 -15.30 56.51 0.23 0.64 -0.49 -2.16 15.36 -0.65 -0.03 9.26 -0.04 -2.96 3.80 4.02 -3.81 5.71 6.35 0.00 -0.00 -0.00 2.00 -0.00 0.10 -0.00 -0.07 2.06 -0.00 -0.04 1.02 0.00 -0.00 -0.00 0.00 0.00 0.18 0.00 0.00 3.37 0.00 0.00 1.67 0.00 -0.00 -0.00 -2.00 0.01 0.36 0.02 0.20 5.88 0.02 0.10 2.94 0.00 -0.00 -0.00 -4.00 0.02 0.25 0.02 0.30 4.36 0.02 0.15 2.17 -1.00 5.76 -0.21 6.15 -20.55 -42.67 -2.74 5.70 -0.25 -1.03 11.61 -4.64 -0.16 4.21 -0.15 0.56 1.70 -1.34 0.75 2.57 -2.04 -0.00 0.00 -0.00 -2.00 -0.00 -0.12 0.00 -0.08 -2.30 0.00 -0.04 -1.14 -0.00 0.00 -0.00 0.00 -0.00 -0.12 -0.00 -0.00 -2.34 -0.00 -0.00 -1.16 -0.00 0.00 -0.00 2.00 0.01 -0.22 -0.01 0.14 -3.96 -0.01 0.07 -1.97 -0.00 0.00 -0.00 4.00 0.01 -0.13 -0.01 0.17 -2.47 -0.01 0.09 -1.22
-57.9650 -0.1405 -61.5348 105.84 -0.01 0.00 -0.47 2.40 -0.61 0.80 1.38 0.01 0.13 -3.93 0.56 0.00 0.00 -0.00 0.62 2.73 -0.33 0.52 0.92 0.00 -0.67 -3.72 0.34 0.00 -0.00 0.00 0.40 0.03 0.88 0.52 0.04 0.20 0.56 0.04 0.22 0.56 0.04 0.22 -2.25 0.95 -0.62 -1.92 0.81 -0.53 1.31 3.38 -12.69 -8.82 -15.38 59.03 0.22 1.44 -0.56 -2.63 16.25 -0.98 -0.08 9.63 -0.08 -3.22 3.94 3.98 -4.18 5.88 6.33 0.00 -0.00 0.00 2.00 -0.00 0.10 -0.00 -0.07 2.03 -0.00 -0.03 1.00 0.00 -0.00 0.00 0.00 0.00 0.17 0.00 0.00 3.25 0.00 0.00 1.61 0.00 -0.00 0.00 -2.00 0.01 0.36 0.02 0.20 5.81 0.02 0.10 2.90 0.00 -0.00 0.00 -4.00 0.02 0.25 0.02 0.30 4.34 0.02 0.15 2.16 -1.03 5.88 -0.95 7.63 -20.76 -45.33 -3.03 6.79 -0.35 -1.25 12.65 -4.42 -0.14 4.18 -0.14 0.56 1.68 -1.27 0.75 2.54 -1.93 -0.00 -0.00 0.00 -2.00 -0.00 -0.11 0.00 -0.08 -2.27 0.00 -0.04 -1.12 -0.00 -0.00 0.00 -0.00 -0.00 -0.11 -0.00 -0.00 -2.28 -0.00 -0.00 -1.13 -0.00 -0.00 0.00 2.00 0.01 -0.22 -0.01 0.14 -3.91 -0.01 0.07 -1.94 -0.00 -0.00 0.00 4.00 0.01 -0.12 -0.01 0.17 -2.46 -0.01 0.08 -1.21
-57.9638 -0.1405 -61.5327 105.84 -0.01 0.00 -0.47 2.41 -0.61 0.80 1.37 0.01 0.13 -3.93 0.56 -0.00 0.00 -0.00 0.62 2.72 -0.33 0.52 0.92 0.00 -0.67 -3.72 0.34 0.00 -0.00 0.00 0.42 0.03 0.89 0.54 0.04 0.19 0.59 0.04 0.21 0.59 0.04 0.21 -2.31 0.93 -0.63 -1.96 0.80 -0.54 1.44 3.61 -12.15 -10.32 -15.33 61.48 0.20 2.13 -0.61 -3.06 17.01 -1.38 -0.12 9.95 -0.11 -3.47 4.07 3.95 -4.53 6.03 6.33 0.00 0.00 0.00 2.00 -0.00 0.10 -0.00 -0.07 2.02 -0.00 -0.03 1.00 0.00 0.00 0.00 0.00 0.00 0.17 0.00 0.00 3.21 0.00 0.00 1.59 0.00 0.00 0.00 -2.00 0.01 0.36 0.02 0.20 5.83 0.02 0.10 2.91 0.00 0.00 0.00 -4.00 0.02 0.25 0.02 0.30 4.34 0.02 0.15 2.16 -1.04 5.98 -1.62 9.01 -20.72 -47.94 -3.28 7.67 -0.45 -1.46 13.61 -4.25 -0.15 4.15 -0.14 0.56 1.67 -1.30 0.75 2.53 -1.98 0.00 -0.00 -0.00 -2.00 -0.00 -0.12 0.00 -0.08 -2.29 0.00 -0.04 -1.13 0.00 -0.00 -0.00 -0.00 -0.00 -0.11 -0.00 -0.00 -2.28 -0.00 -0.00 -1.13 0.00 -0.00 -0.00 2.00 0.01 -0.21 -0.01 0.13 -3.88 -0.01 0.07 -1.93 0.00 -0.00 -0.00 4.00 0.01 -0.12 -0.01 0.17 -2.46 -0.01 0.08 -1.21
-57.9596 -0.1406 -61.5293 105.85 -0.00 0.00 -0.48 2.42 -0.61 0.79 1.36 0.01 0.13 -3.93 0.56 -0.00 0.00 0.00 0.61 2.72 -0.33 0.51 0.91 0.00 -0.67 -3.72 0.34 0.00 -0.00 0.00 0.42 0.03 0.87 0.55 0.04 0.18 0.59 0.04 0.19 0.59 0.04 0.19 -2.33 0.92 -0.62 -1.98 0.78 -0.53 1.60 3.83 -11.51 -11.66 -15.20 63.75 0.17 2.69 -0.63 -3.43 17.67 -1.77 -0.15 10.25 -0.14 -3.72 4.18 3.93 -4.88 6.16 6.35 0.00 0.00 -0.00 2.00 -0.00 0.10 -0.00 -0.07 2.00 -0.00 -0.03 0.99 0.00 0.00 -0.00 0.00 0.00 0.17 0.00 0.00 3.17 0.00 0.00 1.57 0.00 0.00 -0.00 -2.00 0.01 0.36 0.02 0.20 5.79 0.02 0.10 2.89 0.00 0.00 -0.00 -4.00 0.02 0.25 0.02 0.30 4.33 0.02 0.15 2.15 -1.02 6.08 -2.22 10.29 -20.50 -50.48 -3.48 8.41 -0.53 -1.61 14.45 -4.07 -0.15 4.12 -0.15 0.57 1.66 -1.32 0.77 2.51 -2.01 0.00 0.00 0.00 -2.00 -0.00 -0.11 0.00 -0.08 -2.28 0.00 -0.04 -1.13 0.00 0.00 0.00 -0.00 -0.00 -0.11 -0.00 -0.00 -2.26 -0.00 -0.00 -1.11 0.00 0.00 0.00 2.00 0.01 -0.21 -0.01 0.13 -3.87 -0.01 0.07 -1.92 0.00 0.00 0.00 4.00 0.01 -0.12 -0.01 0.17 -2.45 -0.01 0.08 -1.21
-57.9525 -0.1406 -61.5243 105.88 -0.00 0.00 -0.49 2.43 -0.60 0.78 1.34 0.01 0.13 -3.92 0.55 0.00 -0.00 -0.00 0.59 2.73 -0.32 0.51 0.91 0.00 -0.67 -3.72 0.33 0.00 -0.00 0.00 0.41 0.03 0.85 0.53 0.04 0.15 0.58 0.05 0.16 0.58 0.05 0.16 -2.31 0.89 -0.60 -1.97 0.76 -0.51 1.79 4.04 -10.81 -12.89 -14.95 65.98 0.15 3.18 -0.62 -3.69 18.23 -2.05 -0.19 10.61 -0.17 -4.06 4.32 3.90 -5.35 6.31 6.36 0.00 0.00 0.00 2.00 -0.00 0.10 -0.00 -0.07 1.97 -0.00 -0.03 0.97 0.00 0.00 0.00 0.00 -0.00 0.16 0.00 -0.00 3.10 0.00 -0.00 1.53 0.00 0.00 0.00 -2.00 0.01 0.35 0.02 0.20 5.75 0.02 0.10 2.87 0.00 0.00 0.00 -4.00 0.02 0.25 0.02 0.30 4.32 0.02 0.15 2.15 -0.96 6.16 -2.74 11.48 -20.18 -52.95 -3.64 9.09 -0.54 -1.71 15.16 -3.90 -0.16 4.10 -0.15 0.59 1.65 -1.34 0.80 2.50 -2.04 0.00 0.00 0.00 -2.00 -0.00 -0.11 0.00 -0.08 -2.29 0.00 -0.04 -1.13 0.00 0.00 0.00 -0.00 -0.00 -0.11 -0.00 -0.00 -2.26 -0.00 -0.00 -1.12 0.00 0.00 0.00 2.00 0.01 -0.21 -0.01 0.13 -3.87 -0.01 0.07 -1.92 0.00 0.00 0.00 4.00 0.01 -0.12 -0.01 0.17 -2.45 -0.01 0.08 -1.21
-57.9429 -0.1405 -61.5174 105.90 -0.00 0.00 -0.50 2.45 -0.60 0.77 1.33 0.01 0.12 -3.92 0.55 -0.00 -0.00 0.00 0.57 2.73 -0.31 0.50 0.91 0.00 -0.67 -3.72 0.33 0.00 -0.00 0.00 0.39 0.03 0.81 0.51 0.04 0.12 0.55 0.05 0.13 0.55 0.05 0.13 -2.26 0.86 -0.58 -1.93 0.74 -0.49 1.99 4.25 -10.11 -13.90 -14.61 68.10 0.13 3.59 -0.60 -3.86 18.67 -2.19 -0.22 10.92 -0.19 -4.36 4.44 3.88 -5.78 6.44 6.39 -0.00 0.00 0.00 2.00 -0.00 0.10 -0.00 -0.07 1.94 -0.00 -0.03 0.96 -0.00 0.00 0.00 0.00 -0.00 0.16 0.00 -0.00 2.98 0.00 -0.00 1.48 -0.00 0.00 0.00 -2.00 0.01 0.35 0.02 0.20 5.65 0.02 0.10 2.82 -0.00 0.00 0.00 -4.00 0.02 0.24 0.02 0.30 4.31 0.02 0.15 2.14 -0.86 6.23 -3.18 12.65 -19.71 -55.50 -3.71 9.70 -0.52 -1.75 15.77 -3.65 -0.16 4.06 -0.15 0.59 1.64 -1.36 0.80 2.48 -2.07 -0.00 -0.00 -0.00 -2.00 -0.00 -0.11 0.00 -0.08 -2.26 0.00 -0.04 -1.12 -0.00 -0.00 -0.00 0.00 -0.00 -0.11 -0.00 -0.00 -2.27 -0.00 -0.00 -1.12 -0.00 -0.00 -0.00 2.00 0.01 -0.22 -0.01 0.14 -3.91 -0.01 0.07 -1.94 -0.00 -0.00 -0.00 4.00 0.01 -0.12 -0.01 0.17 -2.45 -0.01 0.08 -1.21
-57.9306 -0.1413 -61.5089 105.93 -0.00 0.00 -0.50 2.46 -0.59 0.76 1.31 0.01 0.11 -3.93 0.54 0.00 -0.00 -0.00 0.56 2.73 -0.31 0.49 0.91 0.00 -0.67 -3.73 0.32 0.00 -0.00 0.00 0.37 0.03 0.77 0.48 0.05 0.10 0.52 0.05 0.11 0.52 0.05 0.11 -2.21 0.83 -0.56 -1.88 0.71 -0.47 2.17 4.44 -9.46 -14.68 -14.20 70.08 0.11 3.90 -0.56 -3.95 18.96 -2.25 -0.24 11.18 -0.21 -4.63 4.54 3.86 -6.15 6.53 6.41 0.00 -0.00 0.00 2.00 -0.00 0.09 -0.00 -0.07 1.91 -0.00 -0.03 0.94 0.00 -0.00 0.00 0.00 -0.00 0.15 0.00 -0.00 2.93 0.00 -0.00 1.45 0.00 -0.00 0.00 -2.00 0.01 0.34 0.02 0.19 5.62 0.02 0.10 2.80 0.00 -0.00 0.00 -4.00 0.02 0.25 0.02 0.30 4.33 0.02 0.15 2.15 -0.76 6.28 -3.57 13.66 -19.15 -57.96 -3.70 10.14 -0.47 -1.75 16.28 -3.40 -0.17 4.02 -0.16 0.58 1.62 -1.37 0.79 2.45 -2.09 0.00 -0.00 0.00 -2.00 -0.00 -0.11 0.00 -0.08 -2.24 0.00 -0.04 -1.11 0.00 -0.00 0.00 -0.00 -0.00 -0.11 -0.00 -0.00 -2.27 -0.00 0.00 -1.12 0.00 -0.00 0.00 2.00 0.01 -0.22 -0.01 0.14 -3.91 -0.01 0.07 -1.94 0.00 -0.00 0.00 4.00 0.01 -0.12 -0.01 0.17 -2.45 -0.01 0.08 -1.21
-57.9190 -0.1414 -61.5009 105.94 -0.00 0.00 -0.49 2.47 -0.58 0.75 1.31 0.01 0.09 -3.93 0.53 -0.00 -0.00 0.00 0.55 2.73 -0.30 0.48 0.91 0.00 -0.67 -3.73 0.32 0.00 -0.00 0.00 0.35 0.03 0.73 0.46 0.05 0.08 0.49 0.05 0.08 0.49 0.05 0.08 -2.16 0.80 -0.53 -1.84 0.68 -0.45 2.31 4.62 -8.85 -15.20 -13.73 71.92 0.08 4.08 -0.54 -3.99 19.11 -2.26 -0.26 11.43 -0.23 -4.89 4.62 3.85 -6.52 6.61 6.45 0.00 -0.00 -0.00 2.00 -0.00 0.09 -0.00 -0.07 1.89 -0.00 -0.03 0.93 0.00 -0.00 -0.00 0.00 -0.00 0.15 0.00 -0.00 2.88 0.00 -0.00 1.43 0.00 -0.00 -0.00 -2.00 0.01 0.34 0.02 0.19 5.59 0.01 0.10 2.79 0.00 -0.00 -0.00 -4.00 0.02 0.25 0.02 0.30 4.32 0.02 0.15 2.15 -0.66 6.33 -3.91 14.50 -18.50 -60.30 -3.62 10.40 -0.40 -1.69 16.69 -3.18 -0.16 3.99 -0.15 0.56 1.61 -1.31 0.76 2.43 -1.99 -0.00 0.00 -0.00 -2.00 -0.00 -0.11 0.00 -0.08 -2.18 0.00 -0.04 -1.08 -0.00 0.00 -0.00 0.00 0.00 -0.11 0.00 0.00 -2.24 0.00 0.00 -1.10 -0.00 0.00 -0.00 2.00 0.01 -0.22 -0.01 0.14 -3.90 -0.01 0.07 -1.94 -0.00 0.00 -0.00 4.00 0.01 -0.13 -0.01 0.17 -2.46 -0.01 0.08 -1.22
-57.9095 -0.1409 -61.4940 105.96 -0.00 0.00 -0.48 2.48 -0.57 0.74 1.30 0.01 0.07 -3.93 0.53 -0.00 -0.00 -0.00 0.54 2.74 -0.29 0.47 0.91 0.00 -0.67 -3.73 0.31 0.00 -0.00 0.00 0.33 0.04 0.68 0.43 0.05 0.05 0.46 0.05 0.05 0.46 0.05 0.05 -2.10 0.77 -0.50 -1.79 0.65 -0.42 2.46 4.78 -8.22 -15.46 -13.17 73.74 0.05 4.06 -0.53 -3.99 19.13 -2.29 -0.28 11.70 -0.24 -5.20 4.72 3.85 -6.95 6.70 6.51 0.00 0.00 -0.00 2.00 -0.00 0.09 -0.00 -0.07 1.87 -0.00 -0.03 0.92 0.00 0.00 -0.00 -0.00 -0.00 0.15 -0.00 -0.00 2.86 -0.00 -0.00 1.42 0.00 0.00 -0.00 -2.00 0.01 0.34 0.02 0.19 5.59 0.01 0.10 2.79 0.00 0.00 -0.00 -4.00 0.02 0.25 0.02 0.30 4.35 0.02 0.15 2.16 -0.54 6.36 -4.15 15.14 -17.77 -62.50 -3.49 10.45 -0.34 -1.59 17.00 -2.96 -0.17 3.93 -0.16 0.54 1.58 -1.31 0.73 2.39 -2.00 0.00 -0.00 0.00 -2.00 -0.00 -0.11 0.00 -0.08 -2.16 0.00 -0.04 -1.07 0.00 -0.00 0.00 0.00 0.00 -0.11 0.00 0.00 -2.24 0.00 0.00 -1.10 0.00 -0.00 0.00 2.00 0.01 -0.22 -0.01 0.14 -3.90 -0.01 0.07 -1.94 0.00 -0.00 0.00 4.00 0.01 -0.13 -0.01 0.17 -2.47 -0.01 0.09 -1.22
-57.9021 -0.1414 -61.4882 105.97 -0.00 0.00 -0.47 2.49 -0.57 0.74 1.30 0.01 0.06 -3.94 0.52 -0.00 -0.00 -0.00 0.53 2.74 -0.29 0.47 0.91 0.00 -0.67 -3.73 0.30 0.00 -0.00 0.00 0.29 0.04 0.64 0.39 0.05 0.02 0.42 0.05 0.02 0.42 0.05 0.02 -2.02 0.74 -0.47 -1.72 0.63 -0.40 2.61 4.91 -7.61 -15.53 -12.58 75.42 0.01 3.89 -0.53 -3.96 19.08 -2.31 -0.29 11.92 -0.25 -5.48 4.81 3.85 -7.34 6.77 6.57 -0.00 -0.00 0.00 2.00 -0.00 0.09 -0.00 -0.06 1.84 -0.00 -0.03 0.91 -0.00 -0.00 0.00 -0.00 -0.00 0.15 -0.00 -0.00 2.82 -0.00 -0.00 1.40 -0.00 -0.00 0.00 -2.00 0.01 0.34 0.02 0.19 5.56 0.01 0.10 2.78 -0.00 -0.00 0.00 -4.00 0.02 0.25 0.02 0.30 4.33 0.02 0.15 2.15 -0.40 6.40 -4.32 15.60 -16.97 -64.67 -3.31 10.33 -0.22 -1.44 17.16 -2.78 -0.17 3.86 -0.16 0.52 1.55 -1.30 0.70 2.35 -1.97 -0.00 0.00 0.00 -2.00 -0.00 -0.10 0.00 -0.07 -2.08 0.00 -0.04 -1.03 -0.00 0.00 0.00 0.00 0.00 -0.11 0.00 0.00 -2.21 0.00 0.00 -1.09 -0.00 0.00 0.00 2.00 0.01 -0.22 -0.01 0.14 -3.90 -0.01 0.07 -1.93 -0.00 0.00 0.00 4.00 0.01 -0.13 -0.01 0.17 -2.49 -0.01 0.09 -1.23
-57.8968 -0.1423 -61.4832 105.99 -0.00 0.00 -0.47 2.49 -0.56 0.74 1.30 0.01 0.04 -3.94 0.52 -0.00 -0.00 -0.00 0.52 2.74 -0.29 0.47 0.91 0.00 -0.67 -3.73 0.30 0.00 -0.00 0.00 0.26 0.04 0.59 0.34 0.05 -0.01 0.37 0.05 -0.01 0.37 0.05 -0.01 -1.92 0.72 -0.44 -1.64 0.61 -0.37 2.79 5.01 -7.00 -15.46 -11.97 76.98 -0.01 3.65 -0.51 -3.91 18.99 -2.30 -0.31 12.12 -0.26 -5.74 4.87 3.80 -7.72 6.82 6.54 0.00 -0.00 -0.00 2.00 -0.00 0.09 -0.00 -0.06 1.81 -0.00 -0.03 0.89 0.00 -0.00 -0.00 -0.00 -0.00 0.14 -0.00 -0.00 2.78 -0.00 -0.00 1.37 0.00 -0.00 -0.00 -2.00 0.01 0.34 0.02 0.19 5.52 0.01 0.10 2.76 0.00 -0.00 -0.00 -4.00 0.02 0.25 0.02 0.30 4.31 0.02 0.15 2.14 -0.23 6.42 -4.43 15.85 -16.09 -66.74 -3.12 10.08 -0.11 -1.28 17.20 -2.60 -0.17 3.79 -0.17 0.49 1.53 -1.28 0.66 2.31 -1.94 -0.00 0.00 -0.00 -2.00 -0.00 -0.10 0.00 -0.07 -1.98 0.00 -0.03 -0.98 -0.00 0.00 -0.00 0.00 0.00 -0.11 0.00 0.00 -2.14 0.00 0.00 -1.06 -0.00 0.00 -0.00 2.00 0.01 -0.22 -0.01 0.14 -3.89 -0.01 0.07 -1.93 -0.00 0.00 -0.00 4.00 0.01 -0.13 -0.01 0.17 -2.50 -0.01 0.09 -1.24
-57.8935 -0.1424 -61.4795 106.00 -0.00 0.00 -0.48 2.50 -0.56 0.74 1.30 0.01 0.03 -3.94 0.52 -0.00 0.00 -0.00 0.50 2.74 -0.28 0.47 0.90 0.00 -0.66 -3.73 0.30 0.00 -0.00 0.00 0.21 0.04 0.53 0.29 0.05 -0.03 0.31 0.05 -0.03 0.31 0.05 -0.03 -1.81 0.70 -0.41 -1.54 0.60 -0.35 2.98 5.10 -6.42 -15.25 -11.38 78.42 -0.03 3.36 -0.49 -3.82 18.88 -2.24 -0.32 12.28 -0.27 -5.98 4.93 3.80 -8.05 6.85 6.60 0.00 0.00 0.00 2.00 -0.00 0.09 -0.00 -0.06 1.80 -0.00 -0.03 0.89 0.00 0.00 0.00 0.00 -0.00 0.14 0.00 -0.00 2.73 0.00 -0.00 1.35 0.00 0.00 0.00 -2.00 0.01 0.33 0.02 0.19 5.47 0.01 0.09 2.73 0.00 0.00 0.00 -4.00 0.02 0.24 0.02 0.30 4.29 0.02 0.15 2.13 -0.03 6.45 -4.50 15.91 -15.21 -68.66 -2.92 9.75 -0.01 -1.14 17.18 -2.47 -0.18 3.75 -0.17 0.45 1.51 -1.27 0.60 2.28 -1.92 -0.00 -0.00 0.00 -2.00 -0.00 -0.09 0.00 -0.07 -1.91 0.00 -0.03 -0.94 -0.00 -0.00 0.00 0.00 0.00 -0.10 0.00 0.00 -2.10 0.00 0.00 -1.04 -0.00 -0.00 0.00 2.00 0.01 -0.21 -0.01 0.13 -3.88 -0.01 0.07 -1.92 -0.00 -0.00 0.00 4.00 0.01 -0.13 -0.01 0.18 -2.51 -0.01 0.09 -1.24
-57.8916 -0.1419 -61.4769 106.01 -0.01 0.00 -0.48 2.50 -0.56 0.73 1.30 0.01 0.03 -3.95 0.51 -0.00 0.00 0.00 0.49 2.74 -0.28 0.46 0.90 0.00 -0.66 -3.73 0.30 0.00 -0.00 0.00 0.17 0.04 0.48 0.24 0.05 -0.05 0.26 0.05 -0.05 0.26 0.05 -0.05 -1.71 0.68 -0.38 -1.46 0.58 -0.33 3.14 5.18 -5.91 -14.88 -10.77 79.83 -0.01 3.07 -0.48 -3.68 18.72 -2.11 -0.33 12.45 -0.28 -6.24 4.99 3.82 -8.40 6.89 6.69 0.00 0.00 0.00 2.00 -0.00 0.09 -0.00 -0.06 1.79 -0.00 -0.03 0.88 0.00 0.00 0.00 0.00 -0.00 0.14 0.00 -0.00 2.69 0.00 -0.00 1.33 0.00 0.00 0.00 -2.00 0.01 0.33 0.02 0.19 5.44 0.01 0.09 2.72 0.00 0.00 0.00 -4.00 0.02 0.24 0.02 0.30 4.26 0.02 0.15 2.12 0.16 6.47 -4.53 15.81 -14.33 -70.43 -2.74 9.36 0.06 -1.03 17.15 -2.39 -0.20 3.71 -0.19 0.41 1.49 -1.27 0.55 2.26 -1.92 -0.00 0.00 -0.00 -2.00 -0.00 -0.09 0.00 -0.06 -1.84 0.00 -0.03 -0.91 -0.00 0.00 -0.00 -0.00 0.00 -0.10 -0.00 0.00 -2.04 -0.00 0.00 -1.01 -0.00 0.00 -0.00 2.00 0.01 -0.21 -0.01 0.13 -3.86 -0.01 0.07 -1.92 -0.00 0.00 -0.00 4.00 0.01 -0.13 -0.01 0.18 -2.51 -0.01 0.09 -1.24
-57.8901 -0.1418 -61.4745 106.03 -0.01 0.00 -0.49 2.51 -0.56 0.73 1.30 0.01 0.02 -3.95 0.51 -0.00 -0.00 0.00 0.48 2.74 -0.28 0.46 0.90 0.00 -0.66 -3.73 0.29 0.00 -0.00 0.00 0.14 0.04 0.42 0.19 0.04 -0.07 0.21 0.05 -0.07 0.21 0.05 -0.07 -1.62 0.66 -0.36 -1.38 0.57 -0.30 3.27 5.24 -5.45 -14.40 -10.17 81.21 0.06 2.79 -0.48 -3.50 18.52 -1.92 -0.34 12.58 -0.29 -6.46 5.03 3.84 -8.71 6.91 6.76 -0.00 0.00 0.00 2.00 -0.00 0.09 -0.00 -0.06 1.77 -0.00 -0.03 0.87 -0.00 0.00 0.00 0.00 -0.00 0.14 0.00 -0.00 2.65 0.00 -0.00 1.31 -0.00 0.00 0.00 -2.00 0.01 0.33 0.02 0.19 5.41 0.01 0.09 2.70 -0.00 0.00 0.00 -4.00 0.02 0.24 0.02 0.30 4.27 0.02 0.15 2.12 0.35 6.47 -4.52 15.49 -13.43 -72.14 -2.58 8.90 0.14 -0.94 17.10 -2.40 -0.22 3.67 -0.20 0.37 1.48 -1.28 0.48 2.24 -1.93 -0.00 -0.00 -0.00 -2.00 -0.00 -0.09 0.00 -0.06 -1.83 0.00 -0.03 -0.90 -0.00 -0.00 -0.00 -0.00 -0.00 -0.10 -0.00 0.00 -2.01 -0.00 -0.00 -0.99 -0.00 -0.00 -0.00 2.00 0.01 -0.21 -0.01 0.13 -3.85 -0.01 0.07 -1.91 -0.00 -0.00 -0.00 4.00 0.01 -0.13 -0.01 0.18 -2.51 -0.01 0.09 -1.24
-57.8886 -0.1415 -61.4720 106.04 -0.01 0.00 -0.49 2.51 -0.55 0.73 1.30 0.01 0.02 -3.95 0.51 -0.00 -0.00 0.00 0.47 2.74 -0.28 0.46 0.90 0.00 -0.66 -3.73 0.29 0.00 -0.00 0.00 0.11 0.03 0.36 0.15 0.04 -0.09 0.17 0.05 -0.10 0.17 0.05 -0.10 -1.55 0.64 -0.32 -1.32 0.54 -0.27 3.37 5.29 -5.06 -13.88 -9.58 82.55 0.16 2.50 -0.51 -3.30 18.30 -1.69 -0.35 12.69 -0.29 -6.67 5.07 3.86 -9.00 6.91 6.83 0.00 0.00 -0.00 2.00 -0.00 0.08 -0.00 -0.06 1.75 -0.00 -0.03 0.86 0.00 0.00 -0.00 0.00 -0.00 0.13 0.00 -0.00 2.61 0.00 -0.00 1.29 0.00 0.00 -0.00 -2.00 0.01 0.32 0.02 0.19 5.39 0.01 0.09 2.69 0.00 0.00 -0.00 -4.00 0.02 0.24 0.02 0.30 4.25 0.02 0.15 2.11 0.53 6.45 -4.44 15.05 -12.54 -73.76 -2.44 8.41 0.18 -0.86 17.03 -2.45 -0.23 3.63 -0.22 0.33 1.46 -1.29 0.42 2.22 -1.94 0.00 0.00 -0.00 -2.00 -0.00 -0.09 0.00 -0.06 -1.82 0.00 -0.03 -0.90 0.00 0.00 -0.00 0.00 -0.00 -0.10 -0.00 0.00 -1.98 -0.00 0.00 -0.98 0.00 0.00 -0.00 2.00 0.01 -0.21 -0.01 0.13 -3.87 -0.01 0.07 -1.92 0.00 0.00 -0.00 4.00 0.01 -0.13 -0.01 0.18 -2.53 -0.01 0.09 -1.25
-57.8868 -0.1421 -61.4693 106.05 -0.01 0.00 -0.50 2.51 -0.55 0.73 1.30 0.01 0.02 -3.95 0.51 -0.00 0.00 -0.00 0.47 2.74 -0.28 0.46 0.90 0.00 -0.66 -3.73 0.29 0.00 -0.00 0.00 0.08 0.03 0.29 0.11 0.04 -0.11 0.12 0.04 -0.12 0.12 0.04 -0.12 -1.48 0.60 -0.28 -1.26 0.52 -0.24 3.46 5.30 -4.68 -13.36 -9.03 83.82 0.30 2.23 -0.56 -3.08 18.09 -1.43 -0.36 12.78 -0.30 -6.86 5.10 3.84 -9.27 6.92 6.86 0.00 0.00 0.00 2.00 -0.00 0.08 -0.00 -0.06 1.71 -0.00 -0.03 0.84 0.00 0.00 0.00 -0.00 -0.00 0.13 -0.00 -0.00 2.56 -0.00 -0.00 1.26 0.00 0.00 0.00 -2.00 0.01 0.32 0.02 0.19 5.35 0.01 0.09 2.67 0.00 0.00 0.00 -4.00 0.02 0.24 0.02 0.30 4.25 0.02 0.15 2.11 0.75 6.39 -4.27 14.56 -11.66 -75.32 -2.33 7.90 0.24 -0.77 16.89 -2.52 -0.24 3.60 -0.23 0.30 1.45 -1.29 0.38 2.20 -1.95 0.00 -0.00 0.00 -2.00 -0.00 -0.09 0.00 -0.06 -1.81 0.00 -0.03 -0.89 0.00 -0.00 0.00 0.00 0.00 -0.10 0.00 0.00 -1.93 0.00 0.00 -0.95 0.00 -0.00 0.00 2.00 0.01 -0.21 -0.01 0.13 -3.86 -0.01 0.07 -1.91 0.00 -0.00 0.00 4.00 0.01 -0.13 -0.01 0.18 -2.52 -0.01 0.09 -1.24
-57.8855 -0.1419 -61.4672 106.06 -0.01 0.00 -0.51 2.51 -0.55 0.73 1.30 0.01 0.01 -3.95 0.51 -0.00 -0.00 -0.00 0.46 2.74 -0.27 0.46 0.90 0.00 -0.66 -3.73 0.29 0.00 -0.00 0.00 0.04 0.03 0.23 0.07 0.04 -0.13 0.08 0.04 -0.14 0.08 0.04 -0.14 -1.40 0.57 -0.24 -1.19 0.48 -0.21 3.53 5.27 -4.34 -12.86 -8.50 85.07 0.45 1.94 -0.64 -2.87 17.88 -1.17 -0.36 12.87 -0.31 -7.08 5.12 3.86 -9.57 6.91 6.92 -0.00 -0.00 -0.00 2.00 -0.00 0.08 -0.00 -0.06 1.68 -0.00 -0.03 0.83 -0.00 -0.00 -0.00 -0.00 -0.00 0.13 -0.00 -0.00 2.51 -0.00 -0.00 1.24 -0.00 -0.00 -0.00 -2.00 0.01 0.32 0.02 0.18 5.33 0.01 0.09 2.66 -0.00 -0.00 -0.00 -4.00 0.02 0.24 0.02 0.30 4.24 0.02 0.15 2.11 1.00 6.28 -4.04 14.08 -10.84 -76.82 -2.23 7.40 0.32 -0.69 16.69 -2.57 -0.25 3.57 -0.24 0.27 1.44 -1.29 0.34 2.18 -1.94 -0.00 0.00 -0.00 -2.00 -0.00 -0.09 0.00 -0.06 -1.80 0.00 -0.03 -0.89 -0.00 0.00 -0.00 0.00 0.00 -0.09 0.00 0.00 -1.90 0.00 -0.00 -0.94 -0.00 0.00 -0.00 2.00 0.01 -0.21 -0.01 0.13 -3.87 -0.01 0.07 -1.92 -0.00 0.00 -0.00 4.00 0.01 -0.13 -0.01 0.18 -2.53 -0.01 0.09 -1.25
-57.8844 -0.1416 -61.4653 106.07 -0.01 0.00 -0.52 2.52 -0.55 0.73 1.30 0.01 0.01 -3.95 0.51 -0.00 -0.00 0.00 0.45 2.75 -0.27 0.46 0.90 0.00 -0.66 -3.73 0.29 0.00 -0.00 0.00 0.01 0.03 0.16 0.03 0.04 -0.15 0.03 0.04 -0.17 0.03 0.04 -0.17 -1.32 0.53 -0.21 -1.12 0.45 -0.18 3.61 5.23 -4.04 -12.38 -8.01 86.22 0.61 1.65 -0.71 -2.69 17.69 -0.93 -0.37 12.95 -0.31 -7.24 5.14 3.85 -9.80 6.90 6.95 -0.00 -0.00 -0.00 2.00 -0.00 0.08 -0.00 -0.06 1.65 -0.00 -0.03 0.82 -0.00 -0.00 -0.00 -0.00 -0.00 0.12 -0.00 -0.00 2.43 -0.00 -0.00 1.20 -0.00 -0.00 -0.00 -2.00 0.01 0.32 0.02 0.18 5.30 0.01 0.09 2.65 -0.00 -0.00 -0.00 -4.00 0.02 0.24 0.02 0.29 4.23 0.02 0.15 2.10 1.26 6.15 -3.78 13.66 -10.06 -78.30 -2.12 6.83 0.39 -0.60 16.37 -2.56 -0.24 3.60 -0.23 0.26 1.45 -1.25 0.32 2.20 -1.88 -0.00 0.00 0.00 -2.00 -0.00 -0.09 0.00 -0.06 -1.77 0.00 -0.03 -0.87 -0.00 0.00 0.00 0.00 0.00 -0.09 0.00 0.00 -1.86 0.00 -0.00 -0.91 -0.00 0.00 0.00 2.00 0.01 -0.22 -0.01 0.14 -3.90 -0.01 0.07 -1.93 -0.00 0.00 0.00 4.00 0.01 -0.13 -0.01 0.18 -2.54 -0.01 0.09 -1.26
-57.8828 -0.1417 -61.4628 106.07 -0.01 0.00 -0.52 2.52 -0.55 0.73 1.29 0.01 0.01 -3.95 0.50 -0.00 0.00 0.00 0.44 2.75 -0.27 0.46 0.90 0.00 -0.66 -3.73 0.29 0.00 -0.00 0.00 -0.02 0.03 0.10 -0.01 0.04 -0.17 -0.01 0.04 -0.19 -0.01 0.04 -0.19 -1.24 0.49 -0.19 -1.06 0.42 -0.16 3.67 5.16 -3.77 -11.90 -7.55 87.26 0.77 1.39 -0.78 -2.56 17.49 -0.74 -0.38 13.00 -0.31 -7.36 5.16 3.86 -9.97 6.90 7.00 0.00 -0.00 -0.00 2.00 -0.00 0.08 -0.00 -0.06 1.65 -0.00 -0.03 0.81 0.00 -0.00 -0.00 -0.00 -0.00 0.12 -0.00 -0.00 2.37 -0.00 -0.00 1.17 0.00 -0.00 -0.00 -2.00 0.01 0.32 0.02 0.18 5.29 0.01 0.09 2.64 0.00 -0.00 -0.00 -4.00 0.02 0.24 0.02 0.29 4.22 0.02 0.15 2.10 1.49 6.01 -3.51 13.28 -9.36 -79.71 -2.00 6.22 0.46 -0.51 16.01 -2.48 -0.24 3.59 -0.22 0.26 1.45 -1.22 0.33 2.19 -1.84 0.00 -0.00 0.00 -2.00 -0.00 -0.09 0.00 -0.06 -1.75 0.00 -0.03 -0.86 0.00 -0.00 0.00 0.00 0.00 -0.09 0.00 0.00 -1.84 0.00 0.00 -0.91 0.00 -0.00 0.00 2.00 0.01 -0.22 -0.01 0.14 -3.93 -0.01 0.07 -1.95 0.00 -0.00 0.00 4.00 0.01 -0.13 -0.01 0.18 -2.56 -0.01 0.09 -1.27
-57.8813 -0.1416 -61.4603 106.08 -0.01 0.00 -0.52 2.52 -0.54 0.73 1.29 0.01 0.01 -3.95 0.50 -0.00 0.00 -0.00 0.44 2.75 -0.27 0.46 0.90 0.00 -0.66 -3.73 0.28 0.00 -0.00 0.00 -0.05 0.03 0.04 -0.05 0.04 -0.19 -0.05 0.04 -0.21 -0.05 0.04 -0.21 -1.17 0.46 -0.17 -0.99 0.39 -0.14 3.70 5.07 -3.54 -11.40 -7.11 88.19 0.92 1.15 -0.84 -2.45 17.27 -0.58 -0.38 13.06 -0.32 -7.47 5.18 3.86 -10.12 6.90 7.01 0.00 -0.00 0.00 2.00 -0.00 0.08 -0.00 -0.06 1.64 -0.00 -0.03 0.81 0.00 -0.00 0.00 -0.00 -0.00 0.12 -0.00 -0.00 2.34 0.00 -0.00 1.16 0.00 -0.00 0.00 -2.00 0.01 0.32 0.02 0.18 5.29 0.01 0.09 2.64 0.00 -0.00 0.00 -4.00 0.02 0.24 0.02 0.29 4.21 0.02 0.15 2.09 1.72 5.85 -3.22 12.91 -8.71 -81.03 -1.86 5.58 0.53 -0.41 15.63 -2.34 -0.23 3.59 -0.22 0.27 1.44 -1.21 0.34 2.19 -1.82 -0.00 0.00 0.00 -2.00 -0.00 -0.08 0.00 -0.06 -1.73 0.00 -0.03 -0.85 -0.00 0.00 0.00 0.00 -0.00 -0.09 0.00 0.00 -1.83 0.00 -0.00 -0.90 -0.00 0.00 0.00 2.00 0.01 -0.22 -0.01 0.14 -3.96 -0.01 0.07 -1.97 -0.00 0.00 0.00 4.00 0.01 -0.13 -0.01 0.18 -2.57 -0.01 0.09 -1.27
-57.8801 -0.1415 -61.4576 106.08 -0.02 0.00 -0.52 2.53 -0.54 0.73 1.29 0.01 0.01 -3.95 0.50 -0.00 -0.00 -0.00 0.44 2.75 -0.27 0.46 0.90 0.00 -0.66 -3.73 0.28 0.00 -0.00 0.00 -0.07 0.03 -0.01 -0.08 0.04 -0.21 -0.09 0.04 -0.22 -0.09 0.04 -0.22 -1.09 0.41 -0.14 -0.93 0.35 -0.12 3.70 4.96 -3.36 -10.85 -6.70 89.04 1.05 0.95 -0.91 -2.35 17.01 -0.38 -0.38 13.13 -0.32 -7.59 5.20 3.84 -10.29 6.90 7.02 -0.00 0.00 -0.00 2.00 -0.00 0.08 -0.00 -0.06 1.63 -0.00 -0.03 0.80 -0.00 0.00 -0.00 0.00 -0.00 0.12 -0.00 -0.00 2.32 0.00 -0.00 1.15 -0.00 0.00 -0.00 -2.00 0.01 0.32 0.02 0.18 5.31 0.01 0.09 2.65 -0.00 0.00 -0.00 -4.00 0.02 0.24 0.02 0.29 4.20 0.02 0.15 2.09 1.93 5.67 -2.93 12.53 -8.13 -82.26 -1.73 4.96 0.62 -0.30 15.28 -2.17 -0.23 3.58 -0.22 0.28 1.44 -1.21 0.34 2.18 -1.82 0.00 0.00 0.00 -2.00 -0.00 -0.08 0.00 -0.06 -1.73 0.00 -0.03 -0.86 0.00 0.00 0.00 -0.00 0.00 -0.09 0.00 -0.00 -1.82 0.00 0.00 -0.90 0.00 0.00 0.00 2.00 0.01 -0.22 -0.01 0.14 -3.98 -0.01 0.07 -1.98 0.00 0.00 0.00 4.00 0.01 -0.13 -0.01 0.18 -2.57 -0.01 0.09 -1.27
-57.8792 -0.1416 -61.4547 106.08 -0.02 0.00 -0.52 2.53 -0.54 0.73 1.29 0.01 0.01 -3.95 0.50 -0.00 -0.00 -0.00 0.44 2.76 -0.26 0.46 0.90 0.00 -0.67 -3.73 0.28 0.00 -0.00 0.00 -0.09 0.03 -0.06 -0.11 0.04 -0.22 -0.12 0.04 -0.24 -0.12 0.04 -0.24 -1.02 0.37 -0.11 -0.87 0.31 -0.10 3.68 4.85 -3.20 -10.31 -6.34 89.79 1.15 0.77 -0.97 -2.25 16.75 -0.16 -0.38 13.18 -0.32 -7.69 5.21 3.84 -10.43 6.90 7.04 -0.00 -0.00 0.00 2.00 -0.00 0.08 -0.00 -0.06 1.62 -0.00 -0.03 0.80 -0.00 -0.00 0.00 0.00 -0.00 0.12 -0.00 -0.00 2.30 -0.00 -0.00 1.14 -0.00 -0.00 0.00 -2.00 0.01 0.32 0.02 0.18 5.32 0.01 0.09 2.66 -0.00 -0.00 0.00 -4.00 0.02 0.24 0.02 0.29 4.20 0.02 0.14 2.09 2.13 5.49 -2.65 12.14 -7.59 -83.40 -1.59 4.44 0.70 -0.16 14.96 -1.96 -0.24 3.58 -0.22 0.28 1.44 -1.24 0.35 2.18 -1.87 0.00 -0.00 -0.00 -2.00 -0.00 -0.09 0.00 -0.06 -1.75 0.00 -0.03 -0.86 0.00 -0.00 -0.00 -0.00 0.00 -0.09 -0.00 0.00 -1.82 -0.00 0.00 -0.90 0.00 -0.00 -0.00 2.00 0.01 -0.22 -0.01 0.14 -4.00 -0.01 0.07 -1.98 0.00 -0.00 -0.00 4.00 0.01 -0.13 -0.01 0.18 -2.56 -0.01 0.09 -1.27
-57.8785 -0.1415 -61.4507 106.07 -0.02 0.00 -0.51 2.53 -0.54 0.73 1.29 0.01 0.00 -3.95 0.50 -0.00 -0.00 -0.00 0.45 2.76 -0.26 0.46 0.90 0.00 -0.67 -3.73 0.28 0.00 -0.00 0.00 -0.12 0.04 -0.11 -0.14 0.04 -0.23 -0.15 0.04 -0.25 -0.15 0.04 -0.25 -0.95 0.31 -0.08 -0.81 0.27 -0.07 3.66 4.73 -3.07 -9.80 -6.02 90.43 1.21 0.60 -1.03 -2.17 16.53 0.07 -0.39 13.19 -0.32 -7.77 5.22 3.82 -10.54 6.88 7.03 0.00 0.00 0.00 2.00 -0.00 0.08 -0.00 -0.06 1.59 -0.00 -0.03 0.78 0.00 0.00 0.00 -0.00 0.00 0.11 0.00 0.00 2.26 0.00 0.00 1.12 0.00 0.00 0.00 -2.00 0.01 0.32 0.02 0.18 5.31 0.01 0.09 2.65 0.00 0.00 0.00 -4.00 0.02 0.24 0.02 0.29 4.20 0.02 0.14 2.09 2.31 5.30 -2.38 11.76 -7.11 -84.44 -1.46 4.02 0.79 -0.02 14.68 -1.76 -0.24 3.58 -0.23 0.28 1.44 -1.26 0.35 2.19 -1.91 0.00 0.00 0.00 -2.00 -0.00 -0.09 0.00 -0.06 -1.76 0.00 -0.03 -0.87 0.00 0.00 0.00 0.00 0.00 -0.09 -0.00 0.00 -1.81 -0.00 0.00 -0.89 0.00 0.00 0.00 2.00 0.01 -0.22 -0.01 0.14 -4.00 -0.01 0.07 -1.99 0.00 0.00 0.00 4.00 0.01 -0.13 -0.01 0.18 -2.55 -0.01 0.09 -1.26
-57.8777 -0.1414 -61.4460 106.07 -0.02 0.00 -0.51 2.54 -0.53 0.73 1.28 0.01 0.00 -3.95 0.49 -0.00 -0.00 -0.00 0.45 2.76 -0.26 0.46 0.90 0.00 -0.67 -3.73 0.28 0.00 -0.00 0.00 -0.14 0.04 -0.15 -0.17 0.04 -0.25 -0.18 0.05 -0.27 -0.18 0.05 -0.27 -0.87 0.26 -0.04 -0.74 0.22 -0.03 3.64 4.60 -2.95 -9.33 -5.75 90.98 1.24 0.46 -1.09 -2.12 16.36 0.29 -0.39 13.21 -0.33 -7.82 5.22 3.80 -10.63 6.87 7.02 -0.00 0.00 -0.00 2.00 -0.00 0.08 -0.00 -0.05 1.57 -0.00 -0.03 0.77 -0.00 0.00 -0.00 0.00 0.00 0.11 0.00 0.00 2.21 0.00 0.00 1.09 -0.00 0.00 -0.00 -2.00 0.01 0.32 0.02 0.18 5.29 0.01 0.09 2.64 -0.00 0.00 -0.00 -4.00 0.02 0.24 0.02 0.29 4.20 0.02 0.14 2.09 2.48 5.09 -2.11 11.41 -6.68 -85.38 -1.34 3.66 0.87 0.12 14.46 -1.59 -0.25 3.59 -0.23 0.28 1.45 -1.29 0.35 2.20 -1.95 -0.00 -0.00 -0.00 -2.00 -0.00 -0.09 0.00 -0.06 -1.78 0.00 -0.03 -0.88 -0.00 -0.00 -0.00 0.00 0.00 -0.09 -0.00 0.00 -1.80 -0.00 0.00 -0.89 -0.00 -0.00 -0.00 2.00 0.01 -0.22 -0.01 0.14 -4.00 -0.01 0.07 -1.98 -0.00 -0.00 -0.00 4.00 0.01 -0.13 -0.01 0.18 -2.54 -0.01 0.09 -1.25
-57.8767 -0.1415 -61.4406 106.08 -0.03 0.00 -0.51 2.54 -0.53 0.73 1.28 0.01 0.00 -3.95 0.49 -0.00 0.00 -0.00 0.44 2.77 -0.26 0.46 0.90 0.00 -0.66 -3.73 0.27 0.00 -0.00 0.00 -0.17 0.04 -0.19 -0.20 0.04 -0.26 -0.22 0.05 -0.28 -0.22 0.05 -0.28 -0.80 0.20 -0.00 -0.68 0.17 -0.00 3.63 4.48 -2.84 -8.92 -5.55 91.45 1.21 0.35 -1.17 -2.12 16.24 0.43 -0.39 13.20 -0.33 -7.83 5.21 3.78 -10.65 6.86 6.98 0.00 0.00 0.00 2.00 -0.00 0.07 -0.00 -0.05 1.55 -0.00 -0.03 0.76 0.00 0.00 0.00 0.00 0.00 0.11 0.00 0.00 2.17 0.00 0.00 1.07 0.00 0.00 0.00 -2.00 0.01 0.32 0.02 0.18 5.29 0.01 0.09 2.64 0.00 0.00 0.00 -4.00 0.02 0.24 0.02 0.29 4.18 0.02 0.14 2.08 2.64 4.89 -1.87 11.09 -6.29 -86.20 -1.23 3.33 0.95 0.24 14.27 -1.48 -0.25 3.60 -0.24 0.28 1.45 -1.31 0.34 2.20 -1.97 0.00 -0.00 0.00 -2.00 -0.00 -0.09 0.00 -0.06 -1.80 0.00 -0.03 -0.89 0.00 -0.00 0.00 0.00 -0.00 -0.09 -0.00 0.00 -1.80 -0.00 -0.00 -0.89 0.00 -0.00 0.00 2.00 0.01 -0.22 -0.01 0.14 -4.00 -0.01 0.07 -1.98 0.00 -0.00 0.00 4.00 0.01 -0.13 -0.01 0.18 -2.52 -0.01 0.09 -1.25
-57.8758 -0.1416 -61.4354 106.08 -0.03 0.00 -0.51 2.55 -0.53 0.73 1.28 0.01 0.00 -3.95 0.49 -0.00 -0.00 -0.00 0.44 2.77 -0.25 0.46 0.90 0.00 -0.66 -3.73 0.27 0.00 -0.00 0.00 -0.20 0.04 -0.22 -0.24 0.04 -0.27 -0.26 0.05 -0.29 -0.26 0.05 -0.29 -0.73 0.13 0.03 -0.62 0.11 0.03 3.62 4.37 -2.75 -8.54 -5.40 91.83 1.16 0.26 -1.25 -2.18 16.14 0.48 -0.39 13.20 -0.33 -7.82 5.21 3.78 -10.63 6.86 6.97 -0.00 0.00 0.00 2.00 -0.00 0.07 -0.00 -0.05 1.55 -0.00 -0.03 0.77 -0.00 0.00 0.00 -0.00 0.00 0.11 0.00 0.00 2.16 0.00 0.00 1.07 -0.00 0.00 0.00 -2.00 0.01 0.32 0.02 0.18 5.31 0.01 0.09 2.65 -0.00 0.00 0.00 -4.00 0.02 0.24 0.02 0.29 4.19 0.02 0.14 2.08 2.78 4.71 -1.66 10.74 -5.95 -86.91 -1.13 2.99 1.01 0.33 14.13 -1.38 -0.26 3.59 -0.24 0.28 1.45 -1.33 0.35 2.20 -2.00 0.00 0.00 0.00 -2.00 -0.00 -0.09 0.00 -0.06 -1.84 0.00 -0.03 -0.91 0.00 0.00 0.00 0.00 -0.00 -0.09 0.00 -0.00 -1.82 0.00 -0.00 -0.90 0.00 0.00 0.00 2.00 0.01 -0.22 -0.01 0.14 -3.93 -0.01 0.07 -1.95 0.00 0.00 0.00 4.00 0.01 -0.12 -0.01 0.17 -2.43 -0.01 0.08 -1.20
-57.8726 -0.1417 -61.4312 106.07 -0.03 0.00 -0.51 2.55 -0.52 0.73 1.28 0.01 0.00 -3.95 0.48 -0.00 -0.00 -0.00 0.44 2.78 -0.25 0.46 0.89 0.00 -0.66 -3.72 0.27 0.00 -0.00 0.00 -0.22 0.04 -0.25 -0.27 0.04 -0.28 -0.29 0.05 -0.31 -0.29 0.05 -0.31 -0.66 0.07 0.06 -0.56 0.06 0.05 3.63 4.26 -2.66 -8.19 -5.31 92.14 1.09 0.16 -1.35 -2.27 16.04 0.46 -0.39 13.20 -0.33 -7.79 5.21 3.77 -10.60 6.87 6.96 -0.00 -0.00 0.00 2.00 -0.00 0.07 -0.00 -0.05 1.56 -0.00 -0.03 0.77 -0.00 -0.00 0.00 0.00 0.00 0.11 0.00 -0.00 2.16 0.00 -0.00 1.07 -0.00 -0.00 0.00 -2.00 0.01 0.32 0.02 0.19 5.37 0.01 0.09 2.68 -0.00 -0.00 0.00 -4.00 0.02 0.24 0.02 0.29 4.19 0.02 0.14 2.08 2.91 4.53 -1.48 10.39 -5.67 -87.50 -1.03 2.69 1.07 0.40 14.06 -1.28 -0.26 3.62 -0.25 0.30 1.46 -1.37 0.37 2.22 -2.06 0.00 -0.00 -0.00 -2.00 -0.00 -0.09 0.00 -0.07 -1.89 0.00 -0.03 -0.93 0.00 -0.00 -0.00 0.00 -0.00 -0.09 0.00 -0.00 -1.83 0.00 -0.00 -0.90 0.00 -0.00 -0.00 2.00 0.01 -0.21 -0.01 0.13 -3.87 -0.01 0.07 -1.92 0.00 -0.00 -0.00 4.00 0.01 -0.12 -0.01 0.16 -2.35 -0.01 0.08 -1.16
-57.8675 -0.1418 -61.4273 106.06 -0.04 -0.00 -0.50 2.56 -0.52 0.73 1.28 0.01 0.00 -3.95 0.48 -0.00 0.00 0.00 0.45 2.79 -0.25 0.46 0.88 0.00 -0.66 -3.72 0.26 0.00 -0.00 0.00 -0.25 0.04 -0.28 -0.31 0.05 -0.29 -0.33 0.05 -0.32 -0.33 0.05 -0.32 -0.60 0.01 0.08 -0.51 0.01 0.07 3.65 4.17 -2.59 -7.84 -5.27 92.37 1.01 0.04 -1.44 -2.37 15.93 0.39 -0.39 13.19 -0.32 -7.77 5.21 3.78 -10.56 6.88 6.97 -0.00 -0.00 0.00 2.00 -0.00 0.08 -0.00 -0.05 1.57 -0.00 -0.03 0.78 -0.00 -0.00 0.00 0.00 -0.00 0.11 0.00 -0.00 2.18 0.00 -0.00 1.08 -0.00 -0.00 0.00 -2.00 0.01 0.33 0.02 0.19 5.44 0.01 0.09 2.71 -0.00 -0.00 0.00 -4.00 0.02 0.24 0.02 0.29 4.20 0.02 0.15 2.09 3.02 4.36 -1.35 10.04 -5.43 -87.97 -0.93 2.44 1.13 0.46 14.03 -1.16 -0.27 3.66 -0.25 0.32 1.48 -1.41 0.39 2.24 -2.13 -0.00 0.00 -0.00 -2.00 -0.00 -0.09 0.00 -0.07 -1.92 0.00 -0.03 -0.95 -0.00 0.00 -0.00 0.00 -0.00 -0.09 0.00 -0.00 -1.84 0.00 -0.00 -0.91 -0.00 0.00 -0.00 2.00 0.01 -0.21 -0.01 0.13 -3.85 -0.01 0.07 -1.91 -0.00 0.00 -0.00 4.00 0.01 -0.12 -0.01 0.16 -2.32 -0.01 0.08 -1.14
-57.8616 -0.1418 -61.4237 106.04 -0.04 -0.00 -0.48 2.56 -0.52 0.73 1.27 0.01 -0.00 -3.95 0.48 -0.00 0.00 -0.00 0.46 2.80 -0.24 0.47 0.87 0.00 -0.66 -3.73 0.26 0.00 -0.00 0.00 -0.27 0.04 -0.29 -0.33 0.05 -0.30 -0.36 0.05 -0.32 -0.36 0.05 -0.32 -0.55 -0.06 0.09 -0.47 -0.05 0.08 3.66 4.10 -2.53 -7.46 -5.30 92.53 0.91 -0.16 -1.52 -2.48 15.82 0.29 -0.39 13.19 -0.32 -7.74 5.21 3.80 -10.51 6.88 6.99 0.00 0.00 -0.00 2.00 -0.00 0.08 -0.00 -0.06 1.59 -0.00 -0.03 0.78 0.00 0.00 -0.00 0.00 0.00 0.11 0.00 -0.00 2.22 0.00 -0.00 1.09 0.00 0.00 -0.00 -2.00 0.01 0.34 0.02 0.19 5.54 0.01 0.10 2.77 0.00 0.00 -0.00 -4.00 0.02 0.24 0.02 0.29 4.22 0.02 0.15 2.10 3.11 4.21 -1.25 9.66 -5.25 -88.33 -0.81 2.21 1.21 0.51 14.01 -1.04 -0.27 3.69 -0.25 0.33 1.49 -1.44 0.41 2.26 -2.17 -0.00 -0.00 0.00 -2.00 -0.00 -0.10 0.00 -0.07 -1.93 0.00 -0.03 -0.95 -0.00 -0.00 0.00 -0.00 0.00 -0.09 -0.00 0.00 -1.84 -0.00 -0.00 -0.91 -0.00 -0.00 0.00 2.00 0.01 -0.21 -0.01 0.13 -3.85 -0.01 0.07 -1.91 -0.00 -0.00 0.00 4.00 0.01 -0.12 -0.01 0.16 -2.31 -0.00 0.08 -1.14
-57.8560 -0.1421 -61.4188 106.01 -0.04 -0.00 -0.45 2.56 -0.51 0.74 1.27 0.01 -0.00 -3.95 0.47 -0.00 -0.00 -0.00 0.48 2.81 -0.24 0.48 0.87 0.00 -0.66 -3.73 0.25 0.00 -0.00 0.00 -0.29 0.04 -0.31 -0.36 0.05 -0.30 -0.39 0.05 -0.33 -0.39 0.05 -0.33 -0.51 -0.12 0.10 -0.43 -0.10 0.09 3.66 4.03 -2.48 -7.06 -5.39 92.61 0.81 -0.43 -1.58 -2.60 15.73 0.18 -0.39 13.17 -0.32 -7.71 5.21 3.81 -10.47 6.88 7.00 -0.00 -0.00 0.00 2.00 -0.00 0.08 -0.00 -0.06 1.60 -0.00 -0.03 0.79 -0.00 -0.00 0.00 0.00 0.00 0.11 0.00 0.00 2.25 0.00 0.00 1.11 -0.00 -0.00 0.00 -2.00 0.01 0.34 0.02 0.20 5.63 0.02 0.10 2.81 -0.00 -0.00 0.00 -4.00 0.02 0.24 0.02 0.30 4.25 0.02 0.15 2.11 3.17 4.09 -1.20 9.26 -5.15 -88.59 -0.67 2.01 1.30 0.56 14.04 -0.91 -0.27 3.65 -0.25 0.32 1.47 -1.41 0.40 2.24 -2.13 -0.00 -0.00 -0.00 -2.00 -0.00 -0.09 0.00 -0.07 -1.89 0.00 -0.03 -0.93 -0.00 -0.00 -0.00 -0.00 0.00 -0.09 -0.00 0.00 -1.80 -0.00 0.00 -0.89 -0.00 -0.00 -0.00 2.00 0.01 -0.21 -0.01 0.13 -3.86 -0.01 0.07 -1.91 -0.00 -0.00 -0.00 4.00 0.01 -0.12 -0.01 0.16 -2.34 -0.00 0.08 -1.16
-57.8533 -0.1433 -61.4125 105.96 -0.04 -0.00 -0.42 2.56 -0.51 0.74 1.27 0.01 0.01 -3.94 0.47 -0.00 0.00 0.00 0.50 2.81 -0.24 0.51 0.88 0.00 -0.66 -3.74 0.25 0.00 -0.00 0.00 -0.31 0.04 -0.31 -0.37 0.05 -0.31 -0.40 0.05 -0.33 -0.40 0.05 -0.33 -0.48 -0.18 0.11 -0.41 -0.15 0.10 3.67 3.97 -2.44 -6.68 -5.54 92.63 0.71 -0.72 -1.63 -2.73 15.67 0.06 -0.39 13.14 -0.32 -7.68 5.20 3.84 -10.42 6.88 7.03 -0.00 -0.00 0.00 2.00 -0.00 0.08 -0.00 -0.06 1.62 -0.00 -0.03 0.80 -0.00 -0.00 0.00 0.00 0.00 0.11 0.00 0.00 2.28 0.00 0.00 1.12 -0.00 -0.00 0.00 -2.00 0.01 0.35 0.02 0.20 5.73 0.02 0.10 2.86 -0.00 -0.00 0.00 -4.00 0.02 0.24 0.02 0.30 4.27 0.02 0.15 2.12 3.19 3.98 -1.17 8.88 -5.11 -88.75 -0.53 1.82 1.39 0.61 14.14 -0.79 -0.27 3.56 -0.25 0.29 1.44 -1.36 0.35 2.18 -2.06 -0.00 0.00 -0.00 -2.00 -0.00 -0.09 0.00 -0.06 -1.83 0.00 -0.03 -0.90 -0.00 0.00 -0.00 -0.00 0.00 -0.08 -0.00 0.00 -1.74 -0.00 0.00 -0.86 -0.00 0.00 -0.00 2.00 0.01 -0.21 -0.01 0.13 -3.85 -0.01 0.07 -1.91 -0.00 0.00 -0.00 4.00 0.01 -0.12 -0.01 0.17 -2.37 -0.01 0.08 -1.17
-57.8538 -0.1443 -61.4063 105.89 -0.04 -0.00 -0.38 2.56 -0.51 0.75 1.26 0.01 0.03 -3.93 0.47 -0.00 0.00 -0.00 0.55 2.81 -0.23 0.54 0.90 0.00 -0.66 -3.76 0.25 0.00 -0.00 0.00 -0.32 0.04 -0.31 -0.38 0.05 -0.31 -0.41 0.05 -0.34 -0.41 0.05 -0.34 -0.45 -0.23 0.12 -0.39 -0.20 0.10 3.68 3.91 -2.43 -6.30 -5.72 92.60 0.61 -1.01 -1.66 -2.85 15.65 -0.07 -0.39 13.10 -0.32 -7.63 5.19 3.85 -10.35 6.87 7.04 -0.00 0.00 0.00 2.00 -0.00 0.08 -0.00 -0.06 1.63 -0.00 -0.03 0.81 -0.00 0.00 0.00 -0.00 -0.00 0.12 -0.00 0.00 2.30 -0.00 0.00 1.14 -0.00 0.00 0.00 -2.00 0.01 0.36 0.02 0.20 5.81 0.02 0.10 2.90 -0.00 0.00 0.00 -4.00 0.02 0.24 0.02 0.30 4.30 0.02 0.15 2.14 3.18 3.87 -1.17 8.55 -5.12 -88.83 -0.40 1.68 1.49 0.67 14.31 -0.70 -0.27 3.44 -0.26 0.23 1.39 -1.31 0.28 2.11 -1.97 -0.00 0.00 0.00 -2.00 -0.00 -0.09 0.00 -0.06 -1.77 0.00 -0.03 -0.87 -0.00 0.00 0.00 -0.00 -0.00 -0.08 -0.00 -0.00 -1.67 -0.00 0.00 -0.82 -0.00 0.00 0.00 2.00 0.01 -0.21 -0.01 0.13 -3.80 -0.01 0.07 -1.89 -0.00 0.00 0.00 4.00 0.01 -0.12 -0.01 0.17 -2.39 -0.01 0.08 -1.18
-57.8581 -0.1445 -61.4006 105.80 -0.04 -0.00 -0.32 2.55 -0.51 0.76 1.25 0.01 0.06 -3.91 0.46 -0.00 0.00 -0.00 0.61 2.81 -0.23 0.57 0.91 0.00 -0.66 -3.77 0.24 0.00 -0.00 0.00 -0.32 0.04 -0.30 -0.38 0.05 -0.32 -0.41 0.05 -0.35 -0.41 0.05 -0.35 -0.44 -0.27 0.12 -0.37 -0.23 0.11 3.69 3.83 -2.42 -5.89 -5.99 92.52 0.51 -1.30 -1.68 -3.00 15.66 -0.25 -0.38 13.05 -0.32 -7.55 5.17 3.89 -10.24 6.87 7.08 -0.00 -0.00 0.00 2.00 -0.00 0.08 -0.00 -0.06 1.67 -0.00 -0.03 0.82 -0.00 -0.00 0.00 -0.00 0.00 0.12 -0.00 0.00 2.37 -0.00 0.00 1.17 -0.00 -0.00 0.00 -2.00 0.01 0.37 0.02 0.21 5.93 0.02 0.10 2.96 -0.00 -0.00 0.00 -4.00 0.02 0.25 0.02 0.30 4.33 0.02 0.15 2.15 3.15 3.78 -1.18 8.21 -5.23 -88.84 -0.30 1.53 1.57 0.74 14.56 -0.63 -0.28 3.30 -0.26 0.18 1.33 -1.25 0.20 2.02 -1.88 -0.00 -0.00 -0.00 -2.00 -0.00 -0.08 0.00 -0.06 -1.73 0.00 -0.03 -0.85 -0.00 -0.00 -0.00 -0.00 -0.00 -0.08 -0.00 -0.00 -1.62 -0.00 -0.00 -0.80 -0.00 -0.00 -0.00 2.00 0.01 -0.21 -0.01 0.13 -3.77 -0.01 0.06 -1.87 -0.00 -0.00 -0.00 4.00 0.01 -0.12 -0.01 0.17 -2.37 -0.01 0.08 -1.17
-57.8665 -0.1451 -61.3952 105.69 -0.04 -0.00 -0.27 2.53 -0.51 0.78 1.24 0.01 0.10 -3.88 0.46 -0.00 -0.00 -0.00 0.69 2.81 -0.23 0.59 0.93 0.00 -0.66 -3.79 0.24 0.00 -0.00 0.00 -0.32 0.04 -0.29 -0.38 0.05 -0.32 -0.41 0.05 -0.35 -0.41 0.05 -0.35 -0.42 -0.30 0.13 -0.36 -0.26 0.11 3.72 3.75 -2.44 -5.46 -6.32 92.38 0.42 -1.58 -1.69 -3.14 15.69 -0.46 -0.38 13.00 -0.32 -7.48 5.16 3.96 -10.12 6.87 7.17 -0.00 -0.00 -0.00 2.00 -0.00 0.08 -0.00 -0.06 1.72 -0.00 -0.03 0.85 -0.00 -0.00 -0.00 -0.00 0.00 0.13 -0.00 0.00 2.46 -0.00 0.00 1.22 -0.00 -0.00 -0.00 -2.00 0.01 0.38 0.02 0.21 6.07 0.02 0.10 3.03 -0.00 -0.00 -0.00 -4.00 0.02 0.25 0.02 0.30 4.37 0.02 0.15 2.17 3.10 3.68 -1.17 7.84 -5.41 -88.77 -0.21 1.41 1.65 0.82 14.88 -0.51 -0.28 3.21 -0.26 0.15 1.29 -1.20 0.16 1.96 -1.81 -0.00 -0.00 0.00 -2.00 -0.00 -0.08 0.00 -0.06 -1.72 0.00 -0.03 -0.85 -0.00 -0.00 0.00 -0.00 -0.00 -0.08 -0.00 -0.00 -1.60 -0.00 -0.00 -0.79 -0.00 -0.00 0.00 2.00 0.01 -0.20 -0.01 0.13 -3.72 -0.01 0.06 -1.85 -0.00 -0.00 0.00 4.00 0.01 -0.12 -0.01 0.16 -2.35 -0.01 0.08 -1.16
-57.8797 -0.1453 -61.3903 105.58 -0.04 -0.00 -0.22 2.52 -0.51 0.78 1.23 0.01 0.15 -3.85 0.46 -0.00 -0.00 -0.00 0.77 2.80 -0.23 0.63 0.94 0.01 -0.66 -3.80 0.24 0.00 -0.00 0.00 -0.31 0.04 -0.28 -0.37 0.05 -0.33 -0.40 0.05 -0.36 -0.40 0.05 -0.36 -0.41 -0.32 0.14 -0.35 -0.28 0.12 3.74 3.64 -2.47 -4.98 -6.71 92.21 0.34 -1.85 -1.70 -3.29 15.73 -0.71 -0.37 12.98 -0.31 -7.39 5.16 4.02 -9.98 6.89 7.23 0.00 0.00 0.00 2.00 -0.00 0.09 -0.00 -0.06 1.77 -0.00 -0.03 0.87 0.00 0.00 0.00 -0.00 0.00 0.13 -0.00 0.00 2.55 -0.00 0.00 1.26 0.00 0.00 0.00 -2.00 0.01 0.39 0.02 0.22 6.19 0.02 0.11 3.10 0.00 0.00 0.00 -4.00 0.02 0.25 0.02 0.31 4.41 0.02 0.15 2.19 3.04 3.56 -1.15 7.40 -5.63 -88.66 -0.16 1.26 1.72 0.89 15.23 -0.33 -0.27 3.15 -0.26 0.16 1.27 -1.20 0.18 1.92 -1.81 0.00 -0.00 0.00 -2.00 -0.00 -0.08 0.00 -0.06 -1.75 0.00 -0.03 -0.86 0.00 -0.00 0.00 0.00 0.00 -0.08 0.00 0.00 -1.62 0.00 0.00 -0.80 0.00 -0.00 0.00 2.00 0.01 -0.20 -0.01 0.13 -3.73 -0.01 0.06 -1.85 0.00 -0.00 0.00 4.00 0.01 -0.12 -0.01 0.16 -2.32 -0.01 0.08 -1.15
-57.8964 -0.1454 -61.3860 105.46 -0.04 -0.00 -0.16 2.50 -0.52 0.79 1.20 0.01 0.21 -3.82 0.46 -0.00 -0.00 -0.00 0.84 2.80 -0.24 0.67 0.95 0.01 -0.66 -3.80 0.24 0.00 -0.00 0.00 -0.31 0.04 -0.26 -0.36 0.05 -0.33 -0.39 0.05 -0.36 -0.39 0.05 -0.36 -0.38 -0.35 0.14 -0.32 -0.30 0.12 3.80 3.50 -2.54 -4.48 -7.12 92.02 0.28 -2.10 -1.71 -3.43 15.78 -1.00 -0.37 12.92 -0.31 -7.31 5.15 4.11 -9.86 6.89 7.35 -0.00 -0.00 0.00 2.00 -0.00 0.09 -0.00 -0.06 1.83 -0.00 -0.03 0.90 -0.00 -0.00 0.00 -0.00 0.00 0.14 -0.00 0.00 2.66 -0.00 0.00 1.32 -0.00 -0.00 0.00 -2.00 0.01 0.40 0.03 0.22 6.33 0.02 0.11 3.17 -0.00 -0.00 0.00 -4.00 0.02 0.26 0.03 0.31 4.46 0.02 0.15 2.22 2.99 3.41 -1.08 6.87 -5.86 -88.54 -0.11 1.04 1.77 0.94 15.53 -0.08 -0.26 3.17 -0.25 0.19 1.28 -1.19 0.22 1.93 -1.79 -0.00 0.00 -0.00 -2.00 -0.00 -0.09 0.00 -0.06 -1.76 0.00 -0.03 -0.87 -0.00 0.00 -0.00 0.00 0.00 -0.08 0.00 0.00 -1.65 0.00 0.00 -0.81 -0.00 0.00 -0.00 2.00 0.01 -0.21 -0.01 0.13 -3.74 -0.01 0.06 -1.86 -0.00 0.00 -0.00 4.00 0.01 -0.12 -0.01 0.16 -2.31 -0.01 0.08 -1.14
-57.9167 -0.1463 -61.3812 105.34 -0.03 -0.00 -0.11 2.48 -0.52 0.79 1.18 0.01 0.28 -3.78 0.46 -0.00 -0.00 -0.00 0.91 2.79 -0.24 0.73 0.95 0.01 -0.66 -3.80 0.24 0.00 -0.00 0.00 -0.31 0.04 -0.24 -0.35 0.05 -0.34 -0.38 0.05 -0.36 -0.38 0.05 -0.36 -0.34 -0.37 0.13 -0.29 -0.31 0.11 3.88 3.32 -2.64 -3.92 -7.64 91.77 0.24 -2.31 -1.74 -3.60 15.84 -1.33 -0.36 12.86 -0.30 -7.17 5.13 4.20 -9.64 6.91 7.46 0.00 -0.00 0.00 2.00 -0.00 0.09 -0.00 -0.07 1.91 -0.00 -0.03 0.94 0.00 -0.00 0.00 -0.00 0.00 0.14 -0.00 0.00 2.78 -0.00 0.00 1.37 0.00 -0.00 0.00 -2.00 0.01 0.41 0.03 0.22 6.46 0.02 0.11 3.23 0.00 -0.00 0.00 -4.00 0.02 0.26 0.03 0.31 4.50 0.02 0.16 2.24 2.95 3.24 -0.99 6.13 -6.17 -88.36 -0.09 0.69 1.78 0.94 15.76 0.21 -0.25 3.18 -0.23 0.25 1.28 -1.20 0.31 1.94 -1.81 0.00 -0.00 0.00 -2.00 -0.00 -0.09 0.00 -0.06 -1.80 0.00 -0.03 -0.89 0.00 -0.00 0.00 0.00 0.00 -0.08 0.00 0.00 -1.70 0.00 0.00 -0.84 0.00 -0.00 0.00 2.00 0.01 -0.21 -0.01 0.13 -3.78 -0.01 0.07 -1.88 0.00 -0.00 0.00 4.00 0.01 -0.12 -0.01 0.16 -2.31 -0.00 0.08 -1.14
-57.9460 -0.1462 -61.3767 105.21 -0.03 -0.00 -0.06 2.46 -0.53 0.79 1.15 0.01 0.35 -3.74 0.46 -0.00 -0.00 -0.00 0.98 2.78 -0.24 0.78 0.95 0.01 -0.66 -3.80 0.24 0.00 -0.00 0.00 -0.31 0.04 -0.21 -0.35 0.05 -0.34 -0.38 0.05 -0.36 -0.38 0.05 -0.36 -0.29 -0.39 0.12 -0.25 -0.33 0.10 4.00 3.12 -2.76 -3.31 -8.26 91.46 0.20 -2.47 -1.77 -3.78 15.92 -1.66 -0.35 12.79 -0.29 -7.04 5.12 4.29 -9.43 6.92 7.57 -0.00 0.00 0.00 2.00 -0.00 0.10 -0.00 -0.07 1.97 -0.00 -0.03 0.97 -0.00 0.00 0.00 -0.00 0.00 0.15 -0.00 0.00 2.86 -0.00 0.00 1.42 -0.00 0.00 0.00 -2.00 0.01 0.42 0.03 0.23 6.54 0.02 0.11 3.28 -0.00 0.00 0.00 -4.00 0.02 0.26 0.03 0.32 4.53 0.02 0.16 2.25 2.91 3.08 -0.89 5.23 -6.54 -88.14 -0.08 0.32 1.80 0.89 15.89 0.50 -0.23 3.28 -0.22 0.29 1.32 -1.22 0.37 2.00 -1.83 -0.00 -0.00 -0.00 -2.00 -0.00 -0.09 0.00 -0.06 -1.82 0.00 -0.03 -0.90 -0.00 -0.00 -0.00 0.00 0.00 -0.08 0.00 0.00 -1.74 0.00 0.00 -0.86 -0.00 -0.00 -0.00 2.00 0.01 -0.21 -0.01 0.13 -3.83 -0.01 0.07 -1.90 -0.00 -0.00 -0.00 4.00 0.01 -0.12 -0.01 0.16 -2.30 -0.00 0.08 -1.14
-57.9818 -0.1448 -61.3718 105.09 -0.02 -0.00 0.00 2.43 -0.53 0.78 1.13 0.01 0.42 -3.69 0.47 -0.00 -0.00 0.00 1.05 2.78 -0.25 0.83 0.93 0.01 -0.66 -3.78 0.25 0.00 -0.00 0.00 -0.32 0.04 -0.18 -0.34 0.05 -0.33 -0.37 0.05 -0.36 -0.37 0.05 -0.36 -0.24 -0.40 0.10 -0.20 -0.34 0.09 4.14 2.89 -2.89 -2.68 -8.96 91.11 0.18 -2.61 -1.81 -3.97 15.99 -1.99 -0.34 12.69 -0.29 -6.94 5.09 4.42 -9.27 6.90 7.74 -0.00 -0.00 -0.00 2.00 -0.00 0.10 -0.00 -0.07 2.05 -0.00 -0.03 1.01 -0.00 -0.00 -0.00 -0.00 0.00 0.16 -0.00 0.00 2.98 -0.00 0.00 1.47 -0.00 -0.00 -0.00 -2.00 0.02 0.43 0.03 0.23 6.66 0.02 0.12 3.34 -0.00 -0.00 -0.00 -4.00 0.02 0.26 0.03 0.32 4.56 0.02 0.16 2.27 2.86 2.94 -0.77 4.31 -7.05 -87.88 -0.07 0.01 1.79 0.82 15.96 0.76 -0.23 3.36 -0.22 0.31 1.36 -1.24 0.40 2.06 -1.87 -0.00 -0.00 -0.00 -2.00 -0.00 -0.09 0.00 -0.06 -1.85 0.00 -0.03 -0.91 -0.00 -0.00 -0.00 0.00 0.00 -0.09 0.00 0.00 -1.76 0.00 0.00 -0.87 -0.00 -0.00 -0.00 2.00 0.01 -0.21 -0.01 0.13 -3.85 -0.01 0.07 -1.91 -0.00 -0.00 -0.00 4.00 0.01 -0.11 -0.01 0.16 -2.28 -0.00 0.08 -1.13
-58.0228 -0.1435 -61.3659 104.96 -0.02 -0.00 0.07 2.40 -0.54 0.77 1.10 0.01 0.49 -3.64 0.47 -0.00 -0.00 0.00 1.14 2.78 -0.26 0.88 0.90 0.01 -0.66 -3.75 0.25 0.00 -0.00 0.00 -0.32 0.04 -0.14 -0.34 0.05 -0.33 -0.36 0.05 -0.36 -0.36 0.05 -0.36 -0.19 -0.42 0.08 -0.16 -0.36 0.07 4.31 2.64 -3.05 -2.06 -9.73 90.74 0.17 -2.76 -1.85 -4.19 16.04 -2.29 -0.34 12.59 -0.28 -6.82 5.06 4.54 -9.08 6.90 7.90 -0.00 0.00 0.00 2.00 -0.00 0.11 -0.00 -0.07 2.12 -0.00 -0.04 1.05 -0.00 0.00 0.00 -0.00 0.00 0.16 -0.00 0.00 3.10 -0.00 0.00 1.53 -0.00 0.00 0.00 -2.00 0.02 0.44 0.03 0.24 6.79 0.02 0.12 3.40 -0.00 0.00 0.00 -4.00 0.02 0.26 0.03 0.32 4.58 0.02 0.16 2.28 2.77 2.81 -0.63 3.51 -7.70 -87.61 -0.06 -0.20 1.74 0.73 16.00 0.98 -0.23 3.44 -0.21 0.34 1.39 -1.27 0.44 2.10 -1.91 0.00 -0.00 -0.00 -2.00 -0.00 -0.09 0.00 -0.07 -1.88 0.00 -0.03 -0.93 0.00 -0.00 -0.00 0.00 0.00 -0.09 0.00 0.00 -1.80 0.00 0.00 -0.89 0.00 -0.00 -0.00 2.00 0.01 -0.22 -0.01 0.14 -3.89 -0.01 0.07 -1.93 0.00 -0.00 -0.00 4.00 0.01 -0.11 -0.01 0.16 -2.28 -0.00 0.08 -1.12
-58.0689 -0.1416 -61.3585 104.84 -0.01 -0.00 0.13 2.36 -0.54 0.76 1.08 0.01 0.56 -3.58 0.47 -0.00 -0.00 0.00 1.22 2.78 -0.26 0.91 0.86 0.01 -0.66 -3.72 0.25 0.00 -0.00 0.00 -0.32 0.04 -0.11 -0.33 0.05 -0.33 -0.36 0.05 -0.35 -0.36 0.05 -0.35 -0.13 -0.44 0.06 -0.11 -0.37 0.05 4.51 2.37 -3.24 -1.42 -10.68 90.32 0.16 -2.97 -1.90 -4.44 16.04 -2.60 -0.32 12.45 -0.27 -6.67 5.03 4.77 -8.83 6.89 8.20 -0.00 -0.00 -0.00 2.00 -0.00 0.11 -0.00 -0.08 2.26 -0.00 -0.04 1.12 -0.00 -0.00 -0.00 -0.00 0.00 0.18 -0.00 0.00 3.37 -0.00 0.00 1.67 -0.00 -0.00 -0.00 -2.00 0.02 0.47 0.03 0.25 7.10 0.02 0.12 3.56 -0.00 -0.00 -0.00 -4.00 0.02 0.27 0.03 0.32 4.65 0.02 0.16 2.31 2.68 2.70 -0.47 2.81 -8.64 -87.32 -0.05 -0.33 1.62 0.63 16.04 1.16 -0.22 3.50 -0.21 0.37 1.41 -1.29 0.49 2.14 -1.95 -0.00 0.00 0.00 -2.00 -0.00 -0.09 0.00 -0.07 -1.91 0.00 -0.03 -0.94 -0.00 0.00 0.00 0.00 0.00 -0.09 0.00 0.00 -1.84 0.00 0.00 -0.91 -0.00 0.00 0.00 2.00 0.01 -0.22 -0.01 0.14 -3.92 -0.01 0.07 -1.95 -0.00 0.00 0.00 4.00 0.01 -0.11 -0.01 0.16 -2.27 -0.00 0.08 -1.12
-58.1211 -0.1394 -61.3493 104.73 -0.01 -0.00 0.20 2.32 -0.55 0.73 1.06 0.01 0.64 -3.53 0.48 -0.00 -0.00 0.00 1.30 2.78 -0.27 0.94 0.80 0.01 -0.66 -3.67 0.26 0.00 -0.00 0.00 -0.32 0.04 -0.07 -0.32 0.05 -0.32 -0.35 0.05 -0.35 -0.35 0.05 -0.35 -0.09 -0.45 0.04 -0.07 -0.38 0.03 4.72 2.09 -3.44 -0.79 -11.78 89.86 0.16 -3.24 -1.95 -4.69 16.02 -2.92 -0.31 12.31 -0.26 -6.52 5.00 5.02 -8.59 6.89 8.55 0.00 0.00 -0.00 2.00 -0.00 0.12 -0.00 -0.08 2.41 -0.00 -0.04 1.19 0.00 0.00 -0.00 0.00 0.00 0.20 0.00 0.01 3.70 -0.00 0.00 1.83 0.00 0.00 -0.00 -2.00 0.02 0.50 0.04 0.26 7.47 0.03 0.13 3.75 0.00 0.00 -0.00 -4.00 0.02 0.28 0.03 0.33 4.73 0.02 0.16 2.36 2.57 2.61 -0.29 2.21 -9.80 -87.03 -0.04 -0.45 1.46 0.53 16.04 1.27 -0.20 3.54 -0.19 0.46 1.43 -1.32 0.61 2.16 -2.00 0.00 0.00 0.00 -2.00 -0.00 -0.10 0.00 -0.07 -1.96 0.00 -0.03 -0.97 0.00 0.00 0.00 0.00 0.00 -0.09 0.00 0.00 -1.91 0.00 0.00 -0.94 0.00 0.00 0.00 2.00 0.01 -0.22 -0.01 0.14 -4.00 -0.01 0.07 -1.99 0.00 0.00 0.00 4.00 0.01 -0.11 -0.01 0.16 -2.29 -0.00 0.08 -1.13
-58.1767 -0.1377 -61.3380 104.64 -0.01 -0.00 0.25 2.28 -0.55 0.70 1.05 0.01 0.71 -3.48 0.48 -0.00 -0.00 0.00 1.38 2.79 -0.27 0.96 0.74 0.01 -0.66 -3.61 0.26 0.00 -0.00 0.00 -0.32 0.04 -0.04 -0.32 0.05 -0.32 -0.34 0.05 -0.34 -0.34 0.05 -0.34 -0.05 -0.46 0.02 -0.04 -0.39 0.02 4.94 1.81 -3.65 -0.21 -12.99 89.37 0.17 -3.52 -1.99 -4.94 15.98 -3.25 -0.29 12.17 -0.25 -6.40 4.96 5.29 -8.38 6.89 8.92 -0.00 -0.00 0.00 2.00 -0.00 0.13 -0.00 -0.09 2.58 -0.00 -0.04 1.27 -0.00 -0.00 0.00 0.00 0.00 0.23 0.00 0.01 4.06 -0.00 0.00 2.02 -0.00 -0.00 0.00 -2.00 0.02 0.54 0.04 0.28 7.86 0.03 0.14 3.96 -0.00 -0.00 0.00 -4.00 0.02 0.28 0.03 0.34 4.83 0.02 0.17 2.40 2.46 2.53 -0.10 1.65 -11.11 -86.74 -0.03 -0.60 1.29 0.46 16.01 1.31 -0.20 3.55 -0.19 0.47 1.43 -1.31 0.63 2.17 -1.99 -0.00 -0.00 -0.00 -2.00 -0.00 -0.10 0.00 -0.07 -2.00 0.00 -0.03 -0.99 -0.00 -0.00 -0.00 -0.00 0.00 -0.10 -0.00 0.00 -1.98 0.00 0.00 -0.98 -0.00 -0.00 -0.00 2.00 0.01 -0.23 -0.01 0.14 -4.07 -0.01 0.07 -2.02 -0.00 -0.00 -0.00 4.00 0.01 -0.12 -0.01 0.16 -2.31 -0.00 0.08 -1.14
-58.2360 -0.1351 -61.3270 104.56 -0.00 -0.00 0.30 2.24 -0.56 0.67 1.03 0.01 0.77 -3.42 0.48 -0.00 -0.00 0.00 1.44 2.79 -0.27 0.98 0.67 0.01 -0.67 -3.55 0.26 0.00 -0.00 0.00 -0.32 0.04 -0.01 -0.30 0.05 -0.31 -0.33 0.05 -0.33 -0.33 0.05 -0.33 -0.02 -0.46 0.01 -0.01 -0.39 0.01 5.18 1.52 -3.87 0.30 -14.30 88.87 0.17 -3.81 -2.03 -5.16 15.94 -3.56 -0.28 12.01 -0.23 -6.27 4.92 5.59 -8.16 6.88 9.33 -0.00 -0.00 0.00 2.00 -0.00 0.14 -0.00 -0.09 2.76 -0.00 -0.05 1.37 -0.00 -0.00 0.00 0.00 0.00 0.26 0.00 0.01 4.48 -0.00 0.00 2.23 -0.00 -0.00 0.00 -2.00 0.02 0.58 0.04 0.29 8.31 0.03 0.15 4.19 -0.00 -0.00 0.00 -4.00 0.02 0.29 0.03 0.34 4.93 0.02 0.17 2.45 2.31 2.44 0.10 1.14 -12.49 -86.46 -0.03 -0.77 1.12 0.42 15.92 1.29 -0.20 3.55 -0.18 0.47 1.43 -1.31 0.63 2.17 -1.98 -0.00 0.00 -0.00 -2.00 -0.00 -0.10 0.00 -0.07 -2.04 0.00 -0.03 -1.01 -0.00 0.00 -0.00 -0.00 0.00 -0.10 -0.00 0.00 -2.06 -0.00 0.00 -1.02 -0.00 0.00 -0.00 2.00 0.01 -0.23 -0.01 0.15 -4.15 -0.01 0.07 -2.06 -0.00 0.00 -0.00 4.00 0.01 -0.12 -0.01 0.16 -2.34 -0.01 0.08 -1.16
-58.2994 -0.1316 -61.3161 104.49 0.00 0.00 0.34 2.20 -0.56 0.64 1.00 0.01 0.83 -3.36 0.49 -0.00 -0.00 0.00 1.51 2.79 -0.28 1.00 0.60 0.01 -0.69 -3.48 0.27 0.00 -0.00 0.00 -0.31 0.04 0.02 -0.29 0.05 -0.30 -0.31 0.05 -0.33 -0.31 0.05 -0.33 -0.00 -0.44 -0.01 -0.00 -0.38 -0.01 5.42 1.21 -4.09 0.81 -15.86 88.30 0.18 -4.10 -2.07 -5.34 15.89 -3.86 -0.25 11.75 -0.21 -6.13 4.86 6.00 -7.91 6.86 9.91 0.00 0.00 0.00 2.00 -0.01 0.16 -0.01 -0.10 3.03 -0.00 -0.05 1.50 0.00 0.00 0.00 0.00 0.00 0.31 0.00 0.02 5.13 -0.00 0.01 2.56 0.00 0.00 0.00 -2.00 0.02 0.65 0.05 0.32 8.95 0.04 0.16 4.52 0.00 0.00 0.00 -4.00 0.02 0.30 0.03 0.36 5.06 0.02 0.18 2.52 2.15 2.36 0.28 0.55 -14.18 -86.10 -0.05 -1.04 0.91 0.57 15.74 1.19 -0.19 3.56 -0.18 0.47 1.43 -1.30 0.64 2.17 -1.96 -0.00 -0.00 0.00 -2.00 -0.00 -0.10 0.00 -0.07 -2.09 0.00 -0.04 -1.03 -0.00 -0.00 0.00 -0.00 0.00 -0.11 -0.00 0.00 -2.14 -0.00 0.00 -1.06 -0.00 -0.00 0.00 2.00 0.01 -0.24 -0.01 0.15 -4.23 -0.01 0.07 -2.10 -0.00 -0.00 0.00 4.00 0.01 -0.12 -0.01 0.17 -2.39 -0.01 0.08 -1.18
-58.3672 -0.1281 -61.3031 104.44 0.00 0.00 0.38 2.16 -0.57 0.61 0.98 0.01 0.88 -3.30 0.49 -0.00 -0.00 0.00 1.56 2.78 -0.28 1.03 0.54 0.00 -0.71 -3.42 0.27 0.00 -0.00 -0.00 -0.30 0.04 0.04 -0.27 0.05 -0.29 -0.30 0.05 -0.32 -0.30 0.05 -0.32 -0.00 -0.42 -0.02 -0.00 -0.35 -0.02 5.67 0.90 -4.30 1.38 -17.59 87.64 0.20 -4.46 -2.09 -5.44 15.80 -4.16 -0.23 11.52 -0.19 -6.10 4.81 6.43 -7.80 6.84 10.52 0.00 -0.00 0.00 2.00 -0.01 0.18 -0.01 -0.11 3.31 -0.01 -0.05 1.64 0.00 -0.00 0.00 0.00 0.00 0.36 0.00 0.02 5.82 -0.00 0.01 2.91 0.00 -0.00 0.00 -2.00 0.03 0.72 0.06 0.35 9.62 0.04 0.18 4.87 0.00 -0.00 0.00 -4.00 0.02 0.31 0.04 0.37 5.19 0.03 0.18 2.59 1.96 2.27 0.44 -0.12 -16.05 -85.66 -0.05 -1.40 0.68 0.53 15.47 1.01 -0.19 3.57 -0.17 0.49 1.44 -1.29 0.66 2.18 -1.95 0.00 -0.00 0.00 -2.00 -0.00 -0.11 0.00 -0.07 -2.14 0.00 -0.04 -1.06 0.00 -0.00 0.00 -0.00 0.00 -0.11 -0.00 0.00 -2.22 -0.00 0.00 -1.10 0.00 -0.00 0.00 2.00 0.01 -0.25 -0.01 0.15 -4.32 -0.01 0.08 -2.15 0.00 -0.00 0.00 4.00 0.01 -0.13 -0.01 0.18 -2.47 -0.01 0.09 -1.22
-58.4429 -0.1239 -61.2864 104.40 0.01 0.00 0.41 2.12 -0.57 0.57 0.95 0.00 0.91 -3.24 0.50 -0.00 -0.00 0.00 1.59 2.76 -0.29 1.05 0.49 0.00 -0.74 -3.35 0.27 0.00 -0.00 -0.00 -0.30 0.04 0.07 -0.26 0.05 -0.28 -0.28 0.05 -0.30 -0.28 0.05 -0.30 -0.00 -0.38 -0.04 -0.00 -0.32 -0.04 5.92 0.58 -4.51 2.07 -19.42 86.85 0.22 -4.95 -2.09 -5.50 15.66 -4.44 -0.20 11.24 -0.17 -5.98 4.73 6.83 -7.61 6.81 11.08 -0.00 -0.00 -0.00 2.00 -0.01 0.19 -0.01 -0.12 3.57 -0.01 -0.06 1.77 -0.00 -0.00 -0.00 0.00 0.00 0.42 0.00 0.02 6.53 0.00 0.01 3.27 -0.00 -0.00 -0.00 -2.00 0.03 0.79 0.07 0.37 10.28 0.05 0.19 5.22 -0.00 -0.00 -0.00 -4.00 0.02 0.32 0.04 0.37 5.32 0.03 0.19 2.65 1.75 2.16 0.56 -0.90 -18.07 -85.10 -0.07 -1.90 0.41 0.40 15.11 0.79 -0.18 3.59 -0.17 0.50 1.45 -1.29 0.68 2.19 -1.95 -0.00 -0.00 -0.00 -2.00 -0.00 -0.11 0.00 -0.07 -2.18 0.00 -0.04 -1.08 -0.00 -0.00 -0.00 -0.00 0.00 -0.11 -0.00 0.00 -2.29 -0.00 0.00 -1.13 -0.00 -0.00 -0.00 2.00 0.01 -0.25 -0.01 0.16 -4.39 -0.01 0.08 -2.19 -0.00 -0.00 -0.00 4.00 0.01 -0.13 -0.01 0.18 -2.54 -0.01 0.09 -1.26
-58.5231 -0.1194 -61.2684 104.40 0.01 0.00 0.42 2.08 -0.57 0.54 0.92 0.00 0.94 -3.17 0.50 -0.00 -0.00 0.00 1.61 2.73 -0.29 1.07 0.44 0.00 -0.77 -3.28 0.28 0.00 0.00 -0.00 -0.29 0.04 0.09 -0.25 0.04 -0.27 -0.27 0.05 -0.29 -0.27 0.05 -0.29 -0.01 -0.33 -0.07 -0.01 -0.28 -0.06 6.21 0.22 -4.72 2.91 -21.28 85.91 0.24 -5.58 -2.08 -5.50 15.41 -4.66 -0.17 10.92 -0.14 -5.88 4.65 7.24 -7.43 6.77 11.66 -0.00 -0.00 -0.00 2.00 -0.01 0.21 -0.01 -0.13 3.86 -0.01 -0.06 1.92 -0.00 -0.00 -0.00 0.00 0.00 0.49 0.01 0.02 7.31 0.00 0.01 3.67 -0.00 -0.00 -0.00 -2.00 0.03 0.87 0.08 0.40 10.99 0.06 0.20 5.59 -0.00 -0.00 -0.00 -4.00 0.02 0.33 0.04 0.38 5.47 0.03 0.19 2.73 1.51 2.03 0.65 -1.84 -20.20 -84.38 -0.07 -2.57 0.12 0.20 14.67 0.56 -0.17 3.60 -0.16 0.53 1.45 -1.29 0.71 2.20 -1.96 -0.00 0.00 0.00 -2.00 -0.00 -0.11 0.00 -0.08 -2.20 0.00 -0.04 -1.08 -0.00 0.00 0.00 -0.00 0.00 -0.12 -0.00 0.00 -2.32 -0.00 0.00 -1.14 -0.00 0.00 0.00 2.00 0.01 -0.25 -0.01 0.16 -4.44 -0.01 0.08 -2.21 -0.00 0.00 0.00 4.00 0.01 -0.13 -0.01 0.18 -2.59 -0.01 0.09 -1.28
-58.6039 -0.1157 -61.2493 104.41 0.01 0.00 0.42 2.05 -0.57 0.50 0.89 0.00 0.97 -3.11 0.50 -0.00 -0.00 0.00 1.62 2.70 -0.29 1.09 0.41 0.00 -0.81 -3.21 0.28 0.00 -0.00 -0.00 -0.29 0.04 0.11 -0.24 0.04 -0.25 -0.26 0.05 -0.27 -0.26 0.05 -0.27 -0.02 -0.29 -0.10 -0.02 -0.25 -0.09 6.51 -0.16 -4.93 4.13 -23.33 84.65 0.29 -6.43 -2.05 -5.38 14.97 -4.80 -0.11 10.48 -0.08 -5.76 4.53 7.73 -7.23 6.71 12.32 0.00 0.00 -0.00 2.00 -0.01 0.24 -0.01 -0.13 4.21 -0.01 -0.07 2.09 0.00 0.00 -0.00 0.00 0.00 0.59 0.01 0.04 8.32 0.00 0.02 4.19 0.00 0.00 -0.00 -2.00 0.04 0.98 0.10 0.44 11.85 0.07 0.22 6.05 0.00 0.00 -0.00 -4.00 0.02 0.35 0.04 0.40 5.64 0.03 0.20 2.82 1.24 1.86 0.73 -3.18 -22.63 -83.29 -0.05 -3.51 -0.24 0.22 14.09 0.30 -0.17 3.59 -0.16 0.54 1.45 -1.30 0.74 2.20 -1.97 0.00 -0.00 -0.00 -2.00 -0.00 -0.11 0.00 -0.08 -2.20 0.00 -0.04 -1.09 0.00 -0.00 -0.00 -0.00 0.00 -0.12 -0.00 0.00 -2.34 -0.00 0.00 -1.16 0.00 -0.00 -0.00 2.00 0.01 -0.26 -0.01 0.16 -4.48 -0.01 0.08 -2.23 0.00 -0.00 -0.00 4.00 0.01 -0.14 -0.01 0.19 -2.64 -0.01 0.09 -1.31
-58.6851 -0.1115 -61.2308 104.44 0.01 0.00 0.41 2.02 -0.58 0.46 0.85 0.00 0.99 -3.04 0.51 -0.00 -0.00 0.00 1.61 2.66 -0.29 1.11 0.38 0.00 -0.85 -3.14 0.28 -0.00 0.00 0.00 -0.28 0.04 0.13 -0.23 0.04 -0.24 -0.25 0.04 -0.26 -0.25 0.04 -0.26 -0.03 -0.24 -0.13 -0.03 -0.21 -0.11 6.82 -0.55 -5.15 5.65 -25.44 83.12 0.34 -7.38 -2.05 -5.14 14.35 -4.87 -0.05 10.00 -0.03 -5.65 4.39 8.18 -7.08 6.64 12.94 0.00 -0.00 0.00 2.00 -0.01 0.26 -0.01 -0.14 4.55 -0.01 -0.07 2.26 0.00 -0.00 0.00 0.00 0.00 0.69 0.01 0.05 9.31 0.00 0.03 4.71 0.00 -0.00 0.00 -2.00 0.04 1.09 0.11 0.47 12.68 0.08 0.23 6.49 0.00 -0.00 0.00 -4.00 0.03 0.36 0.05 0.41 5.81 0.03 0.20 2.90 0.94 1.64 0.80 -4.90 -25.19 -81.85 -0.01 -4.62 -0.61 0.12 13.29 0.02 -0.17 3.57 -0.16 0.56 1.44 -1.32 0.76 2.18 -2.00 -0.00 0.00 -0.00 -2.00 -0.00 -0.11 0.00 -0.08 -2.21 0.00 -0.04 -1.09 -0.00 0.00 -0.00 -0.00 0.00 -0.12 -0.00 0.00 -2.36 -0.00 0.00 -1.17 -0.00 0.00 -0.00 2.00 0.01 -0.26 -0.01 0.16 -4.53 -0.01 0.08 -2.26 -0.00 0.00 -0.00 4.00 0.01 -0.14 -0.01 0.19 -2.68 -0.01 0.09 -1.32
-58.7673 -0.1064 -61.2134 104.48 0.01 0.00 0.38 2.00 -0.58 0.42 0.80 0.00 1.02 -2.97 0.51 -0.00 -0.00 0.00 1.61 2.61 -0.30 1.11 0.35 0.00 -0.89 -3.07 0.29 0.00 0.00 0.00 -0.28 0.03 0.14 -0.23 0.04 -0.23 -0.25 0.04 -0.24 -0.25 0.04 -0.24 -0.05 -0.20 -0.17 -0.04 -0.17 -0.14 7.14 -0.93 -5.38 7.53 -27.60 81.28 0.40 -8.45 -2.04 -4.83 13.60 -4.86 0.02 9.52 0.02 -5.55 4.24 8.57 -6.94 6.54 13.46 -0.00 -0.00 0.00 2.00 -0.01 0.28 -0.01 -0.15 4.85 -0.01 -0.08 2.41 -0.00 -0.00 0.00 0.00 0.00 0.78 0.01 0.04 10.19 0.00 0.02 5.17 -0.00 -0.00 0.00 -2.00 0.05 1.18 0.12 0.48 13.38 0.09 0.24 6.86 -0.00 -0.00 0.00 -4.00 0.03 0.37 0.05 0.42 5.93 0.03 0.21 2.96 0.62 1.37 0.88 -6.94 -27.73 -80.10 0.04 -5.84 -0.94 -0.06 12.30 -0.26 -0.18 3.55 -0.17 0.57 1.43 -1.34 0.77 2.18 -2.04 0.00 -0.00 0.00 -2.00 -0.00 -0.11 0.00 -0.08 -2.22 0.00 -0.04 -1.09 0.00 -0.00 0.00 -0.00 0.00 -0.12 -0.00 0.00 -2.38 -0.00 0.00 -1.18 0.00 -0.00 0.00 2.00 0.01 -0.26 -0.01 0.16 -4.56 -0.01 0.08 -2.27 0.00 -0.00 0.00 4.00 0.01 -0.14 -0.01 0.19 -2.69 -0.01 0.09 -1.33
-58.8457 -0.1023 -61.1963 104.52 0.01 0.00 0.35 1.98 -0.58 0.38 0.75 0.00 1.05 -2.90 0.51 -0.00 -0.00 0.00 1.61 2.57 -0.30 1.11 0.33 0.00 -0.93 -3.00 0.29 0.00 0.00 0.00 -0.28 0.03 0.16 -0.22 0.04 -0.21 -0.24 0.04 -0.23 -0.24 0.04 -0.23 -0.07 -0.16 -0.20 -0.06 -0.14 -0.17 7.48 -1.33 -5.67 9.97 -29.85 78.90 0.43 -9.79 -1.87 -4.42 12.73 -4.80 0.09 9.01 0.10 -5.45 4.08 8.93 -6.83 6.44 13.93 -0.00 0.00 0.00 2.00 -0.01 0.31 -0.01 -0.16 5.13 -0.01 -0.08 2.56 -0.00 0.00 0.00 0.00 0.01 0.88 0.01 0.05 11.06 -0.00 0.03 5.63 -0.00 0.00 0.00 -2.00 0.05 1.27 0.13 0.50 14.05 0.09 0.25 7.23 -0.00 0.00 0.00 -4.00 0.03 0.38 0.05 0.43 6.05 0.03 0.21 3.03 0.27 1.00 0.98 -9.33 -30.18 -77.99 0.09 -7.14 -1.26 -0.30 11.15 -0.54 -0.18 3.55 -0.17 0.58 1.43 -1.37 0.79 2.17 -2.07 -0.00 -0.00 0.00 -2.00 -0.00 -0.11 0.00 -0.08 -2.23 0.00 -0.04 -1.10 -0.00 -0.00 0.00 -0.00 0.00 -0.12 -0.00 0.00 -2.42 -0.00 0.00 -1.19 -0.00 -0.00 0.00 2.00 0.01 -0.27 -0.01 0.16 -4.61 -0.01 0.08 -2.30 -0.00 -0.00 0.00 4.00 0.01 -0.14 -0.01 0.19 -2.72 -0.01 0.09 -1.34
-58.9198 -0.0981 -61.1803 104.57 0.01 0.00 0.32 1.97 -0.58 0.34 0.71 0.00 1.07 -2.84 0.52 -0.00 -0.00 0.00 1.60 2.53 -0.30 1.10 0.31 0.00 -0.97 -2.94 0.29 -0.00 0.00 0.00 -0.28 0.03 0.18 -0.22 0.04 -0.20 -0.24 0.04 -0.21 -0.24 0.04 -0.21 -0.09 -0.13 -0.23 -0.07 -0.11 -0.20 7.83 -1.73 -5.97 12.93 -32.03 76.03 0.50 -11.26 -1.77 -3.87 11.63 -4.64 0.22 8.31 0.22 -5.36 3.86 9.33 -6.76 6.27 14.45 0.00 -0.00 -0.00 2.00 -0.01 0.33 -0.02 -0.17 5.49 -0.01 -0.09 2.74 0.00 -0.00 -0.00 0.00 0.01 1.03 0.01 0.06 12.20 -0.00 0.03 6.23 0.00 -0.00 -0.00 -2.00 0.05 1.39 0.15 0.54 14.89 0.11 0.27 7.68 0.00 -0.00 -0.00 -4.00 0.03 0.39 0.05 0.44 6.21 0.04 0.22 3.11 -0.10 0.58 1.14 -12.41 -32.70 -75.19 0.16 -8.67 -1.63 -0.33 9.79 -0.90 -0.19 3.55 -0.17 0.58 1.44 -1.40 0.80 2.18 -2.12 -0.00 0.00 -0.00 -2.00 -0.00 -0.11 0.00 -0.08 -2.24 0.00 -0.04 -1.11 -0.00 0.00 -0.00 -0.00 0.00 -0.12 -0.00 0.00 -2.43 -0.00 0.00 -1.20 -0.00 0.00 -0.00 2.00 0.01 -0.27 -0.01 0.16 -4.63 -0.01 0.08 -2.30 -0.00 0.00 -0.00 4.00 0.01 -0.14 -0.01 0.19 -2.72 -0.01 0.09 -1.34
-58.9892 -0.0941 -61.1652 104.63 0.00 0.00 0.29 1.95 -0.58 0.29 0.68 0.00 1.09 -2.79 0.52 -0.00 -0.00 0.00 1.60 2.49 -0.30 1.09 0.30 0.00 -1.01 -2.89 0.30 0.00 0.00 -0.00 -0.28 0.03 0.19 -0.23 0.03 -0.18 -0.25 0.04 -0.20 -0.25 0.04 -0.20 -0.10 -0.10 -0.27 -0.08 -0.09 -0.23 8.18 -2.13 -6.30 16.32 -33.99 72.71 0.58 -12.83 -1.72 -3.19 10.33 -4.44 0.35 7.61 0.33 -5.29 3.63 9.68 -6.73 6.10 14.89 -0.00 -0.00 -0.00 2.00 -0.01 0.36 -0.02 -0.18 5.83 -0.01 -0.09 2.91 -0.00 -0.00 -0.00 0.00 0.01 1.17 0.01 0.06 13.30 -0.00 0.03 6.82 -0.00 -0.00 -0.00 -2.00 0.06 1.52 0.17 0.56 15.70 0.12 0.28 8.12 -0.00 -0.00 -0.00 -4.00 0.03 0.40 0.05 0.45 6.35 0.04 0.22 3.18 -0.49 0.10 1.37 -16.05 -35.08 -71.82 0.23 -10.32 -1.95 -0.48 8.26 -1.34 -0.20 3.55 -0.19 0.58 1.44 -1.47 0.79 2.18 -2.22 -0.00 -0.00 0.00 -2.00 -0.00 -0.11 0.00 -0.08 -2.25 0.00 -0.04 -1.11 -0.00 -0.00 0.00 0.00 0.00 -0.12 -0.00 0.00 -2.43 -0.00 0.00 -1.20 -0.00 -0.00 0.00 2.00 0.01 -0.27 -0.01 0.16 -4.62 -0.01 0.08 -2.30 -0.00 -0.00 0.00 4.00 0.01 -0.14 -0.01 0.19 -2.71 -0.01 0.09 -1.34
-59.0548 -0.0912 -61.1498 104.68 -0.00 0.00 0.26 1.92 -0.58 0.25 0.67 0.00 1.11 -2.75 0.52 -0.00 -0.00 0.00 1.60 2.45 -0.30 1.07 0.30 0.00 -1.04 -2.84 0.30 -0.00 -0.00 0.00 -0.28 0.03 0.20 -0.23 0.03 -0.17 -0.25 0.03 -0.18 -0.25 0.03 -0.18 -0.11 -0.08 -0.31 -0.09 -0.07 -0.26 8.52 -2.55 -6.65 20.07 -35.62 69.04 0.67 -14.48 -1.71 -2.37 8.86 -4.20 0.47 6.95 0.44 -5.34 3.42 10.01 -6.88 5.92 15.32 -0.00 -0.00 -0.00 2.00 -0.01 0.39 -0.02 -0.19 6.17 -0.02 -0.10 3.09 -0.00 -0.00 -0.00 0.00 0.01 1.32 0.02 0.06 14.38 -0.00 0.03 7.41 -0.00 -0.00 -0.00 -2.00 0.06 1.64 0.19 0.58 16.48 0.13 0.29 8.55 -0.00 -0.00 -0.00 -4.00 0.03 0.42 0.06 0.46 6.49 0.04 0.23 3.25 -0.90 -0.40 1.65 -20.11 -37.19 -67.97 0.31 -12.07 -2.24 -0.66 6.64 -1.83 -0.23 3.53 -0.21 0.56 1.43 -1.53 0.76 2.18 -2.31 -0.00 -0.00 0.00 -2.00 -0.00 -0.11 0.00 -0.08 -2.24 0.00 -0.04 -1.10 -0.00 -0.00 0.00 0.00 -0.00 -0.12 0.00 -0.00 -2.41 -0.00 -0.00 -1.19 -0.00 -0.00 0.00 2.00 0.01 -0.26 -0.01 0.15 -4.54 -0.01 0.08 -2.26 -0.00 -0.00 0.00 4.00 0.01 -0.14 -0.01 0.19 -2.68 -0.01 0.09 -1.33
-59.1179 -0.0878 -61.1361 104.74 -0.01 0.00 0.23 1.90 -0.59 0.21 0.66 0.00 1.12 -2.71 0.53 -0.00 -0.00 0.00 1.59 2.39 -0.30 1.04 0.32 0.00 -1.06 -2.80 0.30 -0.00 0.00 -0.00 -0.29 0.03 0.21 -0.24 0.03 -0.15 -0.26 0.03 -0.16 -0.26 0.03 -0.16 -0.12 -0.08 -0.36 -0.10 -0.07 -0.31 8.85 -3.03 -7.06 24.51 -36.86 64.65 0.69 -16.44 -1.47 -1.49 7.24 -3.92 0.61 6.28 0.58 -5.28 3.19 10.25 -6.87 5.73 15.61 -0.00 0.00 0.00 2.00 -0.01 0.41 -0.02 -0.21 6.46 -0.02 -0.10 3.24 -0.00 0.00 0.00 0.00 0.01 1.46 0.01 0.05 15.35 -0.00 0.03 7.93 -0.00 0.00 0.00 -2.00 0.07 1.75 0.20 0.59 17.13 0.14 0.29 8.91 -0.00 0.00 0.00 -4.00 0.03 0.43 0.06 0.47 6.62 0.04 0.23 3.32 -1.38 -0.99 2.03 -24.51 -38.92 -63.73 0.40 -13.90 -2.49 -0.86 4.92 -2.39 -0.25 3.50 -0.23 0.54 1.42 -1.58 0.72 2.16 -2.39 -0.00 0.00 -0.00 -2.00 -0.00 -0.11 0.00 -0.08 -2.22 0.00 -0.04 -1.10 -0.00 0.00 -0.00 0.00 -0.00 -0.12 0.00 -0.00 -2.40 0.00 -0.00 -1.18 -0.00 0.00 -0.00 2.00 0.01 -0.26 -0.01 0.15 -4.49 -0.01 0.08 -2.23 -0.00 0.00 -0.00 4.00 0.01 -0.14 -0.01 0.18 -2.65 -0.01 0.09 -1.31
-59.1763 -0.0844 -61.1235 104.79 -0.01 0.00 0.20 1.88 -0.59 0.17 0.66 0.00 1.13 -2.68 0.53 -0.00 -0.00 0.00 1.59 2.34 -0.30 1.01 0.35 0.00 -1.08 -2.78 0.31 0.00 -0.00 0.00 -0.29 0.03 0.23 -0.25 0.03 -0.13 -0.26 0.03 -0.14 -0.26 0.03 -0.14 -0.14 -0.08 -0.43 -0.12 -0.07 -0.37 9.15 -3.56 -7.52 29.49 -37.56 59.70 0.74 -18.53 -1.28 -0.36 5.29 -3.53 0.82 5.40 0.79 -5.28 2.90 10.55 -6.99 5.47 15.96 0.00 -0.00 0.00 2.00 -0.01 0.44 -0.03 -0.21 6.82 -0.02 -0.11 3.42 0.00 -0.00 0.00 0.00 0.01 1.65 0.01 0.07 16.53 -0.00 0.04 8.58 0.00 -0.00 0.00 -2.00 0.07 1.88 0.22 0.62 17.90 0.15 0.31 9.34 0.00 -0.00 0.00 -4.00 0.03 0.44 0.06 0.47 6.75 0.04 0.24 3.38 -1.92 -1.61 2.47 -29.65 -40.29 -58.63 0.50 -16.02 -2.80 -0.78 2.98 -3.09 -0.26 3.48 -0.25 0.53 1.41 -1.63 0.70 2.15 -2.47 -0.00 0.00 -0.00 -2.00 -0.00 -0.11 0.00 -0.08 -2.21 0.00 -0.04 -1.09 -0.00 0.00 -0.00 0.00 -0.00 -0.12 0.00 -0.00 -2.38 0.00 -0.00 -1.17 -0.00 0.00 -0.00 2.00 0.01 -0.25 -0.01 0.15 -4.45 -0.01 0.08 -2.21 -0.00 0.00 -0.00 4.00 0.01 -0.13 -0.01 0.18 -2.62 -0.01 0.09 -1.30
-59.2315 -0.0815 -61.1109 104.84 -0.02 0.00 0.18 1.86 -0.59 0.15 0.65 0.00 1.14 -2.65 0.53 -0.00 -0.00 0.00 1.58 2.29 -0.30 0.98 0.39 0.00 -1.10 -2.76 0.31 0.00 0.00 0.00 -0.29 0.03 0.25 -0.25 0.03 -0.10 -0.27 0.03 -0.11 -0.27 0.03 -0.11 -0.15 -0.10 -0.51 -0.13 -0.08 -0.43 9.41 -4.10 -7.99 34.70 -37.64 54.50 0.78 -20.69 -1.10 0.91 3.15 -3.12 1.02 4.63 0.99 -5.19 2.63 10.73 -6.98 5.22 16.14 0.00 0.00 -0.00 2.00 -0.01 0.47 -0.03 -0.23 7.06 -0.02 -0.11 3.54 0.00 0.00 -0.00 0.00 0.01 1.80 0.01 0.06 17.42 -0.00 0.04 9.07 0.00 0.00 -0.00 -2.00 0.08 1.97 0.23 0.63 18.43 0.16 0.31 9.63 0.00 0.00 -0.00 -4.00 0.03 0.44 0.06 0.48 6.82 0.04 0.24 3.42 -2.49 -2.25 2.95 -35.13 -41.11 -53.09 0.61 -18.26 -3.05 -0.88 0.86 -3.92 -0.27 3.47 -0.25 0.60 1.41 -1.72 0.81 2.16 -2.61 -0.00 -0.00 -0.00 -2.00 -0.00 -0.11 0.00 -0.08 -2.23 0.00 -0.04 -1.10 -0.00 -0.00 -0.00 -0.00 0.00 -0.12 -0.00 0.00 -2.39 -0.00 0.00 -1.18 -0.00 -0.00 -0.00 2.00 0.01 -0.25 -0.01 0.16 -4.46 -0.01 0.08 -2.22 -0.00 -0.00 -0.00 4.00 0.01 -0.13 -0.01 0.18 -2.61 -0.01 0.09 -1.29
-59.2804 -0.0790 -61.0992 104.88 -0.02 0.00 0.15 1.84 -0.59 0.13 0.64 0.00 1.14 -2.62 0.53 -0.00 -0.00 0.00 1.58 2.23 -0.30 0.96 0.43 0.00 -1.11 -2.74 0.31 0.00 -0.00 -0.00 -0.29 0.03 0.27 -0.26 0.03 -0.08 -0.28 0.03 -0.08 -0.28 0.03 -0.08 -0.16 -0.13 -0.58 -0.14 -0.11 -0.50 9.63 -4.66 -8.46 40.01 -37.07 49.18 0.81 -22.94 -0.92 2.32 0.78 -2.71 1.22 3.84 1.18 -5.13 2.35 10.88 -7.00 4.94 16.28 -0.00 -0.00 0.00 2.00 -0.02 0.48 -0.03 -0.24 7.28 -0.02 -0.12 3.65 -0.00 -0.00 0.00 0.00 0.01 1.95 0.01 0.05 18.30 -0.00 0.03 9.56 -0.00 -0.00 0.00 -2.00 0.08 2.07 0.24 0.64 18.98 0.18 0.31 9.93 -0.00 -0.00 0.00 -4.00 0.03 0.45 0.06 0.48 6.90 0.05 0.24 3.46 -3.07 -2.90 3.46 -40.79 -41.32 -47.29 0.71 -20.60 -3.25 -1.02 -1.39 -4.84 -0.28 3.49 -0.27 0.58 1.42 -1.77 0.78 2.18 -2.67 -0.00 -0.00 0.00 -2.00 -0.00 -0.11 0.00 -0.08 -2.24 0.00 -0.04 -1.11 -0.00 -0.00 0.00 -0.00 0.00 -0.12 -0.00 0.00 -2.39 -0.00 0.00 -1.18 -0.00 -0.00 0.00 2.00 0.01 -0.26 -0.01 0.16 -4.47 -0.01 0.08 -2.23 -0.00 -0.00 0.00 4.00 0.01 -0.13 -0.01 0.18 -2.61 -0.01 0.09 -1.29
-59.3228 -0.0768 -61.0882 104.91 -0.03 0.00 0.13 1.83 -0.59 0.11 0.63 0.00 1.15 -2.59 0.53 -0.00 -0.00 0.00 1.58 2.19 -0.30 0.93 0.48 0.00 -1.11 -2.73 0.31 -0.00 -0.00 -0.00 -0.29 0.03 0.29 -0.26 0.03 -0.05 -0.28 0.03 -0.05 -0.28 0.03 -0.05 -0.18 -0.17 -0.65 -0.15 -0.14 -0.56 9.80 -5.28 -8.93 45.54 -35.64 43.56 0.66 -25.55 -0.43 3.86 -1.81 -2.32 1.39 3.08 1.36 -5.09 2.08 11.00 -7.06 4.67 16.38 0.00 0.00 0.00 2.00 -0.02 0.50 -0.03 -0.25 7.49 -0.03 -0.12 3.76 0.00 0.00 0.00 0.00 0.01 2.10 0.01 0.04 19.11 -0.00 0.03 10.01 0.00 0.00 0.00 -2.00 0.08 2.16 0.25 0.65 19.46 0.19 0.32 10.21 0.00 0.00 0.00 -4.00 0.03 0.46 0.06 0.49 6.98 0.05 0.24 3.50 -3.68 -3.59 4.03 -46.39 -40.88 -41.48 0.86 -23.04 -3.47 -1.25 -3.69 -5.78 -0.28 3.50 -0.27 0.67 1.43 -1.87 0.90 2.19 -2.83 -0.00 -0.00 0.00 -2.00 -0.00 -0.11 0.00 -0.08 -2.27 0.00 -0.04 -1.12 -0.00 -0.00 0.00 -0.00 0.00 -0.12 -0.00 0.00 -2.40 0.00 0.00 -1.19 -0.00 -0.00 0.00 2.00 0.01 -0.26 -0.01 0.16 -4.49 -0.01 0.08 -2.24 -0.00 -0.00 0.00 4.00 0.01 -0.13 -0.01 0.18 -2.61 -0.01 0.09 -1.29
-59.3582 -0.0753 -61.0788 104.94 -0.03 0.00 0.11 1.82 -0.59 0.10 0.62 0.00 1.15 -2.56 0.53 -0.00 -0.00 0.00 1.58 2.15 -0.30 0.91 0.51 0.00 -1.12 -2.73 0.31 0.00 0.00 -0.00 -0.29 0.03 0.31 -0.25 0.03 -0.03 -0.28 0.03 -0.03 -0.28 0.03 -0.03 -0.21 -0.22 -0.71 -0.18 -0.19 -0.61 9.92 -5.91 -9.39 50.71 -33.59 38.21 0.54 -28.16 -0.03 5.42 -4.54 -2.03 1.57 2.22 1.56 -5.10 1.77 11.12 -7.22 4.34 16.47 -0.00 -0.00 -0.00 2.00 -0.02 0.52 -0.04 -0.25 7.66 -0.03 -0.13 3.85 -0.00 -0.00 -0.00 0.00 0.01 2.25 0.01 0.05 19.95 -0.01 0.03 10.48 -0.00 -0.00 -0.00 -2.00 0.08 2.25 0.26 0.66 19.96 0.19 0.32 10.49 -0.00 -0.00 -0.00 -4.00 0.03 0.46 0.07 0.49 7.06 0.05 0.25 3.54 -4.33 -4.28 4.62 -51.91 -39.84 -35.56 1.00 -25.41 -3.66 -1.19 -6.17 -6.86 -0.31 3.53 -0.29 0.62 1.44 -1.91 0.83 2.21 -2.89 -0.00 0.00 -0.00 -2.00 -0.00 -0.11 0.00 -0.08 -2.27 0.00 -0.04 -1.12 -0.00 0.00 -0.00 -0.00 0.00 -0.12 -0.00 0.00 -2.40 -0.00 0.00 -1.19 -0.00 0.00 -0.00 2.00 0.01 -0.26 -0.01 0.16 -4.50 -0.01 0.08 -2.24 -0.00 0.00 -0.00 4.00 0.01 -0.13 -0.01 0.18 -2.59 -0.01 0.09 -1.28
-59.3873 -0.0736 -61.0710 104.96 -0.03 0.00 0.09 1.81 -0.59 0.09 0.61 0.00 1.15 -2.54 0.53 -0.00 -0.00 0.00 1.58 2.11 -0.30 0.89 0.55 0.00 -1.12 -2.72 0.31 -0.00 0.00 -0.00 -0.28 0.03 0.33 -0.24 0.03 -0.00 -0.26 0.03 -0.00 -0.26 0.03 -0.00 -0.25 -0.29 -0.76 -0.21 -0.24 -0.65 10.01 -6.52 -9.87 55.13 -31.35 33.46 0.45 -30.53 0.23 6.89 -7.10 -1.94 1.69 1.46 1.69 -5.21 1.51 11.23 -7.50 4.06 16.57 -0.00 0.00 -0.00 2.00 -0.02 0.54 -0.04 -0.26 7.83 -0.03 -0.13 3.94 -0.00 0.00 -0.00 0.00 0.01 2.40 0.00 0.04 20.72 -0.01 0.02 10.92 -0.00 0.00 -0.00 -2.00 0.09 2.33 0.27 0.67 20.38 0.20 0.32 10.72 -0.00 0.00 -0.00 -4.00 0.03 0.47 0.07 0.50 7.13 0.05 0.25 3.58 -4.97 -4.96 5.20 -56.79 -38.44 -30.10 1.12 -27.50 -3.73 -1.26 -8.67 -7.85 -0.34 3.56 -0.32 0.57 1.45 -1.97 0.75 2.23 -2.98 0.00 -0.00 -0.00 -2.00 -0.00 -0.11 0.00 -0.08 -2.27 0.00 -0.04 -1.12 0.00 -0.00 -0.00 -0.00 -0.00 -0.12 -0.00 -0.00 -2.39 -0.00 -0.00 -1.18 0.00 -0.00 -0.00 2.00 0.01 -0.26 -0.01 0.15 -4.47 -0.01 0.08 -2.23 0.00 -0.00 -0.00 4.00 0.01 -0.13 -0.01 0.18 -2.58 -0.01 0.09 -1.27
-59.4097 -0.0723 -61.0641 104.97 -0.04 0.00 0.08 1.80 -0.59 0.09 0.60 0.00 1.15 -2.53 0.53 -0.00 -0.00 0.00 1.59 2.09 -0.30 0.88 0.57 0.00 -1.13 -2.72 0.31 -0.00 0.00 0.00 -0.26 0.03 0.35 -0.23 0.03 0.01 -0.25 0.03 0.02 -0.25 0.03 0.02 -0.31 -0.35 -0.79 -0.26 -0.30 -0.68 10.11 -7.10 -10.37 58.71 -29.26 29.40 0.40 -32.54 0.32 8.16 -9.32 -2.03 1.80 0.81 1.79 -5.21 1.27 11.28 -7.60 3.78 16.57 0.00 0.00 0.00 2.00 -0.02 0.54 -0.04 -0.27 7.92 -0.03 -0.13 3.99 0.00 0.00 0.00 -0.00 0.00 2.50 -0.00 0.02 21.22 -0.01 0.01 11.21 0.00 0.00 0.00 -2.00 0.08 2.37 0.27 0.66 20.57 0.21 0.32 10.83 0.00 0.00 0.00 -4.00 0.03 0.47 0.07 0.49 7.13 0.05 0.25 3.58 -5.59 -5.65 5.74 -60.91 -36.90 -25.25 1.23 -29.26 -3.75 -1.40 -11.03 -8.60 -0.36 3.58 -0.34 0.52 1.46 -2.01 0.67 2.25 -3.04 -0.00 -0.00 -0.00 -2.00 -0.00 -0.11 0.00 -0.08 -2.28 0.00 -0.04 -1.12 -0.00 -0.00 -0.00 -0.00 0.00 -0.12 0.00 0.00 -2.40 0.00 0.00 -1.19 -0.00 -0.00 -0.00 2.00 0.01 -0.26 -0.01 0.16 -4.48 -0.01 0.08 -2.23 -0.00 -0.00 -0.00 4.00 0.01 -0.13 -0.01 0.18 -2.57 -0.01 0.09 -1.27
-59.4269 -0.0719 -61.0575 104.98 -0.04 0.00 0.08 1.80 -0.58 0.08 0.60 0.00 1.15 -2.52 0.53 -0.00 -0.00 0.00 1.59 2.07 -0.29 0.86 0.59 0.00 -1.13 -2.72 0.31 -0.00 -0.00 0.00 -0.24 0.03 0.36 -0.21 0.03 0.03 -0.22 0.03 0.04 -0.22 0.03 0.04 -0.38 -0.42 -0.82 -0.32 -0.36 -0.70 10.21 -7.65 -10.94 61.58 -27.53 25.81 0.27 -34.12 0.48 9.23 -11.11 -2.25 1.87 0.24 1.88 -5.18 1.06 11.29 -7.65 3.53 16.55 -0.00 0.00 0.00 2.00 -0.02 0.55 -0.04 -0.27 7.97 -0.03 -0.14 4.01 -0.00 0.00 0.00 -0.00 0.00 2.57 -0.00 0.01 21.54 -0.00 0.01 11.39 -0.00 0.00 0.00 -2.00 0.08 2.39 0.28 0.65 20.69 0.21 0.32 10.90 -0.00 0.00 0.00 -4.00 0.03 0.47 0.07 0.49 7.13 0.05 0.25 3.58 -6.18 -6.36 6.22 -64.21 -35.39 -21.10 1.34 -30.68 -3.73 -1.61 -13.15 -9.09 -0.38 3.60 -0.35 0.50 1.46 -2.05 0.63 2.26 -3.09 -0.00 -0.00 -0.00 -2.00 -0.00 -0.11 0.00 -0.08 -2.28 0.00 -0.04 -1.13 -0.00 -0.00 -0.00 0.00 0.00 -0.12 0.00 0.00 -2.40 0.00 0.00 -1.19 -0.00 -0.00 -0.00 2.00 0.01 -0.26 -0.01 0.16 -4.48 -0.01 0.08 -2.23 -0.00 -0.00 -0.00 4.00 0.01 -0.13 -0.01 0.18 -2.56 -0.01 0.09 -1.27
-59.4406 -0.0713 -61.0519 104.99 -0.04 0.00 0.07 1.79 -0.58 0.08 0.60 0.00 1.15 -2.51 0.53 -0.00 -0.00 0.00 1.60 2.05 -0.29 0.85 0.60 0.00 -1.13 -2.71 0.31 0.00 0.00 0.00 -0.22 0.03 0.37 -0.18 0.03 0.05 -0.19 0.03 0.06 -0.19 0.03 0.06 -0.46 -0.49 -0.85 -0.39 -0.42 -0.72 10.31 -8.18 -11.55 63.84 -26.20 22.66 0.25 -35.26 0.42 10.06 -12.41 -2.56 1.93 -0.43 1.96 -5.13 0.79 11.27 -7.68 3.20 16.46 0.00 0.00 -0.00 2.00 -0.02 0.55 -0.04 -0.27 7.98 -0.03 -0.14 4.02 0.00 0.00 -0.00 -0.00 0.00 2.60 -0.00 0.00 21.72 -0.00 0.00 11.49 0.00 0.00 -0.00 -2.00 0.08 2.37 0.28 0.64 20.55 0.21 0.31 10.82 0.00 0.00 -0.00 -4.00 0.03 0.47 0.07 0.49 7.07 0.05 0.24 3.55 -6.73 -7.06 6.64 -66.94 -34.02 -17.38 1.37 -31.81 -3.59 -1.89 -15.05 -9.31 -0.38 3.61 -0.35 0.55 1.47 -2.11 0.71 2.28 -3.18 -0.00 0.00 -0.00 -2.00 -0.00 -0.12 0.00 -0.08 -2.31 0.00 -0.04 -1.14 -0.00 0.00 -0.00 0.00 0.00 -0.12 0.00 0.00 -2.44 0.00 0.00 -1.21 -0.00 0.00 -0.00 2.00 0.01 -0.26 -0.01 0.16 -4.52 -0.01 0.08 -2.25 -0.00 0.00 -0.00 4.00 0.01 -0.13 -0.01 0.18 -2.57 -0.01 0.09 -1.27
-59.4496 -0.0706 -61.0463 105.00 -0.04 0.00 0.06 1.79 -0.58 0.08 0.60 0.00 1.15 -2.50 0.53 -0.00 -0.00 0.00 1.60 2.04 -0.29 0.85 0.61 0.00 -1.14 -2.71 0.31 0.00 0.00 0.00 -0.19 0.03 0.38 -0.15 0.03 0.07 -0.16 0.03 0.08 -0.16 0.03 0.08 -0.56 -0.56 -0.87 -0.48 -0.47 -0.74 10.39 -8.67 -12.18 65.65 -25.22 19.86 0.30 -36.06 0.22 10.58 -13.23 -2.91 1.95 -1.02 2.00 -5.12 0.57 11.25 -7.77 2.91 16.38 -0.00 -0.00 0.00 2.00 -0.02 0.55 -0.04 -0.28 8.00 -0.03 -0.14 4.03 -0.00 -0.00 0.00 -0.00 0.00 2.63 -0.00 0.00 21.85 -0.00 0.00 11.56 -0.00 -0.00 0.00 -2.00 0.08 2.34 0.27 0.64 20.42 0.21 0.31 10.75 -0.00 -0.00 0.00 -4.00 0.03 0.46 0.06 0.48 7.00 0.05 0.24 3.51 -7.25 -7.74 6.99 -69.19 -32.78 -14.03 1.39 -32.70 -3.43 -2.21 -16.69 -9.32 -0.39 3.65 -0.36 0.54 1.49 -2.14 0.69 2.30 -3.24 0.00 0.00 -0.00 -2.00 -0.00 -0.12 0.00 -0.08 -2.33 0.00 -0.04 -1.15 0.00 0.00 -0.00 0.00 0.00 -0.13 0.00 0.00 -2.48 0.00 0.00 -1.22 0.00 0.00 -0.00 2.00 0.01 -0.26 -0.01 0.16 -4.56 -0.01 0.08 -2.27 0.00 0.00 -0.00 4.00 0.01 -0.13 -0.01 0.18 -2.57 -0.01 0.09 -1.27
-59.4501 -0.0707 -61.0412 105.00 -0.04 0.00 0.05 1.79 -0.58 0.09 0.59 0.00 1.16 -2.50 0.53 -0.00 -0.00 0.00 1.60 2.04 -0.29 0.84 0.62 0.00 -1.13 -2.71 0.31 0.00 -0.00 -0.00 -0.16 0.03 0.39 -0.11 0.03 0.09 -0.12 0.03 0.10 -0.12 0.03 0.10 -0.66 -0.62 -0.90 -0.57 -0.53 -0.76 10.45 -9.14 -12.84 67.10 -24.51 17.40 0.41 -36.64 -0.06 10.77 -13.65 -3.24 1.96 -1.51 2.02 -5.06 0.37 11.20 -7.76 2.65 16.27 -0.00 0.00 0.00 2.00 -0.02 0.55 -0.04 -0.28 8.00 -0.03 -0.14 4.03 -0.00 0.00 0.00 -0.00 0.00 2.64 -0.00 0.00 21.91 -0.00 0.00 11.60 -0.00 0.00 0.00 -2.00 0.08 2.32 0.27 0.64 20.29 0.21 0.31 10.67 -0.00 0.00 0.00 -4.00 0.03 0.46 0.06 0.48 6.95 0.05 0.24 3.49 -7.70 -8.38 7.27 -70.99 -31.80 -11.12 1.36 -33.27 -3.21 -2.48 -18.06 -9.15 -0.40 3.67 -0.38 0.53 1.50 -2.19 0.66 2.32 -3.30 0.00 -0.00 0.00 -2.00 -0.00 -0.12 0.00 -0.08 -2.35 0.00 -0.04 -1.16 0.00 -0.00 0.00 0.00 0.00 -0.13 0.00 0.00 -2.50 0.00 0.00 -1.24 0.00 -0.00 0.00 2.00 0.01 -0.26 -0.01 0.16 -4.58 -0.01 0.08 -2.28 0.00 -0.00 0.00 4.00 0.01 -0.13 -0.01 0.18 -2.55 -0.01 0.09 -1.26
-59.4428 -0.0709 -61.0363 105.00 -0.04 -0.00 0.05 1.80 -0.58 0.10 0.59 0.00 1.16 -2.50 0.52 -0.00 -0.00 0.00 1.60 2.04 -0.28 0.84 0.62 0.00 -1.13 -2.72 0.30 0.00 -0.00 0.00 -0.12 0.03 0.39 -0.07 0.03 0.11 -0.08 0.04 0.12 -0.08 0.04 0.12 -0.78 -0.69 -0.92 -0.66 -0.58 -0.79 10.51 -9.57 -13.54 68.28 -24.24 15.13 0.60 -37.01 -0.47 10.55 -13.60 -3.49 1.95 -1.95 2.02 -5.09 0.20 11.18 -7.87 2.43 16.21 -0.00 -0.00 -0.00 2.00 -0.02 0.55 -0.04 -0.28 8.03 -0.03 -0.14 4.04 -0.00 -0.00 -0.00 -0.00 0.00 2.67 -0.00 0.00 22.03 -0.00 0.00 11.66 -0.00 -0.00 -0.00 -2.00 0.08 2.30 0.27 0.64 20.23 0.20 0.31 10.64 -0.00 -0.00 -0.00 -4.00 0.03 0.45 0.06 0.48 6.93 0.05 0.24 3.48 -8.10 -8.99 7.48 -72.38 -31.19 -8.64 1.29 -33.44 -2.91 -2.72 -19.17 -8.76 -0.41 3.71 -0.39 0.51 1.51 -2.24 0.64 2.34 -3.38 -0.00 0.00 0.00 -2.00 -0.00 -0.12 0.00 -0.08 -2.37 0.00 -0.04 -1.17 -0.00 0.00 0.00 0.00 0.00 -0.13 0.00 0.00 -2.52 0.00 0.00 -1.25 -0.00 0.00 0.00 2.00 0.01 -0.27 -0.01 0.16 -4.61 -0.01 0.08 -2.29 -0.00 0.00 0.00 4.00 0.01 -0.13 -0.01 0.18 -2.55 -0.01 0.09 -1.26
-59.4287 -0.0713 -61.0319 104.98 -0.04 -0.00 0.05 1.81 -0.57 0.11 0.59 0.00 1.16 -2.51 0.52 -0.00 -0.00 0.00 1.60 2.05 -0.28 0.84 0.62 0.00 -1.11 -2.73 0.30 0.00 0.00 -0.00 -0.09 0.03 0.40 -0.03 0.03 0.13 -0.04 0.04 0.14 -0.04 0.04 0.14 -0.89 -0.75 -0.95 -0.76 -0.64 -0.81 10.58 -9.93 -14.26 69.21 -24.46 13.08 0.83 -37.10 -0.98 10.12 -13.12 -3.74 1.92 -2.39 2.01 -5.05 0.02 11.11 -7.87 2.17 16.08 -0.00 0.00 0.00 2.00 -0.02 0.55 -0.04 -0.28 8.00 -0.03 -0.14 4.03 -0.00 0.00 0.00 -0.00 0.00 2.67 -0.00 0.00 22.03 -0.00 0.00 11.67 -0.00 0.00 0.00 -2.00 0.08 2.28 0.26 0.64 20.12 0.20 0.31 10.58 -0.00 0.00 0.00 -4.00 0.03 0.45 0.06 0.48 6.91 0.05 0.24 3.47 -8.41 -9.55 7.61 -73.46 -31.04 -6.42 1.19 -33.20 -2.54 -2.95 -19.93 -8.20 -0.43 3.72 -0.41 0.49 1.52 -2.28 0.59 2.36 -3.44 0.00 0.00 -0.00 -2.00 -0.00 -0.12 0.00 -0.08 -2.37 0.00 -0.04 -1.17 0.00 0.00 -0.00 0.00 0.00 -0.13 0.00 0.00 -2.53 0.00 0.00 -1.25 0.00 0.00 -0.00 2.00 0.01 -0.27 -0.01 0.16 -4.61 -0.01 0.08 -2.30 0.00 0.00 -0.00 4.00 0.01 -0.13 -0.01 0.18 -2.54 -0.01 0.09 -1.26
-59.4069 -0.0733 -61.0272 104.96 -0.05 -0.00 0.06 1.81 -0.57 0.12 0.60 0.00 1.16 -2.53 0.51 -0.00 -0.00 0.00 1.60 2.06 -0.27 0.84 0.64 0.00 -1.10 -2.75 0.29 0.00 0.00 0.00 -0.06 0.03 0.40 0.00 0.03 0.15 0.00 0.04 0.17 0.00 0.04 0.17 -0.99 -0.81 -0.97 -0.85 -0.69 -0.83 10.64 -10.23 -14.96 69.94 -25.07 11.27 1.09 -36.94 -1.54 9.57 -12.33 -3.97 1.89 -2.76 1.98 -5.03 -0.13 11.05 -7.91 1.95 15.97 0.00 0.00 -0.00 2.00 -0.02 0.55 -0.04 -0.28 7.97 -0.03 -0.14 4.01 0.00 0.00 -0.00 0.00 -0.00 2.66 0.00 -0.00 21.98 0.00 -0.00 11.64 0.00 0.00 -0.00 -2.00 0.08 2.25 0.26 0.63 19.94 0.20 0.31 10.48 0.00 0.00 -0.00 -4.00 0.03 0.45 0.06 0.48 6.89 0.05 0.24 3.45 -8.65 -10.06 7.67 -74.32 -31.24 -4.46 1.06 -32.69 -2.17 -3.14 -20.37 -7.55 -0.45 3.71 -0.43 0.45 1.52 -2.31 0.53 2.35 -3.49 -0.00 0.00 0.00 -2.00 -0.00 -0.12 0.00 -0.08 -2.36 0.00 -0.04 -1.16 -0.00 0.00 0.00 -0.00 -0.00 -0.13 -0.00 -0.00 -2.53 -0.00 -0.00 -1.25 -0.00 0.00 0.00 2.00 0.01 -0.27 -0.01 0.16 -4.61 -0.01 0.08 -2.29 -0.00 0.00 0.00 4.00 0.01 -0.13 -0.01 0.18 -2.54 -0.01 0.09 -1.25
-59.3785 -0.0747 -61.0221 104.94 -0.05 -0.00 0.07 1.82 -0.56 0.14 0.62 0.00 1.15 -2.55 0.51 -0.00 -0.00 0.00 1.62 2.07 -0.26 0.83 0.67 0.00 -1.07 -2.78 0.28 0.00 -0.00 -0.00 -0.02 0.03 0.40 0.04 0.03 0.17 0.04 0.04 0.19 0.04 0.04 0.19 -1.09 -0.86 -0.99 -0.93 -0.73 -0.84 10.70 -10.47 -15.67 70.53 -26.07 9.66 1.35 -36.53 -2.12 8.97 -11.34 -4.16 1.86 -3.05 1.97 -4.96 -0.25 10.97 -7.84 1.76 15.84 0.00 -0.00 0.00 2.00 -0.02 0.54 -0.04 -0.27 7.92 -0.03 -0.14 3.98 0.00 -0.00 0.00 0.00 -0.00 2.62 0.00 -0.00 21.81 0.00 -0.00 11.54 0.00 -0.00 0.00 -2.00 0.08 2.20 0.26 0.62 19.69 0.19 0.30 10.33 0.00 -0.00 0.00 -4.00 0.03 0.45 0.06 0.47 6.85 0.05 0.24 3.43 -8.84 -10.51 7.69 -75.02 -31.68 -2.72 0.91 -32.01 -1.80 -3.30 -20.54 -6.90 -0.47 3.68 -0.45 0.41 1.50 -2.34 0.48 2.34 -3.52 -0.00 -0.00 0.00 -2.00 -0.00 -0.12 0.00 -0.08 -2.34 0.00 -0.04 -1.15 -0.00 -0.00 0.00 -0.00 -0.00 -0.13 -0.00 -0.00 -2.52 -0.00 -0.00 -1.24 -0.00 -0.00 0.00 2.00 0.01 -0.27 -0.01 0.16 -4.60 -0.01 0.08 -2.29 -0.00 -0.00 0.00 4.00 0.01 -0.13 -0.01 0.18 -2.53 -0.01 0.09 -1.25
-59.3460 -0.0750 -61.0166 104.92 -0.05 -0.00 0.08 1.83 -0.55 0.16 0.65 0.00 1.15 -2.58 0.50 -0.00 -0.00 0.00 1.63 2.07 -0.25 0.81 0.71 0.01 -1.05 -2.82 0.27 0.00 -0.00 -0.00 0.01 0.03 0.41 0.07 0.03 0.19 0.08 0.04 0.21 0.08 0.04 0.21 -1.18 -0.92 -1.01 -1.01 -0.78 -0.86 10.75 -10.64 -16.39 71.03 -27.43 8.16 1.60 -35.86 -2.72 8.30 -10.24 -4.26 1.83 -3.30 1.94 -4.93 -0.36 10.91 -7.84 1.59 15.74 -0.00 -0.00 0.00 2.00 -0.02 0.54 -0.04 -0.27 7.86 -0.03 -0.13 3.95 -0.00 -0.00 0.00 0.00 -0.00 2.59 0.00 -0.00 21.66 0.00 -0.00 11.46 -0.00 -0.00 0.00 -2.00 0.07 2.16 0.25 0.62 19.45 0.19 0.30 10.20 -0.00 -0.00 0.00 -4.00 0.03 0.44 0.06 0.47 6.79 0.04 0.23 3.40 -8.99 -10.89 7.69 -75.60 -32.23 -1.18 0.77 -31.27 -1.45 -3.44 -20.51 -6.28 -0.49 3.63 -0.46 0.37 1.48 -2.35 0.42 2.31 -3.55 -0.00 -0.00 0.00 -2.00 -0.00 -0.12 0.00 -0.08 -2.31 0.00 -0.04 -1.14 -0.00 -0.00 0.00 -0.00 -0.00 -0.13 -0.00 -0.00 -2.50 -0.00 -0.00 -1.24 -0.00 -0.00 0.00 2.00 0.01 -0.26 -0.01 0.16 -4.57 -0.01 0.08 -2.28 -0.00 -0.00 0.00 4.00 0.01 -0.13 -0.01 0.18 -2.52 -0.01 0.09 -1.24
-59.3105 -0.0764 -61.0103 104.89 -0.06 -0.01 0.10 1.83 -0.54 0.18 0.68 0.00 1.14 -2.61 0.48 -0.00 -0.00 0.00 1.65 2.08 -0.24 0.79 0.75 0.01 -1.02 -2.87 0.26 0.00 -0.00 0.00 0.04 0.03 0.41 0.11 0.04 0.21 0.12 0.04 0.23 0.12 0.04 0.23 -1.27 -0.97 -1.03 -1.08 -0.82 -0.88 10.78 -10.76 -17.08 71.48 -28.93 6.80 1.83 -35.05 -3.28 7.68 -9.12 -4.35 1.80 -3.54 1.92 -4.88 -0.47 10.83 -7.78 1.43 15.62 0.00 -0.00 0.00 2.00 -0.02 0.53 -0.04 -0.27 7.79 -0.03 -0.13 3.92 0.00 -0.00 0.00 0.00 -0.00 2.56 0.00 -0.00 21.50 0.00 -0.00 11.36 0.00 -0.00 0.00 -2.00 0.07 2.11 0.24 0.61 19.23 0.18 0.30 10.08 0.00 -0.00 0.00 -4.00 0.03 0.44 0.06 0.46 6.72 0.04 0.23 3.37 -9.11 -11.21 7.66 -76.12 -32.86 0.23 0.63 -30.54 -1.15 -3.56 -20.31 -5.74 -0.51 3.58 -0.49 0.32 1.46 -2.37 0.34 2.28 -3.56 0.00 0.00 0.00 -2.00 -0.00 -0.11 0.00 -0.08 -2.26 0.00 -0.04 -1.12 0.00 0.00 0.00 -0.00 -0.00 -0.13 -0.00 -0.00 -2.46 -0.00 -0.00 -1.22 0.00 0.00 0.00 2.00 0.01 -0.26 -0.01 0.16 -4.52 -0.01 0.08 -2.25 0.00 0.00 0.00 4.00 0.01 -0.13 -0.01 0.17 -2.50 -0.01 0.09 -1.24
-59.2706 -0.0787 -61.0037 104.87 -0.06 -0.01 0.11 1.84 -0.52 0.20 0.72 0.00 1.13 -2.65 0.47 -0.00 -0.00 0.00 1.67 2.08 -0.23 0.77 0.81 0.01 -1.00 -2.92 0.25 0.00 0.00 -0.00 0.06 0.03 0.40 0.14 0.04 0.23 0.15 0.04 0.25 0.15 0.04 0.25 -1.35 -1.01 -1.05 -1.15 -0.86 -0.89 10.79 -10.85 -17.70 71.89 -30.49 5.57 2.03 -34.19 -3.78 7.14 -8.04 -4.42 1.77 -3.73 1.90 -4.84 -0.55 10.77 -7.76 1.29 15.53 0.00 -0.00 0.00 2.00 -0.02 0.53 -0.04 -0.27 7.74 -0.03 -0.13 3.89 0.00 -0.00 0.00 0.00 -0.00 2.53 0.00 -0.00 21.37 0.00 -0.00 11.29 0.00 -0.00 0.00 -2.00 0.07 2.08 0.24 0.61 19.06 0.18 0.30 9.98 0.00 -0.00 0.00 -4.00 0.03 0.43 0.06 0.46 6.68 0.04 0.23 3.35 -9.20 -11.47 7.63 -76.59 -33.51 1.49 0.51 -29.87 -0.89 -3.67 -20.02 -5.28 -0.53 3.55 -0.50 0.27 1.45 -2.37 0.28 2.26 -3.56 -0.00 -0.00 -0.00 -2.00 -0.00 -0.11 0.00 -0.08 -2.23 0.00 -0.04 -1.10 -0.00 -0.00 -0.00 -0.00 -0.00 -0.12 -0.00 -0.00 -2.43 -0.00 -0.00 -1.20 -0.00 -0.00 -0.00 2.00 0.01 -0.26 -0.01 0.16 -4.47 -0.01 0.08 -2.23 -0.00 -0.00 -0.00 4.00 0.01 -0.13 -0.01 0.17 -2.48 -0.01 0.09 -1.23
-59.2260 -0.0810 -60.9973 104.85 -0.07 -0.01 0.12 1.84 -0.51 0.23 0.77 0.00 1.11 -2.70 0.46 -0.00 -0.00 0.00 1.69 2.08 -0.22 0.75 0.86 0.01 -0.97 -2.98 0.24 0.00 -0.00 -0.00 0.09 0.03 0.40 0.17 0.04 0.24 0.18 0.04 0.26 0.18 0.04 0.26 -1.42 -1.06 -1.06 -1.21 -0.90 -0.91 10.76 -10.92 -18.25 72.29 -31.99 4.48 2.20 -33.35 -4.20 6.68 -7.05 -4.46 1.75 -3.87 1.88 -4.81 -0.62 10.72 -7.73 1.19 15.45 -0.00 -0.00 0.00 2.00 -0.02 0.52 -0.04 -0.26 7.68 -0.03 -0.13 3.86 -0.00 -0.00 0.00 0.00 -0.00 2.51 0.00 -0.00 21.27 0.00 -0.00 11.23 -0.00 -0.00 0.00 -2.00 0.07 2.06 0.23 0.61 18.92 0.18 0.29 9.90 -0.00 -0.00 0.00 -4.00 0.03 0.43 0.06 0.46 6.65 0.04 0.23 3.33 -9.28 -11.69 7.60 -77.01 -34.14 2.61 0.41 -29.26 -0.69 -3.78 -19.70 -4.88 -0.54 3.53 -0.51 0.25 1.44 -2.38 0.24 2.25 -3.58 -0.00 0.00 -0.00 -2.00 -0.00 -0.11 0.00 -0.08 -2.21 0.00 -0.04 -1.09 -0.00 0.00 -0.00 -0.00 -0.00 -0.12 -0.00 -0.00 -2.41 -0.00 -0.00 -1.19 -0.00 0.00 -0.00 2.00 0.01 -0.25 -0.01 0.15 -4.45 -0.01 0.08 -2.21 -0.00 0.00 -0.00 4.00 0.01 -0.13 -0.01 0.17 -2.48 -0.01 0.09 -1.22
-59.1796 -0.0837 -60.9905 104.83 -0.07 -0.01 0.13 1.84 -0.50 0.25 0.83 0.00 1.10 -2.75 0.45 -0.00 -0.00 0.00 1.70 2.09 -0.21 0.72 0.92 0.01 -0.94 -3.03 0.23 0.00 -0.00 -0.00 0.11 0.03 0.40 0.19 0.04 0.26 0.21 0.04 0.28 0.21 0.04 0.28 -1.47 -1.09 -1.07 -1.26 -0.93 -0.92 10.72 -10.97 -18.72 72.66 -33.40 3.52 2.34 -32.53 -4.57 6.28 -6.16 -4.46 1.73 -3.97 1.86 -4.78 -0.66 10.67 -7.70 1.10 15.38 0.00 0.00 -0.00 2.00 -0.02 0.52 -0.04 -0.26 7.64 -0.03 -0.13 3.84 0.00 0.00 -0.00 0.00 -0.00 2.49 0.00 -0.00 21.17 0.00 -0.00 11.17 0.00 0.00 -0.00 -2.00 0.07 2.04 0.23 0.60 18.81 0.17 0.29 9.84 0.00 0.00 -0.00 -4.00 0.03 0.43 0.06 0.46 6.64 0.04 0.23 3.32 -9.33 -11.86 7.59 -77.37 -34.75 3.58 0.33 -28.72 -0.53 -3.86 -19.36 -4.56 -0.55 3.51 -0.52 0.25 1.43 -2.39 0.24 2.24 -3.60 -0.00 0.00 -0.00 -2.00 -0.00 -0.11 0.00 -0.08 -2.20 0.00 -0.04 -1.09 -0.00 0.00 -0.00 -0.00 -0.00 -0.12 -0.00 -0.00 -2.40 -0.00 -0.00 -1.18 -0.00 0.00 -0.00 2.00 0.01 -0.25 -0.01 0.15 -4.44 -0.01 0.08 -2.21 -0.00 0.00 -0.00 4.00 0.01 -0.13 -0.01 0.17 -2.48 -0.01 0.09 -1.22
-59.1323 -0.0862 -60.9827 104.82 -0.08 -0.00 0.13 1.85 -0.49 0.27 0.88 0.00 1.09 -2.81 0.44 -0.00 -0.00 0.00 1.72 2.10 -0.19 0.70 0.96 0.01 -0.92 -3.08 0.22 0.00 -0.00 0.00 0.13 0.03 0.40 0.21 0.04 0.27 0.23 0.04 0.29 0.23 0.04 0.29 -1.52 -1.11 -1.08 -1.30 -0.95 -0.93 10.67 -11.01 -19.11 72.98 -34.65 2.69 2.45 -31.76 -4.87 5.94 -5.36 -4.45 1.72 -4.04 1.85 -4.74 -0.70 10.63 -7.65 1.04 15.31 -0.00 -0.00 0.00 2.00 -0.02 0.51 -0.04 -0.26 7.60 -0.03 -0.13 3.82 -0.00 -0.00 0.00 0.00 -0.00 2.47 0.00 -0.00 21.04 0.00 0.00 11.10 -0.00 -0.00 0.00 -2.00 0.07 2.01 0.23 0.60 18.68 0.17 0.29 9.77 -0.00 -0.00 0.00 -4.00 0.03 0.43 0.06 0.46 6.62 0.04 0.23 3.31 -9.37 -11.99 7.59 -77.68 -35.30 4.42 0.25 -28.25 -0.39 -3.92 -19.02 -4.27 -0.55 3.51 -0.52 0.25 1.44 -2.42 0.24 2.24 -3.64 -0.00 0.00 0.00 -2.00 -0.00 -0.11 0.00 -0.08 -2.20 0.00 -0.04 -1.08 -0.00 0.00 0.00 0.00 0.00 -0.12 0.00 0.00 -2.40 0.00 0.00 -1.18 -0.00 0.00 0.00 2.00 0.01 -0.25 -0.01 0.15 -4.44 -0.01 0.08 -2.21 -0.00 0.00 0.00 4.00 0.01 -0.13 -0.01 0.17 -2.48 -0.01 0.09 -1.22
-59.0870 -0.0884 -60.9743 104.80 -0.08 -0.00 0.14 1.86 -0.48 0.28 0.92 0.00 1.08 -2.85 0.42 -0.00 -0.00 0.00 1.73 2.12 -0.18 0.69 1.00 0.01 -0.90 -3.13 0.20 0.00 -0.00 -0.00 0.14 0.03 0.40 0.23 0.04 0.28 0.25 0.04 0.30 0.25 0.04 0.30 -1.56 -1.13 -1.10 -1.33 -0.96 -0.94 10.62 -11.03 -19.42 73.24 -35.70 2.00 2.53 -31.07 -5.11 5.66 -4.67 -4.44 1.71 -4.07 1.85 -4.71 -0.72 10.60 -7.61 1.00 15.28 -0.00 0.00 0.00 2.00 -0.02 0.51 -0.04 -0.26 7.57 -0.03 -0.13 3.80 -0.00 0.00 0.00 0.00 -0.00 2.45 0.00 -0.00 20.94 0.00 0.00 11.05 -0.00 0.00 0.00 -2.00 0.07 2.00 0.22 0.60 18.58 0.17 0.29 9.71 -0.00 0.00 0.00 -4.00 0.03 0.42 0.06 0.46 6.60 0.04 0.23 3.30 -9.39 -12.06 7.61 -77.91 -35.78 5.11 0.19 -27.85 -0.28 -3.97 -18.69 -4.02 -0.56 3.53 -0.53 0.24 1.44 -2.44 0.23 2.26 -3.67 0.00 -0.00 -0.00 -2.00 -0.00 -0.11 0.00 -0.08 -2.20 0.00 -0.04 -1.09 0.00 -0.00 -0.00 0.00 -0.00 -0.12 0.00 0.00 -2.40 0.00 0.00 -1.19 0.00 -0.00 -0.00 2.00 0.01 -0.25 -0.01 0.15 -4.45 -0.01 0.08 -2.21 0.00 -0.00 -0.00 4.00 0.01 -0.13 -0.01 0.17 -2.48 -0.01 0.09 -1.23
-59.0469 -0.0901 -60.9659 104.79 -0.08 -0.00 0.15 1.86 -0.47 0.29 0.96 0.00 1.07 -2.89 0.41 -0.00 -0.00 0.00 1.74 2.13 -0.17 0.67 1.02 0.01 -0.89 -3.17 0.19 0.00 -0.00 -0.00 0.15 0.03 0.40 0.24 0.04 0.29 0.26 0.04 0.31 0.26 0.04 0.31 -1.58 -1.15 -1.11 -1.34 -0.97 -0.95 10.56 -11.03 -19.64 73.46 -36.53 1.44 2.60 -30.50 -5.29 5.44 -4.11 -4.44 1.71 -4.07 1.85 -4.70 -0.72 10.59 -7.60 0.99 15.25 -0.00 -0.00 0.00 2.00 -0.02 0.51 -0.04 -0.26 7.55 -0.03 -0.13 3.79 -0.00 -0.00 0.00 0.00 0.00 2.44 0.00 0.00 20.90 0.00 0.00 11.02 -0.00 -0.00 0.00 -2.00 0.07 1.99 0.22 0.60 18.54 0.17 0.29 9.69 -0.00 -0.00 0.00 -4.00 0.03 0.42 0.06 0.46 6.59 0.04 0.23 3.30 -9.40 -12.10 7.63 -78.09 -36.17 5.65 0.14 -27.53 -0.19 -4.00 -18.39 -3.82 -0.56 3.54 -0.53 0.24 1.45 -2.46 0.22 2.27 -3.70 0.00 -0.00 0.00 -2.00 -0.00 -0.11 0.00 -0.08 -2.20 0.00 -0.04 -1.09 0.00 -0.00 0.00 0.00 -0.00 -0.12 0.00 -0.00 -2.41 0.00 -0.00 -1.19 0.00 -0.00 0.00 2.00 0.01 -0.26 -0.01 0.15 -4.46 -0.01 0.08 -2.22 0.00 -0.00 0.00 4.00 0.01 -0.13 -0.01 0.17 -2.48 -0.01 0.09 -1.23
-59.0113 -0.0915 -60.9582 104.79 -0.09 -0.00 0.16 1.87 -0.46 0.30 0.99 0.00 1.06 -2.93 0.40 -0.00 -0.00 0.00 1.75 2.15 -0.16 0.66 1.03 0.01 -0.88 -3.19 0.18 0.00 0.00 0.00 0.15 0.03 0.40 0.24 0.04 0.30 0.26 0.05 0.32 0.26 0.05 0.32 -1.58 -1.15 -1.12 -1.35 -0.98 -0.96 10.50 -11.01 -19.77 73.57 -37.11 1.06 2.64 -30.07 -5.41 5.32 -3.71 -4.45 1.72 -4.05 1.85 -4.69 -0.71 10.58 -7.57 1.00 15.24 -0.00 0.00 0.00 2.00 -0.02 0.51 -0.04 -0.26 7.54 -0.03 -0.13 3.79 -0.00 0.00 0.00 0.00 -0.00 2.43 0.00 -0.00 20.89 0.00 0.00 11.01 -0.00 0.00 0.00 -2.00 0.07 1.99 0.22 0.60 18.53 0.17 0.29 9.68 -0.00 0.00 0.00 -4.00 0.03 0.42 0.06 0.46 6.60 0.04 0.23 3.31 -9.36 -12.08 7.66 -78.20 -36.47 6.07 0.10 -27.30 -0.13 -4.02 -18.15 -3.67 -0.57 3.56 -0.54 0.23 1.45 -2.47 0.21 2.28 -3.72 -0.00 0.00 -0.00 -2.00 -0.00 -0.11 0.00 -0.08 -2.21 0.00 -0.04 -1.09 -0.00 0.00 -0.00 0.00 -0.00 -0.12 0.00 -0.00 -2.41 0.00 -0.00 -1.19 -0.00 0.00 -0.00 2.00 0.01 -0.26 -0.01 0.16 -4.46 -0.01 0.08 -2.22 -0.00 0.00 -0.00 4.00 0.01 -0.13 -0.01 0.17 -2.49 -0.01 0.09 -1.23
-58.9788 -0.0930 -60.9506 104.78 -0.09 -0.00 0.17 1.88 -0.45 0.30 1.01 0.00 1.06 -2.96 0.39 -0.00 -0.00 0.00 1.75 2.17 -0.15 0.65 1.04 0.01 -0.87 -3.21 0.17 0.00 0.00 -0.00 0.15 0.03 0.41 0.24 0.04 0.30 0.26 0.04 0.33 0.26 0.04 0.33 -1.57 -1.15 -1.13 -1.34 -0.98 -0.97 10.45 -11.00 -19.81 73.59 -37.43 0.86 2.66 -29.75 -5.47 5.25 -3.44 -4.45 1.73 -3.98 1.86 -4.66 -0.69 10.57 -7.53 1.03 15.24 -0.00 0.00 0.00 2.00 -0.02 0.51 -0.04 -0.26 7.52 -0.03 -0.13 3.78 -0.00 0.00 0.00 0.00 0.00 2.43 0.00 0.00 20.87 -0.00 0.00 11.00 -0.00 0.00 0.00 -2.00 0.07 1.98 0.22 0.60 18.52 0.17 0.29 9.68 -0.00 0.00 0.00 -4.00 0.03 0.43 0.06 0.46 6.62 0.04 0.23 3.32 -9.31 -12.03 7.71 -78.22 -36.62 6.30 0.08 -27.19 -0.10 -4.03 -17.99 -3.59 -0.57 3.58 -0.53 0.24 1.46 -2.48 0.22 2.29 -3.72 -0.00 0.00 -0.00 -2.00 -0.00 -0.11 0.00 -0.08 -2.22 0.00 -0.04 -1.10 -0.00 0.00 -0.00 -0.00 -0.00 -0.12 0.00 -0.00 -2.42 0.00 -0.00 -1.20 -0.00 0.00 -0.00 2.00 0.01 -0.26 -0.01 0.16 -4.47 -0.01 0.08 -2.23 -0.00 0.00 -0.00 4.00 0.01 -0.13 -0.01 0.17 -2.49 -0.01 0.09 -1.23
-58.9471 -0.0958 -60.9428 104.77 -0.09 -0.00 0.18 1.89 -0.44 0.31 1.03 0.00 1.05 -2.98 0.38 -0.00 -0.00 0.00 1.76 2.19 -0.14 0.65 1.04 0.01 -0.86 -3.23 0.16 0.00 -0.00 -0.00 0.14 0.03 0.41 0.24 0.04 0.31 0.26 0.04 0.33 0.26 0.04 0.33 -1.56 -1.15 -1.15 -1.33 -0.97 -0.98 10.39 -10.98 -19.79 73.51 -37.52 0.83 2.67 -29.55 -5.50 5.23 -3.30 -4.42 1.75 -3.90 1.88 -4.63 -0.66 10.57 -7.46 1.07 15.25 -0.00 -0.00 -0.00 2.00 -0.02 0.50 -0.04 -0.26 7.50 -0.03 -0.13 3.77 -0.00 -0.00 -0.00 0.00 0.00 2.42 0.00 0.00 20.82 -0.00 0.00 10.97 -0.00 -0.00 -0.00 -2.00 0.07 1.98 0.22 0.59 18.49 0.17 0.29 9.66 -0.00 -0.00 -0.00 -4.00 0.03 0.43 0.06 0.46 6.62 0.04 0.23 3.32 -9.25 -11.94 7.75 -78.16 -36.65 6.35 0.05 -27.19 -0.07 -3.99 -17.88 -3.59 -0.57 3.59 -0.53 0.24 1.47 -2.48 0.23 2.29 -3.73 -0.00 -0.00 0.00 -2.00 -0.00 -0.11 0.00 -0.08 -2.23 0.00 -0.04 -1.10 -0.00 -0.00 0.00 0.00 -0.00 -0.12 0.00 -0.00 -2.43 -0.00 -0.00 -1.20 -0.00 -0.00 0.00 2.00 0.01 -0.26 -0.01 0.16 -4.47 -0.01 0.08 -2.22 -0.00 -0.00 0.00 4.00 0.01 -0.13 -0.01 0.17 -2.50 -0.01 0.09 -1.24
-58.9173 -0.0965 -60.9367 104.76 -0.09 -0.00 0.19 1.90 -0.43 0.31 1.05 0.00 1.05 -3.01 0.37 -0.00 -0.00 0.00 1.77 2.21 -0.13 0.64 1.03 0.01 -0.86 -3.25 0.15 0.00 0.00 -0.00 0.14 0.03 0.42 0.23 0.04 0.32 0.25 0.04 0.34 0.25 0.04 0.34 -1.54 -1.14 -1.16 -1.31 -0.97 -0.99 10.33 -10.95 -19.67 73.36 -37.36 0.95 2.67 -29.48 -5.49 5.26 -3.29 -4.37 1.77 -3.80 1.90 -4.59 -0.62 10.58 -7.39 1.13 15.28 0.00 -0.00 -0.00 2.00 -0.02 0.50 -0.04 -0.26 7.49 -0.03 -0.13 3.76 0.00 -0.00 -0.00 -0.00 0.00 2.42 -0.00 0.00 20.79 -0.00 0.00 10.96 0.00 -0.00 -0.00 -2.00 0.07 1.98 0.22 0.59 18.48 0.17 0.29 9.66 0.00 -0.00 -0.00 -4.00 0.03 0.43 0.06 0.46 6.61 0.04 0.23 3.31 -9.16 -11.81 7.79 -78.07 -36.56 6.29 0.05 -27.25 -0.07 -3.94 -17.82 -3.66 -0.57 3.59 -0.53 0.24 1.47 -2.48 0.22 2.30 -3.74 -0.00 0.00 0.00 -2.00 -0.00 -0.11 0.00 -0.08 -2.23 0.00 -0.04 -1.10 -0.00 0.00 0.00 -0.00 0.00 -0.12 -0.00 -0.00 -2.43 0.00 -0.00 -1.20 -0.00 0.00 0.00 2.00 0.01 -0.26 -0.01 0.16 -4.46 -0.01 0.08 -2.22 -0.00 0.00 0.00 4.00 0.01 -0.13 -0.01 0.18 -2.51 -0.01 0.09 -1.24
-58.8883 -0.0970 -60.9307 104.75 -0.09 -0.00 0.19 1.91 -0.43 0.31 1.06 0.00 1.05 -3.03 0.36 -0.00 -0.00 0.00 1.78 2.23 -0.12 0.64 1.03 0.01 -0.85 -3.26 0.14 0.00 0.00 0.00 0.13 0.03 0.43 0.22 0.04 0.32 0.23 0.04 0.35 0.23 0.04 0.35 -1.50 -1.13 -1.18 -1.28 -0.96 -1.01 10.26 -10.89 -19.47 73.11 -36.91 1.24 2.65 -29.60 -5.42 5.37 -3.52 -4.26 1.80 -3.62 1.93 -4.58 -0.55 10.62 -7.34 1.24 15.34 0.00 0.00 -0.00 2.00 -0.02 0.50 -0.04 -0.26 7.50 -0.03 -0.13 3.77 0.00 0.00 -0.00 0.00 -0.00 2.43 0.00 -0.00 20.85 0.00 -0.00 10.99 0.00 0.00 -0.00 -2.00 0.07 1.99 0.22 0.60 18.55 0.17 0.29 9.70 0.00 0.00 -0.00 -4.00 0.03 0.43 0.06 0.46 6.63 0.04 0.23 3.32 -9.04 -11.64 7.82 -77.95 -36.34 6.12 0.06 -27.36 -0.09 -3.86 -17.78 -3.80 -0.57 3.59 -0.54 0.24 1.47 -2.49 0.21 2.30 -3.75 -0.00 0.00 0.00 -2.00 -0.00 -0.11 0.00 -0.08 -2.23 0.00 -0.04 -1.10 -0.00 0.00 0.00 -0.00 -0.00 -0.12 -0.00 0.00 -2.42 -0.00 0.00 -1.20 -0.00 0.00 0.00 2.00 0.01 -0.25 -0.01 0.15 -4.45 -0.01 0.08 -2.21 -0.00 0.00 0.00 4.00 0.01 -0.13 -0.01 0.18 -2.52 -0.01 0.09 -1.24
-58.8610 -0.0983 -60.9242 104.74 -0.09 -0.00 0.20 1.92 -0.42 0.31 1.07 0.00 1.05 -3.05 0.35 -0.00 -0.00 0.00 1.79 2.25 -0.11 0.64 1.02 0.01 -0.85 -3.28 0.13 0.00 0.00 -0.00 0.11 0.03 0.44 0.20 0.04 0.33 0.21 0.04 0.35 0.21 0.04 0.35 -1.45 -1.12 -1.19 -1.24 -0.95 -1.02 10.17 -10.80 -19.18 72.83 -36.20 1.66 2.63 -29.91 -5.33 5.56 -3.93 -4.12 1.83 -3.45 1.95 -4.57 -0.48 10.66 -7.31 1.35 15.41 -0.00 0.00 -0.00 2.00 -0.02 0.51 -0.04 -0.26 7.52 -0.03 -0.13 3.78 -0.00 0.00 -0.00 0.00 -0.00 2.44 0.00 -0.00 20.94 0.00 -0.00 11.04 -0.00 0.00 -0.00 -2.00 0.07 2.01 0.23 0.60 18.66 0.17 0.29 9.76 -0.00 0.00 -0.00 -4.00 0.03 0.43 0.06 0.46 6.67 0.04 0.23 3.34 -8.89 -11.43 7.86 -77.75 -35.91 5.77 0.07 -27.53 -0.13 -3.74 -17.77 -4.09 -0.58 3.59 -0.55 0.22 1.47 -2.52 0.18 2.30 -3.78 -0.00 -0.00 0.00 -2.00 -0.00 -0.11 0.00 -0.08 -2.22 0.00 -0.04 -1.10 -0.00 -0.00 0.00 -0.00 0.00 -0.12 -0.00 0.00 -2.41 -0.00 0.00 -1.19 -0.00 -0.00 0.00 2.00 0.01 -0.25 -0.01 0.15 -4.42 -0.01 0.08 -2.20 -0.00 -0.00 0.00 4.00 0.01 -0.13 -0.01 0.18 -2.51 -0.01 0.09 -1.24
-58.8362 -0.0997 -60.9173 104.73 -0.09 -0.00 0.21 1.92 -0.41 0.32 1.08 0.00 1.05 -3.07 0.35 -0.00 -0.00 0.00 1.80 2.26 -0.11 0.63 1.02 0.01 -0.85 -3.29 0.13 0.00 0.00 0.00 0.09 0.03 0.45 0.18 0.04 0.33 0.19 0.04 0.36 0.19 0.04 0.36 -1.40 -1.12 -1.21 -1.20 -0.95 -1.03 10.07 -10.69 -18.83 72.51 -35.26 2.15 2.60 -30.35 -5.20 5.80 -4.47 -3.94 1.87 -3.27 1.98 -4.55 -0.41 10.69 -7.24 1.45 15.46 -0.00 0.00 -0.00 2.00 -0.02 0.51 -0.04 -0.26 7.52 -0.03 -0.13 3.78 -0.00 0.00 -0.00 0.00 -0.00 2.45 0.00 -0.00 20.96 0.00 -0.00 11.05 -0.00 0.00 -0.00 -2.00 0.07 2.02 0.23 0.60 18.72 0.17 0.29 9.79 -0.00 0.00 -0.00 -4.00 0.03 0.43 0.06 0.46 6.70 0.04 0.23 3.36 -8.74 -11.18 7.90 -77.52 -35.30 5.31 0.10 -27.73 -0.19 -3.59 -17.82 -4.51 -0.60 3.59 -0.57 0.16 1.46 -2.53 0.10 2.30 -3.80 -0.00 -0.00 0.00 -2.00 -0.00 -0.11 0.00 -0.08 -2.20 0.00 -0.04 -1.09 -0.00 -0.00 0.00 -0.00 0.00 -0.12 -0.00 0.00 -2.40 -0.00 0.00 -1.19 -0.00 -0.00 0.00 2.00 0.01 -0.25 -0.01 0.15 -4.40 -0.01 0.08 -2.19 -0.00 -0.00 0.00 4.00 0.01 -0.13 -0.01 0.18 -2.51 -0.01 0.09 -1.24
-58.8138 -0.1005 -60.9112 104.72 -0.08 -0.00 0.22 1.93 -0.40 0.32 1.09 0.00 1.05 -3.08 0.34 -0.00 -0.00 0.00 1.81 2.27 -0.10 0.63 1.02 0.01 -0.85 -3.30 0.12 0.00 0.00 0.00 0.07 0.03 0.46 0.16 0.03 0.34 0.17 0.04 0.36 0.17 0.04 0.36 -1.35 -1.12 -1.22 -1.15 -0.95 -1.04 9.94 -10.52 -18.37 72.19 -34.12 2.68 2.58 -30.90 -5.10 6.06 -5.07 -3.72 1.90 -3.12 2.01 -4.47 -0.35 10.69 -7.11 1.53 15.48 -0.00 -0.00 0.00 2.00 -0.02 0.51 -0.04 -0.26 7.52 -0.03 -0.13 3.78 -0.00 -0.00 0.00 -0.00 0.00 2.44 -0.00 0.00 20.92 -0.00 0.00 11.03 -0.00 -0.00 0.00 -2.00 0.07 2.03 0.23 0.60 18.75 0.17 0.29 9.81 -0.00 -0.00 0.00 -4.00 0.03 0.43 0.06 0.46 6.70 0.04 0.23 3.36 -8.58 -10.83 7.92 -77.34 -34.56 4.84 0.15 -27.97 -0.28 -3.45 -17.94 -5.02 -0.61 3.60 -0.57 0.17 1.47 -2.55 0.10 2.31 -3.84 0.00 -0.00 -0.00 -2.00 -0.00 -0.11 0.00 -0.08 -2.20 0.00 -0.04 -1.08 0.00 -0.00 -0.00 -0.00 0.00 -0.12 -0.00 0.00 -2.40 -0.00 0.00 -1.18 0.00 -0.00 -0.00 2.00 0.01 -0.25 -0.01 0.15 -4.39 -0.01 0.08 -2.18 0.00 -0.00 -0.00 4.00 0.01 -0.13 -0.01 0.18 -2.51 -0.01 0.09 -1.24
-58.7911 -0.1018 -60.9051 104.70 -0.08 -0.00 0.24 1.92 -0.40 0.32 1.11 0.00 1.05 -3.10 0.33 -0.00 -0.00 0.00 1.83 2.29 -0.09 0.63 1.01 0.01 -0.84 -3.31 0.11 -0.00 0.00 0.00 0.05 0.03 0.47 0.13 0.03 0.34 0.14 0.04 0.37 0.14 0.04 0.37 -1.29 -1.12 -1.24 -1.10 -0.95 -1.06 9.79 -10.31 -17.82 71.81 -32.85 3.36 2.56 -31.47 -5.00 6.41 -5.81 -3.51 1.94 -2.89 2.05 -4.45 -0.26 10.75 -7.04 1.68 15.58 -0.00 -0.00 -0.00 2.00 -0.02 0.51 -0.04 -0.26 7.60 -0.03 -0.13 3.82 -0.00 -0.00 -0.00 -0.00 0.00 2.44 -0.00 0.00 20.92 -0.00 0.00 11.03 -0.00 -0.00 -0.00 -2.00 0.07 2.04 0.23 0.60 18.82 0.18 0.29 9.85 -0.00 -0.00 -0.00 -4.00 0.03 0.43 0.06 0.46 6.68 0.04 0.23 3.35 -8.40 -10.43 7.94 -77.18 -33.70 4.37 0.21 -28.30 -0.39 -3.27 -18.12 -5.61 -0.62 3.63 -0.58 0.13 1.48 -2.56 0.06 2.32 -3.84 0.00 -0.00 -0.00 -2.00 -0.00 -0.11 0.00 -0.08 -2.20 0.00 -0.04 -1.09 0.00 -0.00 -0.00 -0.00 -0.00 -0.12 0.00 -0.00 -2.41 -0.00 -0.00 -1.19 0.00 -0.00 -0.00 2.00 0.01 -0.25 -0.01 0.15 -4.40 -0.01 0.08 -2.19 0.00 -0.00 -0.00 4.00 0.01 -0.13 -0.01 0.18 -2.52 -0.01 0.09 -1.24
-58.7705 -0.1029 -60.8998 104.68 -0.08 -0.00 0.26 1.92 -0.39 0.33 1.13 0.00 1.04 -3.12 0.32 -0.00 -0.00 0.00 1.86 2.31 -0.08 0.63 0.99 0.01 -0.84 -3.32 0.10 -0.00 -0.00 -0.00 0.03 0.03 0.48 0.11 0.03 0.34 0.12 0.03 0.37 0.12 0.03 0.37 -1.22 -1.12 -1.26 -1.04 -0.95 -1.08 9.64 -10.06 -17.24 71.35 -31.68 4.17 2.55 -31.93 -4.91 6.88 -6.68 -3.34 1.97 -2.65 2.07 -4.48 -0.15 10.82 -7.06 1.84 15.69 -0.00 -0.00 -0.00 2.00 -0.02 0.52 -0.04 -0.27 7.69 -0.03 -0.13 3.86 -0.00 -0.00 -0.00 0.00 -0.00 2.47 0.00 -0.00 21.07 0.00 -0.00 11.12 -0.00 -0.00 -0.00 -2.00 0.07 2.06 0.23 0.60 18.94 0.18 0.30 9.91 -0.00 -0.00 -0.00 -4.00 0.03 0.43 0.06 0.46 6.67 0.04 0.23 3.34 -8.22 -9.97 7.97 -76.97 -32.69 3.72 0.29 -28.83 -0.51 -3.07 -18.36 -6.26 -0.60 3.66 -0.57 0.17 1.50 -2.55 0.11 2.35 -3.83 0.00 -0.00 -0.00 -2.00 -0.00 -0.11 0.00 -0.08 -2.20 0.00 -0.04 -1.09 0.00 -0.00 -0.00 -0.00 -0.00 -0.12 -0.00 -0.00 -2.43 -0.00 -0.00 -1.20 0.00 -0.00 -0.00 2.00 0.01 -0.25 -0.01 0.15 -4.43 -0.01 0.08 -2.20 0.00 -0.00 -0.00 4.00 0.01 -0.13 -0.01 0.18 -2.54 -0.01 0.09 -1.25
-58.7553 -0.1032 -60.8956 104.65 -0.07 -0.00 0.28 1.91 -0.39 0.33 1.15 0.00 1.05 -3.14 0.32 -0.00 -0.00 0.00 1.88 2.33 -0.08 0.63 0.97 0.01 -0.84 -3.32 0.10 -0.00 0.00 -0.00 0.00 0.02 0.50 0.08 0.03 0.34 0.09 0.03 0.37 0.09 0.03 0.37 -1.14 -1.12 -1.28 -0.97 -0.96 -1.10 9.51 -9.78 -16.62 70.83 -30.70 5.11 2.55 -32.22 -4.86 7.47 -7.71 -3.21 1.99 -2.37 2.08 -4.57 -0.03 10.91 -7.15 2.04 15.83 -0.00 -0.00 -0.00 2.00 -0.02 0.53 -0.04 -0.27 7.79 -0.03 -0.13 3.92 -0.00 -0.00 -0.00 0.00 -0.00 2.51 0.00 -0.00 21.27 0.00 -0.00 11.23 -0.00 -0.00 -0.00 -2.00 0.07 2.10 0.24 0.61 19.18 0.18 0.30 10.05 -0.00 -0.00 -0.00 -4.00 0.03 0.43 0.06 0.46 6.70 0.04 0.23 3.36 -8.03 -9.47 7.98 -76.70 -31.75 2.92 0.39 -29.38 -0.67 -2.93 -18.56 -6.87 -0.59 3.69 -0.55 0.21 1.51 -2.55 0.16 2.36 -3.83 0.00 -0.00 -0.00 -2.00 -0.00 -0.11 0.00 -0.08 -2.21 0.00 -0.04 -1.09 0.00 -0.00 -0.00 -0.00 -0.00 -0.12 -0.00 -0.00 -2.45 -0.00 -0.00 -1.21 0.00 -0.00 -0.00 2.00 0.01 -0.25 -0.01 0.15 -4.45 -0.01 0.08 -2.21 0.00 -0.00 -0.00 4.00 0.01 -0.13 -0.01 0.18 -2.56 -0.01 0.09 -1.27
-58.7447 -0.1034 -60.8906 104.62 -0.07 -0.00 0.30 1.90 -0.38 0.34 1.17 0.00 1.05 -3.15 0.31 -0.00 -0.00 0.00 1.91 2.34 -0.07 0.63 0.95 0.01 -0.84 -3.32 0.09 -0.00 0.00 -0.00 -0.03 0.02 0.52 0.05 0.02 0.35 0.05 0.03 0.38 0.05 0.03 0.38 -1.05 -1.13 -1.31 -0.90 -0.96 -1.12 9.38 -9.44 -15.94 70.29 -29.88 6.08 2.55 -32.41 -4.83 8.16 -8.81 -3.12 2.00 -2.09 2.08 -4.68 0.10 11.00 -7.27 2.24 15.96 0.00 0.00 0.00 2.00 -0.02 0.54 -0.04 -0.27 7.88 -0.03 -0.14 3.97 0.00 0.00 0.00 0.00 -0.00 2.57 0.01 -0.00 21.53 0.00 -0.00 11.38 0.00 0.00 0.00 -2.00 0.07 2.16 0.25 0.62 19.47 0.19 0.30 10.21 0.00 0.00 0.00 -4.00 0.03 0.44 0.06 0.47 6.74 0.04 0.23 3.38 -7.79 -8.92 7.94 -76.39 -31.00 2.02 0.47 -29.84 -0.81 -2.78 -18.67 -7.39 -0.59 3.72 -0.56 0.18 1.52 -2.53 0.11 2.38 -3.80 -0.00 -0.00 -0.00 -2.00 -0.00 -0.11 0.00 -0.08 -2.22 0.00 -0.04 -1.09 -0.00 -0.00 -0.00 -0.00 -0.00 -0.12 -0.00 -0.00 -2.46 -0.00 -0.00 -1.21 -0.00 -0.00 -0.00 2.00 0.01 -0.26 -0.01 0.15 -4.46 -0.01 0.08 -2.22 -0.00 -0.00 -0.00 4.00 0.01 -0.13 -0.01 0.18 -2.57 -0.01 0.09 -1.27
-58.7389 -0.1037 -60.8850 104.58 -0.07 -0.00 0.33 1.89 -0.38 0.33 1.17 0.00 1.06 -3.15 0.31 -0.00 -0.00 0.00 1.95 2.34 -0.07 0.63 0.95 0.01 -0.84 -3.33 0.09 -0.00 0.00 0.00 -0.06 0.02 0.55 0.01 0.02 0.36 0.02 0.02 0.38 0.02 0.02 0.38 -0.95 -1.12 -1.36 -0.81 -0.96 -1.16 9.26 -9.07 -15.25 69.60 -29.25 7.32 2.57 -32.48 -4.84 8.92 -9.93 -3.04 2.02 -1.68 2.09 -4.70 0.27 11.05 -7.23 2.48 16.07 0.00 0.00 0.00 2.00 -0.02 0.55 -0.04 -0.27 7.94 -0.03 -0.14 4.00 0.00 0.00 0.00 0.00 -0.00 2.59 0.00 -0.00 21.63 0.00 -0.00 11.44 0.00 0.00 0.00 -2.00 0.08 2.19 0.25 0.62 19.65 0.19 0.30 10.31 0.00 0.00 0.00 -4.00 0.03 0.44 0.06 0.47 6.80 0.04 0.23 3.41 -7.51 -8.34 7.84 -76.01 -30.46 0.98 0.53 -30.15 -0.92 -2.68 -18.70 -7.79 -0.58 3.74 -0.55 0.21 1.53 -2.55 0.16 2.39 -3.83 0.00 -0.00 0.00 -2.00 -0.00 -0.11 0.00 -0.08 -2.22 0.00 -0.04 -1.10 0.00 -0.00 0.00 -0.00 -0.00 -0.13 -0.00 -0.00 -2.47 -0.00 -0.00 -1.22 0.00 -0.00 0.00 2.00 0.01 -0.26 -0.01 0.16 -4.46 -0.01 0.08 -2.22 0.00 -0.00 0.00 4.00 0.01 -0.13 -0.01 0.18 -2.56 -0.01 0.09 -1.27
-58.7359 -0.1044 -60.8778 104.54 -0.06 -0.00 0.37 1.89 -0.37 0.33 1.16 0.00 1.07 -3.14 0.30 -0.00 -0.00 0.00 1.98 2.34 -0.07 0.64 0.94 0.01 -0.84 -3.33 0.08 -0.00 0.00 0.00 -0.09 0.02 0.58 -0.02 0.02 0.37 -0.02 0.02 0.40 -0.02 0.02 0.40 -0.85 -1.12 -1.42 -0.72 -0.95 -1.21 9.16 -8.69 -14.57 68.80 -28.76 8.72 2.59 -32.43 -4.86 9.63 -10.92 -2.97 2.03 -1.26 2.08 -4.72 0.44 11.10 -7.20 2.71 16.17 0.00 0.00 -0.00 2.00 -0.02 0.55 -0.04 -0.28 8.00 -0.03 -0.14 4.03 0.00 0.00 -0.00 0.00 0.00 2.58 0.00 0.00 21.61 -0.00 0.00 11.43 0.00 0.00 -0.00 -2.00 0.08 2.21 0.25 0.63 19.72 0.19 0.30 10.35 0.00 0.00 -0.00 -4.00 0.03 0.44 0.06 0.47 6.83 0.04 0.23 3.42 -7.19 -7.74 7.68 -75.45 -30.17 -0.38 0.56 -30.32 -1.01 -2.59 -18.65 -8.09 -0.57 3.78 -0.54 0.25 1.54 -2.56 0.21 2.42 -3.85 -0.00 0.00 0.00 -2.00 -0.00 -0.11 0.00 -0.08 -2.22 0.00 -0.04 -1.10 -0.00 0.00 0.00 -0.00 -0.00 -0.13 -0.00 -0.00 -2.47 -0.00 -0.00 -1.22 -0.00 0.00 0.00 2.00 0.01 -0.25 -0.01 0.16 -4.45 -0.01 0.08 -2.21 -0.00 0.00 0.00 4.00 0.01 -0.13 -0.01 0.18 -2.57 -0.01 0.09 -1.27
-58.7360 -0.1050 -60.8706 104.50 -0.06 -0.00 0.40 1.88 -0.37 0.32 1.15 0.00 1.08 -3.13 0.30 -0.00 -0.00 0.00 2.02 2.34 -0.06 0.64 0.94 0.01 -0.84 -3.33 0.08 0.00 -0.00 0.00 -0.12 0.01 0.61 -0.05 0.01 0.38 -0.06 0.02 0.41 -0.06 0.02 0.41 -0.74 -1.12 -1.47 -0.63 -0.95 -1.26 9.06 -8.30 -13.92 67.94 -28.34 10.23 2.62 -32.29 -4.92 10.19 -11.74 -2.90 2.04 -0.83 2.07 -4.71 0.60 11.13 -7.11 2.93 16.24 0.00 0.00 -0.00 2.00 -0.02 0.56 -0.04 -0.28 8.04 -0.03 -0.14 4.05 0.00 0.00 -0.00 -0.00 0.00 2.55 -0.00 0.00 21.48 -0.00 0.00 11.35 0.00 0.00 -0.00 -2.00 0.08 2.20 0.25 0.63 19.70 0.19 0.30 10.34 0.00 0.00 -0.00 -4.00 0.03 0.44 0.06 0.47 6.83 0.04 0.24 3.42 -6.84 -7.13 7.48 -74.81 -30.07 -1.90 0.62 -30.44 -1.13 -2.49 -18.55 -8.33 -0.56 3.81 -0.53 0.28 1.56 -2.55 0.26 2.43 -3.83 -0.00 0.00 0.00 -2.00 -0.00 -0.11 0.00 -0.08 -2.21 0.00 -0.04 -1.09 -0.00 0.00 0.00 0.00 0.00 -0.12 0.00 0.00 -2.46 0.00 0.00 -1.21 -0.00 0.00 0.00 2.00 0.01 -0.25 -0.01 0.15 -4.43 -0.01 0.08 -2.20 -0.00 0.00 0.00 4.00 0.01 -0.13 -0.01 0.18 -2.57 -0.01 0.09 -1.27
-58.7385 -0.1043 -60.8645 104.46 -0.05 -0.00 0.43 1.88 -0.37 0.32 1.14 0.00 1.09 -3.12 0.30 -0.00 -0.00 0.00 2.05 2.34 -0.06 0.64 0.94 0.01 -0.84 -3.33 0.08 -0.00 0.00 0.00 -0.15 0.01 0.65 -0.09 0.01 0.39 -0.10 0.01 0.42 -0.10 0.01 0.42 -0.63 -1.11 -1.53 -0.54 -0.95 -1.30 8.96 -7.89 -13.26 67.07 -27.92 11.79 2.65 -32.11 -4.96 10.63 -12.38 -2.86 2.03 -0.39 2.05 -4.70 0.77 11.15 -7.03 3.16 16.31 -0.00 -0.00 -0.00 2.00 -0.02 0.56 -0.04 -0.28 8.08 -0.03 -0.14 4.07 -0.00 -0.00 -0.00 -0.00 0.00 2.53 -0.00 0.00 21.37 -0.00 0.00 11.29 -0.00 -0.00 -0.00 -2.00 0.08 2.20 0.25 0.63 19.66 0.19 0.30 10.32 -0.00 -0.00 -0.00 -4.00 0.03 0.44 0.06 0.47 6.83 0.04 0.24 3.42 -6.46 -6.48 7.24 -74.10 -30.09 -3.55 0.65 -30.52 -1.21 -2.38 -18.43 -8.52 -0.54 3.82 -0.51 0.31 1.56 -2.53 0.31 2.44 -3.81 -0.00 0.00 -0.00 -2.00 -0.00 -0.11 0.00 -0.08 -2.19 0.00 -0.04 -1.08 -0.00 0.00 -0.00 0.00 0.00 -0.12 0.00 0.00 -2.45 0.00 0.00 -1.21 -0.00 0.00 -0.00 2.00 0.01 -0.25 -0.01 0.15 -4.41 -0.01 0.08 -2.19 -0.00 0.00 -0.00 4.00 0.01 -0.13 -0.01 0.18 -2.56 -0.01 0.09 -1.27
-58.7409 -0.1040 -60.8584 104.43 -0.05 -0.00 0.47 1.88 -0.36 0.32 1.13 0.00 1.10 -3.11 0.29 -0.00 -0.00 0.00 2.09 2.34 -0.05 0.64 0.94 0.01 -0.84 -3.33 0.07 0.00 0.00 -0.00 -0.19 0.01 0.68 -0.13 0.01 0.40 -0.14 0.01 0.44 -0.14 0.01 0.44 -0.52 -1.10 -1.57 -0.44 -0.94 -1.34 8.91 -7.47 -12.66 65.80 -28.01 13.78 2.66 -31.40 -5.01 10.95 -12.90 -2.83 1.98 0.22 1.99 -4.70 1.00 11.15 -6.93 3.44 16.35 -0.00 -0.00 -0.00 2.00 -0.02 0.56 -0.04 -0.28 8.05 -0.03 -0.14 4.05 -0.00 -0.00 -0.00 -0.00 0.00 2.48 -0.00 0.01 21.10 -0.00 0.00 11.13 -0.00 -0.00 -0.00 -2.00 0.08 2.17 0.25 0.63 19.55 0.19 0.30 10.25 -0.00 -0.00 -0.00 -4.00 0.03 0.45 0.06 0.47 6.84 0.04 0.24 3.43 -6.04 -5.83 6.96 -73.27 -30.28 -5.34 0.70 -30.59 -1.32 -2.30 -18.15 -8.65 -0.53 3.83 -0.50 0.34 1.57 -2.51 0.36 2.45 -3.78 -0.00 0.00 -0.00 -2.00 -0.00 -0.11 0.00 -0.07 -2.16 0.00 -0.04 -1.07 -0.00 0.00 -0.00 0.00 0.00 -0.12 0.00 0.00 -2.43 0.00 0.00 -1.20 -0.00 0.00 -0.00 2.00 0.01 -0.25 -0.01 0.15 -4.37 -0.01 0.08 -2.17 -0.00 0.00 -0.00 4.00 0.01 -0.13 -0.01 0.18 -2.56 -0.01 0.09 -1.27
-58.7429 -0.1047 -60.8524 104.40 -0.04 0.00 0.50 1.87 -0.36 0.31 1.11 0.00 1.10 -3.09 0.29 -0.00 -0.00 0.00 2.12 2.33 -0.05 0.64 0.94 0.01 -0.83 -3.34 0.07 0.00 -0.00 -0.00 -0.22 0.00 0.71 -0.17 0.00 0.41 -0.19 0.00 0.45 -0.19 0.00 0.45 -0.41 -1.08 -1.61 -0.35 -0.92 -1.37 8.91 -7.05 -12.12 64.15 -28.60 16.08 2.66 -30.18 -5.05 11.16 -13.28 -2.76 1.91 0.77 1.91 -4.70 1.21 11.13 -6.85 3.69 16.37 -0.00 0.00 0.00 2.00 -0.02 0.55 -0.04 -0.27 8.00 -0.03 -0.14 4.03 -0.00 0.00 0.00 -0.00 0.00 2.41 -0.00 0.01 20.75 -0.00 0.01 10.94 -0.00 0.00 0.00 -2.00 0.08 2.15 0.24 0.62 19.41 0.18 0.30 10.18 -0.00 0.00 0.00 -4.00 0.03 0.45 0.06 0.47 6.84 0.04 0.24 3.43 -5.57 -5.22 6.62 -71.91 -31.01 -7.68 0.71 -30.31 -1.41 -2.24 -17.51 -8.57 -0.52 3.88 -0.49 0.36 1.59 -2.50 0.39 2.47 -3.76 -0.00 -0.00 -0.00 -2.00 -0.00 -0.11 0.00 -0.07 -2.14 0.00 -0.04 -1.06 -0.00 -0.00 -0.00 0.00 0.00 -0.12 0.00 0.00 -2.42 0.00 0.00 -1.20 -0.00 -0.00 -0.00 2.00 0.01 -0.25 -0.01 0.15 -4.32 -0.01 0.08 -2.15 -0.00 -0.00 -0.00 4.00 0.01 -0.13 -0.01 0.18 -2.55 -0.01 0.09 -1.26
-58.7467 -0.1046 -60.8470 104.36 -0.04 0.00 0.53 1.87 -0.36 0.31 1.11 0.00 1.10 -3.08 0.29 -0.00 -0.00 0.00 2.15 2.33 -0.05 0.64 0.94 0.01 -0.83 -3.34 0.07 -0.00 -0.00 -0.00 -0.26 0.00 0.74 -0.21 0.00 0.42 -0.23 0.00 0.46 -0.23 0.00 0.46 -0.32 -1.05 -1.64 -0.27 -0.90 -1.40 8.95 -6.63 -11.65 62.05 -29.67 18.72 2.65 -28.54 -5.12 11.24 -13.45 -2.63 1.84 1.32 1.82 -4.69 1.41 11.10 -6.74 3.93 16.36 -0.00 -0.00 0.00 2.00 -0.02 0.54 -0.04 -0.27 7.92 -0.03 -0.13 3.98 -0.00 -0.00 0.00 -0.00 0.00 2.32 -0.00 0.02 20.33 -0.00 0.01 10.70 -0.00 -0.00 0.00 -2.00 0.08 2.12 0.24 0.62 19.24 0.18 0.30 10.08 -0.00 -0.00 0.00 -4.00 0.03 0.44 0.06 0.47 6.83 0.04 0.24 3.42 -5.05 -4.64 6.22 -70.06 -32.16 -10.49 0.67 -29.67 -1.49 -2.21 -16.57 -8.26 -0.50 3.93 -0.47 0.40 1.60 -2.47 0.45 2.50 -3.73 0.00 -0.00 -0.00 -2.00 -0.00 -0.11 0.00 -0.07 -2.13 0.00 -0.04 -1.05 0.00 -0.00 -0.00 0.00 0.00 -0.12 0.00 0.00 -2.42 0.00 0.00 -1.19 0.00 -0.00 -0.00 2.00 0.01 -0.24 -0.01 0.15 -4.31 -0.01 0.07 -2.14 0.00 -0.00 -0.00 4.00 0.01 -0.13 -0.01 0.18 -2.56 -0.01 0.09 -1.26
-58.7504 -0.1038 -60.8425 104.32 -0.04 0.00 0.56 1.86 -0.36 0.32 1.10 0.00 1.10 -3.07 0.29 -0.00 -0.00 0.00 2.19 2.32 -0.05 0.64 0.95 0.01 -0.84 -3.34 0.06 0.00 -0.00 0.00 -0.29 -0.00 0.76 -0.25 -0.00 0.43 -0.27 -0.00 0.47 -0.27 -0.00 0.47 -0.23 -1.02 -1.67 -0.20 -0.87 -1.42 9.00 -6.17 -11.18 59.52 -31.12 21.63 2.75 -26.60 -5.23 11.15 -13.27 -2.48 1.76 1.83 1.72 -4.68 1.60 11.07 -6.66 4.16 16.36 0.00 0.00 -0.00 2.00 -0.02 0.54 -0.04 -0.27 7.86 -0.03 -0.13 3.95 0.00 0.00 -0.00 0.00 0.00 2.25 0.00 0.01 19.97 -0.00 0.01 10.49 0.00 0.00 -0.00 -2.00 0.07 2.09 0.24 0.62 19.13 0.18 0.30 10.02 0.00 0.00 -0.00 -4.00 0.03 0.44 0.06 0.47 6.81 0.04 0.23 3.41 -4.48 -4.06 5.74 -67.81 -33.53 -13.64 0.66 -28.77 -1.65 -2.27 -15.37 -7.72 -0.47 3.94 -0.44 0.44 1.61 -2.43 0.52 2.51 -3.66 0.00 -0.00 -0.00 -2.00 -0.00 -0.10 0.00 -0.07 -2.09 0.00 -0.04 -1.03 0.00 -0.00 -0.00 0.00 0.00 -0.12 0.00 0.00 -2.40 0.00 0.00 -1.18 0.00 -0.00 -0.00 2.00 0.01 -0.24 -0.01 0.15 -4.26 -0.01 0.07 -2.12 0.00 -0.00 -0.00 4.00 0.01 -0.13 -0.01 0.18 -2.56 -0.01 0.09 -1.27
-58.7530 -0.1042 -60.8381 104.29 -0.03 0.00 0.60 1.85 -0.35 0.32 1.10 0.00 1.11 -3.07 0.28 -0.00 -0.00 0.00 2.23 2.31 -0.04 0.64 0.96 0.01 -0.84 -3.35 0.06 -0.00 -0.00 0.00 -0.33 -0.00 0.79 -0.29 -0.01 0.43 -0.31 -0.01 0.47 -0.31 -0.01 0.47 -0.15 -0.99 -1.68 -0.13 -0.84 -1.43 9.10 -5.68 -10.73 56.29 -32.94 25.03 2.99 -24.48 -5.25 10.81 -12.47 -2.37 1.62 2.51 1.58 -4.74 1.85 11.05 -6.62 4.45 16.39 -0.00 0.00 -0.00 2.00 -0.02 0.53 -0.04 -0.26 7.78 -0.03 -0.13 3.91 -0.00 0.00 -0.00 0.00 0.00 2.18 0.00 0.02 19.57 -0.00 0.01 10.27 -0.00 0.00 -0.00 -2.00 0.07 2.07 0.23 0.61 19.00 0.18 0.30 9.95 -0.00 0.00 -0.00 -4.00 0.03 0.44 0.06 0.47 6.81 0.04 0.23 3.41 -3.86 -3.50 5.22 -65.19 -34.94 -17.07 0.61 -27.60 -1.83 -2.31 -13.98 -7.05 -0.47 3.90 -0.44 0.36 1.60 -2.32 0.40 2.47 -3.50 -0.00 -0.00 0.00 -2.00 -0.00 -0.10 0.00 -0.07 -2.02 0.00 -0.03 -1.00 -0.00 -0.00 0.00 -0.00 0.00 -0.12 -0.00 0.00 -2.34 -0.00 0.00 -1.16 -0.00 -0.00 0.00 2.00 0.01 -0.24 -0.01 0.15 -4.22 -0.01 0.07 -2.09 -0.00 -0.00 0.00 4.00 0.01 -0.13 -0.01 0.18 -2.56 -0.01 0.09 -1.27
-58.7555 -0.1050 -60.8337 104.25 -0.03 0.00 0.63 1.84 -0.35 0.32 1.09 0.00 1.11 -3.06 0.28 -0.00 -0.00 0.00 2.26 2.31 -0.04 0.64 0.97 0.01 -0.84 -3.36 0.06 -0.00 -0.00 -0.00 -0.36 -0.00 0.80 -0.33 -0.01 0.43 -0.35 -0.01 0.47 -0.35 -0.01 0.47 -0.07 -0.95 -1.68 -0.06 -0.81 -1.43 9.20 -5.17 -10.29 52.51 -34.83 28.81 3.38 -22.29 -5.23 10.19 -11.24 -2.31 1.46 3.19 1.42 -4.81 2.11 11.02 -6.62 4.74 16.41 0.00 -0.00 0.00 2.00 -0.02 0.53 -0.04 -0.26 7.73 -0.03 -0.13 3.89 0.00 -0.00 0.00 0.00 0.00 2.11 0.00 0.02 19.22 -0.00 0.01 10.07 0.00 -0.00 0.00 -2.00 0.07 2.04 0.23 0.61 18.84 0.17 0.30 9.86 0.00 -0.00 0.00 -4.00 0.03 0.44 0.06 0.47 6.79 0.04 0.23 3.40 -3.21 -2.99 4.66 -61.92 -36.32 -21.14 0.39 -26.04 -2.02 -2.30 -12.30 -6.32 -0.47 3.84 -0.44 0.35 1.57 -2.29 0.39 2.43 -3.46 0.00 0.00 -0.00 -2.00 -0.00 -0.10 0.00 -0.06 -1.96 0.00 -0.03 -0.97 0.00 0.00 -0.00 -0.00 0.00 -0.11 -0.00 0.00 -2.28 -0.00 0.00 -1.13 0.00 0.00 -0.00 2.00 0.01 -0.23 -0.01 0.15 -4.12 -0.01 0.07 -2.05 0.00 0.00 -0.00 4.00 0.01 -0.13 -0.01 0.18 -2.52 -0.01 0.09 -1.24
-58.7584 -0.1046 -60.8303 104.22 -0.02 0.00 0.65 1.83 -0.35 0.33 1.09 0.00 1.11 -3.05 0.28 -0.00 -0.00 0.00 2.29 2.30 -0.04 0.64 0.98 0.01 -0.84 -3.36 0.06 0.00 0.00 -0.00 -0.40 -0.01 0.81 -0.37 -0.01 0.43 -0.40 -0.01 0.46 -0.40 -0.01 0.46 0.00 -0.91 -1.67 -0.00 -0.77 -1.42 9.30 -4.66 -9.84 48.27 -36.60 32.92 3.89 -20.13 -5.15 9.39 -9.68 -2.36 1.31 3.87 1.26 -4.83 2.35 10.97 -6.55 5.02 16.40 0.00 0.00 -0.00 2.00 -0.02 0.52 -0.04 -0.26 7.69 -0.03 -0.13 3.86 0.00 0.00 -0.00 0.00 0.00 2.05 0.00 0.02 18.88 -0.00 0.01 9.88 0.00 0.00 -0.00 -2.00 0.07 2.03 0.23 0.61 18.75 0.17 0.30 9.81 0.00 0.00 -0.00 -4.00 0.03 0.44 0.06 0.47 6.76 0.04 0.23 3.39 -2.55 -2.54 4.09 -58.13 -37.42 -25.71 0.01 -24.24 -2.18 -2.30 -10.51 -5.52 -0.48 3.80 -0.44 0.34 1.55 -2.28 0.37 2.40 -3.44 -0.00 0.00 0.00 -2.00 -0.00 -0.09 0.00 -0.06 -1.92 0.00 -0.03 -0.95 -0.00 0.00 0.00 -0.00 0.00 -0.11 -0.00 0.00 -2.25 -0.00 0.00 -1.11 -0.00 0.00 0.00 2.00 0.01 -0.23 -0.01 0.15 -4.04 -0.01 0.07 -2.01 -0.00 0.00 0.00 4.00 0.01 -0.13 -0.01 0.18 -2.46 -0.01 0.09 -1.22
-58.7603 -0.1050 -60.8271 104.19 -0.02 0.00 0.69 1.83 -0.35 0.33 1.09 0.00 1.11 -3.04 0.28 -0.00 -0.00 0.00 2.33 2.29 -0.04 0.64 1.00 0.01 -0.84 -3.37 0.06 0.00 0.00 0.00 -0.43 -0.01 0.82 -0.40 -0.01 0.42 -0.43 -0.01 0.45 -0.43 -0.01 0.45 0.07 -0.86 -1.66 0.06 -0.74 -1.41 9.37 -4.15 -9.38 43.77 -38.09 37.18 4.46 -18.08 -5.00 8.57 -7.97 -2.53 1.16 4.45 1.10 -4.93 2.57 10.94 -6.58 5.27 16.42 -0.00 -0.00 -0.00 2.00 -0.02 0.52 -0.04 -0.26 7.68 -0.03 -0.13 3.86 -0.00 -0.00 -0.00 0.00 0.00 2.00 0.00 0.01 18.63 -0.00 0.01 9.74 -0.00 -0.00 -0.00 -2.00 0.07 2.02 0.23 0.60 18.71 0.17 0.29 9.78 -0.00 -0.00 -0.00 -4.00 0.03 0.44 0.06 0.47 6.72 0.04 0.23 3.37 -1.90 -2.08 3.51 -54.11 -38.16 -30.42 -0.47 -22.41 -2.35 -2.32 -8.71 -4.69 -0.47 3.80 -0.44 0.33 1.55 -2.26 0.36 2.40 -3.40 0.00 -0.00 -0.00 -2.00 -0.00 -0.09 0.00 -0.06 -1.89 0.00 -0.03 -0.93 0.00 -0.00 -0.00 -0.00 0.00 -0.11 -0.00 0.00 -2.20 -0.00 0.00 -1.09 0.00 -0.00 -0.00 2.00 0.01 -0.22 -0.01 0.14 -3.95 -0.01 0.07 -1.96 0.00 -0.00 -0.00 4.00 0.01 -0.12 -0.01 0.17 -2.42 -0.01 0.08 -1.20
-58.7607 -0.1047 -60.8254 104.14 -0.01 0.00 0.73 1.82 -0.35 0.33 1.08 0.00 1.11 -3.04 0.28 -0.00 -0.00 0.00 2.37 2.28 -0.04 0.64 1.00 0.01 -0.84 -3.38 0.06 0.00 -0.00 -0.00 -0.46 -0.01 0.82 -0.43 -0.02 0.41 -0.47 -0.02 0.44 -0.47 -0.02 0.44 0.13 -0.82 -1.64 0.11 -0.70 -1.40 9.42 -3.62 -8.93 38.64 -39.29 41.90 5.15 -16.08 -4.73 7.71 -6.10 -2.84 0.98 5.25 0.93 -5.01 2.87 10.91 -6.57 5.60 16.45 -0.00 -0.00 -0.00 2.00 -0.02 0.52 -0.04 -0.27 7.68 -0.03 -0.13 3.86 -0.00 -0.00 -0.00 0.00 0.00 1.96 0.00 0.01 18.38 -0.00 0.00 9.60 -0.00 -0.00 -0.00 -2.00 0.07 2.04 0.23 0.60 18.81 0.18 0.29 9.84 -0.00 -0.00 -0.00 -4.00 0.03 0.43 0.06 0.46 6.68 0.04 0.23 3.35 -1.27 -1.58 2.95 -50.00 -38.54 -35.11 -0.94 -20.65 -2.53 -2.37 -6.99 -3.83 -0.45 3.83 -0.42 0.36 1.56 -2.22 0.41 2.42 -3.34 -0.00 0.00 0.00 -2.00 -0.00 -0.09 0.00 -0.06 -1.85 0.00 -0.03 -0.91 -0.00 0.00 0.00 -0.00 0.00 -0.11 -0.00 0.00 -2.18 -0.00 0.00 -1.08 -0.00 0.00 0.00 2.00 0.01 -0.22 -0.01 0.14 -3.91 -0.01 0.07 -1.94 -0.00 0.00 0.00 4.00 0.01 -0.12 -0.01 0.17 -2.41 -0.01 0.08 -1.19
-58.7575 -0.1056 -60.8240 104.10 -0.01 0.00 0.77 1.81 -0.35 0.33 1.08 0.00 1.11 -3.03 0.28 -0.00 -0.00 0.00 2.41 2.29 -0.04 0.65 1.00 0.01 -0.84 -3.38 0.05 -0.00 0.00 -0.00 -0.48 -0.01 0.81 -0.46 -0.02 0.40 -0.50 -0.02 0.43 -0.50 -0.02 0.43 0.17 -0.78 -1.61 0.15 -0.66 -1.37 9.44 -3.06 -8.50 33.22 -40.07 46.79 5.91 -14.21 -4.36 6.93 -4.25 -3.27 0.80 5.93 0.76 -5.19 3.13 10.90 -6.72 5.86 16.51 0.00 -0.00 0.00 2.00 -0.02 0.53 -0.04 -0.27 7.73 -0.03 -0.13 3.89 0.00 -0.00 0.00 -0.00 0.00 1.94 -0.00 0.00 18.28 -0.00 0.00 9.54 0.00 -0.00 0.00 -2.00 0.07 2.07 0.24 0.60 19.00 0.18 0.29 9.95 0.00 -0.00 0.00 -4.00 0.03 0.43 0.06 0.46 6.65 0.04 0.23 3.33 -0.68 -1.04 2.43 -45.61 -38.56 -40.02 -1.44 -18.90 -2.70 -2.40 -5.35 -2.99 -0.41 3.87 -0.39 0.41 1.58 -2.13 0.49 2.44 -3.21 -0.00 0.00 -0.00 -2.00 -0.00 -0.09 0.00 -0.06 -1.81 0.00 -0.03 -0.89 -0.00 0.00 -0.00 0.00 0.00 -0.11 0.00 0.00 -2.18 0.00 0.00 -1.07 -0.00 0.00 -0.00 2.00 0.01 -0.21 -0.01 0.14 -3.88 -0.01 0.07 -1.93 -0.00 0.00 -0.00 4.00 0.01 -0.12 -0.01 0.17 -2.46 -0.01 0.08 -1.21
-58.7489 -0.1067 -60.8245 104.05 0.00 0.00 0.81 1.80 -0.35 0.34 1.08 0.00 1.11 -3.04 0.28 -0.00 -0.00 0.00 2.43 2.30 -0.04 0.67 0.98 0.01 -0.84 -3.38 0.05 0.00 0.00 0.00 -0.50 -0.01 0.80 -0.48 -0.02 0.39 -0.52 -0.02 0.42 -0.52 -0.02 0.42 0.20 -0.74 -1.58 0.17 -0.63 -1.35 9.42 -2.50 -8.12 27.79 -40.40 51.64 6.68 -12.53 -3.91 6.15 -2.50 -3.79 0.65 6.61 0.61 -5.31 3.38 10.84 -6.79 6.12 16.50 0.00 0.00 0.00 2.00 -0.02 0.52 -0.04 -0.27 7.71 -0.03 -0.13 3.88 0.00 0.00 0.00 -0.00 0.00 1.90 -0.00 0.01 18.07 -0.00 0.00 9.42 0.00 0.00 0.00 -2.00 0.07 2.11 0.24 0.60 19.21 0.18 0.29 10.07 0.00 0.00 0.00 -4.00 0.03 0.43 0.06 0.46 6.64 0.04 0.23 3.33 -0.13 -0.49 1.93 -41.28 -38.19 -44.81 -1.84 -17.23 -2.86 -2.42 -3.81 -2.17 -0.38 3.89 -0.36 0.46 1.58 -2.07 0.56 2.44 -3.12 0.00 -0.00 0.00 -2.00 -0.00 -0.09 0.00 -0.06 -1.79 0.00 -0.03 -0.88 0.00 -0.00 0.00 0.00 0.00 -0.11 0.00 0.00 -2.17 0.00 0.00 -1.07 0.00 -0.00 0.00 2.00 0.01 -0.21 -0.01 0.14 -3.85 -0.01 0.07 -1.91 0.00 -0.00 0.00 4.00 0.01 -0.13 -0.01 0.17 -2.46 -0.01 0.08 -1.22
-58.7353 -0.1071 -60.8278 104.01 0.01 -0.00 0.84 1.80 -0.34 0.35 1.08 0.00 1.11 -3.04 0.28 -0.00 -0.00 0.00 2.45 2.32 -0.03 0.70 0.95 0.01 -0.84 -3.38 0.05 0.00 -0.00 0.00 -0.51 -0.01 0.79 -0.50 -0.02 0.38 -0.54 -0.02 0.41 -0.54 -0.02 0.41 0.22 -0.70 -1.55 0.18 -0.60 -1.32 9.34 -1.90 -7.75 22.64 -40.29 56.20 7.42 -11.07 -3.40 5.42 -0.86 -4.34 0.50 7.17 0.47 -5.52 3.58 10.77 -7.00 6.30 16.47 -0.00 0.00 -0.00 2.00 -0.02 0.52 -0.04 -0.26 7.65 -0.03 -0.13 3.84 -0.00 0.00 -0.00 -0.00 0.00 1.85 -0.00 0.01 17.78 -0.00 0.01 9.26 -0.00 0.00 -0.00 -2.00 0.07 2.15 0.25 0.61 19.42 0.19 0.30 10.18 -0.00 0.00 -0.00 -4.00 0.03 0.43 0.06 0.46 6.65 0.04 0.23 3.33 0.40 0.06 1.40 -37.19 -37.42 -49.31 -2.16 -15.63 -2.99 -2.38 -2.37 -1.34 -0.36 3.90 -0.34 0.50 1.58 -2.04 0.62 2.44 -3.07 -0.00 0.00 0.00 -2.00 -0.00 -0.09 0.00 -0.06 -1.77 0.00 -0.03 -0.87 -0.00 0.00 0.00 -0.00 0.00 -0.11 -0.00 0.00 -2.17 -0.00 0.00 -1.07 -0.00 0.00 0.00 2.00 0.01 -0.21 -0.01 0.13 -3.80 -0.01 0.07 -1.89 -0.00 0.00 0.00 4.00 0.01 -0.12 -0.01 0.17 -2.44 -0.01 0.08 -1.21
-58.7182 -0.1067 -60.8323 103.96 0.02 -0.01 0.86 1.80 -0.34 0.37 1.08 0.00 1.11 -3.04 0.28 -0.00 -0.00 0.00 2.45 2.34 -0.03 0.74 0.91 0.01 -0.84 -3.38 0.05 0.00 -0.00 0.00 -0.52 -0.01 0.77 -0.50 -0.02 0.38 -0.55 -0.02 0.41 -0.55 -0.02 0.41 0.22 -0.66 -1.52 0.19 -0.57 -1.30 9.20 -1.30 -7.41 17.60 -39.67 60.62 8.11 -9.74 -2.80 4.65 0.80 -4.87 0.37 7.82 0.35 -5.61 3.81 10.57 -7.05 6.49 16.26 -0.00 0.00 0.00 2.00 -0.02 0.50 -0.04 -0.25 7.47 -0.03 -0.12 3.75 -0.00 0.00 0.00 0.00 0.01 1.74 0.00 0.03 17.09 -0.00 0.02 8.89 -0.00 0.00 0.00 -2.00 0.08 2.14 0.24 0.62 19.35 0.18 0.30 10.14 -0.00 0.00 0.00 -4.00 0.03 0.42 0.06 0.46 6.58 0.04 0.23 3.30 0.87 0.55 0.87 -33.42 -36.31 -53.43 -2.42 -14.11 -3.08 -2.31 -1.05 -0.49 -0.35 3.91 -0.33 0.52 1.59 -2.03 0.66 2.44 -3.07 -0.00 0.00 0.00 -2.00 -0.00 -0.09 0.00 -0.06 -1.77 0.00 -0.03 -0.87 -0.00 0.00 0.00 -0.00 0.00 -0.11 -0.00 0.00 -2.17 -0.00 0.00 -1.07 -0.00 0.00 0.00 2.00 0.01 -0.21 -0.01 0.13 -3.76 -0.01 0.07 -1.87 -0.00 0.00 0.00 4.00 0.01 -0.12 -0.01 0.17 -2.40 -0.01 0.08 -1.19
-58.6984 -0.1067 -60.8368 103.91 0.03 -0.02 0.89 1.79 -0.33 0.39 1.08 0.00 1.11 -3.05 0.28 -0.00 -0.00 0.00 2.46 2.37 -0.02 0.78 0.86 0.01 -0.84 -3.37 0.05 0.00 0.00 -0.00 -0.52 -0.02 0.75 -0.50 -0.02 0.38 -0.55 -0.02 0.41 -0.55 -0.02 0.41 0.23 -0.61 -1.50 0.19 -0.52 -1.27 9.03 -0.73 -7.12 12.89 -38.60 64.70 8.80 -8.49 -2.17 3.93 2.39 -5.37 0.26 8.37 0.25 -5.73 3.99 10.39 -7.15 6.63 16.06 0.00 -0.00 0.00 2.00 -0.02 0.49 -0.03 -0.25 7.34 -0.03 -0.12 3.68 0.00 -0.00 0.00 0.00 0.01 1.64 0.00 0.03 16.49 -0.00 0.02 8.55 0.00 -0.00 0.00 -2.00 0.08 2.11 0.24 0.62 19.21 0.18 0.30 10.06 0.00 -0.00 0.00 -4.00 0.03 0.42 0.06 0.45 6.50 0.04 0.23 3.26 1.28 0.99 0.35 -29.74 -34.82 -57.39 -2.69 -12.61 -3.16 -2.21 0.15 0.40 -0.34 3.99 -0.33 0.50 1.62 -1.98 0.62 2.49 -3.00 -0.00 -0.00 0.00 -2.00 -0.00 -0.09 0.00 -0.06 -1.75 0.00 -0.03 -0.86 -0.00 -0.00 0.00 -0.00 0.00 -0.11 -0.00 0.00 -2.14 0.00 0.00 -1.06 -0.00 -0.00 0.00 2.00 0.01 -0.20 -0.01 0.13 -3.69 -0.01 0.07 -1.83 -0.00 -0.00 0.00 4.00 0.01 -0.12 -0.01 0.17 -2.36 -0.01 0.08 -1.17
-58.6754 -0.1076 -60.8412 103.86 0.04 -0.02 0.92 1.79 -0.33 0.41 1.08 0.00 1.11 -3.06 0.27 -0.00 -0.00 0.00 2.47 2.41 -0.02 0.83 0.81 0.01 -0.84 -3.36 0.05 -0.00 0.00 0.00 -0.51 -0.02 0.73 -0.50 -0.02 0.37 -0.54 -0.03 0.40 -0.54 -0.03 0.40 0.23 -0.55 -1.47 0.19 -0.47 -1.25 8.82 -0.18 -6.86 8.60 -37.20 68.35 9.44 -7.32 -1.53 3.24 3.87 -5.87 0.17 8.92 0.16 -5.84 4.18 10.20 -7.24 6.77 15.85 0.00 0.00 -0.00 2.00 -0.02 0.48 -0.03 -0.24 7.22 -0.02 -0.12 3.62 0.00 0.00 -0.00 0.00 0.00 1.55 0.00 0.02 15.96 -0.00 0.01 8.26 0.00 0.00 -0.00 -2.00 0.07 2.08 0.24 0.62 19.06 0.18 0.30 9.98 0.00 0.00 -0.00 -4.00 0.03 0.41 0.05 0.45 6.44 0.04 0.22 3.22 1.64 1.39 -0.12 -26.30 -33.08 -61.03 -2.93 -11.17 -3.23 -2.12 1.19 1.25 -0.32 4.01 -0.31 0.54 1.63 -1.96 0.69 2.50 -2.96 -0.00 0.00 -0.00 -2.00 -0.00 -0.08 0.00 -0.06 -1.74 0.00 -0.03 -0.86 -0.00 0.00 -0.00 0.00 0.00 -0.11 0.00 0.00 -2.12 0.00 0.00 -1.05 -0.00 0.00 -0.00 2.00 0.01 -0.20 -0.01 0.13 -3.66 -0.01 0.06 -1.81 -0.00 0.00 -0.00 4.00 0.01 -0.12 -0.01 0.16 -2.34 -0.01 0.08 -1.15
-58.6500 -0.1087 -60.8457 103.80 0.05 -0.02 0.96 1.79 -0.33 0.44 1.07 0.00 1.11 -3.07 0.27 -0.00 -0.00 0.00 2.48 2.45 -0.02 0.88 0.75 0.01 -0.84 -3.36 0.04 -0.00 0.00 -0.00 -0.50 -0.02 0.70 -0.49 -0.03 0.37 -0.52 -0.03 0.40 -0.52 -0.03 0.40 0.23 -0.48 -1.43 0.19 -0.41 -1.22 8.55 0.39 -6.66 4.81 -35.62 71.57 10.00 -6.28 -0.88 2.66 5.22 -6.38 0.09 9.46 0.09 -5.98 4.35 10.01 -7.36 6.90 15.65 -0.00 -0.00 -0.00 2.00 -0.02 0.47 -0.03 -0.24 7.14 -0.02 -0.12 3.58 -0.00 -0.00 -0.00 0.00 0.00 1.49 0.00 0.01 15.52 -0.00 0.01 8.02 -0.00 -0.00 -0.00 -2.00 0.07 2.06 0.23 0.61 18.93 0.18 0.30 9.91 -0.00 -0.00 -0.00 -4.00 0.03 0.41 0.05 0.44 6.40 0.04 0.22 3.20 1.98 1.80 -0.58 -23.23 -31.21 -64.25 -3.19 -9.80 -3.25 -2.02 2.03 2.01 -0.30 4.02 -0.29 0.58 1.63 -1.92 0.74 2.50 -2.91 -0.00 0.00 -0.00 -2.00 -0.00 -0.08 0.00 -0.06 -1.73 0.00 -0.03 -0.85 -0.00 0.00 -0.00 0.00 0.00 -0.10 0.00 0.00 -2.11 0.00 0.00 -1.04 -0.00 0.00 -0.00 2.00 0.01 -0.20 -0.01 0.13 -3.62 -0.01 0.06 -1.79 -0.00 0.00 -0.00 4.00 0.01 -0.12 -0.01 0.16 -2.35 -0.01 0.08 -1.16
-58.6214 -0.1111 -60.8496 103.75 0.06 -0.02 0.98 1.80 -0.33 0.47 1.07 0.00 1.11 -3.07 0.27 -0.00 -0.00 0.00 2.48 2.49 -0.02 0.93 0.70 0.01 -0.84 -3.35 0.04 -0.00 0.00 0.00 -0.49 -0.02 0.66 -0.47 -0.03 0.36 -0.51 -0.03 0.39 -0.51 -0.03 0.39 0.23 -0.41 -1.38 0.20 -0.35 -1.18 8.25 1.00 -6.51 1.50 -33.77 74.40 10.47 -5.45 -0.22 2.13 6.46 -6.92 0.01 10.10 0.03 -6.14 4.57 9.72 -7.54 7.05 15.32 -0.00 -0.00 -0.00 2.00 -0.02 0.45 -0.03 -0.23 6.95 -0.02 -0.12 3.49 -0.00 -0.00 -0.00 0.00 0.00 1.38 -0.00 0.02 14.84 -0.00 0.01 7.65 -0.00 -0.00 -0.00 -2.00 0.07 2.00 0.22 0.61 18.59 0.17 0.30 9.72 -0.00 -0.00 -0.00 -4.00 0.03 0.40 0.05 0.44 6.36 0.04 0.22 3.18 2.32 2.19 -0.98 -20.60 -29.29 -67.02 -3.35 -8.59 -3.26 -1.93 2.71 2.63 -0.29 4.01 -0.27 0.60 1.63 -1.88 0.77 2.49 -2.85 0.00 0.00 -0.00 -2.00 -0.00 -0.08 0.00 -0.06 -1.71 0.00 -0.03 -0.84 0.00 0.00 -0.00 0.00 0.00 -0.10 0.00 0.00 -2.08 0.00 0.00 -1.03 0.00 0.00 -0.00 2.00 0.01 -0.19 -0.01 0.13 -3.56 -0.01 0.06 -1.77 0.00 0.00 -0.00 4.00 0.01 -0.12 -0.01 0.16 -2.33 -0.01 0.08 -1.15
-58.5895 -0.1139 -60.8528 103.71 0.07 -0.02 0.99 1.81 -0.33 0.50 1.06 0.00 1.11 -3.08 0.27 -0.00 -0.00 0.00 2.47 2.53 -0.03 0.98 0.65 0.01 -0.83 -3.35 0.04 -0.00 -0.00 0.00 -0.49 -0.02 0.62 -0.47 -0.03 0.34 -0.50 -0.03 0.37 -0.50 -0.03 0.37 0.25 -0.32 -1.32 0.21 -0.27 -1.13 7.94 1.63 -6.37 -1.21 -31.84 76.76 10.76 -4.81 0.42 1.59 7.63 -7.43 -0.05 10.64 -0.02 -6.24 4.74 9.38 -7.64 7.16 14.87 0.00 -0.00 -0.00 2.00 -0.01 0.43 -0.03 -0.22 6.69 -0.02 -0.11 3.35 0.00 -0.00 -0.00 0.00 0.01 1.26 0.01 0.04 13.96 -0.00 0.02 7.17 0.00 -0.00 -0.00 -2.00 0.07 1.89 0.21 0.61 17.98 0.16 0.30 9.38 0.00 -0.00 -0.00 -4.00 0.03 0.40 0.05 0.44 6.29 0.04 0.22 3.15 2.65 2.55 -1.32 -18.25 -27.18 -69.54 -3.47 -7.54 -3.24 -1.81 3.26 3.12 -0.28 3.97 -0.26 0.60 1.61 -1.84 0.79 2.47 -2.79 -0.00 -0.00 -0.00 -2.00 -0.00 -0.08 0.00 -0.06 -1.69 0.00 -0.03 -0.83 -0.00 -0.00 -0.00 0.00 0.00 -0.10 0.00 0.00 -2.04 0.00 0.00 -1.01 -0.00 -0.00 -0.00 2.00 0.01 -0.19 -0.01 0.12 -3.46 -0.01 0.06 -1.72 -0.00 -0.00 -0.00 4.00 0.01 -0.12 -0.01 0.16 -2.30 -0.00 0.08 -1.14
-58.5530 -0.1157 -60.8552 103.67 0.08 -0.02 0.98 1.82 -0.33 0.54 1.04 0.00 1.11 -3.09 0.26 -0.00 -0.00 0.00 2.46 2.57 -0.03 1.02 0.60 0.01 -0.83 -3.35 0.03 -0.00 0.00 -0.00 -0.49 -0.02 0.58 -0.47 -0.03 0.32 -0.50 -0.03 0.35 -0.50 -0.03 0.35 0.28 -0.23 -1.25 0.24 -0.19 -1.07 7.63 2.28 -6.26 -3.37 -29.90 78.71 10.86 -4.27 1.02 1.04 8.76 -7.90 -0.08 11.03 -0.06 -6.20 4.84 8.99 -7.58 7.22 14.33 -0.00 -0.00 -0.00 2.00 -0.01 0.40 -0.02 -0.21 6.35 -0.02 -0.10 3.18 -0.00 -0.00 -0.00 0.00 0.01 1.12 0.01 0.05 12.90 0.00 0.03 6.61 -0.00 -0.00 -0.00 -2.00 0.07 1.75 0.20 0.59 17.15 0.15 0.29 8.92 -0.00 -0.00 -0.00 -4.00 0.03 0.39 0.05 0.43 6.18 0.04 0.22 3.09 2.99 2.89 -1.59 -16.19 -25.02 -71.79 -3.55 -6.62 -3.21 -1.65 3.68 3.51 -0.27 3.93 -0.25 0.60 1.59 -1.80 0.78 2.43 -2.73 -0.00 0.00 -0.00 -2.00 -0.00 -0.08 0.00 -0.06 -1.65 0.00 -0.03 -0.81 -0.00 0.00 -0.00 0.00 0.00 -0.10 0.00 0.00 -1.99 0.00 0.00 -0.98 -0.00 0.00 -0.00 2.00 0.01 -0.18 -0.01 0.12 -3.36 -0.00 0.06 -1.67 -0.00 0.00 -0.00 4.00 0.01 -0.11 -0.01 0.16 -2.25 -0.00 0.08 -1.11
-58.5114 -0.1179 -60.8567 103.65 0.08 -0.02 0.97 1.84 -0.32 0.58 1.04 0.01 1.11 -3.11 0.26 -0.00 -0.00 0.00 2.44 2.60 -0.02 1.04 0.57 0.01 -0.81 -3.37 0.02 -0.00 -0.00 0.00 -0.50 -0.02 0.54 -0.47 -0.03 0.30 -0.51 -0.03 0.33 -0.51 -0.03 0.33 0.34 -0.13 -1.18 0.29 -0.11 -1.01 7.33 2.98 -6.18 -5.02 -28.06 80.30 10.83 -3.73 1.55 0.47 9.80 -8.30 -0.11 11.38 -0.09 -6.21 4.94 8.62 -7.60 7.27 13.81 -0.00 -0.00 -0.00 2.00 -0.01 0.37 -0.02 -0.19 6.00 -0.01 -0.10 3.00 -0.00 -0.00 -0.00 0.00 0.01 0.98 0.02 0.04 11.81 0.01 0.03 6.03 -0.00 -0.00 -0.00 -2.00 0.06 1.60 0.19 0.57 16.25 0.13 0.28 8.42 -0.00 -0.00 -0.00 -4.00 0.03 0.38 0.05 0.42 6.04 0.04 0.21 3.02 3.34 3.23 -1.77 -14.43 -22.94 -73.77 -3.58 -5.84 -3.16 -1.50 3.99 3.80 -0.27 3.88 -0.25 0.58 1.57 -1.77 0.76 2.40 -2.68 0.00 0.00 0.00 -2.00 -0.00 -0.08 0.00 -0.06 -1.63 0.00 -0.03 -0.80 0.00 0.00 0.00 0.00 0.00 -0.10 0.00 0.00 -1.94 0.00 0.00 -0.96 0.00 0.00 0.00 2.00 0.01 -0.18 -0.01 0.12 -3.28 -0.00 0.06 -1.63 0.00 0.00 0.00 4.00 0.01 -0.11 -0.01 0.16 -2.21 -0.00 0.08 -1.09
-58.4670 -0.1197 -60.8582 103.63 0.09 -0.02 0.96 1.85 -0.32 0.62 1.05 0.01 1.10 -3.14 0.25 -0.00 -0.00 0.00 2.42 2.63 -0.01 1.05 0.56 0.01 -0.78 -3.39 0.02 -0.00 -0.00 -0.00 -0.51 -0.02 0.50 -0.49 -0.03 0.28 -0.53 -0.03 0.30 -0.53 -0.03 0.30 0.42 -0.02 -1.11 0.36 -0.01 -0.95 7.07 3.66 -6.10 -6.30 -26.17 81.64 10.64 -3.10 2.02 -0.16 10.75 -8.63 -0.14 11.73 -0.11 -6.19 5.03 8.13 -7.61 7.31 13.10 -0.00 -0.00 -0.00 2.00 -0.01 0.34 -0.01 -0.17 5.53 -0.01 -0.09 2.76 -0.00 -0.00 -0.00 0.00 0.01 0.82 0.03 0.06 10.45 0.01 0.03 5.31 -0.00 -0.00 -0.00 -1.99 0.06 1.41 0.17 0.55 15.00 0.12 0.28 7.74 -0.00 -0.00 -0.00 -4.00 0.03 0.36 0.05 0.41 5.82 0.03 0.21 2.91 3.73 3.56 -1.89 -12.89 -20.97 -75.53 -3.52 -5.22 -3.10 -1.36 4.19 4.02 -0.27 3.81 -0.25 0.56 1.54 -1.72 0.74 2.36 -2.61 0.00 -0.00 -0.00 -2.00 -0.00 -0.08 0.00 -0.06 -1.61 0.00 -0.03 -0.79 0.00 -0.00 -0.00 0.00 0.00 -0.09 0.00 0.00 -1.89 0.00 0.00 -0.93 0.00 -0.00 -0.00 2.00 0.01 -0.17 -0.01 0.11 -3.20 -0.00 0.06 -1.58 0.00 -0.00 -0.00 4.00 0.01 -0.11 -0.01 0.15 -2.16 -0.00 0.08 -1.07
-58.4206 -0.1217 -60.8584 103.63 0.10 -0.02 0.94 1.87 -0.31 0.66 1.07 0.01 1.08 -3.18 0.24 -0.00 -0.00 0.00 2.40 2.65 -0.01 1.05 0.56 0.01 -0.76 -3.42 0.01 -0.00 -0.00 -0.00 -0.53 -0.02 0.46 -0.51 -0.03 0.26 -0.56 -0.03 0.28 -0.56 -0.03 0.28 0.53 0.10 -1.05 0.45 0.09 -0.89 6.85 4.31 -6.06 -7.23 -24.31 82.77 10.31 -2.46 2.41 -0.78 11.52 -8.87 -0.16 12.02 -0.13 -6.22 5.10 7.69 -7.68 7.34 12.48 -0.00 -0.00 -0.00 2.00 -0.01 0.30 -0.01 -0.16 5.10 -0.01 -0.08 2.54 -0.00 -0.00 -0.00 0.00 0.01 0.69 0.02 0.05 9.28 0.01 0.03 4.70 -0.00 -0.00 -0.00 -2.00 0.05 1.25 0.15 0.51 13.90 0.10 0.26 7.15 -0.00 -0.00 -0.00 -4.00 0.02 0.34 0.04 0.40 5.61 0.03 0.20 2.80 4.12 3.86 -1.94 -11.38 -18.96 -77.22 -3.44 -4.78 -3.04 -1.25 4.30 4.17 -0.26 3.73 -0.24 0.55 1.51 -1.66 0.72 2.31 -2.52 0.00 0.00 -0.00 -2.00 -0.00 -0.08 0.00 -0.05 -1.58 0.00 -0.03 -0.78 0.00 0.00 -0.00 0.00 0.00 -0.09 0.00 0.00 -1.85 0.00 0.00 -0.91 0.00 0.00 -0.00 2.00 0.01 -0.16 -0.00 0.11 -3.11 -0.00 0.05 -1.54 0.00 0.00 -0.00 4.00 0.01 -0.10 -0.00 0.15 -2.11 -0.00 0.07 -1.04
-58.3714 -0.1249 -60.8574 103.64 0.10 -0.02 0.92 1.88 -0.30 0.71 1.10 0.01 1.04 -3.23 0.23 -0.00 -0.00 0.00 2.37 2.67 -0.00 1.05 0.58 0.01 -0.73 -3.45 0.00 -0.00 0.00 -0.00 -0.56 -0.02 0.42 -0.54 -0.03 0.23 -0.59 -0.03 0.25 -0.59 -0.03 0.25 0.65 0.23 -0.99 0.56 0.19 -0.84 6.65 4.89 -6.03 -7.85 -22.49 83.72 9.95 -1.90 2.72 -1.33 12.08 -9.04 -0.18 12.25 -0.15 -6.29 5.15 7.31 -7.82 7.34 11.94 -0.00 0.00 0.00 2.00 -0.01 0.28 -0.01 -0.15 4.73 -0.01 -0.07 2.35 -0.00 0.00 0.00 0.00 0.00 0.59 0.01 0.04 8.34 0.00 0.02 4.21 -0.00 0.00 0.00 -2.00 0.04 1.13 0.12 0.47 13.03 0.08 0.24 6.67 -0.00 0.00 0.00 -4.00 0.02 0.33 0.04 0.39 5.48 0.03 0.19 2.73 4.52 4.13 -1.96 -9.95 -17.01 -78.77 -3.32 -4.54 -2.97 -1.14 4.30 4.26 -0.25 3.74 -0.24 0.50 1.51 -1.59 0.66 2.31 -2.41 -0.00 0.00 -0.00 -2.00 -0.00 -0.07 0.00 -0.05 -1.54 0.00 -0.03 -0.76 -0.00 0.00 -0.00 0.00 0.00 -0.09 0.00 0.00 -1.81 0.00 0.00 -0.89 -0.00 0.00 -0.00 2.00 0.01 -0.16 -0.00 0.11 -3.04 -0.00 0.05 -1.51 -0.00 0.00 -0.00 4.00 0.01 -0.10 -0.00 0.15 -2.07 -0.00 0.07 -1.02
-58.3178 -0.1275 -60.8552 103.67 0.10 -0.02 0.88 1.88 -0.30 0.76 1.15 0.01 1.00 -3.29 0.22 -0.00 -0.00 0.00 2.32 2.68 0.01 1.04 0.60 0.01 -0.70 -3.49 -0.01 -0.00 -0.00 -0.00 -0.59 -0.02 0.37 -0.58 -0.03 0.20 -0.63 -0.03 0.22 -0.63 -0.03 0.22 0.78 0.34 -0.93 0.66 0.29 -0.79 6.42 5.42 -6.01 -8.16 -20.75 84.54 9.55 -1.51 2.95 -1.82 12.43 -9.07 -0.20 12.44 -0.17 -6.40 5.19 6.94 -8.02 7.32 11.42 -0.00 0.00 0.00 2.00 -0.01 0.25 -0.01 -0.14 4.34 -0.01 -0.07 2.16 -0.00 0.00 0.00 0.00 0.00 0.50 0.00 0.02 7.45 -0.00 0.01 3.74 -0.00 0.00 0.00 -2.00 0.04 1.02 0.10 0.43 12.15 0.07 0.22 6.21 -0.00 0.00 0.00 -4.00 0.02 0.32 0.04 0.37 5.33 0.03 0.19 2.66 4.89 4.35 -1.95 -8.60 -15.13 -80.17 -3.20 -4.43 -2.91 -1.05 4.26 4.30 -0.25 3.68 -0.23 0.50 1.49 -1.55 0.66 2.26 -2.34 0.00 0.00 0.00 -2.00 -0.00 -0.07 0.00 -0.05 -1.51 0.00 -0.03 -0.74 0.00 0.00 0.00 0.00 0.00 -0.09 0.00 0.00 -1.77 0.00 0.00 -0.87 0.00 0.00 0.00 2.00 0.01 -0.16 -0.00 0.11 -2.98 -0.00 0.05 -1.48 0.00 0.00 0.00 4.00 0.01 -0.10 -0.00 0.14 -2.04 -0.00 0.07 -1.01
-58.2637 -0.1298 -60.8518 103.72 0.10 -0.01 0.84 1.89 -0.29 0.81 1.22 0.01 0.94 -3.36 0.21 -0.00 -0.00 0.00 2.26 2.69 0.02 1.03 0.63 0.01 -0.68 -3.53 -0.02 -0.00 -0.00 -0.00 -0.63 -0.02 0.33 -0.62 -0.03 0.17 -0.67 -0.03 0.19 -0.67 -0.03 0.19 0.91 0.45 -0.87 0.78 0.38 -0.74 6.19 5.88 -5.98 -8.26 -18.98 85.31 9.13 -1.28 3.11 -2.23 12.65 -8.84 -0.23 12.60 -0.19 -6.57 5.22 6.48 -8.33 7.28 10.78 0.00 -0.00 0.00 2.00 -0.01 0.22 -0.01 -0.12 3.89 -0.01 -0.06 1.93 0.00 -0.00 0.00 -0.00 0.00 0.42 -0.00 0.03 6.46 -0.00 0.01 3.23 0.00 -0.00 0.00 -2.00 0.03 0.89 0.08 0.40 11.12 0.06 0.20 5.66 0.00 -0.00 0.00 -4.00 0.02 0.31 0.03 0.36 5.20 0.03 0.18 2.59 5.22 4.51 -1.92 -7.33 -13.31 -81.40 -3.11 -4.40 -2.85 -0.96 4.18 4.32 -0.24 3.63 -0.23 0.50 1.47 -1.51 0.66 2.24 -2.29 -0.00 0.00 -0.00 -2.00 -0.00 -0.07 0.00 -0.05 -1.48 0.00 -0.03 -0.73 -0.00 0.00 -0.00 0.00 0.00 -0.08 0.00 0.00 -1.73 0.00 0.00 -0.85 -0.00 0.00 -0.00 2.00 0.01 -0.15 -0.00 0.10 -2.93 -0.00 0.05 -1.45 -0.00 0.00 -0.00 4.00 0.01 -0.10 -0.00 0.14 -2.02 -0.00 0.07 -1.00
-58.2090 -0.1320 -60.8456 103.78 0.11 -0.02 0.80 1.89 -0.27 0.86 1.29 0.01 0.87 -3.43 0.20 -0.00 -0.00 0.00 2.20 2.69 0.03 1.01 0.67 0.01 -0.66 -3.58 -0.03 -0.00 -0.00 -0.00 -0.65 -0.02 0.29 -0.65 -0.03 0.14 -0.70 -0.03 0.15 -0.70 -0.03 0.15 1.03 0.55 -0.81 0.88 0.47 -0.69 5.96 6.29 -5.93 -8.23 -17.28 86.01 8.72 -1.15 3.20 -2.60 12.81 -8.39 -0.26 12.70 -0.22 -6.73 5.22 6.09 -8.63 7.22 10.22 -0.00 -0.00 0.00 2.00 -0.01 0.19 -0.01 -0.11 3.50 -0.01 -0.05 1.74 -0.00 -0.00 0.00 0.00 0.00 0.35 0.00 0.03 5.63 -0.00 0.01 2.81 -0.00 -0.00 0.00 -2.00 0.03 0.79 0.07 0.38 10.24 0.05 0.19 5.20 -0.00 -0.00 0.00 -4.00 0.02 0.30 0.03 0.36 5.05 0.02 0.18 2.52 5.49 4.63 -1.86 -6.12 -11.53 -82.51 -3.03 -4.40 -2.79 -0.89 4.09 4.28 -0.24 3.60 -0.23 0.49 1.45 -1.50 0.64 2.21 -2.27 -0.00 -0.00 -0.00 -2.00 -0.00 -0.07 0.00 -0.05 -1.46 0.00 -0.02 -0.72 -0.00 -0.00 -0.00 0.00 0.00 -0.08 0.00 0.00 -1.67 0.00 0.00 -0.82 -0.00 -0.00 -0.00 2.00 0.01 -0.15 -0.00 0.10 -2.85 -0.00 0.05 -1.41 -0.00 -0.00 -0.00 4.00 0.01 -0.10 -0.00 0.14 -1.98 -0.00 0.07 -0.97
-58.1565 -0.1324 -60.8379 103.85 0.11 -0.02 0.77 1.89 -0.25 0.92 1.36 0.01 0.78 -3.51 0.18 -0.00 -0.00 0.00 2.15 2.69 0.06 0.97 0.72 0.01 -0.64 -3.62 -0.05 -0.00 0.00 -0.00 -0.67 -0.02 0.24 -0.68 -0.03 0.11 -0.73 -0.03 0.12 -0.73 -0.03 0.12 1.14 0.63 -0.75 0.97 0.54 -0.64 5.72 6.66 -5.86 -8.13 -15.69 86.67 8.32 -1.06 3.26 -2.93 12.95 -7.80 -0.28 12.75 -0.24 -6.84 5.21 5.70 -8.86 7.15 9.66 -0.00 -0.00 0.00 2.00 -0.01 0.17 -0.01 -0.10 3.15 -0.00 -0.05 1.56 -0.00 -0.00 0.00 0.00 0.00 0.29 0.00 0.02 4.87 0.00 0.01 2.43 -0.00 -0.00 0.00 -2.00 0.03 0.70 0.06 0.34 9.41 0.04 0.17 4.76 -0.00 -0.00 0.00 -4.00 0.02 0.29 0.03 0.35 4.91 0.02 0.17 2.45 5.71 4.71 -1.79 -5.06 -9.84 -83.48 -2.95 -4.44 -2.73 -0.83 3.99 4.19 -0.24 3.56 -0.23 0.47 1.44 -1.49 0.62 2.19 -2.25 -0.00 0.00 0.00 -2.00 -0.00 -0.07 0.00 -0.05 -1.44 0.00 -0.02 -0.71 -0.00 0.00 0.00 0.00 0.00 -0.08 0.00 0.00 -1.62 0.00 0.00 -0.80 -0.00 0.00 0.00 2.00 0.01 -0.14 -0.00 0.10 -2.78 -0.00 0.05 -1.37 -0.00 0.00 0.00 4.00 0.01 -0.10 -0.00 0.14 -1.94 -0.00 0.07 -0.96
-58.1088 -0.1324 -60.8282 103.93 0.11 -0.03 0.74 1.89 -0.22 0.97 1.44 0.01 0.68 -3.58 0.16 -0.00 -0.00 0.00 2.11 2.68 0.08 0.91 0.77 0.01 -0.62 -3.67 -0.06 -0.00 0.00 -0.00 -0.68 -0.02 0.20 -0.69 -0.03 0.08 -0.75 -0.03 0.08 -0.75 -0.03 0.08 1.22 0.70 -0.70 1.04 0.60 -0.59 5.47 6.99 -5.78 -8.00 -14.25 87.28 7.94 -0.98 3.28 -3.22 13.09 -7.14 -0.30 12.79 -0.25 -6.97 5.20 5.40 -9.11 7.08 9.24 0.00 0.00 -0.00 2.00 -0.00 0.15 -0.00 -0.10 2.88 -0.00 -0.05 1.43 0.00 0.00 -0.00 0.00 0.00 0.24 0.00 0.01 4.28 0.00 0.01 2.13 0.00 0.00 -0.00 -2.00 0.02 0.63 0.05 0.31 8.76 0.04 0.16 4.42 0.00 0.00 -0.00 -4.00 0.02 0.28 0.03 0.34 4.80 0.02 0.17 2.39 5.87 4.78 -1.70 -4.15 -8.30 -84.33 -2.86 -4.49 -2.66 -0.78 3.88 4.06 -0.25 3.53 -0.23 0.45 1.43 -1.48 0.60 2.17 -2.24 -0.00 0.00 0.00 -2.00 -0.00 -0.07 0.00 -0.05 -1.43 0.00 -0.02 -0.70 -0.00 0.00 0.00 0.00 0.00 -0.08 0.00 0.00 -1.57 0.00 0.00 -0.78 -0.00 0.00 0.00 2.00 0.00 -0.14 -0.00 0.10 -2.71 -0.00 0.05 -1.34 -0.00 0.00 0.00 4.00 0.01 -0.09 -0.00 0.13 -1.90 -0.00 0.07 -0.94
-58.0661 -0.1331 -60.8177 104.01 0.11 -0.04 0.71 1.88 -0.19 1.02 1.51 0.01 0.57 -3.65 0.15 -0.00 -0.00 0.00 2.07 2.66 0.10 0.85 0.83 0.01 -0.60 -3.71 -0.08 -0.00 0.00 -0.00 -0.68 -0.02 0.15 -0.70 -0.03 0.05 -0.75 -0.03 0.05 -0.75 -0.03 0.05 1.26 0.77 -0.64 1.07 0.66 -0.55 5.21 7.26 -5.68 -7.83 -12.87 87.88 7.56 -0.89 3.26 -3.42 13.18 -6.47 -0.32 12.86 -0.27 -7.10 5.20 5.11 -9.34 7.04 8.83 -0.00 0.00 0.00 2.00 -0.00 0.14 -0.00 -0.09 2.64 -0.00 -0.04 1.30 -0.00 0.00 0.00 0.00 0.00 0.21 0.00 0.01 3.79 0.00 0.00 1.88 -0.00 0.00 0.00 -2.00 0.02 0.57 0.05 0.29 8.22 0.03 0.15 4.14 -0.00 0.00 0.00 -4.00 0.02 0.27 0.03 0.33 4.71 0.02 0.16 2.34 5.97 4.85 -1.59 -3.39 -6.92 -85.10 -2.79 -4.56 -2.56 -0.75 3.76 3.89 -0.25 3.51 -0.24 0.44 1.42 -1.47 0.57 2.16 -2.22 -0.00 0.00 -0.00 -2.00 -0.00 -0.07 0.00 -0.05 -1.42 0.00 -0.02 -0.70 -0.00 0.00 -0.00 0.00 0.00 -0.07 0.00 0.00 -1.54 0.00 0.00 -0.76 -0.00 0.00 -0.00 2.00 0.00 -0.14 -0.00 0.09 -2.68 -0.00 0.05 -1.32 -0.00 0.00 -0.00 4.00 0.01 -0.09 -0.00 0.13 -1.88 -0.00 0.06 -0.92
-58.0296 -0.1329 -60.8079 104.09 0.11 -0.05 0.69 1.88 -0.17 1.07 1.57 0.01 0.46 -3.71 0.14 -0.00 -0.00 0.00 2.03 2.65 0.13 0.80 0.87 0.01 -0.59 -3.74 -0.09 -0.00 0.00 0.00 -0.68 -0.02 0.10 -0.69 -0.03 0.03 -0.75 -0.03 0.03 -0.75 -0.03 0.03 1.28 0.84 -0.59 1.09 0.71 -0.50 4.97 7.47 -5.57 -7.62 -11.60 88.46 7.18 -0.80 3.21 -3.54 13.23 -5.85 -0.33 12.96 -0.27 -7.24 5.22 4.91 -9.57 7.03 8.56 0.00 0.00 -0.00 2.00 -0.00 0.12 -0.00 -0.08 2.43 -0.00 -0.04 1.20 0.00 0.00 -0.00 0.00 0.00 0.19 0.00 0.00 3.45 0.00 0.00 1.71 0.00 0.00 -0.00 -2.00 0.02 0.54 0.04 0.28 7.84 0.03 0.14 3.94 0.00 0.00 -0.00 -4.00 0.02 0.27 0.03 0.32 4.64 0.02 0.16 2.31 6.04 4.90 -1.46 -2.70 -5.67 -85.83 -2.74 -4.64 -2.45 -0.73 3.63 3.69 -0.25 3.50 -0.23 0.42 1.41 -1.44 0.55 2.15 -2.18 0.00 0.00 -0.00 -2.00 -0.00 -0.07 0.00 -0.05 -1.42 0.00 -0.02 -0.70 0.00 0.00 -0.00 0.00 0.00 -0.07 0.00 0.00 -1.52 0.00 0.00 -0.75 0.00 0.00 -0.00 2.00 0.00 -0.14 -0.00 0.09 -2.67 -0.00 0.05 -1.32 0.00 0.00 -0.00 4.00 0.01 -0.09 -0.00 0.13 -1.87 -0.00 0.06 -0.92
-57.9979 -0.1330 -60.7993 104.17 0.12 -0.05 0.68 1.87 -0.15 1.13 1.63 0.02 0.34 -3.77 0.13 -0.00 -0.00 0.00 1.99 2.64 0.14 0.75 0.91 0.01 -0.58 -3.76 -0.10 -0.00 0.00 -0.00 -0.66 -0.02 0.06 -0.69 -0.03 0.01 -0.74 -0.03 0.01 -0.74 -0.03 0.01 1.29 0.90 -0.54 1.10 0.76 -0.46 4.76 7.63 -5.46 -7.39 -10.44 89.01 6.82 -0.70 3.13 -3.59 13.22 -5.28 -0.33 13.07 -0.28 -7.34 5.24 4.75 -9.74 7.04 8.35 -0.00 -0.00 0.00 2.00 -0.00 0.11 -0.00 -0.08 2.28 -0.00 -0.04 1.12 -0.00 -0.00 0.00 0.00 0.00 0.17 0.00 0.00 3.22 0.00 0.00 1.60 -0.00 -0.00 0.00 -2.00 0.02 0.51 0.04 0.26 7.59 0.03 0.13 3.82 -0.00 -0.00 0.00 -4.00 0.02 0.27 0.03 0.32 4.60 0.02 0.16 2.29 6.09 4.96 -1.32 -2.06 -4.56 -86.53 -2.69 -4.71 -2.33 -0.73 3.51 3.48 -0.24 3.49 -0.23 0.40 1.41 -1.41 0.53 2.14 -2.13 -0.00 -0.00 -0.00 -2.00 -0.00 -0.07 0.00 -0.05 -1.41 0.00 -0.02 -0.70 -0.00 -0.00 -0.00 0.00 0.00 -0.07 0.00 0.00 -1.51 0.00 0.00 -0.75 -0.00 -0.00 -0.00 2.00 0.00 -0.14 -0.00 0.09 -2.67 -0.00 0.05 -1.32 -0.00 -0.00 -0.00 4.00 0.01 -0.09 -0.00 0.13 -1.87 -0.00 0.06 -0.92
-57.9696 -0.1332 -60.7926 104.24 0.12 -0.05 0.66 1.87 -0.14 1.17 1.67 0.02 0.24 -3.81 0.12 -0.00 -0.00 0.00 1.94 2.63 0.15 0.72 0.93 0.01 -0.57 -3.79 -0.11 -0.00 0.00 0.00 -0.65 -0.02 0.02 -0.69 -0.02 -0.01 -0.74 -0.03 -0.01 -0.74 -0.03 -0.01 1.30 0.95 -0.49 1.10 0.81 -0.42 4.60 7.72 -5.35 -7.16 -9.39 89.51 6.51 -0.60 3.02 -3.57 13.18 -4.77 -0.34 13.18 -0.28 -7.44 5.28 4.67 -9.89 7.05 8.25 0.00 0.00 0.00 2.00 -0.00 0.11 -0.00 -0.08 2.19 -0.00 -0.04 1.08 0.00 0.00 0.00 0.00 0.00 0.16 0.00 0.00 3.09 0.00 0.00 1.53 0.00 0.00 0.00 -2.00 0.02 0.50 0.04 0.26 7.43 0.03 0.13 3.73 0.00 0.00 0.00 -4.00 0.02 0.26 0.03 0.32 4.59 0.02 0.16 2.28 6.14 5.01 -1.17 -1.50 -3.62 -87.18 -2.65 -4.74 -2.21 -0.76 3.40 3.27 -0.24 3.49 -0.23 0.38 1.41 -1.37 0.50 2.14 -2.08 -0.00 0.00 -0.00 -2.00 -0.00 -0.07 0.00 -0.05 -1.41 0.00 -0.02 -0.69 -0.00 0.00 -0.00 0.00 -0.00 -0.07 0.00 0.00 -1.50 0.00 0.00 -0.74 -0.00 0.00 -0.00 2.00 0.00 -0.14 -0.00 0.09 -2.69 -0.00 0.05 -1.33 -0.00 0.00 -0.00 4.00 0.01 -0.09 -0.00 0.13 -1.88 -0.00 0.06 -0.93
-57.9444 -0.1336 -60.7875 104.30 0.12 -0.05 0.65 1.88 -0.13 1.22 1.71 0.02 0.15 -3.85 0.11 -0.00 -0.00 0.00 1.90 2.62 0.16 0.69 0.95 0.01 -0.56 -3.80 -0.12 -0.00 -0.00 -0.00 -0.65 -0.02 -0.01 -0.68 -0.02 -0.02 -0.74 -0.03 -0.02 -0.74 -0.03 -0.02 1.30 1.00 -0.45 1.11 0.85 -0.39 4.49 7.76 -5.23 -6.94 -8.43 90.00 6.23 -0.49 2.87 -3.50 13.16 -4.27 -0.34 13.27 -0.28 -7.55 5.30 4.58 -10.06 7.06 8.14 -0.00 0.00 0.00 2.00 -0.00 0.10 -0.00 -0.07 2.10 -0.00 -0.04 1.04 -0.00 0.00 0.00 0.00 0.00 0.15 0.00 0.00 2.94 0.00 0.00 1.45 -0.00 0.00 0.00 -2.00 0.02 0.48 0.03 0.25 7.26 0.03 0.13 3.65 -0.00 0.00 0.00 -4.00 0.02 0.26 0.03 0.32 4.57 0.02 0.16 2.28 6.20 5.05 -1.00 -0.99 -2.82 -87.80 -2.61 -4.72 -2.09 -0.82 3.30 3.03 -0.24 3.35 -0.23 0.29 1.35 -1.26 0.36 2.05 -1.90 0.00 -0.00 0.00 -2.00 -0.00 -0.07 0.00 -0.05 -1.41 0.00 -0.02 -0.70 0.00 -0.00 0.00 -0.00 0.00 -0.07 0.00 0.00 -1.49 0.00 0.00 -0.73 0.00 -0.00 0.00 2.00 0.00 -0.14 -0.00 0.09 -2.70 -0.00 0.05 -1.34 0.00 -0.00 0.00 4.00 0.01 -0.09 -0.00 0.13 -1.89 -0.00 0.07 -0.93
-57.9217 -0.1345 -60.7821 104.36 0.12 -0.05 0.64 1.88 -0.12 1.25 1.73 0.02 0.07 -3.88 0.11 -0.00 -0.00 0.00 1.87 2.62 0.17 0.66 0.97 0.01 -0.55 -3.82 -0.12 -0.00 0.00 0.00 -0.64 -0.02 -0.04 -0.68 -0.02 -0.03 -0.73 -0.02 -0.03 -0.73 -0.02 -0.03 1.32 1.05 -0.42 1.12 0.89 -0.36 4.41 7.75 -5.10 -6.74 -7.59 90.47 5.98 -0.38 2.70 -3.40 13.15 -3.77 -0.34 13.32 -0.29 -7.63 5.31 4.50 -10.19 7.06 8.05 -0.00 0.00 0.00 2.00 -0.00 0.10 -0.00 -0.07 2.01 -0.00 -0.03 0.99 -0.00 0.00 0.00 0.00 0.00 0.15 0.00 0.00 2.80 0.00 0.00 1.39 -0.00 0.00 0.00 -2.00 0.02 0.47 0.03 0.25 7.10 0.02 0.12 3.56 -0.00 0.00 0.00 -4.00 0.02 0.26 0.03 0.32 4.54 0.02 0.16 2.26 6.26 5.10 -0.83 -0.56 -2.18 -88.39 -2.53 -4.64 -1.93 -0.93 3.11 2.74 -0.22 3.21 -0.21 0.16 1.29 -1.01 0.19 1.95 -1.53 0.00 -0.00 -0.00 -2.00 -0.00 -0.06 0.00 -0.05 -1.36 0.00 -0.02 -0.67 0.00 -0.00 -0.00 0.00 0.00 -0.07 0.00 0.00 -1.43 0.00 0.00 -0.70 0.00 -0.00 -0.00 2.00 0.00 -0.14 -0.00 0.10 -2.73 -0.00 0.05 -1.35 0.00 -0.00 -0.00 4.00 0.01 -0.09 -0.00 0.13 -1.92 -0.00 0.07 -0.95
-57.9043 -0.1355 -60.7771 104.40 0.12 -0.05 0.63 1.89 -0.12 1.28 1.74 0.02 0.01 -3.90 0.10 -0.00 -0.00 0.00 1.83 2.62 0.17 0.64 0.98 0.01 -0.53 -3.83 -0.13 -0.00 0.00 0.00 -0.63 -0.02 -0.06 -0.68 -0.02 -0.03 -0.73 -0.02 -0.03 -0.73 -0.02 -0.03 1.32 1.08 -0.39 1.13 0.92 -0.34 4.36 7.72 -4.98 -6.57 -6.88 90.90 5.75 -0.29 2.51 -3.31 13.17 -3.29 -0.35 13.37 -0.29 -7.71 5.32 4.46 -10.31 7.05 8.00 -0.00 0.00 0.00 2.00 -0.00 0.10 -0.00 -0.07 1.95 -0.00 -0.03 0.96 -0.00 0.00 0.00 0.00 0.00 0.14 0.00 0.00 2.69 0.00 0.00 1.33 -0.00 0.00 0.00 -2.00 0.02 0.46 0.03 0.24 6.97 0.02 0.12 3.49 -0.00 0.00 0.00 -4.00 0.02 0.26 0.03 0.32 4.53 0.02 0.16 2.25 6.31 5.15 -0.67 -0.22 -1.69 -88.92 -2.42 -4.54 -1.76 -1.05 2.84 2.45 -0.20 3.20 -0.19 0.10 1.28 -0.86 0.10 1.94 -1.30 -0.00 0.00 0.00 -2.00 -0.00 -0.06 0.00 -0.05 -1.31 0.00 -0.02 -0.65 -0.00 0.00 0.00 0.00 0.00 -0.07 0.00 0.00 -1.38 0.00 0.00 -0.68 -0.00 0.00 0.00 2.00 0.01 -0.14 -0.01 0.10 -2.78 -0.00 0.05 -1.38 -0.00 0.00 0.00 4.00 0.01 -0.10 -0.01 0.14 -1.97 -0.00 0.07 -0.97
-57.8916 -0.1364 -60.7712 104.44 0.12 -0.05 0.61 1.90 -0.11 1.29 1.75 0.02 -0.03 -3.92 0.09 -0.00 -0.00 0.00 1.79 2.61 0.17 0.62 1.00 0.01 -0.51 -3.84 -0.13 -0.00 -0.00 -0.00 -0.62 -0.02 -0.07 -0.67 -0.02 -0.04 -0.72 -0.02 -0.04 -0.72 -0.02 -0.04 1.33 1.11 -0.37 1.13 0.95 -0.32 4.34 7.65 -4.83 -6.44 -6.29 91.26 5.53 -0.23 2.32 -3.21 13.20 -2.86 -0.35 13.41 -0.29 -7.77 5.33 4.42 -10.41 7.05 7.95 0.00 0.00 0.00 2.00 -0.00 0.09 -0.00 -0.07 1.87 -0.00 -0.03 0.92 0.00 0.00 0.00 0.00 0.00 0.13 0.00 0.00 2.58 0.00 0.00 1.27 0.00 0.00 0.00 -2.00 0.02 0.45 0.03 0.24 6.84 0.02 0.12 3.43 0.00 0.00 0.00 -4.00 0.02 0.26 0.03 0.31 4.52 0.02 0.16 2.25 6.34 5.21 -0.56 0.01 -1.34 -89.38 -2.27 -4.49 -1.54 -1.18 2.57 2.18 -0.18 3.21 -0.17 0.09 1.29 -0.78 0.10 1.94 -1.18 -0.00 -0.00 0.00 -2.00 -0.00 -0.06 0.00 -0.04 -1.29 0.00 -0.02 -0.63 -0.00 -0.00 0.00 0.00 0.00 -0.06 0.00 0.00 -1.35 0.00 0.00 -0.67 -0.00 -0.00 0.00 2.00 0.01 -0.15 -0.01 0.10 -2.82 -0.00 0.05 -1.39 -0.00 -0.00 0.00 4.00 0.01 -0.10 -0.01 0.14 -2.00 -0.00 0.07 -0.99
-57.8845 -0.1367 -60.7663 104.46 0.12 -0.04 0.60 1.90 -0.11 1.31 1.75 0.02 -0.06 -3.92 0.09 -0.00 -0.00 0.00 1.74 2.60 0.17 0.60 1.02 0.01 -0.47 -3.85 -0.14 -0.00 -0.00 0.00 -0.60 -0.02 -0.08 -0.66 -0.02 -0.04 -0.71 -0.02 -0.04 -0.71 -0.02 -0.04 1.33 1.13 -0.35 1.13 0.96 -0.30 4.34 7.56 -4.66 -6.35 -5.82 91.58 5.32 -0.20 2.11 -3.12 13.24 -2.46 -0.35 13.45 -0.29 -7.81 5.35 4.41 -10.46 7.06 7.95 0.00 -0.00 0.00 2.00 -0.00 0.09 -0.00 -0.06 1.75 -0.00 -0.03 0.86 0.00 -0.00 0.00 0.00 0.00 0.13 0.00 0.00 2.47 0.00 0.00 1.22 0.00 -0.00 0.00 -2.00 0.02 0.44 0.03 0.23 6.77 0.02 0.12 3.39 0.00 -0.00 0.00 -4.00 0.02 0.26 0.03 0.31 4.52 0.02 0.16 2.25 6.33 5.27 -0.50 0.17 -1.12 -89.74 -2.11 -4.46 -1.28 -1.29 2.37 1.95 -0.17 3.21 -0.16 0.10 1.29 -0.76 0.11 1.94 -1.15 0.00 0.00 -0.00 -2.00 -0.00 -0.06 0.00 -0.04 -1.29 0.00 -0.02 -0.63 0.00 0.00 -0.00 0.00 0.00 -0.06 0.00 0.00 -1.35 0.00 0.00 -0.66 0.00 0.00 -0.00 2.00 0.01 -0.15 -0.01 0.10 -2.83 -0.00 0.05 -1.40 0.00 0.00 -0.00 4.00 0.01 -0.10 -0.01 0.14 -2.03 -0.00 0.07 -1.00
-57.8833 -0.1372 -60.7624 104.48 0.12 -0.04 0.59 1.90 -0.11 1.33 1.75 0.02 -0.09 -3.93 0.09 -0.00 -0.00 0.00 1.69 2.59 0.17 0.58 1.04 0.01 -0.42 -3.86 -0.14 -0.00 -0.00 0.00 -0.59 -0.02 -0.08 -0.64 -0.02 -0.04 -0.69 -0.02 -0.05 -0.69 -0.02 -0.05 1.33 1.13 -0.33 1.13 0.97 -0.28 4.37 7.47 -4.48 -6.32 -5.49 91.84 5.13 -0.18 1.88 -3.04 13.29 -2.11 -0.35 13.48 -0.29 -7.83 5.36 4.42 -10.47 7.08 7.98 -0.00 -0.00 0.00 2.00 -0.00 0.08 -0.00 -0.06 1.66 -0.00 -0.03 0.82 -0.00 -0.00 0.00 0.00 -0.00 0.12 0.00 -0.00 2.40 0.00 -0.00 1.19 -0.00 -0.00 0.00 -2.00 0.02 0.44 0.03 0.23 6.74 0.02 0.12 3.38 -0.00 -0.00 0.00 -4.00 0.02 0.26 0.03 0.32 4.53 0.02 0.16 2.25 6.29 5.36 -0.51 0.30 -1.05 -89.95 -1.93 -4.35 -0.98 -1.36 2.36 1.71 -0.18 3.28 -0.17 0.10 1.32 -0.80 0.11 1.98 -1.20 -0.00 0.00 -0.00 -2.00 -0.00 -0.06 0.00 -0.05 -1.29 0.00 -0.02 -0.64 -0.00 0.00 -0.00 0.00 0.00 -0.06 -0.00 -0.00 -1.34 -0.00 0.00 -0.66 -0.00 0.00 -0.00 2.00 0.01 -0.15 -0.01 0.10 -2.82 -0.00 0.05 -1.39 -0.00 0.00 -0.00 4.00 0.01 -0.10 -0.01 0.14 -2.04 -0.00 0.07 -1.01
-57.8859 -0.1372 -60.7592 104.50 0.13 -0.04 0.56 1.90 -0.11 1.36 1.76 0.02 -0.10 -3.93 0.09 -0.00 -0.00 0.00 1.65 2.57 0.17 0.55 1.06 0.01 -0.37 -3.86 -0.14 -0.00 -0.00 -0.00 -0.57 -0.02 -0.09 -0.63 -0.02 -0.04 -0.68 -0.02 -0.05 -0.68 -0.02 -0.05 1.32 1.13 -0.31 1.13 0.96 -0.27 4.43 7.39 -4.26 -6.34 -5.28 92.03 4.97 -0.18 1.64 -2.95 13.36 -1.81 -0.35 13.50 -0.29 -7.82 5.37 4.44 -10.46 7.09 8.01 -0.00 0.00 -0.00 2.00 -0.00 0.08 -0.00 -0.06 1.59 -0.00 -0.03 0.78 -0.00 0.00 -0.00 0.00 -0.00 0.12 0.00 -0.00 2.36 0.00 -0.00 1.17 -0.00 0.00 -0.00 -2.00 0.02 0.43 0.03 0.23 6.71 0.02 0.12 3.36 -0.00 0.00 -0.00 -4.00 0.02 0.26 0.03 0.32 4.54 0.02 0.16 2.26 6.24 5.46 -0.58 0.46 -1.14 -90.01 -1.72 -4.14 -0.66 -1.39 2.57 1.48 -0.20 3.30 -0.19 0.08 1.32 -0.84 0.07 2.00 -1.26 0.00 -0.00 0.00 -2.00 -0.00 -0.06 0.00 -0.04 -1.28 0.00 -0.02 -0.63 0.00 -0.00 0.00 -0.00 0.00 -0.06 -0.00 -0.00 -1.31 -0.00 0.00 -0.65 0.00 -0.00 0.00 2.00 0.01 -0.14 -0.01 0.10 -2.78 -0.00 0.05 -1.38 0.00 -0.00 0.00 4.00 0.01 -0.10 -0.01 0.14 -2.05 -0.00 0.07 -1.01
-57.8910 -0.1368 -60.7570 104.51 0.13 -0.04 0.53 1.89 -0.11 1.40 1.78 0.02 -0.12 -3.94 0.09 -0.00 -0.00 0.00 1.61 2.55 0.17 0.51 1.08 0.00 -0.30 -3.87 -0.14 -0.00 -0.00 -0.00 -0.56 -0.02 -0.08 -0.61 -0.02 -0.04 -0.66 -0.02 -0.05 -0.66 -0.02 -0.05 1.31 1.12 -0.29 1.12 0.95 -0.25 4.56 7.33 -3.97 -6.45 -5.20 92.09 4.82 -0.18 1.40 -2.84 13.46 -1.53 -0.35 13.48 -0.29 -7.81 5.36 4.45 -10.44 7.08 8.03 0.00 0.00 0.00 2.00 -0.00 0.07 -0.00 -0.05 1.55 -0.00 -0.03 0.76 0.00 0.00 0.00 0.00 -0.00 0.12 0.00 -0.00 2.32 0.00 -0.00 1.15 0.00 0.00 0.00 -2.00 0.01 0.43 0.03 0.23 6.67 0.02 0.11 3.34 0.00 0.00 0.00 -4.00 0.02 0.26 0.03 0.32 4.56 0.02 0.16 2.27 6.15 5.65 -0.75 0.66 -1.42 -89.88 -1.49 -3.79 -0.33 -1.39 2.97 1.26 -0.22 3.27 -0.21 0.02 1.31 -0.84 -0.02 1.98 -1.27 0.00 0.00 0.00 -2.00 -0.00 -0.06 0.00 -0.04 -1.26 0.00 -0.02 -0.62 0.00 0.00 0.00 -0.00 -0.00 -0.06 -0.00 -0.00 -1.29 -0.00 -0.00 -0.63 0.00 0.00 0.00 2.00 0.00 -0.14 -0.01 0.10 -2.74 -0.00 0.05 -1.35 0.00 0.00 0.00 4.00 0.01 -0.10 -0.01 0.14 -2.06 -0.00 0.07 -1.02
-57.8958 -0.1369 -60.7541 104.53 0.13 -0.04 0.50 1.87 -0.11 1.44 1.80 0.02 -0.15 -3.95 0.09 -0.00 -0.00 0.00 1.57 2.54 0.17 0.46 1.09 0.00 -0.22 -3.87 -0.14 -0.00 -0.00 -0.00 -0.54 -0.02 -0.08 -0.59 -0.02 -0.04 -0.64 -0.02 -0.05 -0.64 -0.02 -0.05 1.28 1.09 -0.28 1.09 0.93 -0.24 4.70 7.31 -3.67 -6.59 -5.29 92.04 4.68 -0.24 1.15 -2.70 13.63 -1.27 -0.35 13.42 -0.29 -7.78 5.34 4.48 -10.39 7.06 8.06 -0.00 -0.00 -0.00 2.00 -0.00 0.07 -0.00 -0.05 1.54 -0.00 -0.03 0.76 -0.00 -0.00 -0.00 -0.00 0.00 0.12 -0.00 0.00 2.35 -0.00 0.00 1.16 -0.00 -0.00 -0.00 -2.00 0.01 0.42 0.03 0.23 6.60 0.02 0.11 3.31 -0.00 -0.00 -0.00 -4.00 0.02 0.27 0.03 0.32 4.60 0.02 0.16 2.29 6.03 5.91 -1.01 0.94 -1.87 -89.58 -1.26 -3.27 0.01 -1.38 3.52 1.04 -0.23 3.23 -0.22 -0.05 1.29 -0.83 -0.11 1.95 -1.24 -0.00 -0.00 -0.00 -2.00 -0.00 -0.06 0.00 -0.04 -1.23 0.00 -0.02 -0.60 -0.00 -0.00 -0.00 -0.00 -0.00 -0.06 -0.00 -0.00 -1.25 -0.00 -0.00 -0.61 -0.00 -0.00 -0.00 2.00 0.00 -0.14 -0.01 0.09 -2.67 -0.00 0.05 -1.32 -0.00 -0.00 -0.00 4.00 0.01 -0.10 -0.01 0.15 -2.08 -0.00 0.07 -1.03
-57.8997 -0.1365 -60.7512 104.54 0.13 -0.04 0.46 1.86 -0.11 1.49 1.82 0.02 -0.18 -3.96 0.08 -0.00 -0.00 0.00 1.54 2.53 0.17 0.40 1.10 0.00 -0.14 -3.87 -0.15 -0.00 -0.00 0.00 -0.51 -0.02 -0.08 -0.56 -0.02 -0.04 -0.61 -0.02 -0.04 -0.61 -0.02 -0.04 1.23 1.06 -0.27 1.05 0.91 -0.23 4.85 7.32 -3.36 -6.78 -5.54 91.88 4.53 -0.33 0.91 -2.55 13.86 -1.05 -0.35 13.37 -0.29 -7.72 5.33 4.50 -10.31 7.06 8.06 0.00 -0.00 0.00 2.00 -0.00 0.07 -0.00 -0.05 1.56 -0.00 -0.03 0.77 0.00 -0.00 0.00 -0.00 0.00 0.12 -0.00 0.00 2.42 -0.00 0.00 1.19 0.00 -0.00 0.00 -2.00 0.01 0.42 0.03 0.23 6.56 0.02 0.11 3.28 0.00 -0.00 0.00 -4.00 0.02 0.27 0.03 0.32 4.64 0.02 0.16 2.31 5.88 6.21 -1.30 1.39 -2.54 -89.08 -1.00 -2.47 0.36 -1.39 4.27 0.87 -0.25 3.24 -0.24 -0.10 1.30 -0.82 -0.19 1.96 -1.23 -0.00 0.00 0.00 -2.00 -0.00 -0.06 0.00 -0.04 -1.21 0.00 -0.02 -0.60 -0.00 0.00 0.00 -0.00 -0.00 -0.06 -0.00 -0.00 -1.22 -0.00 -0.00 -0.60 -0.00 0.00 0.00 2.00 0.00 -0.13 -0.01 0.09 -2.62 -0.00 0.05 -1.30 -0.00 0.00 0.00 4.00 0.01 -0.10 -0.01 0.15 -2.08 -0.00 0.07 -1.03
-57.9034 -0.1352 -60.7495 104.55 0.14 -0.04 0.43 1.85 -0.11 1.55 1.84 0.02 -0.22 -3.96 0.08 -0.00 -0.00 0.00 1.51 2.52 0.17 0.33 1.11 0.00 -0.06 -3.87 -0.15 -0.00 -0.00 0.00 -0.48 -0.02 -0.07 -0.53 -0.02 -0.04 -0.57 -0.02 -0.04 -0.57 -0.02 -0.04 1.16 1.03 -0.26 0.99 0.88 -0.23 4.98 7.34 -3.10 -7.01 -5.91 91.63 4.36 -0.43 0.68 -2.40 14.12 -0.91 -0.34 13.33 -0.28 -7.63 5.32 4.55 -10.18 7.07 8.13 -0.00 0.00 -0.00 2.00 -0.00 0.08 -0.00 -0.06 1.61 -0.00 -0.03 0.79 -0.00 0.00 -0.00 -0.00 0.00 0.13 -0.00 0.00 2.52 -0.00 0.00 1.25 -0.00 0.00 -0.00 -2.00 0.01 0.42 0.03 0.23 6.58 0.02 0.11 3.30 -0.00 0.00 -0.00 -4.00 0.02 0.27 0.03 0.33 4.68 0.02 0.16 2.33 5.69 6.53 -1.61 2.00 -3.35 -88.43 -0.75 -1.48 0.72 -1.45 5.14 0.77 -0.26 3.32 -0.25 -0.12 1.33 -0.85 -0.23 2.01 -1.26 0.00 -0.00 -0.00 -2.00 -0.00 -0.06 0.00 -0.04 -1.24 0.00 -0.02 -0.61 0.00 -0.00 -0.00 0.00 0.00 -0.06 0.00 0.00 -1.24 0.00 0.00 -0.61 0.00 -0.00 -0.00 2.00 0.00 -0.14 -0.00 0.09 -2.63 -0.00 0.05 -1.30 0.00 -0.00 -0.00 4.00 0.01 -0.11 -0.01 0.15 -2.12 -0.00 0.07 -1.04
-57.9065 -0.1352 -60.7476 104.56 0.14 -0.04 0.41 1.83 -0.11 1.62 1.85 0.03 -0.27 -3.97 0.08 -0.00 -0.00 0.00 1.49 2.51 0.17 0.26 1.11 0.00 0.02 -3.87 -0.15 -0.00 -0.00 0.00 -0.44 -0.02 -0.07 -0.48 -0.02 -0.03 -0.52 -0.02 -0.04 -0.52 -0.02 -0.04 1.05 1.01 -0.26 0.89 0.86 -0.22 5.09 7.37 -2.90 -7.36 -6.35 91.33 4.16 -0.49 0.49 -2.28 14.40 -0.87 -0.34 13.30 -0.28 -7.51 5.31 4.57 -10.00 7.09 8.13 0.00 -0.00 -0.00 2.00 -0.00 0.08 -0.00 -0.06 1.65 -0.00 -0.03 0.81 0.00 -0.00 -0.00 -0.00 0.00 0.13 -0.00 0.00 2.61 -0.00 0.00 1.29 0.00 -0.00 -0.00 -2.00 0.01 0.42 0.03 0.23 6.60 0.02 0.11 3.31 0.00 -0.00 -0.00 -4.00 0.02 0.27 0.03 0.33 4.71 0.02 0.16 2.34 5.47 6.82 -1.88 2.72 -4.23 -87.70 -0.53 -0.44 1.06 -1.56 6.04 0.74 -0.26 3.44 -0.25 -0.12 1.38 -0.87 -0.22 2.08 -1.30 0.00 -0.00 0.00 -2.00 -0.00 -0.06 0.00 -0.04 -1.26 0.00 -0.02 -0.62 0.00 -0.00 0.00 0.00 0.00 -0.06 0.00 0.00 -1.25 0.00 0.00 -0.62 0.00 -0.00 0.00 2.00 0.00 -0.13 -0.00 0.09 -2.62 -0.00 0.05 -1.29 0.00 -0.00 0.00 4.00 0.01 -0.11 -0.01 0.15 -2.12 -0.00 0.07 -1.05
-57.9096 -0.1358 -60.7458 104.57 0.14 -0.03 0.39 1.83 -0.11 1.69 1.86 0.03 -0.33 -3.97 0.08 -0.00 -0.00 0.00 1.48 2.50 0.16 0.19 1.12 0.00 0.10 -3.87 -0.15 -0.00 -0.00 0.00 -0.39 -0.02 -0.07 -0.42 -0.02 -0.03 -0.45 -0.02 -0.03 -0.45 -0.02 -0.03 0.91 1.01 -0.25 0.78 0.86 -0.22 5.18 7.37 -2.78 -7.88 -6.91 90.90 3.89 -0.43 0.32 -2.24 14.67 -0.96 -0.33 13.22 -0.27 -7.28 5.29 4.60 -9.68 7.11 8.12 -0.00 0.00 0.00 2.00 -0.00 0.08 -0.00 -0.06 1.69 -0.00 -0.03 0.83 -0.00 0.00 0.00 -0.00 -0.00 0.14 -0.00 -0.00 2.72 -0.00 -0.00 1.34 -0.00 0.00 0.00 -2.00 0.01 0.43 0.03 0.23 6.64 0.02 0.11 3.33 -0.00 0.00 0.00 -4.00 0.02 0.27 0.03 0.33 4.71 0.02 0.16 2.34 5.22 7.06 -2.11 3.56 -5.15 -86.89 -0.35 0.60 1.32 -1.73 6.87 0.82 -0.26 3.60 -0.24 -0.09 1.44 -0.91 -0.18 2.17 -1.36 -0.00 -0.00 0.00 -2.00 -0.00 -0.06 0.00 -0.04 -1.29 0.00 -0.02 -0.63 -0.00 -0.00 0.00 0.00 0.00 -0.06 0.00 0.00 -1.29 0.00 0.00 -0.64 -0.00 -0.00 0.00 2.00 0.00 -0.14 -0.00 0.09 -2.65 -0.00 0.05 -1.31 -0.00 -0.00 0.00 4.00 0.01 -0.11 -0.01 0.15 -2.15 -0.00 0.07 -1.06
-57.9126 -0.1360 -60.7442 104.57 0.14 -0.03 0.38 1.82 -0.12 1.75 1.86 0.03 -0.39 -3.97 0.08 -0.00 -0.00 0.00 1.47 2.50 0.16 0.12 1.12 0.00 0.17 -3.86 -0.15 -0.00 0.00 -0.00 -0.34 -0.02 -0.06 -0.36 -0.02 -0.03 -0.39 -0.02 -0.03 -0.39 -0.02 -0.03 0.76 1.02 -0.25 0.65 0.87 -0.22 5.23 7.37 -2.73 -8.52 -7.55 90.35 3.56 -0.28 0.19 -2.28 14.94 -1.16 -0.31 13.11 -0.26 -7.04 5.26 4.61 -9.34 7.12 8.09 -0.00 0.00 0.00 2.00 -0.00 0.08 -0.00 -0.06 1.74 -0.00 -0.03 0.86 -0.00 0.00 0.00 -0.00 -0.00 0.15 0.00 -0.00 2.82 0.00 -0.00 1.40 -0.00 0.00 0.00 -2.00 0.02 0.43 0.03 0.23 6.72 0.02 0.12 3.37 -0.00 0.00 0.00 -4.00 0.02 0.28 0.03 0.33 4.74 0.02 0.16 2.36 4.96 7.26 -2.29 4.56 -6.13 -85.89 -0.19 1.57 1.50 -1.91 7.60 0.93 -0.25 3.78 -0.23 -0.04 1.52 -0.94 -0.12 2.29 -1.40 -0.00 -0.00 -0.00 -2.00 -0.00 -0.06 0.00 -0.05 -1.33 0.00 -0.02 -0.65 -0.00 -0.00 -0.00 -0.00 0.00 -0.06 -0.00 0.00 -1.32 -0.00 0.00 -0.65 -0.00 -0.00 -0.00 2.00 0.00 -0.14 -0.01 0.09 -2.70 -0.00 0.05 -1.34 -0.00 -0.00 -0.00 4.00 0.01 -0.11 -0.01 0.15 -2.20 -0.00 0.08 -1.09
-57.9168 -0.1370 -60.7418 104.58 0.14 -0.02 0.37 1.82 -0.12 1.81 1.87 0.03 -0.45 -3.97 0.08 -0.00 -0.00 0.00 1.45 2.49 0.15 0.06 1.12 0.00 0.24 -3.86 -0.15 -0.00 0.00 -0.00 -0.29 -0.02 -0.05 -0.30 -0.02 -0.03 -0.33 -0.02 -0.03 -0.33 -0.02 -0.03 0.61 1.04 -0.26 0.52 0.89 -0.22 5.26 7.34 -2.74 -9.19 -8.24 89.70 3.19 -0.08 0.08 -2.38 15.21 -1.43 -0.31 12.97 -0.26 -6.80 5.22 4.64 -9.00 7.12 8.07 0.00 -0.00 0.00 2.00 -0.00 0.09 -0.00 -0.06 1.76 -0.00 -0.03 0.87 0.00 -0.00 0.00 0.00 -0.00 0.15 -0.00 -0.00 2.87 0.00 -0.00 1.42 0.00 -0.00 0.00 -2.00 0.02 0.44 0.03 0.23 6.73 0.02 0.12 3.37 0.00 -0.00 0.00 -4.00 0.02 0.28 0.03 0.33 4.76 0.02 0.16 2.37 4.72 7.40 -2.43 5.61 -7.11 -84.76 -0.08 2.37 1.64 -2.10 8.19 0.99 -0.24 3.93 -0.23 0.00 1.58 -1.00 -0.06 2.38 -1.49 -0.00 0.00 -0.00 -2.00 -0.00 -0.07 0.00 -0.05 -1.37 0.00 -0.02 -0.68 -0.00 0.00 -0.00 -0.00 0.00 -0.06 -0.00 0.00 -1.36 -0.00 0.00 -0.67 -0.00 0.00 -0.00 2.00 0.01 -0.14 -0.01 0.10 -2.76 -0.00 0.05 -1.36 -0.00 0.00 -0.00 4.00 0.01 -0.11 -0.01 0.16 -2.25 -0.01 0.08 -1.11
-57.9225 -0.1372 -60.7401 104.59 0.15 -0.02 0.35 1.81 -0.13 1.88 1.87 0.03 -0.50 -3.97 0.09 -0.00 -0.00 0.00 1.42 2.48 0.14 0.02 1.13 0.00 0.31 -3.86 -0.15 -0.00 0.00 -0.00 -0.24 -0.02 -0.03 -0.24 -0.02 -0.02 -0.26 -0.02 -0.02 -0.26 -0.02 -0.02 0.46 1.08 -0.28 0.39 0.92 -0.24 5.24 7.28 -2.85 -9.85 -8.93 88.96 2.78 0.14 -0.01 -2.53 15.48 -1.74 -0.29 12.80 -0.25 -6.53 5.16 4.67 -8.63 7.10 8.05 -0.00 0.00 0.00 2.00 -0.00 0.09 -0.00 -0.06 1.79 -0.00 -0.03 0.88 -0.00 0.00 0.00 0.00 -0.00 0.16 -0.00 -0.00 2.96 -0.00 -0.00 1.47 -0.00 0.00 0.00 -2.00 0.02 0.44 0.03 0.24 6.81 0.02 0.12 3.41 -0.00 0.00 0.00 -4.00 0.02 0.28 0.03 0.33 4.76 0.02 0.16 2.37 4.47 7.50 -2.53 6.62 -8.05 -83.57 0.01 3.00 1.79 -2.27 8.69 0.98 -0.23 4.05 -0.22 0.03 1.63 -0.99 -0.02 2.45 -1.49 0.00 0.00 0.00 -2.00 -0.00 -0.07 0.00 -0.05 -1.40 0.00 -0.02 -0.69 0.00 0.00 0.00 -0.00 0.00 -0.07 -0.00 0.00 -1.40 -0.00 0.00 -0.69 0.00 0.00 0.00 2.00 0.01 -0.15 -0.01 0.10 -2.83 -0.00 0.05 -1.40 0.00 0.00 0.00 4.00 0.01 -0.12 -0.01 0.16 -2.31 -0.01 0.08 -1.14
-57.9304 -0.1371 -60.7387 104.60 0.15 -0.01 0.35 1.81 -0.13 1.93 1.86 0.03 -0.56 -3.97 0.09 -0.00 -0.00 0.00 1.39 2.47 0.14 -0.02 1.14 -0.00 0.36 -3.87 -0.15 0.00 -0.00 -0.00 -0.19 -0.02 -0.01 -0.18 -0.02 -0.01 -0.19 -0.02 -0.01 -0.19 -0.02 -0.01 0.32 1.12 -0.32 0.27 0.95 -0.27 5.16 7.16 -3.06 -10.49 -9.70 88.01 2.34 0.30 -0.10 -2.73 15.71 -2.10 -0.27 12.54 -0.24 -6.18 5.08 4.76 -8.13 7.06 8.10 -0.00 0.00 0.00 2.00 -0.00 0.09 -0.00 -0.07 1.86 -0.00 -0.03 0.92 -0.00 0.00 0.00 0.00 -0.00 0.16 0.00 -0.00 3.10 0.00 -0.00 1.54 -0.00 0.00 0.00 -2.00 0.02 0.46 0.03 0.24 6.97 0.02 0.12 3.50 -0.00 0.00 0.00 -4.00 0.02 0.27 0.03 0.33 4.72 0.02 0.16 2.35 4.23 7.56 -2.58 7.59 -8.96 -82.24 0.08 3.54 1.83 -2.43 9.09 0.93 -0.23 4.16 -0.22 0.05 1.67 -1.04 0.01 2.52 -1.56 -0.00 0.00 0.00 -2.00 -0.00 -0.07 0.00 -0.05 -1.46 0.00 -0.02 -0.72 -0.00 0.00 0.00 -0.00 0.00 -0.07 -0.00 0.00 -1.47 -0.00 0.00 -0.72 -0.00 0.00 0.00 2.00 0.01 -0.15 -0.01 0.10 -2.94 -0.00 0.05 -1.46 -0.00 0.00 0.00 4.00 0.01 -0.12 -0.01 0.17 -2.40 -0.01 0.08 -1.19
-57.9391 -0.1377 -60.7374 104.59 0.15 -0.01 0.35 1.80 -0.14 1.98 1.86 0.03 -0.60 -3.96 0.09 -0.00 -0.00 0.00 1.38 2.45 0.13 -0.05 1.16 -0.00 0.40 -3.87 -0.15 0.00 0.00 0.00 -0.14 -0.02 0.01 -0.12 -0.02 0.00 -0.13 -0.02 0.00 -0.13 -0.02 0.00 0.19 1.16 -0.37 0.16 0.99 -0.32 5.04 7.02 -3.34 -11.09 -10.50 86.93 1.90 0.37 -0.19 -2.98 15.89 -2.48 -0.25 12.29 -0.22 -5.87 5.00 4.88 -7.68 7.02 8.21 0.00 -0.00 -0.00 2.00 -0.00 0.10 -0.00 -0.07 1.95 -0.00 -0.03 0.96 0.00 -0.00 -0.00 0.00 -0.00 0.17 0.00 -0.00 3.27 0.00 -0.00 1.62 0.00 -0.00 -0.00 -2.00 0.02 0.47 0.03 0.25 7.11 0.03 0.12 3.57 0.00 -0.00 -0.00 -4.00 0.02 0.27 0.03 0.32 4.63 0.02 0.16 2.30 4.00 7.59 -2.58 8.52 -9.89 -80.67 0.13 4.05 1.85 -2.58 9.45 0.77 -0.22 4.26 -0.21 0.09 1.71 -1.05 0.07 2.58 -1.59 -0.00 -0.00 0.00 -2.00 -0.00 -0.07 0.00 -0.05 -1.53 0.00 -0.03 -0.75 -0.00 -0.00 0.00 -0.00 0.00 -0.08 -0.00 0.00 -1.60 -0.00 0.00 -0.79 -0.00 -0.00 0.00 2.00 0.01 -0.17 -0.01 0.11 -3.19 -0.00 0.06 -1.58 -0.00 -0.00 0.00 4.00 0.01 -0.13 -0.01 0.18 -2.61 -0.01 0.09 -1.29
-57.9487 -0.1374 -60.7372 104.58 0.15 -0.01 0.36 1.80 -0.14 2.01 1.86 0.03 -0.64 -3.95 0.09 -0.00 -0.00 0.00 1.38 2.44 0.13 -0.06 1.17 -0.00 0.44 -3.87 -0.15 0.00 0.00 -0.00 -0.08 -0.01 0.04 -0.05 -0.02 0.02 -0.06 -0.02 0.02 -0.06 -0.02 0.02 0.07 1.19 -0.43 0.06 1.02 -0.37 4.85 6.85 -3.68 -11.65 -11.31 85.74 1.50 0.31 -0.28 -3.25 15.97 -2.89 -0.23 12.02 -0.20 -5.57 4.91 5.04 -7.23 6.97 8.38 0.00 0.00 -0.00 2.00 -0.00 0.10 -0.00 -0.07 2.05 -0.00 -0.04 1.01 0.00 0.00 -0.00 0.00 -0.00 0.19 0.00 -0.00 3.50 0.00 -0.00 1.74 0.00 0.00 -0.00 -2.00 0.02 0.49 0.04 0.25 7.34 0.03 0.13 3.69 0.00 0.00 -0.00 -4.00 0.02 0.27 0.03 0.32 4.60 0.02 0.16 2.29 3.78 7.61 -2.53 9.37 -10.80 -78.91 0.17 4.55 1.82 -2.70 9.77 0.49 -0.20 4.34 -0.18 0.14 1.74 -1.00 0.14 2.62 -1.50 -0.00 -0.00 0.00 -2.00 -0.00 -0.07 0.00 -0.05 -1.55 0.00 -0.03 -0.76 -0.00 -0.00 0.00 -0.00 0.00 -0.08 0.00 0.00 -1.70 0.00 0.00 -0.84 -0.00 -0.00 0.00 2.00 0.01 -0.18 -0.01 0.12 -3.40 -0.01 0.06 -1.68 -0.00 -0.00 0.00 4.00 0.01 -0.15 -0.01 0.20 -2.82 -0.01 0.10 -1.40
-57.9580 -0.1371 -60.7369 104.56 0.15 -0.01 0.37 1.80 -0.14 2.04 1.85 0.03 -0.66 -3.94 0.09 -0.00 -0.00 0.00 1.39 2.43 0.12 -0.08 1.18 -0.00 0.46 -3.88 -0.15 -0.00 0.00 -0.00 -0.03 -0.01 0.07 0.02 -0.02 0.03 0.02 -0.02 0.04 0.02 -0.02 0.04 -0.04 1.22 -0.49 -0.03 1.04 -0.42 4.58 6.64 -4.12 -12.18 -12.13 84.50 1.16 0.13 -0.33 -3.52 15.93 -3.35 -0.20 11.86 -0.18 -5.31 4.87 5.33 -6.82 6.98 8.77 0.00 -0.00 -0.00 2.00 -0.00 0.11 0.00 -0.08 2.23 -0.00 -0.04 1.10 0.00 -0.00 -0.00 0.00 0.00 0.21 0.01 0.00 3.83 0.00 0.00 1.90 0.00 -0.00 -0.00 -2.00 0.02 0.53 0.05 0.27 7.73 0.03 0.13 3.89 0.00 -0.00 -0.00 -4.00 0.02 0.27 0.03 0.33 4.68 0.02 0.16 2.33 3.55 7.59 -2.39 10.14 -11.67 -77.06 0.20 5.07 1.70 -2.79 10.03 0.15 -0.18 4.38 -0.17 0.17 1.76 -0.98 0.19 2.65 -1.48 0.00 0.00 -0.00 -2.00 -0.00 -0.08 0.00 -0.06 -1.58 0.00 -0.03 -0.78 0.00 0.00 -0.00 0.00 -0.00 -0.09 0.00 0.00 -1.78 0.00 -0.00 -0.88 0.00 0.00 -0.00 2.00 0.01 -0.20 -0.01 0.12 -3.59 -0.01 0.06 -1.78 0.00 0.00 -0.00 4.00 0.01 -0.16 -0.01 0.21 -3.03 -0.01 0.10 -1.50
-57.9665 -0.1380 -60.7348 104.54 0.14 -0.00 0.39 1.79 -0.15 2.06 1.85 0.03 -0.68 -3.93 0.09 -0.00 -0.00 0.00 1.40 2.43 0.12 -0.09 1.20 -0.00 0.48 -3.88 -0.15 -0.00 -0.00 0.00 0.03 -0.01 0.09 0.09 -0.02 0.05 0.10 -0.02 0.05 0.10 -0.02 0.05 -0.13 1.26 -0.55 -0.11 1.07 -0.46 4.25 6.41 -4.63 -12.73 -13.05 83.09 0.90 -0.19 -0.36 -3.78 15.83 -3.84 -0.15 11.48 -0.14 -4.96 4.75 5.58 -6.31 6.90 9.06 -0.00 0.00 -0.00 2.00 -0.00 0.12 0.00 -0.08 2.37 -0.00 -0.04 1.17 -0.00 0.00 -0.00 0.00 0.00 0.24 0.01 0.00 4.25 0.01 0.00 2.11 -0.00 0.00 -0.00 -2.00 0.02 0.57 0.06 0.28 8.19 0.04 0.14 4.13 -0.00 0.00 -0.00 -4.00 0.02 0.28 0.03 0.33 4.79 0.02 0.17 2.38 3.34 7.55 -2.18 10.81 -12.48 -75.16 0.22 5.59 1.60 -2.86 10.24 -0.37 -0.17 4.40 -0.15 0.19 1.76 -0.93 0.21 2.66 -1.40 -0.00 0.00 0.00 -2.00 -0.00 -0.08 0.00 -0.06 -1.58 0.00 -0.03 -0.78 -0.00 0.00 0.00 0.00 -0.00 -0.09 0.00 -0.00 -1.81 0.00 -0.00 -0.89 -0.00 0.00 0.00 2.00 0.01 -0.20 -0.01 0.13 -3.68 -0.01 0.06 -1.83 -0.00 0.00 0.00 4.00 0.01 -0.17 -0.01 0.22 -3.17 -0.01 0.11 -1.57
-57.9750 -0.1381 -60.7319 104.52 0.14 -0.00 0.41 1.79 -0.15 2.08 1.84 0.03 -0.70 -3.92 0.09 -0.00 -0.00 0.00 1.42 2.42 0.12 -0.10 1.21 -0.00 0.49 -3.88 -0.15 0.00 -0.00 0.00 0.08 -0.01 0.12 0.15 -0.01 0.06 0.16 -0.02 0.07 0.16 -0.02 0.07 -0.21 1.29 -0.59 -0.17 1.10 -0.50 3.91 6.17 -5.19 -13.19 -14.05 81.51 0.71 -0.62 -0.36 -4.02 15.70 -4.30 -0.11 11.10 -0.10 -4.65 4.62 5.81 -5.85 6.80 9.35 -0.00 0.00 0.00 2.00 -0.00 0.13 -0.00 -0.09 2.49 -0.00 -0.04 1.23 -0.00 0.00 0.00 0.00 0.00 0.26 0.01 0.00 4.56 0.00 0.00 2.27 -0.00 0.00 0.00 -2.00 0.02 0.60 0.06 0.29 8.50 0.04 0.15 4.28 -0.00 0.00 0.00 -4.00 0.02 0.28 0.03 0.34 4.83 0.02 0.17 2.41 3.15 7.50 -1.90 11.33 -13.30 -72.95 0.22 5.96 1.50 -2.90 10.36 -1.18 -0.15 4.40 -0.14 0.18 1.77 -0.85 0.22 2.66 -1.29 -0.00 0.00 0.00 -2.00 -0.00 -0.08 0.00 -0.06 -1.61 0.00 -0.03 -0.79 -0.00 0.00 0.00 -0.00 -0.00 -0.09 -0.00 -0.00 -1.86 -0.00 -0.00 -0.92 -0.00 0.00 0.00 2.00 0.01 -0.21 -0.01 0.13 -3.75 -0.01 0.06 -1.86 -0.00 0.00 0.00 4.00 0.01 -0.17 -0.01 0.23 -3.25 -0.01 0.11 -1.61
-57.9835 -0.1381 -60.7276 104.50 0.14 -0.00 0.43 1.79 -0.15 2.09 1.84 0.03 -0.71 -3.92 0.09 -0.00 -0.00 0.00 1.43 2.42 0.12 -0.10 1.21 -0.00 0.50 -3.88 -0.15 0.00 0.00 -0.00 0.12 -0.01 0.14 0.21 -0.01 0.07 0.22 -0.01 0.08 0.22 -0.01 0.08 -0.26 1.32 -0.62 -0.22 1.12 -0.53 3.58 5.93 -5.79 -13.46 -15.07 79.78 0.58 -1.14 -0.40 -4.19 15.51 -4.65 -0.06 10.70 -0.06 -4.35 4.48 6.01 -5.42 6.68 9.58 -0.00 0.00 -0.00 2.00 -0.00 0.13 -0.00 -0.09 2.59 -0.00 -0.04 1.28 -0.00 0.00 -0.00 0.00 0.00 0.28 0.01 0.00 4.83 0.00 0.00 2.41 -0.00 0.00 -0.00 -2.00 0.02 0.63 0.05 0.30 8.75 0.04 0.15 4.42 -0.00 0.00 -0.00 -4.00 0.02 0.29 0.03 0.34 4.94 0.02 0.17 2.46 2.99 7.43 -1.56 11.67 -14.07 -70.62 0.21 6.12 1.47 -2.90 10.39 -2.16 -0.13 4.40 -0.12 0.18 1.76 -0.77 0.22 2.65 -1.17 -0.00 0.00 0.00 -2.00 -0.00 -0.08 0.00 -0.06 -1.65 0.00 -0.03 -0.81 -0.00 0.00 0.00 -0.00 -0.00 -0.10 -0.00 -0.00 -1.94 -0.00 -0.00 -0.96 -0.00 0.00 0.00 2.00 0.01 -0.21 -0.01 0.13 -3.83 -0.01 0.07 -1.90 -0.00 0.00 0.00 4.00 0.01 -0.18 -0.01 0.23 -3.33 -0.01 0.11 -1.65
-57.9919 -0.1381 -60.7233 104.49 0.13 -0.00 0.45 1.79 -0.15 2.10 1.84 0.03 -0.72 -3.91 0.09 -0.00 -0.00 0.00 1.44 2.42 0.12 -0.11 1.22 -0.00 0.51 -3.88 -0.15 -0.00 0.00 -0.00 0.16 -0.01 0.16 0.25 -0.01 0.08 0.28 -0.01 0.09 0.28 -0.01 0.09 -0.30 1.34 -0.64 -0.26 1.14 -0.55 3.24 5.66 -6.45 -13.51 -16.04 78.00 0.48 -1.67 -0.46 -4.30 15.26 -4.96 -0.01 10.29 -0.02 -4.08 4.33 6.23 -5.04 6.55 9.84 -0.00 -0.00 -0.00 2.00 -0.00 0.14 -0.00 -0.09 2.71 -0.00 -0.05 1.34 -0.00 -0.00 -0.00 0.00 0.00 0.30 0.00 0.00 5.12 0.00 0.00 2.55 -0.00 -0.00 -0.00 -2.00 0.02 0.65 0.06 0.31 9.02 0.04 0.16 4.55 -0.00 -0.00 -0.00 -4.00 0.02 0.30 0.03 0.35 5.02 0.02 0.17 2.50 2.85 7.35 -1.15 11.83 -14.78 -68.20 0.17 6.06 1.39 -2.87 10.35 -3.16 -0.12 4.40 -0.11 0.17 1.77 -0.71 0.21 2.66 -1.07 0.00 -0.00 0.00 -2.00 -0.00 -0.08 0.00 -0.06 -1.68 0.00 -0.03 -0.83 0.00 -0.00 0.00 -0.00 -0.00 -0.10 -0.00 -0.00 -1.97 -0.00 -0.00 -0.97 0.00 -0.00 0.00 2.00 0.01 -0.21 -0.01 0.13 -3.86 -0.01 0.07 -1.91 0.00 -0.00 0.00 4.00 0.01 -0.18 -0.01 0.23 -3.35 -0.01 0.12 -1.66
-58.0028 -0.1378 -60.7188 104.48 0.13 -0.00 0.45 1.78 -0.15 2.11 1.84 0.03 -0.73 -3.90 0.09 -0.00 -0.00 0.00 1.45 2.41 0.12 -0.11 1.23 -0.00 0.52 -3.88 -0.15 -0.00 -0.00 0.00 0.19 -0.01 0.17 0.29 -0.01 0.09 0.32 -0.01 0.09 0.32 -0.01 0.09 -0.33 1.35 -0.65 -0.28 1.15 -0.55 2.91 5.37 -7.14 -13.13 -17.01 75.83 0.42 -2.26 -0.53 -4.31 14.89 -5.16 0.08 9.70 0.06 -3.70 4.11 6.31 -4.53 6.31 9.89 0.00 -0.00 -0.00 2.00 -0.01 0.15 -0.00 -0.10 2.82 -0.00 -0.05 1.39 0.00 -0.00 -0.00 0.00 0.00 0.32 0.00 0.00 5.38 0.00 0.00 2.68 0.00 -0.00 -0.00 -2.00 0.02 0.67 0.06 0.32 9.22 0.04 0.16 4.66 0.00 -0.00 -0.00 -4.00 0.02 0.30 0.03 0.36 5.09 0.02 0.18 2.54 2.72 7.25 -0.67 11.75 -15.48 -65.40 0.09 5.75 1.04 -2.80 10.27 -4.09 -0.11 4.42 -0.10 0.15 1.77 -0.65 0.18 2.66 -0.99 -0.00 -0.00 -0.00 -2.00 -0.00 -0.09 0.00 -0.06 -1.75 0.00 -0.03 -0.86 -0.00 -0.00 -0.00 -0.00 0.00 -0.10 -0.00 0.00 -2.04 -0.00 0.00 -1.01 -0.00 -0.00 -0.00 2.00 0.01 -0.22 -0.01 0.14 -3.94 -0.01 0.07 -1.96 -0.00 -0.00 -0.00 4.00 0.01 -0.18 -0.02 0.24 -3.42 -0.01 0.12 -1.70
-58.0140 -0.1376 -60.7144 104.48 0.13 -0.00 0.45 1.78 -0.15 2.12 1.84 0.03 -0.73 -3.89 0.09 -0.00 -0.00 0.00 1.44 2.40 0.12 -0.12 1.24 -0.00 0.52 -3.88 -0.15 -0.00 -0.00 0.00 0.22 -0.01 0.18 0.33 -0.01 0.10 0.35 -0.01 0.10 0.35 -0.01 0.10 -0.36 1.36 -0.65 -0.30 1.16 -0.56 2.59 5.05 -7.86 -12.33 -17.88 73.34 0.38 -2.87 -0.58 -4.24 14.41 -5.25 0.17 9.13 0.13 -3.36 3.89 6.35 -4.08 6.06 9.88 0.00 -0.00 -0.00 2.00 -0.01 0.15 -0.00 -0.10 2.88 -0.00 -0.05 1.43 0.00 -0.00 -0.00 0.00 0.00 0.34 0.00 0.00 5.55 0.00 0.00 2.77 0.00 -0.00 -0.00 -2.00 0.02 0.69 0.06 0.32 9.34 0.04 0.16 4.72 0.00 -0.00 -0.00 -4.00 0.02 0.31 0.03 0.36 5.13 0.03 0.18 2.56 2.60 7.16 -0.16 11.41 -16.11 -62.38 0.00 5.24 0.79 -2.71 10.06 -4.83 -0.11 4.46 -0.10 0.11 1.79 -0.61 0.12 2.69 -0.93 -0.00 -0.00 0.00 -2.00 -0.00 -0.08 0.00 -0.06 -1.72 0.00 -0.03 -0.85 -0.00 -0.00 0.00 0.00 0.00 -0.10 0.00 0.00 -2.01 0.00 0.00 -0.99 -0.00 -0.00 0.00 2.00 0.01 -0.22 -0.01 0.14 -3.89 -0.01 0.07 -1.93 -0.00 -0.00 0.00 4.00 0.01 -0.19 -0.02 0.24 -3.46 -0.01 0.12 -1.71
-58.0260 -0.1372 -60.7093 104.49 0.12 -0.00 0.44 1.78 -0.15 2.12 1.83 0.03 -0.73 -3.89 0.09 -0.00 -0.00 0.00 1.44 2.38 0.12 -0.12 1.26 -0.00 0.52 -3.88 -0.15 0.00 0.00 -0.00 0.24 -0.01 0.19 0.35 -0.01 0.10 0.38 -0.01 0.11 0.38 -0.01 0.11 -0.39 1.35 -0.65 -0.33 1.15 -0.55 2.29 4.71 -8.59 -11.20 -18.58 70.68 0.36 -3.47 -0.67 -4.10 13.83 -5.23 0.25 8.59 0.21 -3.05 3.68 6.35 -3.68 5.80 9.82 -0.00 -0.00 -0.00 2.00 -0.01 0.15 -0.01 -0.10 2.87 -0.00 -0.05 1.42 -0.00 -0.00 -0.00 0.00 0.00 0.35 0.00 0.00 5.68 0.00 0.00 2.84 -0.00 -0.00 -0.00 -2.00 0.02 0.69 0.06 0.32 9.41 0.04 0.16 4.76 -0.00 -0.00 -0.00 -4.00 0.02 0.31 0.03 0.36 5.17 0.03 0.18 2.58 2.49 7.06 0.37 10.83 -16.63 -59.25 -0.07 4.62 0.59 -2.60 9.71 -5.34 -0.12 4.49 -0.11 0.07 1.80 -0.60 0.06 2.71 -0.90 -0.00 -0.00 0.00 -2.00 -0.00 -0.08 0.00 -0.06 -1.68 0.00 -0.03 -0.83 -0.00 -0.00 0.00 0.00 -0.00 -0.10 0.00 -0.00 -1.96 0.00 -0.00 -0.97 -0.00 -0.00 0.00 2.00 0.01 -0.21 -0.01 0.13 -3.83 -0.01 0.07 -1.90 -0.00 -0.00 0.00 4.00 0.01 -0.18 -0.01 0.24 -3.38 -0.01 0.12 -1.67
-58.0381 -0.1363 -60.7037 104.50 0.12 -0.00 0.43 1.78 -0.14 2.12 1.83 0.03 -0.74 -3.88 0.09 -0.00 -0.00 0.00 1.43 2.37 0.12 -0.12 1.28 -0.00 0.52 -3.88 -0.15 -0.00 -0.00 0.00 0.26 -0.01 0.19 0.38 -0.01 0.11 0.41 -0.01 0.12 0.41 -0.01 0.12 -0.43 1.34 -0.64 -0.36 1.14 -0.54 1.98 4.33 -9.39 -9.74 -19.04 67.89 0.35 -4.12 -0.66 -3.88 13.17 -5.15 0.34 8.04 0.29 -2.76 3.45 6.32 -3.31 5.52 9.72 0.00 -0.00 0.00 2.00 -0.01 0.15 -0.01 -0.10 2.89 -0.00 -0.05 1.43 0.00 -0.00 0.00 0.00 0.00 0.35 0.00 0.00 5.75 -0.00 0.00 2.87 0.00 -0.00 0.00 -2.00 0.02 0.69 0.06 0.32 9.42 0.04 0.16 4.76 0.00 -0.00 0.00 -4.00 0.02 0.31 0.03 0.36 5.19 0.03 0.18 2.59 2.37 6.94 0.94 10.00 -16.97 -56.06 -0.12 3.94 0.46 -2.46 9.22 -5.63 -0.13 4.53 -0.13 0.02 1.81 -0.61 -0.01 2.73 -0.91 0.00 0.00 0.00 -2.00 -0.00 -0.08 0.00 -0.06 -1.63 0.00 -0.03 -0.81 0.00 0.00 0.00 0.00 -0.00 -0.09 0.00 -0.00 -1.91 0.00 -0.00 -0.94 0.00 0.00 0.00 2.00 0.01 -0.21 -0.01 0.13 -3.82 -0.01 0.07 -1.89 0.00 0.00 0.00 4.00 0.01 -0.18 -0.01 0.23 -3.34 -0.01 0.12 -1.65
-58.0503 -0.1358 -60.6970 104.52 0.12 -0.00 0.41 1.78 -0.14 2.12 1.83 0.03 -0.74 -3.87 0.09 -0.00 -0.00 0.00 1.43 2.35 0.13 -0.12 1.30 -0.00 0.50 -3.88 -0.15 0.00 0.00 -0.00 0.29 -0.01 0.19 0.41 -0.01 0.11 0.44 -0.01 0.12 0.44 -0.01 0.12 -0.49 1.31 -0.62 -0.41 1.12 -0.53 1.66 3.92 -10.24 -7.87 -19.22 64.77 0.35 -4.81 -0.66 -3.51 12.33 -4.91 0.47 7.35 0.41 -2.42 3.17 6.24 -2.89 5.14 9.54 -0.00 0.00 -0.00 2.00 -0.01 0.15 -0.01 -0.10 2.83 -0.00 -0.05 1.40 -0.00 0.00 -0.00 -0.00 0.00 0.36 -0.00 0.00 5.81 -0.00 0.00 2.90 -0.00 0.00 -0.00 -2.00 0.02 0.69 0.06 0.32 9.39 0.04 0.16 4.75 -0.00 0.00 -0.00 -4.00 0.02 0.31 0.04 0.36 5.21 0.03 0.18 2.60 2.22 6.80 1.55 8.80 -17.08 -52.53 -0.19 3.09 0.08 -2.29 8.60 -5.78 -0.15 4.54 -0.14 -0.03 1.82 -0.62 -0.10 2.74 -0.94 -0.00 -0.00 -0.00 -2.00 -0.00 -0.08 0.00 -0.06 -1.58 0.00 -0.03 -0.78 -0.00 -0.00 -0.00 0.00 -0.00 -0.09 0.00 -0.00 -1.85 0.00 -0.00 -0.91 -0.00 -0.00 -0.00 2.00 0.01 -0.20 -0.01 0.13 -3.66 -0.01 0.06 -1.81 -0.00 -0.00 -0.00 4.00 0.01 -0.17 -0.01 0.22 -3.15 -0.01 0.11 -1.56
-58.0614 -0.1356 -60.6898 104.56 0.11 -0.00 0.38 1.78 -0.14 2.12 1.83 0.03 -0.74 -3.87 0.08 -0.00 -0.00 0.00 1.42 2.33 0.13 -0.12 1.31 -0.00 0.48 -3.87 -0.15 0.00 -0.00 0.00 0.31 -0.01 0.19 0.44 -0.01 0.11 0.48 -0.01 0.12 0.48 -0.01 0.12 -0.56 1.27 -0.60 -0.47 1.09 -0.51 1.33 3.51 -11.11 -5.68 -19.10 61.45 0.35 -5.58 -0.56 -3.02 11.36 -4.59 0.58 6.70 0.52 -2.15 2.91 6.14 -2.56 4.78 9.35 -0.00 -0.00 0.00 2.00 -0.01 0.15 -0.01 -0.10 2.84 -0.00 -0.05 1.41 -0.00 -0.00 0.00 -0.00 0.00 0.36 -0.00 0.00 5.84 -0.00 0.00 2.92 -0.00 -0.00 0.00 -2.00 0.02 0.69 0.06 0.32 9.34 0.04 0.16 4.72 -0.00 -0.00 0.00 -4.00 0.02 0.31 0.04 0.36 5.23 0.03 0.18 2.61 2.05 6.63 2.18 7.38 -16.94 -48.95 -0.25 2.09 -0.08 -2.06 7.74 -5.80 -0.19 4.52 -0.17 -0.11 1.81 -0.66 -0.21 2.73 -0.99 0.00 -0.00 -0.00 -2.00 -0.00 -0.08 0.00 -0.06 -1.59 0.00 -0.03 -0.78 0.00 -0.00 -0.00 -0.00 -0.00 -0.09 -0.00 -0.00 -1.84 -0.00 -0.00 -0.91 0.00 -0.00 -0.00 2.00 0.01 -0.19 -0.01 0.12 -3.57 -0.01 0.06 -1.77 0.00 -0.00 -0.00 4.00 0.01 -0.16 -0.01 0.21 -2.99 -0.01 0.10 -1.48
-58.0736 -0.1346 -60.6826 104.60 0.11 -0.00 0.35 1.78 -0.14 2.11 1.83 0.03 -0.74 -3.87 0.08 -0.00 -0.00 0.00 1.42 2.31 0.13 -0.13 1.33 -0.00 0.44 -3.87 -0.16 0.00 0.00 -0.00 0.33 -0.01 0.19 0.47 -0.01 0.11 0.50 -0.01 0.12 0.50 -0.01 0.12 -0.63 1.24 -0.58 -0.54 1.05 -0.49 1.00 3.11 -11.97 -3.27 -18.67 58.01 0.33 -6.39 -0.39 -2.45 10.27 -4.20 0.68 6.08 0.62 -1.91 2.65 6.03 -2.27 4.41 9.15 0.00 -0.00 0.00 2.00 -0.01 0.15 -0.00 -0.10 2.80 -0.00 -0.05 1.38 0.00 -0.00 0.00 0.00 -0.00 0.35 0.00 -0.00 5.76 0.00 -0.00 2.88 0.00 -0.00 0.00 -2.00 0.02 0.67 0.05 0.31 9.17 0.04 0.15 4.63 0.00 -0.00 0.00 -4.00 0.02 0.31 0.04 0.36 5.25 0.03 0.18 2.62 1.85 6.43 2.84 5.75 -16.52 -45.27 -0.33 0.89 -0.20 -1.77 6.68 -5.80 -0.21 4.49 -0.19 -0.17 1.80 -0.69 -0.31 2.71 -1.03 0.00 -0.00 -0.00 -2.00 -0.00 -0.07 0.00 -0.05 -1.54 0.00 -0.03 -0.76 0.00 -0.00 -0.00 0.00 -0.00 -0.09 0.00 -0.00 -1.80 0.00 -0.00 -0.89 0.00 -0.00 -0.00 2.00 0.01 -0.19 -0.01 0.12 -3.52 -0.01 0.06 -1.74 0.00 -0.00 -0.00 4.00 0.01 -0.15 -0.01 0.20 -2.85 -0.01 0.10 -1.41
-58.0843 -0.1331 -60.6736 104.68 0.11 -0.00 0.30 1.78 -0.13 2.09 1.83 0.03 -0.76 -3.87 0.08 -0.00 -0.00 0.00 1.41 2.29 0.14 -0.14 1.35 -0.00 0.39 -3.86 -0.16 0.00 0.00 0.00 0.35 -0.01 0.19 0.48 -0.01 0.10 0.52 -0.01 0.11 0.52 -0.01 0.11 -0.70 1.19 -0.55 -0.60 1.02 -0.47 0.66 2.67 -12.90 -0.74 -17.86 54.62 0.29 -7.27 -0.10 -1.80 9.08 -3.79 0.78 5.48 0.71 -1.70 2.39 5.89 -2.03 4.04 8.91 -0.00 0.00 -0.00 2.00 -0.01 0.14 -0.00 -0.10 2.75 -0.00 -0.05 1.36 -0.00 0.00 -0.00 0.00 -0.00 0.36 0.00 -0.00 5.78 0.00 -0.00 2.89 -0.00 0.00 -0.00 -2.00 0.02 0.67 0.05 0.31 9.14 0.04 0.16 4.62 -0.00 0.00 -0.00 -4.00 0.02 0.31 0.04 0.36 5.25 0.03 0.18 2.62 1.64 6.16 3.55 4.03 -15.78 -41.69 -0.39 -0.51 -0.32 -1.43 5.43 -5.75 -0.26 4.54 -0.24 -0.21 1.82 -0.85 -0.38 2.74 -1.27 -0.00 0.00 -0.00 -2.00 -0.00 -0.08 0.00 -0.05 -1.58 0.00 -0.03 -0.78 -0.00 0.00 -0.00 -0.00 0.00 -0.09 -0.00 0.00 -1.85 -0.00 0.00 -0.91 -0.00 0.00 -0.00 2.00 0.01 -0.19 -0.01 0.12 -3.51 -0.01 0.06 -1.74 -0.00 0.00 -0.00 4.00 0.01 -0.14 -0.01 0.19 -2.75 -0.01 0.09 -1.36
-58.0939 -0.1320 -60.6627 104.78 0.11 -0.00 0.25 1.79 -0.12 2.07 1.83 0.03 -0.78 -3.87 0.07 -0.00 -0.00 0.00 1.38 2.26 0.15 -0.16 1.36 -0.00 0.33 -3.85 -0.16 -0.00 -0.00 -0.00 0.36 -0.01 0.19 0.50 -0.01 0.09 0.54 -0.01 0.10 0.54 -0.01 0.10 -0.78 1.15 -0.52 -0.66 0.98 -0.45 0.29 2.22 -13.83 2.07 -16.57 51.04 0.24 -8.25 0.27 -0.95 7.64 -3.25 0.90 4.73 0.83 -1.49 2.09 5.73 -1.79 3.58 8.65 0.00 -0.00 -0.00 2.00 -0.00 0.14 -0.00 -0.10 2.72 -0.00 -0.05 1.34 0.00 -0.00 -0.00 0.00 -0.00 0.35 0.00 -0.00 5.70 0.00 -0.00 2.84 0.00 -0.00 -0.00 -2.00 0.02 0.66 0.05 0.31 9.07 0.04 0.15 4.58 0.00 -0.00 -0.00 -4.00 0.02 0.31 0.04 0.36 5.24 0.03 0.18 2.61 1.38 5.88 4.30 2.09 -14.62 -37.95 -0.42 -2.28 -0.72 -1.05 4.05 -5.80 -0.27 4.48 -0.25 -0.25 1.80 -0.84 -0.44 2.70 -1.25 0.00 0.00 -0.00 -2.00 -0.00 -0.07 0.00 -0.05 -1.55 0.00 -0.03 -0.77 0.00 0.00 -0.00 -0.00 -0.00 -0.09 -0.00 -0.00 -1.83 -0.00 -0.00 -0.90 0.00 0.00 -0.00 2.00 0.01 -0.19 -0.01 0.12 -3.44 -0.01 0.06 -1.71 0.00 0.00 -0.00 4.00 0.01 -0.14 -0.01 0.19 -2.67 -0.01 0.09 -1.32
-58.1018 -0.1310 -60.6527 104.89 0.11 -0.00 0.20 1.80 -0.12 2.03 1.83 0.03 -0.81 -3.88 0.07 -0.00 -0.00 0.00 1.35 2.24 0.16 -0.18 1.38 -0.00 0.27 -3.84 -0.17 -0.00 0.00 -0.00 0.36 -0.01 0.18 0.50 -0.01 0.08 0.54 -0.01 0.09 0.54 -0.01 0.09 -0.85 1.12 -0.50 -0.72 0.95 -0.43 -0.12 1.74 -14.77 5.03 -14.79 47.43 0.16 -9.38 0.74 0.03 5.96 -2.61 1.00 4.06 0.94 -1.32 1.81 5.60 -1.61 3.16 8.43 -0.00 -0.00 0.00 2.00 -0.00 0.14 -0.00 -0.09 2.70 -0.00 -0.05 1.34 -0.00 -0.00 0.00 0.00 -0.00 0.35 0.00 -0.00 5.66 0.00 -0.00 2.82 -0.00 -0.00 0.00 -2.00 0.02 0.64 0.05 0.30 8.93 0.04 0.15 4.51 -0.00 -0.00 0.00 -4.00 0.02 0.31 0.03 0.36 5.16 0.03 0.18 2.57 1.08 5.58 5.09 0.03 -13.03 -34.24 -0.46 -4.36 -1.09 -0.68 2.35 -5.98 -0.30 4.49 -0.27 -0.27 1.80 -0.94 -0.47 2.71 -1.39 -0.00 -0.00 0.00 -2.00 -0.00 -0.08 0.00 -0.06 -1.59 0.00 -0.03 -0.78 -0.00 -0.00 0.00 -0.00 0.00 -0.09 -0.00 0.00 -1.89 -0.00 0.00 -0.93 -0.00 -0.00 0.00 2.00 0.01 -0.19 -0.01 0.12 -3.49 -0.01 0.06 -1.73 -0.00 -0.00 0.00 4.00 0.01 -0.13 -0.01 0.18 -2.60 -0.01 0.09 -1.28
-58.1098 -0.1289 -60.6443 105.02 0.11 -0.00 0.16 1.80 -0.11 1.99 1.83 0.03 -0.87 -3.89 0.07 -0.00 -0.00 0.00 1.32 2.21 0.17 -0.21 1.39 -0.00 0.19 -3.82 -0.17 0.00 -0.00 -0.00 0.37 -0.01 0.17 0.51 -0.01 0.07 0.55 -0.01 0.08 0.55 -0.01 0.08 -0.92 1.08 -0.48 -0.78 0.92 -0.41 -0.56 1.26 -15.69 7.96 -12.60 43.99 0.05 -10.62 1.25 1.14 4.05 -1.97 1.09 3.40 1.03 -1.21 1.54 5.52 -1.50 2.76 8.29 0.00 0.00 -0.00 2.00 -0.00 0.14 -0.00 -0.09 2.72 -0.00 -0.05 1.35 0.00 0.00 -0.00 0.00 0.00 0.35 0.00 0.00 5.72 0.00 0.00 2.85 0.00 0.00 -0.00 -2.00 0.02 0.65 0.05 0.31 8.99 0.04 0.15 4.54 0.00 0.00 -0.00 -4.00 0.02 0.31 0.04 0.36 5.20 0.03 0.18 2.59 0.75 5.29 5.90 -2.03 -11.07 -30.69 -0.46 -6.62 -1.44 -0.31 0.50 -6.35 -0.30 4.44 -0.28 -0.31 1.78 -0.91 -0.53 2.68 -1.35 0.00 -0.00 0.00 -2.00 -0.00 -0.08 0.00 -0.05 -1.57 0.00 -0.03 -0.77 0.00 -0.00 0.00 -0.00 0.00 -0.09 -0.00 0.00 -1.89 -0.00 0.00 -0.93 0.00 -0.00 0.00 2.00 0.01 -0.19 -0.01 0.12 -3.47 -0.01 0.06 -1.72 0.00 -0.00 0.00 4.00 0.01 -0.13 -0.01 0.17 -2.50 -0.00 0.09 -1.23
-58.1168 -0.1277 -60.6377 105.17 0.11 0.00 0.12 1.81 -0.10 1.96 1.84 0.03 -0.93 -3.91 0.07 -0.00 -0.00 0.00 1.28 2.18 0.17 -0.24 1.41 -0.00 0.11 -3.81 -0.17 0.00 -0.00 0.00 0.38 -0.01 0.16 0.52 -0.01 0.06 0.56 -0.01 0.07 0.56 -0.01 0.07 -1.00 1.06 -0.46 -0.85 0.90 -0.39 -1.04 0.76 -16.66 10.77 -10.09 40.89 -0.10 -12.01 1.83 2.36 1.93 -1.41 1.17 2.80 1.12 -1.14 1.30 5.48 -1.46 2.41 8.23 -0.00 -0.00 0.00 2.00 -0.00 0.15 -0.00 -0.10 2.82 -0.00 -0.05 1.40 -0.00 -0.00 0.00 0.00 0.00 0.37 0.00 0.00 5.92 0.00 0.00 2.96 -0.00 -0.00 0.00 -2.00 0.02 0.66 0.06 0.32 9.13 0.04 0.16 4.61 -0.00 -0.00 0.00 -4.00 0.02 0.32 0.04 0.37 5.26 0.03 0.18 2.62 0.42 4.97 6.75 -3.85 -9.05 -27.50 -0.39 -8.71 -1.72 0.02 -1.33 -6.82 -0.31 4.43 -0.29 -0.34 1.77 -0.91 -0.57 2.67 -1.35 0.00 0.00 -0.00 -2.00 -0.00 -0.08 0.00 -0.06 -1.61 0.00 -0.03 -0.80 0.00 0.00 -0.00 -0.00 0.00 -0.10 -0.00 0.00 -1.94 -0.00 0.00 -0.95 0.00 0.00 -0.00 2.00 0.01 -0.19 -0.01 0.12 -3.52 -0.01 0.06 -1.74 0.00 0.00 -0.00 4.00 0.01 -0.13 -0.01 0.17 -2.47 -0.01 0.08 -1.22
-58.1258 -0.1267 -60.6326 105.33 0.11 0.00 0.06 1.82 -0.10 1.93 1.86 0.03 -1.00 -3.93 0.07 -0.00 -0.00 0.00 1.24 2.14 0.18 -0.27 1.43 -0.00 0.03 -3.79 -0.17 0.00 -0.00 -0.00 0.39 -0.01 0.15 0.53 -0.01 0.05 0.57 -0.01 0.05 0.57 -0.01 0.05 -1.08 1.04 -0.44 -0.92 0.89 -0.37 -1.55 0.27 -17.67 13.36 -7.40 37.95 -0.28 -13.42 2.43 3.54 -0.23 -1.03 1.26 2.09 1.21 -1.12 1.02 5.52 -1.49 2.00 8.27 -0.00 -0.00 -0.00 2.00 -0.01 0.15 -0.01 -0.10 2.93 -0.00 -0.05 1.45 -0.00 -0.00 -0.00 0.00 0.00 0.40 0.00 0.01 6.26 -0.00 0.00 3.13 -0.00 -0.00 -0.00 -2.00 0.02 0.69 0.06 0.33 9.38 0.04 0.16 4.75 -0.00 -0.00 -0.00 -4.00 0.02 0.32 0.04 0.38 5.36 0.03 0.19 2.68 0.11 4.63 7.58 -5.35 -7.15 -24.45 -0.25 -10.46 -2.07 0.33 -2.95 -7.36 -0.32 4.44 -0.30 -0.37 1.78 -0.92 -0.61 2.68 -1.37 -0.00 0.00 -0.00 -2.00 -0.00 -0.08 0.00 -0.06 -1.61 0.00 -0.03 -0.79 -0.00 0.00 -0.00 -0.00 0.00 -0.10 -0.00 0.00 -1.94 -0.00 0.00 -0.96 -0.00 0.00 -0.00 2.00 0.01 -0.19 -0.01 0.12 -3.50 -0.01 0.06 -1.73 -0.00 0.00 -0.00 4.00 0.01 -0.12 -0.01 0.17 -2.40 -0.01 0.08 -1.19
-58.1352 -0.1253 -60.6308 105.48 0.11 0.01 0.02 1.82 -0.10 1.90 1.87 0.03 -1.08 -3.95 0.07 -0.00 -0.00 0.00 1.20 2.11 0.18 -0.31 1.45 -0.00 -0.04 -3.78 -0.17 0.00 0.00 -0.00 0.40 -0.01 0.15 0.54 -0.01 0.04 0.58 -0.01 0.04 0.58 -0.01 0.04 -1.15 1.03 -0.42 -0.98 0.88 -0.36 -2.04 -0.17 -18.70 15.53 -4.92 35.33 -0.48 -14.70 2.96 4.55 -2.19 -0.86 1.32 1.49 1.27 -1.15 0.78 5.58 -1.58 1.68 8.35 0.00 -0.00 -0.00 2.00 -0.01 0.16 -0.01 -0.10 3.04 -0.00 -0.05 1.50 0.00 -0.00 -0.00 -0.00 0.00 0.42 -0.00 0.01 6.58 -0.00 0.00 3.30 0.00 -0.00 -0.00 -2.00 0.03 0.71 0.06 0.33 9.59 0.04 0.17 4.85 0.00 -0.00 -0.00 -4.00 0.02 0.33 0.04 0.38 5.47 0.03 0.19 2.73 -0.16 4.28 8.34 -6.51 -5.48 -21.59 -0.12 -11.84 -2.26 0.61 -4.27 -7.82 -0.34 4.48 -0.32 -0.40 1.79 -0.99 -0.66 2.70 -1.46 0.00 -0.00 -0.00 -2.00 -0.00 -0.08 0.00 -0.06 -1.62 0.00 -0.03 -0.80 0.00 -0.00 -0.00 0.00 0.00 -0.10 -0.00 0.00 -1.95 0.00 0.00 -0.96 0.00 -0.00 -0.00 2.00 0.01 -0.19 -0.01 0.12 -3.47 -0.01 0.06 -1.72 0.00 -0.00 -0.00 4.00 0.01 -0.12 -0.01 0.16 -2.32 -0.01 0.08 -1.15
-58.1468 -0.1245 -60.6318 105.64 0.11 0.01 -0.03 1.82 -0.10 1.88 1.89 0.03 -1.17 -3.97 0.07 -0.00 -0.00 0.00 1.16 2.07 0.17 -0.35 1.48 -0.00 -0.12 -3.77 -0.16 0.00 0.00 0.00 0.41 -0.01 0.14 0.54 -0.01 0.04 0.59 -0.01 0.04 0.59 -0.01 0.04 -1.21 1.02 -0.41 -1.03 0.87 -0.35 -2.51 -0.54 -19.75 17.26 -2.87 33.00 -0.66 -15.75 3.40 5.35 -3.82 -0.86 1.36 0.99 1.32 -1.20 0.59 5.66 -1.70 1.41 8.46 -0.00 -0.00 -0.00 2.00 -0.01 0.17 -0.01 -0.11 3.15 -0.00 -0.05 1.56 -0.00 -0.00 -0.00 -0.00 0.00 0.45 -0.00 0.00 6.91 -0.00 0.00 3.47 -0.00 -0.00 -0.00 -2.00 0.03 0.75 0.06 0.34 9.90 0.05 0.17 5.02 -0.00 -0.00 -0.00 -4.00 0.02 0.34 0.04 0.39 5.58 0.03 0.19 2.79 -0.39 3.94 9.03 -7.37 -4.09 -19.00 -0.01 -12.88 -2.31 0.86 -5.28 -8.15 -0.36 4.53 -0.34 -0.43 1.81 -1.04 -0.71 2.73 -1.54 0.00 -0.00 -0.00 -2.00 -0.00 -0.08 0.00 -0.06 -1.63 0.00 -0.03 -0.80 0.00 -0.00 -0.00 0.00 0.00 -0.10 0.00 0.00 -1.99 0.00 0.00 -0.98 0.00 -0.00 -0.00 2.00 0.01 -0.19 -0.01 0.12 -3.48 -0.01 0.06 -1.73 0.00 -0.00 -0.00 4.00 0.01 -0.12 -0.01 0.16 -2.31 -0.01 0.08 -1.14
-58.1588 -0.1244 -60.6333 105.79 0.11 0.02 -0.08 1.82 -0.10 1.86 1.92 0.03 -1.26 -3.99 0.08 -0.00 -0.00 0.00 1.13 2.03 0.17 -0.39 1.51 -0.01 -0.20 -3.76 -0.16 0.00 -0.00 0.00 0.42 -0.01 0.15 0.55 -0.01 0.03 0.59 -0.01 0.03 0.59 -0.01 0.03 -1.26 1.02 -0.41 -1.07 0.87 -0.35 -3.00 -0.82 -20.85 18.61 -1.32 31.01 -0.82 -16.57 3.71 5.96 -5.11 -0.99 1.39 0.54 1.36 -1.26 0.42 5.74 -1.83 1.18 8.57 -0.00 0.00 0.00 2.00 -0.01 0.17 -0.01 -0.11 3.27 -0.01 -0.06 1.62 -0.00 0.00 0.00 -0.00 0.00 0.48 -0.00 0.00 7.24 -0.00 0.00 3.64 -0.00 0.00 0.00 -2.00 0.03 0.77 0.07 0.35 10.12 0.05 0.17 5.13 -0.00 0.00 0.00 -4.00 0.02 0.35 0.04 0.39 5.67 0.03 0.20 2.83 -0.59 3.62 9.69 -8.01 -2.97 -16.64 0.09 -13.64 -2.31 1.08 -6.06 -8.38 -0.38 4.56 -0.35 -0.45 1.82 -1.09 -0.76 2.75 -1.61 -0.00 -0.00 0.00 -2.00 -0.00 -0.08 0.00 -0.06 -1.64 0.00 -0.03 -0.81 -0.00 -0.00 0.00 0.00 0.00 -0.10 0.00 0.00 -2.00 0.00 0.00 -0.99 -0.00 -0.00 0.00 2.00 0.01 -0.19 -0.01 0.12 -3.45 -0.01 0.06 -1.71 -0.00 -0.00 0.00 4.00 0.01 -0.11 -0.01 0.16 -2.27 -0.00 0.08 -1.12
-58.1722 -0.1236 -60.6361 105.94 0.11 0.02 -0.13 1.82 -0.11 1.85 1.94 0.03 -1.34 -4.01 0.08 0.00 -0.00 0.00 1.09 1.99 0.17 -0.44 1.55 -0.01 -0.27 -3.76 -0.15 0.00 -0.00 0.00 0.43 -0.01 0.15 0.55 -0.01 0.03 0.60 -0.01 0.03 0.60 -0.01 0.03 -1.29 1.01 -0.42 -1.10 0.86 -0.36 -3.48 -1.03 -21.95 19.62 -0.23 29.12 -0.94 -17.16 3.90 6.40 -6.04 -1.29 1.42 0.05 1.41 -1.38 0.24 5.91 -2.05 0.95 8.81 0.00 -0.00 -0.00 2.00 -0.01 0.19 -0.01 -0.12 3.45 -0.01 -0.06 1.71 0.00 -0.00 -0.00 -0.00 0.00 0.52 -0.00 0.00 7.70 -0.00 0.00 3.87 0.00 -0.00 -0.00 -2.00 0.03 0.81 0.07 0.36 10.48 0.05 0.18 5.32 0.00 -0.00 -0.00 -4.00 0.02 0.36 0.04 0.40 5.77 0.03 0.20 2.88 -0.76 3.35 10.29 -8.50 -2.07 -14.38 0.21 -14.20 -2.39 1.27 -6.66 -8.52 -0.39 4.57 -0.37 -0.49 1.83 -1.12 -0.81 2.76 -1.65 0.00 0.00 -0.00 -2.00 -0.00 -0.08 0.00 -0.06 -1.65 0.00 -0.03 -0.81 0.00 0.00 -0.00 0.00 0.00 -0.10 0.00 0.00 -2.00 0.00 0.00 -0.99 0.00 0.00 -0.00 2.00 0.01 -0.19 -0.01 0.12 -3.46 -0.01 0.06 -1.72 0.00 0.00 -0.00 4.00 0.01 -0.11 -0.01 0.16 -2.26 -0.00 0.08 -1.12
-58.1839 -0.1232 -60.6385 106.07 0.10 0.03 -0.17 1.82 -0.11 1.83 1.96 0.03 -1.41 -4.04 0.09 -0.00 0.00 -0.00 1.07 1.94 0.16 -0.49 1.59 -0.01 -0.32 -3.76 -0.15 0.00 -0.00 -0.00 0.43 -0.01 0.16 0.56 -0.01 0.03 0.60 -0.01 0.03 0.60 -0.01 0.03 -1.32 1.01 -0.43 -1.13 0.86 -0.36 -3.92 -1.19 -23.00 20.36 0.47 27.39 -1.02 -17.57 4.00 6.65 -6.63 -1.66 1.43 -0.34 1.42 -1.45 0.09 5.97 -2.19 0.75 8.89 0.00 -0.00 0.00 2.00 -0.01 0.19 -0.01 -0.12 3.55 -0.01 -0.06 1.76 0.00 -0.00 0.00 -0.00 0.00 0.55 -0.00 0.00 8.01 -0.00 0.00 4.03 0.00 -0.00 0.00 -2.00 0.03 0.83 0.07 0.37 10.67 0.05 0.18 5.42 0.00 -0.00 0.00 -4.00 0.03 0.36 0.04 0.41 5.83 0.03 0.20 2.91 -0.91 3.14 10.82 -8.85 -1.42 -12.28 0.28 -14.56 -2.35 1.42 -7.14 -8.61 -0.41 4.58 -0.38 -0.53 1.83 -1.13 -0.87 2.76 -1.68 0.00 0.00 -0.00 -2.00 -0.00 -0.08 0.00 -0.06 -1.67 0.00 -0.03 -0.82 0.00 0.00 -0.00 0.00 0.00 -0.10 -0.00 0.00 -2.02 -0.00 0.00 -1.00 0.00 0.00 -0.00 2.00 0.01 -0.19 -0.01 0.12 -3.45 -0.01 0.06 -1.71 0.00 0.00 -0.00 4.00 0.01 -0.11 -0.01 0.16 -2.25 -0.00 0.08 -1.11
-58.1943 -0.1226 -60.6402 106.20 0.10 0.03 -0.22 1.82 -0.11 1.81 1.98 0.03 -1.47 -4.05 0.09 0.00 -0.00 -0.00 1.04 1.90 0.16 -0.54 1.64 -0.01 -0.37 -3.76 -0.14 0.00 0.00 0.00 0.44 -0.01 0.17 0.56 -0.01 0.03 0.60 -0.01 0.03 0.60 -0.01 0.03 -1.35 1.01 -0.43 -1.15 0.86 -0.37 -4.34 -1.29 -23.99 20.91 0.86 25.82 -1.08 -17.83 4.02 6.69 -6.91 -2.07 1.43 -0.67 1.43 -1.51 -0.03 6.02 -2.30 0.57 8.96 -0.00 0.00 -0.00 2.00 -0.01 0.20 -0.01 -0.13 3.65 -0.01 -0.06 1.81 -0.00 0.00 -0.00 -0.00 0.00 0.58 -0.00 0.00 8.30 -0.00 0.00 4.18 -0.00 0.00 -0.00 -2.00 0.03 0.86 0.07 0.37 10.88 0.06 0.18 5.53 -0.00 0.00 -0.00 -4.00 0.03 0.36 0.04 0.41 5.88 0.03 0.20 2.94 -1.02 2.97 11.27 -9.07 -1.11 -10.36 0.33 -14.73 -2.23 1.50 -7.47 -8.64 -0.42 4.59 -0.39 -0.52 1.84 -1.19 -0.87 2.78 -1.76 -0.00 -0.00 0.00 -2.00 -0.00 -0.08 0.00 -0.06 -1.71 0.00 -0.03 -0.84 -0.00 -0.00 0.00 -0.00 0.00 -0.10 -0.00 0.00 -2.05 -0.00 0.00 -1.01 -0.00 -0.00 0.00 2.00 0.01 -0.19 -0.01 0.12 -3.46 -0.01 0.06 -1.72 -0.00 -0.00 0.00 4.00 0.01 -0.11 -0.01 0.16 -2.25 -0.00 0.08 -1.11
-58.2032 -0.1221 -60.6411 106.31 0.10 0.03 -0.26 1.83 -0.12 1.78 1.99 0.03 -1.52 -4.07 0.10 0.00 0.00 -0.00 1.02 1.87 0.16 -0.59 1.68 -0.01 -0.40 -3.76 -0.14 0.00 0.00 0.00 0.44 -0.01 0.18 0.56 -0.01 0.03 0.61 -0.01 0.03 0.61 -0.01 0.03 -1.38 1.02 -0.44 -1.17 0.87 -0.37 -4.68 -1.40 -24.85 21.28 1.10 24.37 -1.11 -17.98 4.00 6.57 -6.94 -2.48 1.42 -0.94 1.44 -1.56 -0.13 6.06 -2.40 0.44 9.02 0.00 0.00 0.00 2.00 -0.01 0.20 -0.01 -0.13 3.70 -0.01 -0.06 1.84 0.00 0.00 0.00 -0.00 0.00 0.60 -0.00 0.00 8.47 -0.00 -0.00 4.27 0.00 0.00 0.00 -2.00 0.03 0.87 0.08 0.37 10.97 0.06 0.19 5.58 0.00 0.00 0.00 -4.00 0.03 0.37 0.04 0.41 5.91 0.03 0.20 2.95 -1.11 2.85 11.64 -9.18 -1.15 -8.61 0.35 -14.71 -2.05 1.54 -7.65 -8.60 -0.43 4.61 -0.40 -0.55 1.85 -1.21 -0.91 2.79 -1.79 -0.00 -0.00 0.00 -2.00 -0.00 -0.08 0.00 -0.06 -1.74 0.00 -0.03 -0.86 -0.00 -0.00 0.00 -0.00 0.00 -0.10 -0.00 0.00 -2.07 -0.00 0.00 -1.02 -0.00 -0.00 0.00 2.00 0.01 -0.19 -0.01 0.12 -3.45 -0.01 0.06 -1.71 -0.00 -0.00 0.00 4.00 0.01 -0.11 -0.01 0.16 -2.24 -0.00 0.08 -1.11
-58.2103 -0.1222 -60.6428 106.40 0.10 0.04 -0.30 1.84 -0.12 1.77 1.99 0.03 -1.55 -4.07 0.10 -0.00 -0.00 0.00 0.99 1.83 0.15 -0.63 1.72 -0.01 -0.43 -3.77 -0.13 0.00 0.00 0.00 0.45 -0.01 0.19 0.57 -0.01 0.03 0.62 -0.01 0.03 0.62 -0.01 0.03 -1.41 1.02 -0.45 -1.20 0.87 -0.38 -4.96 -1.47 -25.59 21.48 1.09 23.02 -1.12 -18.00 3.91 6.31 -6.73 -2.84 1.42 -1.16 1.44 -1.59 -0.22 6.10 -2.47 0.32 9.06 -0.00 0.00 -0.00 2.00 -0.01 0.21 -0.01 -0.13 3.74 -0.01 -0.06 1.86 -0.00 0.00 -0.00 -0.00 0.00 0.61 -0.00 0.00 8.61 -0.00 -0.00 4.34 -0.00 0.00 -0.00 -2.00 0.03 0.88 0.08 0.38 11.05 0.06 0.19 5.62 -0.00 0.00 -0.00 -4.00 0.03 0.37 0.05 0.41 5.92 0.03 0.20 2.96 -1.19 2.78 11.91 -9.20 -1.56 -7.00 0.34 -14.51 -1.79 1.57 -7.63 -8.52 -0.44 4.64 -0.41 -0.56 1.86 -1.23 -0.93 2.80 -1.82 -0.00 -0.00 0.00 -2.00 -0.00 -0.09 0.00 -0.06 -1.77 0.00 -0.03 -0.87 -0.00 -0.00 0.00 -0.00 0.00 -0.10 -0.00 0.00 -2.10 -0.00 0.00 -1.04 -0.00 -0.00 0.00 2.00 0.01 -0.19 -0.01 0.12 -3.47 -0.01 0.06 -1.72 -0.00 -0.00 0.00 4.00 0.01 -0.11 -0.01 0.16 -2.25 -0.00 0.08 -1.11
-58.2162 -0.1220 -60.6464 106.48 0.09 0.04 -0.34 1.86 -0.12 1.75 1.97 0.03 -1.58 -4.07 0.10 0.00 0.00 0.00 0.98 1.80 0.15 -0.67 1.77 -0.01 -0.45 -3.78 -0.13 -0.00 0.00 -0.00 0.46 -0.01 0.21 0.58 -0.01 0.03 0.63 -0.01 0.04 0.63 -0.01 0.04 -1.44 1.04 -0.46 -1.23 0.88 -0.39 -5.15 -1.54 -26.19 21.53 0.87 21.78 -1.09 -17.87 3.74 5.98 -6.34 -3.12 1.42 -1.33 1.45 -1.61 -0.28 6.11 -2.52 0.23 9.08 -0.00 -0.00 -0.00 2.00 -0.01 0.21 -0.01 -0.13 3.77 -0.01 -0.06 1.87 -0.00 -0.00 -0.00 -0.00 0.00 0.62 -0.00 0.00 8.68 -0.00 0.00 4.38 -0.00 -0.00 -0.00 -2.00 0.03 0.88 0.08 0.38 11.10 0.06 0.19 5.65 -0.00 -0.00 -0.00 -4.00 0.03 0.37 0.05 0.41 5.93 0.03 0.20 2.96 -1.26 2.73 12.10 -9.20 -2.20 -5.55 0.31 -14.21 -1.49 1.54 -7.51 -8.30 -0.44 4.68 -0.41 -0.56 1.88 -1.26 -0.93 2.83 -1.87 0.00 0.00 -0.00 -2.00 -0.00 -0.09 0.00 -0.06 -1.81 0.00 -0.03 -0.89 0.00 0.00 -0.00 -0.00 0.00 -0.11 -0.00 0.00 -2.14 -0.00 0.00 -1.06 0.00 0.00 -0.00 2.00 0.01 -0.19 -0.01 0.12 -3.49 -0.01 0.06 -1.73 0.00 0.00 -0.00 4.00 0.01 -0.11 -0.01 0.16 -2.26 -0.00 0.08 -1.11
-58.2201 -0.1219 -60.6514 106.53 0.09 0.04 -0.37 1.88 -0.12 1.75 1.94 0.03 -1.60 -4.06 0.11 0.00 -0.00 -0.00 0.96 1.77 0.15 -0.70 1.82 -0.01 -0.47 -3.80 -0.13 0.00 0.00 -0.00 0.47 -0.01 0.22 0.59 -0.01 0.04 0.64 -0.01 0.04 0.64 -0.01 0.04 -1.48 1.05 -0.47 -1.26 0.90 -0.40 -5.16 -1.66 -26.51 21.42 0.65 20.58 -1.04 -17.64 3.53 5.64 -5.87 -3.34 1.41 -1.46 1.45 -1.62 -0.33 6.13 -2.54 0.17 9.11 0.00 0.00 -0.00 2.00 -0.01 0.21 -0.01 -0.13 3.79 -0.01 -0.07 1.88 0.00 0.00 -0.00 -0.00 0.00 0.62 -0.00 0.00 8.74 -0.00 0.00 4.41 0.00 0.00 -0.00 -2.00 0.03 0.89 0.08 0.38 11.12 0.06 0.19 5.66 0.00 0.00 -0.00 -4.00 0.03 0.37 0.05 0.41 5.94 0.03 0.20 2.97 -1.32 2.69 12.22 -9.21 -2.96 -4.27 0.27 -13.87 -1.22 1.47 -7.34 -8.01 -0.44 4.73 -0.41 -0.55 1.89 -1.29 -0.92 2.86 -1.92 0.00 -0.00 0.00 -2.00 -0.00 -0.09 0.00 -0.06 -1.84 0.00 -0.03 -0.91 0.00 -0.00 0.00 -0.00 0.00 -0.11 -0.00 0.00 -2.17 -0.00 0.00 -1.07 0.00 -0.00 0.00 2.00 0.01 -0.19 -0.01 0.12 -3.51 -0.01 0.06 -1.74 0.00 -0.00 0.00 4.00 0.01 -0.11 -0.01 0.16 -2.26 -0.00 0.08 -1.12
-58.2243 -0.1220 -60.6570 106.57 0.09 0.04 -0.38 1.90 -0.13 1.74 1.91 0.03 -1.61 -4.05 0.11 0.00 0.00 0.00 0.96 1.75 0.15 -0.72 1.86 -0.01 -0.48 -3.82 -0.12 -0.00 -0.00 0.00 0.49 -0.01 0.25 0.61 -0.01 0.04 0.66 -0.01 0.04 0.66 -0.01 0.04 -1.52 1.06 -0.49 -1.29 0.91 -0.41 -5.04 -1.83 -26.62 21.21 0.51 19.47 -0.98 -17.38 3.30 5.33 -5.38 -3.50 1.41 -1.54 1.45 -1.62 -0.36 6.14 -2.56 0.12 9.12 -0.00 -0.00 -0.00 2.00 -0.01 0.21 -0.01 -0.13 3.81 -0.01 -0.07 1.89 -0.00 -0.00 -0.00 -0.00 0.00 0.63 -0.00 0.00 8.78 -0.00 0.00 4.43 -0.00 -0.00 -0.00 -2.00 0.03 0.89 0.08 0.38 11.15 0.06 0.19 5.67 -0.00 -0.00 -0.00 -4.00 0.03 0.37 0.05 0.41 5.95 0.03 0.20 2.97 -1.41 2.67 12.27 -9.25 -3.72 -3.18 0.23 -13.56 -0.99 1.37 -7.17 -7.70 -0.44 4.77 -0.41 -0.53 1.91 -1.32 -0.90 2.88 -1.96 0.00 -0.00 -0.00 -2.00 -0.00 -0.09 0.00 -0.06 -1.87 0.00 -0.03 -0.92 0.00 -0.00 -0.00 -0.00 0.00 -0.11 -0.00 0.00 -2.20 -0.00 0.00 -1.09 0.00 -0.00 -0.00 2.00 0.01 -0.19 -0.01 0.12 -3.53 -0.01 0.06 -1.75 0.00 -0.00 -0.00 4.00 0.01 -0.11 -0.01 0.16 -2.27 -0.00 0.08 -1.12
-58.2283 -0.1221 -60.6629 106.58 0.08 0.03 -0.39 1.92 -0.13 1.74 1.88 0.03 -1.61 -4.04 0.11 -0.00 -0.00 0.00 0.96 1.73 0.15 -0.72 1.90 -0.01 -0.49 -3.83 -0.12 -0.00 0.00 0.00 0.51 -0.01 0.27 0.63 -0.01 0.04 0.68 -0.01 0.04 0.68 -0.01 0.04 -1.56 1.07 -0.50 -1.33 0.91 -0.42 -4.86 -1.99 -26.59 21.01 0.42 18.51 -0.91 -17.19 3.08 5.09 -4.95 -3.63 1.42 -1.57 1.46 -1.62 -0.37 6.16 -2.57 0.11 9.15 -0.00 -0.00 -0.00 2.00 -0.01 0.21 -0.01 -0.13 3.86 -0.01 -0.07 1.91 -0.00 -0.00 -0.00 0.00 0.00 0.64 0.00 0.00 8.88 0.00 0.00 4.48 -0.00 -0.00 -0.00 -2.00 0.03 0.90 0.08 0.38 11.23 0.06 0.19 5.72 -0.00 -0.00 -0.00 -4.00 0.03 0.37 0.05 0.41 5.96 0.03 0.21 2.98 -1.50 2.68 12.27 -9.39 -4.39 -2.30 0.19 -13.34 -0.80 1.29 -7.04 -7.38 -0.44 4.80 -0.41 -0.51 1.92 -1.35 -0.87 2.91 -2.00 -0.00 -0.00 0.00 -2.00 -0.00 -0.09 0.00 -0.07 -1.89 0.00 -0.03 -0.93 -0.00 -0.00 0.00 -0.00 0.00 -0.11 -0.00 0.00 -2.23 -0.00 0.00 -1.10 -0.00 -0.00 0.00 2.00 0.01 -0.19 -0.01 0.12 -3.56 -0.01 0.06 -1.77 -0.00 -0.00 0.00 4.00 0.01 -0.11 -0.01 0.16 -2.28 -0.00 0.08 -1.13
-58.2337 -0.1212 -60.6688 106.57 0.08 0.03 -0.40 1.94 -0.13 1.74 1.85 0.03 -1.59 -4.02 0.12 0.00 0.00 -0.00 0.97 1.72 0.15 -0.72 1.94 -0.01 -0.49 -3.85 -0.11 -0.00 0.00 -0.00 0.52 -0.01 0.31 0.65 -0.01 0.04 0.70 -0.01 0.05 0.70 -0.01 0.05 -1.60 1.07 -0.51 -1.36 0.92 -0.43 -4.65 -2.15 -26.47 20.86 0.42 17.73 -0.86 -17.09 2.91 4.94 -4.65 -3.74 1.43 -1.56 1.47 -1.62 -0.37 6.19 -2.56 0.13 9.19 0.00 0.00 0.00 2.00 -0.01 0.22 -0.01 -0.14 3.91 -0.01 -0.07 1.94 0.00 0.00 0.00 0.00 0.00 0.65 0.00 0.00 8.96 0.00 0.00 4.53 0.00 0.00 0.00 -2.00 0.03 0.91 0.08 0.38 11.31 0.06 0.19 5.76 0.00 0.00 0.00 -4.00 0.03 0.37 0.05 0.42 5.98 0.03 0.21 2.99 -1.59 2.71 12.24 -9.59 -4.92 -1.63 0.16 -13.21 -0.66 1.18 -7.00 -7.12 -0.44 4.84 -0.41 -0.48 1.94 -1.37 -0.83 2.94 -2.04 0.00 -0.00 -0.00 -2.00 -0.00 -0.09 0.00 -0.07 -1.91 0.00 -0.03 -0.94 0.00 -0.00 -0.00 -0.00 0.00 -0.11 -0.00 0.00 -2.26 -0.00 0.00 -1.11 0.00 -0.00 -0.00 2.00 0.01 -0.20 -0.01 0.13 -3.59 -0.01 0.06 -1.78 0.00 -0.00 -0.00 4.00 0.01 -0.12 -0.01 0.16 -2.30 -0.00 0.08 -1.14
-58.2381 -0.1217 -60.6739 106.54 0.08 0.03 -0.41 1.95 -0.13 1.74 1.82 0.03 -1.56 -4.00 0.12 -0.00 -0.00 0.00 0.98 1.71 0.14 -0.69 1.96 -0.01 -0.50 -3.86 -0.11 -0.00 0.00 -0.00 0.53 -0.01 0.34 0.66 -0.01 0.05 0.72 -0.01 0.05 0.72 -0.01 0.05 -1.63 1.07 -0.53 -1.39 0.92 -0.45 -4.47 -2.27 -26.30 20.80 0.53 17.13 -0.83 -17.13 2.80 4.87 -4.50 -3.82 1.44 -1.49 1.48 -1.62 -0.34 6.22 -2.55 0.18 9.24 0.00 0.00 0.00 2.00 -0.01 0.22 -0.01 -0.14 3.95 -0.01 -0.07 1.96 0.00 0.00 0.00 0.00 0.00 0.66 0.00 0.00 9.07 0.00 0.00 4.58 0.00 0.00 0.00 -2.00 0.03 0.92 0.09 0.39 11.41 0.06 0.19 5.81 0.00 0.00 0.00 -4.00 0.03 0.37 0.05 0.42 6.00 0.03 0.21 3.00 -1.67 2.76 12.20 -9.86 -5.26 -1.20 0.14 -13.21 -0.56 1.06 -7.05 -6.97 -0.44 4.87 -0.40 -0.46 1.95 -1.39 -0.80 2.96 -2.07 0.00 -0.00 -0.00 -2.00 -0.00 -0.09 0.00 -0.07 -1.92 0.00 -0.03 -0.95 0.00 -0.00 -0.00 -0.00 0.00 -0.11 -0.00 0.00 -2.28 -0.00 0.00 -1.12 0.00 -0.00 -0.00 2.00 0.01 -0.20 -0.01 0.13 -3.61 -0.01 0.06 -1.79 0.00 -0.00 -0.00 4.00 0.01 -0.12 -0.01 0.16 -2.31 -0.00 0.08 -1.14
-58.2406 -0.1213 -60.6796 106.50 0.07 0.02 -0.41 1.96 -0.14 1.74 1.79 0.03 -1.52 -3.98 0.12 0.00 0.00 0.00 0.98 1.70 0.14 -0.66 1.99 -0.01 -0.50 -3.88 -0.11 -0.00 0.00 -0.00 0.55 -0.01 0.38 0.68 -0.01 0.05 0.73 -0.01 0.06 0.73 -0.01 0.06 -1.65 1.07 -0.55 -1.41 0.92 -0.46 -4.29 -2.38 -26.07 20.84 0.75 16.76 -0.80 -17.29 2.67 4.91 -4.55 -3.85 1.46 -1.38 1.49 -1.61 -0.29 6.26 -2.52 0.25 9.30 -0.00 -0.00 0.00 2.00 -0.01 0.22 -0.01 -0.14 3.99 -0.01 -0.07 1.98 -0.00 -0.00 0.00 0.00 0.00 0.67 0.00 0.00 9.14 0.00 0.00 4.62 -0.00 -0.00 0.00 -2.00 0.03 0.93 0.09 0.39 11.45 0.06 0.19 5.83 -0.00 -0.00 0.00 -4.00 0.03 0.38 0.05 0.42 6.02 0.03 0.21 3.01 -1.77 2.83 12.12 -10.14 -5.41 -0.95 0.13 -13.31 -0.54 0.95 -7.20 -6.95 -0.42 4.90 -0.39 -0.43 1.97 -1.38 -0.76 2.97 -2.05 -0.00 -0.00 0.00 -2.00 -0.00 -0.09 0.00 -0.07 -1.91 0.00 -0.03 -0.94 -0.00 -0.00 0.00 -0.00 0.00 -0.11 0.00 0.00 -2.27 0.00 0.00 -1.12 -0.00 -0.00 0.00 2.00 0.01 -0.20 -0.01 0.13 -3.61 -0.01 0.06 -1.79 -0.00 -0.00 0.00 4.00 0.01 -0.12 -0.01 0.16 -2.31 -0.00 0.08 -1.14
-58.2421 -0.1210 -60.6846 106.45 0.07 0.02 -0.41 1.98 -0.14 1.74 1.76 0.03 -1.48 -3.96 0.13 0.00 0.00 0.00 0.99 1.70 0.14 -0.61 2.00 -0.01 -0.50 -3.89 -0.10 -0.00 -0.00 0.00 0.55 -0.01 0.42 0.69 -0.01 0.06 0.74 -0.01 0.06 0.74 -0.01 0.06 -1.66 1.07 -0.57 -1.41 0.91 -0.48 -4.12 -2.47 -25.80 20.94 1.00 16.63 -0.79 -17.54 2.61 5.10 -4.81 -3.81 1.49 -1.15 1.52 -1.57 -0.20 6.31 -2.45 0.40 9.38 -0.00 0.00 0.00 2.00 -0.01 0.22 -0.01 -0.14 4.02 -0.01 -0.07 2.00 -0.00 0.00 0.00 0.00 0.00 0.67 0.00 0.00 9.20 0.00 0.00 4.65 -0.00 0.00 0.00 -2.00 0.03 0.93 0.09 0.39 11.48 0.06 0.19 5.85 -0.00 0.00 0.00 -4.00 0.03 0.38 0.05 0.42 6.04 0.03 0.21 3.02 -1.89 2.91 12.02 -10.53 -5.24 -1.00 0.15 -13.60 -0.60 0.86 -7.49 -6.94 -0.42 4.92 -0.39 -0.42 1.97 -1.40 -0.73 2.98 -2.08 0.00 -0.00 0.00 -2.00 -0.00 -0.09 0.00 -0.07 -1.92 0.00 -0.03 -0.95 0.00 -0.00 0.00 -0.00 0.00 -0.11 -0.00 0.00 -2.28 -0.00 0.00 -1.13 0.00 -0.00 0.00 2.00 0.01 -0.20 -0.01 0.13 -3.63 -0.01 0.06 -1.80 0.00 -0.00 0.00 4.00 0.01 -0.12 -0.01 0.16 -2.33 -0.01 0.08 -1.15
-58.2431 -0.1212 -60.6877 106.40 0.07 0.02 -0.41 1.99 -0.14 1.75 1.72 0.03 -1.42 -3.94 0.13 -0.00 -0.00 0.00 1.00 1.71 0.14 -0.56 2.01 -0.01 -0.50 -3.91 -0.10 0.00 -0.00 -0.00 0.56 -0.01 0.46 0.69 -0.01 0.07 0.75 -0.01 0.07 0.75 -0.01 0.07 -1.66 1.07 -0.60 -1.41 0.91 -0.51 -3.94 -2.56 -25.48 21.05 1.24 16.70 -0.80 -17.81 2.60 5.41 -5.24 -3.72 1.52 -0.90 1.54 -1.53 -0.10 6.35 -2.36 0.55 9.45 0.00 0.00 -0.00 2.00 -0.01 0.23 -0.01 -0.14 4.03 -0.01 -0.07 2.00 0.00 0.00 -0.00 0.00 0.00 0.67 0.00 0.00 9.20 0.00 0.00 4.65 0.00 0.00 -0.00 -2.00 0.03 0.94 0.09 0.39 11.55 0.07 0.19 5.88 0.00 0.00 -0.00 -4.00 0.03 0.38 0.05 0.42 6.05 0.03 0.21 3.03 -2.02 2.99 11.91 -10.99 -4.80 -1.30 0.18 -14.06 -0.66 0.81 -7.87 -7.15 -0.42 4.92 -0.39 -0.39 1.97 -1.42 -0.70 2.99 -2.11 -0.00 0.00 -0.00 -2.00 -0.00 -0.09 0.00 -0.07 -1.93 0.00 -0.03 -0.95 -0.00 0.00 -0.00 0.00 0.00 -0.11 0.00 -0.00 -2.28 0.00 -0.00 -1.12 -0.00 0.00 -0.00 2.00 0.01 -0.20 -0.01 0.13 -3.63 -0.01 0.06 -1.80 -0.00 0.00 -0.00 4.00 0.01 -0.12 -0.01 0.16 -2.33 -0.01 0.08 -1.15
-58.2435 -0.1208 -60.6902 106.34 0.07 0.01 -0.40 2.00 -0.14 1.75 1.70 0.03 -1.37 -3.92 0.13 -0.00 -0.00 -0.00 1.00 1.72 0.15 -0.51 2.01 -0.01 -0.51 -3.91 -0.10 0.00 -0.00 0.00 0.56 -0.01 0.50 0.69 -0.01 0.08 0.75 -0.01 0.09 0.75 -0.01 0.09 -1.64 1.07 -0.63 -1.39 0.91 -0.54 -3.75 -2.63 -25.12 21.16 1.44 16.96 -0.82 -18.08 2.61 5.85 -5.82 -3.55 1.55 -0.61 1.56 -1.47 0.02 6.39 -2.24 0.73 9.51 0.00 0.00 -0.00 2.00 -0.01 0.23 -0.01 -0.14 4.03 -0.01 -0.07 2.00 0.00 0.00 -0.00 -0.00 -0.00 0.67 -0.00 -0.00 9.17 -0.00 -0.00 4.63 0.00 0.00 -0.00 -2.00 0.03 0.93 0.09 0.39 11.50 0.06 0.19 5.86 0.00 0.00 -0.00 -4.00 0.03 0.38 0.05 0.42 6.07 0.04 0.21 3.03 -2.14 3.08 11.77 -11.50 -4.30 -1.83 0.22 -14.57 -0.75 0.79 -8.26 -7.45 -0.42 4.91 -0.38 -0.37 1.97 -1.43 -0.66 2.99 -2.13 -0.00 -0.00 -0.00 -2.00 -0.00 -0.09 0.00 -0.07 -1.93 0.00 -0.03 -0.95 -0.00 -0.00 -0.00 -0.00 -0.00 -0.11 0.00 0.00 -2.27 0.00 0.00 -1.12 -0.00 -0.00 -0.00 2.00 0.01 -0.20 -0.01 0.12 -3.59 -0.01 0.06 -1.78 -0.00 -0.00 -0.00 4.00 0.01 -0.12 -0.01 0.16 -2.33 -0.01 0.08 -1.15
-58.2442 -0.1206 -60.6912 106.28 0.06 0.01 -0.39 2.01 -0.14 1.75 1.67 0.03 -1.32 -3.90 0.13 0.00 0.00 -0.00 1.01 1.73 0.15 -0.45 2.01 -0.01 -0.51 -3.92 -0.10 0.00 0.00 0.00 0.56 -0.01 0.54 0.69 -0.01 0.09 0.74 -0.01 0.10 0.74 -0.01 0.10 -1.61 1.07 -0.67 -1.37 0.91 -0.57 -3.54 -2.68 -24.67 21.26 1.59 17.47 -0.80 -18.34 2.50 6.32 -6.44 -3.36 1.57 -0.31 1.57 -1.41 0.13 6.42 -2.12 0.91 9.56 0.00 -0.00 -0.00 2.00 -0.01 0.22 -0.01 -0.14 4.02 -0.01 -0.07 2.00 0.00 -0.00 -0.00 -0.00 -0.00 0.66 -0.00 -0.00 9.11 -0.00 -0.00 4.60 0.00 -0.00 -0.00 -2.00 0.03 0.94 0.09 0.39 11.52 0.06 0.19 5.87 0.00 -0.00 -0.00 -4.00 0.03 0.38 0.05 0.42 6.13 0.04 0.21 3.07 -2.23 3.18 11.58 -12.00 -3.86 -2.56 0.25 -15.04 -0.82 0.79 -8.61 -7.77 -0.41 4.90 -0.38 -0.34 1.97 -1.45 -0.62 2.98 -2.15 0.00 0.00 0.00 -2.00 -0.00 -0.09 0.00 -0.07 -1.93 0.00 -0.03 -0.95 0.00 0.00 0.00 0.00 0.00 -0.11 0.00 0.00 -2.26 0.00 0.00 -1.12 0.00 0.00 0.00 2.00 0.01 -0.19 -0.01 0.12 -3.58 -0.01 0.06 -1.78 0.00 0.00 0.00 4.00 0.01 -0.12 -0.01 0.16 -2.35 -0.01 0.08 -1.16
-58.2454 -0.1206 -60.6912 106.22 0.06 0.01 -0.37 2.01 -0.14 1.75 1.65 0.03 -1.29 -3.88 0.13 -0.00 -0.00 0.00 1.02 1.74 0.15 -0.40 2.01 -0.01 -0.51 -3.93 -0.10 0.00 -0.00 -0.00 0.55 -0.01 0.57 0.68 -0.01 0.11 0.74 -0.01 0.12 0.74 -0.01 0.12 -1.57 1.05 -0.71 -1.34 0.90 -0.60 -3.34 -2.69 -24.18 21.35 1.67 18.20 -0.80 -18.54 2.45 6.71 -7.04 -3.11 1.60 0.16 1.58 -1.32 0.32 6.43 -1.94 1.17 9.59 0.00 -0.00 0.00 2.00 -0.01 0.22 -0.01 -0.14 3.92 -0.01 -0.07 1.95 0.00 -0.00 0.00 -0.00 0.00 0.64 -0.00 0.00 8.87 -0.00 0.00 4.48 0.00 -0.00 0.00 -2.00 0.03 0.92 0.08 0.39 11.38 0.06 0.19 5.79 0.00 -0.00 0.00 -4.00 0.03 0.38 0.05 0.42 6.10 0.04 0.21 3.05 -2.30 3.30 11.35 -12.54 -3.58 -3.62 0.28 -15.42 -0.89 0.76 -8.89 -7.89 -0.41 4.89 -0.38 -0.31 1.96 -1.46 -0.57 2.97 -2.18 -0.00 -0.00 -0.00 -2.00 -0.00 -0.09 0.00 -0.07 -1.93 0.00 -0.03 -0.95 -0.00 -0.00 -0.00 0.00 0.00 -0.11 0.00 0.00 -2.25 0.00 0.00 -1.11 -0.00 -0.00 -0.00 2.00 0.01 -0.19 -0.01 0.12 -3.54 -0.01 0.06 -1.76 -0.00 -0.00 -0.00 4.00 0.01 -0.12 -0.01 0.16 -2.34 -0.01 0.08 -1.15
-58.2466 -0.1207 -60.6906 106.16 0.06 0.01 -0.34 2.02 -0.14 1.75 1.63 0.02 -1.26 -3.87 0.12 -0.00 0.00 -0.00 1.04 1.74 0.15 -0.36 2.01 -0.01 -0.51 -3.93 -0.10 0.00 0.00 0.00 0.55 -0.01 0.60 0.68 -0.01 0.12 0.73 -0.01 0.13 0.73 -0.01 0.13 -1.53 1.04 -0.75 -1.30 0.88 -0.64 -3.14 -2.68 -23.64 21.43 1.71 19.08 -0.81 -18.67 2.49 7.00 -7.54 -2.85 1.59 0.62 1.57 -1.24 0.49 6.40 -1.77 1.42 9.56 -0.00 -0.00 -0.00 2.00 -0.01 0.21 -0.01 -0.13 3.86 -0.01 -0.07 1.92 -0.00 -0.00 -0.00 -0.00 0.00 0.61 -0.00 0.00 8.61 -0.00 0.00 4.34 -0.00 -0.00 -0.00 -2.00 0.03 0.90 0.08 0.38 11.21 0.06 0.19 5.70 -0.00 -0.00 -0.00 -4.00 0.03 0.38 0.05 0.42 6.06 0.03 0.21 3.03 -2.34 3.40 11.09 -13.07 -3.47 -4.92 0.31 -15.67 -1.00 0.74 -9.09 -8.04 -0.39 4.86 -0.36 -0.26 1.95 -1.45 -0.50 2.96 -2.16 -0.00 -0.00 -0.00 -2.00 -0.00 -0.09 0.00 -0.07 -1.90 0.00 -0.03 -0.94 -0.00 -0.00 -0.00 -0.00 0.00 -0.11 0.00 0.00 -2.21 0.00 0.00 -1.09 -0.00 -0.00 -0.00 2.00 0.01 -0.19 -0.01 0.12 -3.48 -0.01 0.06 -1.72 -0.00 -0.00 -0.00 4.00 0.01 -0.12 -0.01 0.16 -2.33 -0.01 0.08 -1.15
-58.2478 -0.1203 -60.6899 106.11 0.06 0.00 -0.31 2.02 -0.14 1.75 1.62 0.02 -1.24 -3.86 0.12 0.00 -0.00 0.00 1.06 1.75 0.15 -0.33 2.01 -0.01 -0.51 -3.94 -0.10 0.00 -0.00 0.00 0.55 -0.01 0.62 0.68 -0.01 0.14 0.73 -0.01 0.16 0.73 -0.01 0.16 -1.49 1.01 -0.80 -1.27 0.86 -0.68 -2.94 -2.65 -23.08 21.48 1.73 20.08 -0.84 -18.74 2.58 7.18 -7.96 -2.59 1.57 1.09 1.53 -1.16 0.67 6.35 -1.61 1.67 9.49 0.00 -0.00 0.00 2.00 -0.01 0.21 -0.01 -0.13 3.74 -0.01 -0.06 1.85 0.00 -0.00 0.00 -0.00 0.00 0.58 -0.00 0.00 8.31 -0.00 0.00 4.19 0.00 -0.00 0.00 -2.00 0.03 0.87 0.08 0.38 11.00 0.06 0.19 5.59 0.00 -0.00 0.00 -4.00 0.03 0.37 0.05 0.42 6.01 0.03 0.21 3.00 -2.36 3.50 10.79 -13.59 -3.46 -6.34 0.36 -15.82 -1.18 0.72 -9.22 -8.20 -0.38 4.83 -0.35 -0.23 1.94 -1.44 -0.45 2.94 -2.14 0.00 0.00 -0.00 -2.00 -0.00 -0.09 0.00 -0.06 -1.87 0.00 -0.03 -0.92 0.00 0.00 -0.00 -0.00 0.00 -0.11 0.00 0.00 -2.18 0.00 0.00 -1.08 0.00 0.00 -0.00 2.00 0.01 -0.19 -0.01 0.12 -3.47 -0.01 0.06 -1.72 0.00 0.00 -0.00 4.00 0.01 -0.12 -0.01 0.17 -2.37 -0.01 0.08 -1.17
-58.2485 -0.1207 -60.6888 106.06 0.05 0.00 -0.28 2.02 -0.13 1.75 1.61 0.02 -1.22 -3.84 0.12 -0.00 0.00 -0.00 1.09 1.76 0.15 -0.31 2.02 -0.01 -0.51 -3.95 -0.10 -0.00 0.00 -0.00 0.54 -0.01 0.65 0.67 -0.01 0.17 0.72 -0.01 0.18 0.72 -0.01 0.18 -1.44 0.98 -0.85 -1.23 0.84 -0.72 -2.68 -2.56 -22.43 21.35 1.50 21.34 -0.77 -18.52 2.41 7.29 -8.27 -2.34 1.54 1.56 1.49 -1.08 0.85 6.28 -1.46 1.92 9.39 -0.00 0.00 -0.00 2.00 -0.01 0.20 -0.01 -0.13 3.65 -0.01 -0.06 1.81 -0.00 0.00 -0.00 -0.00 0.00 0.55 -0.00 0.00 8.03 -0.00 0.00 4.04 -0.00 0.00 -0.00 -2.00 0.03 0.84 0.07 0.37 10.75 0.06 0.18 5.46 -0.00 0.00 -0.00 -4.00 0.03 0.37 0.05 0.41 5.94 0.03 0.21 2.97 -2.34 3.62 10.41 -14.08 -3.54 -7.83 0.40 -15.89 -1.36 0.70 -9.24 -8.40 -0.37 4.80 -0.35 -0.20 1.93 -1.42 -0.41 2.92 -2.12 -0.00 0.00 -0.00 -2.00 -0.00 -0.09 0.00 -0.06 -1.85 0.00 -0.03 -0.91 -0.00 0.00 -0.00 -0.00 0.00 -0.11 -0.00 0.00 -2.15 -0.00 0.00 -1.06 -0.00 0.00 -0.00 2.00 0.01 -0.18 -0.01 0.12 -3.41 -0.01 0.06 -1.69 -0.00 0.00 -0.00 4.00 0.01 -0.12 -0.01 0.16 -2.35 -0.01 0.08 -1.16
-58.2483 -0.1214 -60.6874 106.02 0.05 0.00 -0.24 2.03 -0.13 1.75 1.60 0.02 -1.21 -3.83 0.12 0.00 -0.00 0.00 1.11 1.76 0.15 -0.29 2.02 -0.01 -0.51 -3.95 -0.10 0.00 -0.00 -0.00 0.53 -0.01 0.67 0.66 -0.01 0.19 0.71 -0.01 0.20 0.71 -0.01 0.20 -1.39 0.94 -0.90 -1.18 0.80 -0.77 -2.34 -2.41 -21.75 20.91 0.84 22.81 -0.66 -17.99 2.27 7.27 -8.16 -2.08 1.47 2.21 1.41 -0.99 1.10 6.16 -1.25 2.25 9.22 0.00 0.00 0.00 2.00 -0.01 0.19 -0.01 -0.12 3.49 -0.01 -0.06 1.73 0.00 0.00 0.00 0.00 0.00 0.51 0.00 0.01 7.55 -0.00 0.00 3.80 0.00 0.00 0.00 -2.00 0.03 0.81 0.07 0.36 10.43 0.05 0.18 5.29 0.00 0.00 0.00 -4.00 0.03 0.37 0.04 0.41 5.90 0.03 0.20 2.95 -2.28 3.76 9.96 -14.47 -3.93 -9.63 0.39 -15.74 -1.39 0.71 -9.00 -8.50 -0.35 4.77 -0.33 -0.14 1.92 -1.40 -0.31 2.90 -2.10 -0.00 -0.00 -0.00 -2.00 -0.00 -0.09 0.00 -0.06 -1.83 0.00 -0.03 -0.90 -0.00 -0.00 -0.00 -0.00 0.00 -0.10 -0.00 0.00 -2.11 -0.00 0.00 -1.04 -0.00 -0.00 -0.00 2.00 0.01 -0.18 -0.01 0.12 -3.37 -0.01 0.06 -1.67 -0.00 -0.00 -0.00 4.00 0.01 -0.12 -0.01 0.16 -2.32 -0.01 0.08 -1.15
-58.2485 -0.1210 -60.6859 105.98 0.05 0.00 -0.22 2.03 -0.13 1.75 1.59 0.02 -1.20 -3.83 0.12 0.00 0.00 0.00 1.14 1.77 0.15 -0.28 2.02 -0.00 -0.51 -3.96 -0.11 -0.00 -0.00 0.00 0.52 -0.01 0.68 0.65 -0.01 0.21 0.70 -0.01 0.23 0.70 -0.01 0.23 -1.34 0.90 -0.96 -1.14 0.77 -0.82 -1.97 -2.19 -21.06 20.10 -0.34 24.52 -0.51 -17.09 2.03 7.01 -7.56 -1.80 1.38 2.85 1.32 -0.93 1.34 6.05 -1.12 2.58 9.06 -0.00 0.00 0.00 2.00 -0.01 0.18 -0.01 -0.11 3.35 -0.00 -0.06 1.66 -0.00 0.00 0.00 0.00 0.00 0.47 0.00 0.01 7.11 0.00 0.01 3.57 -0.00 0.00 0.00 -2.00 0.03 0.77 0.07 0.35 10.12 0.05 0.18 5.13 -0.00 0.00 0.00 -4.00 0.03 0.36 0.04 0.40 5.77 0.03 0.20 2.88 -2.17 3.91 9.44 -14.66 -4.73 -11.63 0.34 -15.32 -1.41 0.68 -8.43 -8.37 -0.33 4.73 -0.30 -0.07 1.90 -1.37 -0.21 2.88 -2.06 0.00 -0.00 0.00 -2.00 -0.00 -0.09 0.00 -0.06 -1.81 0.00 -0.03 -0.89 0.00 -0.00 0.00 -0.00 0.00 -0.10 -0.00 0.00 -2.07 -0.00 0.00 -1.02 0.00 -0.00 0.00 2.00 0.01 -0.18 -0.01 0.12 -3.30 -0.01 0.06 -1.63 0.00 -0.00 0.00 4.00 0.01 -0.12 -0.01 0.16 -2.31 -0.01 0.08 -1.14
-58.2491 -0.1211 -60.6829 105.95 0.05 0.00 -0.19 2.02 -0.13 1.75 1.59 0.02 -1.20 -3.82 0.12 0.00 -0.00 0.00 1.16 1.77 0.15 -0.26 2.02 -0.00 -0.51 -3.96 -0.11 -0.00 0.00 0.00 0.52 -0.01 0.70 0.64 -0.01 0.24 0.70 -0.01 0.26 0.70 -0.01 0.26 -1.32 0.86 -1.02 -1.12 0.73 -0.87 -1.59 -1.92 -20.43 18.93 -1.96 26.39 -0.34 -15.92 1.74 6.54 -6.50 -1.60 1.29 3.40 1.22 -0.94 1.56 5.97 -1.08 2.88 8.96 0.00 0.00 -0.00 2.00 -0.01 0.17 -0.01 -0.11 3.24 -0.00 -0.05 1.60 0.00 0.00 -0.00 0.00 0.00 0.44 0.00 0.01 6.77 0.00 0.01 3.39 0.00 0.00 -0.00 -2.00 0.03 0.75 0.07 0.34 9.89 0.05 0.17 5.01 0.00 0.00 -0.00 -4.00 0.02 0.35 0.04 0.40 5.75 0.03 0.20 2.87 -2.05 4.05 8.84 -14.55 -5.93 -13.80 0.24 -14.53 -1.32 0.60 -7.59 -8.03 -0.31 4.71 -0.29 -0.02 1.89 -1.35 -0.13 2.87 -2.03 0.00 0.00 -0.00 -2.00 -0.00 -0.09 0.00 -0.06 -1.79 0.00 -0.03 -0.88 0.00 0.00 -0.00 -0.00 0.00 -0.10 -0.00 0.00 -2.04 -0.00 0.00 -1.01 0.00 0.00 -0.00 2.00 0.01 -0.18 -0.01 0.11 -3.28 -0.01 0.06 -1.62 0.00 0.00 -0.00 4.00 0.01 -0.12 -0.01 0.16 -2.34 -0.01 0.08 -1.16
-58.2498 -0.1213 -60.6794 105.92 0.05 0.00 -0.17 2.02 -0.13 1.75 1.59 0.02 -1.19 -3.82 0.12 0.00 0.00 0.00 1.18 1.78 0.15 -0.26 2.02 -0.00 -0.51 -3.96 -0.11 0.00 -0.00 0.00 0.52 -0.01 0.72 0.64 -0.01 0.27 0.70 -0.01 0.29 0.70 -0.01 0.29 -1.30 0.81 -1.09 -1.11 0.69 -0.92 -1.17 -1.54 -19.80 17.21 -4.17 28.66 -0.11 -14.27 1.15 5.83 -5.05 -1.50 1.18 3.97 1.11 -0.98 1.78 5.89 -1.10 3.19 8.85 0.00 -0.00 -0.00 2.00 -0.01 0.17 -0.01 -0.11 3.13 -0.00 -0.05 1.55 0.00 -0.00 -0.00 0.00 0.00 0.41 0.00 0.01 6.43 0.00 0.01 3.22 0.00 -0.00 -0.00 -2.00 0.03 0.72 0.06 0.34 9.66 0.05 0.17 4.89 0.00 -0.00 -0.00 -4.00 0.02 0.34 0.04 0.39 5.63 0.03 0.20 2.81 -1.90 4.19 8.12 -14.09 -7.43 -16.06 0.12 -13.40 -1.19 0.44 -6.48 -7.50 -0.30 4.71 -0.28 0.02 1.89 -1.36 -0.08 2.87 -2.04 -0.00 0.00 0.00 -2.00 -0.00 -0.09 0.00 -0.06 -1.78 0.00 -0.03 -0.88 -0.00 0.00 0.00 -0.00 0.00 -0.10 -0.00 0.00 -2.01 -0.00 0.00 -0.99 -0.00 0.00 0.00 2.00 0.01 -0.17 -0.01 0.11 -3.20 -0.01 0.06 -1.58 -0.00 0.00 0.00 4.00 0.01 -0.12 -0.01 0.16 -2.31 -0.01 0.08 -1.14
-58.2504 -0.1209 -60.6764 105.89 0.05 0.00 -0.14 2.02 -0.13 1.75 1.59 0.02 -1.19 -3.81 0.12 0.00 -0.00 0.00 1.20 1.78 0.16 -0.25 2.01 -0.00 -0.51 -3.96 -0.11 0.00 0.00 -0.00 0.51 -0.01 0.75 0.64 -0.01 0.29 0.69 -0.01 0.32 0.69 -0.01 0.32 -1.27 0.76 -1.16 -1.08 0.65 -0.98 -0.71 -1.08 -19.18 15.03 -6.72 31.20 0.10 -12.38 0.64 4.88 -3.06 -1.42 1.04 4.70 0.96 -1.04 2.06 5.76 -1.13 3.57 8.67 0.00 0.00 0.00 2.00 -0.01 0.16 -0.00 -0.10 2.97 -0.00 -0.05 1.47 0.00 0.00 0.00 0.00 0.00 0.37 0.01 0.01 5.96 0.00 0.01 2.98 0.00 0.00 0.00 -2.00 0.03 0.69 0.06 0.33 9.32 0.04 0.16 4.71 0.00 0.00 0.00 -4.00 0.02 0.34 0.04 0.39 5.60 0.03 0.19 2.80 -1.69 4.32 7.30 -13.16 -9.31 -18.67 -0.05 -11.86 -0.99 0.17 -5.06 -6.81 -0.29 4.74 -0.27 0.08 1.91 -1.38 0.02 2.89 -2.08 0.00 0.00 -0.00 -2.00 -0.00 -0.09 0.00 -0.06 -1.78 0.00 -0.03 -0.88 0.00 0.00 -0.00 -0.00 0.00 -0.10 -0.00 0.00 -2.00 -0.00 0.00 -0.99 0.00 0.00 -0.00 2.00 0.01 -0.17 -0.01 0.11 -3.19 -0.00 0.06 -1.58 0.00 0.00 -0.00 4.00 0.01 -0.12 -0.01 0.16 -2.33 -0.01 0.08 -1.15
-58.2494 -0.1222 -60.6730 105.86 0.05 0.00 -0.11 2.01 -0.13 1.75 1.59 0.02 -1.18 -3.81 0.11 -0.00 -0.00 0.00 1.22 1.79 0.16 -0.23 2.00 -0.00 -0.51 -3.96 -0.11 0.00 0.00 0.00 0.50 -0.02 0.77 0.62 -0.01 0.31 0.67 -0.01 0.34 0.67 -0.01 0.34 -1.23 0.72 -1.22 -1.04 0.61 -1.04 -0.24 -0.56 -18.50 12.59 -9.33 33.84 0.26 -10.42 0.19 3.80 -0.78 -1.31 0.91 5.35 0.83 -1.11 2.31 5.61 -1.19 3.91 8.47 0.00 0.00 0.00 2.00 -0.00 0.15 -0.00 -0.09 2.82 -0.00 -0.05 1.40 0.00 0.00 0.00 0.00 0.00 0.34 0.01 0.01 5.54 0.00 0.01 2.76 0.00 0.00 0.00 -2.00 0.02 0.65 0.06 0.32 9.00 0.04 0.16 4.55 0.00 0.00 0.00 -4.00 0.02 0.33 0.04 0.38 5.46 0.03 0.19 2.73 -1.45 4.46 6.47 -11.90 -11.29 -21.40 -0.19 -10.18 -0.86 -0.15 -3.50 -6.01 -0.27 4.76 -0.25 0.17 1.92 -1.40 0.15 2.90 -2.11 -0.00 0.00 0.00 -2.00 -0.00 -0.09 0.00 -0.06 -1.81 0.00 -0.03 -0.89 -0.00 0.00 0.00 -0.00 0.00 -0.10 -0.00 0.00 -1.99 -0.00 0.00 -0.98 -0.00 0.00 0.00 2.00 0.01 -0.17 -0.01 0.11 -3.16 -0.00 0.05 -1.57 -0.00 0.00 0.00 4.00 0.01 -0.12 -0.01 0.16 -2.31 -0.01 0.08 -1.14
-58.2482 -0.1221 -60.6708 105.82 0.05 0.00 -0.08 2.01 -0.12 1.76 1.59 0.02 -1.18 -3.81 0.11 -0.00 0.00 -0.00 1.25 1.80 0.16 -0.22 1.99 -0.00 -0.51 -3.96 -0.12 0.00 -0.00 -0.00 0.48 -0.02 0.78 0.61 -0.01 0.33 0.66 -0.02 0.36 0.66 -0.02 0.36 -1.17 0.67 -1.28 -1.00 0.58 -1.09 0.20 0.03 -17.75 9.97 -11.89 36.54 0.37 -8.47 -0.17 2.66 1.66 -1.24 0.76 5.98 0.68 -1.20 2.56 5.41 -1.29 4.22 8.19 -0.00 -0.00 -0.00 2.00 -0.00 0.14 -0.00 -0.09 2.66 -0.00 -0.04 1.31 -0.00 -0.00 -0.00 0.00 0.00 0.30 0.01 0.01 5.12 0.00 0.01 2.55 -0.00 -0.00 -0.00 -2.00 0.02 0.62 0.06 0.31 8.64 0.04 0.15 4.36 -0.00 -0.00 -0.00 -4.00 0.02 0.32 0.04 0.38 5.35 0.03 0.19 2.67 -1.19 4.60 5.63 -10.30 -13.30 -24.34 -0.31 -8.36 -0.68 -0.45 -1.93 -5.14 -0.25 4.76 -0.23 0.25 1.92 -1.39 0.27 2.91 -2.10 -0.00 -0.00 0.00 -2.00 -0.00 -0.09 0.00 -0.06 -1.82 0.00 -0.03 -0.90 -0.00 -0.00 0.00 0.00 -0.00 -0.10 0.00 -0.00 -2.02 0.00 -0.00 -0.99 -0.00 -0.00 0.00 2.00 0.01 -0.17 -0.01 0.11 -3.19 -0.00 0.05 -1.58 -0.00 -0.00 0.00 4.00 0.01 -0.12 -0.01 0.16 -2.30 -0.00 0.08 -1.14
-58.2468 -0.1218 -60.6695 105.77 0.05 0.00 -0.05 2.00 -0.12 1.77 1.59 0.02 -1.18 -3.80 0.11 -0.00 -0.00 -0.00 1.28 1.81 0.16 -0.20 1.99 -0.00 -0.51 -3.96 -0.12 0.00 0.00 -0.00 0.48 -0.02 0.80 0.60 -0.01 0.35 0.65 -0.02 0.37 0.65 -0.02 0.37 -1.13 0.63 -1.34 -0.96 0.54 -1.14 0.60 0.64 -16.99 7.02 -14.36 39.65 0.46 -6.50 -0.49 1.58 4.14 -1.54 0.63 6.54 0.57 -1.37 2.78 5.36 -1.49 4.52 8.13 -0.00 0.00 -0.00 2.00 -0.00 0.13 -0.00 -0.09 2.60 -0.00 -0.04 1.29 -0.00 0.00 -0.00 0.00 0.00 0.29 0.00 0.00 4.90 0.00 0.00 2.44 -0.00 0.00 -0.00 -2.00 0.02 0.60 0.05 0.30 8.50 0.04 0.15 4.29 -0.00 0.00 -0.00 -4.00 0.02 0.32 0.04 0.37 5.33 0.03 0.18 2.66 -0.97 4.73 4.71 -8.48 -15.17 -27.32 -0.39 -6.56 -0.55 -0.74 -0.41 -4.25 -0.23 4.75 -0.21 0.32 1.91 -1.39 0.37 2.90 -2.10 -0.00 0.00 -0.00 -2.00 -0.00 -0.09 0.00 -0.06 -1.78 0.00 -0.03 -0.88 -0.00 0.00 -0.00 -0.00 0.00 -0.10 -0.00 0.00 -1.99 -0.00 0.00 -0.98 -0.00 0.00 -0.00 2.00 0.01 -0.17 -0.01 0.11 -3.15 -0.00 0.05 -1.56 -0.00 0.00 -0.00 4.00 0.01 -0.12 -0.01 0.16 -2.30 -0.00 0.08 -1.13
-58.2446 -0.1229 -60.6680 105.71 0.05 0.00 -0.01 2.00 -0.12 1.79 1.59 0.02 -1.18 -3.80 0.11 -0.00 0.00 0.00 1.31 1.82 0.16 -0.18 1.98 -0.00 -0.51 -3.97 -0.12 0.00 0.00 -0.00 0.47 -0.02 0.82 0.59 -0.01 0.36 0.64 -0.02 0.39 0.64 -0.02 0.39 -1.09 0.59 -1.41 -0.93 0.51 -1.20 0.98 1.23 -16.24 3.93 -16.52 42.93 0.50 -4.69 -0.73 0.45 6.44 -1.85 0.50 7.25 0.44 -1.64 3.06 5.30 -1.84 4.91 8.08 -0.00 0.00 0.00 2.00 -0.00 0.13 -0.00 -0.09 2.54 -0.00 -0.04 1.25 -0.00 0.00 0.00 0.00 0.00 0.27 0.00 0.00 4.71 0.00 0.00 2.34 -0.00 0.00 0.00 -2.00 0.02 0.59 0.05 0.29 8.38 0.03 0.14 4.22 -0.00 0.00 0.00 -4.00 0.02 0.32 0.04 0.37 5.29 0.03 0.18 2.64 -0.75 4.82 3.74 -6.32 -16.84 -30.60 -0.47 -4.77 -0.42 -1.05 1.15 -3.40 -0.21 4.74 -0.19 0.38 1.91 -1.40 0.46 2.89 -2.12 0.00 -0.00 0.00 -2.00 -0.00 -0.09 0.00 -0.06 -1.83 0.00 -0.03 -0.90 0.00 -0.00 0.00 0.00 -0.00 -0.10 0.00 -0.00 -2.04 0.00 -0.00 -1.01 0.00 -0.00 0.00 2.00 0.01 -0.17 -0.01 0.11 -3.16 -0.00 0.05 -1.56 0.00 -0.00 0.00 4.00 0.01 -0.12 -0.01 0.16 -2.31 -0.00 0.08 -1.14
-58.2433 -0.1236 -60.6649 105.65 0.05 0.00 0.03 1.99 -0.12 1.80 1.59 0.02 -1.17 -3.79 0.11 0.00 0.00 0.00 1.34 1.83 0.16 -0.15 1.98 -0.00 -0.51 -3.97 -0.12 0.00 0.00 0.00 0.45 -0.02 0.83 0.57 -0.01 0.38 0.61 -0.01 0.41 0.61 -0.01 0.41 -1.02 0.57 -1.46 -0.87 0.48 -1.24 1.42 1.78 -15.42 0.80 -18.28 46.27 0.50 -3.09 -0.91 -0.64 8.49 -2.23 0.39 7.87 0.34 -1.93 3.32 5.34 -2.22 5.26 8.19 -0.00 -0.00 0.00 2.00 -0.00 0.13 -0.00 -0.09 2.55 -0.00 -0.04 1.26 -0.00 -0.00 0.00 0.00 0.00 0.27 0.00 0.00 4.65 0.00 0.00 2.32 -0.00 -0.00 0.00 -2.00 0.02 0.59 0.05 0.29 8.42 0.03 0.14 4.24 -0.00 -0.00 0.00 -4.00 0.02 0.31 0.04 0.37 5.25 0.03 0.18 2.62 -0.49 4.91 2.76 -3.97 -18.23 -34.03 -0.56 -3.09 -0.30 -1.36 2.66 -2.55 -0.20 4.73 -0.18 0.43 1.91 -1.41 0.54 2.89 -2.14 -0.00 0.00 -0.00 -2.00 -0.00 -0.09 0.00 -0.07 -1.87 0.00 -0.03 -0.92 -0.00 0.00 -0.00 0.00 -0.00 -0.10 0.00 -0.00 -2.09 0.00 -0.00 -1.03 -0.00 0.00 -0.00 2.00 0.01 -0.17 -0.01 0.11 -3.22 -0.00 0.06 -1.59 -0.00 0.00 -0.00 4.00 0.01 -0.12 -0.01 0.16 -2.37 -0.01 0.08 -1.17
-58.2413 -0.1243 -60.6605 105.59 0.05 0.00 0.06 1.99 -0.12 1.83 1.58 0.03 -1.17 -3.78 0.10 0.00 0.00 -0.00 1.37 1.83 0.16 -0.12 1.98 -0.00 -0.51 -3.98 -0.12 0.00 0.00 0.00 0.41 -0.01 0.84 0.53 -0.01 0.38 0.57 -0.01 0.41 0.57 -0.01 0.41 -0.92 0.55 -1.49 -0.78 0.47 -1.27 1.93 2.33 -14.41 -2.20 -19.63 49.43 0.47 -1.75 -1.07 -1.65 10.31 -2.52 0.28 8.48 0.24 -2.24 3.56 5.36 -2.63 5.58 8.26 0.00 -0.00 -0.00 2.00 -0.00 0.13 -0.00 -0.09 2.49 -0.00 -0.04 1.23 0.00 -0.00 -0.00 0.00 0.00 0.26 0.00 0.00 4.48 0.00 0.00 2.23 0.00 -0.00 -0.00 -2.00 0.02 0.58 0.05 0.29 8.28 0.03 0.14 4.17 0.00 -0.00 -0.00 -4.00 0.02 0.31 0.04 0.36 5.23 0.03 0.18 2.61 -0.17 4.99 1.83 -1.57 -19.32 -37.50 -0.67 -1.57 -0.24 -1.64 4.06 -1.71 -0.19 4.71 -0.17 0.50 1.90 -1.44 0.64 2.88 -2.18 -0.00 0.00 -0.00 -2.00 -0.00 -0.09 0.00 -0.07 -1.92 0.00 -0.03 -0.95 -0.00 0.00 -0.00 0.00 -0.00 -0.10 0.00 -0.00 -2.10 0.00 -0.00 -1.04 -0.00 0.00 -0.00 2.00 0.01 -0.17 -0.01 0.11 -3.23 -0.00 0.06 -1.60 -0.00 0.00 -0.00 4.00 0.01 -0.12 -0.01 0.17 -2.37 -0.01 0.08 -1.17
-58.2388 -0.1251 -60.6535 105.53 0.05 0.00 0.08 1.99 -0.12 1.85 1.57 0.03 -1.16 -3.77 0.10 0.00 -0.00 0.00 1.40 1.84 0.17 -0.09 1.98 -0.00 -0.51 -3.98 -0.13 -0.00 -0.00 0.00 0.36 -0.01 0.84 0.47 -0.01 0.37 0.51 -0.01 0.40 0.51 -0.01 0.40 -0.77 0.55 -1.48 -0.66 0.47 -1.26 2.49 2.85 -13.26 -5.04 -20.49 52.55 0.43 -0.63 -1.13 -2.49 11.90 -2.96 0.20 9.00 0.16 -2.53 3.77 5.35 -3.01 5.85 8.30 -0.00 -0.00 -0.00 2.00 -0.00 0.13 -0.00 -0.09 2.48 -0.00 -0.04 1.23 -0.00 -0.00 -0.00 0.00 0.00 0.25 0.00 0.00 4.36 0.00 0.00 2.17 -0.00 -0.00 -0.00 -2.00 0.02 0.57 0.04 0.28 8.22 0.03 0.14 4.14 -0.00 -0.00 -0.00 -4.00 0.02 0.32 0.04 0.37 5.28 0.03 0.18 2.63 0.21 5.10 0.94 0.77 -20.13 -40.86 -0.81 -0.24 -0.19 -1.87 5.30 -0.87 -0.17 4.69 -0.16 0.56 1.89 -1.44 0.74 2.86 -2.19 -0.00 0.00 -0.00 -2.00 -0.00 -0.10 0.00 -0.07 -1.96 0.00 -0.03 -0.97 -0.00 0.00 -0.00 -0.00 -0.00 -0.11 -0.00 -0.00 -2.15 -0.00 -0.00 -1.06 -0.00 0.00 -0.00 2.00 0.01 -0.18 -0.01 0.11 -3.29 -0.01 0.06 -1.63 -0.00 0.00 -0.00 4.00 0.01 -0.12 -0.01 0.17 -2.38 -0.01 0.08 -1.18
-58.2363 -0.1255 -60.6456 105.49 0.05 0.00 0.10 1.98 -0.11 1.88 1.56 0.03 -1.15 -3.76 0.09 0.00 0.00 -0.00 1.42 1.84 0.17 -0.06 1.97 -0.00 -0.51 -3.99 -0.13 -0.00 0.00 0.00 0.31 -0.01 0.83 0.41 -0.01 0.34 0.44 -0.01 0.37 0.44 -0.01 0.37 -0.62 0.56 -1.44 -0.52 0.48 -1.23 3.03 3.34 -12.09 -7.65 -20.94 55.63 0.38 0.32 -1.22 -3.26 13.33 -3.14 0.11 9.62 0.07 -2.94 4.02 5.27 -3.57 6.14 8.24 0.00 0.00 0.00 2.00 -0.00 0.12 -0.00 -0.08 2.40 -0.00 -0.04 1.18 0.00 0.00 0.00 0.00 0.00 0.23 0.00 0.00 4.09 0.00 0.00 2.03 0.00 0.00 0.00 -2.00 0.02 0.55 0.04 0.28 7.95 0.03 0.14 4.00 0.00 0.00 0.00 -4.00 0.02 0.31 0.04 0.36 5.17 0.03 0.18 2.58 0.61 5.22 0.09 3.07 -20.59 -44.32 -1.00 0.90 -0.19 -2.03 6.35 -0.06 -0.13 4.65 -0.13 0.62 1.87 -1.35 0.82 2.83 -2.06 0.00 0.00 0.00 -2.00 -0.00 -0.09 0.00 -0.07 -1.93 0.00 -0.03 -0.95 0.00 0.00 0.00 0.00 0.00 -0.11 0.00 0.00 -2.13 0.00 0.00 -1.05 0.00 0.00 0.00 2.00 0.01 -0.17 -0.01 0.11 -3.27 -0.00 0.06 -1.62 0.00 0.00 0.00 4.00 0.01 -0.12 -0.01 0.17 -2.39 -0.01 0.08 -1.18
-58.2328 -0.1265 -60.6364 105.45 0.05 0.00 0.11 1.99 -0.11 1.90 1.55 0.03 -1.14 -3.75 0.09 0.00 -0.00 0.00 1.43 1.85 0.18 -0.04 1.97 -0.00 -0.51 -3.99 -0.14 -0.00 -0.00 -0.00 0.26 -0.01 0.81 0.35 -0.01 0.32 0.38 -0.01 0.35 0.38 -0.01 0.35 -0.47 0.58 -1.38 -0.40 0.49 -1.18 3.51 3.77 -10.98 -9.99 -21.04 58.65 0.33 1.13 -1.26 -3.94 14.56 -3.28 0.02 10.13 0.00 -3.34 4.21 5.17 -4.13 6.36 8.16 0.00 -0.00 0.00 2.00 -0.00 0.12 -0.00 -0.08 2.36 -0.00 -0.04 1.17 0.00 -0.00 0.00 0.00 0.00 0.22 0.00 0.00 3.89 0.00 0.00 1.93 0.00 -0.00 0.00 -2.00 0.02 0.53 0.04 0.27 7.80 0.03 0.14 3.92 0.00 -0.00 0.00 -4.00 0.02 0.30 0.03 0.35 5.08 0.02 0.18 2.53 0.98 5.32 -0.74 5.22 -20.69 -47.71 -1.22 1.83 -0.23 -2.16 7.27 0.71 -0.13 4.58 -0.12 0.66 1.85 -1.36 0.89 2.79 -2.08 -0.00 0.00 0.00 -2.00 -0.00 -0.09 0.00 -0.07 -1.93 0.00 -0.03 -0.95 -0.00 0.00 0.00 -0.00 0.00 -0.11 0.00 0.00 -2.14 0.00 0.00 -1.06 -0.00 0.00 0.00 2.00 0.01 -0.17 -0.01 0.11 -3.22 -0.00 0.06 -1.59 -0.00 0.00 0.00 4.00 0.01 -0.12 -0.01 0.17 -2.39 -0.01 0.08 -1.18
-58.2275 -0.1270 -60.6267 105.43 0.06 0.00 0.12 1.99 -0.10 1.90 1.54 0.03 -1.14 -3.74 0.08 0.00 0.00 0.00 1.44 1.85 0.18 -0.03 1.98 -0.00 -0.51 -4.00 -0.15 -0.00 0.00 0.00 0.21 -0.01 0.79 0.29 -0.01 0.30 0.32 -0.01 0.32 0.32 -0.01 0.32 -0.33 0.59 -1.31 -0.28 0.51 -1.11 3.97 4.16 -9.85 -12.05 -20.87 61.45 0.28 1.80 -1.28 -4.54 15.58 -3.39 -0.05 10.58 -0.05 -3.71 4.38 5.07 -4.66 6.54 8.08 0.00 -0.00 0.00 2.00 -0.00 0.12 -0.00 -0.08 2.31 -0.00 -0.04 1.14 0.00 -0.00 0.00 0.00 0.00 0.20 0.00 0.00 3.69 0.00 0.00 1.83 0.00 -0.00 0.00 -2.00 0.02 0.51 0.04 0.26 7.56 0.03 0.13 3.80 0.00 -0.00 0.00 -4.00 0.02 0.30 0.03 0.35 5.01 0.02 0.17 2.50 1.34 5.40 -1.51 7.13 -20.45 -50.96 -1.42 2.55 -0.30 -2.24 8.08 1.36 -0.11 4.52 -0.10 0.66 1.82 -1.28 0.89 2.75 -1.95 0.00 0.00 -0.00 -2.00 -0.00 -0.09 0.00 -0.06 -1.87 0.00 -0.03 -0.92 0.00 0.00 -0.00 0.00 0.00 -0.10 0.00 0.00 -2.09 0.00 0.00 -1.03 0.00 0.00 -0.00 2.00 0.01 -0.17 -0.01 0.11 -3.17 -0.00 0.05 -1.57 0.00 0.00 -0.00 4.00 0.01 -0.12 -0.01 0.17 -2.37 -0.01 0.08 -1.17
-58.2202 -0.1271 -60.6174 105.43 0.06 0.00 0.12 2.00 -0.10 1.90 1.52 0.03 -1.13 -3.74 0.07 0.00 0.00 0.00 1.44 1.85 0.19 -0.02 1.97 -0.00 -0.51 -4.00 -0.15 -0.00 0.00 0.00 0.14 -0.01 0.77 0.22 -0.01 0.26 0.23 -0.01 0.29 0.23 -0.01 0.29 -0.16 0.62 -1.21 -0.14 0.53 -1.03 4.46 4.51 -8.67 -13.81 -20.34 64.15 0.23 2.29 -1.27 -4.97 16.36 -3.62 -0.10 10.99 -0.10 -4.09 4.53 4.96 -5.19 6.68 7.98 -0.00 0.00 0.00 2.00 -0.00 0.11 -0.00 -0.08 2.24 -0.00 -0.04 1.11 -0.00 0.00 0.00 0.00 0.00 0.19 0.00 0.00 3.50 0.00 0.00 1.73 -0.00 0.00 0.00 -2.00 0.02 0.50 0.04 0.26 7.40 0.03 0.13 3.72 -0.00 0.00 0.00 -4.00 0.02 0.29 0.03 0.34 4.93 0.02 0.17 2.46 1.73 5.46 -2.21 8.76 -19.95 -54.02 -1.61 3.09 -0.35 -2.28 8.77 1.85 -0.12 4.42 -0.12 0.66 1.78 -1.32 0.89 2.69 -2.02 -0.00 -0.00 0.00 -2.00 -0.00 -0.09 0.00 -0.07 -1.87 0.00 -0.03 -0.92 -0.00 -0.00 0.00 -0.00 0.00 -0.10 0.00 0.00 -2.09 0.00 0.00 -1.03 -0.00 -0.00 0.00 2.00 0.01 -0.17 -0.01 0.11 -3.13 -0.00 0.05 -1.55 -0.00 -0.00 0.00 4.00 0.01 -0.12 -0.01 0.16 -2.36 -0.01 0.08 -1.17
-58.2101 -0.1273 -60.6088 105.44 0.06 0.00 0.12 2.02 -0.09 1.88 1.50 0.02 -1.13 -3.73 0.07 0.00 0.00 -0.00 1.43 1.86 0.20 -0.02 1.97 -0.00 -0.52 -4.00 -0.16 -0.00 -0.00 0.00 0.07 -0.01 0.74 0.13 -0.01 0.23 0.14 -0.01 0.25 0.14 -0.01 0.25 0.02 0.66 -1.09 0.02 0.56 -0.93 4.95 4.82 -7.46 -15.18 -19.60 66.59 0.18 2.62 -1.22 -5.24 17.00 -3.52 -0.16 11.41 -0.15 -4.60 4.68 4.74 -5.93 6.80 7.75 0.00 -0.00 -0.00 2.00 -0.00 0.10 -0.00 -0.07 2.08 -0.00 -0.04 1.03 0.00 -0.00 -0.00 0.00 0.00 0.17 0.00 0.00 3.14 0.00 0.00 1.56 0.00 -0.00 -0.00 -2.00 0.02 0.46 0.03 0.24 7.01 0.02 0.12 3.52 0.00 -0.00 -0.00 -4.00 0.02 0.28 0.03 0.34 4.83 0.02 0.17 2.41 2.13 5.52 -2.81 10.05 -19.13 -57.05 -1.72 3.40 -0.34 -2.26 9.27 2.14 -0.13 4.21 -0.12 0.63 1.70 -1.31 0.85 2.57 -2.00 -0.00 -0.00 0.00 -2.00 -0.00 -0.09 0.00 -0.06 -1.85 0.00 -0.03 -0.91 -0.00 -0.00 0.00 0.00 0.00 -0.10 0.00 0.00 -2.06 0.00 0.00 -1.01 -0.00 -0.00 0.00 2.00 0.01 -0.16 -0.01 0.11 -3.06 -0.00 0.05 -1.51 -0.00 -0.00 0.00 4.00 0.01 -0.12 -0.01 0.16 -2.34 -0.01 0.08 -1.15
-58.1954 -0.1285 -60.6003 105.48 0.06 0.00 0.11 2.04 -0.08 1.85 1.48 0.02 -1.13 -3.73 0.06 0.00 0.00 -0.00 1.40 1.86 0.20 -0.03 1.96 -0.00 -0.52 -4.00 -0.17 -0.00 -0.00 0.00 -0.01 -0.01 0.70 0.04 -0.01 0.20 0.04 -0.01 0.21 0.04 -0.01 0.21 0.22 0.69 -0.98 0.18 0.59 -0.84 5.40 5.10 -6.30 -16.17 -18.73 68.77 0.13 2.82 -1.13 -5.36 17.51 -3.23 -0.21 11.73 -0.19 -5.03 4.79 4.56 -6.57 6.86 7.55 0.00 -0.00 0.00 2.00 -0.00 0.10 -0.00 -0.07 1.98 -0.00 -0.03 0.98 0.00 -0.00 0.00 0.00 0.00 0.15 0.00 0.00 2.86 0.00 0.00 1.42 0.00 -0.00 0.00 -2.00 0.02 0.44 0.03 0.23 6.72 0.02 0.12 3.37 0.00 -0.00 0.00 -4.00 0.02 0.28 0.03 0.33 4.80 0.02 0.17 2.39 2.52 5.57 -3.32 10.97 -18.12 -59.92 -1.73 3.50 -0.33 -2.19 9.59 2.27 -0.14 4.02 -0.14 0.59 1.62 -1.30 0.80 2.45 -1.98 0.00 -0.00 -0.00 -2.00 -0.00 -0.09 0.00 -0.06 -1.78 0.00 -0.03 -0.88 0.00 -0.00 -0.00 0.00 0.00 -0.10 0.00 0.00 -1.98 0.00 0.00 -0.98 0.00 -0.00 -0.00 2.00 0.01 -0.16 -0.01 0.11 -3.00 -0.00 0.05 -1.48 0.00 -0.00 -0.00 4.00 0.01 -0.12 -0.01 0.16 -2.32 -0.01 0.08 -1.15
-58.1779 -0.1285 -60.5927 105.53 0.06 0.00 0.11 2.07 -0.07 1.82 1.45 0.02 -1.15 -3.74 0.05 0.00 0.00 0.00 1.38 1.87 0.21 -0.04 1.96 -0.00 -0.54 -4.00 -0.18 -0.00 -0.00 -0.00 -0.09 -0.01 0.66 -0.05 -0.01 0.17 -0.05 -0.01 0.18 -0.05 -0.01 0.18 0.40 0.72 -0.88 0.34 0.62 -0.75 5.76 5.35 -5.26 -16.79 -17.79 70.72 0.10 2.95 -1.01 -5.38 17.89 -2.79 -0.25 12.00 -0.22 -5.43 4.87 4.38 -7.16 6.90 7.37 0.00 -0.00 0.00 2.00 -0.00 0.09 -0.00 -0.07 1.89 -0.00 -0.03 0.93 0.00 -0.00 0.00 0.00 0.00 0.13 0.00 0.00 2.61 0.00 0.00 1.29 0.00 -0.00 0.00 -2.00 0.01 0.41 0.03 0.22 6.40 0.02 0.11 3.21 0.00 -0.00 0.00 -4.00 0.02 0.27 0.03 0.33 4.71 0.02 0.16 2.34 2.89 5.62 -3.75 11.57 -16.99 -62.62 -1.68 3.41 -0.32 -2.09 9.83 2.30 -0.16 3.85 -0.15 0.53 1.55 -1.28 0.72 2.34 -1.94 0.00 -0.00 0.00 -2.00 -0.00 -0.09 0.00 -0.06 -1.75 0.00 -0.03 -0.86 0.00 -0.00 0.00 0.00 0.00 -0.10 0.00 0.00 -1.96 0.00 0.00 -0.97 0.00 -0.00 0.00 2.00 0.01 -0.15 -0.01 0.10 -2.95 -0.00 0.05 -1.46 0.00 -0.00 0.00 4.00 0.01 -0.12 -0.01 0.16 -2.31 -0.00 0.08 -1.14
-58.1591 -0.1283 -60.5857 105.60 0.06 0.00 0.10 2.10 -0.06 1.78 1.44 0.02 -1.17 -3.75 0.05 0.00 -0.00 -0.00 1.36 1.87 0.22 -0.06 1.96 -0.00 -0.57 -4.01 -0.18 -0.00 0.00 0.00 -0.16 -0.01 0.63 -0.14 -0.01 0.15 -0.15 -0.01 0.16 -0.15 -0.01 0.16 0.57 0.75 -0.79 0.49 0.64 -0.68 6.06 5.53 -4.34 -17.09 -16.67 72.62 0.07 3.01 -0.91 -5.33 18.11 -2.42 -0.28 12.22 -0.24 -5.78 4.94 4.22 -7.68 6.92 7.19 0.00 -0.00 -0.00 2.00 -0.00 0.09 -0.00 -0.06 1.81 -0.00 -0.03 0.89 0.00 -0.00 -0.00 0.00 0.00 0.12 0.00 0.00 2.41 0.00 0.00 1.19 0.00 -0.00 -0.00 -2.00 0.01 0.39 0.03 0.22 6.20 0.02 0.11 3.10 0.00 -0.00 -0.00 -4.00 0.02 0.27 0.03 0.32 4.67 0.02 0.16 2.32 3.25 5.65 -4.13 11.91 -15.81 -65.14 -1.59 3.18 -0.30 -1.98 10.00 2.23 -0.17 3.71 -0.16 0.48 1.49 -1.26 0.65 2.26 -1.90 -0.00 -0.00 0.00 -2.00 -0.00 -0.08 0.00 -0.06 -1.71 0.00 -0.03 -0.84 -0.00 -0.00 0.00 0.00 0.00 -0.09 0.00 0.00 -1.91 0.00 0.00 -0.94 -0.00 -0.00 0.00 2.00 0.01 -0.15 -0.01 0.10 -2.91 -0.00 0.05 -1.44 -0.00 -0.00 0.00 4.00 0.01 -0.12 -0.01 0.16 -2.30 -0.00 0.08 -1.13
-58.1401 -0.1292 -60.5790 105.67 0.05 0.00 0.09 2.12 -0.05 1.75 1.43 0.02 -1.20 -3.76 0.04 0.00 0.00 0.00 1.34 1.87 0.23 -0.08 1.97 -0.00 -0.60 -4.01 -0.19 -0.00 -0.00 -0.00 -0.24 -0.00 0.59 -0.23 -0.01 0.14 -0.25 -0.01 0.15 -0.25 -0.01 0.15 0.72 0.78 -0.72 0.62 0.67 -0.62 6.30 5.67 -3.55 -17.12 -15.49 74.40 0.04 2.99 -0.82 -5.22 18.23 -1.95 -0.31 12.47 -0.26 -6.17 5.01 4.06 -8.26 6.95 7.04 0.00 -0.00 -0.00 2.00 -0.00 0.08 -0.00 -0.06 1.71 -0.00 -0.03 0.84 0.00 -0.00 -0.00 0.00 0.00 0.11 0.00 0.00 2.20 0.00 0.00 1.09 0.00 -0.00 -0.00 -2.00 0.01 0.37 0.02 0.21 5.97 0.02 0.10 2.98 0.00 -0.00 -0.00 -4.00 0.02 0.27 0.03 0.32 4.59 0.02 0.16 2.29 3.58 5.67 -4.43 12.01 -14.58 -67.61 -1.47 2.86 -0.26 -1.86 10.12 2.12 -0.18 3.61 -0.17 0.45 1.45 -1.24 0.61 2.20 -1.87 -0.00 -0.00 -0.00 -2.00 -0.00 -0.08 0.00 -0.06 -1.70 0.00 -0.03 -0.84 -0.00 -0.00 -0.00 -0.00 0.00 -0.09 -0.00 0.00 -1.86 -0.00 0.00 -0.92 -0.00 -0.00 -0.00 2.00 0.01 -0.15 -0.01 0.10 -2.88 -0.00 0.05 -1.42 -0.00 -0.00 -0.00 4.00 0.01 -0.12 -0.01 0.16 -2.29 -0.00 0.08 -1.13
-58.1211 -0.1300 -60.5720 105.74 0.05 0.00 0.07 2.14 -0.04 1.74 1.43 0.02 -1.23 -3.78 0.03 0.00 0.00 0.00 1.33 1.87 0.24 -0.11 1.98 -0.00 -0.63 -4.02 -0.19 -0.00 -0.00 0.00 -0.30 -0.00 0.56 -0.31 -0.01 0.12 -0.34 -0.01 0.13 -0.34 -0.01 0.13 0.85 0.81 -0.66 0.73 0.69 -0.56 6.47 5.76 -2.86 -16.91 -14.29 76.03 0.02 2.89 -0.75 -5.07 18.28 -1.45 -0.33 12.65 -0.28 -6.50 5.07 3.90 -8.76 6.95 6.86 0.00 0.00 -0.00 2.00 -0.00 0.08 -0.00 -0.06 1.63 -0.00 -0.03 0.81 0.00 0.00 -0.00 0.00 0.00 0.10 0.00 0.00 2.05 0.00 0.00 1.01 0.00 0.00 -0.00 -2.00 0.01 0.36 0.02 0.20 5.80 0.02 0.10 2.90 0.00 0.00 -0.00 -4.00 0.02 0.26 0.03 0.32 4.54 0.02 0.16 2.26 3.86 5.69 -4.67 11.90 -13.38 -69.97 -1.34 2.53 -0.23 -1.75 10.17 2.00 -0.19 3.53 -0.18 0.43 1.42 -1.22 0.57 2.15 -1.85 -0.00 0.00 -0.00 -2.00 -0.00 -0.08 0.00 -0.06 -1.70 0.00 -0.03 -0.84 -0.00 0.00 -0.00 0.00 0.00 -0.09 -0.00 0.00 -1.86 -0.00 0.00 -0.92 -0.00 0.00 -0.00 2.00 0.01 -0.15 -0.01 0.10 -2.89 -0.00 0.05 -1.43 -0.00 0.00 -0.00 4.00 0.01 -0.12 -0.01 0.16 -2.32 -0.00 0.08 -1.14
-58.1033 -0.1300 -60.5658 105.81 0.05 0.00 0.05 2.16 -0.03 1.73 1.44 0.02 -1.27 -3.81 0.03 0.00 -0.00 0.00 1.33 1.86 0.25 -0.15 2.00 -0.00 -0.65 -4.03 -0.20 -0.00 -0.00 0.00 -0.36 -0.00 0.53 -0.38 -0.01 0.11 -0.41 -0.01 0.12 -0.41 -0.01 0.12 0.96 0.83 -0.61 0.82 0.71 -0.52 6.58 5.82 -2.24 -16.49 -13.09 77.55 -0.01 2.72 -0.70 -4.88 18.29 -0.96 -0.34 12.83 -0.29 -6.81 5.12 3.82 -9.20 6.96 6.81 -0.00 0.00 -0.00 2.00 -0.00 0.08 -0.00 -0.05 1.58 -0.00 -0.03 0.78 -0.00 0.00 -0.00 0.00 0.00 0.10 0.00 0.00 1.94 0.00 0.00 0.96 -0.00 0.00 -0.00 -2.00 0.01 0.35 0.02 0.20 5.69 0.02 0.10 2.84 -0.00 0.00 -0.00 -4.00 0.02 0.26 0.03 0.31 4.50 0.02 0.16 2.24 4.11 5.70 -4.83 11.60 -12.22 -72.21 -1.24 2.20 -0.17 -1.66 10.17 1.82 -0.19 3.45 -0.19 0.40 1.39 -1.21 0.53 2.10 -1.83 0.00 -0.00 0.00 -2.00 -0.00 -0.08 0.00 -0.06 -1.67 0.00 -0.03 -0.82 0.00 -0.00 0.00 -0.00 0.00 -0.09 -0.00 0.00 -1.81 -0.00 0.00 -0.89 0.00 -0.00 0.00 2.00 0.01 -0.15 -0.01 0.10 -2.84 -0.00 0.05 -1.40 0.00 -0.00 0.00 4.00 0.01 -0.12 -0.01 0.16 -2.30 -0.00 0.08 -1.14
-58.0873 -0.1310 -60.5610 105.86 0.05 0.00 0.02 2.17 -0.03 1.73 1.46 0.02 -1.31 -3.83 0.02 0.00 0.00 -0.00 1.33 1.86 0.26 -0.18 2.02 -0.00 -0.67 -4.04 -0.21 -0.00 -0.00 -0.00 -0.42 -0.00 0.50 -0.45 -0.01 0.10 -0.49 -0.01 0.10 -0.49 -0.01 0.10 1.05 0.85 -0.55 0.90 0.73 -0.47 6.64 5.85 -1.73 -15.84 -11.89 78.99 0.01 2.49 -0.66 -4.65 18.22 -0.45 -0.35 13.01 -0.30 -7.11 5.18 3.76 -9.63 6.97 6.80 0.00 0.00 0.00 2.00 -0.00 0.08 -0.00 -0.05 1.57 -0.00 -0.03 0.77 0.00 0.00 0.00 0.00 0.00 0.09 0.00 0.00 1.90 0.00 0.00 0.94 0.00 0.00 0.00 -2.00 0.01 0.34 0.02 0.19 5.61 0.02 0.10 2.80 0.00 0.00 0.00 -4.00 0.02 0.26 0.03 0.31 4.48 0.02 0.15 2.23 4.34 5.71 -4.90 11.12 -11.14 -74.27 -1.17 1.89 -0.09 -1.59 10.13 1.56 -0.20 3.36 -0.19 0.36 1.35 -1.16 0.47 2.05 -1.76 0.00 0.00 0.00 -2.00 -0.00 -0.08 0.00 -0.06 -1.65 0.00 -0.03 -0.81 0.00 0.00 0.00 -0.00 0.00 -0.09 -0.00 0.00 -1.77 -0.00 0.00 -0.87 0.00 0.00 0.00 2.00 0.01 -0.15 -0.01 0.10 -2.80 -0.00 0.05 -1.39 0.00 0.00 0.00 4.00 0.01 -0.12 -0.01 0.16 -2.29 -0.00 0.08 -1.13
-58.0754 -0.1311 -60.5589 105.90 0.04 0.00 0.00 2.17 -0.02 1.75 1.47 0.02 -1.33 -3.85 0.02 0.00 0.00 0.00 1.33 1.86 0.27 -0.22 2.03 -0.00 -0.68 -4.05 -0.21 -0.00 -0.00 -0.00 -0.46 -0.00 0.47 -0.50 -0.00 0.08 -0.54 -0.01 0.09 -0.54 -0.01 0.09 1.12 0.88 -0.50 0.95 0.74 -0.43 6.66 5.87 -1.33 -15.06 -10.72 80.36 0.08 2.27 -0.61 -4.38 18.08 0.04 -0.37 13.12 -0.31 -7.33 5.20 3.70 -9.95 6.96 6.76 0.00 -0.00 -0.00 2.00 -0.00 0.08 -0.00 -0.05 1.57 -0.00 -0.03 0.77 0.00 -0.00 -0.00 0.00 0.00 0.09 0.00 0.00 1.88 0.00 0.00 0.93 0.00 -0.00 -0.00 -2.00 0.01 0.34 0.02 0.19 5.60 0.01 0.10 2.80 0.00 -0.00 -0.00 -4.00 0.02 0.26 0.03 0.31 4.49 0.02 0.16 2.23 4.54 5.71 -4.90 10.42 -10.10 -76.26 -1.19 1.57 -0.01 -1.55 10.04 1.18 -0.21 3.30 -0.20 0.31 1.33 -1.14 0.40 2.01 -1.72 -0.00 0.00 -0.00 -2.00 -0.00 -0.08 0.00 -0.06 -1.65 0.00 -0.03 -0.81 -0.00 0.00 -0.00 -0.00 -0.00 -0.08 -0.00 -0.00 -1.72 -0.00 -0.00 -0.85 -0.00 0.00 -0.00 2.00 0.01 -0.14 -0.01 0.10 -2.77 -0.00 0.05 -1.37 -0.00 0.00 -0.00 4.00 0.01 -0.12 -0.01 0.16 -2.29 -0.00 0.08 -1.13
-58.0671 -0.1315 -60.5594 105.93 0.04 0.00 -0.03 2.17 -0.02 1.77 1.49 0.02 -1.35 -3.87 0.02 0.00 -0.00 0.00 1.35 1.85 0.27 -0.25 2.04 -0.00 -0.69 -4.06 -0.21 -0.00 -0.00 -0.00 -0.49 0.00 0.43 -0.54 -0.00 0.06 -0.59 -0.00 0.07 -0.59 -0.00 0.07 1.16 0.89 -0.45 0.99 0.76 -0.39 6.61 5.85 -1.05 -14.18 -9.62 81.65 0.20 2.05 -0.57 -4.10 17.86 0.49 -0.37 13.29 -0.31 -7.55 5.26 3.73 -10.25 6.99 6.86 0.00 -0.00 0.00 2.00 -0.00 0.08 -0.00 -0.06 1.59 -0.00 -0.03 0.79 0.00 -0.00 0.00 -0.00 0.00 0.09 -0.00 0.00 1.90 -0.00 0.00 0.94 0.00 -0.00 0.00 -2.00 0.01 0.34 0.02 0.19 5.59 0.01 0.10 2.79 0.00 -0.00 0.00 -4.00 0.02 0.26 0.03 0.31 4.48 0.02 0.15 2.23 4.70 5.69 -4.81 9.60 -9.13 -78.12 -1.28 1.30 0.06 -1.55 9.91 0.74 -0.23 3.28 -0.22 0.26 1.32 -1.17 0.33 2.00 -1.77 0.00 0.00 0.00 -2.00 -0.00 -0.08 0.00 -0.06 -1.68 0.00 -0.03 -0.83 0.00 0.00 0.00 -0.00 -0.00 -0.08 -0.00 -0.00 -1.68 -0.00 -0.00 -0.83 0.00 0.00 0.00 2.00 0.00 -0.14 -0.01 0.10 -2.75 -0.00 0.05 -1.36 0.00 0.00 0.00 4.00 0.01 -0.12 -0.01 0.16 -2.29 -0.00 0.08 -1.13
-58.0608 -0.1322 -60.5605 105.93 0.04 0.00 -0.07 2.17 -0.02 1.81 1.52 0.02 -1.36 -3.88 0.02 0.00 0.00 -0.00 1.35 1.85 0.27 -0.28 2.06 -0.01 -0.67 -4.07 -0.21 -0.00 0.00 0.00 -0.52 0.00 0.39 -0.57 -0.00 0.04 -0.62 -0.00 0.04 -0.62 -0.00 0.04 1.17 0.91 -0.41 1.00 0.77 -0.35 6.49 5.78 -0.90 -13.27 -8.58 82.88 0.38 1.84 -0.53 -3.81 17.59 0.91 -0.37 13.42 -0.31 -7.72 5.31 3.76 -10.48 7.02 6.94 0.00 -0.00 0.00 2.00 -0.00 0.08 -0.00 -0.06 1.61 -0.00 -0.03 0.80 0.00 -0.00 0.00 -0.00 0.00 0.09 -0.00 0.00 1.92 -0.00 0.00 0.95 0.00 -0.00 0.00 -2.00 0.01 0.34 0.02 0.20 5.63 0.01 0.10 2.81 0.00 -0.00 0.00 -4.00 0.02 0.26 0.03 0.31 4.50 0.02 0.16 2.24 4.83 5.62 -4.64 8.75 -8.24 -79.83 -1.41 1.08 0.10 -1.58 9.74 0.24 -0.25 3.28 -0.23 0.24 1.32 -1.20 0.29 2.00 -1.82 0.00 0.00 0.00 -2.00 -0.00 -0.08 0.00 -0.06 -1.70 0.00 -0.03 -0.84 0.00 0.00 0.00 -0.00 -0.00 -0.08 -0.00 -0.00 -1.66 -0.00 -0.00 -0.82 0.00 0.00 0.00 2.00 0.00 -0.14 -0.00 0.10 -2.74 -0.00 0.05 -1.36 0.00 0.00 0.00 4.00 0.01 -0.11 -0.01 0.16 -2.28 -0.00 0.08 -1.13
-58.0547 -0.1321 -60.5648 105.92 0.04 -0.00 -0.12 2.16 -0.02 1.85 1.54 0.03 -1.34 -3.90 0.02 0.00 0.00 0.00 1.34 1.85 0.27 -0.32 2.07 -0.01 -0.62 -4.08 -0.21 -0.00 0.00 0.00 -0.52 0.00 0.35 -0.58 0.00 0.02 -0.63 0.00 0.02 -0.63 0.00 0.02 1.17 0.92 -0.36 1.00 0.78 -0.31 6.30 5.67 -0.83 -12.29 -7.58 84.04 0.60 1.59 -0.49 -3.54 17.27 1.26 -0.36 13.58 -0.30 -7.89 5.36 3.79 -10.70 7.06 7.04 0.00 0.00 0.00 2.00 -0.00 0.08 -0.00 -0.06 1.64 -0.00 -0.03 0.81 0.00 0.00 0.00 -0.00 0.00 0.10 0.00 0.00 1.95 0.00 0.00 0.96 0.00 0.00 0.00 -2.00 0.01 0.35 0.02 0.20 5.70 0.02 0.10 2.85 0.00 0.00 0.00 -4.00 0.02 0.26 0.03 0.31 4.52 0.02 0.16 2.25 4.90 5.51 -4.38 7.93 -7.44 -81.38 -1.58 0.91 0.08 -1.61 9.51 -0.21 -0.26 3.48 -0.24 0.25 1.40 -1.27 0.30 2.13 -1.91 -0.00 -0.00 0.00 -2.00 -0.00 -0.08 0.00 -0.06 -1.71 0.00 -0.03 -0.84 -0.00 -0.00 0.00 -0.00 -0.00 -0.08 -0.00 -0.00 -1.56 -0.00 -0.00 -0.77 -0.00 -0.00 0.00 2.00 0.00 -0.14 -0.00 0.09 -2.70 -0.00 0.05 -1.33 -0.00 -0.00 0.00 4.00 0.01 -0.11 -0.01 0.15 -2.11 -0.00 0.07 -1.04
-58.0385 -0.1328 -60.5762 105.90 0.04 -0.00 -0.18 2.15 -0.03 1.90 1.58 0.03 -1.31 -3.93 0.02 0.00 0.00 -0.00 1.30 1.88 0.26 -0.34 2.04 -0.01 -0.53 -4.08 -0.21 -0.00 0.00 0.00 -0.52 0.01 0.30 -0.58 0.00 -0.01 -0.63 0.00 -0.01 -0.63 0.00 -0.01 1.16 0.92 -0.33 0.99 0.79 -0.28 6.06 5.51 -0.82 -11.30 -6.67 85.08 0.83 1.29 -0.45 -3.32 16.94 1.54 -0.36 13.72 -0.30 -8.01 5.41 3.82 -10.85 7.10 7.13 0.00 -0.00 -0.00 2.00 -0.00 0.08 -0.00 -0.06 1.66 -0.00 -0.03 0.82 0.00 -0.00 -0.00 -0.00 0.00 0.10 0.00 0.00 1.99 0.00 0.00 0.98 0.00 -0.00 -0.00 -2.00 0.01 0.36 0.02 0.20 5.78 0.02 0.10 2.89 0.00 -0.00 -0.00 -4.00 0.02 0.26 0.03 0.32 4.54 0.02 0.16 2.26 4.93 5.36 -4.07 7.09 -6.71 -82.75 -1.78 0.77 0.01 -1.57 9.03 -0.34 -0.24 3.70 -0.22 0.40 1.49 -1.40 0.52 2.26 -2.12 -0.00 -0.00 -0.00 -2.00 -0.00 -0.09 0.00 -0.06 -1.75 0.00 -0.03 -0.86 -0.00 -0.00 -0.00 0.00 -0.00 -0.07 0.00 -0.00 -1.50 0.00 -0.00 -0.74 -0.00 -0.00 -0.00 2.00 0.00 -0.13 -0.00 0.09 -2.59 -0.00 0.04 -1.28 -0.00 -0.00 -0.00 4.00 0.01 -0.09 -0.00 0.13 -1.87 -0.00 0.06 -0.92
-58.0214 -0.1337 -60.5850 105.88 0.04 -0.00 -0.25 2.15 -0.04 1.93 1.61 0.03 -1.24 -3.95 0.02 0.00 0.00 -0.00 1.26 1.91 0.26 -0.39 2.02 -0.01 -0.42 -4.08 -0.21 -0.00 0.00 0.00 -0.51 0.01 0.24 -0.57 0.01 -0.03 -0.62 0.01 -0.03 -0.62 0.01 -0.03 1.17 0.92 -0.30 1.00 0.78 -0.26 5.79 5.33 -0.86 -10.32 -5.85 86.00 1.07 0.98 -0.41 -3.16 16.62 1.72 -0.35 13.83 -0.29 -8.09 5.45 3.86 -10.94 7.15 7.21 0.00 -0.00 -0.00 2.00 -0.00 0.08 -0.00 -0.06 1.69 -0.00 -0.03 0.83 0.00 -0.00 -0.00 0.00 0.00 0.10 0.00 0.00 2.05 0.00 0.00 1.01 0.00 -0.00 -0.00 -2.00 0.01 0.36 0.02 0.20 5.88 0.02 0.10 2.94 0.00 -0.00 -0.00 -4.00 0.02 0.26 0.03 0.32 4.55 0.02 0.16 2.26 4.92 5.19 -3.74 6.22 -6.06 -83.91 -1.97 0.57 -0.06 -1.48 8.39 -0.14 -0.24 3.93 -0.23 0.52 1.58 -1.61 0.69 2.41 -2.44 -0.00 -0.00 -0.00 -2.00 -0.00 -0.10 0.00 -0.07 -1.93 0.00 -0.03 -0.95 -0.00 -0.00 -0.00 -0.00 -0.00 -0.08 -0.00 -0.00 -1.62 -0.00 -0.00 -0.80 -0.00 -0.00 -0.00 2.00 0.00 -0.14 -0.01 0.09 -2.69 -0.00 0.05 -1.33 -0.00 -0.00 -0.00 4.00 0.01 -0.09 -0.00 0.12 -1.77 -0.00 0.06 -0.87
-58.0107 -0.1336 -60.5900 105.86 0.03 -0.01 -0.34 2.14 -0.04 1.94 1.64 0.03 -1.16 -3.97 0.02 0.00 -0.00 -0.00 1.15 1.92 0.25 -0.42 2.03 -0.01 -0.26 -4.10 -0.21 -0.00 0.00 0.00 -0.49 0.01 0.19 -0.55 0.01 -0.05 -0.60 0.01 -0.06 -0.60 0.01 -0.06 1.21 0.90 -0.28 1.03 0.76 -0.24 5.50 5.12 -0.94 -9.36 -5.09 86.82 1.30 0.65 -0.38 -3.07 16.29 1.79 -0.34 13.94 -0.28 -8.13 5.50 3.90 -10.98 7.20 7.29 -0.00 0.00 0.00 2.00 -0.00 0.08 -0.00 -0.06 1.73 -0.00 -0.03 0.86 -0.00 0.00 0.00 0.00 -0.00 0.11 0.00 -0.00 2.12 0.00 -0.00 1.05 -0.00 0.00 0.00 -2.00 0.01 0.37 0.02 0.21 6.00 0.02 0.10 3.00 -0.00 0.00 0.00 -4.00 0.02 0.26 0.03 0.32 4.57 0.02 0.16 2.27 4.86 4.99 -3.41 5.32 -5.47 -84.87 -2.14 0.30 -0.12 -1.41 7.66 0.29 -0.21 3.99 -0.20 0.65 1.61 -1.65 0.87 2.46 -2.50 -0.00 0.00 0.00 -2.00 -0.00 -0.10 0.00 -0.07 -2.09 0.00 -0.04 -1.03 -0.00 0.00 0.00 -0.00 -0.00 -0.09 -0.00 -0.00 -1.84 -0.00 -0.00 -0.91 -0.00 0.00 0.00 2.00 0.01 -0.15 -0.01 0.10 -2.91 -0.00 0.05 -1.44 -0.00 0.00 0.00 4.00 0.01 -0.09 -0.00 0.12 -1.77 -0.00 0.06 -0.87
-58.0071 -0.1337 -60.5913 105.86 0.03 -0.01 -0.44 2.14 -0.04 1.95 1.65 0.03 -1.06 -3.98 0.02 0.00 -0.00 -0.00 1.00 1.90 0.25 -0.44 2.08 -0.01 -0.08 -4.13 -0.21 -0.00 0.00 0.00 -0.47 0.01 0.12 -0.53 0.01 -0.07 -0.57 0.02 -0.07 -0.57 0.02 -0.07 1.35 0.85 -0.24 1.15 0.72 -0.21 5.20 4.88 -1.05 -8.40 -4.39 87.53 1.53 0.32 -0.34 -3.02 15.90 1.76 -0.34 14.05 -0.28 -8.15 5.54 3.95 -10.98 7.26 7.38 -0.00 -0.00 -0.00 2.00 -0.00 0.09 -0.00 -0.06 1.80 -0.00 -0.03 0.89 -0.00 -0.00 -0.00 0.00 -0.00 0.11 0.00 -0.00 2.24 0.00 -0.00 1.11 -0.00 -0.00 -0.00 -2.00 0.01 0.39 0.02 0.21 6.17 0.02 0.11 3.08 -0.00 -0.00 -0.00 -4.00 0.02 0.26 0.03 0.32 4.59 0.02 0.16 2.28 4.76 4.77 -3.10 4.40 -4.95 -85.62 -2.26 -0.05 -0.16 -1.36 6.97 0.80 -0.19 4.01 -0.17 0.78 1.62 -1.68 1.06 2.47 -2.55 0.00 0.00 0.00 -2.00 -0.00 -0.11 0.00 -0.08 -2.23 0.00 -0.04 -1.10 0.00 0.00 0.00 -0.00 -0.00 -0.10 -0.00 -0.00 -2.06 -0.00 -0.00 -1.02 0.00 0.00 0.00 2.00 0.01 -0.17 -0.01 0.11 -3.16 -0.00 0.05 -1.56 0.00 0.00 0.00 4.00 0.01 -0.09 -0.00 0.13 -1.87 -0.00 0.06 -0.92
-58.0085 -0.1345 -60.5881 105.88 0.03 -0.01 -0.55 2.14 -0.04 1.95 1.66 0.03 -0.96 -3.98 0.02 0.00 0.00 0.00 0.82 1.87 0.25 -0.46 2.15 -0.01 0.10 -4.16 -0.22 -0.00 0.00 0.00 -0.44 0.02 0.06 -0.50 0.02 -0.08 -0.54 0.02 -0.09 -0.54 0.02 -0.09 1.63 0.77 -0.18 1.39 0.66 -0.16 4.89 4.65 -1.16 -7.48 -3.77 88.13 1.75 -0.03 -0.29 -2.99 15.48 1.67 -0.33 14.14 -0.27 -8.16 5.58 4.00 -10.97 7.31 7.46 -0.00 -0.00 0.00 2.00 -0.00 0.09 -0.00 -0.06 1.85 -0.00 -0.03 0.91 -0.00 -0.00 0.00 0.00 0.00 0.12 0.00 0.00 2.34 0.00 0.00 1.16 -0.00 -0.00 0.00 -2.00 0.01 0.40 0.03 0.22 6.33 0.02 0.11 3.17 -0.00 -0.00 0.00 -4.00 0.02 0.27 0.03 0.32 4.62 0.02 0.16 2.30 4.62 4.55 -2.81 3.42 -4.47 -86.14 -2.34 -0.43 -0.19 -1.34 6.38 1.25 -0.18 3.96 -0.17 0.79 1.60 -1.66 1.08 2.44 -2.53 -0.00 -0.00 0.00 -2.00 -0.00 -0.12 0.00 -0.08 -2.29 0.00 -0.04 -1.13 -0.00 -0.00 0.00 0.00 -0.00 -0.11 0.00 -0.00 -2.18 0.00 -0.00 -1.08 -0.00 -0.00 0.00 2.00 0.01 -0.18 -0.01 0.12 -3.31 -0.00 0.06 -1.64 -0.00 -0.00 0.00 4.00 0.01 -0.10 -0.00 0.14 -2.03 -0.00 0.07 -1.00
-58.0155 -0.1341 -60.5812 105.92 0.03 -0.02 -0.67 2.14 -0.04 1.94 1.66 0.03 -0.87 -3.99 0.01 0.00 0.00 0.00 0.63 1.82 0.24 -0.50 2.23 -0.01 0.29 -4.19 -0.22 -0.00 0.00 0.00 -0.42 0.02 -0.01 -0.47 0.02 -0.09 -0.51 0.02 -0.10 -0.51 0.02 -0.10 2.04 0.66 -0.11 1.73 0.56 -0.09 4.61 4.41 -1.27 -6.63 -3.21 88.63 1.97 -0.37 -0.24 -2.97 15.05 1.57 -0.32 14.21 -0.26 -8.17 5.61 4.04 -10.98 7.35 7.53 -0.00 -0.00 -0.00 2.00 -0.00 0.09 -0.00 -0.07 1.90 -0.00 -0.03 0.93 -0.00 -0.00 -0.00 0.00 0.00 0.12 0.00 0.00 2.44 0.00 0.00 1.21 -0.00 -0.00 -0.00 -2.00 0.01 0.41 0.03 0.22 6.47 0.02 0.11 3.24 -0.00 -0.00 -0.00 -4.00 0.02 0.27 0.03 0.32 4.65 0.02 0.16 2.31 4.47 4.32 -2.57 2.45 -4.05 -86.45 -2.39 -0.80 -0.25 -1.32 5.94 1.56 -0.18 3.90 -0.17 0.79 1.58 -1.65 1.08 2.40 -2.51 0.00 -0.00 0.00 -2.00 -0.00 -0.12 0.00 -0.08 -2.32 0.00 -0.04 -1.14 0.00 -0.00 0.00 0.00 0.00 -0.11 0.00 0.00 -2.24 0.00 -0.00 -1.11 0.00 -0.00 0.00 2.00 0.01 -0.18 -0.01 0.12 -3.41 -0.01 0.06 -1.69 0.00 -0.00 0.00 4.00 0.01 -0.11 -0.00 0.15 -2.16 -0.00 0.07 -1.06
-58.0247 -0.1334 -60.5700 105.99 0.02 -0.02 -0.79 2.14 -0.03 1.92 1.67 0.03 -0.80 -3.99 0.00 0.00 0.00 0.00 0.46 1.76 0.24 -0.59 2.31 -0.01 0.48 -4.21 -0.23 -0.00 0.00 0.00 -0.39 0.02 -0.08 -0.45 0.02 -0.09 -0.48 0.02 -0.10 -0.48 0.02 -0.10 2.62 0.52 -0.01 2.23 0.44 -0.01 4.37 4.17 -1.37 -5.89 -2.71 89.03 2.18 -0.71 -0.18 -2.94 14.65 1.48 -0.32 14.27 -0.26 -8.19 5.63 4.07 -10.98 7.37 7.60 -0.00 -0.00 0.00 2.00 -0.00 0.10 -0.00 -0.07 1.94 -0.00 -0.03 0.96 -0.00 -0.00 0.00 0.00 0.00 0.13 0.00 0.00 2.53 0.00 0.00 1.25 -0.00 -0.00 0.00 -2.00 0.01 0.42 0.03 0.23 6.61 0.02 0.11 3.31 -0.00 -0.00 0.00 -4.00 0.02 0.27 0.03 0.33 4.67 0.02 0.16 2.33 4.35 4.07 -2.39 1.50 -3.64 -86.59 -2.41 -1.05 -0.32 -1.27 5.64 1.71 -0.18 3.79 -0.17 0.75 1.53 -1.62 1.03 2.33 -2.46 0.00 0.00 0.00 -2.00 -0.00 -0.12 0.00 -0.08 -2.32 0.00 -0.04 -1.15 0.00 0.00 0.00 -0.00 -0.00 -0.11 -0.00 0.00 -2.26 -0.00 0.00 -1.11 0.00 0.00 0.00 2.00 0.01 -0.19 -0.01 0.12 -3.45 -0.01 0.06 -1.71 0.00 0.00 0.00 4.00 0.01 -0.11 -0.01 0.16 -2.24 -0.00 0.08 -1.10
-58.0342 -0.1331 -60.5554 106.09 0.02 -0.01 -0.92 2.14 -0.03 1.90 1.68 0.03 -0.76 -4.00 -0.00 0.00 0.00 0.00 0.29 1.71 0.24 -0.70 2.38 -0.01 0.65 -4.23 -0.24 -0.00 0.00 0.00 -0.36 0.02 -0.13 -0.42 0.03 -0.09 -0.46 0.03 -0.10 -0.46 0.03 -0.10 3.58 0.31 0.15 3.05 0.26 0.12 4.17 3.95 -1.46 -5.27 -2.25 89.36 2.39 -1.04 -0.11 -2.89 14.30 1.41 -0.31 14.32 -0.26 -8.22 5.65 4.10 -11.02 7.40 7.66 0.00 0.00 -0.00 2.00 -0.00 0.10 -0.00 -0.07 1.99 -0.00 -0.03 0.98 0.00 0.00 -0.00 -0.00 0.00 0.13 0.00 0.00 2.61 0.00 0.00 1.29 0.00 0.00 -0.00 -2.00 0.02 0.43 0.03 0.23 6.72 0.02 0.12 3.37 0.00 0.00 -0.00 -4.00 0.02 0.27 0.03 0.33 4.70 0.02 0.16 2.34 4.23 3.81 -2.27 0.60 -3.26 -86.61 -2.41 -1.16 -0.39 -1.19 5.48 1.73 -0.20 3.74 -0.19 0.72 1.51 -1.63 0.98 2.31 -2.47 -0.00 0.00 0.00 -2.00 -0.00 -0.12 0.00 -0.08 -2.32 0.00 -0.04 -1.15 -0.00 0.00 0.00 -0.00 0.00 -0.11 -0.00 0.00 -2.25 -0.00 0.00 -1.11 -0.00 0.00 0.00 2.00 0.01 -0.19 -0.01 0.12 -3.45 -0.01 0.06 -1.71 -0.00 0.00 0.00 4.00 0.01 -0.11 -0.01 0.16 -2.28 -0.00 0.08 -1.12
-58.0422 -0.1333 -60.5382 106.23 0.02 -0.01 -1.06 2.14 -0.02 1.88 1.70 0.03 -0.74 -4.02 -0.01 0.00 0.00 0.00 0.13 1.66 0.25 -0.81 2.44 -0.02 0.79 -4.24 -0.25 -0.00 0.00 0.00 -0.34 0.02 -0.18 -0.40 0.03 -0.09 -0.43 0.03 -0.09 -0.43 0.03 -0.09 4.87 0.05 0.33 4.15 0.04 0.28 4.02 3.73 -1.54 -4.77 -1.84 89.61 2.58 -1.35 -0.03 -2.84 14.00 1.37 -0.31 14.37 -0.26 -8.26 5.67 4.13 -11.06 7.41 7.71 0.00 0.00 -0.00 2.00 -0.00 0.10 -0.00 -0.07 2.02 -0.00 -0.03 1.00 0.00 0.00 -0.00 -0.00 0.00 0.14 -0.00 0.00 2.67 -0.00 0.00 1.32 0.00 0.00 -0.00 -2.00 0.02 0.44 0.03 0.24 6.82 0.02 0.12 3.42 0.00 0.00 -0.00 -4.00 0.02 0.27 0.03 0.33 4.72 0.02 0.16 2.35 4.14 3.56 -2.21 -0.26 -2.93 -86.53 -2.40 -1.14 -0.44 -1.07 5.47 1.67 -0.22 3.70 -0.20 0.69 1.50 -1.66 0.93 2.28 -2.51 -0.00 -0.00 0.00 -2.00 -0.00 -0.12 0.00 -0.08 -2.34 0.00 -0.04 -1.16 -0.00 -0.00 0.00 -0.00 0.00 -0.11 -0.00 0.00 -2.24 -0.00 0.00 -1.10 -0.00 -0.00 0.00 2.00 0.01 -0.19 -0.01 0.12 -3.44 -0.01 0.06 -1.70 -0.00 -0.00 0.00 4.00 0.01 -0.12 -0.01 0.16 -2.29 -0.00 0.08 -1.13
-58.0482 -0.1329 -60.5184 106.39 0.02 -0.01 -1.19 2.15 -0.02 1.87 1.71 0.03 -0.75 -4.03 -0.02 0.00 0.00 0.00 -0.01 1.60 0.25 -0.94 2.51 -0.02 0.90 -4.24 -0.26 -0.00 0.00 0.00 -0.32 0.02 -0.20 -0.37 0.03 -0.08 -0.40 0.03 -0.08 -0.40 0.03 -0.08 6.47 -0.25 0.54 5.52 -0.21 0.46 3.90 3.54 -1.61 -4.39 -1.46 89.80 2.76 -1.61 0.06 -2.79 13.74 1.32 -0.31 14.42 -0.25 -8.29 5.69 4.15 -11.10 7.43 7.75 0.00 -0.00 0.00 2.00 -0.00 0.10 -0.00 -0.07 2.06 -0.00 -0.04 1.02 0.00 -0.00 0.00 -0.00 0.00 0.14 -0.00 0.00 2.71 -0.00 0.00 1.34 0.00 -0.00 0.00 -2.00 0.02 0.45 0.03 0.24 6.89 0.02 0.12 3.45 0.00 -0.00 0.00 -4.00 0.02 0.28 0.03 0.33 4.74 0.02 0.16 2.36 4.06 3.34 -2.20 -1.06 -2.64 -86.40 -2.35 -1.01 -0.45 -0.93 5.55 1.57 -0.23 3.67 -0.22 0.67 1.49 -1.70 0.90 2.27 -2.57 -0.00 -0.00 0.00 -2.00 -0.00 -0.12 0.00 -0.08 -2.37 0.00 -0.04 -1.17 -0.00 -0.00 0.00 -0.00 0.00 -0.11 -0.00 -0.00 -2.24 -0.00 -0.00 -1.11 -0.00 -0.00 0.00 2.00 0.01 -0.19 -0.01 0.12 -3.44 -0.01 0.06 -1.70 -0.00 -0.00 0.00 4.00 0.01 -0.11 -0.01 0.16 -2.29 -0.00 0.08 -1.13
-58.0504 -0.1328 -60.4963 106.58 0.02 -0.00 -1.33 2.16 -0.01 1.87 1.71 0.03 -0.81 -4.05 -0.03 0.00 -0.00 0.00 -0.13 1.54 0.26 -1.06 2.57 -0.02 0.95 -4.25 -0.27 -0.00 0.00 0.00 -0.29 0.03 -0.22 -0.35 0.03 -0.06 -0.38 0.03 -0.07 -0.38 0.03 -0.07 8.29 -0.57 0.77 7.07 -0.47 0.66 3.88 3.37 -1.66 -4.16 -1.13 89.93 2.92 -1.83 0.14 -2.75 13.53 1.28 -0.31 14.47 -0.25 -8.32 5.71 4.17 -11.13 7.45 7.78 -0.00 -0.00 -0.00 2.00 -0.00 0.10 -0.00 -0.07 2.09 -0.00 -0.04 1.03 -0.00 -0.00 -0.00 -0.00 -0.00 0.14 -0.00 0.00 2.74 -0.00 0.00 1.36 -0.00 -0.00 -0.00 -2.00 0.02 0.45 0.03 0.24 6.95 0.02 0.12 3.48 -0.00 -0.00 -0.00 -4.00 0.02 0.28 0.03 0.33 4.75 0.02 0.16 2.36 4.04 3.15 -2.22 -1.84 -2.42 -86.27 -2.28 -0.84 -0.43 -0.79 5.66 1.49 -0.24 3.66 -0.23 0.67 1.48 -1.72 0.90 2.27 -2.61 -0.00 -0.00 0.00 -2.00 -0.00 -0.12 0.00 -0.08 -2.38 0.00 -0.04 -1.18 -0.00 -0.00 0.00 0.00 -0.00 -0.11 0.00 -0.00 -2.25 0.00 -0.00 -1.11 -0.00 -0.00 0.00 2.00 0.01 -0.19 -0.01 0.12 -3.44 -0.01 0.06 -1.70 -0.00 -0.00 0.00 4.00 0.01 -0.11 -0.01 0.16 -2.28 -0.00 0.08 -1.13
-58.0483 -0.1326 -60.4733 106.79 0.02 0.00 -1.50 2.19 0.00 1.91 1.70 0.03 -0.88 -4.07 -0.05 0.00 -0.00 0.00 -0.25 1.49 0.27 -1.16 2.62 -0.03 0.96 -4.24 -0.29 -0.00 0.00 0.00 -0.27 0.03 -0.21 -0.32 0.03 -0.05 -0.34 0.04 -0.05 -0.34 0.04 -0.05 10.60 -0.91 1.04 9.04 -0.76 0.89 3.89 3.22 -1.69 -3.97 -0.80 90.04 3.06 -2.03 0.23 -2.70 13.31 1.21 -0.30 14.53 -0.25 -8.36 5.73 4.17 -11.19 7.47 7.80 -0.00 0.00 0.00 2.00 -0.00 0.11 -0.00 -0.07 2.12 -0.00 -0.04 1.04 -0.00 0.00 0.00 -0.00 -0.00 0.14 -0.00 -0.00 2.77 -0.00 -0.00 1.37 -0.00 0.00 0.00 -2.00 0.02 0.46 0.03 0.24 7.02 0.02 0.12 3.52 -0.00 0.00 0.00 -4.00 0.02 0.28 0.03 0.33 4.75 0.02 0.16 2.36 4.03 3.00 -2.26 -2.57 -2.26 -86.15 -2.19 -0.67 -0.37 -0.66 5.74 1.45 -0.24 3.66 -0.23 0.68 1.48 -1.73 0.92 2.27 -2.63 0.00 0.00 -0.00 -2.00 -0.00 -0.12 0.00 -0.08 -2.39 0.00 -0.04 -1.18 0.00 0.00 -0.00 -0.00 -0.00 -0.11 0.00 -0.00 -2.25 0.00 -0.00 -1.11 0.00 0.00 -0.00 2.00 0.01 -0.19 -0.01 0.12 -3.44 -0.01 0.06 -1.71 0.00 0.00 -0.00 4.00 0.01 -0.11 -0.01 0.16 -2.28 -0.00 0.08 -1.13
-58.0409 -0.1330 -60.4512 107.04 0.03 0.01 -1.69 2.22 0.01 1.96 1.69 0.03 -0.99 -4.09 -0.06 0.00 -0.00 0.00 -0.38 1.44 0.28 -1.25 2.66 -0.03 0.93 -4.24 -0.30 -0.00 0.00 0.00 -0.23 0.03 -0.19 -0.28 0.04 -0.04 -0.30 0.04 -0.04 -0.30 0.04 -0.04 13.29 -1.26 1.34 11.33 -1.05 1.16 3.93 3.10 -1.71 -3.82 -0.49 90.12 3.20 -2.22 0.31 -2.64 13.09 1.15 -0.30 14.57 -0.25 -8.41 5.74 4.15 -11.25 7.48 7.80 -0.00 0.00 0.00 2.00 -0.00 0.11 -0.00 -0.07 2.13 -0.00 -0.04 1.05 -0.00 0.00 0.00 -0.00 -0.00 0.14 -0.00 -0.00 2.78 -0.00 -0.00 1.38 -0.00 0.00 0.00 -2.00 0.02 0.46 0.03 0.24 7.06 0.02 0.12 3.54 -0.00 0.00 0.00 -4.00 0.02 0.28 0.03 0.33 4.75 0.02 0.16 2.37 4.03 2.89 -2.31 -3.23 -2.17 -86.06 -2.05 -0.56 -0.28 -0.56 5.77 1.51 -0.23 3.68 -0.22 0.70 1.49 -1.72 0.95 2.28 -2.61 0.00 0.00 -0.00 -2.00 -0.00 -0.12 0.00 -0.08 -2.40 0.00 -0.04 -1.18 0.00 0.00 -0.00 -0.00 -0.00 -0.11 -0.00 -0.00 -2.28 -0.00 -0.00 -1.12 0.00 0.00 -0.00 2.00 0.01 -0.19 -0.01 0.12 -3.47 -0.01 0.06 -1.72 0.00 0.00 -0.00 4.00 0.01 -0.12 -0.01 0.16 -2.29 -0.00 0.08 -1.13
-58.0295 -0.1345 -60.4274 107.29 0.03 0.02 -1.88 2.26 0.01 2.04 1.65 0.03 -1.12 -4.10 -0.07 0.00 -0.00 0.00 -0.46 1.38 0.29 -1.36 2.70 -0.03 0.87 -4.23 -0.31 -0.00 0.00 0.00 -0.19 0.03 -0.16 -0.23 0.04 -0.03 -0.25 0.04 -0.03 -0.25 0.04 -0.03 16.20 -1.60 1.66 13.81 -1.33 1.44 3.98 3.04 -1.71 -3.67 -0.21 90.20 3.32 -2.41 0.39 -2.58 12.87 1.12 -0.30 14.61 -0.25 -8.47 5.75 4.12 -11.34 7.48 7.76 -0.00 0.00 -0.00 2.00 -0.00 0.11 -0.00 -0.07 2.14 -0.00 -0.04 1.06 -0.00 0.00 -0.00 0.00 0.00 0.14 0.00 0.00 2.76 0.00 0.00 1.37 -0.00 0.00 -0.00 -2.00 0.02 0.46 0.03 0.24 7.06 0.02 0.12 3.54 -0.00 0.00 -0.00 -4.00 0.02 0.28 0.03 0.33 4.74 0.02 0.16 2.36 4.05 2.81 -2.37 -3.80 -2.14 -85.99 -1.89 -0.52 -0.17 -0.47 5.76 1.62 -0.22 3.70 -0.21 0.72 1.50 -1.71 0.98 2.29 -2.59 0.00 0.00 0.00 -2.00 -0.00 -0.12 0.00 -0.08 -2.40 0.00 -0.04 -1.18 0.00 0.00 0.00 -0.00 -0.00 -0.12 -0.00 -0.00 -2.29 -0.00 -0.00 -1.13 0.00 0.00 0.00 2.00 0.01 -0.19 -0.01 0.12 -3.48 -0.01 0.06 -1.72 0.00 0.00 0.00 4.00 0.01 -0.12 -0.01 0.16 -2.29 -0.00 0.08 -1.13
-58.0161 -0.1352 -60.4033 107.56 0.04 0.04 -2.09 2.31 0.02 2.13 1.61 0.03 -1.29 -4.12 -0.08 0.00 -0.00 0.00 -0.54 1.32 0.30 -1.46 2.74 -0.03 0.77 -4.22 -0.33 -0.00 0.00 0.00 -0.15 0.04 -0.12 -0.18 0.04 -0.02 -0.19 0.05 -0.02 -0.19 0.05 -0.02 19.18 -1.91 2.00 16.35 -1.59 1.74 4.08 3.06 -1.70 -3.54 0.02 90.29 3.44 -2.61 0.48 -2.50 12.65 1.13 -0.30 14.63 -0.25 -8.53 5.76 4.06 -11.44 7.47 7.68 0.00 0.00 0.00 2.00 -0.00 0.11 -0.00 -0.07 2.14 -0.00 -0.04 1.06 0.00 0.00 0.00 0.00 0.00 0.14 0.00 0.00 2.75 0.00 0.00 1.36 0.00 0.00 0.00 -2.00 0.02 0.46 0.03 0.24 7.04 0.02 0.12 3.53 0.00 0.00 0.00 -4.00 0.02 0.28 0.03 0.33 4.74 0.02 0.16 2.36 4.14 2.77 -2.44 -4.36 -2.17 -85.93 -1.71 -0.51 -0.05 -0.40 5.72 1.76 -0.21 3.70 -0.20 0.73 1.50 -1.70 0.99 2.29 -2.58 -0.00 -0.00 -0.00 -2.00 -0.00 -0.12 0.00 -0.08 -2.39 0.00 -0.04 -1.18 -0.00 -0.00 -0.00 -0.00 -0.00 -0.12 -0.00 -0.00 -2.30 -0.00 -0.00 -1.13 -0.00 -0.00 -0.00 2.00 0.01 -0.19 -0.01 0.12 -3.48 -0.01 0.06 -1.72 -0.00 -0.00 -0.00 4.00 0.01 -0.11 -0.01 0.16 -2.28 -0.00 0.08 -1.13
-58.0011 -0.1353 -60.3779 107.86 0.05 0.05 -2.29 2.36 0.03 2.23 1.57 0.03 -1.47 -4.13 -0.10 0.00 -0.00 0.00 -0.61 1.26 0.32 -1.54 2.78 -0.04 0.63 -4.21 -0.34 -0.00 0.00 0.00 -0.08 0.04 -0.09 -0.10 0.05 -0.03 -0.11 0.05 -0.03 -0.11 0.05 -0.03 22.25 -2.14 2.37 18.96 -1.77 2.06 4.14 3.12 -1.68 -3.34 0.28 90.43 3.57 -2.83 0.57 -2.40 12.35 1.19 -0.32 14.55 -0.26 -8.60 5.71 3.82 -11.61 7.39 7.33 -0.00 0.00 0.00 2.00 -0.00 0.11 -0.00 -0.08 2.15 -0.00 -0.04 1.06 -0.00 0.00 0.00 0.00 0.00 0.14 0.00 0.00 2.71 0.00 0.00 1.34 -0.00 0.00 0.00 -2.00 0.02 0.46 0.03 0.24 7.01 0.02 0.12 3.52 -0.00 0.00 0.00 -4.00 0.02 0.28 0.03 0.33 4.74 0.02 0.16 2.36 4.19 2.74 -2.51 -4.86 -2.24 -85.87 -1.53 -0.52 0.07 -0.33 5.71 1.87 -0.21 3.70 -0.20 0.72 1.50 -1.69 0.99 2.29 -2.56 0.00 0.00 -0.00 -2.00 -0.00 -0.12 0.00 -0.08 -2.38 0.00 -0.04 -1.18 0.00 0.00 -0.00 -0.00 0.00 -0.12 0.00 0.00 -2.29 0.00 -0.00 -1.13 0.00 0.00 -0.00 2.00 0.01 -0.19 -0.01 0.12 -3.47 -0.01 0.06 -1.72 0.00 0.00 -0.00 4.00 0.01 -0.11 -0.01 0.16 -2.28 -0.00 0.08 -1.12
-57.9858 -0.1365 -60.3513 108.16 0.06 0.06 -2.49 2.40 0.04 2.32 1.52 0.03 -1.67 -4.15 -0.11 0.00 0.00 -0.00 -0.68 1.20 0.33 -1.61 2.81 -0.04 0.46 -4.20 -0.35 -0.00 0.00 0.00 -0.00 0.04 -0.05 0.00 0.05 -0.04 0.00 0.05 -0.05 0.00 0.05 -0.05 25.12 -2.30 2.71 21.40 -1.90 2.37 4.19 3.20 -1.67 -3.10 0.58 90.61 3.68 -3.06 0.68 -2.28 11.95 1.30 -0.34 14.39 -0.28 -8.64 5.63 3.53 -11.75 7.27 6.87 -0.00 0.00 -0.00 2.00 -0.00 0.11 -0.00 -0.07 2.15 -0.00 -0.04 1.06 -0.00 0.00 -0.00 0.00 0.00 0.14 0.00 0.00 2.67 0.00 0.00 1.32 -0.00 0.00 -0.00 -2.00 0.02 0.46 0.03 0.24 6.99 0.02 0.12 3.50 -0.00 0.00 -0.00 -4.00 0.02 0.28 0.03 0.33 4.77 0.02 0.16 2.37 4.21 2.70 -2.60 -5.25 -2.36 -85.80 -1.35 -0.51 0.19 -0.23 5.76 1.91 -0.22 3.68 -0.21 0.71 1.49 -1.69 0.96 2.27 -2.56 0.00 0.00 0.00 -2.00 -0.00 -0.12 0.00 -0.08 -2.36 0.00 -0.04 -1.17 0.00 0.00 0.00 0.00 0.00 -0.11 0.00 0.00 -2.28 0.00 0.00 -1.13 0.00 0.00 0.00 2.00 0.01 -0.19 -0.01 0.12 -3.44 -0.01 0.06 -1.71 0.00 0.00 0.00 4.00 0.01 -0.11 -0.01 0.16 -2.26 -0.00 0.08 -1.12
-57.9725 -0.1370 -60.3238 108.48 0.08 0.07 -2.68 2.45 0.05 2.41 1.47 0.03 -1.89 -4.16 -0.13 -0.00 -0.00 -0.00 -0.72 1.13 0.35 -1.70 2.85 -0.04 0.28 -4.18 -0.37 -0.00 0.00 0.00 0.09 0.05 -0.03 0.11 0.05 -0.06 0.12 0.06 -0.07 0.12 0.06 -0.07 27.63 -2.40 3.00 23.55 -1.98 2.63 4.22 3.27 -1.65 -2.79 0.94 90.81 3.79 -3.33 0.78 -2.17 11.44 1.45 -0.37 14.20 -0.31 -8.65 5.53 3.23 -11.85 7.14 6.39 -0.00 0.00 0.00 2.00 -0.00 0.11 -0.00 -0.07 2.14 -0.00 -0.04 1.05 -0.00 0.00 0.00 0.00 0.00 0.14 0.00 0.00 2.63 0.00 0.00 1.30 -0.00 0.00 0.00 -2.00 0.02 0.46 0.03 0.24 6.98 0.02 0.12 3.50 -0.00 0.00 0.00 -4.00 0.02 0.28 0.03 0.33 4.80 0.02 0.17 2.39 4.18 2.66 -2.69 -5.56 -2.53 -85.75 -1.17 -0.49 0.32 -0.12 5.85 1.88 -0.22 3.67 -0.21 0.69 1.49 -1.69 0.94 2.27 -2.56 0.00 0.00 -0.00 -2.00 -0.00 -0.12 0.00 -0.08 -2.35 0.00 -0.04 -1.16 0.00 0.00 -0.00 0.00 -0.00 -0.11 0.00 0.00 -2.26 0.00 0.00 -1.12 0.00 0.00 -0.00 2.00 0.01 -0.18 -0.01 0.12 -3.41 -0.01 0.06 -1.69 0.00 0.00 -0.00 4.00 0.01 -0.11 -0.01 0.16 -2.26 -0.00 0.08 -1.11
-57.9605 -0.1369 -60.2959 108.85 0.10 0.09 -2.91 2.50 0.06 2.49 1.42 0.03 -2.12 -4.17 -0.14 -0.00 -0.00 -0.00 -0.80 1.04 0.37 -1.80 2.88 -0.05 0.08 -4.15 -0.38 -0.00 0.00 0.00 0.19 0.05 -0.02 0.23 0.05 -0.09 0.25 0.06 -0.10 0.25 0.06 -0.10 29.70 -2.46 3.18 25.31 -2.02 2.79 4.33 3.31 -1.64 -2.51 1.38 91.06 3.88 -3.64 0.85 -2.08 10.87 1.61 -0.40 13.95 -0.33 -8.60 5.42 2.94 -11.88 7.00 5.92 0.00 -0.00 -0.00 2.00 -0.00 0.11 -0.00 -0.07 2.11 -0.00 -0.04 1.04 0.00 -0.00 -0.00 0.00 0.00 0.13 0.00 0.00 2.58 0.00 0.00 1.27 0.00 -0.00 -0.00 -2.00 0.02 0.46 0.03 0.24 6.97 0.02 0.12 3.49 0.00 -0.00 -0.00 -4.00 0.02 0.28 0.03 0.34 4.84 0.02 0.17 2.41 4.21 2.63 -2.77 -5.90 -2.73 -85.71 -1.02 -0.46 0.44 0.00 5.96 1.79 -0.23 3.67 -0.22 0.68 1.49 -1.70 0.92 2.27 -2.57 0.00 0.00 0.00 -2.00 -0.00 -0.12 0.00 -0.08 -2.33 0.00 -0.04 -1.15 0.00 0.00 0.00 0.00 -0.00 -0.11 0.00 -0.00 -2.24 0.00 -0.00 -1.11 0.00 0.00 0.00 2.00 0.01 -0.18 -0.01 0.12 -3.36 -0.01 0.06 -1.66 0.00 0.00 0.00 4.00 0.01 -0.11 -0.01 0.16 -2.24 -0.00 0.08 -1.10
-57.9485 -0.1364 -60.2689 109.27 0.12 0.09 -3.17 2.54 0.08 2.55 1.38 0.03 -2.34 -4.20 -0.15 0.00 0.00 0.00 -0.92 0.96 0.39 -1.90 2.91 -0.05 -0.12 -4.12 -0.39 -0.00 0.00 0.00 0.30 0.05 -0.02 0.36 0.06 -0.11 0.39 0.06 -0.12 0.39 0.06 -0.12 31.20 -2.49 3.21 26.58 -2.04 2.83 4.42 3.32 -1.64 -2.19 1.86 91.32 3.96 -3.97 0.90 -2.01 10.29 1.78 -0.43 13.66 -0.36 -8.51 5.30 2.66 -11.83 6.85 5.45 -0.00 0.00 -0.00 2.00 -0.00 0.10 -0.00 -0.07 2.09 -0.00 -0.04 1.03 -0.00 0.00 -0.00 0.00 0.00 0.13 0.00 0.00 2.50 0.00 0.00 1.24 -0.00 0.00 -0.00 -2.00 0.02 0.45 0.03 0.24 6.95 0.02 0.12 3.49 -0.00 0.00 -0.00 -4.00 0.02 0.29 0.03 0.34 4.87 0.02 0.17 2.43 4.18 2.62 -2.83 -6.24 -2.96 -85.68 -0.90 -0.43 0.55 0.13 6.06 1.66 -0.24 3.72 -0.22 0.67 1.51 -1.72 0.90 2.30 -2.60 0.00 0.00 -0.00 -2.00 -0.00 -0.12 0.00 -0.08 -2.33 0.00 -0.04 -1.15 0.00 0.00 -0.00 0.00 -0.00 -0.11 0.00 -0.00 -2.23 0.00 -0.00 -1.10 0.00 0.00 -0.00 2.00 0.01 -0.18 -0.01 0.12 -3.31 -0.00 0.06 -1.64 0.00 0.00 -0.00 4.00 0.01 -0.11 -0.01 0.15 -2.22 -0.00 0.08 -1.09
-57.9373 -0.1338 -60.2440 109.71 0.14 0.09 -3.44 2.58 0.11 2.60 1.35 0.03 -2.55 -4.23 -0.17 0.00 0.00 0.00 -1.07 0.86 0.42 -2.00 2.94 -0.05 -0.31 -4.08 -0.41 -0.00 0.00 0.00 0.42 0.05 -0.02 0.49 0.05 -0.14 0.53 0.06 -0.15 0.53 0.06 -0.15 32.19 -2.49 3.12 27.43 -2.04 2.75 4.48 3.32 -1.63 -1.84 2.34 91.58 4.02 -4.29 0.91 -1.96 9.78 1.92 -0.45 13.49 -0.38 -8.45 5.23 2.45 -11.80 6.77 5.11 0.00 -0.00 -0.00 2.00 -0.00 0.10 -0.00 -0.07 2.07 -0.00 -0.04 1.02 0.00 -0.00 -0.00 0.00 0.00 0.12 0.00 0.00 2.44 0.00 0.00 1.21 0.00 -0.00 -0.00 -2.00 0.02 0.45 0.03 0.24 6.94 0.02 0.12 3.48 0.00 -0.00 -0.00 -4.00 0.02 0.29 0.03 0.34 4.90 0.02 0.17 2.44 4.15 2.63 -2.88 -6.48 -3.25 -85.69 -0.84 -0.45 0.64 0.24 6.17 1.53 -0.24 3.82 -0.23 0.67 1.55 -1.75 0.89 2.36 -2.65 0.00 -0.00 -0.00 -2.00 -0.00 -0.12 0.00 -0.08 -2.33 0.00 -0.04 -1.15 0.00 -0.00 -0.00 0.00 -0.00 -0.11 0.00 -0.00 -2.18 0.00 -0.00 -1.08 0.00 -0.00 -0.00 2.00 0.01 -0.18 -0.01 0.11 -3.28 -0.00 0.06 -1.63 0.00 -0.00 -0.00 4.00 0.01 -0.11 -0.01 0.15 -2.18 -0.00 0.08 -1.08
-57.9284 -0.1292 -60.2194 110.18 0.17 0.08 -3.69 2.63 0.15 2.62 1.31 0.03 -2.79 -4.26 -0.18 0.00 -0.00 0.00 -1.22 0.76 0.47 -2.14 2.99 -0.06 -0.49 -4.05 -0.42 -0.00 0.00 0.00 0.52 0.04 -0.04 0.61 0.05 -0.16 0.66 0.06 -0.17 0.66 0.06 -0.17 32.77 -2.49 2.94 27.92 -2.03 2.61 4.54 3.31 -1.61 -1.53 2.76 91.81 4.05 -4.52 0.89 -1.93 9.42 2.04 -0.46 13.36 -0.39 -8.39 5.17 2.34 -11.76 6.70 4.90 0.00 0.00 -0.00 2.00 -0.00 0.10 -0.00 -0.07 2.06 -0.00 -0.04 1.02 0.00 0.00 -0.00 0.00 0.00 0.12 0.00 0.00 2.41 0.00 0.00 1.19 0.00 0.00 -0.00 -2.00 0.02 0.45 0.03 0.24 6.95 0.02 0.12 3.49 0.00 0.00 -0.00 -4.00 0.02 0.29 0.03 0.34 4.91 0.02 0.17 2.45 4.15 2.65 -2.92 -6.59 -3.56 -85.71 -0.84 -0.50 0.69 0.31 6.26 1.44 -0.25 3.92 -0.23 0.66 1.59 -1.77 0.88 2.42 -2.69 0.00 -0.00 -0.00 -2.00 -0.00 -0.12 0.00 -0.08 -2.33 0.00 -0.04 -1.15 0.00 -0.00 -0.00 0.00 -0.00 -0.11 0.00 -0.00 -2.13 0.00 -0.00 -1.05 0.00 -0.00 -0.00 2.00 0.01 -0.17 -0.01 0.11 -3.27 -0.00 0.06 -1.62 0.00 -0.00 -0.00 4.00 0.01 -0.10 -0.00 0.15 -2.10 -0.00 0.07 -1.04
-57.9216 -0.1246 -60.1939 110.68 0.19 0.07 -3.96 2.68 0.19 2.63 1.27 0.03 -3.03 -4.29 -0.19 -0.00 0.00 -0.00 -1.41 0.65 0.51 -2.29 3.04 -0.06 -0.66 -4.02 -0.43 -0.00 0.00 0.00 0.61 0.04 -0.08 0.70 0.05 -0.18 0.76 0.05 -0.19 0.76 0.05 -0.19 33.03 -2.48 2.73 28.15 -2.03 2.43 4.60 3.31 -1.58 -1.30 3.09 91.99 4.07 -4.60 0.86 -1.92 9.18 2.12 -0.46 13.37 -0.39 -8.38 5.17 2.28 -11.75 6.71 4.81 -0.00 -0.00 0.00 2.00 -0.00 0.10 -0.00 -0.07 2.06 -0.00 -0.04 1.02 -0.00 -0.00 0.00 0.00 0.00 0.12 0.00 0.00 2.39 0.00 0.00 1.18 -0.00 -0.00 0.00 -2.00 0.02 0.46 0.03 0.24 6.96 0.02 0.12 3.49 -0.00 -0.00 0.00 -4.00 0.02 0.29 0.03 0.34 4.91 0.02 0.17 2.45 4.21 2.68 -2.99 -6.63 -3.86 -85.69 -0.90 -0.59 0.70 0.35 6.36 1.40 -0.25 3.98 -0.23 0.66 1.61 -1.79 0.87 2.46 -2.71 0.00 -0.00 -0.00 -2.00 -0.00 -0.12 0.00 -0.08 -2.35 0.00 -0.04 -1.16 0.00 -0.00 -0.00 0.00 -0.00 -0.11 0.00 -0.00 -2.11 0.00 -0.00 -1.04 0.00 -0.00 -0.00 2.00 0.01 -0.17 -0.01 0.11 -3.25 -0.00 0.06 -1.61 0.00 -0.00 -0.00 4.00 0.01 -0.10 -0.00 0.14 -2.00 -0.00 0.07 -0.99
-57.9179 -0.1195 -60.1685 111.19 0.20 0.05 -4.20 2.73 0.24 2.61 1.24 0.03 -3.28 -4.33 -0.20 -0.00 0.00 -0.00 -1.60 0.54 0.56 -2.44 3.10 -0.07 -0.83 -3.99 -0.45 -0.00 0.00 0.00 0.68 0.04 -0.15 0.77 0.04 -0.20 0.83 0.05 -0.21 0.83 0.05 -0.21 33.04 -2.50 2.51 28.15 -2.05 2.24 4.59 3.32 -1.52 -1.12 3.30 92.10 4.07 -4.50 0.83 -1.93 9.10 2.16 -0.45 13.50 -0.37 -8.40 5.22 2.32 -11.76 6.78 4.89 -0.00 0.00 0.00 2.00 -0.00 0.10 -0.00 -0.07 2.09 -0.00 -0.04 1.03 -0.00 0.00 0.00 -0.00 -0.00 0.12 -0.00 0.00 2.42 -0.00 -0.00 1.19 -0.00 0.00 0.00 -2.00 0.02 0.46 0.03 0.24 7.01 0.02 0.12 3.52 -0.00 0.00 0.00 -4.00 0.02 0.29 0.03 0.34 4.90 0.02 0.17 2.44 4.28 2.72 -3.05 -6.54 -4.14 -85.64 -1.00 -0.69 0.66 0.34 6.45 1.42 -0.25 4.02 -0.23 0.66 1.63 -1.80 0.88 2.49 -2.73 -0.00 -0.00 -0.00 -2.00 -0.00 -0.12 0.00 -0.08 -2.36 0.00 -0.04 -1.17 -0.00 -0.00 -0.00 0.00 -0.00 -0.10 0.00 -0.00 -2.11 0.00 -0.00 -1.04 -0.00 -0.00 -0.00 2.00 0.01 -0.17 -0.01 0.11 -3.22 -0.00 0.06 -1.60 -0.00 -0.00 -0.00 4.00 0.01 -0.09 -0.00 0.13 -1.92 -0.00 0.07 -0.95
-57.9178 -0.1149 -60.1428 111.69 0.21 0.04 -4.41 2.78 0.28 2.59 1.22 0.03 -3.54 -4.36 -0.21 -0.00 -0.00 0.00 -1.77 0.43 0.60 -2.59 3.15 -0.07 -1.00 -3.95 -0.46 -0.00 0.00 0.00 0.74 0.03 -0.22 0.82 0.04 -0.22 0.88 0.04 -0.24 0.88 0.04 -0.24 32.87 -2.53 2.30 28.01 -2.08 2.06 4.56 3.34 -1.45 -0.98 3.41 92.15 4.09 -4.30 0.80 -1.92 9.11 2.16 -0.43 13.68 -0.36 -8.44 5.30 2.45 -11.78 6.88 5.12 0.00 -0.00 -0.00 2.00 -0.00 0.11 -0.00 -0.07 2.12 -0.00 -0.04 1.05 0.00 -0.00 -0.00 -0.00 0.00 0.13 -0.00 0.00 2.47 -0.00 0.00 1.22 0.00 -0.00 -0.00 -2.00 0.02 0.47 0.03 0.24 7.07 0.02 0.12 3.55 0.00 -0.00 -0.00 -4.00 0.02 0.29 0.03 0.34 4.90 0.02 0.17 2.44 4.35 2.75 -3.10 -6.32 -4.38 -85.58 -1.12 -0.83 0.57 0.31 6.51 1.49 -0.24 4.02 -0.23 0.68 1.63 -1.79 0.90 2.49 -2.72 -0.00 0.00 -0.00 -2.00 -0.00 -0.12 0.00 -0.08 -2.36 0.00 -0.04 -1.17 -0.00 0.00 -0.00 -0.00 0.00 -0.11 -0.00 0.00 -2.12 -0.00 0.00 -1.05 -0.00 0.00 -0.00 2.00 0.01 -0.17 -0.01 0.11 -3.21 -0.00 0.06 -1.59 -0.00 0.00 -0.00 4.00 0.01 -0.09 -0.00 0.13 -1.86 -0.00 0.06 -0.92
-57.9179 -0.1109 -60.1174 112.15 0.22 0.03 -4.55 2.82 0.33 2.54 1.21 0.03 -3.81 -4.40 -0.22 -0.00 -0.00 0.00 -1.90 0.35 0.64 -2.75 3.18 -0.08 -1.18 -3.91 -0.48 -0.00 0.00 0.00 0.78 0.03 -0.30 0.84 0.03 -0.24 0.91 0.04 -0.25 0.91 0.04 -0.25 32.60 -2.56 2.12 27.77 -2.12 1.90 4.51 3.35 -1.39 -0.86 3.47 92.15 4.12 -4.08 0.79 -1.90 9.17 2.15 -0.41 13.87 -0.34 -8.47 5.38 2.66 -11.75 6.99 5.45 0.00 -0.00 -0.00 2.00 -0.00 0.11 -0.00 -0.07 2.14 -0.00 -0.04 1.06 0.00 -0.00 -0.00 -0.00 0.00 0.13 -0.00 0.00 2.52 -0.00 0.00 1.25 0.00 -0.00 -0.00 -2.00 0.02 0.47 0.03 0.25 7.13 0.02 0.12 3.58 0.00 -0.00 -0.00 -4.00 0.02 0.29 0.03 0.34 4.90 0.02 0.17 2.44 4.43 2.77 -3.15 -6.07 -4.53 -85.52 -1.25 -0.99 0.46 0.26 6.55 1.58 -0.23 4.01 -0.22 0.70 1.63 -1.78 0.93 2.48 -2.70 -0.00 -0.00 0.00 -2.00 -0.00 -0.12 0.00 -0.08 -2.36 0.00 -0.04 -1.16 -0.00 -0.00 0.00 -0.00 0.00 -0.11 -0.00 0.00 -2.14 -0.00 0.00 -1.06 -0.00 -0.00 0.00 2.00 0.01 -0.17 -0.01 0.11 -3.21 -0.00 0.06 -1.59 -0.00 -0.00 0.00 4.00 0.01 -0.09 -0.00 0.13 -1.84 -0.00 0.06 -0.91
-57.9215 -0.1065 -60.0903 112.58 0.23 0.02 -4.64 2.84 0.37 2.48 1.23 0.03 -4.09 -4.45 -0.22 -0.00 -0.00 0.00 -1.98 0.28 0.67 -2.90 3.18 -0.08 -1.37 -3.85 -0.49 -0.00 0.00 0.00 0.80 0.03 -0.39 0.84 0.03 -0.25 0.91 0.03 -0.27 0.91 0.03 -0.27 32.25 -2.60 1.96 27.48 -2.15 1.76 4.46 3.33 -1.32 -0.74 3.50 92.11 4.18 -3.89 0.78 -1.84 9.25 2.15 -0.39 14.03 -0.32 -8.50 5.45 2.84 -11.75 7.08 5.75 -0.00 0.00 0.00 2.00 -0.00 0.11 -0.00 -0.08 2.16 -0.00 -0.04 1.06 -0.00 0.00 0.00 -0.00 0.00 0.13 -0.00 0.00 2.58 -0.00 0.00 1.28 -0.00 0.00 0.00 -2.00 0.02 0.48 0.03 0.25 7.19 0.02 0.12 3.61 -0.00 0.00 0.00 -4.00 0.02 0.29 0.03 0.34 4.91 0.02 0.17 2.45 4.50 2.74 -3.18 -5.82 -4.58 -85.46 -1.35 -1.19 0.34 0.23 6.57 1.67 -0.22 3.99 -0.21 0.73 1.62 -1.77 0.98 2.47 -2.68 0.00 -0.00 -0.00 -2.00 -0.00 -0.12 0.00 -0.08 -2.35 0.00 -0.04 -1.16 0.00 -0.00 -0.00 -0.00 -0.00 -0.11 -0.00 0.00 -2.15 -0.00 0.00 -1.06 0.00 -0.00 -0.00 2.00 0.01 -0.17 -0.01 0.11 -3.21 -0.00 0.06 -1.59 0.00 -0.00 -0.00 4.00 0.01 -0.09 -0.00 0.13 -1.85 -0.00 0.06 -0.91
-57.9267 -0.1023 -60.0622 112.95 0.23 0.02 -4.69 2.85 0.41 2.41 1.25 0.03 -4.34 -4.49 -0.23 0.00 -0.00 -0.00 -2.01 0.23 0.71 -3.05 3.15 -0.08 -1.56 -3.79 -0.51 -0.00 0.00 0.00 0.82 0.02 -0.48 0.83 0.03 -0.26 0.90 0.03 -0.28 0.90 0.03 -0.28 31.83 -2.62 1.82 27.12 -2.18 1.64 4.42 3.28 -1.26 -0.56 3.54 92.04 4.27 -3.79 0.80 -1.75 9.33 2.19 -0.37 14.16 -0.31 -8.54 5.51 2.99 -11.76 7.15 6.01 -0.00 0.00 -0.00 2.00 -0.00 0.11 -0.00 -0.08 2.19 -0.00 -0.04 1.08 -0.00 0.00 -0.00 -0.00 0.00 0.14 -0.00 0.00 2.66 -0.00 0.00 1.32 -0.00 0.00 -0.00 -2.00 0.02 0.48 0.03 0.25 7.28 0.03 0.13 3.65 -0.00 0.00 -0.00 -4.00 0.02 0.29 0.03 0.34 4.94 0.02 0.17 2.46 4.57 2.66 -3.20 -5.63 -4.51 -85.43 -1.43 -1.41 0.24 0.21 6.56 1.73 -0.21 3.97 -0.20 0.75 1.61 -1.75 1.01 2.45 -2.66 -0.00 -0.00 0.00 -2.00 -0.00 -0.12 0.00 -0.08 -2.33 0.00 -0.04 -1.15 -0.00 -0.00 0.00 0.00 0.00 -0.11 -0.00 0.00 -2.15 -0.00 0.00 -1.06 -0.00 -0.00 0.00 2.00 0.01 -0.17 -0.01 0.11 -3.22 -0.00 0.06 -1.59 -0.00 -0.00 0.00 4.00 0.01 -0.09 -0.00 0.13 -1.88 -0.00 0.06 -0.93
-57.9305 -0.0983 -60.0359 113.25 0.23 0.01 -4.70 2.85 0.44 2.35 1.30 0.03 -4.57 -4.54 -0.24 -0.00 -0.00 0.00 -2.01 0.21 0.74 -3.18 3.11 -0.09 -1.74 -3.73 -0.52 -0.00 0.00 0.00 0.82 0.02 -0.55 0.81 0.03 -0.26 0.87 0.03 -0.28 0.87 0.03 -0.28 31.37 -2.63 1.69 26.73 -2.19 1.53 4.38 3.20 -1.22 -0.33 3.58 91.95 4.38 -3.77 0.83 -1.64 9.39 2.26 -0.36 14.24 -0.30 -8.58 5.55 3.10 -11.78 7.19 6.19 0.00 -0.00 -0.00 2.00 -0.00 0.11 -0.00 -0.08 2.22 -0.00 -0.04 1.09 0.00 -0.00 -0.00 -0.00 0.00 0.14 -0.00 0.00 2.73 -0.00 0.00 1.35 0.00 -0.00 -0.00 -2.00 0.02 0.49 0.03 0.25 7.34 0.03 0.13 3.69 0.00 -0.00 -0.00 -4.00 0.02 0.29 0.03 0.34 4.96 0.02 0.17 2.47 4.63 2.55 -3.20 -5.57 -4.33 -85.41 -1.49 -1.63 0.15 0.23 6.55 1.77 -0.21 3.91 -0.20 0.76 1.59 -1.74 1.03 2.42 -2.65 -0.00 0.00 -0.00 -2.00 -0.00 -0.12 0.00 -0.08 -2.32 0.00 -0.04 -1.14 -0.00 0.00 -0.00 -0.00 0.00 -0.11 -0.00 0.00 -2.14 -0.00 0.00 -1.05 -0.00 0.00 -0.00 2.00 0.01 -0.17 -0.01 0.11 -3.22 -0.00 0.06 -1.59 -0.00 0.00 -0.00 4.00 0.01 -0.09 -0.00 0.13 -1.93 -0.00 0.07 -0.95
-57.9342 -0.0952 -60.0117 113.49 0.23 0.01 -4.72 2.84 0.47 2.32 1.35 0.03 -4.77 -4.58 -0.25 0.00 0.00 -0.00 -1.98 0.19 0.76 -3.29 3.08 -0.09 -1.89 -3.68 -0.53 -0.00 0.00 0.00 0.82 0.03 -0.61 0.78 0.03 -0.26 0.84 0.03 -0.28 0.84 0.03 -0.28 30.87 -2.61 1.58 26.30 -2.18 1.44 4.34 3.10 -1.19 -0.06 3.62 91.87 4.50 -3.77 0.86 -1.53 9.44 2.34 -0.36 14.31 -0.29 -8.62 5.58 3.18 -11.81 7.22 6.32 0.00 0.00 -0.00 2.00 -0.00 0.11 -0.00 -0.08 2.24 -0.00 -0.04 1.11 0.00 0.00 -0.00 -0.00 0.00 0.14 -0.00 0.00 2.78 -0.00 0.00 1.38 0.00 0.00 -0.00 -2.00 0.02 0.50 0.04 0.26 7.40 0.03 0.13 3.72 0.00 0.00 -0.00 -4.00 0.02 0.29 0.03 0.35 4.97 0.02 0.17 2.48 4.67 2.41 -3.20 -5.62 -4.06 -85.40 -1.53 -1.82 0.10 0.28 6.54 1.76 -0.21 3.86 -0.20 0.76 1.56 -1.74 1.03 2.38 -2.64 0.00 -0.00 0.00 -2.00 -0.00 -0.12 0.00 -0.08 -2.30 0.00 -0.04 -1.14 0.00 -0.00 0.00 -0.00 0.00 -0.11 -0.00 0.00 -2.13 -0.00 0.00 -1.05 0.00 -0.00 0.00 2.00 0.01 -0.17 -0.01 0.11 -3.21 -0.00 0.06 -1.59 0.00 -0.00 0.00 4.00 0.01 -0.10 -0.00 0.14 -1.98 -0.00 0.07 -0.98
-57.9381 -0.0934 -59.9904 113.65 0.23 0.01 -4.72 2.81 0.50 2.33 1.42 0.03 -4.93 -4.62 -0.25 -0.00 0.00 -0.00 -1.95 0.17 0.78 -3.37 3.07 -0.09 -2.00 -3.65 -0.54 -0.00 0.00 0.00 0.82 0.03 -0.65 0.76 0.03 -0.25 0.82 0.03 -0.27 0.82 0.03 -0.27 30.34 -2.58 1.48 25.85 -2.15 1.35 4.28 2.99 -1.16 0.23 3.67 91.79 4.61 -3.76 0.90 -1.43 9.49 2.44 -0.35 14.36 -0.29 -8.65 5.60 3.23 -11.84 7.23 6.41 0.00 -0.00 0.00 2.00 -0.00 0.11 -0.00 -0.08 2.27 -0.00 -0.04 1.12 0.00 -0.00 0.00 -0.00 0.00 0.15 -0.00 0.00 2.83 -0.00 0.00 1.40 0.00 -0.00 0.00 -2.00 0.02 0.50 0.04 0.26 7.45 0.03 0.13 3.74 0.00 -0.00 0.00 -4.00 0.02 0.29 0.03 0.35 4.98 0.02 0.17 2.48 4.69 2.25 -3.17 -5.75 -3.72 -85.43 -1.56 -1.98 0.07 0.35 6.54 1.72 -0.22 3.81 -0.20 0.75 1.54 -1.74 1.01 2.35 -2.64 0.00 0.00 -0.00 -2.00 -0.00 -0.12 0.00 -0.08 -2.29 0.00 -0.04 -1.13 0.00 0.00 -0.00 0.00 0.00 -0.11 -0.00 0.00 -2.13 -0.00 0.00 -1.05 0.00 0.00 -0.00 2.00 0.01 -0.17 -0.01 0.11 -3.21 -0.00 0.06 -1.59 0.00 0.00 -0.00 4.00 0.01 -0.10 -0.00 0.14 -2.03 -0.00 0.07 -1.00
-57.9431 -0.0929 -59.9729 113.73 0.22 0.01 -4.72 2.78 0.51 2.37 1.49 0.03 -5.06 -4.65 -0.26 -0.00 -0.00 -0.00 -1.91 0.15 0.79 -3.43 3.09 -0.09 -2.06 -3.64 -0.55 -0.00 0.00 0.00 0.81 0.03 -0.68 0.73 0.03 -0.25 0.79 0.03 -0.27 0.79 0.03 -0.27 29.73 -2.53 1.38 25.33 -2.11 1.26 4.22 2.87 -1.14 0.50 3.71 91.72 4.72 -3.69 0.92 -1.34 9.54 2.53 -0.35 14.42 -0.29 -8.70 5.62 3.22 -11.91 7.25 6.43 -0.00 -0.00 0.00 2.00 -0.00 0.12 -0.00 -0.08 2.30 -0.00 -0.04 1.13 -0.00 -0.00 0.00 -0.00 0.00 0.15 -0.00 0.00 2.86 -0.00 0.00 1.42 -0.00 -0.00 0.00 -2.00 0.02 0.50 0.04 0.26 7.44 0.03 0.13 3.74 -0.00 -0.00 0.00 -4.00 0.02 0.29 0.03 0.35 4.98 0.02 0.17 2.48 4.72 2.08 -3.13 -5.92 -3.38 -85.46 -1.58 -2.10 0.06 0.43 6.57 1.66 -0.22 3.77 -0.21 0.73 1.53 -1.73 0.99 2.33 -2.63 0.00 0.00 -0.00 -2.00 -0.00 -0.12 0.00 -0.08 -2.30 0.00 -0.04 -1.13 0.00 0.00 -0.00 0.00 -0.00 -0.11 0.00 -0.00 -2.14 0.00 -0.00 -1.06 0.00 0.00 -0.00 2.00 0.01 -0.17 -0.01 0.11 -3.22 -0.00 0.06 -1.59 0.00 0.00 -0.00 4.00 0.01 -0.10 -0.01 0.14 -2.07 -0.00 0.07 -1.02
-57.9494 -0.0935 -59.9587 113.75 0.22 0.00 -4.70 2.74 0.52 2.44 1.56 0.03 -5.15 -4.68 -0.26 0.00 0.00 0.00 -1.88 0.12 0.80 -3.47 3.13 -0.09 -2.08 -3.65 -0.56 -0.00 0.00 0.00 0.81 0.03 -0.70 0.71 0.03 -0.25 0.76 0.03 -0.27 0.76 0.03 -0.27 29.05 -2.47 1.27 24.74 -2.07 1.16 4.16 2.76 -1.10 0.75 3.74 91.68 4.83 -3.60 0.94 -1.28 9.58 2.59 -0.35 14.49 -0.29 -8.76 5.64 3.20 -12.00 7.28 6.41 0.00 0.00 -0.00 2.00 -0.00 0.12 -0.00 -0.08 2.33 -0.00 -0.04 1.15 0.00 0.00 -0.00 -0.00 0.00 0.15 -0.00 0.00 2.88 -0.00 0.00 1.42 0.00 0.00 -0.00 -2.00 0.02 0.50 0.04 0.26 7.42 0.03 0.13 3.72 0.00 0.00 -0.00 -4.00 0.02 0.29 0.03 0.35 4.99 0.02 0.17 2.49 4.75 1.93 -3.07 -6.12 -3.03 -85.49 -1.59 -2.15 0.06 0.49 6.64 1.61 -0.23 3.72 -0.22 0.68 1.51 -1.71 0.92 2.30 -2.60 -0.00 -0.00 -0.00 -2.00 -0.00 -0.12 0.00 -0.08 -2.31 0.00 -0.04 -1.14 -0.00 -0.00 -0.00 0.00 -0.00 -0.11 0.00 -0.00 -2.16 0.00 -0.00 -1.07 -0.00 -0.00 -0.00 2.00 0.01 -0.17 -0.01 0.11 -3.25 -0.00 0.06 -1.61 -0.00 -0.00 -0.00 4.00 0.01 -0.10 -0.01 0.15 -2.09 -0.00 0.07 -1.03
-57.9583 -0.0935 -59.9463 113.69 0.21 0.00 -4.66 2.69 0.53 2.51 1.64 0.04 -5.21 -4.70 -0.26 -0.00 0.00 -0.00 -1.86 0.10 0.81 -3.47 3.19 -0.10 -2.04 -3.68 -0.56 -0.00 0.00 0.00 0.81 0.03 -0.72 0.69 0.03 -0.24 0.74 0.03 -0.26 0.74 0.03 -0.26 28.30 -2.41 1.16 24.11 -2.02 1.06 4.10 2.67 -1.07 0.98 3.76 91.64 4.93 -3.51 0.94 -1.25 9.59 2.61 -0.34 14.55 -0.28 -8.80 5.66 3.17 -12.05 7.29 6.37 -0.00 0.00 0.00 2.00 -0.00 0.12 -0.00 -0.08 2.35 -0.00 -0.04 1.16 -0.00 0.00 0.00 -0.00 0.00 0.15 -0.00 0.00 2.88 -0.00 0.00 1.42 -0.00 0.00 0.00 -2.00 0.02 0.49 0.04 0.26 7.40 0.03 0.13 3.71 -0.00 0.00 0.00 -4.00 0.02 0.29 0.03 0.35 5.00 0.02 0.17 2.49 4.78 1.80 -3.01 -6.31 -2.73 -85.52 -1.59 -2.13 0.07 0.54 6.75 1.57 -0.24 3.68 -0.23 0.65 1.49 -1.70 0.87 2.28 -2.58 -0.00 0.00 -0.00 -2.00 -0.00 -0.12 0.00 -0.08 -2.32 0.00 -0.04 -1.15 -0.00 0.00 -0.00 0.00 -0.00 -0.11 0.00 -0.00 -2.19 0.00 -0.00 -1.08 -0.00 0.00 -0.00 2.00 0.01 -0.17 -0.01 0.11 -3.27 -0.00 0.06 -1.62 -0.00 0.00 -0.00 4.00 0.01 -0.10 -0.01 0.15 -2.11 -0.00 0.07 -1.04
-57.9638 -0.0962 -59.9351 113.55 0.21 0.00 -4.59 2.62 0.53 2.59 1.72 0.04 -5.23 -4.72 -0.27 0.00 0.00 -0.00 -1.82 0.07 0.81 -3.45 3.27 -0.10 -1.96 -3.74 -0.56 -0.00 0.00 0.00 0.81 0.03 -0.73 0.69 0.03 -0.24 0.74 0.03 -0.26 0.74 0.03 -0.26 27.50 -2.35 1.05 23.42 -1.98 0.96 4.00 2.60 -1.03 1.25 3.77 91.63 5.02 -3.45 0.92 -1.25 9.57 2.58 -0.34 14.59 -0.28 -8.81 5.67 3.15 -12.08 7.31 6.35 0.00 -0.00 -0.00 2.00 -0.00 0.12 -0.00 -0.08 2.37 -0.00 -0.04 1.17 0.00 -0.00 -0.00 0.00 -0.00 0.15 -0.00 0.00 2.88 -0.00 -0.00 1.42 0.00 -0.00 -0.00 -2.00 0.02 0.50 0.04 0.26 7.40 0.03 0.13 3.72 0.00 -0.00 -0.00 -4.00 0.02 0.30 0.03 0.35 5.00 0.02 0.17 2.49 4.78 1.71 -2.93 -6.42 -2.49 -85.55 -1.58 -2.06 0.10 0.58 6.86 1.56 -0.24 3.66 -0.23 0.64 1.48 -1.70 0.85 2.26 -2.57 -0.00 0.00 -0.00 -2.00 -0.00 -0.12 0.00 -0.08 -2.33 0.00 -0.04 -1.15 -0.00 0.00 -0.00 0.00 -0.00 -0.11 0.00 -0.00 -2.22 0.00 -0.00 -1.10 -0.00 0.00 -0.00 2.00 0.01 -0.18 -0.01 0.12 -3.31 -0.00 0.06 -1.64 -0.00 0.00 -0.00 4.00 0.01 -0.11 -0.01 0.15 -2.12 -0.00 0.07 -1.05
-57.9666 -0.0997 -59.9267 113.35 0.20 0.00 -4.48 2.56 0.53 2.67 1.80 0.04 -5.21 -4.73 -0.27 0.00 -0.00 0.00 -1.76 0.06 0.81 -3.42 3.36 -0.10 -1.84 -3.80 -0.57 -0.00 0.00 0.00 0.82 0.03 -0.73 0.69 0.03 -0.24 0.74 0.03 -0.26 0.74 0.03 -0.26 26.48 -2.29 0.90 22.56 -1.93 0.83 3.89 2.54 -1.00 1.48 3.75 91.63 5.10 -3.42 0.89 -1.27 9.54 2.48 -0.34 14.62 -0.28 -8.80 5.69 3.16 -12.05 7.33 6.36 0.00 0.00 0.00 2.00 -0.00 0.12 -0.00 -0.08 2.40 -0.00 -0.04 1.19 0.00 0.00 0.00 0.00 0.00 0.15 0.00 0.00 2.90 0.00 0.00 1.44 0.00 0.00 0.00 -2.00 0.02 0.50 0.04 0.26 7.45 0.03 0.13 3.74 0.00 0.00 0.00 -4.00 0.02 0.30 0.03 0.35 5.01 0.02 0.17 2.50 4.78 1.65 -2.85 -6.48 -2.31 -85.59 -1.57 -1.97 0.12 0.62 6.97 1.59 -0.24 3.66 -0.23 0.64 1.48 -1.70 0.86 2.27 -2.58 -0.00 -0.00 -0.00 -2.00 -0.00 -0.12 0.00 -0.08 -2.34 0.00 -0.04 -1.16 -0.00 -0.00 -0.00 0.00 -0.00 -0.11 0.00 -0.00 -2.25 0.00 -0.00 -1.11 -0.00 -0.00 -0.00 2.00 0.01 -0.18 -0.01 0.12 -3.35 -0.01 0.06 -1.66 -0.00 -0.00 -0.00 4.00 0.01 -0.11 -0.01 0.15 -2.14 -0.00 0.07 -1.05
-57.9670 -0.1029 -59.9219 113.10 0.19 0.00 -4.37 2.50 0.53 2.75 1.87 0.04 -5.15 -4.73 -0.28 -0.00 -0.00 -0.00 -1.71 0.05 0.80 -3.38 3.45 -0.10 -1.69 -3.87 -0.57 -0.00 0.00 0.00 0.83 0.03 -0.74 0.69 0.03 -0.23 0.75 0.03 -0.25 0.75 0.03 -0.25 25.31 -2.23 0.73 21.56 -1.88 0.68 3.77 2.50 -0.99 1.69 3.72 91.65 5.18 -3.40 0.85 -1.31 9.48 2.35 -0.34 14.64 -0.28 -8.78 5.70 3.18 -12.02 7.35 6.39 -0.00 0.00 -0.00 2.00 -0.00 0.12 -0.00 -0.08 2.42 -0.00 -0.04 1.20 -0.00 0.00 -0.00 0.00 0.00 0.15 0.00 0.00 2.92 0.00 0.00 1.45 -0.00 0.00 -0.00 -2.00 0.02 0.51 0.04 0.26 7.51 0.03 0.13 3.77 -0.00 0.00 -0.00 -4.00 0.02 0.30 0.03 0.35 5.02 0.02 0.17 2.50 4.77 1.61 -2.78 -6.50 -2.18 -85.61 -1.55 -1.89 0.15 0.65 7.05 1.65 -0.24 3.69 -0.22 0.66 1.49 -1.70 0.89 2.28 -2.58 -0.00 0.00 -0.00 -2.00 -0.00 -0.12 0.00 -0.08 -2.36 0.00 -0.04 -1.16 -0.00 0.00 -0.00 0.00 -0.00 -0.12 0.00 -0.00 -2.29 0.00 -0.00 -1.13 -0.00 0.00 -0.00 2.00 0.01 -0.18 -0.01 0.12 -3.40 -0.01 0.06 -1.69 -0.00 0.00 -0.00 4.00 0.01 -0.11 -0.01 0.15 -2.16 -0.00 0.07 -1.07
-57.9633 -0.1068 -59.9209 112.83 0.19 0.00 -4.27 2.44 0.52 2.83 1.93 0.05 -5.06 -4.73 -0.28 0.00 0.00 0.00 -1.67 0.05 0.79 -3.30 3.54 -0.10 -1.54 -3.95 -0.57 -0.00 0.00 0.00 0.83 0.03 -0.74 0.69 0.03 -0.23 0.75 0.03 -0.25 0.75 0.03 -0.25 23.99 -2.16 0.53 20.44 -1.83 0.50 3.64 2.47 -0.99 1.87 3.69 91.68 5.24 -3.40 0.82 -1.34 9.42 2.22 -0.34 14.63 -0.27 -8.76 5.70 3.20 -11.99 7.35 6.43 0.00 -0.00 -0.00 2.00 -0.00 0.12 -0.00 -0.09 2.44 -0.00 -0.04 1.21 0.00 -0.00 -0.00 0.00 0.00 0.15 0.00 0.00 2.94 0.00 0.00 1.45 0.00 -0.00 -0.00 -2.00 0.02 0.51 0.04 0.26 7.55 0.03 0.13 3.79 0.00 -0.00 -0.00 -4.00 0.02 0.30 0.03 0.35 5.02 0.02 0.17 2.50 4.76 1.59 -2.74 -6.50 -2.08 -85.62 -1.53 -1.83 0.17 0.67 7.12 1.73 -0.23 3.71 -0.21 0.69 1.50 -1.70 0.93 2.29 -2.58 0.00 0.00 0.00 -2.00 -0.00 -0.12 0.00 -0.08 -2.37 0.00 -0.04 -1.17 0.00 0.00 0.00 0.00 -0.00 -0.12 0.00 -0.00 -2.32 0.00 -0.00 -1.15 0.00 0.00 0.00 2.00 0.01 -0.19 -0.01 0.12 -3.45 -0.01 0.06 -1.71 0.00 0.00 0.00 4.00 0.01 -0.11 -0.01 0.15 -2.18 -0.00 0.08 -1.08
-57.9575 -0.1108 -59.9249 112.50 0.18 0.00 -4.14 2.38 0.51 2.92 1.99 0.05 -4.95 -4.72 -0.29 -0.00 -0.00 0.00 -1.59 0.07 0.78 -3.21 3.61 -0.10 -1.37 -4.03 -0.57 -0.00 0.00 0.00 0.84 0.03 -0.74 0.71 0.03 -0.22 0.77 0.03 -0.24 0.77 0.03 -0.24 22.52 -2.10 0.30 19.18 -1.78 0.30 3.45 2.44 -1.02 2.08 3.66 91.71 5.30 -3.41 0.79 -1.37 9.38 2.12 -0.34 14.60 -0.28 -8.74 5.69 3.24 -11.95 7.35 6.47 0.00 0.00 0.00 2.00 -0.00 0.12 -0.00 -0.09 2.45 -0.00 -0.04 1.21 0.00 0.00 0.00 0.00 0.00 0.15 0.00 0.00 2.95 0.00 0.00 1.46 0.00 0.00 0.00 -2.00 0.02 0.51 0.04 0.26 7.58 0.03 0.13 3.81 0.00 0.00 0.00 -4.00 0.02 0.30 0.03 0.35 5.03 0.02 0.17 2.51 4.69 1.59 -2.72 -6.45 -2.03 -85.61 -1.52 -1.80 0.18 0.68 7.18 1.82 -0.22 3.73 -0.21 0.70 1.51 -1.70 0.95 2.31 -2.58 0.00 0.00 -0.00 -2.00 -0.00 -0.12 0.00 -0.08 -2.38 0.00 -0.04 -1.18 0.00 0.00 -0.00 0.00 -0.00 -0.12 0.00 0.00 -2.35 0.00 0.00 -1.16 0.00 0.00 -0.00 2.00 0.01 -0.19 -0.01 0.12 -3.49 -0.01 0.06 -1.73 0.00 0.00 -0.00 4.00 0.01 -0.11 -0.01 0.15 -2.20 -0.00 0.08 -1.09
-57.9522 -0.1145 -59.9333 112.15 0.17 0.00 -4.02 2.33 0.50 3.03 2.05 0.05 -4.82 -4.71 -0.29 -0.00 0.00 -0.00 -1.50 0.10 0.77 -3.12 3.66 -0.10 -1.21 -4.10 -0.57 -0.00 0.00 0.00 0.85 0.03 -0.75 0.72 0.02 -0.21 0.78 0.03 -0.23 0.78 0.03 -0.23 20.71 -2.02 0.02 17.64 -1.72 0.05 3.25 2.41 -1.06 2.27 3.63 91.72 5.35 -3.42 0.78 -1.39 9.36 2.06 -0.34 14.55 -0.28 -8.70 5.67 3.30 -11.88 7.33 6.55 -0.00 0.00 0.00 2.00 -0.00 0.13 -0.00 -0.09 2.46 -0.00 -0.04 1.22 -0.00 0.00 0.00 0.00 0.00 0.16 0.00 0.00 2.98 0.00 0.00 1.47 -0.00 0.00 0.00 -2.00 0.02 0.52 0.04 0.26 7.62 0.03 0.13 3.83 -0.00 0.00 0.00 -4.00 0.02 0.30 0.03 0.35 5.03 0.02 0.17 2.51 4.62 1.61 -2.73 -6.37 -2.00 -85.58 -1.51 -1.77 0.20 0.69 7.23 1.91 -0.22 3.75 -0.20 0.72 1.52 -1.70 0.98 2.32 -2.58 0.00 0.00 0.00 -2.00 -0.00 -0.12 0.00 -0.08 -2.39 0.00 -0.04 -1.18 0.00 0.00 0.00 0.00 -0.00 -0.12 0.00 0.00 -2.38 0.00 0.00 -1.18 0.00 0.00 0.00 2.00 0.01 -0.19 -0.01 0.12 -3.53 -0.01 0.06 -1.75 0.00 0.00 0.00 4.00 0.01 -0.11 -0.01 0.16 -2.22 -0.00 0.08 -1.10
-57.9488 -0.1183 -59.9438 111.79 0.16 0.00 -3.90 2.27 0.48 3.13 2.11 0.06 -4.70 -4.70 -0.29 -0.00 -0.00 0.00 -1.40 0.13 0.75 -3.01 3.70 -0.10 -1.05 -4.16 -0.56 -0.00 0.00 0.00 0.85 0.03 -0.75 0.73 0.02 -0.21 0.79 0.02 -0.22 0.79 0.02 -0.22 18.63 -1.94 -0.30 15.87 -1.67 -0.24 3.03 2.37 -1.10 2.47 3.60 91.71 5.41 -3.44 0.78 -1.40 9.36 2.03 -0.34 14.49 -0.28 -8.66 5.66 3.36 -11.82 7.31 6.64 0.00 0.00 -0.00 2.00 -0.00 0.13 -0.00 -0.09 2.47 -0.00 -0.04 1.22 0.00 0.00 -0.00 0.00 0.00 0.16 0.00 0.00 3.01 0.00 0.00 1.49 0.00 0.00 -0.00 -2.00 0.02 0.52 0.04 0.26 7.67 0.03 0.13 3.85 0.00 0.00 -0.00 -4.00 0.02 0.30 0.03 0.35 5.04 0.02 0.17 2.51 4.53 1.63 -2.77 -6.33 -1.99 -85.53 -1.50 -1.74 0.21 0.69 7.26 1.99 -0.21 3.76 -0.20 0.73 1.52 -1.70 0.99 2.32 -2.58 0.00 0.00 -0.00 -2.00 -0.00 -0.12 0.00 -0.08 -2.41 0.00 -0.04 -1.19 0.00 0.00 -0.00 0.00 -0.00 -0.12 0.00 0.00 -2.41 0.00 0.00 -1.19 0.00 0.00 -0.00 2.00 0.01 -0.19 -0.01 0.12 -3.56 -0.01 0.06 -1.77 0.00 0.00 -0.00 4.00 0.01 -0.11 -0.01 0.16 -2.24 -0.00 0.08 -1.11
-57.9497 -0.1209 -59.9583 111.43 0.15 0.00 -3.78 2.20 0.46 3.25 2.18 0.06 -4.57 -4.70 -0.28 0.00 0.00 0.00 -1.30 0.19 0.73 -2.90 3.71 -0.09 -0.90 -4.21 -0.56 -0.00 0.00 0.00 0.84 0.02 -0.77 0.73 0.02 -0.20 0.79 0.02 -0.22 0.79 0.02 -0.22 16.31 -1.88 -0.67 13.90 -1.62 -0.56 2.82 2.33 -1.13 2.65 3.58 91.68 5.45 -3.46 0.79 -1.40 9.38 2.03 -0.34 14.45 -0.28 -8.62 5.65 3.43 -11.75 7.31 6.73 0.00 -0.00 0.00 2.00 -0.00 0.13 -0.00 -0.09 2.47 -0.00 -0.04 1.22 0.00 -0.00 0.00 0.00 0.00 0.16 0.00 0.00 3.04 0.00 0.00 1.51 0.00 -0.00 0.00 -2.00 0.02 0.52 0.04 0.27 7.71 0.03 0.13 3.88 0.00 -0.00 0.00 -4.00 0.02 0.30 0.03 0.35 5.04 0.02 0.17 2.51 4.43 1.65 -2.81 -6.31 -1.99 -85.46 -1.50 -1.69 0.22 0.69 7.29 2.06 -0.21 3.76 -0.20 0.74 1.52 -1.71 1.01 2.32 -2.59 -0.00 0.00 0.00 -2.00 -0.00 -0.12 0.00 -0.08 -2.42 0.00 -0.04 -1.20 -0.00 0.00 0.00 0.00 0.00 -0.12 0.00 0.00 -2.43 0.00 0.00 -1.20 -0.00 0.00 0.00 2.00 0.01 -0.20 -0.01 0.13 -3.59 -0.01 0.06 -1.78 -0.00 0.00 0.00 4.00 0.01 -0.11 -0.01 0.16 -2.26 -0.00 0.08 -1.11
-57.9530 -0.1221 -59.9751 111.06 0.14 -0.00 -3.65 2.13 0.44 3.35 2.27 0.07 -4.44 -4.70 -0.28 0.00 -0.00 0.00 -1.19 0.25 0.72 -2.80 3.70 -0.09 -0.75 -4.25 -0.55 -0.00 0.00 0.00 0.84 0.02 -0.79 0.74 0.02 -0.20 0.80 0.02 -0.21 0.80 0.02 -0.21 13.76 -1.84 -1.07 11.72 -1.60 -0.91 2.57 2.30 -1.16 2.88 3.56 91.64 5.50 -3.46 0.81 -1.39 9.40 2.04 -0.34 14.42 -0.28 -8.58 5.64 3.49 -11.68 7.30 6.81 0.00 0.00 0.00 2.00 -0.00 0.13 -0.00 -0.09 2.48 -0.00 -0.04 1.23 0.00 0.00 0.00 0.00 -0.00 0.16 0.00 0.00 3.08 0.00 0.00 1.52 0.00 0.00 0.00 -2.00 0.02 0.53 0.04 0.27 7.76 0.03 0.13 3.90 0.00 0.00 0.00 -4.00 0.02 0.30 0.03 0.35 5.04 0.02 0.17 2.51 4.27 1.70 -2.87 -6.26 -2.05 -85.37 -1.50 -1.62 0.23 0.69 7.33 2.12 -0.21 3.74 -0.20 0.74 1.52 -1.72 1.01 2.31 -2.61 0.00 0.00 -0.00 -2.00 -0.00 -0.12 0.00 -0.08 -2.43 0.00 -0.04 -1.20 0.00 0.00 -0.00 0.00 -0.00 -0.12 0.00 0.00 -2.45 0.00 0.00 -1.21 0.00 0.00 -0.00 2.00 0.01 -0.20 -0.01 0.13 -3.62 -0.01 0.06 -1.80 0.00 0.00 -0.00 4.00 0.01 -0.11 -0.01 0.16 -2.27 -0.00 0.08 -1.12
-57.9573 -0.1244 -59.9915 110.71 0.13 -0.00 -3.52 2.05 0.42 3.46 2.36 0.07 -4.32 -4.70 -0.27 -0.00 -0.00 0.00 -1.08 0.32 0.70 -2.69 3.67 -0.09 -0.61 -4.28 -0.54 -0.00 0.00 0.00 0.84 0.02 -0.83 0.74 0.02 -0.20 0.80 0.02 -0.22 0.80 0.02 -0.22 10.75 -1.85 -1.53 9.15 -1.61 -1.32 2.32 2.26 -1.18 3.09 3.53 91.59 5.54 -3.44 0.84 -1.38 9.43 2.05 -0.34 14.42 -0.28 -8.55 5.64 3.56 -11.62 7.31 6.90 0.00 0.00 0.00 2.00 -0.00 0.13 -0.00 -0.09 2.49 -0.00 -0.04 1.23 0.00 0.00 0.00 0.00 0.00 0.17 0.00 0.00 3.12 0.00 0.00 1.55 0.00 0.00 0.00 -2.00 0.02 0.53 0.04 0.27 7.81 0.03 0.13 3.93 0.00 0.00 0.00 -4.00 0.02 0.30 0.03 0.35 5.04 0.02 0.17 2.51 4.09 1.78 -2.92 -6.19 -2.14 -85.28 -1.51 -1.55 0.24 0.68 7.36 2.18 -0.21 3.75 -0.20 0.75 1.52 -1.73 1.02 2.32 -2.62 0.00 -0.00 0.00 -2.00 -0.00 -0.12 0.00 -0.09 -2.45 0.00 -0.04 -1.21 0.00 -0.00 0.00 0.00 0.00 -0.13 0.00 0.00 -2.47 0.00 0.00 -1.22 0.00 -0.00 0.00 2.00 0.01 -0.20 -0.01 0.13 -3.65 -0.01 0.06 -1.81 0.00 -0.00 0.00 4.00 0.01 -0.11 -0.01 0.16 -2.28 -0.00 0.08 -1.13
-57.9668 -0.1256 -60.0082 110.38 0.13 -0.00 -3.39 1.96 0.40 3.57 2.47 0.08 -4.23 -4.71 -0.26 -0.00 0.00 0.00 -0.98 0.39 0.68 -2.59 3.63 -0.08 -0.48 -4.29 -0.53 -0.00 0.00 0.00 0.82 0.02 -0.88 0.73 0.02 -0.21 0.79 0.02 -0.22 0.79 0.02 -0.22 7.43 -1.89 -2.02 6.33 -1.65 -1.75 2.06 2.24 -1.17 3.28 3.49 91.52 5.57 -3.40 0.87 -1.37 9.48 2.07 -0.33 14.41 -0.27 -8.53 5.65 3.61 -11.57 7.32 6.98 -0.00 -0.00 -0.00 2.00 -0.00 0.13 -0.00 -0.09 2.50 -0.00 -0.04 1.24 -0.00 -0.00 -0.00 0.00 0.00 0.17 0.00 0.00 3.16 0.00 0.00 1.56 -0.00 -0.00 -0.00 -2.00 0.02 0.54 0.04 0.27 7.86 0.03 0.13 3.95 -0.00 -0.00 -0.00 -4.00 0.02 0.30 0.03 0.35 5.04 0.02 0.17 2.51 3.88 1.87 -2.95 -6.12 -2.28 -85.19 -1.52 -1.48 0.24 0.67 7.40 2.25 -0.21 3.76 -0.20 0.77 1.53 -1.74 1.05 2.33 -2.64 0.00 -0.00 0.00 -2.00 -0.00 -0.13 0.00 -0.09 -2.46 0.00 -0.04 -1.22 0.00 -0.00 0.00 0.00 0.00 -0.13 0.00 0.00 -2.50 0.00 0.00 -1.23 0.00 -0.00 0.00 2.00 0.01 -0.20 -0.01 0.13 -3.69 -0.01 0.06 -1.83 0.00 -0.00 0.00 4.00 0.01 -0.12 -0.01 0.16 -2.30 -0.00 0.08 -1.13
-57.9810 -0.1254 -60.0259 110.06 0.12 -0.00 -3.27 1.87 0.38 3.68 2.59 0.08 -4.15 -4.73 -0.25 0.00 -0.00 0.00 -0.89 0.46 0.65 -2.50 3.57 -0.08 -0.34 -4.30 -0.52 -0.00 0.00 0.00 0.81 0.02 -0.94 0.73 0.01 -0.22 0.78 0.02 -0.23 0.78 0.02 -0.23 3.94 -1.98 -2.52 3.35 -1.72 -2.19 1.80 2.21 -1.16 3.44 3.45 91.45 5.60 -3.35 0.89 -1.36 9.52 2.10 -0.33 14.41 -0.27 -8.50 5.65 3.66 -11.53 7.33 7.04 -0.00 -0.00 0.00 2.00 -0.00 0.13 -0.00 -0.09 2.51 -0.00 -0.04 1.24 -0.00 -0.00 0.00 0.00 0.00 0.17 0.00 0.00 3.19 0.00 0.00 1.58 -0.00 -0.00 0.00 -2.00 0.02 0.54 0.04 0.27 7.90 0.03 0.14 3.97 -0.00 -0.00 0.00 -4.00 0.02 0.30 0.03 0.35 5.04 0.02 0.17 2.51 3.66 1.98 -2.96 -6.03 -2.44 -85.11 -1.54 -1.42 0.24 0.64 7.41 2.34 -0.21 3.78 -0.19 0.79 1.53 -1.74 1.07 2.34 -2.64 0.00 -0.00 0.00 -2.00 -0.00 -0.13 0.00 -0.09 -2.48 0.00 -0.04 -1.22 0.00 -0.00 0.00 0.00 0.00 -0.13 0.00 0.00 -2.53 0.00 0.00 -1.25 0.00 -0.00 0.00 2.00 0.01 -0.20 -0.01 0.13 -3.72 -0.01 0.06 -1.85 0.00 -0.00 0.00 4.00 0.01 -0.12 -0.01 0.16 -2.32 -0.00 0.08 -1.14
-58.0000 -0.1260 -60.0437 109.75 0.11 -0.00 -3.13 1.76 0.36 3.79 2.73 0.09 -4.09 -4.75 -0.24 -0.00 0.00 0.00 -0.80 0.53 0.63 -2.42 3.51 -0.07 -0.20 -4.29 -0.51 -0.00 0.00 0.00 0.80 0.02 -1.02 0.72 0.01 -0.23 0.78 0.01 -0.24 0.78 0.01 -0.24 0.46 -2.09 -3.01 0.39 -1.82 -2.62 1.51 2.18 -1.12 3.64 3.42 91.37 5.61 -3.30 0.92 -1.35 9.57 2.12 -0.33 14.41 -0.27 -8.48 5.65 3.69 -11.49 7.34 7.09 -0.00 0.00 -0.00 2.00 -0.00 0.13 -0.00 -0.09 2.52 -0.00 -0.04 1.24 -0.00 0.00 -0.00 0.00 -0.00 0.17 0.00 0.00 3.21 0.00 0.00 1.59 -0.00 0.00 -0.00 -2.00 0.02 0.54 0.04 0.27 7.93 0.03 0.14 3.99 -0.00 0.00 -0.00 -4.00 0.02 0.30 0.03 0.35 5.04 0.02 0.17 2.51 3.38 2.10 -2.96 -5.88 -2.62 -85.05 -1.57 -1.37 0.23 0.60 7.41 2.44 -0.20 3.81 -0.19 0.80 1.54 -1.74 1.10 2.35 -2.64 -0.00 -0.00 0.00 -2.00 -0.00 -0.13 0.00 -0.09 -2.49 0.00 -0.04 -1.23 -0.00 -0.00 0.00 0.00 0.00 -0.13 0.00 0.00 -2.57 0.00 0.00 -1.27 -0.00 -0.00 0.00 2.00 0.01 -0.21 -0.01 0.13 -3.76 -0.01 0.06 -1.87 -0.00 -0.00 0.00 4.00 0.01 -0.12 -0.01 0.16 -2.34 -0.01 0.08 -1.16
-58.0203 -0.1255 -60.0620 109.44 0.10 -0.00 -2.98 1.65 0.34 3.91 2.88 0.10 -4.05 -4.78 -0.23 -0.00 0.00 -0.00 -0.72 0.60 0.61 -2.35 3.45 -0.07 -0.05 -4.29 -0.50 -0.00 0.00 0.00 0.77 0.02 -1.10 0.70 0.01 -0.24 0.76 0.02 -0.25 0.76 0.02 -0.25 -3.27 -2.22 -3.52 -2.78 -1.92 -3.06 1.24 2.13 -1.07 3.82 3.40 91.28 5.62 -3.29 0.94 -1.34 9.59 2.12 -0.33 14.41 -0.27 -8.45 5.65 3.73 -11.43 7.35 7.14 -0.00 -0.00 0.00 2.00 -0.00 0.13 -0.00 -0.09 2.52 -0.00 -0.04 1.25 -0.00 -0.00 0.00 0.00 0.00 0.17 0.00 0.00 3.24 0.00 0.00 1.61 -0.00 -0.00 0.00 -2.00 0.02 0.55 0.04 0.27 7.98 0.03 0.14 4.01 -0.00 -0.00 0.00 -4.00 0.02 0.30 0.03 0.35 5.03 0.02 0.17 2.51 3.11 2.22 -2.95 -5.68 -2.81 -85.00 -1.61 -1.35 0.21 0.54 7.39 2.54 -0.19 3.84 -0.18 0.83 1.56 -1.74 1.13 2.37 -2.64 -0.00 0.00 0.00 -2.00 -0.00 -0.13 0.00 -0.09 -2.51 0.00 -0.04 -1.24 -0.00 0.00 0.00 0.00 0.00 -0.13 0.00 0.00 -2.60 0.00 0.00 -1.29 -0.00 0.00 0.00 2.00 0.01 -0.21 -0.01 0.13 -3.80 -0.01 0.07 -1.89 -0.00 0.00 0.00 4.00 0.01 -0.12 -0.01 0.17 -2.36 -0.01 0.08 -1.17
-58.0469 -0.1249 -60.0794 109.15 0.10 -0.00 -2.84 1.51 0.32 4.04 3.07 0.11 -4.03 -4.83 -0.21 -0.00 -0.00 0.00 -0.63 0.66 0.58 -2.28 3.38 -0.07 0.11 -4.28 -0.49 -0.00 0.00 0.00 0.75 0.03 -1.19 0.68 0.01 -0.24 0.73 0.02 -0.26 0.73 0.02 -0.26 -7.01 -2.35 -4.00 -5.98 -2.02 -3.48 1.00 2.07 -1.01 3.96 3.39 91.19 5.61 -3.27 0.96 -1.34 9.59 2.11 -0.32 14.41 -0.27 -8.42 5.66 3.76 -11.39 7.36 7.19 -0.00 0.00 -0.00 2.00 -0.00 0.13 -0.00 -0.09 2.53 -0.00 -0.04 1.25 -0.00 0.00 -0.00 0.00 -0.00 0.17 0.00 0.00 3.27 0.00 0.00 1.62 -0.00 0.00 -0.00 -2.00 0.02 0.55 0.04 0.28 8.01 0.03 0.14 4.03 -0.00 0.00 -0.00 -4.00 0.02 0.30 0.03 0.35 5.03 0.02 0.17 2.51 2.84 2.33 -2.92 -5.49 -2.97 -85.00 -1.67 -1.35 0.17 0.48 7.37 2.65 -0.18 3.87 -0.17 0.85 1.57 -1.74 1.17 2.39 -2.64 0.00 -0.00 -0.00 -2.00 -0.00 -0.13 0.00 -0.09 -2.53 0.00 -0.04 -1.25 0.00 -0.00 -0.00 0.00 0.00 -0.14 0.00 0.00 -2.65 0.00 0.00 -1.31 0.00 -0.00 -0.00 2.00 0.01 -0.21 -0.01 0.13 -3.85 -0.01 0.07 -1.91 0.00 -0.00 -0.00 4.00 0.01 -0.12 -0.01 0.17 -2.39 -0.01 0.08 -1.18
-58.0726 -0.1250 -60.0964 108.86 0.09 -0.00 -2.71 1.37 0.31 4.19 3.27 0.12 -4.02 -4.88 -0.20 -0.00 0.00 -0.00 -0.57 0.74 0.56 -2.22 3.29 -0.06 0.27 -4.26 -0.48 -0.00 0.00 0.00 0.71 0.03 -1.27 0.64 0.02 -0.25 0.69 0.02 -0.27 0.69 0.02 -0.27 -10.64 -2.48 -4.45 -9.07 -2.12 -3.87 0.79 2.00 -0.93 4.07 3.40 91.08 5.60 -3.29 0.98 -1.35 9.59 2.09 -0.32 14.41 -0.27 -8.40 5.66 3.80 -11.34 7.37 7.23 -0.00 0.00 0.00 2.00 -0.00 0.13 -0.00 -0.09 2.53 -0.00 -0.04 1.25 -0.00 0.00 0.00 0.00 -0.00 0.18 0.00 0.00 3.29 0.00 0.00 1.63 -0.00 0.00 0.00 -2.00 0.02 0.56 0.04 0.28 8.05 0.03 0.14 4.05 -0.00 0.00 0.00 -4.00 0.02 0.30 0.03 0.35 5.03 0.02 0.17 2.51 2.58 2.43 -2.87 -5.30 -3.10 -85.03 -1.73 -1.37 0.14 0.40 7.34 2.75 -0.18 3.89 -0.17 0.87 1.58 -1.73 1.19 2.40 -2.64 -0.00 0.00 -0.00 -2.00 -0.00 -0.13 0.00 -0.09 -2.55 0.00 -0.04 -1.26 -0.00 0.00 -0.00 0.00 0.00 -0.14 0.00 0.00 -2.68 0.00 0.00 -1.33 -0.00 0.00 -0.00 2.00 0.01 -0.22 -0.01 0.14 -3.89 -0.01 0.07 -1.93 -0.00 0.00 -0.00 4.00 0.01 -0.12 -0.01 0.17 -2.42 -0.01 0.08 -1.19
-58.0994 -0.1244 -60.1144 108.55 0.09 -0.00 -2.56 1.21 0.29 4.34 3.50 0.13 -4.01 -4.95 -0.18 -0.00 -0.00 0.00 -0.50 0.81 0.54 -2.16 3.20 -0.06 0.45 -4.23 -0.47 0.00 0.00 -0.00 0.67 0.03 -1.35 0.60 0.02 -0.26 0.64 0.02 -0.28 0.64 0.02 -0.28 -14.03 -2.59 -4.85 -11.96 -2.19 -4.22 0.64 1.90 -0.83 4.20 3.43 90.96 5.59 -3.33 0.99 -1.36 9.58 2.06 -0.32 14.41 -0.26 -8.38 5.66 3.83 -11.31 7.38 7.27 0.00 -0.00 -0.00 2.00 -0.00 0.13 -0.00 -0.09 2.53 -0.00 -0.04 1.25 0.00 -0.00 -0.00 0.00 0.00 0.18 0.00 0.00 3.31 0.00 0.00 1.64 0.00 -0.00 -0.00 -2.00 0.02 0.56 0.04 0.28 8.07 0.03 0.14 4.06 0.00 -0.00 -0.00 -4.00 0.02 0.30 0.03 0.35 5.03 0.02 0.17 2.51 2.31 2.50 -2.79 -5.08 -3.19 -85.12 -1.78 -1.40 0.10 0.32 7.32 2.83 -0.17 3.88 -0.16 0.87 1.57 -1.72 1.20 2.39 -2.62 0.00 0.00 -0.00 -2.00 -0.00 -0.13 0.00 -0.09 -2.57 0.00 -0.04 -1.27 0.00 0.00 -0.00 0.00 0.00 -0.14 0.00 0.00 -2.71 0.00 0.00 -1.34 0.00 0.00 -0.00 2.00 0.01 -0.22 -0.01 0.14 -3.92 -0.01 0.07 -1.95 0.00 0.00 -0.00 4.00 0.01 -0.12 -0.01 0.17 -2.44 -0.01 0.08 -1.21
-58.1256 -0.1227 -60.1324 108.24 0.08 -0.00 -2.41 1.05 0.28 4.50 3.73 0.15 -4.01 -5.01 -0.17 -0.00 -0.00 -0.00 -0.43 0.89 0.51 -2.09 3.10 -0.06 0.62 -4.21 -0.46 -0.00 0.00 -0.00 0.62 0.03 -1.43 0.54 0.02 -0.26 0.59 0.03 -0.29 0.59 0.03 -0.29 -17.17 -2.68 -5.16 -14.63 -2.25 -4.50 0.52 1.79 -0.73 4.28 3.45 90.84 5.55 -3.38 0.99 -1.36 9.57 2.03 -0.32 14.40 -0.26 -8.36 5.66 3.86 -11.27 7.38 7.33 -0.00 0.00 0.00 2.00 -0.00 0.13 -0.00 -0.09 2.53 -0.00 -0.04 1.25 -0.00 0.00 0.00 0.00 -0.00 0.18 0.00 0.00 3.33 0.00 0.00 1.65 -0.00 0.00 0.00 -2.00 0.02 0.56 0.04 0.28 8.09 0.03 0.14 4.07 -0.00 0.00 0.00 -4.00 0.02 0.30 0.03 0.35 5.02 0.02 0.17 2.50 2.05 2.56 -2.68 -4.86 -3.24 -85.25 -1.83 -1.45 0.07 0.25 7.31 2.88 -0.17 3.89 -0.16 0.88 1.57 -1.72 1.21 2.40 -2.62 -0.00 -0.00 -0.00 -2.00 -0.00 -0.13 0.00 -0.09 -2.58 0.00 -0.04 -1.28 -0.00 -0.00 -0.00 0.00 0.00 -0.14 0.00 0.00 -2.73 0.00 -0.00 -1.35 -0.00 -0.00 -0.00 2.00 0.01 -0.22 -0.01 0.14 -3.95 -0.01 0.07 -1.96 -0.00 -0.00 -0.00 4.00 0.01 -0.13 -0.01 0.17 -2.47 -0.01 0.09 -1.22
-58.1542 -0.1223 -60.1510 107.92 0.08 -0.00 -2.26 0.87 0.26 4.67 3.98 0.16 -4.01 -5.09 -0.15 -0.00 -0.00 -0.00 -0.36 0.98 0.49 -2.02 2.99 -0.05 0.80 -4.18 -0.45 -0.00 -0.00 -0.00 0.56 0.04 -1.50 0.48 0.03 -0.27 0.52 0.03 -0.29 0.52 0.03 -0.29 -19.93 -2.74 -5.37 -16.99 -2.28 -4.68 0.43 1.67 -0.63 4.36 3.47 90.73 5.50 -3.43 0.98 -1.38 9.56 1.99 -0.32 14.39 -0.26 -8.34 5.66 3.90 -11.23 7.38 7.38 0.00 -0.00 0.00 2.00 -0.00 0.13 -0.00 -0.09 2.54 -0.00 -0.04 1.25 0.00 -0.00 0.00 0.00 0.00 0.18 0.00 0.00 3.35 0.00 0.00 1.66 0.00 -0.00 0.00 -2.00 0.02 0.56 0.04 0.28 8.11 0.03 0.14 4.08 0.00 -0.00 0.00 -4.00 0.02 0.30 0.03 0.35 5.02 0.02 0.17 2.50 1.81 2.60 -2.55 -4.75 -3.25 -85.42 -1.86 -1.47 0.05 0.20 7.30 2.91 -0.17 3.89 -0.16 0.87 1.58 -1.73 1.20 2.40 -2.64 -0.00 0.00 0.00 -2.00 -0.00 -0.13 0.00 -0.09 -2.59 0.00 -0.04 -1.28 -0.00 0.00 0.00 0.00 -0.00 -0.14 0.00 -0.00 -2.74 0.00 -0.00 -1.36 -0.00 0.00 0.00 2.00 0.01 -0.22 -0.01 0.14 -3.98 -0.01 0.07 -1.98 -0.00 0.00 0.00 4.00 0.01 -0.13 -0.01 0.17 -2.49 -0.01 0.09 -1.23
-58.1783 -0.1213 -60.1681 107.60 0.07 -0.00 -2.11 0.69 0.25 4.85 4.25 0.18 -4.02 -5.18 -0.14 0.00 0.00 -0.00 -0.32 1.08 0.46 -1.94 2.86 -0.05 0.99 -4.14 -0.44 -0.00 -0.00 -0.00 0.51 0.04 -1.56 0.42 0.03 -0.26 0.46 0.03 -0.28 0.46 0.03 -0.28 -22.26 -2.78 -5.46 -18.98 -2.29 -4.76 0.33 1.57 -0.54 4.44 3.48 90.62 5.46 -3.49 0.97 -1.39 9.55 1.95 -0.32 14.39 -0.26 -8.31 5.66 3.95 -11.18 7.39 7.45 0.00 0.00 0.00 2.00 -0.00 0.13 -0.00 -0.09 2.55 -0.00 -0.04 1.26 0.00 0.00 0.00 0.00 0.00 0.18 0.00 0.00 3.38 0.00 0.00 1.68 0.00 0.00 0.00 -2.00 0.02 0.57 0.04 0.28 8.14 0.03 0.14 4.10 0.00 0.00 0.00 -4.00 0.02 0.30 0.03 0.35 5.01 0.02 0.17 2.50 1.56 2.63 -2.41 -4.71 -3.23 -85.61 -1.87 -1.49 0.05 0.18 7.34 2.91 -0.18 3.84 -0.17 0.86 1.56 -1.74 1.18 2.37 -2.65 0.00 0.00 0.00 -2.00 -0.00 -0.13 0.00 -0.09 -2.60 0.00 -0.04 -1.29 0.00 0.00 0.00 0.00 -0.00 -0.14 0.00 -0.00 -2.76 0.00 -0.00 -1.36 0.00 0.00 0.00 2.00 0.01 -0.22 -0.01 0.14 -4.01 -0.01 0.07 -1.99 0.00 0.00 0.00 4.00 0.01 -0.13 -0.01 0.17 -2.51 -0.01 0.09 -1.24
-58.1990 -0.1204 -60.1833 107.25 0.07 -0.00 -1.93 0.50 0.24 5.02 4.53 0.20 -4.03 -5.28 -0.12 0.00 0.00 -0.00 -0.25 1.19 0.44 -1.86 2.72 -0.05 1.20 -4.10 -0.43 0.00 0.00 -0.00 0.45 0.04 -1.62 0.37 0.03 -0.25 0.39 0.04 -0.27 0.39 0.04 -0.27 -24.13 -2.78 -5.44 -20.56 -2.28 -4.75 0.20 1.49 -0.48 4.57 3.45 90.52 5.43 -3.55 0.95 -1.41 9.54 1.90 -0.31 14.39 -0.26 -8.28 5.67 4.00 -11.13 7.41 7.52 0.00 0.00 0.00 2.00 -0.00 0.13 -0.00 -0.09 2.56 -0.00 -0.04 1.27 0.00 0.00 0.00 0.00 0.00 0.18 0.00 0.00 3.43 0.00 0.00 1.70 0.00 0.00 0.00 -2.00 0.02 0.57 0.04 0.28 8.16 0.03 0.14 4.11 0.00 0.00 0.00 -4.00 0.02 0.30 0.03 0.35 5.01 0.02 0.17 2.49 1.30 2.64 -2.25 -4.70 -3.18 -85.83 -1.88 -1.49 0.07 0.18 7.37 2.90 -0.19 3.85 -0.17 0.85 1.56 -1.75 1.17 2.38 -2.66 0.00 0.00 -0.00 -2.00 -0.00 -0.13 0.00 -0.09 -2.61 0.00 -0.05 -1.29 0.00 0.00 -0.00 0.00 -0.00 -0.14 0.00 -0.00 -2.77 0.00 -0.00 -1.37 0.00 0.00 -0.00 2.00 0.01 -0.23 -0.01 0.14 -4.03 -0.01 0.07 -2.00 0.00 0.00 -0.00 4.00 0.01 -0.13 -0.01 0.18 -2.52 -0.01 0.09 -1.25
-58.2130 -0.1212 -60.1938 106.88 0.07 -0.00 -1.72 0.32 0.23 5.20 4.79 0.22 -4.05 -5.37 -0.11 -0.00 -0.00 -0.00 -0.18 1.30 0.42 -1.78 2.58 -0.04 1.42 -4.07 -0.43 -0.00 0.00 -0.00 0.41 0.04 -1.67 0.31 0.04 -0.24 0.33 0.04 -0.26 0.33 0.04 -0.26 -25.49 -2.73 -5.28 -21.73 -2.23 -4.61 0.07 1.43 -0.42 4.65 3.40 90.41 5.43 -3.62 0.94 -1.42 9.53 1.84 -0.31 14.44 -0.25 -8.28 5.69 4.08 -11.09 7.44 7.65 0.00 0.00 0.00 2.00 -0.00 0.13 -0.00 -0.09 2.59 -0.00 -0.04 1.28 0.00 0.00 0.00 0.00 0.00 0.19 0.00 0.00 3.50 0.00 0.00 1.73 0.00 0.00 0.00 -2.00 0.02 0.57 0.04 0.28 8.18 0.03 0.14 4.12 0.00 0.00 0.00 -4.00 0.02 0.30 0.03 0.35 5.00 0.02 0.17 2.49 1.07 2.63 -2.11 -4.72 -3.10 -86.04 -1.87 -1.45 0.09 0.19 7.41 2.88 -0.19 3.82 -0.18 0.84 1.55 -1.76 1.15 2.36 -2.67 0.00 0.00 -0.00 -2.00 -0.00 -0.13 0.00 -0.09 -2.62 0.00 -0.05 -1.30 0.00 0.00 -0.00 0.00 0.00 -0.14 0.00 -0.00 -2.78 0.00 -0.00 -1.37 0.00 0.00 -0.00 2.00 0.01 -0.23 -0.01 0.14 -4.06 -0.01 0.07 -2.01 0.00 0.00 -0.00 4.00 0.01 -0.13 -0.01 0.18 -2.54 -0.01 0.09 -1.25
-58.2285 -0.1218 -60.2001 106.49 0.06 -0.00 -1.49 0.15 0.23 5.39 5.04 0.24 -4.08 -5.46 -0.11 0.00 -0.00 -0.00 -0.11 1.40 0.40 -1.70 2.46 -0.04 1.66 -4.05 -0.43 -0.00 -0.00 -0.00 0.38 0.04 -1.71 0.26 0.04 -0.22 0.28 0.04 -0.23 0.28 0.04 -0.23 -26.40 -2.65 -5.02 -22.50 -2.15 -4.39 -0.06 1.39 -0.36 4.68 3.33 90.29 5.46 -3.70 0.94 -1.43 9.53 1.77 -0.30 14.45 -0.25 -8.27 5.70 4.17 -11.06 7.46 7.77 -0.00 -0.00 -0.00 2.00 -0.00 0.13 -0.00 -0.09 2.61 -0.00 -0.04 1.29 -0.00 -0.00 -0.00 0.00 0.00 0.19 0.00 0.00 3.56 0.00 0.00 1.77 -0.00 -0.00 -0.00 -2.00 0.02 0.57 0.04 0.28 8.20 0.03 0.14 4.13 -0.00 -0.00 -0.00 -4.00 0.02 0.30 0.03 0.35 5.00 0.02 0.17 2.49 0.87 2.61 -1.98 -4.82 -3.01 -86.23 -1.85 -1.36 0.12 0.22 7.46 2.85 -0.20 3.82 -0.19 0.84 1.55 -1.77 1.15 2.36 -2.69 0.00 0.00 -0.00 -2.00 -0.00 -0.14 0.00 -0.09 -2.63 0.00 -0.05 -1.30 0.00 0.00 -0.00 0.00 0.00 -0.14 0.00 -0.00 -2.79 0.00 -0.00 -1.38 0.00 0.00 -0.00 2.00 0.01 -0.23 -0.01 0.14 -4.09 -0.01 0.07 -2.03 0.00 0.00 -0.00 4.00 0.01 -0.13 -0.01 0.18 -2.56 -0.01 0.09 -1.26
-58.2347 -0.1239 -60.2018 106.08 0.06 -0.00 -1.23 -0.02 0.23 5.60 5.27 0.26 -4.14 -5.55 -0.10 -0.00 -0.00 -0.00 -0.06 1.51 0.38 -1.61 2.35 -0.04 1.93 -4.04 -0.43 0.00 0.00 0.00 0.37 0.04 -1.74 0.22 0.04 -0.19 0.24 0.04 -0.21 0.24 0.04 -0.21 -26.93 -2.55 -4.71 -22.95 -2.07 -4.11 -0.19 1.37 -0.31 4.65 3.24 90.16 5.52 -3.78 0.95 -1.44 9.53 1.71 -0.30 14.47 -0.25 -8.26 5.72 4.25 -11.03 7.47 7.89 0.00 0.00 0.00 2.00 -0.00 0.14 -0.00 -0.09 2.63 -0.00 -0.05 1.30 0.00 0.00 0.00 0.00 0.00 0.20 0.00 0.00 3.63 0.00 0.00 1.80 0.00 0.00 0.00 -2.00 0.02 0.57 0.04 0.28 8.24 0.03 0.14 4.15 0.00 0.00 0.00 -4.00 0.02 0.30 0.03 0.35 5.01 0.02 0.17 2.49 0.70 2.57 -1.87 -4.98 -2.93 -86.39 -1.81 -1.23 0.16 0.24 7.50 2.82 -0.20 3.81 -0.19 0.83 1.54 -1.78 1.14 2.36 -2.71 0.00 0.00 0.00 -2.00 -0.00 -0.14 0.00 -0.09 -2.64 0.00 -0.05 -1.30 0.00 0.00 0.00 0.00 0.00 -0.15 0.00 -0.00 -2.81 0.00 -0.00 -1.39 0.00 0.00 0.00 2.00 0.01 -0.23 -0.01 0.14 -4.12 -0.01 0.07 -2.04 0.00 0.00 0.00 4.00 0.01 -0.13 -0.01 0.18 -2.57 -0.01 0.09 -1.27
-58.2328 -0.1276 -60.1989 105.64 0.05 -0.00 -0.92 -0.18 0.23 5.81 5.48 0.28 -4.21 -5.63 -0.10 0.00 0.00 0.00 0.00 1.61 0.36 -1.51 2.27 -0.03 2.22 -4.05 -0.44 -0.00 -0.00 -0.00 0.37 0.05 -1.77 0.19 0.04 -0.17 0.20 0.05 -0.18 0.20 0.05 -0.18 -27.12 -2.45 -4.38 -23.12 -1.98 -3.82 -0.30 1.38 -0.25 4.61 3.14 90.01 5.58 -3.87 0.97 -1.44 9.53 1.66 -0.30 14.50 -0.24 -8.27 5.73 4.32 -11.02 7.49 8.01 0.00 -0.00 -0.00 2.00 -0.00 0.14 -0.00 -0.09 2.65 -0.00 -0.05 1.31 0.00 -0.00 -0.00 0.00 0.00 0.20 0.00 0.00 3.67 0.00 0.00 1.82 0.00 -0.00 -0.00 -2.00 0.02 0.58 0.04 0.28 8.28 0.03 0.14 4.17 0.00 -0.00 -0.00 -4.00 0.02 0.30 0.03 0.35 5.01 0.02 0.17 2.50 0.59 2.53 -1.78 -5.14 -2.86 -86.52 -1.77 -1.08 0.21 0.28 7.55 2.79 -0.21 3.81 -0.19 0.83 1.55 -1.79 1.13 2.36 -2.72 0.00 -0.00 0.00 -2.00 -0.00 -0.14 0.00 -0.09 -2.64 0.00 -0.05 -1.31 0.00 -0.00 0.00 0.00 -0.00 -0.15 0.00 -0.00 -2.82 0.00 -0.00 -1.40 0.00 -0.00 0.00 2.00 0.01 -0.23 -0.01 0.14 -4.14 -0.01 0.07 -2.06 0.00 -0.00 0.00 4.00 0.01 -0.13 -0.01 0.18 -2.58 -0.01 0.09 -1.28
-58.2218 -0.1309 -60.1924 105.18 0.05 -0.00 -0.59 -0.32 0.24 6.01 5.68 0.30 -4.30 -5.72 -0.11 0.00 0.00 0.00 0.06 1.71 0.35 -1.42 2.21 -0.03 2.51 -4.08 -0.45 0.00 0.00 0.00 0.38 0.04 -1.77 0.16 0.04 -0.14 0.17 0.05 -0.15 0.17 0.05 -0.15 -26.97 -2.33 -4.02 -22.99 -1.88 -3.51 -0.38 1.40 -0.18 4.52 3.02 89.85 5.65 -3.97 0.98 -1.44 9.51 1.59 -0.29 14.54 -0.24 -8.28 5.75 4.40 -11.01 7.52 8.14 0.00 -0.00 -0.00 2.00 -0.00 0.14 -0.00 -0.09 2.68 -0.00 -0.05 1.32 0.00 -0.00 -0.00 0.00 0.00 0.21 0.00 0.00 3.74 0.00 0.00 1.85 0.00 -0.00 -0.00 -2.00 0.02 0.59 0.05 0.29 8.36 0.03 0.14 4.21 0.00 -0.00 -0.00 -4.00 0.02 0.30 0.03 0.35 5.02 0.02 0.17 2.50 0.53 2.50 -1.72 -5.32 -2.83 -86.61 -1.72 -0.91 0.26 0.31 7.59 2.76 -0.21 3.81 -0.20 0.82 1.55 -1.80 1.13 2.36 -2.74 -0.00 0.00 0.00 -2.00 -0.00 -0.14 0.00 -0.09 -2.65 0.00 -0.05 -1.31 -0.00 0.00 0.00 0.00 -0.00 -0.15 0.00 0.00 -2.83 0.00 -0.00 -1.40 -0.00 0.00 0.00 2.00 0.01 -0.23 -0.01 0.15 -4.17 -0.01 0.07 -2.07 -0.00 0.00 0.00 4.00 0.01 -0.13 -0.01 0.18 -2.59 -0.01 0.09 -1.28
-58.2124 -0.1346 -60.1787 104.73 0.04 -0.00 -0.24 -0.48 0.26 6.21 5.90 0.32 -4.40 -5.81 -0.11 0.00 0.00 -0.00 0.13 1.79 0.34 -1.32 2.16 -0.03 2.81 -4.11 -0.47 0.00 0.00 0.00 0.39 0.04 -1.77 0.14 0.04 -0.11 0.15 0.05 -0.12 0.15 0.05 -0.12 -26.55 -2.20 -3.67 -22.63 -1.78 -3.20 -0.46 1.43 -0.11 4.41 2.90 89.70 5.72 -4.08 0.99 -1.43 9.48 1.52 -0.29 14.57 -0.24 -8.29 5.77 4.48 -11.00 7.54 8.26 0.00 0.00 -0.00 2.00 -0.00 0.14 -0.00 -0.09 2.70 -0.00 -0.05 1.33 0.00 0.00 -0.00 0.00 0.00 0.21 0.00 0.00 3.79 0.00 0.00 1.88 0.00 0.00 -0.00 -2.00 0.02 0.60 0.05 0.29 8.45 0.03 0.14 4.26 0.00 0.00 -0.00 -4.00 0.02 0.30 0.03 0.35 5.02 0.02 0.17 2.50 0.51 2.47 -1.69 -5.50 -2.83 -86.65 -1.67 -0.74 0.31 0.33 7.62 2.75 -0.21 3.83 -0.20 0.83 1.55 -1.81 1.13 2.37 -2.75 -0.00 -0.00 -0.00 -2.00 -0.00 -0.14 0.00 -0.09 -2.66 0.00 -0.05 -1.32 -0.00 -0.00 -0.00 0.00 0.00 -0.15 0.00 0.00 -2.86 0.00 0.00 -1.41 -0.00 -0.00 -0.00 2.00 0.01 -0.24 -0.01 0.15 -4.20 -0.01 0.07 -2.09 -0.00 -0.00 -0.00 4.00 0.01 -0.13 -0.01 0.18 -2.60 -0.01 0.09 -1.29
-58.1954 -0.1402 -60.1543 104.31 0.04 -0.00 0.12 -0.63 0.28 6.38 6.13 0.35 -4.51 -5.92 -0.12 0.00 -0.00 -0.00 0.18 1.87 0.34 -1.23 2.13 -0.02 3.09 -4.15 -0.49 -0.00 -0.00 0.00 0.41 0.04 -1.77 0.12 0.04 -0.08 0.13 0.05 -0.09 0.13 0.05 -0.09 -25.92 -2.07 -3.34 -22.10 -1.68 -2.91 -0.52 1.47 -0.05 4.29 2.79 89.57 5.78 -4.22 0.99 -1.42 9.44 1.44 -0.29 14.61 -0.23 -8.30 5.79 4.54 -11.00 7.56 8.37 -0.00 0.00 -0.00 2.00 -0.00 0.14 -0.00 -0.09 2.71 -0.00 -0.05 1.34 -0.00 0.00 -0.00 0.00 0.00 0.21 0.00 0.00 3.84 0.00 0.00 1.91 -0.00 0.00 -0.00 -2.00 0.02 0.60 0.05 0.29 8.53 0.04 0.15 4.30 -0.00 0.00 -0.00 -4.00 0.02 0.30 0.03 0.35 5.02 0.02 0.17 2.50 0.53 2.44 -1.67 -5.64 -2.88 -86.65 -1.64 -0.60 0.36 0.33 7.63 2.77 -0.21 3.86 -0.19 0.84 1.57 -1.82 1.15 2.39 -2.77 0.00 -0.00 -0.00 -2.00 -0.00 -0.14 0.00 -0.09 -2.67 0.00 -0.05 -1.32 0.00 -0.00 -0.00 0.00 0.00 -0.15 0.00 0.00 -2.88 0.00 0.00 -1.43 0.00 -0.00 -0.00 2.00 0.01 -0.24 -0.01 0.15 -4.23 -0.01 0.07 -2.10 0.00 -0.00 -0.00 4.00 0.01 -0.13 -0.01 0.18 -2.61 -0.01 0.09 -1.29
-58.1752 -0.1455 -60.1218 103.89 0.03 -0.00 0.49 -0.79 0.31 6.54 6.35 0.37 -4.63 -6.01 -0.14 -0.00 0.00 -0.00 0.26 1.93 0.34 -1.13 2.13 -0.02 3.33 -4.20 -0.52 -0.00 -0.00 -0.00 0.43 0.04 -1.76 0.11 0.04 -0.05 0.12 0.05 -0.05 0.12 0.05 -0.05 -25.12 -1.94 -3.04 -21.41 -1.57 -2.65 -0.57 1.51 -0.00 4.17 2.68 89.44 5.84 -4.37 1.00 -1.41 9.39 1.36 -0.28 14.63 -0.23 -8.31 5.80 4.61 -11.00 7.57 8.48 0.00 -0.00 -0.00 2.00 -0.00 0.14 -0.00 -0.10 2.73 -0.00 -0.05 1.35 0.00 -0.00 -0.00 0.00 0.00 0.22 0.00 0.00 3.89 0.00 0.00 1.93 0.00 -0.00 -0.00 -2.00 0.02 0.61 0.05 0.29 8.59 0.04 0.15 4.33 0.00 -0.00 -0.00 -4.00 0.02 0.30 0.03 0.35 5.02 0.02 0.17 2.50 0.56 2.42 -1.69 -5.71 -2.94 -86.60 -1.60 -0.49 0.40 0.30 7.60 2.81 -0.20 3.89 -0.19 0.85 1.58 -1.81 1.16 2.41 -2.75 0.00 0.00 0.00 -2.00 -0.00 -0.14 0.00 -0.09 -2.69 0.00 -0.05 -1.33 0.00 0.00 0.00 0.00 0.00 -0.15 -0.00 0.00 -2.92 -0.00 0.00 -1.44 0.00 0.00 0.00 2.00 0.01 -0.24 -0.01 0.15 -4.26 -0.01 0.07 -2.12 0.00 0.00 0.00 4.00 0.01 -0.14 -0.01 0.18 -2.63 -0.01 0.09 -1.30
-58.1536 -0.1502 -60.0824 103.50 0.03 -0.00 0.86 -0.94 0.34 6.68 6.57 0.40 -4.74 -6.10 -0.16 0.00 0.00 -0.00 0.36 1.98 0.36 -1.03 2.15 -0.02 3.52 -4.26 -0.56 -0.00 0.00 0.00 0.45 0.04 -1.74 0.10 0.04 -0.02 0.11 0.05 -0.02 0.11 0.05 -0.02 -24.08 -1.76 -2.74 -20.53 -1.43 -2.38 -0.63 1.55 0.04 4.01 2.59 89.32 5.91 -4.55 1.03 -1.37 9.30 1.29 -0.28 14.66 -0.23 -8.34 5.81 4.69 -11.02 7.58 8.60 -0.00 0.00 -0.00 2.00 -0.00 0.14 -0.00 -0.10 2.75 -0.00 -0.05 1.36 -0.00 0.00 -0.00 0.00 0.00 0.22 0.00 0.00 3.94 0.00 0.00 1.96 -0.00 0.00 -0.00 -2.00 0.02 0.61 0.05 0.30 8.64 0.04 0.15 4.36 -0.00 0.00 -0.00 -4.00 0.02 0.30 0.03 0.35 5.03 0.02 0.17 2.51 0.59 2.40 -1.71 -5.72 -3.02 -86.53 -1.58 -0.42 0.43 0.24 7.56 2.85 -0.19 3.93 -0.18 0.86 1.59 -1.80 1.18 2.43 -2.73 0.00 -0.00 -0.00 -2.00 -0.00 -0.14 0.00 -0.09 -2.69 0.00 -0.05 -1.33 0.00 -0.00 -0.00 -0.00 0.00 -0.15 -0.00 0.00 -2.95 -0.00 0.00 -1.46 0.00 -0.00 -0.00 2.00 0.01 -0.24 -0.01 0.15 -4.28 -0.01 0.07 -2.13 0.00 -0.00 -0.00 4.00 0.01 -0.14 -0.01 0.18 -2.64 -0.01 0.09 -1.31
-58.1404 -0.1550 -60.0323 103.14 0.03 -0.00 1.22 -1.09 0.38 6.79 6.79 0.43 -4.87 -6.19 -0.19 0.00 -0.00 -0.00 0.47 2.01 0.38 -0.92 2.18 -0.02 3.66 -4.32 -0.59 0.00 0.00 0.00 0.47 0.04 -1.73 0.10 0.04 0.01 0.11 0.04 0.02 0.11 0.04 0.02 -22.90 -1.56 -2.46 -19.52 -1.27 -2.14 -0.67 1.59 0.07 3.83 2.51 89.21 5.99 -4.76 1.07 -1.32 9.21 1.24 -0.28 14.67 -0.23 -8.37 5.82 4.75 -11.04 7.58 8.71 0.00 -0.00 -0.00 2.00 -0.00 0.14 -0.00 -0.10 2.76 -0.00 -0.05 1.36 0.00 -0.00 -0.00 0.00 0.00 0.22 0.00 0.00 3.99 0.00 0.00 1.98 0.00 -0.00 -0.00 -2.00 0.02 0.62 0.05 0.30 8.69 0.04 0.15 4.38 0.00 -0.00 -0.00 -4.00 0.02 0.30 0.03 0.35 5.04 0.02 0.17 2.51 0.63 2.38 -1.74 -5.68 -3.11 -86.42 -1.56 -0.41 0.46 0.16 7.48 2.92 -0.18 3.98 -0.17 0.89 1.61 -1.78 1.22 2.46 -2.71 0.00 0.00 0.00 -2.00 -0.00 -0.14 0.00 -0.09 -2.71 0.00 -0.05 -1.34 0.00 0.00 0.00 -0.00 0.00 -0.16 -0.00 0.00 -3.01 -0.00 0.00 -1.49 0.00 0.00 0.00 2.00 0.01 -0.24 -0.01 0.15 -4.31 -0.01 0.07 -2.14 0.00 0.00 0.00 4.00 0.01 -0.14 -0.01 0.19 -2.66 -0.01 0.09 -1.32
-58.1166 -0.1610 -59.9644 102.83 0.02 -0.00 1.56 -1.23 0.43 6.91 7.00 0.46 -5.02 -6.26 -0.23 0.00 -0.00 -0.00 0.60 2.01 0.41 -0.81 2.27 -0.02 3.73 -4.40 -0.65 -0.00 -0.00 0.00 0.47 0.04 -1.72 0.10 0.04 0.05 0.11 0.04 0.05 0.11 0.04 0.05 -21.61 -1.35 -2.20 -18.42 -1.09 -1.90 -0.70 1.64 0.09 3.63 2.43 89.11 6.09 -4.99 1.13 -1.27 9.13 1.20 -0.28 14.69 -0.23 -8.40 5.83 4.81 -11.07 7.59 8.80 -0.00 0.00 0.00 2.00 -0.01 0.14 -0.00 -0.10 2.77 -0.00 -0.05 1.37 -0.00 0.00 0.00 0.00 0.00 0.23 0.00 0.00 4.04 0.00 0.00 2.01 -0.00 0.00 0.00 -2.00 0.02 0.62 0.05 0.30 8.73 0.04 0.15 4.40 -0.00 0.00 0.00 -4.00 0.02 0.30 0.03 0.35 5.04 0.02 0.17 2.51 0.67 2.36 -1.79 -5.60 -3.21 -86.28 -1.55 -0.45 0.49 0.06 7.40 3.02 -0.17 4.03 -0.16 0.92 1.63 -1.78 1.26 2.49 -2.72 0.00 0.00 -0.00 -2.00 -0.00 -0.14 0.00 -0.10 -2.75 0.00 -0.05 -1.36 0.00 0.00 -0.00 -0.00 0.00 -0.16 -0.00 0.00 -3.06 -0.00 0.00 -1.52 0.00 0.00 -0.00 2.00 0.01 -0.25 -0.01 0.15 -4.35 -0.01 0.07 -2.16 0.00 0.00 -0.00 4.00 0.01 -0.14 -0.01 0.19 -2.69 -0.01 0.09 -1.33
-58.0944 -0.1671 -59.8819 102.56 0.02 -0.00 1.87 -1.37 0.49 7.03 7.20 0.49 -5.18 -6.33 -0.28 0.00 -0.00 -0.00 0.74 1.97 0.46 -0.69 2.42 -0.01 3.75 -4.50 -0.71 -0.00 0.00 0.00 0.46 0.04 -1.70 0.10 0.04 0.08 0.10 0.04 0.08 0.10 0.04 0.08 -20.29 -1.14 -1.95 -17.29 -0.92 -1.68 -0.72 1.71 0.10 3.43 2.34 89.00 6.20 -5.23 1.21 -1.22 9.06 1.17 -0.28 14.69 -0.23 -8.43 5.83 4.87 -11.09 7.58 8.90 -0.00 0.00 -0.00 2.00 -0.01 0.14 -0.00 -0.10 2.78 -0.00 -0.05 1.38 -0.00 0.00 -0.00 0.00 0.00 0.23 0.00 0.00 4.09 0.00 0.00 2.03 -0.00 0.00 -0.00 -2.00 0.02 0.63 0.05 0.30 8.77 0.04 0.15 4.43 -0.00 0.00 -0.00 -4.00 0.02 0.30 0.03 0.35 5.05 0.02 0.17 2.52 0.73 2.36 -1.84 -5.50 -3.32 -86.13 -1.54 -0.50 0.51 -0.05 7.31 3.13 -0.16 4.08 -0.15 0.94 1.65 -1.78 1.29 2.52 -2.71 0.00 -0.00 -0.00 -2.00 -0.01 -0.14 0.00 -0.10 -2.78 0.00 -0.05 -1.38 0.00 -0.00 -0.00 -0.00 0.00 -0.17 -0.00 0.00 -3.12 -0.00 0.00 -1.55 0.00 -0.00 -0.00 2.00 0.01 -0.25 -0.01 0.15 -4.39 -0.01 0.08 -2.18 0.00 -0.00 -0.00 4.00 0.01 -0.14 -0.01 0.19 -2.71 -0.01 0.09 -1.34
-58.0714 -0.1753 -59.7869 102.34 0.02 -0.00 2.16 -1.49 0.56 7.14 7.39 0.51 -5.36 -6.39 -0.33 0.00 0.00 0.00 0.86 1.89 0.52 -0.58 2.64 -0.01 3.73 -4.63 -0.78 0.00 -0.00 -0.00 0.43 0.04 -1.68 0.09 0.04 0.11 0.10 0.04 0.12 0.10 0.04 0.12 -18.90 -0.92 -1.70 -16.11 -0.74 -1.46 -0.72 1.80 0.10 3.20 2.24 88.87 6.34 -5.45 1.31 -1.19 9.02 1.13 -0.28 14.68 -0.23 -8.45 5.83 4.92 -11.12 7.57 8.99 0.00 0.00 0.00 2.00 -0.01 0.15 -0.00 -0.10 2.81 -0.00 -0.05 1.39 0.00 0.00 0.00 0.00 0.00 0.23 0.00 0.00 4.16 0.00 0.00 2.07 0.00 0.00 0.00 -2.00 0.02 0.63 0.05 0.30 8.83 0.04 0.15 4.46 0.00 0.00 0.00 -4.00 0.02 0.30 0.03 0.35 5.05 0.02 0.17 2.52 0.79 2.39 -1.89 -5.36 -3.43 -85.95 -1.53 -0.54 0.52 -0.17 7.23 3.26 -0.15 4.12 -0.14 0.97 1.67 -1.78 1.33 2.54 -2.71 -0.00 -0.00 -0.00 -2.00 -0.01 -0.15 0.00 -0.10 -2.82 0.00 -0.05 -1.39 -0.00 -0.00 -0.00 -0.00 0.00 -0.17 -0.00 0.00 -3.17 -0.00 0.00 -1.57 -0.00 -0.00 -0.00 2.00 0.01 -0.25 -0.01 0.15 -4.42 -0.01 0.08 -2.20 -0.00 -0.00 -0.00 4.00 0.01 -0.14 -0.01 0.19 -2.73 -0.01 0.09 -1.35
-58.0630 -0.1840 -59.6748 102.19 0.02 -0.00 2.43 -1.63 0.63 7.21 7.59 0.54 -5.54 -6.44 -0.39 -0.00 0.00 -0.00 0.95 1.74 0.58 -0.45 2.95 -0.01 3.67 -4.79 -0.86 0.00 0.00 0.00 0.37 0.04 -1.66 0.08 0.04 0.13 0.09 0.04 0.14 0.09 0.04 0.14 -17.50 -0.71 -1.45 -14.91 -0.57 -1.24 -0.71 1.89 0.11 2.97 2.13 88.74 6.49 -5.65 1.42 -1.17 9.01 1.08 -0.28 14.68 -0.23 -8.48 5.83 4.97 -11.14 7.57 9.06 -0.00 0.00 0.00 2.00 -0.01 0.15 -0.01 -0.10 2.83 -0.00 -0.05 1.40 -0.00 0.00 0.00 0.00 0.00 0.24 0.00 0.00 4.22 0.00 0.00 2.10 -0.00 0.00 0.00 -2.00 0.02 0.64 0.05 0.31 8.89 0.04 0.15 4.49 -0.00 0.00 0.00 -4.00 0.02 0.30 0.03 0.35 5.05 0.02 0.17 2.52 0.86 2.43 -1.95 -5.19 -3.55 -85.77 -1.54 -0.55 0.55 -0.30 7.15 3.42 -0.14 4.18 -0.13 1.00 1.69 -1.78 1.37 2.57 -2.72 -0.00 0.00 -0.00 -2.00 -0.01 -0.15 0.01 -0.10 -2.88 0.00 -0.05 -1.42 -0.00 0.00 -0.00 -0.00 0.00 -0.17 -0.00 0.00 -3.24 -0.00 0.00 -1.61 -0.00 0.00 -0.00 2.00 0.01 -0.26 -0.01 0.16 -4.50 -0.01 0.08 -2.24 -0.00 0.00 -0.00 4.00 0.01 -0.14 -0.01 0.19 -2.76 -0.01 0.10 -1.37
-58.0587 -0.1982 -59.5378 102.11 0.02 -0.00 2.65 -1.78 0.72 7.27 7.82 0.57 -5.76 -6.51 -0.46 -0.00 0.00 -0.00 0.98 1.49 0.67 -0.30 3.42 -0.01 3.57 -5.01 -0.95 -0.00 -0.00 -0.00 0.28 0.04 -1.63 0.07 0.04 0.16 0.07 0.04 0.17 0.07 0.04 0.17 -16.12 -0.51 -1.21 -13.74 -0.40 -1.03 -0.69 2.00 0.10 2.76 2.01 88.61 6.65 -5.81 1.55 -1.17 9.01 1.03 -0.28 14.68 -0.23 -8.49 5.84 5.00 -11.15 7.57 9.13 -0.00 -0.00 -0.00 2.00 -0.01 0.15 -0.01 -0.10 2.85 -0.00 -0.05 1.41 -0.00 -0.00 -0.00 0.00 0.00 0.24 0.00 0.00 4.28 0.00 0.00 2.13 -0.00 -0.00 -0.00 -2.00 0.02 0.64 0.05 0.31 8.94 0.04 0.15 4.51 -0.00 -0.00 -0.00 -4.00 0.02 0.30 0.03 0.35 5.06 0.02 0.17 2.52 0.92 2.49 -1.99 -5.00 -3.64 -85.60 -1.55 -0.55 0.58 -0.44 7.07 3.59 -0.13 4.23 -0.12 1.02 1.71 -1.78 1.41 2.60 -2.72 -0.00 0.00 0.00 -2.00 -0.01 -0.15 0.01 -0.10 -2.93 0.00 -0.05 -1.45 -0.00 0.00 0.00 -0.00 0.00 -0.18 -0.00 0.00 -3.31 -0.00 0.00 -1.64 -0.00 0.00 0.00 2.00 0.01 -0.26 -0.01 0.16 -4.56 -0.01 0.08 -2.27 -0.00 0.00 0.00 4.00 0.01 -0.14 -0.01 0.19 -2.79 -0.01 0.10 -1.38
-58.0603 -0.2202 -59.3810 102.09 0.02 -0.00 2.83 -1.95 0.83 7.34 8.09 0.61 -5.99 -6.60 -0.54 -0.00 0.00 -0.00 0.96 1.16 0.76 -0.15 4.04 -0.01 3.45 -5.28 -1.06 -0.00 0.00 -0.00 0.17 0.04 -1.59 0.05 0.04 0.17 0.05 0.05 0.19 0.05 0.05 0.19 -14.77 -0.31 -0.98 -12.58 -0.24 -0.83 -0.66 2.12 0.10 2.58 1.88 88.49 6.82 -5.95 1.68 -1.18 9.02 0.96 -0.28 14.69 -0.23 -8.50 5.84 5.03 -11.15 7.57 9.17 0.00 0.00 0.00 2.00 -0.01 0.15 -0.01 -0.10 2.87 -0.00 -0.05 1.42 0.00 0.00 0.00 0.00 0.00 0.25 0.00 0.00 4.32 0.00 0.00 2.15 0.00 0.00 0.00 -2.00 0.02 0.65 0.05 0.31 8.97 0.04 0.15 4.53 0.00 0.00 0.00 -4.00 0.02 0.30 0.03 0.35 5.06 0.02 0.17 2.52 0.97 2.58 -2.03 -4.80 -3.74 -85.44 -1.58 -0.56 0.62 -0.59 6.98 3.77 -0.12 4.28 -0.12 1.05 1.73 -1.78 1.45 2.63 -2.73 0.00 -0.00 -0.00 -2.00 -0.01 -0.16 0.01 -0.10 -2.98 0.00 -0.05 -1.47 0.00 -0.00 -0.00 -0.00 0.00 -0.18 -0.00 0.00 -3.37 -0.00 0.00 -1.67 0.00 -0.00 -0.00 2.00 0.01 -0.27 -0.01 0.16 -4.63 -0.01 0.08 -2.30 0.00 -0.00 -0.00 4.00 0.01 -0.15 -0.01 0.20 -2.82 -0.01 0.10 -1.40
-58.0668 -0.2488 -59.2069 102.13 0.02 -0.00 2.94 -2.16 0.94 7.44 8.42 0.66 -6.23 -6.73 -0.63 -0.00 0.00 -0.00 0.89 0.73 0.87 0.02 4.82 -0.01 3.32 -5.60 -1.19 -0.00 -0.00 -0.00 0.04 0.04 -1.54 0.03 0.04 0.19 0.03 0.05 0.20 0.03 0.05 0.20 -13.49 -0.12 -0.75 -11.49 -0.08 -0.63 -0.63 2.25 0.09 2.45 1.76 88.39 7.01 -6.07 1.80 -1.21 9.05 0.89 -0.28 14.71 -0.23 -8.51 5.85 5.07 -11.15 7.59 9.23 -0.00 0.00 -0.00 2.00 -0.01 0.15 -0.01 -0.10 2.89 -0.00 -0.05 1.43 -0.00 0.00 -0.00 0.00 0.00 0.25 -0.00 0.00 4.36 -0.00 0.00 2.17 -0.00 0.00 -0.00 -2.00 0.02 0.65 0.05 0.31 9.00 0.04 0.15 4.54 -0.00 0.00 -0.00 -4.00 0.02 0.30 0.03 0.35 5.06 0.02 0.17 2.52 1.01 2.69 -2.05 -4.55 -3.80 -85.27 -1.65 -0.54 0.63 -0.75 6.90 3.95 -0.12 4.33 -0.11 1.08 1.75 -1.78 1.49 2.66 -2.73 -0.00 -0.00 -0.00 -2.00 -0.01 -0.16 0.01 -0.11 -3.03 0.00 -0.05 -1.50 -0.00 -0.00 -0.00 -0.00 0.00 -0.19 -0.00 0.00 -3.43 -0.00 0.00 -1.70 -0.00 -0.00 -0.00 2.00 0.01 -0.27 -0.01 0.16 -4.69 -0.01 0.08 -2.34 -0.00 -0.00 -0.00 4.00 0.01 -0.15 -0.01 0.20 -2.86 -0.01 0.10 -1.41
-58.0883 -0.2844 -59.0134 102.20 0.02 -0.00 2.99 -2.41 1.07 7.55 8.82 0.71 -6.48 -6.90 -0.73 0.00 0.00 -0.00 0.78 0.22 0.99 0.20 5.73 -0.00 3.19 -5.96 -1.32 -0.00 -0.00 -0.00 -0.09 0.04 -1.48 0.01 0.05 0.19 0.01 0.05 0.21 0.01 0.05 0.21 -12.29 0.06 -0.54 -10.47 0.07 -0.45 -0.59 2.39 0.08 2.36 1.64 88.32 7.21 -6.17 1.93 -1.25 9.08 0.81 -0.27 14.74 -0.22 -8.52 5.86 5.09 -11.16 7.60 9.27 0.00 0.00 -0.00 2.00 -0.01 0.15 -0.01 -0.10 2.92 -0.00 -0.05 1.44 0.00 0.00 -0.00 -0.00 0.00 0.25 -0.00 0.00 4.39 -0.00 0.00 2.18 0.00 0.00 -0.00 -2.00 0.02 0.65 0.05 0.31 9.00 0.04 0.15 4.55 0.00 0.00 -0.00 -4.00 0.02 0.30 0.03 0.35 5.07 0.02 0.17 2.53 1.05 2.82 -2.05 -4.27 -3.83 -85.12 -1.73 -0.54 0.64 -0.92 6.79 4.15 -0.10 4.39 -0.10 1.11 1.78 -1.78 1.53 2.70 -2.72 -0.00 -0.00 -0.00 -2.00 -0.01 -0.16 0.01 -0.11 -3.11 0.00 -0.05 -1.54 -0.00 -0.00 -0.00 -0.00 -0.00 -0.19 -0.00 -0.00 -3.51 -0.00 -0.00 -1.74 -0.00 -0.00 -0.00 2.00 0.01 -0.28 -0.02 0.17 -4.77 -0.01 0.08 -2.38 -0.00 -0.00 -0.00 4.00 0.01 -0.15 -0.01 0.20 -2.90 -0.01 0.10 -1.43
-58.1199 -0.3344 -58.7899 102.25 0.03 -0.00 3.05 -2.74 1.21 7.70 9.36 0.79 -6.75 -7.14 -0.85 -0.00 0.00 0.00 0.67 -0.40 1.14 0.39 6.84 -0.01 3.07 -6.38 -1.47 -0.00 0.00 0.00 -0.17 0.04 -1.42 -0.01 0.05 0.19 -0.01 0.05 0.21 -0.01 0.05 0.21 -11.20 0.23 -0.35 -9.55 0.21 -0.29 -0.55 2.52 0.06 2.33 1.53 88.27 7.42 -6.25 2.04 -1.30 9.12 0.72 -0.27 14.78 -0.22 -8.54 5.88 5.11 -11.18 7.62 9.31 -0.00 0.00 -0.00 2.00 -0.01 0.15 -0.01 -0.10 2.94 -0.00 -0.05 1.45 -0.00 0.00 -0.00 -0.00 0.00 0.25 -0.00 0.00 4.41 -0.00 0.00 2.20 -0.00 0.00 -0.00 -2.00 0.02 0.65 0.05 0.31 8.99 0.04 0.15 4.54 -0.00 0.00 -0.00 -4.00 0.02 0.30 0.03 0.35 5.07 0.02 0.17 2.53 1.08 2.98 -2.04 -3.96 -3.84 -84.99 -1.84 -0.55 0.66 -1.09 6.66 4.37 -0.10 4.46 -0.09 1.13 1.81 -1.79 1.57 2.74 -2.74 -0.00 -0.00 -0.00 -2.00 -0.01 -0.17 0.01 -0.11 -3.19 0.00 -0.06 -1.58 -0.00 -0.00 -0.00 -0.00 -0.00 -0.20 -0.00 -0.00 -3.60 -0.00 -0.00 -1.78 -0.00 -0.00 -0.00 2.00 0.01 -0.28 -0.02 0.17 -4.85 -0.01 0.08 -2.42 -0.00 -0.00 -0.00 4.00 0.01 -0.15 -0.01 0.20 -2.93 -0.01 0.10 -1.45
-58.1616 -0.3954 -58.5473 102.26 0.03 -0.00 3.13 -3.15 1.36 7.87 10.02 0.89 -7.02 -7.43 -0.97 -0.00 0.00 -0.00 0.60 -1.10 1.30 0.55 8.08 -0.03 2.97 -6.84 -1.62 0.00 -0.00 -0.00 -0.18 0.05 -1.34 -0.02 0.05 0.19 -0.02 0.05 0.20 -0.02 0.05 0.20 -10.17 0.41 -0.18 -8.67 0.35 -0.14 -0.51 2.67 0.04 2.31 1.42 88.26 7.64 -6.32 2.16 -1.36 9.15 0.63 -0.27 14.82 -0.22 -8.56 5.90 5.13 -11.19 7.64 9.35 0.00 -0.00 -0.00 2.00 -0.01 0.15 -0.01 -0.10 2.95 -0.00 -0.05 1.46 0.00 -0.00 -0.00 0.00 -0.00 0.25 -0.00 0.00 4.42 -0.00 0.00 2.20 0.00 -0.00 -0.00 -2.00 0.02 0.65 0.05 0.31 8.95 0.04 0.15 4.52 0.00 -0.00 -0.00 -4.00 0.02 0.30 0.03 0.35 5.08 0.02 0.18 2.53 1.11 3.16 -2.01 -3.65 -3.84 -84.88 -1.98 -0.57 0.67 -1.26 6.53 4.58 -0.09 4.51 -0.08 1.15 1.82 -1.79 1.60 2.77 -2.73 -0.00 -0.00 0.00 -2.00 -0.01 -0.17 0.01 -0.11 -3.27 0.00 -0.06 -1.62 -0.00 -0.00 0.00 -0.00 -0.00 -0.20 -0.00 -0.00 -3.68 -0.00 -0.00 -1.82 -0.00 -0.00 0.00 2.00 0.01 -0.29 -0.02 0.17 -4.92 -0.01 0.08 -2.45 -0.00 -0.00 0.00 4.00 0.01 -0.16 -0.01 0.21 -2.96 -0.01 0.10 -1.47
-58.2145 -0.4674 -58.2946 102.20 0.04 -0.00 3.24 -3.64 1.52 8.07 10.80 1.02 -7.28 -7.78 -1.10 -0.00 -0.00 0.00 0.59 -1.85 1.48 0.67 9.42 -0.06 2.91 -7.33 -1.78 0.00 0.00 0.00 -0.10 0.05 -1.25 -0.02 0.05 0.18 -0.03 0.06 0.19 -0.03 0.06 0.19 -9.22 0.57 -0.03 -7.86 0.49 -0.02 -0.48 2.82 0.00 2.33 1.33 88.27 7.89 -6.37 2.27 -1.42 9.19 0.53 -0.26 14.89 -0.22 -8.57 5.92 5.18 -11.20 7.67 9.43 -0.00 -0.00 0.00 2.00 -0.01 0.16 -0.01 -0.10 2.98 -0.00 -0.05 1.48 -0.00 -0.00 0.00 0.00 -0.00 0.25 0.00 -0.00 4.39 0.00 -0.00 2.18 -0.00 -0.00 0.00 -2.00 0.02 0.64 0.05 0.30 8.85 0.04 0.15 4.47 -0.00 -0.00 0.00 -4.00 0.02 0.30 0.03 0.35 5.08 0.02 0.18 2.53 1.13 3.37 -1.97 -3.26 -3.79 -84.79 -2.17 -0.56 0.67 -1.44 6.41 4.79 -0.08 4.55 -0.08 1.17 1.84 -1.78 1.62 2.79 -2.73 -0.00 0.00 0.00 -2.00 -0.01 -0.18 0.01 -0.12 -3.34 0.00 -0.06 -1.65 -0.00 0.00 0.00 -0.00 -0.00 -0.21 -0.00 -0.00 -3.75 -0.00 -0.00 -1.86 -0.00 0.00 0.00 2.00 0.01 -0.29 -0.02 0.17 -4.99 -0.01 0.09 -2.49 -0.00 0.00 0.00 4.00 0.01 -0.16 -0.01 0.21 -2.99 -0.01 0.10 -1.48
-58.2814 -0.5488 -58.0317 102.08 0.05 -0.00 3.42 -4.18 1.67 8.29 11.65 1.18 -7.57 -8.16 -1.24 0.00 0.00 -0.00 0.66 -2.62 1.66 0.72 10.80 -0.10 2.91 -7.81 -1.94 -0.00 -0.00 0.00 0.07 0.05 -1.15 -0.02 0.06 0.16 -0.02 0.06 0.18 -0.02 0.06 0.18 -8.37 0.71 0.09 -7.13 0.61 0.09 -0.47 2.97 -0.04 2.37 1.26 88.31 8.15 -6.39 2.40 -1.48 9.26 0.43 -0.26 14.95 -0.21 -8.59 5.95 5.23 -11.20 7.70 9.52 0.00 0.00 -0.00 2.00 -0.01 0.16 -0.01 -0.10 3.00 -0.00 -0.05 1.49 0.00 0.00 -0.00 0.00 -0.00 0.25 0.00 -0.00 4.32 0.00 -0.00 2.15 0.00 0.00 -0.00 -2.00 0.02 0.63 0.05 0.30 8.75 0.04 0.15 4.41 0.00 0.00 -0.00 -4.00 0.02 0.30 0.03 0.35 5.07 0.02 0.18 2.53 1.14 3.60 -1.94 -2.84 -3.72 -84.72 -2.38 -0.62 0.66 -1.63 6.30 5.00 -0.07 4.59 -0.07 1.19 1.86 -1.77 1.65 2.81 -2.72 -0.00 0.00 -0.00 -2.00 -0.01 -0.18 0.01 -0.12 -3.41 0.00 -0.06 -1.69 -0.00 0.00 -0.00 -0.00 -0.00 -0.21 -0.00 -0.00 -3.84 -0.00 -0.00 -1.90 -0.00 0.00 -0.00 2.00 0.01 -0.30 -0.02 0.18 -5.07 -0.01 0.09 -2.53 -0.00 0.00 -0.00 4.00 0.01 -0.16 -0.01 0.21 -3.02 -0.01 0.10 -1.49
-58.3701 -0.6303 -57.7516 101.92 0.06 -0.00 3.63 -4.75 1.82 8.52 12.50 1.36 -7.87 -8.51 -1.39 0.00 0.00 0.00 0.76 -3.61 1.88 0.75 12.52 -0.19 2.91 -8.19 -2.09 0.00 0.00 0.00 0.31 0.05 -1.05 0.00 0.06 0.15 0.00 0.07 0.16 0.00 0.07 0.16 -7.61 0.84 0.19 -6.49 0.72 0.17 -0.46 3.13 -0.09 2.41 1.19 88.36 8.43 -6.38 2.52 -1.54 9.34 0.33 -0.26 15.01 -0.21 -8.60 5.97 5.27 -11.19 7.73 9.59 0.00 0.00 0.00 2.00 -0.01 0.16 -0.01 -0.11 3.03 -0.00 -0.05 1.50 0.00 0.00 0.00 0.00 -0.00 0.24 0.00 -0.00 4.23 0.00 -0.00 2.10 0.00 0.00 0.00 -2.00 0.02 0.62 0.05 0.30 8.65 0.04 0.15 4.37 0.00 0.00 0.00 -4.00 0.02 0.30 0.03 0.35 5.07 0.02 0.17 2.53 1.15 3.85 -1.91 -2.37 -3.63 -84.66 -2.62 -0.70 0.63 -1.83 6.17 5.20 -0.07 4.63 -0.06 1.20 1.87 -1.76 1.66 2.83 -2.70 0.00 -0.00 0.00 -2.00 -0.01 -0.19 0.01 -0.12 -3.46 0.01 -0.06 -1.72 0.00 -0.00 0.00 -0.00 -0.00 -0.22 -0.00 -0.00 -3.91 -0.00 -0.00 -1.94 0.00 -0.00 0.00 2.00 0.01 -0.31 -0.02 0.18 -5.14 -0.01 0.09 -2.56 0.00 -0.00 0.00 4.00 0.01 -0.16 -0.01 0.21 -3.05 -0.01 0.11 -1.51
-58.4768 -0.7032 -57.4597 101.82 0.07 0.01 3.82 -5.29 1.96 8.73 13.27 1.55 -8.16 -8.80 -1.55 0.00 -0.00 -0.00 0.81 -4.81 2.14 0.79 14.59 -0.36 2.88 -8.36 -2.22 -0.00 0.00 0.00 0.54 0.06 -0.95 0.03 0.06 0.14 0.04 0.07 0.15 0.04 0.07 0.15 -6.93 0.96 0.26 -5.91 0.82 0.24 -0.47 3.31 -0.14 2.42 1.12 88.41 8.70 -6.35 2.65 -1.60 9.43 0.23 -0.25 15.06 -0.21 -8.59 6.00 5.30 -11.18 7.76 9.64 -0.00 0.00 0.00 2.00 -0.01 0.16 -0.01 -0.11 3.04 -0.00 -0.05 1.51 -0.00 0.00 0.00 0.00 -0.00 0.23 0.00 -0.00 4.13 0.00 0.00 2.05 -0.00 0.00 0.00 -2.00 0.02 0.61 0.05 0.29 8.58 0.04 0.15 4.32 -0.00 0.00 0.00 -4.00 0.02 0.30 0.03 0.35 5.07 0.02 0.17 2.53 1.17 4.12 -1.89 -1.92 -3.53 -84.60 -2.86 -0.80 0.58 -2.01 6.07 5.37 -0.06 4.65 -0.06 1.20 1.88 -1.75 1.67 2.85 -2.69 0.00 -0.00 0.00 -2.00 -0.01 -0.19 0.01 -0.12 -3.50 0.01 -0.06 -1.73 0.00 -0.00 0.00 -0.00 -0.00 -0.22 -0.00 -0.00 -3.97 -0.00 -0.00 -1.97 0.00 -0.00 0.00 2.00 0.01 -0.31 -0.02 0.18 -5.20 -0.01 0.09 -2.59 0.00 -0.00 0.00 4.00 0.01 -0.16 -0.01 0.21 -3.08 -0.01 0.11 -1.52
-58.6111 -0.7606 -57.1665 101.81 0.08 0.04 3.93 -5.76 2.07 8.92 13.89 1.72 -8.47 -9.01 -1.70 0.00 0.00 0.00 0.69 -6.24 2.45 0.91 16.96 -0.60 2.80 -8.30 -2.32 0.00 0.00 0.00 0.73 0.06 -0.86 0.07 0.07 0.12 0.08 0.07 0.13 0.08 0.07 0.13 -6.34 1.06 0.31 -5.40 0.91 0.28 -0.49 3.51 -0.18 2.45 1.05 88.45 8.97 -6.29 2.78 -1.68 9.52 0.11 -0.25 15.10 -0.20 -8.59 6.01 5.29 -11.17 7.78 9.62 0.00 -0.00 0.00 2.00 -0.01 0.16 -0.01 -0.11 3.04 -0.00 -0.05 1.50 0.00 -0.00 0.00 0.00 0.00 0.23 0.00 0.00 4.03 0.00 0.00 2.00 0.00 -0.00 0.00 -2.00 0.02 0.60 0.05 0.29 8.53 0.04 0.15 4.30 0.00 -0.00 0.00 -4.00 0.02 0.30 0.03 0.35 5.08 0.02 0.18 2.53 1.19 4.40 -1.90 -1.40 -3.40 -84.52 -3.16 -0.85 0.49 -2.17 5.98 5.53 -0.06 4.67 -0.05 1.21 1.89 -1.74 1.69 2.86 -2.68 -0.00 0.00 0.00 -2.00 -0.01 -0.19 0.01 -0.12 -3.52 0.01 -0.06 -1.75 -0.00 0.00 0.00 -0.00 -0.00 -0.22 -0.00 -0.00 -4.00 -0.00 -0.00 -1.99 -0.00 0.00 0.00 2.00 0.01 -0.31 -0.02 0.18 -5.24 -0.01 0.09 -2.62 -0.00 0.00 0.00 4.00 0.01 -0.16 -0.01 0.22 -3.10 -0.01 0.11 -1.54
-58.7961 -0.8007 -56.8469 101.94 0.10 0.10 4.00 -6.19 2.16 9.08 14.37 1.87 -8.83 -9.11 -1.85 0.00 -0.00 0.00 0.28 -7.90 2.82 1.19 19.68 -0.89 2.63 -7.94 -2.40 -0.00 0.00 0.00 0.88 0.07 -0.79 0.11 0.07 0.09 0.12 0.08 0.10 0.12 0.08 0.10 -5.83 1.16 0.35 -4.97 0.99 0.31 -0.50 3.74 -0.18 2.49 0.96 88.48 9.21 -6.21 2.91 -1.75 9.58 -0.04 -0.25 15.12 -0.20 -8.59 6.02 5.25 -11.18 7.79 9.57 0.00 0.00 0.00 2.00 -0.01 0.16 -0.01 -0.11 3.03 -0.00 -0.05 1.50 0.00 0.00 0.00 0.00 0.00 0.22 0.00 0.00 3.96 0.00 0.00 1.97 0.00 0.00 0.00 -2.00 0.02 0.60 0.05 0.29 8.50 0.03 0.15 4.29 0.00 0.00 0.00 -4.00 0.02 0.30 0.03 0.35 5.09 0.02 0.18 2.54 1.24 4.70 -1.92 -0.83 -3.26 -84.42 -3.49 -0.93 0.38 -2.26 5.88 5.67 -0.06 4.68 -0.05 1.22 1.89 -1.73 1.69 2.86 -2.66 0.00 0.00 0.00 -2.00 -0.01 -0.19 0.01 -0.12 -3.52 0.01 -0.06 -1.74 0.00 0.00 0.00 -0.00 -0.00 -0.22 -0.00 -0.00 -4.02 -0.00 -0.00 -2.00 0.00 0.00 0.00 2.00 0.01 -0.32 -0.02 0.18 -5.26 -0.01 0.09 -2.63 0.00 0.00 0.00 4.00 0.01 -0.16 -0.01 0.22 -3.11 -0.01 0.11 -1.54
-59.0317 -0.8242 -56.5064 102.22 0.13 0.18 4.01 -6.57 2.22 9.18 14.71 1.98 -9.23 -9.08 -1.98 0.00 0.00 0.00 -0.66 -10.03 3.37 1.89 23.13 -1.27 2.35 -7.00 -2.49 0.00 -0.00 -0.00 0.96 0.07 -0.73 0.14 0.08 0.06 0.15 0.09 0.06 0.15 0.09 0.06 -5.40 1.24 0.38 -4.60 1.05 0.33 -0.50 4.00 -0.16 2.53 0.86 88.52 9.42 -6.15 3.02 -1.81 9.60 -0.19 -0.25 15.12 -0.20 -8.60 6.01 5.20 -11.19 7.79 9.50 -0.00 0.00 -0.00 2.00 -0.01 0.16 -0.01 -0.10 3.01 -0.00 -0.05 1.49 -0.00 0.00 -0.00 0.00 0.00 0.22 0.00 0.00 3.90 0.00 0.00 1.94 -0.00 0.00 -0.00 -2.00 0.02 0.60 0.05 0.29 8.47 0.03 0.14 4.27 -0.00 0.00 -0.00 -4.00 0.02 0.30 0.03 0.35 5.10 0.02 0.18 2.54 1.28 5.00 -1.94 -0.23 -3.10 -84.31 -3.83 -1.02 0.24 -2.30 5.80 5.80 -0.05 4.68 -0.05 1.21 1.89 -1.72 1.69 2.86 -2.65 -0.00 -0.00 0.00 -2.00 -0.01 -0.19 0.01 -0.12 -3.50 0.01 -0.06 -1.74 -0.00 -0.00 0.00 0.00 0.00 -0.22 0.00 0.00 -4.02 0.00 0.00 -1.99 -0.00 -0.00 0.00 2.00 0.01 -0.32 -0.02 0.18 -5.27 -0.01 0.09 -2.63 -0.00 -0.00 0.00 4.00 0.01 -0.16 -0.01 0.22 -3.11 -0.01 0.11 -1.54
-59.3248 -0.8316 -56.1522 102.73 0.17 0.30 3.87 -6.92 2.24 9.23 14.94 2.06 -9.65 -8.96 -2.10 0.00 0.00 -0.00 -2.16 -12.49 4.09 2.92 27.06 -1.67 1.98 -5.58 -2.60 0.00 0.00 -0.00 0.99 0.08 -0.69 0.15 0.09 0.01 0.17 0.10 0.01 0.17 0.10 0.01 -5.07 1.30 0.40 -4.32 1.11 0.35 -0.49 4.31 -0.13 2.49 0.72 88.59 9.59 -6.11 3.13 -1.84 9.59 -0.33 -0.25 15.11 -0.21 -8.60 6.01 5.16 -11.22 7.77 9.43 0.00 -0.00 0.00 2.00 -0.01 0.16 -0.01 -0.10 2.99 -0.00 -0.05 1.48 0.00 -0.00 0.00 0.00 0.00 0.21 0.00 0.00 3.85 0.00 0.00 1.91 0.00 -0.00 0.00 -2.00 0.02 0.59 0.05 0.29 8.42 0.03 0.14 4.25 0.00 -0.00 0.00 -4.00 0.02 0.30 0.03 0.36 5.11 0.02 0.18 2.55 1.33 5.34 -1.94 0.31 -3.01 -84.21 -4.17 -1.09 0.10 -2.29 5.75 5.90 -0.06 4.68 -0.05 1.20 1.89 -1.71 1.67 2.86 -2.63 0.00 0.00 -0.00 -2.00 -0.01 -0.19 0.01 -0.12 -3.48 0.01 -0.06 -1.73 0.00 0.00 -0.00 0.00 0.00 -0.22 0.00 0.00 -4.01 0.00 0.00 -1.99 0.00 0.00 -0.00 2.00 0.01 -0.31 -0.02 0.18 -5.26 -0.01 0.09 -2.62 0.00 0.00 -0.00 4.00 0.01 -0.16 -0.01 0.22 -3.11 -0.01 0.11 -1.54
-59.6565 -0.8300 -55.8032 103.40 0.21 0.43 3.64 -7.24 2.24 9.21 15.09 2.11 -10.08 -8.76 -2.19 0.00 -0.00 -0.00 -4.12 -15.26 5.06 4.18 31.42 -2.12 1.64 -3.74 -2.74 -0.00 0.00 0.00 0.99 0.09 -0.66 0.16 0.10 -0.04 0.18 0.11 -0.04 0.18 0.11 -0.04 -4.84 1.33 0.41 -4.12 1.13 0.36 -0.47 4.65 -0.12 2.47 0.61 88.70 9.79 -6.14 3.24 -1.85 9.57 -0.44 -0.26 15.09 -0.21 -8.63 6.00 5.09 -11.27 7.75 9.33 -0.00 0.00 0.00 2.00 -0.01 0.16 -0.01 -0.10 2.96 -0.00 -0.05 1.47 -0.00 0.00 0.00 0.00 0.00 0.21 0.00 0.00 3.78 0.00 0.00 1.87 -0.00 0.00 0.00 -2.00 0.02 0.59 0.05 0.29 8.35 0.03 0.14 4.21 -0.00 0.00 0.00 -4.00 0.02 0.30 0.03 0.35 5.11 0.02 0.18 2.54 1.38 5.70 -1.90 0.88 -2.94 -84.14 -4.54 -1.09 -0.04 -2.24 5.76 5.95 -0.06 4.71 -0.05 1.18 1.90 -1.70 1.63 2.88 -2.61 0.00 -0.00 -0.00 -2.00 -0.01 -0.19 0.01 -0.12 -3.46 0.01 -0.06 -1.72 0.00 -0.00 -0.00 0.00 0.00 -0.22 0.00 0.00 -4.00 0.00 0.00 -1.99 0.00 -0.00 -0.00 2.00 0.01 -0.32 -0.02 0.18 -5.26 -0.01 0.09 -2.63 0.00 -0.00 -0.00 4.00 0.01 -0.16 -0.01 0.22 -3.09 -0.01 0.11 -1.53
-60.0328 -0.8235 -55.4454 104.19 0.27 0.54 3.41 -7.56 2.24 9.11 15.16 2.14 -10.55 -8.48 -2.28 0.00 -0.00 0.00 -6.42 -18.19 6.29 5.43 35.98 -2.63 1.54 -1.60 -2.97 -0.00 0.00 -0.00 0.97 0.11 -0.64 0.17 0.12 -0.09 0.19 0.13 -0.09 0.19 0.13 -0.09 -4.69 1.34 0.43 -3.99 1.14 0.37 -0.45 4.99 -0.14 2.44 0.55 88.84 10.00 -6.21 3.37 -1.82 9.54 -0.51 -0.26 15.09 -0.21 -8.66 5.99 5.03 -11.34 7.74 9.24 -0.00 0.00 0.00 2.00 -0.01 0.15 -0.01 -0.10 2.94 -0.00 -0.05 1.45 -0.00 0.00 0.00 0.00 0.00 0.20 0.00 0.00 3.73 0.00 0.00 1.85 -0.00 0.00 0.00 -2.00 0.02 0.58 0.05 0.29 8.28 0.03 0.14 4.17 -0.00 0.00 0.00 -4.00 0.02 0.30 0.03 0.36 5.11 0.02 0.18 2.55 1.42 6.09 -1.83 1.47 -2.89 -84.12 -4.90 -1.11 -0.18 -2.16 5.85 5.94 -0.06 4.68 -0.06 1.15 1.89 -1.69 1.59 2.86 -2.59 -0.00 0.00 -0.00 -2.00 -0.01 -0.19 0.01 -0.12 -3.45 0.01 -0.06 -1.71 -0.00 0.00 -0.00 0.00 0.00 -0.22 0.00 0.00 -4.00 0.00 0.00 -1.99 -0.00 0.00 -0.00 2.00 0.01 -0.32 -0.02 0.18 -5.27 -0.01 0.09 -2.63 -0.00 0.00 -0.00 4.00 0.01 -0.16 -0.01 0.21 -3.06 -0.01 0.11 -1.52
-60.4194 -0.8134 -55.0916 105.01 0.33 0.63 3.18 -7.88 2.27 8.99 15.18 2.14 -11.02 -8.16 -2.35 -0.00 -0.00 -0.00 -9.20 -21.38 7.92 6.73 40.88 -3.31 1.79 0.38 -3.30 -0.00 0.00 -0.00 0.95 0.12 -0.62 0.19 0.14 -0.13 0.21 0.15 -0.14 0.21 0.15 -0.14 -4.61 1.32 0.43 -3.93 1.12 0.38 -0.42 5.33 -0.18 2.40 0.55 88.98 10.25 -6.34 3.51 -1.77 9.54 -0.52 -0.26 15.09 -0.21 -8.71 5.98 4.96 -11.43 7.71 9.15 -0.00 0.00 -0.00 2.00 -0.01 0.15 -0.01 -0.10 2.92 -0.00 -0.05 1.44 -0.00 0.00 -0.00 0.00 0.00 0.20 0.00 0.00 3.70 0.00 0.00 1.84 -0.00 0.00 -0.00 -2.00 0.02 0.57 0.04 0.28 8.23 0.03 0.14 4.15 -0.00 0.00 -0.00 -4.00 0.02 0.30 0.03 0.36 5.11 0.02 0.18 2.55 1.46 6.47 -1.74 2.00 -2.86 -84.14 -5.25 -1.11 -0.31 -2.06 6.00 5.88 -0.07 4.65 -0.06 1.12 1.88 -1.67 1.56 2.84 -2.56 0.00 0.00 0.00 -2.00 -0.01 -0.19 0.01 -0.12 -3.43 0.01 -0.06 -1.70 0.00 0.00 0.00 -0.00 0.00 -0.22 -0.00 -0.00 -4.00 -0.00 -0.00 -1.99 0.00 0.00 0.00 2.00 0.01 -0.32 -0.02 0.18 -5.27 -0.01 0.09 -2.63 0.00 0.00 0.00 4.00 0.01 -0.16 -0.01 0.21 -3.04 -0.01 0.11 -1.51
-60.8017 -0.8018 -54.7234 105.88 0.41 0.71 2.89 -8.20 2.32 8.84 15.18 2.10 -11.46 -7.82 -2.42 0.00 -0.00 0.00 -12.39 -24.61 9.87 8.10 45.88 -4.06 2.20 2.00 -3.65 -0.00 0.00 -0.00 0.93 0.14 -0.59 0.23 0.16 -0.16 0.24 0.17 -0.18 0.24 0.17 -0.18 -4.61 1.27 0.44 -3.92 1.08 0.38 -0.34 5.69 -0.20 2.27 0.55 89.06 10.53 -6.45 3.67 -1.68 9.54 -0.45 -0.27 15.09 -0.22 -8.78 5.97 4.88 -11.54 7.69 9.04 0.00 -0.00 -0.00 2.00 -0.01 0.15 -0.01 -0.10 2.91 -0.00 -0.05 1.44 0.00 -0.00 -0.00 -0.00 0.00 0.20 -0.00 0.00 3.70 -0.00 0.00 1.83 0.00 -0.00 -0.00 -2.00 0.02 0.57 0.04 0.28 8.23 0.03 0.14 4.14 0.00 -0.00 -0.00 -4.00 0.02 0.31 0.03 0.36 5.13 0.02 0.18 2.56 1.55 6.87 -1.68 2.37 -2.87 -84.12 -5.59 -1.09 -0.44 -1.93 6.21 5.77 -0.07 4.62 -0.06 1.10 1.87 -1.65 1.53 2.82 -2.54 -0.00 -0.00 -0.00 -2.00 -0.01 -0.18 0.01 -0.12 -3.42 0.01 -0.06 -1.69 -0.00 -0.00 -0.00 0.00 0.00 -0.22 0.00 0.00 -4.00 0.00 0.00 -1.98 -0.00 -0.00 -0.00 2.00 0.01 -0.32 -0.02 0.18 -5.27 -0.01 0.09 -2.63 -0.00 -0.00 -0.00 4.00 0.01 -0.16 -0.01 0.21 -3.02 -0.01 0.10 -1.50
-61.1587 -0.7903 -54.3313 106.72 0.50 0.80 2.56 -8.52 2.39 8.69 15.18 2.04 -11.83 -7.51 -2.50 0.00 -0.00 0.00 -15.95 -27.78 12.17 9.56 50.85 -4.83 2.67 3.28 -4.01 0.00 -0.00 -0.00 0.92 0.15 -0.57 0.27 0.17 -0.19 0.30 0.19 -0.21 0.30 0.19 -0.21 -4.65 1.22 0.45 -3.96 1.04 0.39 -0.21 6.07 -0.19 2.23 0.57 89.04 10.81 -6.57 3.84 -1.57 9.58 -0.27 -0.28 15.00 -0.23 -8.84 5.93 4.74 -11.68 7.61 8.83 0.00 -0.00 -0.00 2.00 -0.01 0.15 -0.01 -0.10 2.90 -0.00 -0.05 1.43 0.00 -0.00 -0.00 -0.00 -0.00 0.21 -0.00 -0.00 3.76 -0.00 -0.00 1.86 0.00 -0.00 -0.00 -2.00 0.02 0.58 0.04 0.28 8.27 0.03 0.14 4.16 0.00 -0.00 -0.00 -4.00 0.02 0.31 0.03 0.36 5.14 0.02 0.18 2.56 1.69 7.26 -1.68 2.72 -2.88 -84.07 -5.92 -1.00 -0.58 -1.82 6.50 5.67 -0.07 4.60 -0.06 1.09 1.86 -1.64 1.52 2.81 -2.52 0.00 0.00 0.00 -2.00 -0.01 -0.18 0.01 -0.12 -3.40 0.01 -0.06 -1.68 0.00 0.00 0.00 0.00 0.00 -0.22 0.00 0.00 -3.99 0.00 0.00 -1.98 0.00 0.00 0.00 2.00 0.01 -0.31 -0.02 0.18 -5.25 -0.01 0.09 -2.62 0.00 0.00 0.00 4.00 0.01 -0.16 -0.01 0.21 -3.01 -0.01 0.10 -1.49
-61.4733 -0.7803 -53.8841 107.54 0.59 0.91 2.11 -8.84 2.51 8.55 15.20 1.94 -12.09 -7.21 -2.63 0.00 0.00 0.00 -19.80 -30.78 14.76 11.04 55.72 -5.61 3.18 4.20 -4.38 -0.00 -0.00 0.00 0.92 0.17 -0.55 0.33 0.20 -0.22 0.36 0.21 -0.24 0.36 0.21 -0.24 -4.74 1.17 0.47 -4.04 0.99 0.41 -0.08 6.44 -0.14 2.31 0.58 88.91 11.04 -6.68 3.98 -1.44 9.63 -0.02 -0.28 15.00 -0.23 -8.91 5.91 4.61 -11.81 7.57 8.66 0.00 0.00 -0.00 2.00 -0.01 0.15 -0.01 -0.10 2.89 -0.00 -0.05 1.43 0.00 0.00 -0.00 -0.00 -0.00 0.21 -0.00 -0.00 3.83 -0.00 -0.00 1.90 0.00 0.00 -0.00 -2.00 0.02 0.58 0.04 0.29 8.32 0.03 0.14 4.19 0.00 0.00 -0.00 -4.00 0.02 0.31 0.03 0.36 5.14 0.03 0.18 2.56 1.82 7.63 -1.74 3.04 -2.88 -83.99 -6.21 -0.82 -0.72 -1.70 6.79 5.60 -0.06 4.59 -0.06 1.11 1.85 -1.63 1.54 2.80 -2.50 -0.00 -0.00 0.00 -2.00 -0.01 -0.18 0.01 -0.12 -3.37 0.01 -0.06 -1.67 -0.00 -0.00 0.00 0.00 0.00 -0.22 0.00 0.00 -3.97 0.00 0.00 -1.97 -0.00 -0.00 0.00 2.00 0.01 -0.31 -0.02 0.18 -5.23 -0.01 0.09 -2.61 -0.00 -0.00 0.00 4.00 0.01 -0.16 -0.01 0.21 -3.00 -0.01 0.10 -1.48
-61.7415 -0.7716 -53.3788 108.33 0.68 1.04 1.51 -9.14 2.66 8.48 15.23 1.83 -12.24 -6.94 -2.79 0.00 0.00 0.00 -24.25 -33.81 18.00 12.24 60.91 -6.80 3.68 4.71 -4.75 0.00 -0.00 0.00 0.92 0.19 -0.54 0.39 0.22 -0.25 0.42 0.24 -0.27 0.42 0.24 -0.27 -4.87 1.13 0.49 -4.15 0.96 0.43 0.02 6.81 -0.06 2.51 0.57 88.70 11.19 -6.78 4.08 -1.31 9.67 0.25 -0.29 14.97 -0.24 -8.94 5.90 4.48 -11.88 7.55 8.46 0.00 0.00 0.00 2.00 -0.01 0.15 -0.01 -0.10 2.89 -0.00 -0.05 1.43 0.00 0.00 0.00 -0.00 -0.00 0.21 -0.00 -0.00 3.87 -0.00 -0.00 1.92 0.00 0.00 0.00 -2.00 0.02 0.58 0.04 0.29 8.33 0.03 0.14 4.20 0.00 0.00 0.00 -4.00 0.02 0.30 0.03 0.36 5.12 0.02 0.18 2.55 1.95 7.98 -1.83 3.33 -2.88 -83.92 -6.44 -0.53 -0.84 -1.55 7.08 5.58 -0.06 4.61 -0.06 1.10 1.86 -1.62 1.53 2.81 -2.49 0.00 0.00 0.00 -2.00 -0.01 -0.18 0.01 -0.12 -3.36 0.01 -0.06 -1.66 0.00 0.00 0.00 0.00 0.00 -0.22 0.00 0.00 -3.96 0.00 0.00 -1.97 0.00 0.00 0.00 2.00 0.01 -0.31 -0.02 0.18 -5.23 -0.01 0.09 -2.61 0.00 0.00 0.00 4.00 0.01 -0.16 -0.01 0.21 -2.99 -0.01 0.10 -1.48
-61.9760 -0.7675 -52.8000 109.16 0.76 1.20 0.68 -9.44 2.86 8.49 15.28 1.70 -12.30 -6.70 -3.01 0.00 -0.00 -0.00 -29.28 -36.68 21.86 12.67 66.17 -8.83 4.17 4.93 -5.06 -0.00 0.00 0.00 0.92 0.21 -0.53 0.45 0.25 -0.28 0.48 0.27 -0.30 0.48 0.27 -0.30 -5.06 1.09 0.54 -4.31 0.93 0.46 0.06 7.13 0.02 2.78 0.56 88.44 11.30 -6.92 4.13 -1.21 9.67 0.48 -0.29 14.95 -0.24 -8.92 5.88 4.36 -11.89 7.53 8.27 -0.00 0.00 -0.00 2.00 -0.01 0.15 -0.01 -0.10 2.87 -0.00 -0.05 1.42 -0.00 0.00 -0.00 -0.00 0.00 0.21 -0.00 0.00 3.86 -0.00 0.00 1.92 -0.00 0.00 -0.00 -2.00 0.02 0.58 0.04 0.29 8.31 0.03 0.14 4.18 -0.00 0.00 -0.00 -4.00 0.02 0.30 0.03 0.36 5.10 0.02 0.18 2.54 2.05 8.31 -1.93 3.52 -2.90 -83.88 -6.59 -0.17 -0.91 -1.43 7.35 5.61 -0.06 4.62 -0.05 1.11 1.87 -1.62 1.55 2.82 -2.48 -0.00 0.00 0.00 -2.00 -0.01 -0.18 0.01 -0.12 -3.34 0.01 -0.06 -1.65 -0.00 0.00 0.00 0.00 0.00 -0.22 0.00 0.00 -3.96 0.00 0.00 -1.97 -0.00 0.00 0.00 2.00 0.01 -0.31 -0.02 0.18 -5.22 -0.01 0.09 -2.60 -0.00 0.00 0.00 4.00 0.01 -0.16 -0.01 0.21 -2.98 -0.01 0.10 -1.48
-62.1882 -0.7787 -52.1461 110.01 0.85 1.35 -0.38 -9.75 3.15 8.61 15.38 1.57 -12.26 -6.49 -3.28 -0.00 0.00 0.00 -34.78 -39.21 26.27 11.54 71.28 -12.40 4.64 4.92 -5.29 0.00 -0.00 0.00 0.92 0.25 -0.53 0.50 0.29 -0.31 0.54 0.31 -0.33 0.54 0.31 -0.33 -5.27 1.05 0.59 -4.49 0.89 0.51 0.06 7.39 0.09 3.01 0.56 88.18 11.30 -6.98 4.14 -1.15 9.62 0.61 -0.29 14.92 -0.24 -8.85 5.87 4.22 -11.83 7.53 8.04 -0.00 -0.00 -0.00 2.00 -0.01 0.15 -0.00 -0.10 2.84 -0.00 -0.05 1.41 -0.00 -0.00 -0.00 0.00 0.00 0.21 0.00 0.00 3.83 0.00 0.00 1.90 -0.00 -0.00 -0.00 -2.00 0.02 0.58 0.04 0.29 8.32 0.03 0.14 4.19 -0.00 -0.00 -0.00 -4.00 0.02 0.30 0.03 0.35 5.08 0.02 0.18 2.53 2.10 8.59 -1.99 3.71 -2.87 -83.93 -6.65 0.27 -0.93 -1.35 7.63 5.68 -0.06 4.63 -0.06 1.09 1.87 -1.61 1.52 2.83 -2.47 0.00 -0.00 0.00 -2.00 -0.01 -0.18 0.01 -0.12 -3.32 0.01 -0.06 -1.65 0.00 -0.00 0.00 0.00 -0.00 -0.22 0.00 0.00 -3.96 0.00 0.00 -1.97 0.00 -0.00 0.00 2.00 0.01 -0.31 -0.02 0.18 -5.22 -0.01 0.09 -2.60 0.00 -0.00 0.00 4.00 0.01 -0.16 -0.01 0.21 -2.97 -0.01 0.10 -1.47
-62.3947 -0.8240 -51.3406 110.84 0.95 1.49 -1.66 -10.13 3.59 8.72 15.55 1.39 -12.00 -6.31 -3.65 -0.00 0.00 -0.00 -40.73 -41.37 31.24 7.16 76.20 -19.24 5.15 4.67 -5.42 -0.00 -0.00 -0.00 0.91 0.28 -0.52 0.55 0.33 -0.33 0.59 0.35 -0.36 0.59 0.35 -0.36 -5.50 1.00 0.67 -4.69 0.85 0.57 0.04 7.57 0.15 3.11 0.58 87.96 11.23 -6.96 4.12 -1.13 9.52 0.63 -0.29 14.90 -0.24 -8.78 5.85 4.11 -11.76 7.54 7.84 -0.00 -0.00 0.00 2.00 -0.01 0.15 -0.00 -0.10 2.81 -0.00 -0.05 1.39 -0.00 -0.00 0.00 0.00 0.00 0.21 0.00 0.00 3.81 0.00 0.00 1.89 -0.00 -0.00 0.00 -2.00 0.02 0.58 0.04 0.29 8.33 0.03 0.14 4.20 -0.00 -0.00 0.00 -4.00 0.02 0.30 0.03 0.35 5.06 0.02 0.17 2.52 2.11 8.81 -1.99 3.85 -2.79 -84.05 -6.64 0.72 -0.91 -1.22 7.92 5.73 -0.07 4.61 -0.06 1.09 1.86 -1.62 1.51 2.81 -2.48 0.00 -0.00 -0.00 -2.00 -0.01 -0.18 0.01 -0.11 -3.31 0.01 -0.06 -1.64 0.00 -0.00 -0.00 -0.00 0.00 -0.22 -0.00 0.00 -3.95 -0.00 0.00 -1.96 0.00 -0.00 -0.00 2.00 0.01 -0.31 -0.02 0.18 -5.21 -0.01 0.09 -2.60 0.00 -0.00 -0.00 4.00 0.01 -0.16 -0.01 0.21 -2.96 -0.01 0.10 -1.47
-62.6072 -0.9083 -50.4204 111.63 1.06 1.59 -3.08 -10.56 4.15 8.80 15.78 1.21 -11.57 -6.17 -4.11 0.00 0.00 -0.00 -47.30 -43.19 36.94 -5.68 80.72 -34.65 5.70 4.17 -5.39 0.00 0.00 0.00 0.90 0.31 -0.52 0.58 0.37 -0.36 0.63 0.40 -0.38 0.63 0.40 -0.38 -5.72 0.94 0.75 -4.87 0.80 0.65 0.02 7.69 0.20 3.07 0.60 87.78 11.12 -6.89 4.11 -1.15 9.41 0.60 -0.29 14.88 -0.24 -8.72 5.84 4.01 -11.69 7.55 7.67 0.00 0.00 -0.00 2.00 -0.01 0.14 -0.00 -0.10 2.78 -0.00 -0.05 1.38 0.00 0.00 -0.00 0.00 0.00 0.21 0.00 0.00 3.77 0.00 0.00 1.87 0.00 0.00 -0.00 -2.00 0.02 0.58 0.04 0.29 8.32 0.03 0.14 4.19 0.00 0.00 -0.00 -4.00 0.02 0.30 0.03 0.35 5.04 0.02 0.17 2.51 2.12 8.98 -1.95 3.93 -2.64 -84.21 -6.62 1.14 -0.87 -1.03 8.24 5.74 -0.07 4.58 -0.07 1.07 1.85 -1.61 1.48 2.80 -2.47 0.00 0.00 -0.00 -2.00 -0.01 -0.18 0.01 -0.11 -3.29 0.01 -0.06 -1.63 0.00 0.00 -0.00 -0.00 0.00 -0.22 -0.00 0.00 -3.95 -0.00 0.00 -1.96 0.00 0.00 -0.00 2.00 0.01 -0.31 -0.02 0.18 -5.22 -0.01 0.09 -2.60 0.00 0.00 -0.00 4.00 0.01 -0.16 -0.01 0.21 -2.96 -0.01 0.10 -1.47
-62.8158 -1.0254 -49.4274 112.41 1.19 1.68 -4.51 -11.03 4.76 8.76 16.03 1.07 -11.01 -6.09 -4.65 -0.00 -0.00 0.00 -54.04 -44.55 42.91 -36.53 83.51 -68.03 6.22 3.56 -5.25 0.00 -0.00 -0.00 0.89 0.35 -0.52 0.61 0.41 -0.38 0.66 0.44 -0.41 0.66 0.44 -0.41 -5.93 0.85 0.85 -5.05 0.72 0.73 0.02 7.77 0.25 2.90 0.64 87.65 11.04 -6.85 4.10 -1.18 9.32 0.54 -0.30 14.87 -0.24 -8.67 5.84 3.93 -11.65 7.55 7.54 -0.00 0.00 -0.00 2.00 -0.00 0.14 -0.00 -0.10 2.76 -0.00 -0.05 1.36 -0.00 0.00 -0.00 0.00 0.00 0.20 0.00 0.00 3.72 0.00 0.00 1.85 -0.00 0.00 -0.00 -2.00 0.02 0.58 0.04 0.29 8.30 0.03 0.14 4.18 -0.00 0.00 -0.00 -4.00 0.02 0.30 0.03 0.35 5.03 0.02 0.17 2.51 2.11 9.10 -1.86 3.92 -2.44 -84.39 -6.59 1.51 -0.83 -0.81 8.58 5.69 -0.08 4.54 -0.07 1.05 1.83 -1.60 1.45 2.77 -2.46 0.00 0.00 0.00 -2.00 -0.01 -0.17 0.01 -0.11 -3.27 0.00 -0.06 -1.62 0.00 0.00 0.00 -0.00 0.00 -0.22 -0.00 0.00 -3.93 -0.00 0.00 -1.95 0.00 0.00 0.00 2.00 0.01 -0.31 -0.02 0.18 -5.20 -0.01 0.09 -2.59 0.00 0.00 0.00 4.00 0.01 -0.16 -0.01 0.21 -2.96 -0.01 0.10 -1.46
-63.0267 -1.1817 -48.2908 113.12 1.34 1.76 -5.89 -11.55 5.44 8.62 16.27 0.99 -10.34 -6.04 -5.33 -0.00 -0.00 -0.00 -60.68 -45.46 48.93 -76.34 82.86 -110.27 6.65 2.89 -5.06 -0.00 0.00 -0.00 0.87 0.38 -0.52 0.64 0.45 -0.41 0.69 0.49 -0.45 0.69 0.49 -0.45 -6.13 0.73 0.95 -5.22 0.62 0.82 0.03 7.81 0.31 2.71 0.69 87.55 10.97 -6.87 4.11 -1.20 9.23 0.51 -0.30 14.87 -0.24 -8.66 5.83 3.86 -11.66 7.55 7.43 0.00 -0.00 -0.00 2.00 -0.00 0.14 -0.00 -0.10 2.74 -0.00 -0.05 1.35 0.00 -0.00 -0.00 0.00 0.00 0.20 0.00 0.00 3.68 0.00 0.00 1.83 0.00 -0.00 -0.00 -2.00 0.02 0.58 0.04 0.28 8.27 0.03 0.14 4.17 0.00 -0.00 -0.00 -4.00 0.02 0.30 0.03 0.35 5.04 0.02 0.17 2.51 2.08 9.16 -1.75 3.81 -2.15 -84.53 -6.57 1.85 -0.81 -0.62 8.87 5.58 -0.08 4.49 -0.08 1.02 1.81 -1.59 1.41 2.74 -2.43 -0.00 -0.00 -0.00 -2.00 -0.01 -0.17 0.01 -0.11 -3.25 0.00 -0.06 -1.61 -0.00 -0.00 -0.00 0.00 0.00 -0.22 -0.00 0.00 -3.94 -0.00 0.00 -1.96 -0.00 -0.00 -0.00 2.00 0.01 -0.31 -0.02 0.18 -5.21 -0.01 0.09 -2.60 -0.00 -0.00 -0.00 4.00 0.01 -0.16 -0.01 0.21 -2.97 -0.01 0.10 -1.47
-63.2842 -1.4022 -46.8718 113.75 1.49 1.83 -7.22 -12.14 6.24 8.29 16.49 0.98 -9.50 -5.98 -6.24 0.00 0.00 0.00 -66.97 -45.97 54.76 -97.88 79.96 -134.07 6.94 2.23 -4.86 0.00 0.00 -0.00 0.87 0.42 -0.53 0.67 0.50 -0.44 0.72 0.54 -0.48 0.72 0.54 -0.48 -6.31 0.59 1.05 -5.37 0.49 0.90 0.05 7.82 0.36 2.56 0.76 87.48 10.94 -6.96 4.14 -1.18 9.16 0.51 -0.30 14.88 -0.24 -8.69 5.83 3.81 -11.70 7.54 7.36 0.00 0.00 0.00 2.00 -0.00 0.14 -0.00 -0.10 2.73 -0.00 -0.05 1.35 0.00 0.00 0.00 0.00 0.00 0.20 0.00 0.00 3.66 0.00 0.00 1.81 0.00 0.00 0.00 -2.00 0.02 0.57 0.04 0.28 8.24 0.03 0.14 4.15 0.00 0.00 0.00 -4.00 0.02 0.30 0.03 0.35 5.04 0.02 0.17 2.51 2.04 9.17 -1.64 3.60 -1.80 -84.62 -6.56 2.18 -0.79 -0.42 9.21 5.36 -0.09 4.45 -0.08 0.98 1.80 -1.56 1.36 2.72 -2.39 -0.00 0.00 -0.00 -2.00 -0.01 -0.17 0.01 -0.11 -3.24 0.00 -0.06 -1.61 -0.00 0.00 -0.00 0.00 -0.00 -0.22 0.00 -0.00 -3.95 0.00 -0.00 -1.96 -0.00 0.00 -0.00 2.00 0.01 -0.31 -0.02 0.18 -5.23 -0.01 0.09 -2.61 -0.00 0.00 -0.00 4.00 0.01 -0.16 -0.01 0.21 -2.99 -0.01 0.10 -1.48
-63.5622 -1.6614 -45.3016 114.26 1.65 1.90 -8.38 -12.75 7.11 7.82 16.67 1.00 -8.58 -5.96 -7.27 0.00 0.00 0.00 -72.77 -46.18 60.30 -107.60 76.58 -145.82 7.05 1.62 -4.71 -0.00 -0.00 -0.00 0.87 0.46 -0.54 0.70 0.55 -0.47 0.76 0.59 -0.51 0.76 0.59 -0.51 -6.45 0.43 1.13 -5.50 0.36 0.97 0.06 7.81 0.40 2.48 0.83 87.43 10.94 -7.06 4.18 -1.12 9.09 0.57 -0.30 14.89 -0.25 -8.72 5.83 3.76 -11.76 7.53 7.30 0.00 -0.00 0.00 2.00 -0.00 0.14 -0.00 -0.10 2.73 -0.00 -0.05 1.35 0.00 -0.00 0.00 0.00 0.00 0.20 0.00 0.00 3.65 0.00 0.00 1.81 0.00 -0.00 0.00 -2.00 0.02 0.57 0.04 0.28 8.23 0.03 0.14 4.14 0.00 -0.00 0.00 -4.00 0.02 0.30 0.03 0.35 5.05 0.02 0.17 2.52 1.99 9.16 -1.55 3.32 -1.44 -84.66 -6.54 2.52 -0.78 -0.24 9.56 5.07 -0.09 4.42 -0.09 0.95 1.78 -1.55 1.32 2.70 -2.37 -0.00 0.00 0.00 -2.00 -0.01 -0.17 0.01 -0.11 -3.24 0.00 -0.06 -1.60 -0.00 0.00 0.00 0.00 -0.00 -0.22 0.00 -0.00 -3.97 0.00 -0.00 -1.97 -0.00 0.00 0.00 2.00 0.01 -0.31 -0.02 0.18 -5.26 -0.01 0.09 -2.62 -0.00 0.00 0.00 4.00 0.01 -0.16 -0.01 0.21 -3.01 -0.01 0.10 -1.49
-63.8580 -1.9435 -43.6764 114.63 1.80 1.97 -9.33 -13.38 7.98 7.24 16.82 1.04 -7.63 -5.97 -8.36 0.00 -0.00 -0.00 -77.86 -46.17 65.30 -112.44 73.40 -152.43 7.01 1.08 -4.61 -0.00 -0.00 -0.00 0.88 0.50 -0.55 0.75 0.59 -0.51 0.81 0.64 -0.55 0.81 0.64 -0.55 -6.56 0.26 1.19 -5.59 0.21 1.02 0.09 7.76 0.44 2.49 0.94 87.39 10.98 -7.15 4.22 -1.03 9.04 0.67 -0.30 14.90 -0.25 -8.77 5.83 3.73 -11.84 7.52 7.26 -0.00 -0.00 0.00 2.00 -0.00 0.14 -0.00 -0.10 2.73 -0.00 -0.05 1.35 -0.00 -0.00 0.00 0.00 0.00 0.20 0.00 -0.00 3.64 0.00 -0.00 1.81 -0.00 -0.00 0.00 -2.00 0.02 0.57 0.04 0.28 8.20 0.03 0.14 4.13 -0.00 -0.00 0.00 -4.00 0.02 0.30 0.03 0.35 5.06 0.02 0.17 2.52 1.94 9.13 -1.48 2.99 -1.09 -84.65 -6.50 2.90 -0.75 -0.11 9.90 4.74 -0.10 4.40 -0.09 0.93 1.78 -1.54 1.29 2.69 -2.35 0.00 -0.00 0.00 -2.00 -0.01 -0.17 0.01 -0.11 -3.24 0.00 -0.06 -1.61 0.00 -0.00 0.00 0.00 -0.00 -0.22 0.00 -0.00 -3.99 0.00 -0.00 -1.98 0.00 -0.00 0.00 2.00 0.01 -0.32 -0.02 0.18 -5.29 -0.01 0.09 -2.64 0.00 -0.00 0.00 4.00 0.01 -0.16 -0.01 0.21 -3.02 -0.01 0.10 -1.50
-64.1581 -2.2205 -42.1349 114.87 1.94 2.06 -10.09 -13.98 8.78 6.63 16.94 1.08 -6.70 -6.01 -9.39 -0.00 -0.00 0.00 -82.14 -45.99 69.61 -115.19 70.64 -156.63 6.86 0.63 -4.55 0.00 -0.00 0.00 0.91 0.53 -0.57 0.81 0.63 -0.54 0.88 0.68 -0.58 0.88 0.68 -0.58 -6.61 0.10 1.24 -5.63 0.08 1.05 0.11 7.69 0.48 2.57 1.05 87.36 11.04 -7.13 4.27 -0.93 9.02 0.81 -0.30 14.90 -0.25 -8.83 5.83 3.69 -11.93 7.51 7.21 0.00 0.00 -0.00 2.00 -0.00 0.14 -0.00 -0.10 2.74 -0.00 -0.05 1.35 0.00 0.00 -0.00 0.00 -0.00 0.20 0.00 0.00 3.62 0.00 0.00 1.80 0.00 0.00 -0.00 -2.00 0.02 0.57 0.04 0.28 8.15 0.03 0.14 4.10 0.00 0.00 -0.00 -4.00 0.02 0.30 0.03 0.35 5.06 0.02 0.17 2.52 1.89 9.11 -1.45 2.62 -0.74 -84.59 -6.41 3.35 -0.70 -0.06 10.16 4.40 -0.10 4.40 -0.09 0.92 1.78 -1.53 1.27 2.69 -2.34 0.00 0.00 -0.00 -2.00 -0.01 -0.17 0.01 -0.11 -3.24 0.00 -0.06 -1.61 0.00 0.00 -0.00 0.00 -0.00 -0.22 0.00 -0.00 -4.01 0.00 -0.00 -1.99 0.00 0.00 -0.00 2.00 0.01 -0.32 -0.02 0.18 -5.32 -0.01 0.09 -2.65 0.00 0.00 -0.00 4.00 0.01 -0.16 -0.01 0.21 -3.04 -0.01 0.10 -1.50
-64.4668 -2.4658 -40.8189 115.00 2.07 2.14 -10.72 -14.54 9.43 6.11 17.08 1.15 -5.84 -6.09 -10.30 -0.00 0.00 0.00 -85.57 -45.75 73.16 -116.88 68.38 -159.46 6.67 0.27 -4.52 -0.00 -0.00 0.00 0.94 0.56 -0.58 0.88 0.67 -0.57 0.94 0.72 -0.61 0.94 0.72 -0.61 -6.62 -0.02 1.26 -5.64 -0.03 1.07 0.15 7.61 0.51 2.71 1.16 87.32 11.11 -7.00 4.33 -0.82 9.03 0.97 -0.31 14.91 -0.25 -8.88 5.82 3.65 -12.01 7.49 7.17 -0.00 0.00 -0.00 2.00 -0.00 0.14 -0.00 -0.10 2.74 -0.00 -0.05 1.36 -0.00 0.00 -0.00 0.00 -0.00 0.20 0.00 0.00 3.60 0.00 0.00 1.79 -0.00 0.00 -0.00 -2.00 0.02 0.56 0.04 0.28 8.11 0.03 0.14 4.08 -0.00 0.00 -0.00 -4.00 0.02 0.30 0.03 0.35 5.06 0.02 0.17 2.52 1.85 9.08 -1.44 2.27 -0.43 -84.50 -6.28 3.81 -0.63 0.01 10.43 4.12 -0.10 4.39 -0.09 0.93 1.77 -1.53 1.28 2.68 -2.35 0.00 -0.00 0.00 -2.00 -0.01 -0.17 0.01 -0.11 -3.24 0.00 -0.06 -1.61 0.00 -0.00 0.00 0.00 -0.00 -0.22 0.00 -0.00 -4.02 0.00 -0.00 -1.99 0.00 -0.00 0.00 2.00 0.01 -0.32 -0.02 0.19 -5.34 -0.01 0.09 -2.66 0.00 -0.00 0.00 4.00 0.01 -0.16 -0.01 0.21 -3.05 -0.01 0.11 -1.51
-64.7637 -2.6590 -39.7918 115.04 2.16 2.23 -11.24 -15.03 9.91 5.73 17.21 1.25 -5.09 -6.24 -11.03 0.00 -0.00 0.00 -88.10 -45.53 75.83 -117.92 66.67 -161.29 6.50 0.02 -4.49 -0.00 0.00 -0.00 0.97 0.59 -0.60 0.93 0.70 -0.60 1.01 0.76 -0.64 1.01 0.76 -0.64 -6.59 -0.11 1.27 -5.61 -0.11 1.08 0.18 7.54 0.55 2.89 1.24 87.27 11.16 -6.80 4.37 -0.74 9.08 1.12 -0.31 14.90 -0.25 -8.93 5.82 3.63 -12.09 7.47 7.13 -0.00 -0.00 0.00 2.00 -0.00 0.14 -0.00 -0.10 2.74 -0.00 -0.05 1.36 -0.00 -0.00 0.00 0.00 -0.00 0.20 0.00 0.00 3.58 0.00 0.00 1.78 -0.00 -0.00 0.00 -2.00 0.02 0.56 0.04 0.28 8.07 0.03 0.14 4.06 -0.00 -0.00 0.00 -4.00 0.02 0.30 0.03 0.35 5.06 0.02 0.17 2.52 1.83 9.05 -1.47 1.95 -0.14 -84.39 -6.12 4.25 -0.53 0.10 10.70 3.94 -0.10 4.39 -0.09 0.94 1.77 -1.54 1.29 2.68 -2.35 0.00 0.00 -0.00 -2.00 -0.01 -0.17 0.01 -0.11 -3.25 0.00 -0.06 -1.61 0.00 0.00 -0.00 0.00 -0.00 -0.22 0.00 -0.00 -4.03 0.00 -0.00 -2.00 0.00 0.00 -0.00 2.00 0.01 -0.32 -0.02 0.19 -5.36 -0.01 0.09 -2.67 0.00 0.00 -0.00 4.00 0.01 -0.16 -0.01 0.21 -3.06 -0.01 0.11 -1.51
-65.0308 -2.7924 -39.0573 114.98 2.21 2.33 -11.64 -15.40 10.20 5.52 17.35 1.38 -4.48 -6.45 -11.57 -0.00 -0.00 0.00 -89.74 -45.41 77.60 -118.52 65.51 -162.33 6.40 -0.15 -4.41 -0.00 -0.00 -0.00 0.99 0.61 -0.61 0.99 0.73 -0.62 1.06 0.79 -0.67 1.06 0.79 -0.67 -6.48 -0.15 1.26 -5.52 -0.13 1.07 0.22 7.46 0.59 3.11 1.27 87.24 11.19 -6.55 4.38 -0.69 9.13 1.25 -0.31 14.90 -0.25 -8.95 5.82 3.62 -12.13 7.46 7.13 -0.00 -0.00 0.00 2.00 -0.00 0.14 -0.00 -0.10 2.74 -0.00 -0.05 1.36 -0.00 -0.00 0.00 0.00 -0.00 0.19 0.00 0.00 3.57 0.00 0.00 1.77 -0.00 -0.00 0.00 -2.00 0.02 0.56 0.04 0.28 8.04 0.03 0.14 4.05 -0.00 -0.00 0.00 -4.00 0.02 0.30 0.03 0.35 5.06 0.02 0.17 2.52 1.82 9.04 -1.50 1.70 0.10 -84.29 -5.93 4.67 -0.41 0.21 10.97 3.85 -0.09 4.39 -0.09 0.95 1.77 -1.54 1.31 2.68 -2.35 0.00 -0.00 0.00 -2.00 -0.01 -0.17 0.01 -0.11 -3.24 0.00 -0.06 -1.61 0.00 -0.00 0.00 0.00 -0.00 -0.23 0.00 -0.00 -4.03 0.00 -0.00 -2.00 0.00 -0.00 0.00 2.00 0.01 -0.32 -0.02 0.19 -5.36 -0.01 0.09 -2.68 0.00 -0.00 0.00 4.00 0.01 -0.16 -0.01 0.21 -3.06 -0.01 0.11 -1.52
-65.2558 -2.8653 -38.6095 114.86 2.23 2.42 -11.93 -15.66 10.31 5.47 17.45 1.53 -4.02 -6.71 -11.94 -0.00 0.00 -0.00 -90.55 -45.44 78.54 -118.80 64.84 -162.71 6.38 -0.26 -4.34 0.00 0.00 -0.00 1.01 0.63 -0.62 1.03 0.75 -0.65 1.11 0.81 -0.70 1.11 0.81 -0.70 -6.32 -0.12 1.26 -5.39 -0.11 1.07 0.25 7.40 0.62 3.34 1.27 87.22 11.22 -6.26 4.38 -0.66 9.17 1.33 -0.31 14.91 -0.25 -8.97 5.82 3.64 -12.14 7.46 7.17 -0.00 0.00 0.00 2.00 -0.00 0.14 -0.00 -0.10 2.76 -0.00 -0.05 1.37 -0.00 0.00 0.00 -0.00 0.00 0.20 -0.00 0.00 3.61 -0.00 0.00 1.79 -0.00 0.00 0.00 -2.00 0.02 0.56 0.04 0.28 8.06 0.03 0.14 4.06 -0.00 0.00 0.00 -4.00 0.02 0.30 0.03 0.35 5.06 0.02 0.17 2.52 1.83 9.02 -1.53 1.53 0.30 -84.20 -5.71 5.06 -0.26 0.36 11.23 3.88 -0.09 4.39 -0.08 0.96 1.77 -1.54 1.33 2.68 -2.35 0.00 -0.00 0.00 -2.00 -0.01 -0.17 0.01 -0.11 -3.24 0.00 -0.06 -1.60 0.00 -0.00 0.00 0.00 -0.00 -0.23 0.00 -0.00 -4.04 0.00 -0.00 -2.01 0.00 -0.00 0.00 2.00 0.01 -0.32 -0.02 0.19 -5.37 -0.01 0.09 -2.68 0.00 -0.00 0.00 4.00 0.01 -0.16 -0.01 0.21 -3.07 -0.01 0.11 -1.52
-65.4259 -2.8627 -38.4895 114.69 2.22 2.50 -12.11 -15.77 10.22 5.62 17.48 1.74 -3.73 -7.03 -12.11 -0.00 0.00 0.00 -90.65 -45.62 78.75 -118.81 64.60 -162.53 6.41 -0.32 -4.27 -0.00 0.00 -0.00 1.02 0.65 -0.63 1.06 0.77 -0.67 1.14 0.83 -0.72 1.14 0.83 -0.72 -6.11 -0.05 1.25 -5.21 -0.05 1.06 0.29 7.36 0.64 3.53 1.24 87.22 11.26 -5.98 4.36 -0.65 9.21 1.36 -0.31 14.93 -0.25 -8.97 5.83 3.69 -12.13 7.47 7.25 -0.00 -0.00 0.00 2.00 -0.01 0.14 -0.01 -0.10 2.79 -0.00 -0.05 1.38 -0.00 -0.00 0.00 -0.00 0.00 0.20 -0.00 0.00 3.66 -0.00 0.00 1.82 -0.00 -0.00 0.00 -2.00 0.02 0.56 0.04 0.28 8.12 0.03 0.14 4.09 -0.00 -0.00 0.00 -4.00 0.02 0.30 0.03 0.35 5.07 0.02 0.18 2.53 1.86 9.02 -1.55 1.41 0.45 -84.14 -5.46 5.43 -0.09 0.54 11.48 3.97 -0.09 4.40 -0.08 0.97 1.78 -1.54 1.34 2.69 -2.36 -0.00 0.00 -0.00 -2.00 -0.01 -0.17 0.01 -0.11 -3.24 0.00 -0.06 -1.60 -0.00 0.00 -0.00 0.00 -0.00 -0.23 0.00 -0.00 -4.07 0.00 -0.00 -2.02 -0.00 0.00 -0.00 2.00 0.01 -0.32 -0.02 0.19 -5.38 -0.01 0.09 -2.69 -0.00 0.00 -0.00 4.00 0.01 -0.16 -0.01 0.21 -3.08 -0.01 0.11 -1.52
-65.5392 -2.8004 -38.6273 114.47 2.18 2.56 -12.17 -15.76 10.00 5.91 17.43 1.95 -3.62 -7.42 -12.12 -0.00 -0.00 0.00 -89.76 -46.08 77.92 -118.48 64.96 -161.53 6.51 -0.32 -4.24 -0.00 0.00 0.00 1.03 0.66 -0.64 1.08 0.78 -0.68 1.16 0.84 -0.74 1.16 0.84 -0.74 -5.87 0.06 1.24 -5.00 0.04 1.06 0.29 7.31 0.66 3.70 1.21 87.24 11.33 -5.72 4.35 -0.65 9.24 1.36 -0.31 14.96 -0.25 -8.97 5.85 3.76 -12.11 7.49 7.36 0.00 0.00 -0.00 2.00 -0.01 0.15 -0.01 -0.10 2.82 -0.00 -0.05 1.40 0.00 0.00 -0.00 0.00 0.00 0.21 0.00 0.00 3.74 0.00 0.00 1.86 0.00 0.00 -0.00 -2.00 0.02 0.57 0.04 0.28 8.21 0.03 0.14 4.13 0.00 0.00 -0.00 -4.00 0.02 0.30 0.03 0.35 5.09 0.02 0.18 2.54 1.89 9.02 -1.55 1.34 0.58 -84.11 -5.23 5.76 0.08 0.71 11.71 4.10 -0.09 4.41 -0.08 0.97 1.78 -1.54 1.35 2.69 -2.36 0.00 -0.00 -0.00 -2.00 -0.01 -0.17 0.01 -0.11 -3.24 0.00 -0.06 -1.61 0.00 -0.00 -0.00 0.00 -0.00 -0.23 0.00 -0.00 -4.08 0.00 -0.00 -2.03 0.00 -0.00 -0.00 2.00 0.01 -0.33 -0.02 0.19 -5.39 -0.01 0.09 -2.69 0.00 -0.00 -0.00 4.00 0.01 -0.16 -0.01 0.22 -3.09 -0.01 0.11 -1.53
-65.5925 -2.6948 -38.9785 114.18 2.12 2.59 -12.06 -15.62 9.68 6.28 17.33 2.14 -3.65 -7.88 -11.98 0.00 0.00 0.00 -88.02 -46.70 76.24 -117.86 65.77 -159.89 6.64 -0.26 -4.25 0.00 -0.00 0.00 1.03 0.65 -0.63 1.09 0.78 -0.69 1.18 0.84 -0.74 1.18 0.84 -0.74 -5.56 0.21 1.23 -4.74 0.17 1.05 0.31 7.30 0.65 3.77 1.17 87.26 11.44 -5.49 4.35 -0.68 9.31 1.33 -0.30 14.99 -0.25 -8.97 5.86 3.84 -12.08 7.51 7.48 -0.00 -0.00 -0.00 2.00 -0.01 0.15 -0.01 -0.10 2.87 -0.00 -0.05 1.42 -0.00 -0.00 -0.00 0.00 0.00 0.21 0.00 0.00 3.84 0.00 0.00 1.90 -0.00 -0.00 -0.00 -2.00 0.02 0.58 0.05 0.29 8.30 0.03 0.14 4.18 -0.00 -0.00 -0.00 -4.00 0.02 0.30 0.03 0.36 5.11 0.02 0.18 2.55 1.94 9.02 -1.55 1.31 0.70 -84.10 -5.00 6.05 0.24 0.86 11.91 4.22 -0.09 4.41 -0.08 0.97 1.78 -1.54 1.35 2.69 -2.36 -0.00 -0.00 0.00 -2.00 -0.01 -0.17 0.01 -0.11 -3.24 0.00 -0.06 -1.61 -0.00 -0.00 0.00 0.00 0.00 -0.23 0.00 -0.00 -4.10 0.00 -0.00 -2.04 -0.00 -0.00 0.00 2.00 0.01 -0.33 -0.02 0.19 -5.41 -0.01 0.09 -2.70 -0.00 -0.00 0.00 4.00 0.01 -0.16 -0.01 0.22 -3.10 -0.01 0.11 -1.53
-65.5965 -2.5585 -39.4887 113.84 2.03 2.59 -11.83 -15.38 9.31 6.68 17.16 2.30 -3.77 -8.38 -11.73 -0.00 0.00 -0.00 -85.47 -47.42 73.77 -116.88 66.98 -157.57 6.78 -0.13 -4.30 0.00 0.00 0.00 1.02 0.64 -0.62 1.10 0.76 -0.68 1.18 0.83 -0.73 1.18 0.83 -0.73 -5.21 0.39 1.20 -4.44 0.32 1.03 0.32 7.31 0.63 3.77 1.11 87.29 11.59 -5.31 4.38 -0.69 9.37 1.30 -0.30 15.03 -0.24 -8.98 5.89 3.96 -12.07 7.54 7.67 -0.00 -0.00 0.00 2.00 -0.01 0.15 -0.01 -0.10 2.93 -0.00 -0.05 1.45 -0.00 -0.00 0.00 0.00 0.00 0.22 0.00 0.00 3.98 0.00 0.00 1.97 -0.00 -0.00 0.00 -2.00 0.02 0.60 0.05 0.29 8.45 0.03 0.15 4.26 -0.00 -0.00 0.00 -4.00 0.02 0.31 0.03 0.36 5.14 0.03 0.18 2.56 1.99 9.03 -1.55 1.27 0.80 -84.09 -4.79 6.30 0.37 0.98 12.11 4.31 -0.09 4.42 -0.08 0.97 1.78 -1.54 1.34 2.70 -2.36 -0.00 0.00 0.00 -2.00 -0.01 -0.17 0.01 -0.11 -3.25 0.00 -0.06 -1.61 -0.00 0.00 0.00 0.00 0.00 -0.23 0.00 0.00 -4.12 0.00 0.00 -2.05 -0.00 0.00 0.00 2.00 0.01 -0.33 -0.02 0.19 -5.44 -0.01 0.09 -2.71 -0.00 0.00 0.00 4.00 0.01 -0.17 -0.01 0.22 -3.12 -0.01 0.11 -1.54
-65.5450 -2.3875 -40.1908 113.45 1.93 2.56 -11.53 -15.03 8.85 7.09 16.92 2.44 -3.91 -8.93 -11.37 0.00 0.00 0.00 -82.17 -48.19 70.57 -115.39 68.51 -154.45 6.93 0.07 -4.36 0.00 -0.00 -0.00 1.01 0.62 -0.60 1.10 0.74 -0.66 1.18 0.80 -0.71 1.18 0.80 -0.71 -4.84 0.58 1.17 -4.12 0.49 1.00 0.33 7.34 0.60 3.70 1.07 87.31 11.76 -5.14 4.43 -0.69 9.44 1.28 -0.29 15.07 -0.24 -8.99 5.90 4.06 -12.05 7.56 7.84 0.00 -0.00 -0.00 2.00 -0.01 0.16 -0.01 -0.10 2.98 -0.00 -0.05 1.47 0.00 -0.00 -0.00 0.00 0.00 0.23 0.00 0.00 4.11 0.00 0.00 2.04 0.00 -0.00 -0.00 -2.00 0.02 0.61 0.05 0.30 8.59 0.04 0.15 4.33 0.00 -0.00 -0.00 -4.00 0.02 0.31 0.03 0.36 5.18 0.03 0.18 2.58 2.06 9.03 -1.56 1.21 0.88 -84.08 -4.62 6.55 0.49 1.06 12.28 4.37 -0.09 4.40 -0.08 0.97 1.77 -1.55 1.35 2.68 -2.37 0.00 0.00 0.00 -2.00 -0.01 -0.17 0.01 -0.11 -3.26 0.01 -0.06 -1.62 0.00 0.00 0.00 0.00 0.00 -0.23 0.00 0.00 -4.13 0.00 0.00 -2.05 0.00 0.00 0.00 2.00 0.01 -0.33 -0.02 0.19 -5.46 -0.01 0.09 -2.73 0.00 0.00 0.00 4.00 0.01 -0.17 -0.01 0.22 -3.14 -0.01 0.11 -1.56
-65.4514 -2.2049 -40.9867 113.02 1.82 2.50 -11.18 -14.61 8.38 7.48 16.64 2.53 -4.05 -9.47 -10.94 -0.00 0.00 0.00 -77.79 -48.95 66.35 -112.87 70.50 -149.89 7.04 0.32 -4.41 -0.00 0.00 0.00 1.00 0.60 -0.57 1.09 0.71 -0.63 1.18 0.77 -0.68 1.18 0.77 -0.68 -4.44 0.77 1.12 -3.78 0.65 0.96 0.29 7.34 0.55 3.66 1.06 87.31 11.93 -4.98 4.50 -0.67 9.51 1.26 -0.29 15.09 -0.24 -9.00 5.92 4.16 -12.04 7.58 7.99 0.00 -0.00 0.00 2.00 -0.01 0.16 -0.01 -0.11 3.02 -0.00 -0.05 1.50 0.00 -0.00 0.00 0.00 0.00 0.24 0.00 0.00 4.23 0.00 0.00 2.10 0.00 -0.00 0.00 -2.00 0.02 0.62 0.05 0.30 8.72 0.04 0.15 4.40 0.00 -0.00 0.00 -4.00 0.02 0.31 0.04 0.36 5.20 0.03 0.18 2.59 2.13 9.03 -1.59 1.15 0.95 -84.07 -4.49 6.78 0.57 1.11 12.43 4.40 -0.09 4.41 -0.08 0.96 1.78 -1.54 1.33 2.69 -2.36 -0.00 -0.00 -0.00 -2.00 -0.01 -0.17 0.01 -0.11 -3.26 0.01 -0.06 -1.62 -0.00 -0.00 -0.00 0.00 0.00 -0.23 0.00 0.00 -4.15 0.00 0.00 -2.06 -0.00 -0.00 -0.00 2.00 0.01 -0.33 -0.02 0.19 -5.49 -0.01 0.09 -2.74 -0.00 -0.00 -0.00 4.00 0.01 -0.17 -0.01 0.22 -3.16 -0.01 0.11 -1.57
-65.3190 -2.0226 -41.8341 112.51 1.69 2.43 -10.76 -14.13 7.92 7.85 16.34 2.58 -4.18 -9.99 -10.47 -0.00 0.00 0.00 -72.48 -49.50 61.28 -108.76 72.80 -143.48 7.07 0.58 -4.44 -0.00 0.00 0.00 0.98 0.56 -0.53 1.08 0.67 -0.58 1.16 0.72 -0.63 1.16 0.72 -0.63 -4.00 0.96 1.05 -3.41 0.81 0.90 0.27 7.35 0.48 3.57 1.07 87.28 12.10 -4.76 4.57 -0.69 9.61 1.26 -0.29 15.10 -0.23 -9.00 5.93 4.24 -12.02 7.58 8.12 0.00 0.00 0.00 2.00 -0.01 0.16 -0.01 -0.11 3.07 -0.00 -0.05 1.52 0.00 0.00 0.00 0.00 0.00 0.25 0.00 0.00 4.34 0.00 0.00 2.16 0.00 0.00 0.00 -2.00 0.02 0.63 0.05 0.30 8.82 0.04 0.15 4.45 0.00 0.00 0.00 -4.00 0.02 0.31 0.04 0.36 5.22 0.03 0.18 2.60 2.21 9.03 -1.63 1.14 1.02 -84.07 -4.40 7.00 0.63 1.15 12.53 4.41 -0.09 4.43 -0.08 0.95 1.79 -1.54 1.32 2.71 -2.36 -0.00 -0.00 -0.00 -2.00 -0.01 -0.17 0.01 -0.11 -3.27 0.00 -0.06 -1.62 -0.00 -0.00 -0.00 0.00 0.00 -0.23 0.00 0.00 -4.16 0.00 0.00 -2.07 -0.00 -0.00 -0.00 2.00 0.01 -0.33 -0.02 0.19 -5.52 -0.01 0.10 -2.75 -0.00 -0.00 -0.00 4.00 0.01 -0.17 -0.01 0.22 -3.18 -0.01 0.11 -1.57
-65.1493 -1.8481 -42.6976 111.95 1.56 2.33 -10.28 -13.60 7.49 8.19 16.02 2.60 -4.31 -10.44 -9.99 0.00 0.00 0.00 -66.64 -49.67 55.73 -102.30 75.17 -134.65 7.02 0.84 -4.42 -0.00 0.00 -0.00 0.95 0.52 -0.48 1.05 0.62 -0.53 1.14 0.67 -0.57 1.14 0.67 -0.57 -3.53 1.14 0.98 -3.01 0.97 0.84 0.27 7.34 0.39 3.48 1.09 87.22 12.26 -4.48 4.64 -0.70 9.74 1.24 -0.28 15.09 -0.23 -8.98 5.93 4.34 -11.96 7.59 8.25 0.00 0.00 -0.00 2.00 -0.01 0.16 -0.01 -0.11 3.11 -0.00 -0.05 1.54 0.00 0.00 -0.00 0.00 0.00 0.25 0.00 0.00 4.45 0.00 0.00 2.21 0.00 0.00 -0.00 -2.00 0.02 0.64 0.05 0.31 8.92 0.04 0.15 4.51 0.00 0.00 -0.00 -4.00 0.02 0.31 0.04 0.36 5.23 0.03 0.18 2.61 2.30 9.03 -1.68 1.07 1.05 -84.08 -4.33 7.25 0.68 1.15 12.63 4.39 -0.09 4.41 -0.09 0.96 1.78 -1.55 1.33 2.70 -2.37 0.00 0.00 0.00 -2.00 -0.01 -0.18 0.01 -0.11 -3.29 0.01 -0.06 -1.63 0.00 0.00 0.00 0.00 0.00 -0.24 0.00 0.00 -4.19 0.00 0.00 -2.08 0.00 0.00 0.00 2.00 0.01 -0.34 -0.02 0.19 -5.56 -0.01 0.10 -2.78 0.00 0.00 0.00 4.00 0.01 -0.17 -0.01 0.22 -3.21 -0.01 0.11 -1.59
-64.9324 -1.6813 -43.5768 111.38 1.41 2.21 -9.78 -13.03 7.07 8.49 15.68 2.60 -4.44 -10.85 -9.50 -0.00 -0.00 0.00 -60.49 -49.37 49.90 -92.09 77.37 -122.05 6.89 1.06 -4.35 0.00 0.00 -0.00 0.92 0.48 -0.42 1.02 0.58 -0.47 1.11 0.62 -0.50 1.11 0.62 -0.50 -3.05 1.30 0.90 -2.60 1.11 0.77 0.28 7.31 0.29 3.38 1.14 87.14 12.40 -4.17 4.71 -0.72 9.87 1.22 -0.28 15.08 -0.23 -8.94 5.93 4.41 -11.89 7.60 8.36 0.00 0.00 -0.00 2.00 -0.01 0.17 -0.01 -0.11 3.15 -0.00 -0.05 1.56 0.00 0.00 -0.00 0.00 0.00 0.26 0.00 0.00 4.54 0.00 0.00 2.26 0.00 0.00 -0.00 -2.00 0.02 0.65 0.05 0.31 9.00 0.04 0.15 4.55 0.00 0.00 -0.00 -4.00 0.02 0.31 0.04 0.36 5.23 0.03 0.18 2.61 2.39 9.01 -1.75 1.01 1.07 -84.09 -4.30 7.51 0.71 1.13 12.71 4.36 -0.09 4.42 -0.09 0.95 1.79 -1.56 1.32 2.70 -2.38 0.00 0.00 0.00 -2.00 -0.01 -0.18 0.01 -0.11 -3.30 0.01 -0.06 -1.63 0.00 0.00 0.00 0.00 0.00 -0.24 0.00 0.00 -4.22 0.00 0.00 -2.10 0.00 0.00 0.00 2.00 0.01 -0.34 -0.02 0.19 -5.60 -0.01 0.10 -2.80 0.00 0.00 0.00 4.00 0.01 -0.17 -0.01 0.23 -3.24 -0.01 0.11 -1.60
-64.6806 -1.5309 -44.4286 110.80 1.27 2.07 -9.26 -12.45 6.71 8.76 15.35 2.58 -4.56 -11.21 -9.03 0.00 0.00 -0.00 -54.09 -48.41 43.73 -75.19 79.07 -102.81 6.70 1.24 -4.23 -0.00 0.00 -0.00 0.88 0.44 -0.36 0.99 0.53 -0.40 1.06 0.57 -0.43 1.06 0.57 -0.43 -2.57 1.44 0.82 -2.19 1.22 0.70 0.22 7.22 0.19 3.38 1.23 87.01 12.51 -3.86 4.76 -0.76 10.00 1.16 -0.28 15.09 -0.23 -8.90 5.94 4.50 -11.81 7.62 8.48 0.00 -0.00 -0.00 2.00 -0.01 0.17 -0.01 -0.11 3.19 -0.00 -0.05 1.58 0.00 -0.00 -0.00 0.00 0.00 0.27 0.00 0.00 4.62 0.00 0.00 2.30 0.00 -0.00 -0.00 -2.00 0.02 0.66 0.05 0.31 9.09 0.04 0.16 4.59 0.00 -0.00 -0.00 -4.00 0.02 0.31 0.04 0.36 5.24 0.03 0.18 2.61 2.47 8.97 -1.83 0.92 1.05 -84.11 -4.27 7.75 0.75 1.11 12.77 4.34 -0.10 4.43 -0.09 0.95 1.79 -1.56 1.32 2.71 -2.39 -0.00 -0.00 0.00 -2.00 -0.01 -0.18 0.01 -0.12 -3.31 0.01 -0.06 -1.64 -0.00 -0.00 0.00 0.00 0.00 -0.24 0.00 0.00 -4.24 0.00 0.00 -2.11 -0.00 -0.00 0.00 2.00 0.01 -0.34 -0.02 0.20 -5.64 -0.01 0.10 -2.81 -0.00 -0.00 0.00 4.00 0.01 -0.17 -0.01 0.23 -3.26 -0.01 0.11 -1.61
-64.3996 -1.4030 -45.2355 110.21 1.13 1.90 -8.76 -11.86 6.43 9.01 15.05 2.54 -4.68 -11.51 -8.58 0.00 0.00 -0.00 -48.10 -46.83 37.87 -53.14 79.38 -78.62 6.50 1.33 -4.04 0.00 -0.00 0.00 0.83 0.40 -0.29 0.93 0.48 -0.31 1.00 0.52 -0.34 1.00 0.52 -0.34 -2.07 1.55 0.75 -1.77 1.32 0.64 0.17 7.11 0.09 3.30 1.32 86.83 12.58 -3.54 4.80 -0.83 10.19 1.12 -0.28 15.07 -0.22 -8.84 5.94 4.56 -11.71 7.64 8.56 -0.00 -0.00 0.00 2.00 -0.01 0.17 -0.01 -0.11 3.22 -0.00 -0.06 1.59 -0.00 -0.00 0.00 0.00 0.00 0.27 0.00 0.00 4.69 0.00 0.00 2.33 -0.00 -0.00 0.00 -2.00 0.02 0.67 0.05 0.31 9.16 0.04 0.16 4.63 -0.00 -0.00 0.00 -4.00 0.02 0.31 0.04 0.36 5.25 0.03 0.18 2.62 2.51 8.88 -1.92 0.90 1.05 -84.16 -4.25 8.00 0.78 1.09 12.83 4.31 -0.10 4.42 -0.09 0.95 1.78 -1.57 1.32 2.70 -2.40 -0.00 0.00 -0.00 -2.00 -0.01 -0.18 0.01 -0.12 -3.33 0.01 -0.06 -1.65 -0.00 0.00 -0.00 0.00 0.00 -0.24 0.00 0.00 -4.27 0.00 0.00 -2.12 -0.00 0.00 -0.00 2.00 0.01 -0.35 -0.02 0.20 -5.68 -0.01 0.10 -2.84 -0.00 0.00 -0.00 4.00 0.01 -0.18 -0.01 0.23 -3.29 -0.01 0.11 -1.63
-64.1035 -1.3019 -45.9672 109.67 0.99 1.69 -8.32 -11.30 6.24 9.24 14.78 2.48 -4.79 -11.76 -8.18 0.00 -0.00 0.00 -42.86 -44.74 32.62 -32.70 77.94 -56.30 6.31 1.33 -3.80 -0.00 -0.00 0.00 0.76 0.37 -0.21 0.86 0.44 -0.22 0.93 0.47 -0.24 0.93 0.47 -0.24 -1.58 1.64 0.70 -1.35 1.40 0.60 0.13 6.98 -0.01 3.17 1.39 86.60 12.60 -3.24 4.84 -0.92 10.32 1.02 -0.27 15.06 -0.22 -8.75 5.95 4.64 -11.57 7.66 8.66 -0.00 0.00 -0.00 2.00 -0.01 0.17 -0.01 -0.11 3.24 -0.00 -0.06 1.60 -0.00 0.00 -0.00 0.00 0.00 0.28 0.00 0.00 4.76 0.00 0.00 2.37 -0.00 0.00 -0.00 -2.00 0.02 0.68 0.06 0.32 9.24 0.04 0.16 4.67 -0.00 0.00 -0.00 -4.00 0.02 0.31 0.04 0.36 5.24 0.03 0.18 2.61 2.55 8.77 -2.02 0.82 0.99 -84.20 -4.24 8.26 0.81 1.08 12.90 4.31 -0.10 4.40 -0.09 0.96 1.78 -1.58 1.33 2.69 -2.41 -0.00 0.00 0.00 -2.00 -0.01 -0.18 0.01 -0.12 -3.35 0.01 -0.06 -1.66 -0.00 0.00 0.00 0.00 0.00 -0.24 0.00 0.00 -4.29 0.00 0.00 -2.13 -0.00 0.00 0.00 2.00 0.01 -0.35 -0.02 0.20 -5.72 -0.02 0.10 -2.86 -0.00 0.00 0.00 4.00 0.01 -0.18 -0.01 0.23 -3.32 -0.01 0.11 -1.64
-63.7764 -1.2246 -46.6418 109.17 0.86 1.47 -7.91 -10.74 6.13 9.44 14.55 2.42 -4.89 -11.96 -7.81 -0.00 0.00 -0.00 -38.45 -42.33 28.05 -18.33 75.21 -40.26 6.12 1.26 -3.52 -0.00 -0.00 -0.00 0.69 0.33 -0.12 0.78 0.39 -0.13 0.84 0.42 -0.13 0.84 0.42 -0.13 -1.11 1.71 0.67 -0.95 1.46 0.57 0.08 6.82 -0.11 2.98 1.47 86.34 12.59 -2.98 4.86 -1.03 10.40 0.89 -0.26 15.11 -0.21 -8.67 5.98 4.73 -11.43 7.72 8.79 -0.00 0.00 0.00 2.00 -0.01 0.17 -0.01 -0.11 3.27 -0.00 -0.06 1.62 -0.00 0.00 0.00 0.00 0.00 0.28 0.00 0.00 4.83 0.00 0.00 2.41 -0.00 0.00 0.00 -2.00 0.02 0.69 0.06 0.32 9.34 0.04 0.16 4.72 -0.00 0.00 0.00 -4.00 0.02 0.31 0.04 0.36 5.25 0.03 0.18 2.62 2.54 8.63 -2.12 0.72 0.89 -84.23 -4.21 8.51 0.84 1.07 12.99 4.32 -0.10 4.39 -0.09 0.96 1.77 -1.59 1.33 2.68 -2.43 0.00 -0.00 0.00 -2.00 -0.01 -0.18 0.01 -0.12 -3.36 0.01 -0.06 -1.67 0.00 -0.00 0.00 0.00 0.00 -0.24 0.00 0.00 -4.31 0.00 0.00 -2.14 0.00 -0.00 0.00 2.00 0.01 -0.35 -0.02 0.20 -5.77 -0.02 0.10 -2.88 0.00 -0.00 0.00 4.00 0.01 -0.18 -0.01 0.23 -3.33 -0.01 0.12 -1.65
-63.4354 -1.1686 -47.2539 108.73 0.74 1.21 -7.55 -10.22 6.08 9.60 14.36 2.36 -4.99 -12.11 -7.50 0.00 0.00 0.00 -34.67 -39.56 23.93 -8.68 71.51 -29.06 5.91 1.08 -3.19 0.00 -0.00 -0.00 0.61 0.30 -0.04 0.68 0.35 -0.02 0.74 0.38 -0.02 0.74 0.38 -0.02 -0.66 1.76 0.65 -0.57 1.50 0.55 -0.01 6.62 -0.19 2.76 1.59 86.04 12.55 -2.77 4.89 -1.15 10.45 0.74 -0.26 15.08 -0.21 -8.59 5.97 4.79 -11.29 7.74 8.86 -0.00 -0.00 0.00 2.00 -0.01 0.18 -0.01 -0.11 3.28 -0.00 -0.06 1.62 -0.00 -0.00 0.00 0.00 0.00 0.29 0.00 0.00 4.88 0.00 0.00 2.43 -0.00 -0.00 0.00 -2.00 0.02 0.69 0.06 0.32 9.42 0.04 0.16 4.76 -0.00 -0.00 0.00 -4.00 0.02 0.31 0.04 0.37 5.26 0.03 0.18 2.62 2.53 8.46 -2.23 0.59 0.73 -84.25 -4.19 8.76 0.87 1.07 13.10 4.34 -0.10 4.39 -0.10 0.97 1.77 -1.60 1.34 2.69 -2.45 -0.00 0.00 -0.00 -2.00 -0.01 -0.18 0.01 -0.12 -3.38 0.01 -0.06 -1.68 -0.00 0.00 -0.00 0.00 0.00 -0.25 0.00 0.00 -4.32 0.00 0.00 -2.15 -0.00 0.00 -0.00 2.00 0.01 -0.36 -0.02 0.20 -5.82 -0.02 0.10 -2.91 -0.00 0.00 -0.00 4.00 0.01 -0.18 -0.01 0.23 -3.36 -0.01 0.12 -1.67
-63.0952 -1.1384 -47.8063 108.35 0.63 0.92 -7.22 -9.73 6.11 9.71 14.22 2.31 -5.06 -12.23 -7.22 -0.00 -0.00 0.00 -31.62 -36.71 20.46 -2.60 67.43 -21.61 5.61 0.51 -2.79 -0.00 -0.00 0.00 0.51 0.27 0.06 0.58 0.32 0.09 0.62 0.34 0.09 0.62 0.34 0.09 -0.26 1.79 0.64 -0.22 1.52 0.54 -0.09 6.40 -0.26 2.40 1.69 85.71 12.47 -2.64 4.91 -1.27 10.56 0.60 -0.26 15.05 -0.21 -8.50 5.97 4.85 -11.16 7.76 8.93 0.00 0.00 -0.00 2.00 -0.01 0.18 -0.01 -0.11 3.29 -0.00 -0.06 1.63 0.00 0.00 -0.00 0.00 0.00 0.29 0.00 -0.00 4.94 0.00 0.00 2.46 0.00 0.00 -0.00 -2.00 0.02 0.70 0.06 0.33 9.51 0.04 0.16 4.81 0.00 0.00 -0.00 -4.00 0.02 0.31 0.04 0.37 5.26 0.03 0.18 2.62 2.48 8.25 -2.32 0.50 0.56 -84.28 -4.17 9.01 0.90 1.06 13.21 4.37 -0.10 4.39 -0.10 0.97 1.77 -1.62 1.34 2.69 -2.48 -0.00 -0.00 0.00 -2.00 -0.01 -0.18 0.01 -0.12 -3.40 0.01 -0.06 -1.69 -0.00 -0.00 0.00 0.00 0.00 -0.25 0.00 0.00 -4.34 0.00 0.00 -2.16 -0.00 -0.00 0.00 2.00 0.01 -0.36 -0.02 0.20 -5.86 -0.02 0.10 -2.93 -0.00 -0.00 0.00 4.00 0.01 -0.18 -0.01 0.24 -3.37 -0.01 0.12 -1.67
-62.7596 -1.1266 -48.3101 108.05 0.52 0.60 -6.94 -9.29 6.19 9.78 14.11 2.27 -5.13 -12.32 -6.98 -0.00 0.00 -0.00 -29.03 -33.80 17.44 1.55 63.20 -16.27 5.15 -0.50 -2.29 0.00 0.00 0.00 0.41 0.24 0.15 0.46 0.29 0.20 0.50 0.31 0.21 0.50 0.31 0.21 0.09 1.79 0.63 0.07 1.52 0.54 -0.15 6.17 -0.32 1.94 1.80 85.35 12.36 -2.55 4.95 -1.40 10.57 0.43 -0.25 15.02 -0.21 -8.38 5.97 4.91 -10.98 7.78 8.99 0.00 -0.00 0.00 2.00 -0.01 0.18 -0.01 -0.12 3.30 -0.01 -0.06 1.64 0.00 -0.00 0.00 0.00 -0.00 0.30 0.00 -0.00 5.02 0.00 0.00 2.50 0.00 -0.00 0.00 -2.00 0.03 0.72 0.06 0.33 9.66 0.05 0.16 4.89 0.00 -0.00 0.00 -4.00 0.02 0.31 0.04 0.37 5.26 0.03 0.18 2.62 2.42 8.02 -2.39 0.39 0.31 -84.29 -4.22 9.32 0.93 1.05 13.32 4.43 -0.11 4.40 -0.10 0.98 1.78 -1.64 1.36 2.69 -2.51 -0.00 0.00 -0.00 -2.00 -0.01 -0.19 0.01 -0.12 -3.44 0.01 -0.06 -1.71 -0.00 0.00 -0.00 0.00 0.00 -0.25 0.00 0.00 -4.39 0.00 0.00 -2.18 -0.00 0.00 -0.00 2.00 0.01 -0.37 -0.02 0.21 -5.93 -0.02 0.10 -2.97 -0.00 0.00 -0.00 4.00 0.01 -0.18 -0.01 0.24 -3.41 -0.01 0.12 -1.69
-62.3959 -1.1288 -48.7931 107.83 0.43 0.29 -6.68 -8.86 6.28 9.76 14.06 2.23 -5.19 -12.37 -6.76 0.00 -0.00 0.00 -26.84 -30.97 14.87 4.54 59.05 -12.25 4.55 -1.93 -1.77 0.00 0.00 0.00 0.31 0.22 0.24 0.34 0.26 0.30 0.36 0.28 0.32 0.36 0.28 0.32 0.37 1.77 0.64 0.32 1.51 0.55 -0.19 5.96 -0.35 1.41 1.89 84.98 12.23 -2.53 4.97 -1.53 10.55 0.24 -0.25 14.99 -0.20 -8.27 5.96 4.97 -10.81 7.81 9.05 -0.00 -0.00 -0.00 2.00 -0.01 0.18 -0.01 -0.12 3.31 -0.01 -0.06 1.64 -0.00 -0.00 -0.00 0.00 -0.00 0.30 0.00 -0.00 5.08 0.00 -0.00 2.53 -0.00 -0.00 -0.00 -2.00 0.03 0.74 0.07 0.33 9.80 0.05 0.17 4.96 -0.00 -0.00 -0.00 -4.00 0.02 0.31 0.04 0.37 5.25 0.03 0.18 2.62 2.33 7.77 -2.43 0.28 -0.02 -84.29 -4.29 9.63 0.96 1.03 13.40 4.50 -0.11 4.41 -0.10 0.99 1.78 -1.67 1.37 2.70 -2.55 0.00 0.00 0.00 -2.00 -0.01 -0.19 0.01 -0.12 -3.47 0.01 -0.06 -1.72 0.00 0.00 0.00 0.00 0.00 -0.25 0.00 0.00 -4.42 0.00 0.00 -2.20 0.00 0.00 0.00 2.00 0.01 -0.37 -0.02 0.21 -6.00 -0.02 0.10 -3.00 0.00 0.00 0.00 4.00 0.01 -0.19 -0.01 0.24 -3.43 -0.01 0.12 -1.70
-62.0261 -1.1415 -49.2476 107.70 0.36 -0.02 -6.43 -8.47 6.37 9.66 14.04 2.20 -5.23 -12.35 -6.55 -0.00 0.00 -0.00 -24.77 -28.18 12.52 6.70 54.76 -9.11 3.94 -3.73 -1.24 -0.00 0.00 0.00 0.20 0.20 0.31 0.21 0.24 0.39 0.23 0.26 0.42 0.23 0.26 0.42 0.59 1.74 0.66 0.50 1.48 0.56 -0.25 5.75 -0.35 0.87 1.99 84.61 12.09 -2.55 4.98 -1.66 10.51 0.04 -0.25 14.97 -0.20 -8.18 5.96 5.00 -10.67 7.83 9.08 -0.00 -0.00 0.00 2.00 -0.01 0.18 -0.01 -0.12 3.32 -0.01 -0.06 1.65 -0.00 -0.00 0.00 0.00 -0.00 0.31 0.00 -0.00 5.13 0.00 -0.00 2.56 -0.00 -0.00 0.00 -2.00 0.03 0.75 0.07 0.34 9.96 0.05 0.17 5.05 -0.00 -0.00 0.00 -4.00 0.02 0.31 0.04 0.36 5.25 0.03 0.18 2.62 2.24 7.53 -2.44 0.19 -0.43 -84.27 -4.43 9.94 0.97 0.99 13.44 4.59 -0.11 4.41 -0.10 1.04 1.79 -1.71 1.44 2.71 -2.62 0.00 0.00 -0.00 -2.00 -0.01 -0.19 0.01 -0.12 -3.51 0.01 -0.06 -1.74 0.00 0.00 -0.00 0.00 0.00 -0.26 0.00 0.00 -4.47 0.00 0.00 -2.22 0.00 0.00 -0.00 2.00 0.01 -0.38 -0.02 0.21 -6.07 -0.02 0.10 -3.03 0.00 0.00 -0.00 4.00 0.01 -0.19 -0.02 0.24 -3.46 -0.01 0.12 -1.71
-61.6692 -1.1664 -49.6725 107.69 0.29 -0.33 -6.23 -8.13 6.47 9.47 14.07 2.17 -5.26 -12.21 -6.37 -0.00 0.00 -0.00 -22.75 -25.50 10.43 7.99 50.49 -6.75 3.33 -5.65 -0.73 -0.00 -0.00 -0.00 0.08 0.18 0.37 0.07 0.22 0.46 0.08 0.24 0.49 0.08 0.24 0.49 0.72 1.68 0.70 0.61 1.43 0.59 -0.28 5.56 -0.30 0.27 2.09 84.23 11.90 -2.64 4.96 -1.76 10.52 -0.14 -0.24 14.94 -0.20 -8.09 5.96 5.02 -10.54 7.85 9.09 0.00 -0.00 0.00 2.00 -0.01 0.18 -0.01 -0.12 3.33 -0.01 -0.06 1.65 0.00 -0.00 0.00 0.00 -0.00 0.31 0.00 -0.00 5.18 0.00 -0.00 2.58 0.00 -0.00 0.00 -2.00 0.03 0.77 0.07 0.34 10.11 0.05 0.17 5.12 0.00 -0.00 0.00 -4.00 0.02 0.31 0.04 0.36 5.23 0.03 0.18 2.61 2.13 7.30 -2.41 0.15 -0.90 -84.22 -4.60 10.21 0.95 0.95 13.43 4.70 -0.11 4.44 -0.10 1.05 1.80 -1.72 1.45 2.73 -2.64 0.00 -0.00 -0.00 -2.00 -0.01 -0.19 0.01 -0.12 -3.54 0.01 -0.06 -1.75 0.00 -0.00 -0.00 0.00 0.00 -0.26 0.00 0.00 -4.50 0.00 0.00 -2.24 0.00 -0.00 -0.00 2.00 0.01 -0.38 -0.02 0.21 -6.13 -0.02 0.11 -3.06 0.00 -0.00 -0.00 4.00 0.01 -0.19 -0.02 0.24 -3.48 -0.01 0.12 -1.72
-61.3344 -1.2035 -50.0657 107.80 0.24 -0.62 -6.06 -7.85 6.56 9.14 14.17 2.15 -5.23 -11.99 -6.19 -0.00 -0.00 -0.00 -20.74 -23.01 8.57 8.43 46.37 -5.05 2.76 -7.44 -0.27 -0.00 -0.00 0.00 -0.04 0.17 0.42 -0.07 0.21 0.51 -0.08 0.22 0.55 -0.08 0.22 0.55 0.76 1.61 0.76 0.65 1.37 0.65 -0.31 5.41 -0.18 -0.35 2.18 83.86 11.70 -2.77 4.93 -1.87 10.48 -0.36 -0.24 14.87 -0.20 -7.96 5.94 5.03 -10.37 7.85 9.07 -0.00 -0.00 0.00 2.00 -0.01 0.18 -0.01 -0.12 3.34 -0.01 -0.06 1.66 -0.00 -0.00 0.00 0.00 -0.00 0.31 0.00 -0.00 5.23 0.00 -0.00 2.61 -0.00 -0.00 0.00 -2.00 0.03 0.79 0.07 0.35 10.24 0.05 0.17 5.19 -0.00 -0.00 0.00 -4.00 0.02 0.31 0.03 0.36 5.21 0.03 0.18 2.60 2.00 7.07 -2.35 0.14 -1.50 -84.12 -4.86 10.36 0.88 0.87 13.35 4.85 -0.10 4.50 -0.09 1.06 1.82 -1.73 1.47 2.76 -2.65 -0.00 0.00 0.00 -2.00 -0.01 -0.19 0.01 -0.12 -3.58 0.01 -0.06 -1.77 -0.00 0.00 0.00 -0.00 0.00 -0.26 -0.00 0.00 -4.56 -0.00 0.00 -2.27 -0.00 0.00 0.00 2.00 0.01 -0.39 -0.03 0.22 -6.19 -0.02 0.11 -3.10 -0.00 0.00 0.00 4.00 0.01 -0.19 -0.02 0.24 -3.50 -0.01 0.12 -1.74
-61.0310 -1.2686 -50.4429 108.04 0.20 -0.87 -5.85 -7.73 6.57 8.54 14.50 2.16 -5.10 -11.72 -6.04 0.00 -0.00 -0.00 -18.87 -20.80 6.99 8.16 42.60 -3.89 2.34 -8.92 0.09 -0.00 0.00 -0.00 -0.17 0.17 0.43 -0.22 0.20 0.53 -0.24 0.21 0.57 -0.24 0.21 0.57 0.74 1.54 0.85 0.63 1.31 0.72 -0.31 5.30 -0.02 -0.97 2.25 83.54 11.48 -2.94 4.89 -1.96 10.40 -0.63 -0.24 14.76 -0.20 -7.85 5.90 5.04 -10.21 7.83 9.04 0.00 -0.00 -0.00 2.00 -0.01 0.18 -0.01 -0.12 3.35 -0.01 -0.06 1.66 0.00 -0.00 -0.00 0.00 -0.00 0.32 0.00 -0.00 5.29 0.00 -0.00 2.64 0.00 -0.00 -0.00 -2.00 0.03 0.80 0.07 0.35 10.39 0.05 0.18 5.27 0.00 -0.00 -0.00 -4.00 0.02 0.31 0.03 0.36 5.20 0.03 0.18 2.59 1.88 6.86 -2.26 0.17 -2.18 -83.97 -5.18 10.40 0.76 0.74 13.18 5.03 -0.10 4.55 -0.09 1.08 1.84 -1.73 1.49 2.79 -2.65 -0.00 -0.00 -0.00 -2.00 -0.01 -0.20 0.01 -0.13 -3.62 0.01 -0.06 -1.80 -0.00 -0.00 -0.00 -0.00 0.00 -0.27 -0.00 0.00 -4.64 -0.00 0.00 -2.31 -0.00 -0.00 -0.00 2.00 0.01 -0.39 -0.03 0.22 -6.26 -0.02 0.11 -3.13 -0.00 -0.00 -0.00 4.00 0.01 -0.19 -0.02 0.25 -3.53 -0.01 0.12 -1.75
-60.7989 -1.3661 -50.7987 108.39 0.18 -1.08 -5.62 -7.82 6.49 7.72 15.11 2.27 -4.87 -11.49 -5.93 0.00 -0.00 -0.00 -17.25 -18.94 5.63 7.28 39.26 -3.14 2.19 -10.06 0.38 -0.00 0.00 -0.00 -0.30 0.16 0.43 -0.38 0.20 0.52 -0.41 0.21 0.56 -0.41 0.21 0.56 0.66 1.46 0.97 0.56 1.24 0.82 -0.28 5.28 0.17 -1.60 2.28 83.30 11.25 -3.15 4.85 -2.01 10.25 -0.94 -0.24 14.67 -0.20 -7.72 5.87 5.06 -10.04 7.82 9.05 0.00 0.00 0.00 2.00 -0.01 0.18 -0.01 -0.12 3.36 -0.01 -0.06 1.67 0.00 0.00 0.00 0.00 -0.00 0.32 0.00 -0.00 5.35 0.00 -0.00 2.67 0.00 0.00 0.00 -2.00 0.03 0.82 0.07 0.36 10.52 0.05 0.18 5.34 0.00 0.00 0.00 -4.00 0.02 0.31 0.03 0.36 5.18 0.03 0.18 2.58 1.77 6.69 -2.16 0.20 -2.93 -83.74 -5.56 10.29 0.60 0.59 12.96 5.24 -0.09 4.62 -0.08 1.10 1.87 -1.72 1.52 2.83 -2.64 -0.00 0.00 -0.00 -2.00 -0.01 -0.20 0.01 -0.13 -3.67 0.01 -0.06 -1.82 -0.00 0.00 -0.00 -0.00 0.00 -0.27 -0.00 0.00 -4.72 -0.00 0.00 -2.35 -0.00 0.00 -0.00 2.00 0.01 -0.40 -0.03 0.22 -6.33 -0.02 0.11 -3.17 -0.00 0.00 -0.00 4.00 0.01 -0.19 -0.02 0.25 -3.55 -0.01 0.12 -1.76
-60.7164 -1.4899 -51.1246 108.96 0.17 -1.18 -5.45 -8.18 6.19 6.73 16.01 2.56 -4.57 -11.34 -5.89 -0.00 -0.00 0.00 -16.04 -17.47 4.44 6.12 36.43 -2.68 2.25 -10.88 0.65 -0.00 0.00 0.00 -0.46 0.16 0.32 -0.55 0.20 0.46 -0.59 0.21 0.50 -0.59 0.21 0.50 0.48 1.38 1.14 0.41 1.18 0.97 -0.26 5.33 0.43 -2.26 2.32 83.18 11.08 -3.42 4.82 -1.99 10.04 -1.26 -0.24 14.56 -0.20 -7.61 5.83 5.07 -9.90 7.79 9.02 -0.00 -0.00 -0.00 2.00 -0.01 0.18 -0.01 -0.12 3.36 -0.01 -0.06 1.67 -0.00 -0.00 -0.00 0.00 -0.00 0.33 0.00 -0.00 5.43 0.00 -0.00 2.71 -0.00 -0.00 -0.00 -2.00 0.03 0.84 0.08 0.36 10.69 0.06 0.18 5.43 -0.00 -0.00 -0.00 -4.00 0.02 0.31 0.03 0.36 5.19 0.03 0.18 2.59 1.65 6.54 -1.96 0.23 -3.73 -83.48 -6.02 10.07 0.39 0.40 12.69 5.48 -0.08 4.68 -0.07 1.12 1.89 -1.71 1.55 2.86 -2.63 0.00 -0.00 -0.00 -2.00 -0.01 -0.20 0.01 -0.13 -3.71 0.01 -0.06 -1.84 0.00 -0.00 -0.00 -0.00 0.00 -0.28 -0.00 0.00 -4.81 -0.00 0.00 -2.39 0.00 -0.00 -0.00 2.00 0.01 -0.41 -0.03 0.22 -6.41 -0.02 0.11 -3.21 0.00 -0.00 -0.00 4.00 0.01 -0.19 -0.02 0.25 -3.57 -0.01 0.12 -1.77
-60.7749 -1.6235 -51.4436 109.64 0.19 -1.17 -5.34 -8.79 5.59 5.71 17.19 3.11 -4.24 -11.28 -5.94 0.00 -0.00 0.00 -15.22 -16.35 3.39 4.91 34.11 -2.41 2.39 -11.43 0.91 -0.00 0.00 0.00 -0.63 0.17 0.12 -0.72 0.21 0.37 -0.78 0.22 0.40 -0.78 0.22 0.40 0.24 1.31 1.34 0.20 1.12 1.14 -0.25 5.44 0.70 -2.90 2.39 83.17 10.98 -3.73 4.82 -1.89 9.81 -1.53 -0.25 14.44 -0.20 -7.54 5.79 5.06 -9.81 7.75 8.99 0.00 -0.00 0.00 2.00 -0.01 0.18 -0.01 -0.12 3.36 -0.01 -0.06 1.66 0.00 -0.00 0.00 0.00 -0.00 0.33 0.00 -0.00 5.50 0.00 -0.00 2.75 0.00 -0.00 0.00 -2.00 0.03 0.85 0.08 0.37 10.82 0.06 0.18 5.50 0.00 -0.00 0.00 -4.00 0.02 0.31 0.03 0.36 5.19 0.03 0.18 2.59 1.52 6.43 -1.70 0.30 -4.63 -83.20 -6.55 9.77 0.15 0.13 12.33 5.71 -0.07 4.75 -0.06 1.14 1.92 -1.70 1.59 2.90 -2.62 0.00 0.00 -0.00 -2.00 -0.01 -0.21 0.01 -0.13 -3.78 0.01 -0.06 -1.88 0.00 0.00 -0.00 -0.00 0.00 -0.29 -0.00 0.00 -4.91 -0.00 0.00 -2.45 0.00 0.00 -0.00 2.00 0.01 -0.42 -0.03 0.23 -6.52 -0.02 0.11 -3.26 0.00 0.00 -0.00 4.00 0.01 -0.20 -0.02 0.25 -3.59 -0.01 0.12 -1.78
-60.9496 -1.7748 -51.7876 110.49 0.21 -1.04 -5.34 -9.63 4.66 4.67 18.68 3.98 -3.80 -11.29 -6.09 0.00 0.00 -0.00 -14.74 -15.60 2.42 3.77 32.31 -2.29 2.53 -11.82 1.22 0.00 -0.00 -0.00 -0.91 0.17 -0.18 -0.87 0.22 0.25 -0.94 0.23 0.27 -0.94 0.23 0.27 -0.07 1.26 1.55 -0.06 1.07 1.32 -0.24 5.62 0.95 -3.49 2.51 83.26 10.99 -4.11 4.86 -1.73 9.61 -1.71 -0.25 14.36 -0.21 -7.51 5.76 5.05 -9.77 7.71 8.95 -0.00 -0.00 -0.00 2.00 -0.01 0.18 -0.01 -0.12 3.35 -0.01 -0.06 1.66 -0.00 -0.00 -0.00 0.00 -0.00 0.34 0.00 -0.00 5.57 0.00 0.00 2.78 -0.00 -0.00 -0.00 -2.00 0.03 0.87 0.08 0.37 10.95 0.06 0.19 5.57 -0.00 -0.00 -0.00 -4.00 0.02 0.31 0.04 0.36 5.21 0.03 0.18 2.60 1.37 6.35 -1.40 0.41 -5.56 -82.94 -7.15 9.42 -0.11 -0.17 11.98 5.92 -0.06 4.81 -0.05 1.16 1.94 -1.69 1.61 2.94 -2.60 -0.00 -0.00 0.00 -2.00 -0.01 -0.21 0.01 -0.13 -3.85 0.01 -0.07 -1.91 -0.00 -0.00 0.00 -0.00 0.00 -0.30 -0.00 0.00 -5.01 -0.00 0.00 -2.49 -0.00 -0.00 0.00 2.00 0.02 -0.43 -0.03 0.23 -6.62 -0.02 0.12 -3.32 -0.00 -0.00 0.00 4.00 0.01 -0.20 -0.02 0.25 -3.61 -0.01 0.12 -1.79
-61.1985 -1.8971 -52.0890 111.37 0.26 -0.87 -5.39 -10.64 3.47 3.70 20.41 5.12 -3.26 -11.32 -6.33 -0.00 0.00 0.00 -14.28 -15.06 1.58 2.51 30.79 -2.33 2.65 -12.03 1.55 0.00 -0.00 0.00 -1.20 0.18 -0.49 -1.00 0.23 0.12 -1.08 0.25 0.13 -1.08 0.25 0.13 -0.42 1.22 1.75 -0.36 1.04 1.49 -0.21 5.87 1.13 -3.99 2.66 83.45 11.11 -4.54 4.95 -1.51 9.45 -1.76 -0.26 14.29 -0.21 -7.51 5.73 5.02 -9.79 7.67 8.91 -0.00 -0.00 0.00 2.00 -0.01 0.18 -0.01 -0.12 3.33 -0.01 -0.06 1.65 -0.00 -0.00 0.00 0.00 0.00 0.34 0.00 0.00 5.59 0.00 0.00 2.79 -0.00 -0.00 0.00 -2.00 0.03 0.87 0.08 0.37 10.98 0.06 0.19 5.58 -0.00 -0.00 0.00 -4.00 0.02 0.31 0.04 0.36 5.21 0.03 0.18 2.60 1.22 6.32 -1.11 0.52 -6.54 -82.65 -7.75 9.07 -0.38 -0.56 11.62 6.10 -0.05 4.86 -0.05 1.17 1.96 -1.69 1.62 2.97 -2.59 -0.00 -0.00 -0.00 -2.00 -0.01 -0.22 0.01 -0.13 -3.90 0.01 -0.07 -1.94 -0.00 -0.00 -0.00 -0.00 0.00 -0.30 -0.00 0.00 -5.09 -0.00 0.00 -2.54 -0.00 -0.00 -0.00 2.00 0.02 -0.43 -0.03 0.23 -6.72 -0.02 0.12 -3.37 -0.00 -0.00 -0.00 4.00 0.01 -0.20 -0.02 0.25 -3.63 -0.01 0.13 -1.80
-61.4726 -1.9723 -52.3622 112.16 0.31 -0.74 -5.41 -11.73 2.19 2.85 22.27 6.43 -2.72 -11.31 -6.62 -0.00 -0.00 0.00 -13.80 -14.62 0.90 1.28 29.46 -2.43 2.74 -12.10 1.88 -0.00 -0.00 -0.00 -1.44 0.19 -0.76 -1.09 0.25 -0.00 -1.18 0.27 -0.00 -1.18 0.27 -0.00 -0.80 1.21 1.91 -0.68 1.03 1.63 -0.17 6.13 1.27 -4.35 2.90 83.63 11.36 -4.96 5.12 -1.20 9.35 -1.59 -0.27 14.17 -0.22 -7.56 5.67 4.95 -9.89 7.59 8.80 -0.00 -0.00 -0.00 2.00 -0.01 0.18 -0.01 -0.12 3.31 -0.01 -0.06 1.64 -0.00 -0.00 -0.00 0.00 -0.00 0.34 0.00 -0.00 5.59 0.00 -0.00 2.79 -0.00 -0.00 -0.00 -2.00 0.03 0.86 0.08 0.37 10.91 0.06 0.18 5.54 -0.00 -0.00 -0.00 -4.00 0.02 0.31 0.04 0.36 5.21 0.03 0.18 2.60 1.08 6.32 -0.88 0.61 -7.52 -82.34 -8.37 8.70 -0.66 -0.96 11.31 6.24 -0.04 4.92 -0.04 1.21 1.99 -1.70 1.68 3.00 -2.61 0.00 0.00 0.00 -2.00 -0.01 -0.22 0.01 -0.14 -3.95 0.01 -0.07 -1.96 0.00 0.00 0.00 -0.00 0.00 -0.31 -0.00 0.00 -5.16 -0.00 0.00 -2.57 0.00 0.00 0.00 2.00 0.02 -0.44 -0.03 0.24 -6.80 -0.02 0.12 -3.41 0.00 0.00 0.00 4.00 0.01 -0.20 -0.02 0.25 -3.65 -0.01 0.13 -1.81
-61.7658 -1.9943 -52.6446 112.80 0.39 -0.67 -5.21 -12.99 0.84 2.05 24.38 7.89 -2.21 -11.21 -6.87 -0.00 -0.00 0.00 -13.35 -14.23 0.36 0.21 28.22 -2.51 2.82 -12.03 2.18 -0.00 0.00 0.00 -1.63 0.20 -0.96 -1.15 0.27 -0.11 -1.24 0.29 -0.12 -1.24 0.29 -0.12 -1.17 1.23 2.03 -1.00 1.04 1.73 -0.10 6.41 1.38 -4.59 3.17 83.76 11.68 -5.28 5.35 -0.82 9.29 -1.21 -0.28 14.02 -0.23 -7.60 5.61 4.88 -9.98 7.48 8.69 0.00 0.00 -0.00 2.00 -0.01 0.18 -0.01 -0.12 3.31 -0.01 -0.06 1.64 0.00 0.00 -0.00 0.00 -0.00 0.34 0.00 -0.00 5.57 0.00 -0.00 2.78 0.00 0.00 -0.00 -2.00 0.03 0.85 0.08 0.37 10.82 0.06 0.18 5.50 0.00 0.00 -0.00 -4.00 0.02 0.31 0.04 0.36 5.23 0.03 0.18 2.61 0.96 6.35 -0.73 0.67 -8.51 -82.01 -9.05 8.29 -0.98 -1.35 11.03 6.38 -0.04 4.95 -0.04 1.22 2.00 -1.69 1.69 3.02 -2.60 0.00 0.00 0.00 -2.00 -0.01 -0.22 0.01 -0.14 -4.00 0.01 -0.07 -1.99 0.00 0.00 0.00 -0.00 0.00 -0.31 -0.00 0.00 -5.24 -0.00 0.00 -2.61 0.00 0.00 0.00 2.00 0.02 -0.45 -0.03 0.24 -6.90 -0.02 0.12 -3.46 0.00 0.00 0.00 4.00 0.01 -0.20 -0.02 0.26 -3.66 -0.01 0.13 -1.82
-62.0639 -1.9694 -52.9705 113.28 0.48 -0.67 -4.58 -14.56 -0.64 1.13 26.98 9.51 -1.72 -10.91 -6.72 0.00 -0.00 -0.00 -13.04 -13.85 -0.09 -0.56 27.03 -2.49 2.92 -11.85 2.45 0.00 -0.00 0.00 -1.75 0.22 -1.10 -1.18 0.29 -0.20 -1.27 0.31 -0.21 -1.27 0.31 -0.21 -1.50 1.26 2.10 -1.28 1.07 1.79 -0.02 6.69 1.48 -4.77 3.41 83.79 12.04 -5.46 5.62 -0.39 9.27 -0.65 -0.30 13.84 -0.25 -7.64 5.53 4.81 -10.07 7.37 8.57 0.00 -0.00 -0.00 2.00 -0.01 0.18 -0.01 -0.12 3.31 -0.01 -0.06 1.64 0.00 -0.00 -0.00 0.00 -0.00 0.34 0.00 -0.00 5.54 0.00 -0.00 2.77 0.00 -0.00 -0.00 -2.00 0.03 0.84 0.08 0.36 10.72 0.06 0.18 5.45 0.00 -0.00 -0.00 -4.00 0.02 0.31 0.04 0.36 5.21 0.03 0.18 2.60 0.88 6.41 -0.67 0.66 -9.49 -81.67 -9.72 7.83 -1.30 -1.70 10.78 6.53 -0.03 4.98 -0.03 1.24 2.01 -1.69 1.72 3.03 -2.60 0.00 0.00 0.00 -2.00 -0.01 -0.23 0.01 -0.14 -4.03 0.01 -0.07 -2.00 0.00 0.00 0.00 -0.00 0.00 -0.32 -0.00 0.00 -5.29 -0.00 0.00 -2.64 0.00 0.00 0.00 2.00 0.02 -0.46 -0.03 0.24 -6.97 -0.02 0.12 -3.49 0.00 0.00 0.00 4.00 0.01 -0.20 -0.02 0.26 -3.67 -0.01 0.13 -1.82
-62.3873 -1.9061 -53.3441 113.58 0.57 -0.70 -3.59 -16.30 -2.16 0.28 29.84 11.17 -1.32 -10.35 -6.18 -0.00 -0.00 0.00 -12.87 -13.47 -0.49 -1.08 25.82 -2.39 3.10 -11.54 2.69 -0.00 0.00 -0.00 -1.80 0.24 -1.17 -1.19 0.31 -0.26 -1.28 0.33 -0.28 -1.28 0.33 -0.28 -1.79 1.31 2.13 -1.53 1.11 1.82 0.05 7.00 1.59 -4.92 3.54 83.71 12.39 -5.48 5.90 0.04 9.26 0.03 -0.32 13.66 -0.26 -7.66 5.46 4.74 -10.14 7.26 8.45 -0.00 0.00 -0.00 2.00 -0.01 0.18 -0.01 -0.12 3.33 -0.01 -0.06 1.65 -0.00 0.00 -0.00 -0.00 0.00 0.34 -0.00 0.00 5.59 -0.00 0.00 2.79 -0.00 0.00 -0.00 -2.00 0.03 0.84 0.07 0.36 10.72 0.06 0.18 5.45 -0.00 0.00 -0.00 -4.00 0.02 0.31 0.03 0.36 5.20 0.03 0.18 2.59 0.83 6.53 -0.69 0.60 -10.43 -81.33 -10.37 7.38 -1.59 -1.99 10.56 6.70 -0.03 5.00 -0.03 1.25 2.02 -1.69 1.74 3.05 -2.60 -0.00 0.00 0.00 -2.00 -0.01 -0.23 0.01 -0.14 -4.05 0.01 -0.07 -2.01 -0.00 0.00 0.00 -0.00 0.00 -0.32 -0.00 0.00 -5.33 -0.00 0.00 -2.66 -0.00 0.00 0.00 2.00 0.02 -0.46 -0.03 0.24 -7.02 -0.02 0.12 -3.52 -0.00 0.00 0.00 4.00 0.01 -0.20 -0.02 0.26 -3.68 -0.01 0.13 -1.83
-62.7206 -1.8174 -53.7239 113.71 0.68 -0.77 -2.32 -18.16 -3.72 -0.28 32.88 12.93 -1.10 -9.54 -5.36 -0.00 0.00 -0.00 -12.74 -13.09 -0.85 -1.48 24.62 -2.24 3.36 -11.14 2.90 0.00 0.00 -0.00 -1.80 0.26 -1.20 -1.18 0.33 -0.32 -1.27 0.35 -0.34 -1.27 0.35 -0.34 -2.03 1.36 2.14 -1.73 1.16 1.83 0.11 7.31 1.71 -5.10 3.59 83.50 12.76 -5.44 6.19 0.46 9.23 0.75 -0.33 13.48 -0.27 -7.67 5.39 4.71 -10.18 7.15 8.39 0.00 0.00 0.00 2.00 -0.01 0.18 -0.01 -0.12 3.38 -0.01 -0.06 1.68 0.00 0.00 0.00 0.00 0.00 0.35 0.00 0.00 5.72 0.00 0.00 2.86 0.00 0.00 0.00 -2.00 0.03 0.85 0.08 0.37 10.85 0.06 0.18 5.51 0.00 0.00 0.00 -4.00 0.02 0.31 0.04 0.36 5.20 0.03 0.18 2.59 0.80 6.66 -0.77 0.51 -11.31 -81.03 -10.97 6.98 -1.84 -2.23 10.36 6.91 -0.02 5.03 -0.02 1.27 2.03 -1.69 1.77 3.06 -2.61 -0.00 0.00 0.00 -2.00 -0.01 -0.23 0.01 -0.14 -4.08 0.01 -0.07 -2.03 -0.00 0.00 0.00 -0.00 0.00 -0.32 -0.00 0.00 -5.36 -0.00 0.00 -2.67 -0.00 0.00 0.00 2.00 0.02 -0.47 -0.03 0.24 -7.07 -0.02 0.12 -3.55 -0.00 0.00 0.00 4.00 0.01 -0.20 -0.02 0.26 -3.70 -0.01 0.13 -1.84
-63.0294 -1.7111 -54.0741 113.71 0.78 -0.85 -0.84 -20.10 -5.29 -0.40 35.97 14.85 -1.13 -8.44 -4.37 -0.00 0.00 -0.00 -12.58 -12.71 -1.16 -1.84 23.45 -2.09 3.67 -10.71 3.07 -0.00 0.00 0.00 -1.77 0.28 -1.21 -1.16 0.35 -0.36 -1.26 0.38 -0.38 -1.26 0.38 -0.38 -2.20 1.42 2.14 -1.88 1.21 1.82 0.15 7.60 1.83 -5.33 3.57 83.21 13.12 -5.43 6.46 0.82 9.16 1.39 -0.33 13.38 -0.28 -7.65 5.35 4.74 -10.15 7.11 8.41 0.00 -0.00 0.00 2.00 -0.01 0.19 -0.01 -0.12 3.44 -0.01 -0.06 1.70 0.00 -0.00 0.00 0.00 0.00 0.37 0.00 0.00 5.91 0.00 0.00 2.96 0.00 -0.00 0.00 -2.00 0.03 0.89 0.08 0.38 11.12 0.06 0.19 5.66 0.00 -0.00 0.00 -4.00 0.02 0.31 0.04 0.36 5.22 0.03 0.18 2.61 0.80 6.78 -0.85 0.42 -12.07 -80.82 -11.55 6.67 -2.05 -2.42 10.20 7.13 -0.02 5.01 -0.02 1.28 2.03 -1.70 1.78 3.05 -2.62 0.00 0.00 0.00 -2.00 -0.01 -0.23 0.01 -0.14 -4.10 0.01 -0.07 -2.04 0.00 0.00 0.00 -0.00 0.00 -0.32 -0.00 0.00 -5.39 0.00 0.00 -2.69 0.00 0.00 0.00 2.00 0.02 -0.47 -0.03 0.25 -7.11 -0.02 0.12 -3.57 0.00 0.00 0.00 4.00 0.01 -0.20 -0.02 0.26 -3.71 -0.01 0.13 -1.84
-63.2945 -1.5919 -54.3793 113.62 0.88 -0.96 1.07 -22.17 -6.93 -0.04 39.27 17.06 -1.52 -7.45 -3.41 0.00 0.00 0.00 -12.37 -12.31 -1.39 -2.22 22.32 -1.94 4.00 -10.26 3.20 -0.00 0.00 -0.00 -1.73 0.31 -1.19 -1.15 0.38 -0.38 -1.25 0.41 -0.42 -1.25 0.41 -0.42 -2.31 1.47 2.14 -1.97 1.25 1.82 0.19 7.86 1.95 -5.61 3.50 82.90 13.46 -5.54 6.72 1.10 9.05 1.84 -0.33 13.37 -0.27 -7.61 5.35 4.81 -10.09 7.12 8.51 0.00 0.00 -0.00 2.00 -0.01 0.19 -0.01 -0.12 3.50 -0.01 -0.06 1.73 0.00 0.00 -0.00 0.00 0.00 0.39 0.00 0.00 6.16 0.00 0.00 3.08 0.00 0.00 -0.00 -2.00 0.03 0.93 0.09 0.39 11.50 0.07 0.20 5.86 0.00 0.00 -0.00 -4.00 0.02 0.32 0.04 0.37 5.27 0.03 0.18 2.63 0.80 6.89 -0.92 0.35 -12.67 -80.67 -12.08 6.45 -2.22 -2.55 10.11 7.34 -0.02 5.02 -0.02 1.28 2.03 -1.71 1.78 3.06 -2.63 0.00 0.00 -0.00 -2.00 -0.01 -0.23 0.01 -0.14 -4.12 0.01 -0.07 -2.05 0.00 0.00 -0.00 0.00 0.00 -0.33 0.00 0.00 -5.41 0.00 0.00 -2.70 0.00 0.00 -0.00 2.00 0.02 -0.47 -0.03 0.25 -7.15 -0.02 0.12 -3.59 0.00 0.00 -0.00 4.00 0.01 -0.20 -0.02 0.26 -3.72 -0.01 0.13 -1.85
-63.5019 -1.4532 -54.6685 113.45 0.98 -1.10 3.34 -24.22 -8.60 0.63 42.61 19.51 -2.04 -6.69 -2.55 -0.00 -0.00 -0.00 -12.07 -11.85 -1.58 -2.63 21.15 -1.76 4.35 -9.78 3.30 -0.00 0.00 0.00 -1.69 0.34 -1.15 -1.14 0.42 -0.40 -1.24 0.45 -0.43 -1.24 0.45 -0.43 -2.35 1.52 2.14 -2.01 1.29 1.83 0.20 8.13 2.07 -5.92 3.34 82.61 13.78 -5.79 6.94 1.29 8.89 2.06 -0.32 13.42 -0.27 -7.56 5.38 4.93 -9.99 7.18 8.69 -0.00 0.00 0.00 2.00 -0.01 0.19 -0.01 -0.12 3.57 -0.01 -0.06 1.77 -0.00 0.00 0.00 0.00 0.00 0.41 0.01 0.00 6.48 0.00 0.00 3.25 -0.00 0.00 0.00 -2.00 0.03 0.99 0.10 0.41 11.97 0.08 0.20 6.11 -0.00 0.00 0.00 -4.00 0.02 0.32 0.04 0.37 5.33 0.03 0.18 2.66 0.78 7.00 -0.97 0.34 -13.14 -80.56 -12.57 6.34 -2.40 -2.62 10.08 7.53 -0.03 5.01 -0.03 1.28 2.02 -1.72 1.78 3.05 -2.65 0.00 0.00 -0.00 -2.00 -0.01 -0.23 0.01 -0.14 -4.12 0.01 -0.07 -2.05 0.00 0.00 -0.00 0.00 0.00 -0.33 0.00 0.00 -5.42 0.00 0.00 -2.70 0.00 0.00 -0.00 2.00 0.02 -0.47 -0.03 0.25 -7.17 -0.02 0.12 -3.60 0.00 0.00 -0.00 4.00 0.01 -0.21 -0.02 0.26 -3.73 -0.01 0.13 -1.85
-63.6644 -1.2987 -54.9476 113.17 1.07 -1.31 6.11 -26.26 -10.40 1.46 46.02 22.23 -2.55 -6.24 -1.84 -0.00 -0.00 0.00 -11.63 -11.33 -1.69 -3.07 19.98 -1.58 4.68 -9.29 3.38 0.00 -0.00 -0.00 -1.64 0.37 -1.10 -1.15 0.45 -0.40 -1.24 0.49 -0.44 -1.24 0.49 -0.44 -2.32 1.57 2.17 -1.98 1.33 1.85 0.26 8.38 2.20 -6.35 3.13 82.37 14.08 -6.20 7.11 1.39 8.68 2.01 -0.30 13.53 -0.25 -7.49 5.44 5.12 -9.83 7.28 8.97 0.00 -0.00 0.00 2.00 -0.01 0.20 -0.01 -0.13 3.65 -0.01 -0.06 1.81 0.00 -0.00 0.00 0.00 0.00 0.45 0.01 0.00 6.87 0.01 0.00 3.45 0.00 -0.00 0.00 -2.00 0.04 1.07 0.12 0.42 12.55 0.09 0.21 6.42 0.00 -0.00 0.00 -4.00 0.02 0.33 0.04 0.38 5.40 0.03 0.19 2.70 0.80 7.09 -1.00 0.33 -13.48 -80.44 -12.99 6.30 -2.59 -2.64 10.11 7.67 -0.03 4.98 -0.03 1.28 2.01 -1.73 1.77 3.04 -2.66 0.00 0.00 -0.00 -2.00 -0.01 -0.23 0.01 -0.14 -4.13 0.01 -0.07 -2.05 0.00 0.00 -0.00 -0.00 -0.00 -0.33 -0.00 0.00 -5.42 -0.00 0.00 -2.70 0.00 0.00 -0.00 2.00 0.02 -0.47 -0.03 0.25 -7.17 -0.02 0.12 -3.60 0.00 0.00 -0.00 4.00 0.01 -0.21 -0.02 0.26 -3.74 -0.01 0.13 -1.86
-63.7841 -1.1371 -55.2221 112.82 1.16 -1.57 9.32 -28.25 -12.38 2.47 49.40 25.31 -2.97 -6.07 -1.27 0.00 0.00 0.00 -11.04 -10.76 -1.74 -3.57 18.81 -1.39 4.95 -8.81 3.47 -0.00 0.00 0.00 -1.61 0.40 -1.03 -1.16 0.49 -0.39 -1.25 0.53 -0.42 -1.25 0.53 -0.42 -2.23 1.62 2.20 -1.90 1.38 1.88 0.34 8.61 2.33 -6.85 2.88 82.19 14.35 -6.68 7.24 1.42 8.45 1.79 -0.29 13.66 -0.24 -7.43 5.50 5.30 -9.69 7.39 9.25 0.00 0.00 -0.00 2.00 -0.01 0.21 -0.01 -0.13 3.74 -0.01 -0.06 1.85 0.00 0.00 -0.00 0.00 0.00 0.48 0.01 0.00 7.19 0.01 0.00 3.61 0.00 0.00 -0.00 -2.00 0.04 1.12 0.12 0.44 12.98 0.09 0.22 6.65 0.00 0.00 -0.00 -4.00 0.02 0.33 0.04 0.38 5.46 0.03 0.19 2.72 0.83 7.18 -1.01 0.18 -13.60 -80.26 -13.33 6.32 -2.78 -2.60 10.19 7.77 -0.04 4.92 -0.03 1.26 1.99 -1.73 1.76 3.00 -2.67 0.00 -0.00 0.00 -2.00 -0.01 -0.23 0.01 -0.14 -4.13 0.01 -0.07 -2.05 0.00 -0.00 0.00 -0.00 0.00 -0.33 -0.00 0.00 -5.41 -0.00 0.00 -2.70 0.00 -0.00 0.00 2.00 0.02 -0.48 -0.03 0.25 -7.19 -0.02 0.12 -3.61 0.00 -0.00 0.00 4.00 0.01 -0.21 -0.02 0.26 -3.75 -0.01 0.13 -1.86
-63.8426 -0.9683 -55.5060 112.41 1.23 -1.86 13.23 -30.28 -14.82 4.00 52.96 29.23 -3.31 -6.27 -0.79 0.00 0.00 -0.00 -10.23 -10.12 -1.75 -4.17 17.61 -1.23 5.16 -8.32 3.56 -0.00 -0.00 0.00 -1.57 0.44 -0.96 -1.17 0.53 -0.37 -1.27 0.58 -0.40 -1.27 0.58 -0.40 -2.10 1.68 2.23 -1.79 1.42 1.91 0.41 8.85 2.44 -7.36 2.60 82.08 14.59 -7.18 7.33 1.42 8.25 1.47 -0.27 13.70 -0.23 -7.37 5.53 5.44 -9.57 7.44 9.46 0.00 -0.00 0.00 2.00 -0.01 0.21 -0.01 -0.13 3.79 -0.01 -0.07 1.88 0.00 -0.00 0.00 0.00 0.00 0.50 0.01 0.00 7.44 0.00 0.00 3.74 0.00 -0.00 0.00 -2.00 0.04 1.17 0.12 0.45 13.31 0.09 0.22 6.82 0.00 -0.00 0.00 -4.00 0.02 0.33 0.04 0.38 5.49 0.03 0.19 2.74 0.88 7.26 -1.02 -0.12 -13.56 -80.00 -13.56 6.40 -2.93 -2.50 10.28 7.82 -0.04 4.86 -0.04 1.25 1.97 -1.75 1.74 2.97 -2.69 -0.00 -0.00 0.00 -2.00 -0.01 -0.23 0.01 -0.14 -4.12 0.01 -0.07 -2.04 -0.00 -0.00 0.00 -0.00 0.00 -0.32 -0.00 0.00 -5.39 -0.00 0.00 -2.69 -0.00 -0.00 0.00 2.00 0.02 -0.48 -0.03 0.25 -7.18 -0.02 0.12 -3.60 -0.00 -0.00 0.00 4.00 0.01 -0.21 -0.02 0.26 -3.77 -0.01 0.13 -1.87
-63.8915 -0.7928 -55.7827 111.96 1.29 -2.21 17.60 -32.24 -17.60 6.41 56.44 34.18 -3.60 -6.75 -0.38 -0.00 0.00 0.00 -9.28 -9.44 -1.68 -4.83 16.41 -1.09 5.31 -7.82 3.68 -0.00 0.00 0.00 -1.54 0.47 -0.88 -1.19 0.57 -0.34 -1.29 0.62 -0.37 -1.29 0.62 -0.37 -1.93 1.73 2.27 -1.65 1.47 1.94 0.39 9.08 2.52 -7.78 2.32 82.03 14.81 -7.64 7.40 1.40 8.08 1.14 -0.27 13.74 -0.22 -7.34 5.55 5.57 -9.48 7.49 9.65 -0.00 -0.00 -0.00 2.00 -0.01 0.21 -0.01 -0.13 3.83 -0.01 -0.07 1.90 -0.00 -0.00 -0.00 0.00 0.00 0.52 0.00 0.00 7.62 0.00 0.00 3.83 -0.00 -0.00 -0.00 -2.00 0.04 1.20 0.12 0.45 13.54 0.09 0.23 6.95 -0.00 -0.00 -0.00 -4.00 0.02 0.33 0.04 0.38 5.51 0.03 0.19 2.75 0.87 7.35 -1.03 -0.44 -13.40 -79.72 -13.68 6.57 -3.05 -2.36 10.39 7.82 -0.05 4.78 -0.05 1.24 1.94 -1.75 1.72 2.92 -2.70 -0.00 -0.00 -0.00 -2.00 -0.01 -0.23 0.01 -0.14 -4.10 0.01 -0.07 -2.04 -0.00 -0.00 -0.00 -0.00 0.00 -0.32 -0.00 0.00 -5.37 -0.00 0.00 -2.68 -0.00 -0.00 -0.00 2.00 0.02 -0.48 -0.03 0.25 -7.18 -0.02 0.12 -3.61 -0.00 -0.00 -0.00 4.00 0.01 -0.21 -0.02 0.26 -3.80 -0.01 0.13 -1.88
-63.9351 -0.6274 -56.0529 111.49 1.33 -2.56 22.14 -34.03 -20.59 9.93 59.59 40.21 -3.82 -7.43 -0.03 -0.00 0.00 -0.00 -8.27 -8.79 -1.57 -5.51 15.28 -0.99 5.42 -7.35 3.81 -0.00 0.00 0.00 -1.53 0.51 -0.79 -1.23 0.61 -0.30 -1.33 0.66 -0.33 -1.33 0.66 -0.33 -1.73 1.79 2.32 -1.48 1.52 1.98 0.38 9.29 2.58 -8.22 2.06 82.02 15.00 -8.01 7.45 1.40 7.95 0.88 -0.26 13.81 -0.21 -7.35 5.59 5.69 -9.46 7.54 9.84 -0.00 -0.00 0.00 2.00 -0.01 0.21 -0.01 -0.13 3.86 -0.01 -0.07 1.91 -0.00 -0.00 0.00 0.00 0.00 0.53 0.00 0.00 7.74 0.00 0.00 3.89 -0.00 -0.00 0.00 -2.00 0.04 1.22 0.12 0.46 13.68 0.09 0.23 7.02 -0.00 -0.00 0.00 -4.00 0.02 0.33 0.04 0.38 5.50 0.03 0.19 2.75 0.88 7.44 -1.02 -0.82 -13.12 -79.42 -13.72 6.78 -3.10 -2.17 10.54 7.79 -0.06 4.71 -0.06 1.22 1.91 -1.76 1.69 2.88 -2.71 -0.00 0.00 0.00 -2.00 -0.01 -0.23 0.01 -0.14 -4.09 0.01 -0.07 -2.03 -0.00 0.00 0.00 -0.00 0.00 -0.32 -0.00 0.00 -5.35 -0.00 0.00 -2.67 -0.00 0.00 0.00 2.00 0.02 -0.47 -0.03 0.25 -7.17 -0.02 0.12 -3.60 -0.00 0.00 0.00 4.00 0.01 -0.21 -0.02 0.27 -3.81 -0.01 0.13 -1.89
-63.9863 -0.4790 -56.3324 111.03 1.36 -2.91 26.75 -35.68 -23.77 14.72 62.32 47.45 -3.99 -8.28 0.27 0.00 0.00 0.00 -7.26 -8.19 -1.45 -6.16 14.25 -0.91 5.50 -6.92 3.96 0.00 0.00 0.00 -1.53 0.54 -0.72 -1.28 0.65 -0.27 -1.38 0.70 -0.29 -1.38 0.70 -0.29 -1.51 1.85 2.36 -1.29 1.57 2.01 0.35 9.47 2.62 -8.63 1.85 82.04 15.16 -8.28 7.52 1.45 7.90 0.73 -0.25 13.87 -0.21 -7.38 5.62 5.80 -9.48 7.57 10.02 -0.00 -0.00 -0.00 2.00 -0.01 0.21 -0.01 -0.13 3.87 -0.01 -0.07 1.92 -0.00 -0.00 -0.00 0.00 0.00 0.53 0.00 0.00 7.81 0.00 0.00 3.93 -0.00 -0.00 -0.00 -2.00 0.04 1.23 0.12 0.46 13.76 0.09 0.23 7.07 -0.00 -0.00 -0.00 -4.00 0.02 0.33 0.04 0.38 5.49 0.03 0.19 2.74 0.89 7.52 -1.00 -1.28 -12.69 -79.12 -13.64 7.12 -3.08 -1.89 10.78 7.73 -0.07 4.63 -0.07 1.19 1.88 -1.78 1.66 2.84 -2.73 0.00 -0.00 0.00 -2.00 -0.01 -0.23 0.01 -0.14 -4.06 0.01 -0.07 -2.02 0.00 -0.00 0.00 -0.00 0.00 -0.32 -0.00 0.00 -5.32 -0.00 0.00 -2.65 0.00 -0.00 0.00 2.00 0.02 -0.47 -0.03 0.25 -7.16 -0.02 0.12 -3.59 0.00 -0.00 0.00 4.00 0.01 -0.21 -0.02 0.27 -3.83 -0.01 0.13 -1.90
-64.0815 -0.3594 -56.6768 110.60 1.38 -3.25 31.48 -37.22 -27.20 21.06 64.58 56.19 -4.07 -9.29 0.53 0.00 0.00 0.00 -6.25 -7.69 -1.40 -6.80 13.38 -0.84 5.53 -6.54 4.16 0.00 0.00 -0.00 -1.54 0.57 -0.64 -1.34 0.69 -0.23 -1.45 0.74 -0.25 -1.45 0.74 -0.25 -1.27 1.90 2.40 -1.09 1.61 2.05 0.31 9.62 2.65 -9.02 1.71 82.06 15.29 -8.43 7.61 1.53 7.90 0.69 -0.25 13.94 -0.21 -7.43 5.65 5.87 -9.53 7.60 10.14 -0.00 -0.00 -0.00 2.00 -0.01 0.21 -0.01 -0.13 3.87 -0.01 -0.07 1.92 -0.00 -0.00 -0.00 0.00 -0.00 0.54 0.00 0.00 7.85 0.00 0.00 3.95 -0.00 -0.00 -0.00 -2.00 0.04 1.23 0.12 0.46 13.81 0.09 0.23 7.10 -0.00 -0.00 -0.00 -4.00 0.02 0.33 0.04 0.38 5.48 0.03 0.19 2.73 0.91 7.59 -0.97 -1.76 -12.15 -78.84 -13.43 7.61 -3.00 -1.57 11.06 7.66 -0.09 4.56 -0.08 1.17 1.85 -1.80 1.62 2.80 -2.76 0.00 0.00 -0.00 -2.00 -0.01 -0.22 0.01 -0.14 -4.03 0.01 -0.07 -2.00 0.00 0.00 -0.00 -0.00 0.00 -0.32 -0.00 0.00 -5.27 -0.00 0.00 -2.63 0.00 0.00 -0.00 2.00 0.02 -0.47 -0.03 0.25 -7.13 -0.02 0.12 -3.58 0.00 0.00 -0.00 4.00 0.01 -0.21 -0.02 0.27 -3.84 -0.01 0.13 -1.90
-64.2379 -0.2720 -57.0951 110.19 1.39 -3.56 36.17 -38.62 -30.75 28.63 66.19 66.06 -4.09 -10.37 0.74 0.00 -0.00 0.00 -5.25 -7.32 -1.39 -7.38 12.69 -0.79 5.52 -6.23 4.42 0.00 0.00 -0.00 -1.56 0.60 -0.57 -1.41 0.72 -0.19 -1.52 0.78 -0.21 -1.52 0.78 -0.21 -1.03 1.94 2.45 -0.88 1.65 2.09 0.22 9.77 2.65 -9.32 1.60 82.09 15.39 -8.50 7.72 1.63 7.94 0.76 -0.25 13.99 -0.21 -7.49 5.67 5.91 -9.60 7.62 10.22 0.00 -0.00 -0.00 2.00 -0.01 0.21 -0.01 -0.13 3.85 -0.01 -0.07 1.91 0.00 -0.00 -0.00 0.00 -0.00 0.54 0.00 0.00 7.85 0.00 0.00 3.95 0.00 -0.00 -0.00 -2.00 0.04 1.24 0.12 0.46 13.83 0.09 0.23 7.10 0.00 -0.00 -0.00 -4.00 0.02 0.33 0.04 0.38 5.47 0.03 0.19 2.73 0.86 7.67 -0.93 -2.16 -11.56 -78.61 -13.15 8.18 -2.90 -1.23 11.39 7.57 -0.10 4.51 -0.09 1.14 1.83 -1.82 1.58 2.77 -2.79 -0.00 0.00 0.00 -2.00 -0.01 -0.22 0.01 -0.14 -3.99 0.01 -0.07 -1.98 -0.00 0.00 0.00 -0.00 0.00 -0.31 -0.00 0.00 -5.23 -0.00 0.00 -2.61 -0.00 0.00 0.00 2.00 0.02 -0.47 -0.03 0.25 -7.12 -0.02 0.12 -3.57 -0.00 0.00 0.00 4.00 0.01 -0.21 -0.02 0.27 -3.84 -0.01 0.13 -1.91
-64.4473 -0.2159 -57.5793 109.81 1.40 -3.86 40.70 -39.85 -34.34 36.88 67.08 76.50 -4.06 -11.46 0.89 -0.00 0.00 0.00 -4.29 -7.06 -1.46 -7.91 12.19 -0.76 5.47 -5.98 4.74 0.00 0.00 0.00 -1.59 0.62 -0.50 -1.48 0.75 -0.16 -1.60 0.81 -0.17 -1.60 0.81 -0.17 -0.77 1.96 2.50 -0.67 1.67 2.13 0.15 9.90 2.65 -9.59 1.57 82.11 15.46 -8.48 7.83 1.75 8.00 0.97 -0.25 14.06 -0.21 -7.56 5.69 5.89 -9.69 7.63 10.21 -0.00 -0.00 0.00 2.00 -0.01 0.21 -0.01 -0.13 3.81 -0.01 -0.07 1.89 -0.00 -0.00 0.00 -0.00 0.00 0.53 -0.00 0.00 7.77 -0.00 0.00 3.91 -0.00 -0.00 0.00 -2.00 0.04 1.23 0.12 0.46 13.77 0.09 0.23 7.07 -0.00 -0.00 0.00 -4.00 0.02 0.33 0.04 0.38 5.44 0.03 0.19 2.71 0.82 7.74 -0.88 -2.51 -10.94 -78.42 -12.77 8.79 -2.75 -0.88 11.76 7.47 -0.11 4.47 -0.10 1.12 1.81 -1.84 1.55 2.75 -2.82 0.00 -0.00 -0.00 -2.00 -0.01 -0.22 0.01 -0.14 -3.95 0.01 -0.07 -1.96 0.00 -0.00 -0.00 -0.00 0.00 -0.31 -0.00 0.00 -5.19 -0.00 0.00 -2.59 0.00 -0.00 -0.00 2.00 0.02 -0.47 -0.03 0.25 -7.08 -0.02 0.12 -3.55 0.00 -0.00 -0.00 4.00 0.01 -0.21 -0.02 0.27 -3.84 -0.01 0.13 -1.91
-64.6855 -0.1875 -58.1021 109.46 1.40 -4.12 45.00 -40.92 -37.93 45.18 67.26 86.82 -4.03 -12.53 0.98 0.00 -0.00 -0.00 -3.37 -6.90 -1.58 -8.42 11.85 -0.76 5.39 -5.79 5.09 -0.00 0.00 0.00 -1.62 0.65 -0.44 -1.56 0.78 -0.13 -1.68 0.84 -0.14 -1.68 0.84 -0.14 -0.52 1.97 2.55 -0.45 1.68 2.17 0.10 10.02 2.64 -9.82 1.60 82.12 15.48 -8.40 7.96 1.87 8.07 1.24 -0.25 14.10 -0.21 -7.62 5.70 5.84 -9.78 7.63 10.15 0.00 0.00 0.00 2.00 -0.01 0.21 -0.01 -0.13 3.75 -0.01 -0.06 1.86 0.00 0.00 0.00 -0.00 0.00 0.52 -0.00 0.00 7.65 -0.00 0.00 3.85 0.00 0.00 0.00 -2.00 0.04 1.22 0.12 0.46 13.68 0.09 0.23 7.02 0.00 0.00 0.00 -4.00 0.02 0.33 0.04 0.38 5.41 0.03 0.19 2.70 0.79 7.81 -0.84 -2.90 -10.27 -78.27 -12.26 9.43 -2.53 -0.51 12.18 7.33 -0.13 4.41 -0.12 1.09 1.79 -1.86 1.50 2.71 -2.84 0.00 -0.00 0.00 -2.00 -0.01 -0.22 0.01 -0.13 -3.89 0.01 -0.07 -1.93 0.00 -0.00 0.00 -0.00 0.00 -0.30 -0.00 0.00 -5.13 -0.00 0.00 -2.56 0.00 -0.00 0.00 2.00 0.02 -0.46 -0.03 0.24 -7.04 -0.02 0.12 -3.53 0.00 -0.00 0.00 4.00 0.01 -0.21 -0.02 0.27 -3.84 -0.01 0.13 -1.91
-64.9428 -0.1863 -58.6703 109.16 1.41 -4.34 49.17 -41.89 -41.61 53.13 66.85 96.73 -3.98 -13.55 0.98 0.00 0.00 0.00 -2.42 -6.81 -1.78 -8.94 11.63 -0.77 5.28 -5.66 5.49 -0.00 0.00 0.00 -1.65 0.67 -0.39 -1.63 0.81 -0.11 -1.76 0.87 -0.12 -1.76 0.87 -0.12 -0.29 1.97 2.59 -0.25 1.68 2.21 0.06 10.13 2.63 -10.03 1.67 82.13 15.46 -8.27 8.08 1.97 8.11 1.52 -0.25 14.14 -0.21 -7.64 5.71 5.78 -9.82 7.63 10.07 -0.00 -0.00 -0.00 2.00 -0.01 0.20 -0.01 -0.13 3.69 -0.01 -0.06 1.83 -0.00 -0.00 -0.00 -0.00 0.00 0.51 -0.00 0.00 7.51 -0.00 0.00 3.77 -0.00 -0.00 -0.00 -2.00 0.04 1.20 0.12 0.45 13.57 0.09 0.23 6.96 -0.00 -0.00 -0.00 -4.00 0.02 0.32 0.04 0.37 5.38 0.03 0.19 2.68 0.77 7.87 -0.79 -3.29 -9.63 -78.16 -11.65 10.05 -2.26 -0.12 12.61 7.14 -0.14 4.36 -0.13 1.06 1.77 -1.87 1.46 2.69 -2.85 0.00 0.00 -0.00 -2.00 -0.01 -0.21 0.01 -0.13 -3.83 0.01 -0.07 -1.90 0.00 0.00 -0.00 -0.00 0.00 -0.30 -0.00 0.00 -5.06 -0.00 0.00 -2.52 0.00 0.00 -0.00 2.00 0.02 -0.46 -0.03 0.24 -6.98 -0.02 0.12 -3.50 0.00 0.00 -0.00 4.00 0.01 -0.21 -0.02 0.27 -3.83 -0.01 0.13 -1.90
-65.1926 -0.2068 -59.2781 108.86 1.41 -4.53 53.10 -42.72 -45.23 60.05 65.99 105.48 -3.89 -14.50 0.91 -0.00 -0.00 -0.00 -1.47 -6.75 -2.02 -9.44 11.50 -0.81 5.12 -5.58 5.92 0.00 -0.00 0.00 -1.68 0.69 -0.34 -1.69 0.83 -0.09 -1.83 0.90 -0.09 -1.83 0.90 -0.09 -0.08 1.95 2.62 -0.08 1.66 2.23 0.02 10.25 2.61 -10.19 1.76 82.13 15.38 -8.11 8.18 2.07 8.15 1.80 -0.25 14.17 -0.21 -7.67 5.72 5.70 -9.87 7.63 9.96 -0.00 0.00 -0.00 2.00 -0.01 0.20 -0.01 -0.13 3.63 -0.01 -0.06 1.80 -0.00 0.00 -0.00 -0.00 0.00 0.49 -0.00 0.00 7.35 -0.00 0.00 3.69 -0.00 0.00 -0.00 -2.00 0.04 1.18 0.12 0.45 13.44 0.09 0.22 6.89 -0.00 0.00 -0.00 -4.00 0.02 0.32 0.04 0.37 5.34 0.03 0.18 2.67 0.75 7.95 -0.75 -3.67 -9.03 -78.10 -10.98 10.61 -1.94 0.27 13.04 6.93 -0.15 4.31 -0.14 1.04 1.75 -1.87 1.43 2.66 -2.85 -0.00 -0.00 0.00 -2.00 -0.01 -0.21 0.01 -0.13 -3.79 0.01 -0.06 -1.88 -0.00 -0.00 0.00 -0.00 0.00 -0.30 -0.00 0.00 -5.02 -0.00 0.00 -2.50 -0.00 -0.00 0.00 2.00 0.02 -0.45 -0.03 0.24 -6.94 -0.02 0.12 -3.48 -0.00 -0.00 0.00 4.00 0.01 -0.21 -0.02 0.27 -3.81 -0.01 0.13 -1.89
-65.4135 -0.2424 -59.8834 108.58 1.41 -4.68 56.78 -43.37 -48.71 65.70 64.85 112.83 -3.77 -15.36 0.79 -0.00 0.00 -0.00 -0.53 -6.70 -2.29 -9.90 11.43 -0.86 4.94 -5.54 6.35 0.00 0.00 0.00 -1.69 0.71 -0.30 -1.74 0.85 -0.07 -1.88 0.92 -0.08 -1.88 0.92 -0.08 0.11 1.94 2.64 0.08 1.65 2.25 0.00 10.35 2.59 -10.35 1.91 82.13 15.23 -7.88 8.28 2.12 8.18 2.04 -0.25 14.19 -0.21 -7.64 5.72 5.59 -9.86 7.64 9.79 0.00 0.00 0.00 2.00 -0.01 0.19 -0.01 -0.12 3.54 -0.01 -0.06 1.76 0.00 0.00 0.00 -0.00 0.00 0.47 -0.00 0.00 7.10 -0.00 0.00 3.56 0.00 0.00 0.00 -2.00 0.04 1.16 0.11 0.45 13.24 0.09 0.22 6.78 0.00 0.00 0.00 -4.00 0.02 0.32 0.04 0.37 5.30 0.03 0.18 2.64 0.75 8.03 -0.71 -4.01 -8.50 -78.09 -10.27 11.08 -1.58 0.65 13.44 6.74 -0.15 4.27 -0.14 1.03 1.73 -1.87 1.41 2.64 -2.86 -0.00 -0.00 -0.00 -2.00 -0.01 -0.21 0.01 -0.13 -3.76 0.01 -0.06 -1.86 -0.00 -0.00 -0.00 -0.00 0.00 -0.29 -0.00 0.00 -4.98 -0.00 0.00 -2.48 -0.00 -0.00 -0.00 2.00 0.02 -0.45 -0.03 0.24 -6.89 -0.02 0.12 -3.46 -0.00 -0.00 -0.00 4.00 0.01 -0.21 -0.02 0.26 -3.79 -0.01 0.13 -1.88
-65.5998 -0.2852 -60.4523 108.30 1.41 -4.80 60.15 -43.85 -51.96 70.08 63.60 118.75 -3.62 -16.12 0.65 -0.00 0.00 -0.00 0.35 -6.65 -2.57 -10.31 11.39 -0.91 4.76 -5.52 6.77 -0.00 0.00 0.00 -1.70 0.73 -0.27 -1.78 0.87 -0.06 -1.92 0.94 -0.07 -1.92 0.94 -0.07 0.27 1.92 2.64 0.22 1.64 2.25 -0.01 10.43 2.57 -10.48 2.09 82.12 15.02 -7.63 8.34 2.15 8.22 2.25 -0.26 14.22 -0.21 -7.64 5.72 5.46 -9.88 7.64 9.59 -0.00 0.00 0.00 2.00 -0.01 0.19 -0.01 -0.12 3.44 -0.01 -0.06 1.71 -0.00 0.00 0.00 0.00 0.00 0.45 0.00 0.00 6.86 -0.00 0.00 3.44 -0.00 0.00 0.00 -2.00 0.04 1.13 0.11 0.44 13.03 0.08 0.22 6.67 -0.00 0.00 0.00 -4.00 0.02 0.32 0.04 0.37 5.26 0.03 0.18 2.63 0.76 8.11 -0.68 -4.26 -8.01 -78.15 -9.53 11.50 -1.19 1.03 13.81 6.61 -0.15 4.25 -0.14 1.03 1.72 -1.88 1.41 2.63 -2.86 0.00 0.00 -0.00 -2.00 -0.01 -0.20 0.01 -0.13 -3.73 0.01 -0.06 -1.85 0.00 0.00 -0.00 -0.00 0.00 -0.29 -0.00 0.00 -4.97 -0.00 0.00 -2.47 0.00 0.00 -0.00 2.00 0.02 -0.45 -0.03 0.24 -6.85 -0.02 0.12 -3.44 0.00 0.00 -0.00 4.00 0.01 -0.21 -0.02 0.26 -3.77 -0.01 0.13 -1.87
-65.7451 -0.3281 -60.9559 108.04 1.41 -4.89 63.24 -44.16 -55.00 73.35 62.36 123.44 -3.41 -16.84 0.48 0.00 -0.00 -0.00 1.16 -6.61 -2.83 -10.67 11.38 -0.96 4.58 -5.52 7.13 0.00 0.00 -0.00 -1.70 0.74 -0.24 -1.80 0.89 -0.05 -1.95 0.96 -0.06 -1.95 0.96 -0.06 0.41 1.91 2.63 0.34 1.63 2.24 -0.03 10.50 2.55 -10.58 2.29 82.10 14.78 -7.36 8.37 2.13 8.28 2.43 -0.26 14.24 -0.21 -7.63 5.72 5.32 -9.90 7.64 9.37 -0.00 -0.00 -0.00 2.00 -0.01 0.18 -0.01 -0.12 3.35 -0.01 -0.06 1.66 -0.00 -0.00 -0.00 0.00 0.00 0.43 0.00 0.00 6.61 0.00 0.00 3.31 -0.00 -0.00 -0.00 -2.00 0.04 1.10 0.11 0.43 12.82 0.08 0.22 6.56 -0.00 -0.00 -0.00 -4.00 0.02 0.31 0.04 0.36 5.23 0.03 0.18 2.61 0.79 8.20 -0.65 -4.38 -7.61 -78.27 -8.82 11.84 -0.82 1.41 14.12 6.56 -0.15 4.27 -0.14 1.02 1.73 -1.88 1.40 2.64 -2.86 -0.00 0.00 -0.00 -2.00 -0.01 -0.20 0.01 -0.13 -3.71 0.01 -0.06 -1.84 -0.00 0.00 -0.00 -0.00 0.00 -0.29 -0.00 0.00 -4.96 -0.00 0.00 -2.47 -0.00 0.00 -0.00 2.00 0.02 -0.44 -0.03 0.24 -6.82 -0.02 0.12 -3.42 -0.00 0.00 -0.00 4.00 0.01 -0.21 -0.02 0.26 -3.76 -0.01 0.13 -1.86
-65.8450 -0.3673 -61.3793 107.78 1.40 -4.94 65.92 -44.32 -57.68 75.64 61.22 126.99 -3.17 -17.48 0.30 -0.00 -0.00 0.00 1.85 -6.56 -3.06 -10.92 11.40 -1.01 4.41 -5.54 7.45 0.00 -0.00 -0.00 -1.69 0.75 -0.22 -1.81 0.90 -0.05 -1.96 0.97 -0.05 -1.96 0.97 -0.05 0.52 1.90 2.61 0.44 1.62 2.23 -0.05 10.56 2.54 -10.65 2.51 82.06 14.51 -7.07 8.37 2.09 8.35 2.58 -0.26 14.25 -0.21 -7.61 5.72 5.17 -9.91 7.64 9.14 0.00 -0.00 -0.00 2.00 -0.01 0.17 -0.01 -0.11 3.25 -0.00 -0.06 1.61 0.00 -0.00 -0.00 0.00 0.00 0.40 0.00 0.00 6.36 0.00 0.00 3.18 0.00 -0.00 -0.00 -2.00 0.04 1.07 0.10 0.43 12.61 0.08 0.21 6.45 0.00 -0.00 -0.00 -4.00 0.02 0.31 0.03 0.36 5.19 0.03 0.18 2.59 0.83 8.29 -0.63 -4.38 -7.27 -78.44 -8.16 12.09 -0.49 1.76 14.37 6.60 -0.15 4.27 -0.14 1.04 1.73 -1.88 1.43 2.64 -2.86 -0.00 -0.00 -0.00 -2.00 -0.01 -0.20 0.01 -0.13 -3.71 0.01 -0.06 -1.84 -0.00 -0.00 -0.00 -0.00 -0.00 -0.29 -0.00 -0.00 -4.97 -0.00 -0.00 -2.48 -0.00 -0.00 -0.00 2.00 0.02 -0.44 -0.03 0.24 -6.80 -0.02 0.12 -3.41 -0.00 -0.00 -0.00 4.00 0.01 -0.21 -0.02 0.26 -3.75 -0.01 0.13 -1.86
-65.9025 -0.4018 -61.7042 107.55 1.39 -4.96 68.14 -44.35 -59.92 77.09 60.26 129.51 -2.91 -18.02 0.12 -0.00 0.00 -0.00 2.40 -6.53 -3.25 -11.08 11.46 -1.05 4.25 -5.57 7.68 0.00 0.00 -0.00 -1.67 0.76 -0.20 -1.81 0.91 -0.04 -1.96 0.98 -0.05 -1.96 0.98 -0.05 0.62 1.89 2.59 0.53 1.61 2.20 -0.06 10.60 2.52 -10.68 2.73 82.01 14.21 -6.69 8.34 2.00 8.45 2.72 -0.26 14.24 -0.22 -7.58 5.70 4.98 -9.91 7.62 8.85 0.00 0.00 0.00 2.00 -0.01 0.17 -0.01 -0.11 3.14 -0.00 -0.05 1.56 0.00 0.00 0.00 0.00 0.00 0.38 0.00 0.00 6.06 0.00 0.00 3.03 0.00 0.00 0.00 -2.00 0.04 1.04 0.10 0.42 12.32 0.07 0.21 6.30 0.00 0.00 0.00 -4.00 0.02 0.31 0.03 0.36 5.16 0.03 0.18 2.57 0.89 8.38 -0.60 -4.27 -7.01 -78.65 -7.60 12.26 -0.21 2.05 14.56 6.71 -0.14 4.30 -0.13 1.06 1.74 -1.87 1.45 2.65 -2.86 -0.00 -0.00 -0.00 -2.00 -0.01 -0.20 0.01 -0.13 -3.71 0.01 -0.06 -1.84 -0.00 -0.00 -0.00 -0.00 -0.00 -0.29 -0.00 -0.00 -4.98 -0.00 -0.00 -2.48 -0.00 -0.00 -0.00 2.00 0.02 -0.44 -0.03 0.23 -6.79 -0.02 0.12 -3.40 -0.00 -0.00 -0.00 4.00 0.01 -0.21 -0.02 0.26 -3.74 -0.01 0.13 -1.86
-65.9192 -0.4296 -61.9351 107.36 1.37 -4.97 69.85 -44.32 -61.68 77.89 59.49 131.17 -2.65 -18.45 -0.05 0.00 -0.00 0.00 2.80 -6.52 -3.39 -11.15 11.56 -1.08 4.13 -5.63 7.85 -0.00 -0.00 0.00 -1.66 0.77 -0.18 -1.81 0.92 -0.04 -1.96 1.00 -0.05 -1.96 1.00 -0.05 0.71 1.89 2.57 0.60 1.61 2.18 -0.07 10.63 2.50 -10.69 2.94 81.95 13.89 -6.25 8.29 1.89 8.60 2.85 -0.27 14.24 -0.22 -7.56 5.69 4.80 -9.92 7.61 8.57 -0.00 0.00 -0.00 2.00 -0.01 0.16 -0.00 -0.10 3.05 -0.00 -0.05 1.51 -0.00 0.00 -0.00 0.00 0.00 0.36 0.00 0.00 5.81 0.00 0.00 2.90 -0.00 0.00 -0.00 -2.00 0.04 1.00 0.10 0.41 12.07 0.07 0.20 6.16 -0.00 0.00 -0.00 -4.00 0.02 0.30 0.03 0.36 5.13 0.03 0.18 2.56 0.95 8.47 -0.56 -4.08 -6.77 -78.91 -7.15 12.29 -0.00 2.26 14.65 6.86 -0.14 4.33 -0.13 1.07 1.76 -1.86 1.48 2.67 -2.84 -0.00 0.00 0.00 -2.00 -0.01 -0.20 0.01 -0.13 -3.72 0.01 -0.06 -1.85 -0.00 0.00 0.00 -0.00 -0.00 -0.29 -0.00 -0.00 -5.00 -0.00 -0.00 -2.49 -0.00 0.00 0.00 2.00 0.02 -0.44 -0.03 0.23 -6.77 -0.02 0.12 -3.39 -0.00 0.00 0.00 4.00 0.01 -0.21 -0.02 0.26 -3.75 -0.01 0.13 -1.86
-65.9007 -0.4479 -62.0587 107.21 1.35 -4.96 70.88 -44.31 -62.81 78.09 58.98 131.88 -2.39 -18.81 -0.18 0.00 0.00 -0.00 3.01 -6.53 -3.47 -11.14 11.71 -1.11 4.05 -5.71 7.95 -0.00 -0.00 -0.00 -1.64 0.78 -0.16 -1.81 0.93 -0.04 -1.95 1.00 -0.04 -1.95 1.00 -0.04 0.77 1.89 2.55 0.65 1.61 2.17 -0.07 10.65 2.49 -10.68 3.14 81.87 13.58 -5.75 8.22 1.76 8.78 2.98 -0.27 14.24 -0.22 -7.54 5.68 4.65 -9.93 7.60 8.33 -0.00 0.00 0.00 2.00 -0.01 0.16 -0.00 -0.10 2.97 -0.00 -0.05 1.47 -0.00 0.00 0.00 0.00 0.00 0.34 0.00 0.00 5.58 0.00 0.00 2.78 -0.00 0.00 0.00 -2.00 0.03 0.97 0.09 0.40 11.84 0.07 0.20 6.04 -0.00 0.00 0.00 -4.00 0.02 0.30 0.03 0.36 5.11 0.02 0.18 2.55 1.02 8.56 -0.52 -3.86 -6.56 -79.19 -6.82 12.19 0.14 2.40 14.68 7.00 -0.13 4.35 -0.12 1.08 1.76 -1.84 1.49 2.68 -2.82 0.00 -0.00 -0.00 -2.00 -0.01 -0.21 0.01 -0.13 -3.74 0.01 -0.06 -1.85 0.00 -0.00 -0.00 -0.00 -0.00 -0.30 -0.00 -0.00 -5.03 -0.00 -0.00 -2.51 0.00 -0.00 -0.00 2.00 0.02 -0.44 -0.03 0.23 -6.78 -0.02 0.12 -3.40 0.00 -0.00 -0.00 4.00 0.01 -0.21 -0.02 0.26 -3.76 -0.01 0.13 -1.87
-65.8346 -0.4615 -62.0837 107.14 1.32 -4.93 71.22 -44.34 -63.28 77.88 58.72 131.82 -2.15 -19.09 -0.28 -0.00 0.00 0.00 3.03 -6.55 -3.50 -11.05 11.89 -1.14 4.01 -5.82 7.97 0.00 -0.00 -0.00 -1.63 0.79 -0.15 -1.81 0.94 -0.04 -1.96 1.01 -0.05 -1.96 1.01 -0.05 0.82 1.90 2.54 0.69 1.62 2.16 -0.05 10.66 2.48 -10.67 3.32 81.79 13.30 -5.22 8.15 1.63 9.01 3.10 -0.27 14.26 -0.22 -7.53 5.68 4.52 -9.94 7.60 8.14 0.00 0.00 0.00 2.00 -0.01 0.15 -0.00 -0.10 2.91 -0.00 -0.05 1.44 0.00 0.00 0.00 0.00 0.00 0.33 0.00 0.00 5.40 0.00 0.00 2.69 0.00 0.00 0.00 -2.00 0.03 0.95 0.09 0.40 11.65 0.07 0.20 5.94 0.00 0.00 0.00 -4.00 0.02 0.30 0.03 0.35 5.09 0.02 0.18 2.54 1.11 8.64 -0.45 -3.69 -6.34 -79.48 -6.60 11.99 0.23 2.46 14.65 7.09 -0.12 4.37 -0.11 1.08 1.77 -1.83 1.49 2.69 -2.79 0.00 -0.00 0.00 -2.00 -0.01 -0.21 0.01 -0.13 -3.75 0.01 -0.06 -1.86 0.00 -0.00 0.00 -0.00 0.00 -0.30 -0.00 0.00 -5.05 -0.00 0.00 -2.52 0.00 -0.00 0.00 2.00 0.02 -0.44 -0.03 0.23 -6.77 -0.02 0.12 -3.39 0.00 -0.00 0.00 4.00 0.01 -0.21 -0.02 0.26 -3.77 -0.01 0.13 -1.87
-65.7310 -0.4682 -62.0270 107.13 1.27 -4.88 70.92 -44.43 -63.13 77.37 58.70 131.09 -1.95 -19.32 -0.35 0.00 0.00 0.00 2.89 -6.56 -3.49 -10.90 12.07 -1.17 4.01 -5.95 7.93 0.00 -0.00 0.00 -1.62 0.79 -0.15 -1.81 0.94 -0.05 -1.96 1.01 -0.06 -1.96 1.01 -0.06 0.84 1.93 2.54 0.71 1.65 2.16 -0.02 10.68 2.47 -10.64 3.48 81.71 13.03 -4.61 8.06 1.50 9.28 3.24 -0.27 14.32 -0.22 -7.54 5.70 4.40 -9.98 7.63 7.96 0.00 0.00 0.00 2.00 -0.01 0.15 -0.00 -0.10 2.85 -0.00 -0.05 1.41 0.00 0.00 0.00 0.00 0.00 0.31 0.00 0.00 5.20 0.00 0.00 2.59 0.00 0.00 0.00 -2.00 0.03 0.93 0.09 0.39 11.44 0.07 0.19 5.83 0.00 0.00 0.00 -4.00 0.02 0.30 0.03 0.35 5.08 0.02 0.18 2.53 1.19 8.72 -0.36 -3.57 -6.11 -79.77 -6.49 11.71 0.26 2.45 14.58 7.13 -0.12 4.40 -0.11 1.08 1.78 -1.81 1.49 2.70 -2.76 -0.00 -0.00 0.00 -2.00 -0.01 -0.21 0.01 -0.13 -3.76 0.01 -0.06 -1.86 -0.00 -0.00 0.00 -0.00 -0.00 -0.30 -0.00 0.00 -5.07 -0.00 0.00 -2.53 -0.00 -0.00 0.00 2.00 0.02 -0.44 -0.03 0.23 -6.78 -0.02 0.12 -3.40 -0.00 -0.00 0.00 4.00 0.01 -0.21 -0.02 0.26 -3.78 -0.01 0.13 -1.87
-65.5946 -0.4686 -61.8988 107.18 1.23 -4.82 69.98 -44.59 -62.38 76.62 58.91 129.77 -1.79 -19.47 -0.40 -0.00 0.00 -0.00 2.61 -6.55 -3.44 -10.71 12.23 -1.18 4.04 -6.07 7.84 -0.00 -0.00 -0.00 -1.61 0.78 -0.15 -1.82 0.93 -0.07 -1.96 1.01 -0.07 -1.96 1.01 -0.07 0.83 1.99 2.56 0.70 1.70 2.18 0.01 10.72 2.46 -10.59 3.63 81.62 12.80 -3.95 7.95 1.39 9.59 3.40 -0.27 14.35 -0.22 -7.55 5.70 4.30 -10.01 7.63 7.82 0.00 0.00 -0.00 2.00 -0.01 0.15 -0.00 -0.10 2.81 -0.00 -0.05 1.39 0.00 0.00 -0.00 0.00 0.00 0.30 0.00 0.00 5.06 0.00 0.00 2.52 0.00 0.00 -0.00 -2.00 0.03 0.90 0.09 0.38 11.27 0.06 0.19 5.74 0.00 0.00 -0.00 -4.00 0.02 0.30 0.03 0.35 5.07 0.02 0.18 2.53 1.27 8.79 -0.25 -3.54 -5.86 -80.05 -6.50 11.38 0.26 2.39 14.49 7.07 -0.12 4.41 -0.11 1.06 1.79 -1.79 1.47 2.71 -2.74 -0.00 0.00 -0.00 -2.00 -0.01 -0.21 0.01 -0.13 -3.76 0.01 -0.06 -1.87 -0.00 0.00 -0.00 -0.00 0.00 -0.30 -0.00 0.00 -5.08 -0.00 0.00 -2.53 -0.00 0.00 -0.00 2.00 0.02 -0.44 -0.03 0.23 -6.78 -0.02 0.12 -3.40 -0.00 0.00 -0.00 4.00 0.01 -0.21 -0.02 0.26 -3.78 -0.01 0.13 -1.88
-65.4102 -0.4568 -61.6907 107.28 1.18 -4.73 68.18 -44.83 -60.80 75.53 59.40 127.60 -1.67 -19.50 -0.47 -0.00 -0.00 -0.00 2.18 -6.50 -3.34 -10.43 12.33 -1.19 4.08 -6.18 7.69 -0.00 -0.00 0.00 -1.61 0.77 -0.16 -1.82 0.92 -0.09 -1.97 0.99 -0.10 -1.97 0.99 -0.10 0.81 2.06 2.58 0.68 1.76 2.19 0.06 10.76 2.46 -10.54 3.75 81.55 12.59 -3.29 7.84 1.28 9.89 3.56 -0.27 14.41 -0.22 -7.56 5.72 4.22 -10.04 7.65 7.70 -0.00 0.00 0.00 2.00 -0.01 0.14 -0.00 -0.10 2.78 -0.00 -0.05 1.37 -0.00 0.00 0.00 0.00 0.00 0.29 0.00 0.00 4.94 0.00 0.00 2.46 -0.00 0.00 0.00 -2.00 0.03 0.89 0.08 0.38 11.15 0.06 0.19 5.67 -0.00 0.00 0.00 -4.00 0.02 0.30 0.03 0.35 5.07 0.02 0.17 2.53 1.36 8.86 -0.15 -3.57 -5.60 -80.31 -6.59 11.07 0.21 2.28 14.42 6.95 -0.12 4.41 -0.11 1.05 1.79 -1.78 1.45 2.71 -2.73 0.00 -0.00 0.00 -2.00 -0.01 -0.21 0.01 -0.13 -3.75 0.01 -0.06 -1.86 0.00 -0.00 0.00 0.00 -0.00 -0.30 0.00 -0.00 -5.07 0.00 -0.00 -2.53 0.00 -0.00 0.00 2.00 0.02 -0.44 -0.03 0.23 -6.78 -0.02 0.12 -3.40 0.00 -0.00 0.00 4.00 0.01 -0.21 -0.02 0.26 -3.79 -0.01 0.13 -1.88
-65.1845 -0.4371 -61.4180 107.47 1.12 -4.62 65.67 -45.08 -58.58 74.11 60.09 124.73 -1.57 -19.42 -0.56 0.00 -0.00 0.00 1.63 -6.39 -3.22 -10.10 12.35 -1.18 4.11 -6.26 7.49 0.00 0.00 -0.00 -1.61 0.75 -0.18 -1.83 0.90 -0.12 -1.98 0.97 -0.13 -1.98 0.97 -0.13 0.76 2.15 2.60 0.64 1.84 2.21 0.15 10.78 2.45 -10.53 3.87 81.50 12.40 -2.65 7.71 1.19 10.16 3.71 -0.27 14.44 -0.22 -7.57 5.73 4.14 -10.07 7.67 7.59 0.00 -0.00 -0.00 2.00 -0.00 0.14 -0.00 -0.10 2.76 -0.00 -0.05 1.36 0.00 -0.00 -0.00 0.00 0.00 0.28 0.00 0.00 4.85 0.00 0.00 2.42 0.00 -0.00 -0.00 -2.00 0.03 0.88 0.08 0.38 11.04 0.06 0.19 5.62 0.00 -0.00 -0.00 -4.00 0.02 0.30 0.03 0.35 5.07 0.02 0.17 2.53 1.50 8.88 -0.06 -3.70 -5.33 -80.51 -6.74 10.80 0.15 2.15 14.37 6.78 -0.12 4.42 -0.11 1.04 1.79 -1.78 1.44 2.72 -2.72 -0.00 0.00 0.00 -2.00 -0.01 -0.21 0.01 -0.13 -3.75 0.01 -0.06 -1.86 -0.00 0.00 0.00 0.00 -0.00 -0.30 0.00 -0.00 -5.06 0.00 -0.00 -2.52 -0.00 0.00 0.00 2.00 0.02 -0.44 -0.03 0.23 -6.77 -0.02 0.12 -3.39 -0.00 0.00 0.00 4.00 0.01 -0.21 -0.02 0.26 -3.79 -0.01 0.13 -1.88
-64.9298 -0.4133 -61.1056 107.72 1.07 -4.48 62.60 -45.29 -55.87 72.34 60.86 121.23 -1.48 -19.27 -0.66 0.00 0.00 -0.00 0.99 -6.24 -3.10 -9.73 12.30 -1.15 4.13 -6.31 7.26 -0.00 0.00 -0.00 -1.61 0.73 -0.20 -1.84 0.87 -0.15 -1.99 0.94 -0.16 -1.99 0.94 -0.16 0.68 2.26 2.61 0.57 1.93 2.22 0.22 10.81 2.43 -10.52 3.95 81.46 12.22 -2.02 7.58 1.08 10.43 3.85 -0.27 14.46 -0.22 -7.56 5.73 4.05 -10.08 7.67 7.45 -0.00 -0.00 -0.00 2.00 -0.00 0.14 -0.00 -0.10 2.74 -0.00 -0.05 1.36 -0.00 -0.00 -0.00 0.00 0.00 0.28 0.00 0.00 4.78 0.00 0.00 2.38 -0.00 -0.00 -0.00 -2.00 0.03 0.87 0.08 0.37 10.97 0.06 0.19 5.58 -0.00 -0.00 -0.00 -4.00 0.02 0.30 0.03 0.35 5.08 0.02 0.18 2.53 1.64 8.90 0.01 -3.87 -5.06 -80.67 -6.93 10.62 0.06 2.02 14.36 6.59 -0.12 4.43 -0.11 1.04 1.79 -1.78 1.44 2.72 -2.72 0.00 -0.00 -0.00 -2.00 -0.01 -0.21 0.01 -0.13 -3.75 0.01 -0.06 -1.86 0.00 -0.00 -0.00 -0.00 -0.00 -0.30 0.00 -0.00 -5.05 0.00 -0.00 -2.52 0.00 -0.00 -0.00 2.00 0.02 -0.44 -0.03 0.23 -6.77 -0.02 0.12 -3.39 0.00 -0.00 -0.00 4.00 0.01 -0.21 -0.02 0.26 -3.79 -0.01 0.13 -1.88
-64.6592 -0.3874 -60.7793 108.01 1.01 -4.32 59.06 -45.40 -52.78 70.15 61.66 117.08 -1.38 -19.04 -0.78 0.00 0.00 -0.00 0.30 -6.05 -2.99 -9.35 12.20 -1.10 4.13 -6.34 7.02 0.00 -0.00 0.00 -1.61 0.70 -0.22 -1.84 0.84 -0.19 -1.99 0.90 -0.21 -1.99 0.90 -0.21 0.58 2.37 2.60 0.49 2.02 2.22 0.29 10.83 2.42 -10.53 4.01 81.43 12.04 -1.43 7.43 0.97 10.68 3.96 -0.27 14.48 -0.22 -7.56 5.74 3.97 -10.09 7.68 7.33 0.00 0.00 -0.00 2.00 -0.00 0.14 -0.00 -0.10 2.73 -0.00 -0.05 1.35 0.00 0.00 -0.00 0.00 0.00 0.27 0.00 0.00 4.72 0.00 0.00 2.35 0.00 0.00 -0.00 -2.00 0.03 0.87 0.08 0.37 10.94 0.06 0.19 5.56 0.00 0.00 -0.00 -4.00 0.02 0.30 0.03 0.35 5.11 0.02 0.18 2.54 1.77 8.90 0.06 -4.02 -4.83 -80.78 -7.15 10.54 -0.02 1.90 14.38 6.40 -0.12 4.44 -0.11 1.04 1.80 -1.78 1.43 2.73 -2.72 -0.00 0.00 -0.00 -2.00 -0.01 -0.21 0.01 -0.13 -3.74 0.01 -0.06 -1.86 -0.00 0.00 -0.00 0.00 -0.00 -0.30 0.00 -0.00 -5.04 0.00 -0.00 -2.51 -0.00 0.00 -0.00 2.00 0.02 -0.44 -0.03 0.23 -6.77 -0.02 0.12 -3.39 -0.00 0.00 -0.00 4.00 0.01 -0.21 -0.02 0.26 -3.78 -0.01 0.13 -1.87
-64.3624 -0.3580 -60.4479 108.35 0.94 -4.16 54.82 -45.33 -49.06 67.06 62.50 111.71 -1.26 -18.75 -0.98 -0.00 -0.00 -0.00 -0.41 -5.82 -2.88 -8.95 12.04 -1.05 4.11 -6.36 6.77 -0.00 0.00 0.00 -1.60 0.67 -0.25 -1.85 0.80 -0.23 -1.99 0.86 -0.25 -1.99 0.86 -0.25 0.45 2.49 2.59 0.38 2.12 2.20 0.35 10.84 2.40 -10.56 4.05 81.43 11.86 -0.89 7.27 0.86 10.92 4.06 -0.27 14.49 -0.22 -7.55 5.74 3.90 -10.10 7.69 7.22 0.00 0.00 -0.00 2.00 -0.00 0.14 -0.00 -0.10 2.73 -0.00 -0.05 1.35 0.00 0.00 -0.00 0.00 0.00 0.27 0.00 0.00 4.69 0.00 0.00 2.33 0.00 0.00 -0.00 -2.00 0.03 0.87 0.08 0.37 10.97 0.06 0.19 5.58 0.00 0.00 -0.00 -4.00 0.02 0.31 0.03 0.36 5.13 0.02 0.18 2.56 1.89 8.88 0.09 -4.13 -4.64 -80.85 -7.38 10.57 -0.11 1.80 14.40 6.24 -0.12 4.44 -0.12 1.04 1.80 -1.78 1.43 2.73 -2.73 0.00 -0.00 -0.00 -2.00 -0.01 -0.21 0.01 -0.13 -3.74 0.01 -0.06 -1.86 0.00 -0.00 -0.00 -0.00 0.00 -0.30 -0.00 -0.00 -5.04 -0.00 -0.00 -2.51 0.00 -0.00 -0.00 2.00 0.02 -0.44 -0.03 0.23 -6.77 -0.02 0.12 -3.39 0.00 -0.00 -0.00 4.00 0.01 -0.21 -0.02 0.26 -3.77 -0.01 0.13 -1.87
-64.0438 -0.3341 -60.1319 108.77 0.87 -3.98 50.03 -44.94 -44.87 62.89 63.23 105.02 -1.14 -18.44 -1.28 -0.00 -0.00 0.00 -1.15 -5.54 -2.79 -8.57 11.85 -0.99 4.04 -6.38 6.53 0.00 0.00 -0.00 -1.60 0.64 -0.28 -1.85 0.76 -0.27 -2.00 0.82 -0.29 -2.00 0.82 -0.29 0.30 2.61 2.56 0.25 2.22 2.18 0.44 10.81 2.36 -10.64 4.10 81.46 11.68 -0.39 7.11 0.74 11.16 4.13 -0.27 14.50 -0.22 -7.54 5.74 3.84 -10.09 7.69 7.13 0.00 0.00 -0.00 2.00 -0.00 0.14 -0.00 -0.10 2.73 -0.00 -0.05 1.35 0.00 0.00 -0.00 0.00 0.00 0.27 0.00 0.00 4.67 0.00 0.00 2.32 0.00 0.00 -0.00 -2.00 0.03 0.88 0.08 0.37 11.03 0.06 0.19 5.61 0.00 0.00 -0.00 -4.00 0.02 0.31 0.03 0.36 5.16 0.03 0.18 2.57 2.04 8.80 0.10 -4.24 -4.45 -80.88 -7.60 10.65 -0.19 1.73 14.44 6.12 -0.12 4.45 -0.12 1.04 1.80 -1.79 1.42 2.74 -2.73 0.00 -0.00 0.00 -2.00 -0.01 -0.21 0.01 -0.13 -3.74 0.01 -0.06 -1.85 0.00 -0.00 0.00 0.00 -0.00 -0.30 0.00 -0.00 -5.04 0.00 -0.00 -2.51 0.00 -0.00 0.00 2.00 0.02 -0.44 -0.03 0.23 -6.77 -0.02 0.12 -3.39 0.00 -0.00 0.00 4.00 0.01 -0.21 -0.02 0.26 -3.76 -0.01 0.13 -1.87
-63.7113 -0.3161 -59.8453 109.23 0.80 -3.81 45.14 -44.19 -40.61 57.78 63.73 97.37 -0.99 -18.09 -1.69 -0.00 0.00 -0.00 -1.85 -5.24 -2.73 -8.24 11.63 -0.93 3.95 -6.40 6.31 0.00 -0.00 -0.00 -1.60 0.60 -0.31 -1.85 0.72 -0.31 -2.00 0.77 -0.34 -2.00 0.77 -0.34 0.12 2.73 2.52 0.10 2.32 2.15 0.51 10.76 2.32 -10.70 4.10 81.52 11.49 0.12 6.90 0.61 11.41 4.19 -0.27 14.52 -0.22 -7.53 5.74 3.78 -10.09 7.70 7.04 -0.00 0.00 0.00 2.00 -0.00 0.14 -0.00 -0.10 2.74 -0.00 -0.05 1.35 -0.00 0.00 0.00 -0.00 0.00 0.27 -0.00 0.00 4.67 -0.00 -0.00 2.33 -0.00 0.00 0.00 -2.00 0.03 0.89 0.08 0.38 11.12 0.06 0.19 5.66 -0.00 0.00 0.00 -4.00 0.02 0.31 0.03 0.36 5.19 0.03 0.18 2.59 2.16 8.69 0.10 -4.32 -4.26 -80.89 -7.81 10.76 -0.25 1.67 14.46 6.04 -0.12 4.47 -0.11 1.04 1.81 -1.79 1.43 2.75 -2.73 -0.00 0.00 -0.00 -2.00 -0.01 -0.21 0.01 -0.13 -3.74 0.01 -0.06 -1.85 -0.00 0.00 -0.00 0.00 0.00 -0.30 -0.00 0.00 -5.04 -0.00 0.00 -2.51 -0.00 0.00 -0.00 2.00 0.02 -0.44 -0.03 0.23 -6.77 -0.02 0.12 -3.39 -0.00 0.00 -0.00 4.00 0.01 -0.21 -0.02 0.26 -3.75 -0.01 0.13 -1.86
-63.3658 -0.3013 -59.5894 109.72 0.73 -3.64 40.15 -43.02 -36.26 51.59 63.80 88.56 -0.81 -17.67 -2.21 0.00 0.00 -0.00 -2.50 -4.91 -2.67 -8.00 11.38 -0.88 3.87 -6.43 6.11 0.00 -0.00 0.00 -1.58 0.56 -0.34 -1.83 0.67 -0.36 -1.98 0.72 -0.39 -1.98 0.72 -0.39 -0.08 2.84 2.47 -0.07 2.42 2.10 0.55 10.68 2.27 -10.77 4.07 81.60 11.29 0.66 6.67 0.47 11.68 4.21 -0.27 14.54 -0.22 -7.51 5.75 3.74 -10.07 7.71 6.98 -0.00 -0.00 -0.00 2.00 -0.00 0.14 -0.01 -0.10 2.76 -0.00 -0.05 1.36 -0.00 -0.00 -0.00 -0.00 0.00 0.27 -0.00 0.00 4.71 -0.00 -0.00 2.34 -0.00 -0.00 -0.00 -2.00 0.03 0.90 0.08 0.38 11.23 0.06 0.19 5.71 -0.00 -0.00 -0.00 -4.00 0.02 0.31 0.03 0.36 5.22 0.03 0.18 2.60 2.26 8.55 0.09 -4.30 -4.13 -80.88 -7.98 10.88 -0.31 1.62 14.45 6.00 -0.12 4.48 -0.11 1.04 1.82 -1.78 1.43 2.75 -2.72 0.00 -0.00 0.00 -2.00 -0.01 -0.20 0.01 -0.13 -3.73 0.01 -0.06 -1.85 0.00 -0.00 0.00 -0.00 0.00 -0.30 -0.00 0.00 -5.04 -0.00 0.00 -2.51 0.00 -0.00 0.00 2.00 0.02 -0.44 -0.03 0.23 -6.76 -0.02 0.12 -3.39 0.00 -0.00 0.00 4.00 0.01 -0.21 -0.02 0.26 -3.74 -0.01 0.13 -1.86
-62.9737 -0.2853 -59.3519 110.21 0.66 -3.48 34.95 -41.34 -31.73 44.18 63.03 78.24 -0.72 -17.14 -2.84 -0.00 0.00 -0.00 -3.07 -4.52 -2.61 -7.88 11.08 -0.84 3.81 -6.47 5.91 -0.00 0.00 -0.00 -1.55 0.52 -0.37 -1.81 0.62 -0.39 -1.95 0.67 -0.43 -1.95 0.67 -0.43 -0.29 2.95 2.40 -0.25 2.52 2.05 0.59 10.59 2.21 -10.84 4.01 81.70 11.09 1.22 6.43 0.33 11.96 4.22 -0.27 14.55 -0.22 -7.50 5.76 3.71 -10.06 7.72 6.93 -0.00 -0.00 -0.00 2.00 -0.01 0.14 -0.01 -0.10 2.78 -0.00 -0.05 1.38 -0.00 -0.00 -0.00 -0.00 0.00 0.28 -0.00 0.00 4.73 -0.00 -0.00 2.36 -0.00 -0.00 -0.00 -2.00 0.03 0.91 0.08 0.38 11.31 0.06 0.19 5.76 -0.00 -0.00 -0.00 -4.00 0.02 0.31 0.04 0.36 5.25 0.03 0.18 2.62 2.34 8.38 0.07 -4.21 -4.04 -80.84 -8.12 10.97 -0.36 1.58 14.43 5.99 -0.12 4.51 -0.11 1.04 1.82 -1.77 1.44 2.77 -2.71 0.00 0.00 0.00 -2.00 -0.01 -0.20 0.01 -0.13 -3.72 0.01 -0.06 -1.85 0.00 0.00 0.00 0.00 0.00 -0.30 0.00 -0.00 -5.03 0.00 -0.00 -2.51 0.00 0.00 0.00 2.00 0.02 -0.44 -0.03 0.23 -6.73 -0.02 0.12 -3.37 0.00 0.00 0.00 4.00 0.01 -0.20 -0.02 0.26 -3.72 -0.01 0.13 -1.85
-62.5427 -0.2676 -59.1236 110.70 0.58 -3.33 29.91 -39.17 -27.34 36.82 61.19 67.74 -0.73 -16.54 -3.52 0.00 0.00 -0.00 -3.58 -4.07 -2.54 -7.84 10.72 -0.81 3.79 -6.54 5.71 0.00 0.00 0.00 -1.52 0.48 -0.40 -1.78 0.57 -0.43 -1.92 0.62 -0.47 -1.92 0.62 -0.47 -0.51 3.05 2.33 -0.44 2.60 1.98 0.68 10.42 2.15 -10.97 3.97 81.80 10.88 1.75 6.21 0.20 12.26 4.22 -0.27 14.53 -0.22 -7.50 5.74 3.70 -10.06 7.71 6.90 0.00 -0.00 0.00 2.00 -0.01 0.15 -0.01 -0.10 2.82 -0.00 -0.05 1.39 0.00 -0.00 0.00 -0.00 0.00 0.28 -0.00 0.00 4.77 -0.00 0.00 2.38 0.00 -0.00 0.00 -2.00 0.03 0.92 0.08 0.39 11.37 0.06 0.19 5.79 0.00 -0.00 0.00 -4.00 0.02 0.32 0.04 0.37 5.28 0.03 0.18 2.63 2.47 8.14 0.03 -4.12 -3.96 -80.76 -8.23 11.01 -0.40 1.55 14.42 5.98 -0.11 4.52 -0.11 1.05 1.83 -1.76 1.44 2.78 -2.70 0.00 -0.00 0.00 -2.00 -0.01 -0.20 0.01 -0.13 -3.72 0.01 -0.06 -1.84 0.00 -0.00 0.00 0.00 0.00 -0.30 0.00 -0.00 -5.03 0.00 -0.00 -2.51 0.00 -0.00 0.00 2.00 0.02 -0.43 -0.03 0.23 -6.71 -0.02 0.12 -3.36 0.00 -0.00 0.00 4.00 0.01 -0.20 -0.02 0.26 -3.71 -0.01 0.13 -1.84
-62.0840 -0.2508 -58.8999 111.14 0.51 -3.18 25.35 -36.59 -23.34 30.41 58.27 58.01 -0.90 -15.84 -4.11 0.00 -0.00 -0.00 -4.02 -3.60 -2.48 -7.85 10.33 -0.77 3.79 -6.63 5.52 0.00 0.00 0.00 -1.47 0.44 -0.42 -1.72 0.52 -0.47 -1.86 0.56 -0.51 -1.86 0.56 -0.51 -0.73 3.13 2.23 -0.63 2.67 1.90 0.74 10.21 2.10 -11.06 3.90 81.90 10.68 2.31 5.97 0.08 12.58 4.22 -0.27 14.58 -0.22 -7.50 5.76 3.70 -10.06 7.74 6.91 0.00 0.00 0.00 2.00 -0.01 0.15 -0.01 -0.10 2.87 -0.00 -0.05 1.42 0.00 0.00 0.00 -0.00 0.00 0.28 -0.00 0.00 4.85 -0.00 0.00 2.41 0.00 0.00 0.00 -2.00 0.03 0.93 0.08 0.39 11.45 0.06 0.19 5.83 0.00 0.00 0.00 -4.00 0.02 0.32 0.04 0.37 5.33 0.03 0.18 2.66 2.57 7.88 -0.05 -4.01 -3.88 -80.64 -8.33 10.99 -0.42 1.53 14.41 5.96 -0.11 4.54 -0.10 1.05 1.84 -1.76 1.44 2.79 -2.69 0.00 0.00 0.00 -2.00 -0.01 -0.20 0.01 -0.13 -3.71 0.01 -0.06 -1.84 0.00 0.00 0.00 0.00 -0.00 -0.30 0.00 -0.00 -5.02 0.00 -0.00 -2.50 0.00 0.00 0.00 2.00 0.02 -0.43 -0.03 0.23 -6.69 -0.02 0.11 -3.35 0.00 0.00 0.00 4.00 0.01 -0.20 -0.02 0.26 -3.68 -0.01 0.13 -1.83
-61.6090 -0.2378 -58.6759 111.53 0.45 -3.01 21.48 -33.46 -19.72 25.00 54.38 49.20 -1.10 -15.11 -4.56 0.00 -0.00 -0.00 -4.41 -3.12 -2.43 -7.90 9.92 -0.74 3.83 -6.73 5.32 0.00 0.00 0.00 -1.40 0.40 -0.45 -1.64 0.47 -0.50 -1.77 0.51 -0.55 -1.77 0.51 -0.55 -0.95 3.19 2.12 -0.81 2.71 1.81 0.79 9.97 2.04 -11.12 3.80 81.97 10.52 2.84 5.74 -0.03 12.88 4.23 -0.27 14.63 -0.22 -7.50 5.78 3.72 -10.05 7.77 6.95 0.00 0.00 -0.00 2.00 -0.01 0.15 -0.01 -0.10 2.93 -0.00 -0.05 1.45 0.00 0.00 -0.00 -0.00 0.00 0.29 -0.00 0.00 4.93 -0.00 0.00 2.45 0.00 0.00 -0.00 -2.00 0.03 0.93 0.08 0.39 11.52 0.06 0.19 5.87 0.00 0.00 -0.00 -4.00 0.02 0.32 0.04 0.37 5.37 0.03 0.19 2.68 2.66 7.60 -0.17 -3.79 -3.87 -80.47 -8.42 10.93 -0.46 1.51 14.37 5.95 -0.11 4.61 -0.10 1.06 1.87 -1.76 1.46 2.83 -2.69 0.00 0.00 -0.00 -2.00 -0.01 -0.20 0.01 -0.13 -3.71 0.01 -0.06 -1.84 0.00 0.00 -0.00 -0.00 0.00 -0.30 0.00 -0.00 -5.02 0.00 -0.00 -2.50 0.00 0.00 -0.00 2.00 0.01 -0.43 -0.03 0.23 -6.66 -0.02 0.11 -3.34 0.00 0.00 -0.00 4.00 0.01 -0.20 -0.02 0.26 -3.66 -0.01 0.13 -1.82
-61.0959 -0.2283 -58.4400 111.86 0.40 -2.82 18.52 -30.01 -16.66 20.52 49.93 41.44 -1.01 -14.52 -4.93 0.00 0.00 -0.00 -4.81 -2.60 -2.39 -7.96 9.47 -0.71 3.97 -6.84 5.10 0.00 -0.00 0.00 -1.33 0.36 -0.48 -1.55 0.42 -0.55 -1.68 0.46 -0.59 -1.68 0.46 -0.59 -1.15 3.22 2.00 -0.98 2.74 1.71 0.83 9.71 2.00 -11.16 3.68 82.01 10.39 3.34 5.52 -0.12 13.16 4.23 -0.26 14.67 -0.21 -7.48 5.80 3.76 -10.02 7.80 7.01 0.00 0.00 -0.00 2.00 -0.01 0.16 -0.01 -0.10 3.00 -0.00 -0.05 1.49 0.00 0.00 -0.00 -0.00 0.00 0.30 -0.00 0.00 5.04 -0.00 0.00 2.51 0.00 0.00 -0.00 -2.00 0.03 0.95 0.09 0.39 11.64 0.06 0.20 5.93 0.00 0.00 -0.00 -4.00 0.02 0.33 0.04 0.38 5.42 0.03 0.19 2.70 2.73 7.30 -0.31 -3.45 -3.89 -80.26 -8.51 10.91 -0.51 1.48 14.29 5.94 -0.10 4.63 -0.10 1.06 1.87 -1.74 1.46 2.84 -2.67 0.00 -0.00 0.00 -2.00 -0.01 -0.20 0.01 -0.13 -3.70 0.01 -0.06 -1.84 0.00 -0.00 0.00 0.00 -0.00 -0.30 0.00 -0.00 -5.01 0.00 -0.00 -2.50 0.00 -0.00 0.00 2.00 0.01 -0.43 -0.03 0.23 -6.65 -0.02 0.11 -3.33 0.00 -0.00 0.00 4.00 0.01 -0.20 -0.02 0.25 -3.65 -0.01 0.13 -1.81
-60.5744 -0.2260 -58.1954 112.08 0.35 -2.61 16.51 -26.56 -14.19 16.70 45.46 34.75 -0.39 -14.06 -5.21 0.00 0.00 -0.00 -5.23 -2.09 -2.39 -8.01 9.00 -0.67 4.23 -6.96 4.88 0.00 -0.00 -0.00 -1.23 0.32 -0.52 -1.44 0.38 -0.59 -1.55 0.41 -0.64 -1.55 0.41 -0.64 -1.33 3.22 1.88 -1.14 2.74 1.60 0.90 9.39 1.98 -11.21 3.56 82.02 10.29 3.78 5.33 -0.20 13.39 4.21 -0.26 14.72 -0.21 -7.46 5.83 3.82 -9.97 7.84 7.11 -0.00 0.00 -0.00 2.00 -0.01 0.16 -0.01 -0.11 3.08 -0.00 -0.05 1.52 -0.00 0.00 -0.00 -0.00 0.00 0.31 -0.00 0.00 5.18 -0.00 0.00 2.58 -0.00 0.00 -0.00 -2.00 0.03 0.97 0.09 0.40 11.77 0.07 0.20 6.00 -0.00 0.00 -0.00 -4.00 0.02 0.33 0.04 0.38 5.47 0.03 0.19 2.73 2.83 6.98 -0.51 -3.05 -3.92 -79.99 -8.62 10.87 -0.58 1.44 14.21 5.95 -0.10 4.65 -0.09 1.06 1.88 -1.73 1.46 2.85 -2.65 0.00 0.00 0.00 -2.00 -0.01 -0.20 0.01 -0.13 -3.70 0.01 -0.06 -1.84 0.00 0.00 0.00 -0.00 -0.00 -0.30 -0.00 0.00 -5.02 -0.00 0.00 -2.50 0.00 0.00 0.00 2.00 0.01 -0.43 -0.03 0.23 -6.64 -0.02 0.11 -3.32 0.00 0.00 0.00 4.00 0.01 -0.20 -0.02 0.25 -3.63 -0.01 0.13 -1.80
-60.0681 -0.2265 -57.9496 112.16 0.32 -2.40 15.27 -23.33 -12.19 13.33 41.16 29.03 0.60 -13.60 -5.35 0.00 0.00 -0.00 -5.65 -1.60 -2.38 -8.00 8.53 -0.64 4.57 -7.08 4.65 -0.00 -0.00 0.00 -1.11 0.28 -0.55 -1.30 0.33 -0.63 -1.40 0.36 -0.68 -1.40 0.36 -0.68 -1.47 3.19 1.74 -1.26 2.71 1.49 0.99 9.05 1.99 -11.26 3.36 81.99 10.23 4.16 5.14 -0.27 13.56 4.13 -0.25 14.80 -0.20 -7.43 5.87 3.94 -9.89 7.90 7.28 -0.00 0.00 0.00 2.00 -0.01 0.17 -0.01 -0.11 3.20 -0.01 -0.05 1.58 -0.00 0.00 0.00 -0.00 0.00 0.33 -0.00 0.00 5.41 -0.00 0.00 2.70 -0.00 0.00 0.00 -2.00 0.03 0.99 0.09 0.41 12.00 0.07 0.20 6.12 -0.00 0.00 0.00 -4.00 0.02 0.34 0.04 0.39 5.55 0.03 0.19 2.77 2.91 6.65 -0.75 -2.60 -3.97 -79.66 -8.75 10.84 -0.68 1.39 14.11 5.97 -0.09 4.68 -0.09 1.07 1.89 -1.72 1.47 2.87 -2.64 -0.00 -0.00 0.00 -2.00 -0.01 -0.20 0.01 -0.13 -3.70 0.01 -0.06 -1.83 -0.00 -0.00 0.00 -0.00 -0.00 -0.30 -0.00 0.00 -5.02 -0.00 0.00 -2.50 -0.00 -0.00 0.00 2.00 0.01 -0.43 -0.03 0.23 -6.64 -0.02 0.11 -3.32 -0.00 -0.00 0.00 4.00 0.01 -0.20 -0.02 0.25 -3.62 -0.01 0.13 -1.80
-59.6052 -0.2251 -57.7056 112.10 0.31 -2.23 14.33 -20.35 -10.39 10.62 36.99 24.13 1.67 -13.09 -5.27 0.00 -0.00 -0.00 -6.03 -1.15 -2.35 -7.93 8.08 -0.59 4.94 -7.18 4.43 -0.00 -0.00 -0.00 -0.97 0.24 -0.57 -1.14 0.29 -0.66 -1.23 0.31 -0.71 -1.23 0.31 -0.71 -1.56 3.13 1.60 -1.33 2.66 1.37 1.13 8.71 2.01 -11.33 3.08 81.92 10.21 4.47 4.96 -0.35 13.67 3.96 -0.24 14.87 -0.20 -7.40 5.90 4.07 -9.80 7.95 7.48 0.00 -0.00 0.00 2.00 -0.01 0.18 -0.01 -0.11 3.32 -0.01 -0.06 1.65 0.00 -0.00 0.00 -0.00 0.00 0.35 -0.00 0.00 5.65 -0.00 0.00 2.82 0.00 -0.00 0.00 -2.00 0.04 1.03 0.10 0.42 12.25 0.07 0.21 6.26 0.00 -0.00 0.00 -4.00 0.02 0.35 0.04 0.39 5.66 0.03 0.20 2.83 3.01 6.35 -1.05 -2.01 -4.07 -79.26 -8.88 10.75 -0.80 1.31 13.99 6.02 -0.08 4.75 -0.08 1.09 1.92 -1.71 1.50 2.90 -2.62 0.00 0.00 0.00 -2.00 -0.01 -0.20 0.01 -0.13 -3.70 0.01 -0.06 -1.83 0.00 0.00 0.00 -0.00 0.00 -0.30 -0.00 0.00 -5.03 -0.00 0.00 -2.51 0.00 0.00 0.00 2.00 0.01 -0.43 -0.03 0.23 -6.63 -0.02 0.11 -3.32 0.00 0.00 0.00 4.00 0.01 -0.20 -0.02 0.25 -3.62 -0.01 0.12 -1.80
-59.1755 -0.2165 -57.4490 111.92 0.30 -2.11 13.55 -17.75 -8.71 8.62 33.04 19.87 2.63 -12.43 -4.87 0.00 0.00 -0.00 -6.41 -0.73 -2.27 -7.76 7.66 -0.55 5.34 -7.28 4.20 -0.00 0.00 0.00 -0.83 0.21 -0.57 -0.97 0.25 -0.66 -1.05 0.27 -0.72 -1.05 0.27 -0.72 -1.60 3.05 1.46 -1.37 2.59 1.25 1.29 8.38 2.05 -11.39 2.70 81.83 10.20 4.71 4.80 -0.44 13.74 3.72 -0.23 14.92 -0.19 -7.37 5.93 4.23 -9.72 8.00 7.72 0.00 -0.00 0.00 2.00 -0.01 0.19 -0.01 -0.12 3.46 -0.01 -0.06 1.72 0.00 -0.00 0.00 -0.00 0.00 0.37 -0.00 0.00 5.94 -0.00 0.00 2.97 0.00 -0.00 0.00 -2.00 0.04 1.07 0.10 0.43 12.57 0.08 0.21 6.43 0.00 -0.00 0.00 -4.00 0.03 0.36 0.04 0.40 5.80 0.03 0.20 2.90 3.11 6.09 -1.40 -1.34 -4.23 -78.83 -9.00 10.60 -0.94 1.20 13.83 6.13 -0.07 4.82 -0.07 1.12 1.95 -1.70 1.55 2.94 -2.60 -0.00 0.00 -0.00 -2.00 -0.01 -0.20 0.01 -0.13 -3.71 0.01 -0.06 -1.84 -0.00 0.00 -0.00 -0.00 0.00 -0.30 -0.00 0.00 -5.06 -0.00 0.00 -2.52 -0.00 0.00 -0.00 2.00 0.01 -0.43 -0.03 0.23 -6.64 -0.02 0.11 -3.33 -0.00 0.00 -0.00 4.00 0.01 -0.20 -0.02 0.25 -3.61 -0.01 0.12 -1.79
-58.8203 -0.1998 -57.1873 111.58 0.31 -2.06 12.92 -15.61 -7.13 7.26 29.49 16.21 3.43 -11.71 -4.26 -0.00 0.00 -0.00 -6.68 -0.39 -2.13 -7.51 7.30 -0.50 5.72 -7.37 3.97 0.00 -0.00 -0.00 -0.66 0.19 -0.56 -0.77 0.22 -0.65 -0.83 0.24 -0.70 -0.83 0.24 -0.70 -1.60 2.96 1.33 -1.37 2.52 1.13 1.45 8.09 2.11 -11.44 2.24 81.69 10.23 4.89 4.66 -0.55 13.78 3.39 -0.22 14.99 -0.18 -7.31 5.97 4.36 -9.59 8.07 7.92 0.00 -0.00 -0.00 2.00 -0.01 0.20 -0.01 -0.12 3.59 -0.01 -0.06 1.78 0.00 -0.00 -0.00 -0.00 0.00 0.39 -0.00 0.00 6.22 -0.00 0.00 3.11 0.00 -0.00 -0.00 -2.00 0.04 1.11 0.11 0.44 12.87 0.08 0.22 6.59 0.00 -0.00 -0.00 -4.00 0.03 0.37 0.04 0.41 5.91 0.03 0.20 2.96 3.18 5.93 -1.78 -0.63 -4.48 -78.41 -9.06 10.32 -1.04 1.06 13.64 6.29 -0.06 4.91 -0.05 1.15 1.98 -1.69 1.59 3.00 -2.60 -0.00 0.00 -0.00 -2.00 -0.01 -0.20 0.01 -0.13 -3.73 0.01 -0.06 -1.85 -0.00 0.00 -0.00 -0.00 -0.00 -0.30 -0.00 -0.00 -5.09 -0.00 0.00 -2.54 -0.00 0.00 -0.00 2.00 0.01 -0.43 -0.03 0.23 -6.63 -0.02 0.11 -3.32 -0.00 0.00 -0.00 4.00 0.01 -0.20 -0.02 0.25 -3.60 -0.01 0.12 -1.79
-58.5485 -0.1815 -56.9140 111.14 0.32 -2.05 12.33 -13.91 -5.72 6.50 26.44 13.13 4.11 -11.01 -3.55 -0.00 -0.00 -0.00 -6.85 -0.15 -1.96 -7.19 7.05 -0.46 6.03 -7.46 3.74 -0.00 -0.00 0.00 -0.48 0.17 -0.52 -0.56 0.21 -0.61 -0.61 0.22 -0.66 -0.61 0.22 -0.66 -1.55 2.86 1.19 -1.32 2.43 1.02 1.55 7.83 2.12 -11.39 1.69 81.53 10.34 4.98 4.54 -0.69 13.79 2.97 -0.21 15.10 -0.17 -7.20 6.03 4.57 -9.37 8.17 8.21 0.00 -0.00 0.00 2.00 -0.01 0.21 -0.01 -0.13 3.77 -0.01 -0.06 1.87 0.00 -0.00 0.00 -0.00 0.00 0.43 -0.00 0.00 6.64 -0.00 0.00 3.32 0.00 -0.00 0.00 -2.00 0.04 1.17 0.11 0.45 13.33 0.09 0.22 6.84 0.00 -0.00 0.00 -4.00 0.03 0.38 0.05 0.42 6.02 0.03 0.21 3.01 3.19 5.87 -2.16 0.13 -4.83 -78.09 -9.06 9.97 -1.09 0.93 13.38 6.54 -0.04 5.01 -0.04 1.19 2.02 -1.69 1.65 3.05 -2.61 -0.00 -0.00 0.00 -2.00 -0.01 -0.21 0.01 -0.13 -3.77 0.01 -0.07 -1.87 -0.00 -0.00 0.00 -0.00 -0.00 -0.31 -0.00 -0.00 -5.15 -0.00 -0.00 -2.57 -0.00 -0.00 0.00 2.00 0.01 -0.43 -0.03 0.23 -6.65 -0.02 0.11 -3.33 -0.00 -0.00 0.00 4.00 0.01 -0.20 -0.02 0.25 -3.59 -0.01 0.12 -1.78
-58.3541 -0.1651 -56.6064 110.63 0.33 -2.03 11.41 -12.57 -4.54 6.53 23.87 10.68 4.74 -10.41 -2.84 -0.00 -0.00 0.00 -6.93 -0.00 -1.78 -6.86 6.92 -0.43 6.29 -7.55 3.51 0.00 -0.00 -0.00 -0.31 0.17 -0.48 -0.36 0.20 -0.56 -0.39 0.21 -0.60 -0.39 0.21 -0.60 -1.45 2.74 1.06 -1.24 2.34 0.91 1.61 7.58 2.06 -11.24 1.14 81.38 10.55 5.01 4.46 -0.82 13.79 2.51 -0.20 15.19 -0.16 -7.11 6.08 4.78 -9.17 8.27 8.53 0.00 -0.00 -0.00 2.00 -0.01 0.22 -0.01 -0.14 3.96 -0.01 -0.07 1.96 0.00 -0.00 -0.00 -0.00 0.00 0.47 -0.00 0.01 7.09 -0.00 0.00 3.56 0.00 -0.00 -0.00 -2.00 0.04 1.24 0.12 0.47 13.83 0.09 0.23 7.10 0.00 -0.00 -0.00 -4.00 0.03 0.39 0.05 0.43 6.14 0.04 0.21 3.07 3.13 5.90 -2.49 0.98 -5.23 -77.98 -8.99 9.50 -1.07 0.84 13.00 6.91 -0.03 5.11 -0.03 1.24 2.06 -1.69 1.71 3.12 -2.61 -0.00 -0.00 0.00 -2.00 -0.01 -0.21 0.01 -0.13 -3.85 0.01 -0.07 -1.91 -0.00 -0.00 0.00 -0.00 -0.00 -0.31 -0.00 -0.00 -5.23 -0.00 -0.00 -2.61 -0.00 -0.00 0.00 2.00 0.02 -0.43 -0.03 0.23 -6.68 -0.02 0.11 -3.35 -0.00 -0.00 0.00 4.00 0.01 -0.19 -0.02 0.25 -3.57 -0.01 0.12 -1.77
-58.2288 -0.1549 -56.1895 110.09 0.34 -1.99 10.15 -11.51 -3.60 7.18 21.77 8.80 5.37 -9.93 -2.24 0.00 0.00 0.00 -6.85 0.01 -1.59 -6.61 6.95 -0.41 6.52 -7.67 3.23 -0.00 -0.00 0.00 -0.15 0.17 -0.44 -0.17 0.20 -0.51 -0.18 0.21 -0.55 -0.18 0.21 -0.55 -1.30 2.62 0.95 -1.11 2.23 0.82 1.63 7.33 1.94 -10.99 0.62 81.23 10.87 4.97 4.44 -0.93 13.79 2.07 -0.18 15.29 -0.15 -7.03 6.13 4.98 -9.00 8.35 8.83 0.00 -0.00 -0.00 2.00 -0.01 0.23 -0.01 -0.14 4.14 -0.01 -0.07 2.06 0.00 -0.00 -0.00 -0.00 0.00 0.51 -0.00 0.01 7.56 -0.00 0.00 3.80 0.00 -0.00 -0.00 -2.00 0.05 1.31 0.13 0.48 14.31 0.10 0.24 7.37 0.00 -0.00 -0.00 -4.00 0.03 0.39 0.05 0.43 6.25 0.04 0.22 3.13 3.04 5.98 -2.75 1.83 -5.61 -78.09 -8.87 8.91 -0.99 0.79 12.53 7.36 -0.02 5.22 -0.02 1.26 2.11 -1.69 1.74 3.18 -2.61 -0.00 0.00 -0.00 -2.00 -0.01 -0.22 0.01 -0.14 -3.91 0.01 -0.07 -1.94 -0.00 0.00 -0.00 -0.00 -0.00 -0.32 -0.00 -0.00 -5.31 -0.00 -0.00 -2.65 -0.00 0.00 -0.00 2.00 0.02 -0.43 -0.03 0.23 -6.70 -0.02 0.12 -3.36 -0.00 0.00 -0.00 4.00 0.01 -0.19 -0.02 0.25 -3.54 -0.01 0.12 -1.76
-58.1592 -0.1535 -55.6854 109.58 0.35 -1.91 8.69 -10.69 -2.87 8.25 20.13 7.39 5.95 -9.55 -1.78 0.00 -0.00 -0.00 -6.63 -0.09 -1.39 -6.49 7.10 -0.42 6.71 -7.78 2.90 -0.00 -0.00 0.00 -0.03 0.18 -0.40 -0.03 0.21 -0.47 -0.03 0.23 -0.51 -0.03 0.23 -0.51 -1.08 2.48 0.87 -0.93 2.11 0.74 1.68 7.09 1.79 -10.63 0.14 81.05 11.30 4.89 4.48 -1.00 13.80 1.67 -0.17 15.37 -0.14 -6.99 6.18 5.18 -8.88 8.43 9.13 -0.00 0.00 0.00 2.00 -0.01 0.25 -0.01 -0.15 4.33 -0.01 -0.07 2.15 -0.00 0.00 0.00 -0.00 0.00 0.55 -0.00 0.01 7.99 -0.00 0.00 4.02 -0.00 0.00 0.00 -2.00 0.05 1.37 0.14 0.50 14.75 0.10 0.25 7.60 -0.00 0.00 0.00 -4.00 0.03 0.40 0.05 0.44 6.35 0.04 0.22 3.18 2.98 6.07 -2.84 2.64 -5.92 -78.42 -8.77 8.22 -0.90 0.80 12.06 7.81 -0.02 5.24 -0.02 1.28 2.12 -1.68 1.77 3.19 -2.60 -0.00 0.00 -0.00 -2.00 -0.01 -0.22 0.01 -0.14 -3.97 0.01 -0.07 -1.97 -0.00 0.00 -0.00 -0.00 -0.00 -0.32 -0.00 -0.00 -5.36 -0.00 -0.00 -2.67 -0.00 0.00 -0.00 2.00 0.02 -0.43 -0.03 0.23 -6.71 -0.02 0.12 -3.36 -0.00 0.00 -0.00 4.00 0.01 -0.19 -0.02 0.25 -3.53 -0.01 0.12 -1.75
-58.1209 -0.1589 -55.1303 109.16 0.37 -1.79 7.29 -10.13 -2.31 9.41 18.96 6.35 6.40 -9.25 -1.46 -0.00 0.00 -0.00 -6.35 -0.25 -1.19 -6.44 7.33 -0.43 6.80 -7.89 2.56 -0.00 -0.00 0.00 0.04 0.20 -0.38 0.06 0.24 -0.45 0.06 0.25 -0.48 0.06 0.25 -0.48 -0.79 2.32 0.85 -0.68 1.97 0.72 1.77 6.86 1.68 -10.12 -0.33 80.82 11.86 4.75 4.63 -1.02 13.84 1.38 -0.17 15.43 -0.14 -7.00 6.21 5.40 -8.83 8.48 9.47 0.00 -0.00 -0.00 2.00 -0.01 0.26 -0.01 -0.15 4.53 -0.01 -0.08 2.26 0.00 -0.00 -0.00 -0.00 0.00 0.60 -0.00 0.01 8.50 -0.00 0.00 4.28 0.00 -0.00 -0.00 -2.00 0.05 1.44 0.15 0.51 15.20 0.11 0.25 7.85 0.00 -0.00 -0.00 -4.00 0.03 0.41 0.05 0.45 6.47 0.04 0.22 3.24 2.93 6.17 -2.77 3.35 -6.10 -78.91 -8.71 7.47 -0.83 0.83 11.61 8.20 -0.01 5.23 -0.01 1.28 2.11 -1.67 1.77 3.18 -2.58 0.00 -0.00 -0.00 -2.00 -0.01 -0.22 0.01 -0.14 -4.01 0.01 -0.07 -1.99 0.00 -0.00 -0.00 -0.00 -0.00 -0.33 -0.00 -0.00 -5.41 -0.00 -0.00 -2.70 0.00 -0.00 -0.00 2.00 0.02 -0.44 -0.03 0.23 -6.73 -0.02 0.12 -3.37 0.00 -0.00 -0.00 4.00 0.01 -0.19 -0.02 0.25 -3.54 -0.01 0.12 -1.75
-58.0970 -0.1673 -54.5654 108.87 0.39 -1.66 6.38 -9.87 -1.82 10.19 18.28 5.54 6.68 -8.98 -1.29 0.00 0.00 -0.00 -6.04 -0.46 -0.99 -6.45 7.58 -0.44 6.81 -7.99 2.22 -0.00 -0.00 -0.00 0.07 0.22 -0.38 0.09 0.27 -0.44 0.10 0.29 -0.48 0.10 0.29 -0.48 -0.46 2.17 0.88 -0.40 1.84 0.75 1.91 6.66 1.63 -9.48 -0.81 80.53 12.48 4.57 4.84 -0.99 13.92 1.18 -0.17 15.43 -0.14 -7.04 6.22 5.56 -8.85 8.47 9.73 0.00 0.00 -0.00 2.00 -0.01 0.27 -0.02 -0.16 4.70 -0.01 -0.08 2.34 0.00 0.00 -0.00 -0.00 0.00 0.64 -0.00 0.01 8.90 -0.00 0.00 4.49 0.00 0.00 -0.00 -2.00 0.05 1.49 0.15 0.52 15.52 0.12 0.26 8.02 0.00 0.00 -0.00 -4.00 0.03 0.42 0.05 0.46 6.56 0.04 0.23 3.29 2.90 6.25 -2.60 3.76 -6.07 -79.41 -8.76 6.68 -0.83 0.85 11.25 8.38 -0.02 5.18 -0.02 1.24 2.09 -1.64 1.71 3.15 -2.53 -0.00 0.00 0.00 -2.00 -0.01 -0.22 0.01 -0.14 -3.98 0.01 -0.07 -1.98 -0.00 0.00 0.00 -0.00 0.00 -0.33 -0.00 -0.00 -5.40 -0.00 -0.00 -2.70 -0.00 0.00 0.00 2.00 0.02 -0.43 -0.03 0.23 -6.71 -0.02 0.12 -3.36 -0.00 0.00 0.00 4.00 0.01 -0.19 -0.02 0.25 -3.55 -0.01 0.12 -1.76
-58.0866 -0.1746 -53.9811 108.70 0.41 -1.55 6.02 -9.81 -1.38 10.58 17.97 4.95 6.70 -8.76 -1.24 -0.00 -0.00 -0.00 -5.71 -0.68 -0.76 -6.46 7.84 -0.46 6.66 -8.08 1.88 0.00 -0.00 0.00 0.06 0.25 -0.38 0.08 0.30 -0.45 0.08 0.32 -0.48 0.08 0.32 -0.48 -0.12 2.04 0.94 -0.10 1.73 0.80 2.08 6.52 1.64 -8.76 -1.30 80.20 13.10 4.38 5.08 -0.95 14.05 1.07 -0.16 15.44 -0.13 -7.06 6.23 5.69 -8.84 8.49 9.93 0.00 -0.00 -0.00 2.00 -0.01 0.28 -0.02 -0.17 4.83 -0.01 -0.08 2.41 0.00 -0.00 -0.00 -0.00 0.00 0.67 -0.00 0.01 9.20 -0.00 0.00 4.65 0.00 -0.00 -0.00 -2.00 0.05 1.52 0.16 0.52 15.75 0.12 0.26 8.15 0.00 -0.00 -0.00 -4.00 0.03 0.43 0.06 0.46 6.63 0.04 0.23 3.32 2.86 6.34 -2.37 3.92 -5.88 -79.83 -8.90 5.98 -0.90 0.81 11.01 8.29 -0.03 5.13 -0.03 1.18 2.07 -1.61 1.64 3.12 -2.48 0.00 -0.00 -0.00 -2.00 -0.01 -0.22 0.01 -0.14 -3.95 0.01 -0.07 -1.96 0.00 -0.00 -0.00 -0.00 0.00 -0.33 -0.00 -0.00 -5.41 -0.00 -0.00 -2.70 0.00 -0.00 -0.00 2.00 0.02 -0.44 -0.03 0.23 -6.73 -0.02 0.12 -3.37 0.00 -0.00 -0.00 4.00 0.01 -0.19 -0.02 0.25 -3.57 -0.01 0.12 -1.77
-58.0759 -0.1766 -53.4104 108.69 0.43 -1.47 6.12 -9.89 -0.96 10.57 17.90 4.50 6.53 -8.59 -1.29 -0.00 0.00 0.00 -5.43 -0.91 -0.49 -6.46 8.07 -0.47 6.41 -8.15 1.55 -0.00 0.00 0.00 0.01 0.28 -0.39 0.02 0.33 -0.45 0.02 0.36 -0.49 0.02 0.36 -0.49 0.21 1.94 1.02 0.18 1.65 0.87 2.26 6.45 1.69 -7.99 -1.86 79.88 13.68 4.22 5.30 -0.93 14.19 1.01 -0.16 15.45 -0.13 -7.07 6.24 5.79 -8.83 8.50 10.09 -0.00 0.00 0.00 2.00 -0.01 0.29 -0.02 -0.17 4.94 -0.01 -0.08 2.46 -0.00 0.00 0.00 -0.00 0.00 0.70 -0.00 0.00 9.42 -0.00 0.00 4.77 -0.00 0.00 0.00 -2.00 0.05 1.55 0.16 0.52 15.91 0.12 0.26 8.23 -0.00 0.00 0.00 -4.00 0.03 0.43 0.06 0.46 6.69 0.04 0.23 3.35 2.77 6.46 -2.15 3.81 -5.63 -80.11 -9.11 5.42 -0.99 0.70 10.93 7.93 -0.03 4.98 -0.03 1.12 2.01 -1.56 1.55 3.03 -2.40 -0.00 0.00 0.00 -2.00 -0.01 -0.21 0.01 -0.14 -3.88 0.01 -0.07 -1.93 -0.00 0.00 0.00 -0.00 -0.00 -0.32 -0.00 -0.00 -5.36 -0.00 -0.00 -2.67 -0.00 0.00 0.00 2.00 0.02 -0.43 -0.03 0.23 -6.72 -0.02 0.12 -3.37 -0.00 0.00 0.00 4.00 0.01 -0.20 -0.02 0.25 -3.60 -0.01 0.12 -1.79
-58.0662 -0.1727 -52.8563 108.78 0.45 -1.41 6.57 -10.05 -0.58 10.25 17.98 4.18 6.23 -8.46 -1.41 -0.00 -0.00 -0.00 -5.18 -1.12 -0.19 -6.46 8.27 -0.48 6.06 -8.20 1.24 0.00 -0.00 -0.00 -0.05 0.30 -0.39 -0.05 0.36 -0.45 -0.05 0.39 -0.49 -0.05 0.39 -0.49 0.51 1.90 1.11 0.44 1.62 0.94 2.44 6.45 1.77 -7.19 -2.53 79.59 14.22 4.23 5.46 -0.97 14.36 0.91 -0.16 15.39 -0.13 -7.05 6.22 5.89 -8.78 8.48 10.23 -0.00 0.00 -0.00 2.00 -0.01 0.30 -0.02 -0.18 5.07 -0.01 -0.09 2.52 -0.00 0.00 -0.00 -0.00 0.00 0.72 -0.00 0.00 9.62 -0.00 0.00 4.87 -0.00 0.00 -0.00 -2.00 0.05 1.57 0.17 0.53 16.04 0.13 0.26 8.31 -0.00 0.00 -0.00 -4.00 0.03 0.44 0.06 0.47 6.74 0.04 0.23 3.38 2.65 6.61 -2.00 3.48 -5.35 -80.20 -9.35 5.11 -1.08 0.52 10.93 7.34 -0.05 4.97 -0.05 1.06 2.01 -1.57 1.47 3.03 -2.41 0.00 -0.00 0.00 -2.00 -0.01 -0.21 0.01 -0.13 -3.83 0.01 -0.07 -1.90 0.00 -0.00 0.00 -0.00 -0.00 -0.32 -0.00 -0.00 -5.32 -0.00 -0.00 -2.66 0.00 -0.00 0.00 2.00 0.02 -0.44 -0.03 0.23 -6.74 -0.02 0.12 -3.38 0.00 -0.00 0.00 4.00 0.01 -0.20 -0.02 0.25 -3.63 -0.01 0.13 -1.80
-58.0637 -0.1730 -52.3098 108.95 0.47 -1.35 7.26 -10.27 -0.32 9.72 18.19 4.02 5.85 -8.38 -1.59 -0.00 -0.00 0.00 -4.95 -1.33 0.09 -6.46 8.44 -0.50 5.66 -8.22 0.94 0.00 -0.00 0.00 -0.12 0.33 -0.42 -0.13 0.39 -0.46 -0.14 0.42 -0.49 -0.14 0.42 -0.49 0.77 1.92 1.18 0.65 1.63 1.00 2.58 6.52 1.86 -6.47 -3.29 79.35 14.65 4.40 5.56 -1.07 14.54 0.76 -0.16 15.40 -0.13 -7.01 6.23 5.95 -8.71 8.51 10.30 0.00 -0.00 -0.00 2.00 -0.01 0.31 -0.02 -0.18 5.14 -0.01 -0.09 2.56 0.00 -0.00 -0.00 -0.00 0.00 0.73 -0.00 0.00 9.71 -0.00 0.00 4.91 0.00 -0.00 -0.00 -2.00 0.05 1.57 0.17 0.53 16.08 0.13 0.26 8.33 0.00 -0.00 -0.00 -4.00 0.03 0.44 0.06 0.47 6.77 0.04 0.23 3.39 2.53 6.78 -1.93 2.98 -5.10 -80.09 -9.61 5.20 -1.13 0.28 11.06 6.56 -0.07 4.98 -0.07 1.02 2.01 -1.61 1.40 3.04 -2.47 0.00 -0.00 -0.00 -2.00 -0.01 -0.21 0.01 -0.13 -3.79 0.01 -0.07 -1.88 0.00 -0.00 -0.00 -0.00 -0.00 -0.32 -0.00 -0.00 -5.26 -0.00 -0.00 -2.63 0.00 -0.00 -0.00 2.00 0.02 -0.44 -0.03 0.23 -6.73 -0.02 0.12 -3.37 0.00 -0.00 -0.00 4.00 0.01 -0.20 -0.02 0.25 -3.63 -0.01 0.13 -1.80
-58.0641 -0.1788 -51.7469 109.18 0.48 -1.27 7.94 -10.55 -0.15 9.27 18.46 4.05 5.38 -8.32 -1.86 0.00 0.00 -0.00 -4.66 -1.56 0.37 -6.50 8.62 -0.51 5.17 -8.23 0.64 0.00 0.00 -0.00 -0.18 0.35 -0.47 -0.19 0.42 -0.46 -0.21 0.45 -0.50 -0.21 0.45 -0.50 0.96 1.97 1.23 0.81 1.68 1.05 2.69 6.63 1.99 -5.90 -4.13 79.15 14.99 4.76 5.61 -1.23 14.72 0.54 -0.16 15.40 -0.13 -6.95 6.24 5.98 -8.63 8.52 10.35 0.00 -0.00 0.00 2.00 -0.01 0.31 -0.02 -0.18 5.20 -0.01 -0.09 2.59 0.00 -0.00 0.00 -0.00 0.00 0.73 -0.00 0.00 9.78 -0.00 0.00 4.95 0.00 -0.00 0.00 -2.00 0.06 1.58 0.17 0.53 16.15 0.13 0.26 8.37 0.00 -0.00 0.00 -4.00 0.03 0.44 0.06 0.47 6.80 0.04 0.23 3.41 2.42 6.94 -1.94 2.46 -4.93 -79.85 -9.83 5.61 -1.13 0.04 11.27 5.76 -0.09 5.00 -0.08 1.01 2.02 -1.67 1.37 3.05 -2.55 -0.00 0.00 -0.00 -2.00 -0.01 -0.21 0.01 -0.13 -3.79 0.01 -0.07 -1.88 -0.00 0.00 -0.00 -0.00 -0.00 -0.31 -0.00 -0.00 -5.25 -0.00 -0.00 -2.62 -0.00 0.00 -0.00 2.00 0.02 -0.44 -0.03 0.23 -6.75 -0.02 0.12 -3.38 -0.00 0.00 -0.00 4.00 0.01 -0.20 -0.02 0.25 -3.63 -0.01 0.13 -1.80
-58.0625 -0.1952 -51.1836 109.50 0.49 -1.16 8.40 -10.83 -0.06 9.03 18.75 4.25 4.89 -8.27 -2.20 -0.00 -0.00 0.00 -4.40 -1.81 0.62 -6.55 8.83 -0.54 4.63 -8.23 0.34 0.00 0.00 0.00 -0.24 0.37 -0.52 -0.25 0.45 -0.46 -0.27 0.48 -0.50 -0.27 0.48 -0.50 1.07 2.06 1.27 0.90 1.76 1.08 2.76 6.75 2.14 -5.57 -4.99 79.01 15.24 5.27 5.64 -1.46 14.90 0.26 -0.15 15.40 -0.13 -6.90 6.24 6.01 -8.54 8.54 10.38 0.00 -0.00 0.00 2.00 -0.01 0.31 -0.02 -0.18 5.23 -0.01 -0.09 2.61 0.00 -0.00 0.00 -0.00 0.00 0.74 -0.00 0.00 9.82 -0.00 0.00 4.97 0.00 -0.00 0.00 -2.00 0.06 1.59 0.17 0.53 16.21 0.13 0.26 8.40 0.00 -0.00 0.00 -4.00 0.03 0.44 0.06 0.47 6.83 0.04 0.23 3.42 2.37 7.12 -2.01 2.00 -4.90 -79.56 -10.02 6.28 -1.07 -0.16 11.51 5.10 -0.10 5.03 -0.09 1.01 2.03 -1.72 1.38 3.07 -2.63 0.00 0.00 -0.00 -2.00 -0.01 -0.21 0.01 -0.13 -3.79 0.01 -0.07 -1.88 0.00 0.00 -0.00 -0.00 -0.00 -0.31 -0.00 -0.00 -5.24 -0.00 -0.00 -2.61 0.00 0.00 -0.00 2.00 0.02 -0.44 -0.03 0.23 -6.74 -0.02 0.12 -3.38 0.00 0.00 -0.00 4.00 0.01 -0.20 -0.02 0.25 -3.61 -0.01 0.12 -1.79
-58.0558 -0.2235 -50.6312 109.86 0.50 -1.03 8.54 -11.11 -0.01 9.05 19.05 4.58 4.43 -8.22 -2.58 -0.00 -0.00 0.00 -4.16 -2.10 0.84 -6.58 9.09 -0.56 4.04 -8.24 0.06 -0.00 -0.00 -0.00 -0.28 0.40 -0.58 -0.29 0.47 -0.47 -0.31 0.51 -0.51 -0.31 0.51 -0.51 1.12 2.19 1.27 0.95 1.87 1.08 2.79 6.88 2.28 -5.48 -5.84 78.95 15.44 5.84 5.66 -1.73 15.10 -0.12 -0.15 15.43 -0.12 -6.84 6.25 6.08 -8.44 8.58 10.47 0.00 0.00 0.00 2.00 -0.01 0.32 -0.02 -0.18 5.30 -0.01 -0.09 2.64 0.00 0.00 0.00 -0.00 0.00 0.75 -0.00 0.00 9.95 -0.00 0.00 5.04 0.00 0.00 0.00 -2.00 0.06 1.62 0.17 0.54 16.40 0.13 0.26 8.50 0.00 0.00 0.00 -4.00 0.03 0.45 0.06 0.48 6.87 0.04 0.24 3.45 2.34 7.31 -2.10 1.73 -5.01 -79.34 -10.17 7.03 -0.98 -0.28 11.70 4.73 -0.10 5.09 -0.09 1.04 2.06 -1.77 1.41 3.11 -2.71 -0.00 0.00 -0.00 -2.00 -0.01 -0.21 0.01 -0.13 -3.83 0.01 -0.07 -1.90 -0.00 0.00 -0.00 -0.00 -0.00 -0.32 -0.00 -0.00 -5.30 -0.00 -0.00 -2.64 -0.00 0.00 -0.00 2.00 0.02 -0.44 -0.03 0.23 -6.77 -0.02 0.12 -3.40 -0.00 0.00 -0.00 4.00 0.01 -0.20 -0.02 0.25 -3.61 -0.01 0.12 -1.79
-58.0479 -0.2662 -50.0814 110.27 0.51 -0.88 8.31 -11.38 0.03 9.35 19.32 4.98 4.03 -8.14 -3.00 0.00 0.00 0.00 -3.96 -2.44 1.04 -6.57 9.45 -0.59 3.41 -8.26 -0.21 -0.00 -0.00 0.00 -0.30 0.42 -0.63 -0.31 0.50 -0.48 -0.34 0.54 -0.52 -0.34 0.54 -0.52 1.11 2.33 1.26 0.94 1.99 1.07 2.78 6.99 2.39 -5.55 -6.59 78.98 15.63 6.33 5.68 -2.02 15.29 -0.54 -0.15 15.47 -0.12 -6.81 6.28 6.16 -8.37 8.62 10.59 -0.00 0.00 -0.00 2.00 -0.01 0.32 -0.02 -0.19 5.38 -0.01 -0.09 2.68 -0.00 0.00 -0.00 -0.00 0.00 0.77 -0.00 0.00 10.14 -0.00 0.00 5.14 -0.00 0.00 -0.00 -2.00 0.06 1.66 0.18 0.54 16.63 0.14 0.27 8.63 -0.00 0.00 -0.00 -4.00 0.03 0.45 0.06 0.48 6.93 0.05 0.24 3.47 2.33 7.52 -2.17 1.86 -5.27 -79.28 -10.31 7.71 -0.90 -0.28 11.77 4.83 -0.08 5.18 -0.08 1.11 2.09 -1.80 1.52 3.17 -2.76 -0.00 -0.00 0.00 -2.00 -0.01 -0.21 0.01 -0.13 -3.86 0.01 -0.07 -1.91 -0.00 -0.00 0.00 -0.00 -0.00 -0.32 -0.00 -0.00 -5.35 -0.00 -0.00 -2.67 -0.00 -0.00 0.00 2.00 0.02 -0.44 -0.03 0.23 -6.80 -0.02 0.12 -3.41 -0.00 -0.00 0.00 4.00 0.01 -0.20 -0.02 0.25 -3.59 -0.01 0.12 -1.78
-58.0452 -0.3385 -49.4938 110.70 0.52 -0.72 7.81 -11.64 0.06 9.84 19.54 5.47 3.70 -8.04 -3.49 -0.00 0.00 -0.00 -3.73 -2.94 1.25 -6.52 10.05 -0.65 2.66 -8.38 -0.48 0.00 0.00 -0.00 -0.30 0.43 -0.66 -0.31 0.52 -0.49 -0.34 0.56 -0.53 -0.34 0.56 -0.53 1.06 2.46 1.24 0.90 2.10 1.05 2.76 7.08 2.47 -5.69 -7.20 79.07 15.82 6.64 5.70 -2.29 15.45 -0.95 -0.14 15.53 -0.12 -6.82 6.31 6.24 -8.35 8.66 10.73 0.00 0.00 -0.00 2.00 -0.01 0.33 -0.02 -0.19 5.47 -0.01 -0.09 2.73 0.00 0.00 -0.00 0.00 0.00 0.80 0.00 0.00 10.40 -0.00 0.00 5.28 0.00 0.00 -0.00 -2.00 0.06 1.71 0.19 0.55 16.95 0.14 0.27 8.81 0.00 0.00 -0.00 -4.00 0.03 0.46 0.06 0.48 6.98 0.05 0.24 3.50 2.34 7.73 -2.20 2.35 -5.62 -79.40 -10.48 8.22 -0.85 -0.22 11.64 5.33 -0.06 5.41 -0.06 1.20 2.18 -1.84 1.63 3.30 -2.84 -0.00 0.00 -0.00 -2.00 -0.01 -0.22 0.01 -0.14 -3.91 0.01 -0.07 -1.94 -0.00 0.00 -0.00 -0.00 -0.00 -0.33 -0.00 -0.00 -5.43 -0.00 -0.00 -2.71 -0.00 0.00 -0.00 2.00 0.02 -0.44 -0.03 0.24 -6.82 -0.02 0.12 -3.42 -0.00 0.00 -0.00 4.00 0.01 -0.19 -0.02 0.25 -3.57 -0.01 0.12 -1.77
-58.0449 -0.4422 -48.8892 111.18 0.54 -0.54 7.17 -11.88 0.07 10.36 19.70 5.96 3.42 -7.93 -3.98 0.00 0.00 -0.00 -3.55 -3.58 1.45 -6.45 10.87 -0.73 1.88 -8.54 -0.75 0.00 0.00 -0.00 -0.29 0.45 -0.69 -0.29 0.54 -0.51 -0.32 0.58 -0.55 -0.32 0.58 -0.55 0.94 2.56 1.21 0.80 2.18 1.03 2.74 7.16 2.52 -5.89 -7.67 79.20 16.03 6.69 5.75 -2.51 15.55 -1.34 -0.14 15.61 -0.11 -6.86 6.34 6.33 -8.38 8.69 10.87 0.00 -0.00 -0.00 2.00 -0.01 0.34 -0.02 -0.19 5.57 -0.01 -0.10 2.78 0.00 -0.00 -0.00 0.00 0.00 0.83 0.00 0.00 10.67 0.00 0.00 5.42 0.00 -0.00 -0.00 -2.00 0.06 1.76 0.19 0.56 17.23 0.15 0.28 8.96 0.00 -0.00 -0.00 -4.00 0.03 0.46 0.06 0.49 7.05 0.05 0.24 3.54 2.35 7.95 -2.17 2.94 -5.98 -79.66 -10.70 8.39 -0.87 -0.16 11.41 6.04 -0.05 5.47 -0.05 1.24 2.21 -1.82 1.70 3.34 -2.81 -0.00 -0.00 0.00 -2.00 -0.01 -0.22 0.01 -0.14 -3.95 0.01 -0.07 -1.96 -0.00 -0.00 0.00 -0.00 -0.00 -0.33 -0.00 -0.00 -5.50 -0.00 0.00 -2.74 -0.00 -0.00 0.00 2.00 0.02 -0.44 -0.03 0.24 -6.83 -0.02 0.12 -3.43 -0.00 -0.00 0.00 4.00 0.01 -0.19 -0.02 0.25 -3.55 -0.01 0.12 -1.76
-58.0499 -0.5744 -48.2693 111.72 0.57 -0.34 6.52 -12.11 0.08 10.79 19.81 6.42 3.16 -7.81 -4.46 -0.00 0.00 -0.00 -3.43 -4.35 1.64 -6.38 11.91 -0.84 1.09 -8.77 -1.00 -0.00 -0.00 0.00 -0.27 0.47 -0.71 -0.26 0.56 -0.53 -0.28 0.61 -0.57 -0.28 0.61 -0.57 0.80 2.63 1.18 0.68 2.24 1.00 2.75 7.23 2.55 -5.97 -7.96 79.35 16.27 6.36 5.80 -2.64 15.57 -1.63 -0.14 15.73 -0.11 -6.99 6.39 6.40 -8.53 8.73 11.03 -0.00 0.00 -0.00 2.00 -0.01 0.35 -0.02 -0.20 5.67 -0.02 -0.10 2.83 -0.00 0.00 -0.00 0.00 0.00 0.87 0.00 0.00 10.99 0.00 0.00 5.59 -0.00 0.00 -0.00 -2.00 0.06 1.82 0.20 0.57 17.55 0.15 0.28 9.14 -0.00 0.00 -0.00 -4.00 0.03 0.48 0.07 0.50 7.18 0.05 0.25 3.60 2.37 8.15 -2.10 3.59 -6.26 -80.03 -11.05 8.21 -0.96 -0.15 11.12 6.82 -0.03 5.53 -0.03 1.26 2.23 -1.78 1.74 3.37 -2.75 -0.00 0.00 0.00 -2.00 -0.01 -0.22 0.01 -0.14 -4.01 0.01 -0.07 -1.99 -0.00 0.00 0.00 -0.00 -0.00 -0.34 -0.00 -0.00 -5.57 -0.00 0.00 -2.78 -0.00 0.00 0.00 2.00 0.02 -0.45 -0.03 0.24 -6.87 -0.02 0.12 -3.44 -0.00 0.00 0.00 4.00 0.01 -0.19 -0.02 0.25 -3.55 -0.01 0.12 -1.76
-58.0582 -0.7361 -47.6294 112.39 0.61 -0.16 5.99 -12.27 0.11 10.96 19.80 6.75 2.88 -7.68 -4.88 -0.00 -0.00 -0.00 -3.47 -5.30 1.86 -6.35 13.21 -0.98 0.35 -9.06 -1.25 0.00 0.00 0.00 -0.32 0.49 -0.72 -0.22 0.59 -0.54 -0.23 0.63 -0.59 -0.23 0.63 -0.59 0.64 2.65 1.15 0.54 2.26 0.97 2.78 7.29 2.57 -5.91 -8.11 79.48 16.54 5.78 5.85 -2.70 15.55 -1.81 -0.14 15.81 -0.12 -7.15 6.42 6.42 -8.73 8.72 11.10 0.00 0.00 0.00 2.00 -0.01 0.35 -0.02 -0.20 5.71 -0.02 -0.10 2.85 0.00 0.00 0.00 0.00 0.00 0.89 0.00 0.00 11.19 0.00 0.00 5.69 0.00 0.00 0.00 -2.00 0.07 1.86 0.21 0.58 17.78 0.16 0.28 9.27 0.00 0.00 0.00 -4.00 0.03 0.49 0.07 0.50 7.28 0.05 0.25 3.66 2.42 8.35 -2.00 4.16 -6.45 -80.43 -11.48 7.53 -1.14 -0.31 10.62 7.41 -0.01 5.66 -0.01 1.29 2.28 -1.68 1.78 3.44 -2.60 0.00 -0.00 0.00 -2.00 -0.01 -0.22 0.01 -0.14 -4.03 0.01 -0.07 -2.00 0.00 -0.00 0.00 -0.00 0.00 -0.34 -0.00 0.00 -5.62 -0.00 0.00 -2.80 0.00 -0.00 0.00 2.00 0.02 -0.45 -0.03 0.24 -6.88 -0.02 0.12 -3.45 0.00 -0.00 0.00 4.00 0.01 -0.19 -0.02 0.25 -3.54 -0.01 0.12 -1.76
-58.0948 -0.9250 -46.9542 113.02 0.65 -0.06 5.74 -12.49 0.23 10.91 19.81 6.98 2.53 -7.58 -5.26 0.00 0.00 -0.00 -3.50 -6.42 2.18 -6.41 14.79 -1.18 -0.30 -9.43 -1.48 -0.00 0.00 0.00 -0.30 0.52 -0.67 -0.18 0.61 -0.55 -0.19 0.66 -0.59 -0.19 0.66 -0.59 0.47 2.66 1.11 0.40 2.26 0.94 2.83 7.33 2.58 -5.74 -8.15 79.58 16.82 5.11 5.92 -2.69 15.50 -1.87 -0.14 15.91 -0.12 -7.29 6.45 6.43 -8.91 8.73 11.16 0.00 0.00 0.00 2.00 -0.01 0.35 -0.02 -0.20 5.75 -0.02 -0.10 2.87 0.00 0.00 0.00 -0.00 0.00 0.91 -0.00 0.00 11.29 -0.00 0.00 5.75 0.00 0.00 0.00 -2.00 0.07 1.88 0.21 0.58 17.92 0.16 0.28 9.34 0.00 0.00 0.00 -4.00 0.03 0.49 0.07 0.51 7.37 0.05 0.25 3.70 2.49 8.52 -1.90 4.59 -6.55 -80.82 -11.95 6.59 -1.35 -0.61 10.08 7.73 -0.00 5.63 -0.00 1.26 2.27 -1.60 1.74 3.41 -2.49 -0.00 -0.00 0.00 -2.00 -0.01 -0.23 0.01 -0.14 -4.05 0.01 -0.07 -2.01 -0.00 -0.00 0.00 -0.00 0.00 -0.35 -0.00 0.00 -5.66 -0.00 0.00 -2.83 -0.00 -0.00 0.00 2.00 0.02 -0.45 -0.03 0.24 -6.90 -0.02 0.12 -3.46 -0.00 -0.00 0.00 4.00 0.01 -0.19 -0.02 0.25 -3.56 -0.01 0.12 -1.77
-58.1455 -1.1114 -46.2775 113.74 0.69 -0.00 5.59 -12.72 0.40 10.67 19.84 7.14 2.15 -7.52 -5.59 0.00 0.00 0.00 -3.66 -7.68 2.55 -6.54 16.55 -1.43 -0.85 -9.71 -1.70 -0.00 -0.00 -0.00 -0.24 0.54 -0.60 -0.15 0.64 -0.54 -0.16 0.69 -0.58 -0.16 0.69 -0.58 0.25 2.63 1.07 0.21 2.24 0.91 2.91 7.35 2.60 -5.57 -8.16 79.63 17.10 4.49 6.00 -2.64 15.47 -1.84 -0.15 15.93 -0.12 -7.42 6.45 6.39 -9.11 8.69 11.11 0.00 -0.00 0.00 2.00 -0.01 0.35 -0.02 -0.20 5.75 -0.02 -0.10 2.87 0.00 -0.00 0.00 0.00 0.00 0.91 0.00 0.00 11.32 0.00 0.00 5.76 0.00 -0.00 0.00 -2.00 0.07 1.89 0.21 0.58 17.97 0.16 0.28 9.37 0.00 -0.00 0.00 -4.00 0.04 0.50 0.07 0.52 7.47 0.05 0.26 3.75 2.59 8.69 -1.81 4.82 -6.60 -81.18 -12.41 5.55 -1.57 -1.01 9.55 7.74 0.00 5.58 0.00 1.21 2.25 -1.54 1.68 3.38 -2.38 0.00 0.00 0.00 -2.00 -0.01 -0.23 0.01 -0.14 -4.03 0.01 -0.07 -2.00 0.00 0.00 0.00 -0.00 0.00 -0.35 -0.00 0.00 -5.66 -0.00 0.00 -2.82 0.00 0.00 0.00 2.00 0.02 -0.45 -0.03 0.24 -6.88 -0.02 0.12 -3.45 0.00 0.00 0.00 4.00 0.01 -0.19 -0.02 0.25 -3.56 -0.01 0.12 -1.76
-58.2247 -1.2878 -45.6082 114.44 0.75 0.01 5.62 -13.02 0.59 10.27 19.92 7.25 1.78 -7.50 -5.89 -0.00 -0.00 -0.00 -3.82 -9.01 2.95 -6.72 18.38 -1.75 -1.22 -9.88 -1.89 -0.00 -0.00 0.00 -0.08 0.57 -0.51 -0.12 0.67 -0.52 -0.13 0.73 -0.56 -0.13 0.73 -0.56 0.03 2.61 1.03 0.02 2.22 0.88 3.00 7.37 2.65 -5.27 -8.13 79.60 17.35 4.12 6.09 -2.55 15.49 -1.69 -0.15 16.03 -0.12 -7.57 6.48 6.30 -9.33 8.69 11.02 0.00 -0.00 -0.00 2.00 -0.01 0.35 -0.02 -0.20 5.72 -0.01 -0.10 2.86 0.00 -0.00 -0.00 0.00 -0.00 0.89 0.00 -0.00 11.19 0.00 0.00 5.69 0.00 -0.00 -0.00 -2.00 0.07 1.87 0.21 0.58 17.86 0.16 0.28 9.31 0.00 -0.00 -0.00 -4.00 0.04 0.51 0.07 0.52 7.55 0.05 0.26 3.80 2.73 8.83 -1.72 5.02 -6.59 -81.52 -12.88 4.71 -1.81 -1.45 9.11 7.51 0.00 5.56 0.00 1.18 2.24 -1.50 1.63 3.37 -2.32 -0.00 -0.00 -0.00 -2.00 -0.01 -0.23 0.01 -0.14 -4.03 0.01 -0.07 -2.00 -0.00 -0.00 -0.00 0.00 -0.00 -0.35 0.00 -0.00 -5.66 0.00 -0.00 -2.82 -0.00 -0.00 -0.00 2.00 0.02 -0.45 -0.03 0.24 -6.85 -0.02 0.12 -3.44 -0.00 -0.00 -0.00 4.00 0.01 -0.19 -0.02 0.25 -3.55 -0.01 0.12 -1.76
-58.3130 -1.4496 -44.9544 115.06 0.81 0.01 5.89 -13.37 0.75 9.69 20.05 7.34 1.42 -7.50 -6.17 -0.00 -0.00 0.00 -3.94 -10.33 3.35 -6.87 20.17 -2.10 -1.40 -9.93 -2.05 0.00 0.00 0.00 0.16 0.60 -0.44 -0.10 0.71 -0.49 -0.11 0.77 -0.53 -0.11 0.77 -0.53 -0.19 2.60 1.01 -0.17 2.22 0.86 3.11 7.37 2.71 -4.93 -8.11 79.51 17.56 4.07 6.19 -2.46 15.57 -1.47 -0.15 16.11 -0.12 -7.68 6.50 6.18 -9.51 8.69 10.88 0.00 0.00 0.00 2.00 -0.01 0.35 -0.02 -0.20 5.69 -0.01 -0.10 2.84 0.00 0.00 0.00 0.00 -0.00 0.87 0.01 -0.00 10.98 0.00 0.00 5.58 0.00 0.00 0.00 -2.00 0.06 1.83 0.21 0.57 17.66 0.16 0.28 9.20 0.00 0.00 0.00 -4.00 0.04 0.51 0.07 0.52 7.60 0.05 0.26 3.82 2.90 8.93 -1.64 5.26 -6.52 -81.81 -13.28 4.14 -2.05 -1.85 8.93 7.15 -0.00 5.54 -0.00 1.16 2.23 -1.49 1.60 3.36 -2.30 0.00 -0.00 -0.00 -2.00 -0.01 -0.22 0.01 -0.14 -4.00 0.01 -0.07 -1.99 0.00 -0.00 -0.00 0.00 0.00 -0.34 0.00 0.00 -5.61 0.00 0.00 -2.80 0.00 -0.00 -0.00 2.00 0.02 -0.44 -0.03 0.23 -6.77 -0.02 0.12 -3.40 0.00 -0.00 -0.00 4.00 0.01 -0.19 -0.02 0.25 -3.53 -0.01 0.12 -1.75
-58.4148 -1.5844 -44.3050 115.65 0.87 0.01 6.24 -13.73 0.87 9.07 20.16 7.45 1.04 -7.51 -6.44 0.00 -0.00 0.00 -4.00 -11.75 3.75 -6.75 22.14 -2.53 -1.53 -9.96 -2.12 0.00 0.00 -0.00 0.41 0.63 -0.37 -0.08 0.74 -0.46 -0.09 0.80 -0.49 -0.09 0.80 -0.49 -0.42 2.61 1.01 -0.36 2.23 0.86 3.24 7.37 2.82 -4.58 -8.12 79.37 17.72 4.29 6.26 -2.38 15.74 -1.19 -0.15 16.17 -0.12 -7.77 6.51 6.05 -9.67 8.68 10.71 -0.00 -0.00 0.00 2.00 -0.01 0.34 -0.02 -0.20 5.63 -0.01 -0.10 2.81 -0.00 -0.00 0.00 0.00 -0.00 0.84 0.01 -0.00 10.71 0.01 0.00 5.44 -0.00 -0.00 0.00 -2.00 0.06 1.79 0.21 0.56 17.38 0.15 0.28 9.05 -0.00 -0.00 0.00 -4.00 0.04 0.52 0.07 0.53 7.61 0.06 0.26 3.83 3.07 9.00 -1.57 5.50 -6.42 -82.07 -13.62 3.87 -2.27 -2.17 8.99 6.80 -0.01 5.54 -0.01 1.15 2.23 -1.49 1.58 3.36 -2.31 0.00 0.00 0.00 -2.00 -0.01 -0.22 0.01 -0.14 -3.97 0.01 -0.07 -1.97 0.00 0.00 0.00 -0.00 0.00 -0.34 -0.00 0.00 -5.57 -0.00 0.00 -2.78 0.00 0.00 0.00 2.00 0.02 -0.43 -0.03 0.23 -6.71 -0.02 0.12 -3.36 0.00 0.00 0.00 4.00 0.01 -0.19 -0.02 0.24 -3.51 -0.01 0.12 -1.74
-58.5257 -1.6863 -43.6665 116.30 0.94 0.05 6.57 -14.07 0.92 8.43 20.23 7.55 0.67 -7.50 -6.70 -0.00 -0.00 0.00 -4.11 -13.22 4.10 -6.24 24.30 -2.96 -1.37 -9.95 -2.17 0.00 0.00 -0.00 0.63 0.66 -0.33 -0.06 0.78 -0.44 -0.06 0.84 -0.47 -0.06 0.84 -0.47 -0.68 2.67 1.03 -0.58 2.27 0.87 3.39 7.37 2.95 -4.33 -8.17 79.20 17.83 4.79 6.31 -2.33 15.96 -0.90 -0.15 16.21 -0.13 -7.84 6.51 5.91 -9.80 8.66 10.52 -0.00 -0.00 -0.00 2.00 -0.01 0.34 -0.02 -0.19 5.58 -0.01 -0.10 2.79 -0.00 -0.00 -0.00 0.00 0.00 0.81 0.01 0.00 10.42 0.01 0.00 5.29 -0.00 -0.00 -0.00 -2.00 0.06 1.73 0.20 0.56 17.07 0.15 0.28 8.87 -0.00 -0.00 -0.00 -4.00 0.04 0.51 0.08 0.52 7.60 0.06 0.26 3.82 3.25 9.02 -1.50 5.67 -6.28 -82.30 -13.86 3.91 -2.44 -2.39 9.24 6.55 -0.01 5.55 -0.01 1.15 2.24 -1.51 1.59 3.37 -2.33 -0.00 -0.00 0.00 -2.00 -0.01 -0.22 0.01 -0.14 -3.94 0.01 -0.07 -1.96 -0.00 -0.00 0.00 -0.00 0.00 -0.34 -0.00 0.00 -5.52 -0.00 0.00 -2.76 -0.00 -0.00 0.00 2.00 0.02 -0.43 -0.03 0.23 -6.67 -0.02 0.11 -3.34 -0.00 -0.00 0.00 4.00 0.01 -0.19 -0.02 0.24 -3.49 -0.01 0.12 -1.73
-58.6369 -1.7592 -43.0560 116.96 1.01 0.14 6.83 -14.37 0.91 7.85 20.25 7.63 0.30 -7.48 -6.94 -0.00 0.00 0.00 -4.25 -14.70 4.38 -5.34 26.65 -3.33 -1.05 -9.98 -2.21 -0.00 -0.00 -0.00 0.80 0.69 -0.31 -0.02 0.81 -0.43 -0.03 0.88 -0.46 -0.03 0.88 -0.46 -0.93 2.75 1.06 -0.80 2.34 0.90 3.55 7.36 3.10 -4.08 -8.26 79.00 17.89 5.61 6.29 -2.30 16.21 -0.61 -0.16 16.26 -0.13 -7.89 6.52 5.75 -9.91 8.66 10.29 -0.00 0.00 -0.00 2.00 -0.01 0.33 -0.02 -0.19 5.52 -0.01 -0.09 2.75 -0.00 0.00 -0.00 0.00 0.00 0.77 0.01 0.00 10.06 0.01 0.00 5.10 -0.00 0.00 -0.00 -2.00 0.06 1.67 0.20 0.55 16.68 0.14 0.27 8.66 -0.00 0.00 -0.00 -4.00 0.04 0.51 0.08 0.52 7.55 0.06 0.26 3.79 3.42 9.03 -1.45 5.80 -6.06 -82.49 -14.06 4.24 -2.54 -2.50 9.63 6.46 -0.01 5.56 -0.01 1.16 2.24 -1.53 1.61 3.37 -2.36 -0.00 -0.00 0.00 -2.00 -0.01 -0.22 0.01 -0.14 -3.92 0.01 -0.07 -1.95 -0.00 -0.00 0.00 -0.00 0.00 -0.33 -0.00 0.00 -5.51 -0.00 0.00 -2.75 -0.00 -0.00 0.00 2.00 0.01 -0.43 -0.03 0.23 -6.65 -0.02 0.11 -3.33 -0.00 -0.00 0.00 4.00 0.01 -0.19 -0.02 0.24 -3.49 -0.01 0.12 -1.73
-58.7422 -1.8089 -42.4579 117.65 1.07 0.27 6.98 -14.65 0.88 7.37 20.24 7.70 -0.07 -7.44 -7.15 0.00 0.00 0.00 -4.40 -16.15 4.61 -4.09 29.20 -3.59 -0.66 -10.08 -2.22 0.00 0.00 0.00 0.91 0.71 -0.30 0.01 0.84 -0.43 0.01 0.91 -0.46 0.01 0.91 -0.46 -1.20 2.86 1.10 -1.02 2.43 0.94 3.70 7.35 3.24 -3.87 -8.35 78.82 17.90 6.60 6.22 -2.31 16.51 -0.36 -0.16 16.27 -0.13 -7.91 6.52 5.61 -9.97 8.66 10.08 0.00 0.00 0.00 2.00 -0.01 0.33 -0.02 -0.19 5.47 -0.01 -0.09 2.73 0.00 0.00 0.00 0.00 0.00 0.73 0.01 0.00 9.77 0.01 0.00 4.95 0.00 0.00 0.00 -2.00 0.06 1.62 0.19 0.54 16.36 0.14 0.27 8.48 0.00 0.00 0.00 -4.00 0.04 0.50 0.07 0.52 7.50 0.05 0.26 3.77 3.57 9.03 -1.41 5.83 -5.80 -82.65 -14.12 4.86 -2.52 -2.48 10.14 6.57 -0.01 5.57 -0.01 1.18 2.24 -1.56 1.63 3.38 -2.42 0.00 0.00 0.00 -2.00 -0.01 -0.22 0.01 -0.14 -3.90 0.01 -0.07 -1.94 0.00 0.00 0.00 -0.00 0.00 -0.33 -0.00 0.00 -5.49 -0.00 0.00 -2.74 0.00 0.00 0.00 2.00 0.01 -0.43 -0.03 0.23 -6.63 -0.02 0.11 -3.32 0.00 0.00 0.00 4.00 0.01 -0.19 -0.02 0.24 -3.48 -0.01 0.12 -1.72
-58.8431 -1.8387 -41.8931 118.34 1.13 0.45 6.97 -14.89 0.83 7.03 20.21 7.74 -0.42 -7.39 -7.34 0.00 -0.00 0.00 -4.47 -17.64 4.77 -2.69 32.16 -3.80 -0.19 -10.24 -2.22 -0.00 0.00 0.00 0.97 0.73 -0.31 0.04 0.87 -0.43 0.05 0.94 -0.47 0.05 0.94 -0.47 -1.46 2.97 1.13 -1.24 2.53 0.97 3.84 7.35 3.35 -3.72 -8.45 78.66 17.89 7.62 6.12 -2.34 16.82 -0.17 -0.16 16.29 -0.13 -7.91 6.52 5.51 -9.99 8.66 9.92 0.00 -0.00 0.00 2.00 -0.01 0.33 -0.02 -0.19 5.44 -0.01 -0.09 2.71 0.00 -0.00 0.00 0.00 0.00 0.71 0.01 0.00 9.56 0.00 0.00 4.84 0.00 -0.00 0.00 -2.00 0.06 1.58 0.18 0.53 16.14 0.13 0.26 8.36 0.00 -0.00 0.00 -4.00 0.04 0.50 0.07 0.51 7.45 0.05 0.26 3.74 3.69 9.04 -1.39 5.78 -5.49 -82.78 -14.07 5.66 -2.39 -2.37 10.66 6.80 -0.01 5.58 -0.01 1.19 2.25 -1.59 1.64 3.38 -2.47 -0.00 -0.00 0.00 -2.00 -0.01 -0.21 0.01 -0.13 -3.88 0.01 -0.07 -1.93 -0.00 -0.00 0.00 -0.00 0.00 -0.33 -0.00 0.00 -5.46 -0.00 0.00 -2.73 -0.00 -0.00 0.00 2.00 0.01 -0.42 -0.03 0.23 -6.61 -0.02 0.11 -3.31 -0.00 -0.00 0.00 4.00 0.01 -0.19 -0.02 0.24 -3.46 -0.01 0.12 -1.72
-58.9444 -1.8515 -41.3712 119.08 1.19 0.65 6.75 -15.09 0.76 6.82 20.17 7.77 -0.74 -7.34 -7.51 -0.00 -0.00 -0.00 -4.55 -19.08 4.86 -1.33 35.37 -3.96 0.28 -10.49 -2.21 -0.00 0.00 0.00 0.99 0.75 -0.32 0.07 0.89 -0.45 0.07 0.96 -0.49 0.07 0.96 -0.49 -1.72 3.08 1.17 -1.47 2.62 1.00 3.94 7.35 3.43 -3.65 -8.53 78.54 17.88 8.54 5.99 -2.41 17.11 -0.08 -0.16 16.31 -0.13 -7.88 6.52 5.44 -9.97 8.68 9.82 0.00 0.00 0.00 2.00 -0.01 0.33 -0.02 -0.19 5.44 -0.01 -0.09 2.71 0.00 0.00 0.00 0.00 0.00 0.70 0.00 0.00 9.47 0.00 0.00 4.79 0.00 0.00 0.00 -2.00 0.05 1.57 0.17 0.53 16.07 0.13 0.26 8.32 0.00 0.00 0.00 -4.00 0.03 0.50 0.07 0.51 7.44 0.05 0.26 3.74 3.79 9.04 -1.36 5.62 -5.15 -82.87 -13.94 6.54 -2.19 -2.19 11.17 7.08 -0.02 5.57 -0.02 1.19 2.24 -1.62 1.64 3.38 -2.50 -0.00 -0.00 0.00 -2.00 -0.01 -0.21 0.01 -0.13 -3.87 0.01 -0.07 -1.92 -0.00 -0.00 0.00 -0.00 0.00 -0.33 -0.00 0.00 -5.45 -0.00 0.00 -2.72 -0.00 -0.00 0.00 2.00 0.01 -0.42 -0.03 0.23 -6.59 -0.02 0.11 -3.30 -0.00 -0.00 0.00 4.00 0.01 -0.19 -0.02 0.24 -3.45 -0.01 0.12 -1.71
-59.0450 -1.8527 -40.8934 119.86 1.23 0.86 6.34 -15.25 0.71 6.71 20.11 7.76 -1.01 -7.29 -7.65 0.00 0.00 0.00 -4.69 -20.42 4.91 -0.10 38.73 -4.10 0.73 -10.78 -2.18 -0.00 0.00 0.00 0.97 0.76 -0.33 0.08 0.90 -0.47 0.08 0.98 -0.51 0.08 0.98 -0.51 -1.97 3.17 1.20 -1.68 2.69 1.03 4.02 7.37 3.49 -3.66 -8.59 78.46 17.88 9.26 5.87 -2.49 17.31 -0.11 -0.16 16.35 -0.12 -7.84 6.54 5.44 -9.90 8.71 9.80 0.00 -0.00 -0.00 2.00 -0.01 0.33 -0.02 -0.19 5.47 -0.01 -0.09 2.73 0.00 -0.00 -0.00 0.00 -0.00 0.71 0.00 -0.00 9.53 0.00 0.00 4.82 0.00 -0.00 -0.00 -2.00 0.06 1.59 0.17 0.53 16.20 0.13 0.26 8.39 0.00 -0.00 -0.00 -4.00 0.04 0.50 0.07 0.52 7.49 0.05 0.26 3.77 3.88 9.04 -1.33 5.43 -4.75 -82.92 -13.79 7.44 -1.98 -1.95 11.66 7.36 -0.02 5.55 -0.02 1.19 2.24 -1.64 1.64 3.37 -2.53 0.00 -0.00 -0.00 -2.00 -0.01 -0.21 0.01 -0.13 -3.85 0.01 -0.07 -1.91 0.00 -0.00 -0.00 -0.00 0.00 -0.33 -0.00 0.00 -5.43 -0.00 0.00 -2.71 0.00 -0.00 -0.00 2.00 0.01 -0.42 -0.03 0.23 -6.57 -0.02 0.11 -3.29 0.00 -0.00 -0.00 4.00 0.01 -0.19 -0.02 0.24 -3.44 -0.01 0.12 -1.71
-59.1384 -1.8437 -40.4401 120.65 1.27 1.05 5.76 -15.36 0.73 6.69 20.00 7.71 -1.22 -7.22 -7.77 -0.00 0.00 -0.00 -4.94 -21.64 4.97 0.98 42.16 -4.25 1.14 -11.10 -2.14 0.00 0.00 -0.00 0.93 0.77 -0.35 0.08 0.92 -0.49 0.08 0.99 -0.53 0.08 0.99 -0.53 -2.20 3.23 1.23 -1.88 2.75 1.05 4.09 7.39 3.52 -3.74 -8.63 78.43 17.92 9.70 5.79 -2.57 17.41 -0.23 -0.15 16.44 -0.12 -7.82 6.58 5.47 -9.85 8.77 9.86 -0.00 -0.00 -0.00 2.00 -0.01 0.34 -0.02 -0.19 5.53 -0.01 -0.10 2.76 -0.00 -0.00 -0.00 0.00 0.00 0.72 0.00 0.00 9.69 0.00 0.00 4.90 -0.00 -0.00 -0.00 -2.00 0.06 1.63 0.18 0.54 16.45 0.13 0.27 8.53 -0.00 -0.00 -0.00 -4.00 0.04 0.51 0.08 0.52 7.60 0.06 0.26 3.82 3.96 9.03 -1.28 5.24 -4.33 -82.92 -13.55 8.24 -1.76 -1.65 12.13 7.58 -0.03 5.49 -0.02 1.18 2.22 -1.64 1.63 3.34 -2.52 0.00 0.00 -0.00 -2.00 -0.01 -0.21 0.01 -0.13 -3.82 0.01 -0.07 -1.90 0.00 0.00 -0.00 -0.00 0.00 -0.33 -0.00 0.00 -5.39 -0.00 0.00 -2.69 0.00 0.00 -0.00 2.00 0.01 -0.42 -0.03 0.23 -6.53 -0.02 0.11 -3.27 0.00 0.00 -0.00 4.00 0.01 -0.18 -0.02 0.24 -3.43 -0.01 0.12 -1.70
-59.2210 -1.8293 -40.0142 121.45 1.29 1.20 5.09 -15.42 0.82 6.67 19.85 7.57 -1.38 -7.14 -7.86 -0.00 -0.00 0.00 -5.34 -22.72 5.10 1.89 45.79 -4.56 1.58 -11.42 -2.08 -0.00 -0.00 0.00 0.87 0.78 -0.37 0.06 0.93 -0.50 0.07 1.00 -0.54 0.07 1.00 -0.54 -2.42 3.27 1.24 -2.07 2.78 1.07 4.15 7.44 3.54 -3.89 -8.64 78.42 17.98 9.85 5.75 -2.62 17.41 -0.38 -0.15 16.49 -0.12 -7.81 6.60 5.53 -9.81 8.80 9.94 -0.00 -0.00 0.00 2.00 -0.01 0.34 -0.02 -0.19 5.60 -0.01 -0.10 2.79 -0.00 -0.00 0.00 0.00 0.00 0.75 0.00 0.00 9.89 0.00 0.00 5.01 -0.00 -0.00 0.00 -2.00 0.06 1.68 0.19 0.55 16.74 0.14 0.27 8.69 -0.00 -0.00 0.00 -4.00 0.04 0.53 0.08 0.53 7.72 0.06 0.27 3.88 4.03 9.00 -1.23 5.06 -3.89 -82.89 -13.31 8.91 -1.58 -1.31 12.55 7.71 -0.03 5.44 -0.02 1.17 2.19 -1.62 1.61 3.31 -2.50 0.00 -0.00 0.00 -2.00 -0.01 -0.21 0.01 -0.13 -3.80 0.01 -0.07 -1.88 0.00 -0.00 0.00 -0.00 0.00 -0.32 -0.00 0.00 -5.38 -0.00 0.00 -2.68 0.00 -0.00 0.00 2.00 0.01 -0.41 -0.03 0.23 -6.49 -0.02 0.11 -3.25 0.00 -0.00 0.00 4.00 0.01 -0.18 -0.02 0.24 -3.42 -0.01 0.12 -1.69
-59.3026 -1.8114 -39.6038 122.29 1.31 1.31 4.35 -15.46 0.99 6.58 19.68 7.34 -1.48 -7.06 -7.90 0.00 0.00 -0.00 -5.91 -23.64 5.30 2.58 49.44 -5.01 2.07 -11.68 -2.06 -0.00 0.00 -0.00 0.79 0.79 -0.37 0.03 0.94 -0.50 0.03 1.01 -0.55 0.03 1.01 -0.55 -2.63 3.27 1.26 -2.25 2.78 1.08 4.22 7.50 3.56 -4.11 -8.65 78.43 18.07 9.71 5.74 -2.63 17.32 -0.52 -0.14 16.58 -0.12 -7.83 6.64 5.59 -9.81 8.85 10.05 0.00 0.00 -0.00 2.00 -0.01 0.35 -0.02 -0.20 5.66 -0.01 -0.10 2.83 0.00 0.00 -0.00 0.00 0.00 0.77 0.00 0.00 10.13 0.00 0.00 5.14 0.00 0.00 -0.00 -2.00 0.06 1.73 0.19 0.56 17.07 0.15 0.27 8.87 0.00 0.00 -0.00 -4.00 0.04 0.54 0.08 0.54 7.86 0.06 0.27 3.96 4.11 8.95 -1.18 4.88 -3.46 -82.80 -13.05 9.41 -1.45 -0.97 12.94 7.75 -0.03 5.39 -0.02 1.16 2.17 -1.59 1.60 3.27 -2.46 0.00 0.00 -0.00 -2.00 -0.01 -0.21 0.01 -0.13 -3.78 0.01 -0.06 -1.87 0.00 0.00 -0.00 0.00 0.00 -0.32 -0.00 0.00 -5.36 0.00 0.00 -2.67 0.00 0.00 -0.00 2.00 0.01 -0.41 -0.03 0.22 -6.46 -0.02 0.11 -3.24 0.00 0.00 -0.00 4.00 0.01 -0.18 -0.01 0.24 -3.41 -0.01 0.12 -1.69
-59.3793 -1.7953 -39.2013 123.13 1.31 1.37 3.67 -15.46 1.24 6.37 19.49 7.01 -1.54 -6.97 -7.91 0.00 -0.00 0.00 -6.56 -24.38 5.57 3.04 53.03 -5.65 2.58 -11.93 -2.07 0.00 -0.00 0.00 0.71 0.79 -0.37 -0.01 0.94 -0.50 -0.01 1.01 -0.54 -0.01 1.01 -0.54 -2.83 3.25 1.26 -2.42 2.76 1.08 4.28 7.59 3.57 -4.33 -8.61 78.41 18.18 9.24 5.78 -2.57 17.16 -0.61 -0.14 16.63 -0.11 -7.87 6.66 5.68 -9.85 8.87 10.20 -0.00 -0.00 -0.00 2.00 -0.01 0.35 -0.02 -0.20 5.73 -0.02 -0.10 2.86 -0.00 -0.00 -0.00 0.00 0.00 0.80 0.00 0.00 10.41 0.00 0.00 5.28 -0.00 -0.00 -0.00 -2.00 0.06 1.80 0.20 0.57 17.45 0.15 0.28 9.08 -0.00 -0.00 -0.00 -4.00 0.04 0.55 0.09 0.55 8.00 0.06 0.28 4.03 4.19 8.89 -1.13 4.69 -3.04 -82.65 -12.79 9.75 -1.39 -0.67 13.27 7.70 -0.03 5.33 -0.02 1.14 2.15 -1.57 1.58 3.24 -2.42 -0.00 -0.00 0.00 -2.00 -0.01 -0.21 0.01 -0.13 -3.76 0.01 -0.06 -1.87 -0.00 -0.00 0.00 0.00 0.00 -0.32 0.00 0.00 -5.35 0.00 0.00 -2.67 -0.00 -0.00 0.00 2.00 0.01 -0.41 -0.03 0.22 -6.45 -0.02 0.11 -3.23 -0.00 -0.00 0.00 4.00 0.01 -0.18 -0.01 0.24 -3.41 -0.01 0.12 -1.69
-59.4482 -1.7856 -38.7752 123.96 1.31 1.39 3.18 -15.46 1.53 5.95 19.28 6.59 -1.59 -6.86 -7.90 -0.00 0.00 0.00 -7.22 -24.93 5.90 3.19 56.45 -6.49 3.10 -12.12 -2.11 0.00 0.00 0.00 0.61 0.79 -0.36 -0.05 0.94 -0.49 -0.05 1.02 -0.53 -0.05 1.02 -0.53 -3.02 3.21 1.26 -2.58 2.73 1.09 4.34 7.69 3.59 -4.55 -8.54 78.37 18.27 8.57 5.83 -2.46 16.98 -0.64 -0.14 16.66 -0.11 -7.92 6.67 5.73 -9.89 8.87 10.30 -0.00 -0.00 -0.00 2.00 -0.01 0.35 -0.02 -0.20 5.77 -0.02 -0.10 2.88 -0.00 -0.00 -0.00 0.00 0.00 0.83 0.00 0.00 10.62 0.00 0.00 5.39 -0.00 -0.00 -0.00 -2.00 0.06 1.84 0.21 0.57 17.71 0.16 0.28 9.23 -0.00 -0.00 -0.00 -4.00 0.04 0.56 0.09 0.56 8.10 0.06 0.28 4.08 4.26 8.83 -1.09 4.50 -2.65 -82.47 -12.51 9.93 -1.34 -0.41 13.55 7.57 -0.02 5.27 -0.02 1.12 2.12 -1.53 1.55 3.20 -2.36 0.00 -0.00 -0.00 -2.00 -0.01 -0.21 0.01 -0.13 -3.74 0.01 -0.06 -1.85 0.00 -0.00 -0.00 0.00 0.00 -0.32 0.00 0.00 -5.33 0.00 0.00 -2.66 0.00 -0.00 -0.00 2.00 0.01 -0.41 -0.03 0.22 -6.43 -0.02 0.11 -3.22 0.00 -0.00 -0.00 4.00 0.01 -0.18 -0.01 0.24 -3.41 -0.01 0.12 -1.69
-59.5134 -1.7822 -38.3313 124.75 1.30 1.38 2.89 -15.47 1.85 5.36 19.06 6.11 -1.65 -6.74 -7.86 -0.00 -0.00 0.00 -7.81 -25.28 6.27 2.89 59.76 -7.76 3.62 -12.25 -2.16 -0.00 -0.00 -0.00 0.52 0.79 -0.35 -0.09 0.94 -0.47 -0.10 1.01 -0.51 -0.10 1.01 -0.51 -3.19 3.15 1.26 -2.73 2.68 1.09 4.39 7.79 3.61 -4.75 -8.43 78.31 18.34 7.83 5.90 -2.33 16.78 -0.62 -0.14 16.69 -0.11 -7.95 6.69 5.76 -9.93 8.87 10.36 0.00 -0.00 -0.00 2.00 -0.01 0.36 -0.02 -0.20 5.78 -0.02 -0.10 2.89 0.00 -0.00 -0.00 0.00 0.00 0.84 0.00 0.00 10.73 0.00 0.00 5.45 0.00 -0.00 -0.00 -2.00 0.07 1.87 0.21 0.58 17.86 0.16 0.28 9.31 0.00 -0.00 -0.00 -4.00 0.04 0.57 0.09 0.56 8.15 0.06 0.28 4.11 4.32 8.77 -1.05 4.29 -2.30 -82.26 -12.22 10.01 -1.30 -0.18 13.75 7.37 -0.02 5.22 -0.02 1.11 2.10 -1.50 1.53 3.17 -2.32 -0.00 -0.00 -0.00 -2.00 -0.01 -0.20 0.01 -0.13 -3.72 0.01 -0.06 -1.85 -0.00 -0.00 -0.00 0.00 0.00 -0.32 0.00 0.00 -5.31 0.00 0.00 -2.65 -0.00 -0.00 -0.00 2.00 0.01 -0.41 -0.03 0.22 -6.41 -0.02 0.11 -3.21 -0.00 -0.00 -0.00 4.00 0.01 -0.18 -0.01 0.24 -3.41 -0.01 0.12 -1.69
-59.5867 -1.7867 -37.8730 125.55 1.27 1.34 2.70 -15.48 2.20 4.68 18.84 5.60 -1.72 -6.62 -7.82 -0.00 -0.00 -0.00 -8.33 -25.43 6.65 2.08 62.85 -9.45 4.16 -12.27 -2.22 0.00 0.00 -0.00 0.43 0.79 -0.34 -0.14 0.94 -0.45 -0.15 1.01 -0.48 -0.15 1.01 -0.48 -3.36 3.08 1.27 -2.87 2.62 1.10 4.43 7.90 3.62 -4.98 -8.32 78.24 18.38 7.11 5.96 -2.21 16.61 -0.58 -0.14 16.70 -0.11 -7.98 6.69 5.76 -9.97 8.87 10.36 -0.00 -0.00 0.00 2.00 -0.01 0.35 -0.02 -0.20 5.77 -0.02 -0.10 2.88 -0.00 -0.00 0.00 0.00 0.00 0.84 0.00 0.00 10.74 0.00 0.00 5.45 -0.00 -0.00 0.00 -2.00 0.07 1.88 0.21 0.58 17.90 0.16 0.28 9.33 -0.00 -0.00 0.00 -4.00 0.04 0.57 0.09 0.56 8.18 0.06 0.28 4.12 4.38 8.71 -1.00 4.04 -2.00 -82.06 -11.94 10.06 -1.26 0.03 13.90 7.15 -0.02 5.17 -0.02 1.09 2.08 -1.48 1.51 3.14 -2.29 -0.00 0.00 0.00 -2.00 -0.01 -0.20 0.01 -0.13 -3.70 0.01 -0.06 -1.84 -0.00 0.00 0.00 0.00 0.00 -0.32 0.00 0.00 -5.29 0.00 0.00 -2.64 -0.00 0.00 0.00 2.00 0.01 -0.41 -0.03 0.22 -6.39 -0.02 0.11 -3.20 -0.00 0.00 0.00 4.00 0.01 -0.18 -0.01 0.24 -3.41 -0.01 0.12 -1.69
-59.6609 -1.7969 -37.4141 126.31 1.24 1.28 2.58 -15.49 2.56 3.98 18.60 5.09 -1.82 -6.49 -7.77 -0.00 -0.00 -0.00 -8.75 -25.40 7.02 0.73 65.60 -11.57 4.67 -12.16 -2.28 -0.00 -0.00 0.00 0.34 0.78 -0.32 -0.19 0.93 -0.42 -0.21 1.01 -0.45 -0.21 1.01 -0.45 -3.52 3.00 1.29 -3.00 2.55 1.11 4.46 8.00 3.64 -5.26 -8.18 78.16 18.36 6.54 6.01 -2.12 16.47 -0.55 -0.14 16.71 -0.11 -7.98 6.69 5.70 -9.98 8.87 10.27 -0.00 -0.00 -0.00 2.00 -0.01 0.35 -0.02 -0.20 5.71 -0.02 -0.10 2.85 -0.00 -0.00 -0.00 0.00 0.00 0.83 0.00 0.00 10.62 -0.00 0.00 5.39 -0.00 -0.00 -0.00 -2.00 0.07 1.86 0.21 0.58 17.81 0.16 0.28 9.28 -0.00 -0.00 -0.00 -4.00 0.04 0.57 0.09 0.56 8.16 0.06 0.28 4.11 4.43 8.67 -0.95 3.80 -1.77 -81.86 -11.70 10.12 -1.21 0.22 14.01 6.92 -0.03 5.13 -0.03 1.07 2.07 -1.47 1.49 3.11 -2.27 -0.00 0.00 -0.00 -2.00 -0.01 -0.20 0.01 -0.13 -3.69 0.01 -0.06 -1.83 -0.00 0.00 -0.00 0.00 0.00 -0.32 0.00 0.00 -5.27 0.00 0.00 -2.63 -0.00 0.00 -0.00 2.00 0.01 -0.41 -0.03 0.22 -6.38 -0.02 0.11 -3.19 -0.00 0.00 -0.00 4.00 0.01 -0.18 -0.01 0.24 -3.40 -0.01 0.12 -1.69
-59.7246 -1.8121 -36.9327 127.04 1.20 1.20 2.53 -15.49 2.94 3.28 18.32 4.58 -1.96 -6.33 -7.73 0.00 0.00 0.00 -9.02 -25.21 7.34 -1.13 67.97 -14.08 5.16 -11.91 -2.34 -0.00 0.00 0.00 0.25 0.78 -0.30 -0.24 0.92 -0.39 -0.26 1.00 -0.43 -0.26 1.00 -0.43 -3.66 2.92 1.32 -3.12 2.48 1.14 4.48 8.09 3.66 -5.57 -8.03 78.08 18.29 6.17 6.05 -2.07 16.36 -0.54 -0.14 16.71 -0.11 -7.96 6.68 5.62 -9.98 8.88 10.14 -0.00 0.00 -0.00 2.00 -0.01 0.35 -0.02 -0.20 5.66 -0.02 -0.10 2.82 -0.00 0.00 -0.00 0.00 0.00 0.81 0.00 0.00 10.44 0.00 0.00 5.30 -0.00 0.00 -0.00 -2.00 0.06 1.84 0.20 0.57 17.70 0.15 0.28 9.22 -0.00 0.00 -0.00 -4.00 0.04 0.57 0.09 0.56 8.15 0.06 0.28 4.10 4.47 8.64 -0.88 3.58 -1.61 -81.67 -11.51 10.22 -1.16 0.40 14.11 6.71 -0.04 5.08 -0.03 1.05 2.05 -1.48 1.46 3.09 -2.28 0.00 -0.00 -0.00 -2.00 -0.01 -0.20 0.01 -0.13 -3.67 0.01 -0.06 -1.82 0.00 -0.00 -0.00 0.00 0.00 -0.31 -0.00 0.00 -5.25 -0.00 0.00 -2.62 0.00 -0.00 -0.00 2.00 0.01 -0.40 -0.03 0.22 -6.37 -0.02 0.11 -3.19 0.00 -0.00 -0.00 4.00 0.01 -0.18 -0.01 0.24 -3.39 -0.01 0.12 -1.68
-59.7790 -1.8294 -36.4498 127.76 1.16 1.11 2.47 -15.48 3.35 2.62 18.00 4.08 -2.11 -6.16 -7.69 -0.00 0.00 -0.00 -9.07 -24.81 7.59 -3.46 69.96 -16.98 5.62 -11.40 -2.44 0.00 -0.00 -0.00 0.16 0.77 -0.28 -0.30 0.92 -0.37 -0.33 0.99 -0.40 -0.33 0.99 -0.40 -3.79 2.83 1.37 -3.23 2.41 1.18 4.50 8.18 3.68 -5.90 -7.88 78.01 18.18 5.99 6.08 -2.07 16.29 -0.58 -0.14 16.68 -0.11 -7.91 6.67 5.53 -9.94 8.87 9.99 -0.00 0.00 0.00 2.00 -0.01 0.34 -0.02 -0.19 5.60 -0.01 -0.10 2.80 -0.00 0.00 0.00 0.00 0.00 0.79 0.00 0.00 10.26 0.00 0.00 5.20 -0.00 0.00 0.00 -2.00 0.06 1.82 0.20 0.57 17.56 0.15 0.28 9.14 -0.00 0.00 0.00 -4.00 0.04 0.57 0.09 0.56 8.14 0.06 0.28 4.10 4.50 8.61 -0.80 3.38 -1.50 -81.49 -11.37 10.34 -1.12 0.57 14.21 6.52 -0.04 5.05 -0.04 1.04 2.04 -1.48 1.43 3.07 -2.28 -0.00 -0.00 -0.00 -2.00 -0.01 -0.20 0.01 -0.13 -3.66 0.01 -0.06 -1.82 -0.00 -0.00 -0.00 -0.00 0.00 -0.31 -0.00 0.00 -5.23 -0.00 0.00 -2.61 -0.00 -0.00 -0.00 2.00 0.01 -0.40 -0.03 0.22 -6.36 -0.02 0.11 -3.18 -0.00 -0.00 -0.00 4.00 0.01 -0.18 -0.01 0.24 -3.38 -0.01 0.12 -1.68
-59.8334 -1.8500 -35.9731 128.54 1.11 0.99 2.30 -15.43 3.80 2.02 17.63 3.59 -2.27 -5.96 -7.67 -0.00 -0.00 0.00 -9.01 -24.24 7.79 -6.00 71.53 -19.97 6.06 -10.64 -2.59 -0.00 0.00 0.00 0.06 0.77 -0.26 -0.38 0.91 -0.34 -0.41 0.98 -0.36 -0.41 0.98 -0.36 -3.90 2.74 1.43 -3.33 2.33 1.23 4.52 8.26 3.70 -6.23 -7.68 77.94 18.06 5.93 6.10 -2.10 16.25 -0.65 -0.14 16.68 -0.11 -7.89 6.67 5.43 -9.94 8.87 9.84 -0.00 -0.00 0.00 2.00 -0.01 0.34 -0.02 -0.19 5.53 -0.01 -0.10 2.76 -0.00 -0.00 0.00 0.00 0.00 0.76 0.00 0.00 10.06 0.00 0.00 5.10 -0.00 -0.00 0.00 -2.00 0.06 1.79 0.20 0.57 17.43 0.15 0.28 9.07 -0.00 -0.00 0.00 -4.00 0.04 0.57 0.09 0.56 8.14 0.06 0.28 4.10 4.52 8.57 -0.71 3.19 -1.43 -81.31 -11.27 10.46 -1.10 0.71 14.30 6.36 -0.04 5.03 -0.04 1.03 2.03 -1.49 1.43 3.06 -2.29 0.00 -0.00 0.00 -2.00 -0.01 -0.20 0.01 -0.13 -3.65 0.01 -0.06 -1.81 0.00 -0.00 0.00 -0.00 -0.00 -0.31 -0.00 -0.00 -5.22 -0.00 -0.00 -2.60 0.00 -0.00 0.00 2.00 0.01 -0.40 -0.03 0.22 -6.36 -0.02 0.11 -3.18 0.00 -0.00 0.00 4.00 0.01 -0.18 -0.01 0.24 -3.38 -0.01 0.12 -1.67
-59.8828 -1.8692 -35.5101 129.34 1.07 0.85 2.06 -15.35 4.25 1.47 17.23 3.13 -2.44 -5.76 -7.65 0.00 0.00 0.00 -8.84 -23.54 7.94 -8.51 72.71 -22.84 6.44 -9.69 -2.78 0.00 -0.00 -0.00 -0.05 0.76 -0.24 -0.47 0.90 -0.31 -0.50 0.97 -0.33 -0.50 0.97 -0.33 -4.00 2.66 1.50 -3.41 2.26 1.29 4.54 8.33 3.72 -6.51 -7.46 77.88 17.89 5.98 6.09 -2.14 16.22 -0.74 -0.14 16.68 -0.12 -7.87 6.66 5.30 -9.95 8.87 9.63 0.00 -0.00 -0.00 2.00 -0.01 0.33 -0.02 -0.19 5.45 -0.01 -0.09 2.72 0.00 -0.00 -0.00 0.00 0.00 0.74 0.00 0.00 9.82 0.00 0.00 4.97 0.00 -0.00 -0.00 -2.00 0.06 1.76 0.19 0.56 17.25 0.15 0.28 8.97 0.00 -0.00 -0.00 -4.00 0.04 0.57 0.09 0.56 8.14 0.06 0.28 4.10 4.52 8.51 -0.63 2.99 -1.42 -81.11 -11.24 10.55 -1.10 0.85 14.38 6.19 -0.05 5.01 -0.04 1.02 2.02 -1.49 1.40 3.04 -2.29 -0.00 0.00 0.00 -2.00 -0.01 -0.20 0.01 -0.13 -3.64 0.01 -0.06 -1.81 -0.00 0.00 0.00 0.00 -0.00 -0.31 0.00 -0.00 -5.21 0.00 -0.00 -2.60 -0.00 0.00 0.00 2.00 0.01 -0.40 -0.03 0.22 -6.36 -0.02 0.11 -3.18 -0.00 0.00 0.00 4.00 0.01 -0.18 -0.01 0.24 -3.38 -0.01 0.12 -1.67
-59.9250 -1.8887 -35.0395 130.16 1.02 0.70 1.85 -15.25 4.70 0.94 16.76 2.70 -2.67 -5.52 -7.64 -0.00 -0.00 0.00 -8.61 -22.76 8.05 -10.72 73.56 -25.33 6.75 -8.61 -3.02 -0.00 -0.00 0.00 -0.16 0.75 -0.22 -0.56 0.89 -0.28 -0.61 0.97 -0.31 -0.61 0.97 -0.31 -4.10 2.58 1.58 -3.50 2.19 1.35 4.54 8.40 3.74 -6.75 -7.20 77.83 17.69 6.08 6.06 -2.19 16.20 -0.82 -0.14 16.68 -0.12 -7.86 6.65 5.18 -9.97 8.87 9.44 -0.00 0.00 -0.00 2.00 -0.01 0.32 -0.02 -0.19 5.38 -0.01 -0.09 2.68 -0.00 0.00 -0.00 0.00 0.00 0.72 0.00 0.00 9.61 0.00 0.00 4.86 -0.00 0.00 -0.00 -2.00 0.06 1.73 0.19 0.56 17.08 0.14 0.27 8.88 -0.00 0.00 -0.00 -4.00 0.04 0.56 0.09 0.56 8.13 0.06 0.28 4.10 4.52 8.44 -0.56 2.79 -1.47 -80.89 -11.23 10.60 -1.11 0.95 14.43 6.02 -0.05 4.98 -0.05 1.00 2.01 -1.48 1.39 3.03 -2.28 -0.00 -0.00 0.00 -2.00 -0.01 -0.20 0.01 -0.13 -3.64 0.01 -0.06 -1.80 -0.00 -0.00 0.00 0.00 -0.00 -0.31 0.00 -0.00 -5.20 0.00 -0.00 -2.59 -0.00 -0.00 0.00 2.00 0.01 -0.40 -0.03 0.22 -6.36 -0.02 0.11 -3.18 -0.00 -0.00 0.00 4.00 0.01 -0.18 -0.01 0.24 -3.38 -0.01 0.12 -1.68
-59.9717 -1.9115 -34.5723 130.99 0.97 0.56 1.69 -15.16 5.11 0.41 16.29 2.31 -2.94 -5.28 -7.65 -0.00 -0.00 0.00 -8.23 -21.78 8.11 -12.18 74.03 -27.02 6.92 -7.43 -3.29 -0.00 0.00 -0.00 -0.28 0.74 -0.20 -0.67 0.88 -0.26 -0.72 0.96 -0.28 -0.72 0.96 -0.28 -4.20 2.51 1.65 -3.58 2.13 1.42 4.54 8.47 3.76 -6.94 -6.93 77.79 17.49 6.19 6.03 -2.24 16.18 -0.87 -0.15 16.66 -0.12 -7.86 6.64 5.06 -9.99 8.86 9.27 0.00 0.00 0.00 2.00 -0.01 0.32 -0.02 -0.18 5.31 -0.01 -0.09 2.65 0.00 0.00 0.00 0.00 0.00 0.69 0.00 0.00 9.41 0.00 0.00 4.76 0.00 0.00 0.00 -2.00 0.06 1.71 0.19 0.55 16.91 0.14 0.27 8.78 0.00 0.00 0.00 -4.00 0.04 0.56 0.09 0.56 8.12 0.06 0.28 4.09 4.50 8.35 -0.50 2.56 -1.57 -80.65 -11.25 10.61 -1.11 1.02 14.45 5.85 -0.05 4.95 -0.05 1.00 2.00 -1.47 1.38 3.01 -2.27 -0.00 -0.00 -0.00 -2.00 -0.01 -0.20 0.01 -0.13 -3.63 0.01 -0.06 -1.80 -0.00 -0.00 -0.00 0.00 -0.00 -0.31 0.00 -0.00 -5.19 0.00 -0.00 -2.59 -0.00 -0.00 -0.00 2.00 0.01 -0.40 -0.03 0.22 -6.36 -0.02 0.11 -3.18 -0.00 -0.00 -0.00 4.00 0.01 -0.18 -0.01 0.24 -3.38 -0.01 0.12 -1.68
-60.0455 -1.9400 -34.0976 131.91 0.91 0.41 1.53 -15.10 5.48 -0.14 15.83 1.97 -3.25 -5.03 -7.66 0.00 0.00 -0.00 -7.87 -20.68 8.16 -12.77 74.18 -27.80 6.97 -6.25 -3.56 0.00 0.00 0.00 -0.41 0.74 -0.19 -0.79 0.88 -0.24 -0.85 0.95 -0.26 -0.85 0.94 -0.26 -4.30 2.44 1.73 -3.67 2.07 1.48 4.52 8.54 3.75 -7.12 -6.62 77.78 17.31 6.28 6.00 -2.27 16.16 -0.89 -0.15 16.67 -0.12 -7.88 6.64 4.96 -10.05 8.85 9.11 0.00 0.00 -0.00 2.00 -0.01 0.31 -0.02 -0.18 5.24 -0.01 -0.09 2.61 0.00 0.00 -0.00 0.00 0.00 0.68 0.00 0.00 9.23 0.00 0.00 4.67 0.00 0.00 -0.00 -2.00 0.06 1.68 0.18 0.55 16.75 0.14 0.27 8.70 0.00 0.00 -0.00 -4.00 0.04 0.56 0.09 0.56 8.10 0.06 0.28 4.08 4.47 8.25 -0.45 2.31 -1.70 -80.41 -11.28 10.61 -1.11 1.06 14.46 5.68 -0.05 4.93 -0.05 1.00 1.99 -1.48 1.39 3.00 -2.28 0.00 0.00 -0.00 -2.00 -0.01 -0.20 0.01 -0.13 -3.63 0.01 -0.06 -1.80 0.00 0.00 -0.00 0.00 -0.00 -0.31 0.00 -0.00 -5.19 0.00 -0.00 -2.59 0.00 0.00 -0.00 2.00 0.01 -0.40 -0.03 0.22 -6.37 -0.02 0.11 -3.19 0.00 0.00 -0.00 4.00 0.01 -0.18 -0.01 0.24 -3.38 -0.01 0.12 -1.68
-60.1473 -1.9769 -33.6163 132.85 0.86 0.26 1.43 -15.09 5.79 -0.75 15.43 1.68 -3.59 -4.78 -7.68 -0.00 0.00 0.00 -7.52 -19.50 8.20 -12.46 74.05 -27.66 6.88 -5.12 -3.80 -0.00 -0.00 -0.00 -0.54 0.73 -0.18 -0.91 0.86 -0.23 -0.98 0.93 -0.25 -0.98 0.93 -0.25 -4.42 2.39 1.80 -3.77 2.02 1.54 4.50 8.61 3.74 -7.29 -6.27 77.78 17.10 6.38 5.99 -2.27 16.14 -0.87 -0.15 16.68 -0.12 -7.91 6.63 4.83 -10.13 8.84 8.93 0.00 0.00 -0.00 2.00 -0.01 0.31 -0.02 -0.18 5.16 -0.01 -0.09 2.57 0.00 0.00 -0.00 0.00 0.00 0.65 0.00 0.00 9.02 0.00 0.00 4.56 0.00 0.00 -0.00 -2.00 0.06 1.65 0.18 0.54 16.57 0.14 0.27 8.60 0.00 0.00 -0.00 -4.00 0.04 0.56 0.09 0.56 8.09 0.06 0.28 4.08 4.42 8.15 -0.41 2.07 -1.95 -80.16 -11.31 10.63 -1.11 1.15 14.47 5.51 -0.06 4.91 -0.05 0.99 1.98 -1.48 1.37 2.98 -2.27 -0.00 -0.00 0.00 -2.00 -0.01 -0.20 0.01 -0.13 -3.62 0.01 -0.06 -1.79 -0.00 -0.00 0.00 0.00 -0.00 -0.31 0.00 -0.00 -5.18 0.00 -0.00 -2.58 -0.00 -0.00 0.00 2.00 0.01 -0.41 -0.03 0.22 -6.38 -0.02 0.11 -3.19 -0.00 -0.00 0.00 4.00 0.01 -0.18 -0.01 0.24 -3.37 -0.01 0.12 -1.67
-60.2865 -2.0300 -33.1026 133.79 0.81 0.13 1.54 -15.19 6.02 -1.49 15.12 1.43 -3.99 -4.52 -7.71 -0.00 -0.00 -0.00 -7.19 -18.27 8.24 -11.39 73.66 -26.74 6.68 -4.08 -4.01 0.00 0.00 0.00 -0.66 0.72 -0.17 -1.03 0.85 -0.22 -1.12 0.92 -0.24 -1.12 0.92 -0.24 -4.56 2.33 1.86 -3.89 1.98 1.60 4.46 8.68 3.71 -7.43 -5.90 77.81 16.90 6.48 6.00 -2.26 16.12 -0.81 -0.15 16.69 -0.12 -7.95 6.63 4.72 -10.22 8.83 8.77 -0.00 -0.00 -0.00 2.00 -0.01 0.30 -0.02 -0.18 5.09 -0.01 -0.09 2.54 -0.00 -0.00 -0.00 0.00 0.00 0.64 0.00 0.00 8.85 0.00 0.00 4.47 -0.00 -0.00 -0.00 -2.00 0.06 1.63 0.18 0.54 16.43 0.13 0.27 8.52 -0.00 -0.00 -0.00 -4.00 0.04 0.56 0.08 0.56 8.09 0.06 0.28 4.07 4.36 8.05 -0.38 1.87 -2.31 -79.92 -11.36 10.68 -1.10 1.22 14.47 5.38 -0.06 4.89 -0.06 0.98 1.97 -1.49 1.35 2.97 -2.28 -0.00 -0.00 0.00 -2.00 -0.01 -0.20 0.01 -0.13 -3.61 0.01 -0.06 -1.79 -0.00 -0.00 0.00 0.00 -0.00 -0.31 0.00 -0.00 -5.18 0.00 -0.00 -2.58 -0.00 -0.00 0.00 2.00 0.01 -0.41 -0.03 0.22 -6.39 -0.02 0.11 -3.20 -0.00 -0.00 0.00 4.00 0.01 -0.18 -0.01 0.23 -3.37 -0.01 0.12 -1.67
-60.4569 -2.0957 -32.5712 134.73 0.77 0.01 1.79 -15.38 6.17 -2.32 14.89 1.20 -4.42 -4.25 -7.74 0.00 -0.00 0.00 -6.77 -16.91 8.22 -9.61 72.87 -25.03 6.41 -3.06 -4.18 -0.00 0.00 0.00 -0.79 0.71 -0.17 -1.16 0.84 -0.22 -1.25 0.91 -0.23 -1.25 0.91 -0.23 -4.70 2.28 1.91 -4.01 1.94 1.64 4.42 8.75 3.67 -7.56 -5.50 77.84 16.73 6.57 6.03 -2.24 16.10 -0.73 -0.15 16.70 -0.12 -8.00 6.63 4.62 -10.31 8.82 8.62 -0.00 -0.00 -0.00 2.00 -0.01 0.30 -0.02 -0.17 5.02 -0.01 -0.09 2.50 -0.00 -0.00 -0.00 0.00 0.00 0.62 0.00 0.00 8.68 0.00 0.00 4.38 -0.00 -0.00 -0.00 -2.00 0.06 1.61 0.17 0.53 16.29 0.13 0.26 8.44 -0.00 -0.00 -0.00 -4.00 0.04 0.56 0.08 0.56 8.09 0.06 0.28 4.08 4.30 7.95 -0.34 1.71 -2.75 -79.70 -11.43 10.75 -1.10 1.26 14.47 5.29 -0.06 4.88 -0.06 0.98 1.97 -1.50 1.35 2.97 -2.30 -0.00 0.00 0.00 -2.00 -0.01 -0.20 0.01 -0.13 -3.61 0.01 -0.06 -1.79 -0.00 0.00 0.00 -0.00 0.00 -0.31 -0.00 0.00 -5.18 -0.00 0.00 -2.58 -0.00 0.00 0.00 2.00 0.01 -0.41 -0.03 0.22 -6.40 -0.02 0.11 -3.21 -0.00 0.00 0.00 4.00 0.01 -0.18 -0.01 0.23 -3.35 -0.01 0.12 -1.66
-60.6565 -2.1719 -32.0239 135.72 0.72 -0.11 2.04 -15.63 6.27 -3.20 14.72 1.01 -4.85 -3.98 -7.78 0.00 -0.00 0.00 -6.36 -15.48 8.15 -7.62 71.70 -23.03 6.13 -2.11 -4.29 -0.00 -0.00 0.00 -0.91 0.69 -0.17 -1.28 0.82 -0.21 -1.38 0.89 -0.23 -1.38 0.89 -0.23 -4.86 2.23 1.95 -4.15 1.89 1.67 4.35 8.82 3.61 -7.65 -5.05 77.89 16.59 6.61 6.07 -2.21 16.09 -0.63 -0.15 16.72 -0.12 -8.04 6.62 4.52 -10.40 8.81 8.48 -0.00 0.00 -0.00 2.00 -0.01 0.29 -0.02 -0.17 4.97 -0.01 -0.09 2.47 -0.00 0.00 -0.00 0.00 0.00 0.60 0.00 0.00 8.53 0.00 0.00 4.30 -0.00 0.00 -0.00 -2.00 0.06 1.59 0.17 0.53 16.16 0.13 0.26 8.37 -0.00 0.00 -0.00 -4.00 0.04 0.56 0.09 0.56 8.10 0.06 0.28 4.08 4.23 7.85 -0.32 1.56 -3.25 -79.49 -11.52 10.83 -1.10 1.29 14.46 5.24 -0.07 4.87 -0.06 0.98 1.97 -1.51 1.35 2.97 -2.31 -0.00 0.00 0.00 -2.00 -0.01 -0.20 0.01 -0.13 -3.62 0.01 -0.06 -1.80 -0.00 0.00 0.00 -0.00 0.00 -0.31 -0.00 0.00 -5.20 -0.00 0.00 -2.59 -0.00 0.00 0.00 2.00 0.01 -0.41 -0.03 0.22 -6.43 -0.02 0.11 -3.22 -0.00 0.00 0.00 4.00 0.01 -0.18 -0.01 0.23 -3.35 -0.01 0.12 -1.66
-60.8747 -2.2543 -31.4800 136.69 0.68 -0.22 2.30 -15.92 6.32 -4.11 14.62 0.83 -5.25 -3.71 -7.82 0.00 0.00 0.00 -5.96 -14.04 8.05 -5.84 70.18 -21.14 5.89 -1.26 -4.28 0.00 0.00 0.00 -1.02 0.68 -0.17 -1.40 0.81 -0.22 -1.51 0.87 -0.24 -1.51 0.87 -0.24 -5.04 2.16 1.97 -4.30 1.83 1.69 4.27 8.90 3.54 -7.70 -4.56 77.95 16.46 6.67 6.12 -2.16 16.07 -0.51 -0.16 16.73 -0.13 -8.09 6.62 4.41 -10.50 8.80 8.32 -0.00 -0.00 0.00 2.00 -0.01 0.29 -0.02 -0.17 4.90 -0.01 -0.08 2.44 -0.00 -0.00 0.00 0.00 0.00 0.59 0.00 0.00 8.37 0.00 0.00 4.22 -0.00 -0.00 0.00 -2.00 0.05 1.57 0.17 0.53 16.04 0.13 0.26 8.30 -0.00 -0.00 0.00 -4.00 0.04 0.56 0.09 0.56 8.13 0.06 0.28 4.09 4.15 7.76 -0.30 1.44 -3.85 -79.31 -11.70 10.89 -1.14 1.40 14.49 5.21 -0.07 4.88 -0.06 0.98 1.97 -1.52 1.34 2.97 -2.33 -0.00 0.00 -0.00 -2.00 -0.01 -0.20 0.01 -0.13 -3.63 0.01 -0.06 -1.80 -0.00 0.00 -0.00 -0.00 0.00 -0.31 -0.00 0.00 -5.21 -0.00 0.00 -2.60 -0.00 0.00 -0.00 2.00 0.01 -0.41 -0.03 0.22 -6.46 -0.02 0.11 -3.23 -0.00 0.00 -0.00 4.00 0.01 -0.18 -0.01 0.23 -3.34 -0.01 0.12 -1.66
-61.1258 -2.3511 -30.9117 137.64 0.64 -0.32 2.60 -16.28 6.33 -5.06 14.59 0.68 -5.62 -3.44 -7.86 -0.00 -0.00 0.00 -5.49 -12.56 7.90 -4.50 68.30 -19.54 5.73 -0.52 -4.15 -0.00 -0.00 0.00 -1.13 0.67 -0.18 -1.51 0.79 -0.22 -1.63 0.86 -0.24 -1.63 0.86 -0.24 -5.23 2.08 1.97 -4.46 1.76 1.69 4.19 8.96 3.45 -7.71 -4.06 78.02 16.34 6.72 6.17 -2.10 16.04 -0.40 -0.16 16.73 -0.13 -8.14 6.61 4.31 -10.60 8.79 8.18 0.00 -0.00 -0.00 2.00 -0.01 0.28 -0.01 -0.17 4.85 -0.01 -0.08 2.42 0.00 -0.00 -0.00 0.00 0.00 0.58 0.00 0.00 8.24 0.00 0.00 4.15 0.00 -0.00 -0.00 -2.00 0.05 1.55 0.17 0.52 15.94 0.13 0.26 8.25 0.00 -0.00 -0.00 -4.00 0.04 0.57 0.09 0.56 8.15 0.06 0.28 4.10 4.07 7.68 -0.30 1.34 -4.52 -79.14 -11.94 10.90 -1.21 1.42 14.45 5.20 -0.07 4.89 -0.06 0.98 1.97 -1.52 1.35 2.98 -2.34 0.00 -0.00 0.00 -2.00 -0.01 -0.20 0.01 -0.13 -3.65 0.01 -0.06 -1.81 0.00 -0.00 0.00 -0.00 0.00 -0.31 -0.00 0.00 -5.25 -0.00 0.00 -2.62 0.00 -0.00 0.00 2.00 0.01 -0.42 -0.03 0.23 -6.52 -0.02 0.11 -3.26 0.00 -0.00 0.00 4.00 0.01 -0.18 -0.01 0.23 -3.35 -0.01 0.12 -1.66
-61.3984 -2.4563 -30.3397 138.54 0.61 -0.41 2.86 -16.67 6.30 -5.96 14.60 0.55 -5.94 -3.17 -7.91 -0.00 -0.00 0.00 -4.87 -10.95 7.66 -3.95 65.82 -18.44 5.69 -0.13 -3.66 0.00 -0.00 -0.00 -1.22 0.65 -0.18 -1.60 0.78 -0.23 -1.73 0.84 -0.25 -1.73 0.84 -0.25 -5.42 2.00 1.96 -4.62 1.69 1.68 4.09 9.02 3.37 -7.70 -3.55 78.09 16.24 6.77 6.24 -2.05 16.01 -0.29 -0.16 16.72 -0.13 -8.18 6.60 4.22 -10.67 8.77 8.05 0.00 0.00 -0.00 2.00 -0.01 0.28 -0.01 -0.17 4.80 -0.01 -0.08 2.39 0.00 0.00 -0.00 0.00 0.00 0.56 0.00 0.00 8.13 0.00 0.00 4.09 0.00 0.00 -0.00 -2.00 0.05 1.54 0.16 0.52 15.86 0.12 0.26 8.21 0.00 0.00 -0.00 -4.00 0.04 0.57 0.09 0.56 8.16 0.06 0.28 4.11 3.99 7.59 -0.30 1.24 -5.22 -79.01 -12.23 10.88 -1.29 1.39 14.37 5.20 -0.07 4.90 -0.06 0.98 1.98 -1.53 1.35 2.99 -2.35 -0.00 -0.00 -0.00 -2.00 -0.01 -0.20 0.01 -0.13 -3.66 0.01 -0.06 -1.82 -0.00 -0.00 -0.00 -0.00 0.00 -0.32 -0.00 0.00 -5.28 -0.00 0.00 -2.63 -0.00 -0.00 -0.00 2.00 0.01 -0.42 -0.03 0.23 -6.57 -0.02 0.11 -3.29 -0.00 -0.00 -0.00 4.00 0.01 -0.18 -0.01 0.23 -3.36 -0.01 0.12 -1.67
-61.6962 -2.5711 -29.7705 139.43 0.58 -0.51 3.02 -17.09 6.27 -6.78 14.66 0.45 -6.22 -2.90 -7.97 -0.00 0.00 -0.00 -4.31 -9.32 7.39 -3.93 63.12 -17.76 5.67 -0.37 -2.89 -0.00 -0.00 -0.00 -1.31 0.64 -0.18 -1.69 0.76 -0.23 -1.82 0.82 -0.25 -1.82 0.82 -0.25 -5.61 1.92 1.94 -4.78 1.62 1.66 3.96 9.07 3.27 -7.66 -2.99 78.17 16.18 6.77 6.32 -1.98 15.96 -0.19 -0.16 16.74 -0.13 -8.22 6.60 4.15 -10.75 8.76 7.95 -0.00 0.00 0.00 2.00 -0.01 0.28 -0.01 -0.17 4.77 -0.01 -0.08 2.37 -0.00 0.00 0.00 0.00 0.00 0.56 0.00 0.00 8.05 0.00 0.00 4.05 -0.00 0.00 0.00 -2.00 0.05 1.53 0.16 0.52 15.80 0.12 0.26 8.17 -0.00 0.00 0.00 -4.00 0.04 0.57 0.09 0.56 8.17 0.06 0.28 4.11 3.90 7.51 -0.32 1.10 -5.90 -78.88 -12.58 10.82 -1.40 1.32 14.26 5.20 -0.07 4.92 -0.06 0.99 1.98 -1.54 1.36 3.00 -2.36 0.00 0.00 0.00 -2.00 -0.01 -0.20 0.01 -0.13 -3.68 0.01 -0.06 -1.82 0.00 0.00 0.00 -0.00 0.00 -0.32 -0.00 0.00 -5.32 -0.00 0.00 -2.65 0.00 0.00 0.00 2.00 0.02 -0.43 -0.03 0.23 -6.63 -0.02 0.11 -3.32 0.00 0.00 0.00 4.00 0.01 -0.18 -0.01 0.24 -3.38 -0.01 0.12 -1.67
-62.0268 -2.6963 -29.2057 140.28 0.55 -0.62 3.06 -17.54 6.24 -7.48 14.77 0.39 -6.47 -2.64 -8.04 0.00 -0.00 0.00 -3.90 -7.71 7.10 -4.15 60.38 -17.25 5.63 -1.30 -1.98 -0.00 -0.00 0.00 -1.38 0.63 -0.19 -1.76 0.74 -0.23 -1.91 0.80 -0.25 -1.91 0.80 -0.25 -5.78 1.84 1.91 -4.93 1.55 1.64 3.84 9.11 3.16 -7.62 -2.42 78.26 16.14 6.77 6.41 -1.90 15.89 -0.07 -0.16 16.76 -0.13 -8.27 6.61 4.07 -10.85 8.75 7.85 -0.00 -0.00 -0.00 2.00 -0.01 0.27 -0.01 -0.16 4.73 -0.01 -0.08 2.35 -0.00 -0.00 -0.00 0.00 0.00 0.55 0.00 0.00 7.96 0.00 0.00 4.00 -0.00 -0.00 -0.00 -2.00 0.05 1.52 0.16 0.52 15.71 0.12 0.26 8.13 -0.00 -0.00 -0.00 -4.00 0.04 0.57 0.09 0.56 8.16 0.06 0.28 4.11 3.81 7.44 -0.34 0.96 -6.63 -78.79 -13.04 10.72 -1.54 1.23 14.11 5.21 -0.07 4.94 -0.06 0.99 1.99 -1.55 1.36 3.01 -2.37 -0.00 0.00 0.00 -2.00 -0.01 -0.20 0.01 -0.13 -3.70 0.01 -0.06 -1.84 -0.00 0.00 0.00 -0.00 0.00 -0.32 -0.00 0.00 -5.36 -0.00 0.00 -2.67 -0.00 0.00 0.00 2.00 0.02 -0.43 -0.03 0.23 -6.71 -0.02 0.12 -3.36 -0.00 0.00 0.00 4.00 0.01 -0.18 -0.01 0.24 -3.39 -0.01 0.12 -1.68
-62.4124 -2.8427 -28.6103 141.10 0.52 -0.73 3.04 -18.05 6.17 -8.11 14.96 0.37 -6.70 -2.37 -8.11 -0.00 -0.00 -0.00 -3.61 -6.16 6.78 -4.58 57.64 -16.84 5.56 -2.74 -1.02 -0.00 0.00 0.00 -1.45 0.61 -0.19 -1.84 0.73 -0.23 -1.98 0.79 -0.25 -1.98 0.79 -0.25 -5.95 1.76 1.88 -5.07 1.49 1.61 3.71 9.15 3.05 -7.59 -1.85 78.36 16.11 6.75 6.51 -1.79 15.82 0.07 -0.16 16.78 -0.13 -8.32 6.61 4.01 -10.93 8.75 7.77 -0.00 0.00 -0.00 2.00 -0.01 0.27 -0.01 -0.16 4.70 -0.01 -0.08 2.34 -0.00 0.00 -0.00 0.00 0.00 0.54 0.00 0.00 7.89 0.00 0.00 3.97 -0.00 0.00 -0.00 -2.00 0.05 1.51 0.16 0.52 15.65 0.12 0.25 8.09 -0.00 0.00 -0.00 -4.00 0.04 0.57 0.09 0.56 8.16 0.06 0.28 4.11 3.72 7.37 -0.36 0.81 -7.35 -78.74 -13.57 10.61 -1.70 1.12 13.95 5.24 -0.07 4.96 -0.06 1.00 2.00 -1.56 1.37 3.02 -2.39 0.00 0.00 -0.00 -2.00 -0.01 -0.20 0.01 -0.13 -3.72 0.01 -0.06 -1.85 0.00 0.00 -0.00 -0.00 0.00 -0.33 -0.00 0.00 -5.40 -0.00 0.00 -2.69 0.00 0.00 -0.00 2.00 0.02 -0.44 -0.03 0.24 -6.79 -0.02 0.12 -3.40 0.00 0.00 -0.00 4.00 0.01 -0.18 -0.02 0.24 -3.41 -0.01 0.12 -1.69
-62.8348 -3.0052 -28.0028 141.89 0.50 -0.85 2.97 -18.61 6.09 -8.66 15.21 0.38 -6.92 -2.11 -8.18 0.00 0.00 0.00 -3.38 -4.55 6.41 -5.27 54.67 -16.49 5.58 -4.62 -0.06 0.00 0.00 0.00 -1.52 0.60 -0.19 -1.90 0.72 -0.23 -2.06 0.77 -0.25 -2.06 0.77 -0.25 -6.10 1.70 1.85 -5.20 1.43 1.59 3.60 9.19 2.95 -7.59 -1.32 78.46 16.09 6.70 6.62 -1.68 15.74 0.21 -0.16 16.80 -0.13 -8.35 6.61 3.96 -10.99 8.75 7.70 -0.00 -0.00 0.00 2.00 -0.01 0.27 -0.01 -0.16 4.66 -0.01 -0.08 2.32 -0.00 -0.00 0.00 0.00 0.00 0.53 0.00 0.00 7.82 0.00 0.00 3.93 -0.00 -0.00 0.00 -2.00 0.05 1.50 0.16 0.51 15.59 0.12 0.25 8.06 -0.00 -0.00 0.00 -4.00 0.04 0.57 0.09 0.56 8.15 0.06 0.28 4.10 3.65 7.30 -0.36 0.64 -8.04 -78.72 -14.17 10.51 -1.88 1.00 13.79 5.29 -0.07 4.98 -0.06 1.01 2.01 -1.57 1.38 3.03 -2.41 0.00 0.00 0.00 -2.00 -0.01 -0.21 0.01 -0.13 -3.75 0.01 -0.06 -1.86 0.00 0.00 0.00 -0.00 0.00 -0.33 -0.00 0.00 -5.44 -0.00 0.00 -2.71 0.00 0.00 0.00 2.00 0.02 -0.45 -0.03 0.24 -6.86 -0.02 0.12 -3.44 0.00 0.00 0.00 4.00 0.01 -0.18 -0.02 0.24 -3.42 -0.01 0.12 -1.70
-63.2981 -3.1812 -27.3733 142.69 0.48 -0.96 2.81 -19.21 5.99 -9.15 15.50 0.41 -7.13 -1.84 -8.26 0.00 -0.00 0.00 -3.31 -2.97 6.02 -5.94 51.63 -16.04 5.59 -6.76 0.84 -0.00 -0.00 -0.00 -1.59 0.59 -0.20 -1.98 0.70 -0.24 -2.13 0.76 -0.26 -2.13 0.76 -0.26 -6.23 1.63 1.84 -5.31 1.38 1.58 3.50 9.24 2.88 -7.62 -0.83 78.56 16.06 6.60 6.73 -1.55 15.67 0.35 -0.16 16.81 -0.13 -8.39 6.61 3.91 -11.05 8.74 7.64 -0.00 -0.00 0.00 2.00 -0.01 0.27 -0.01 -0.16 4.63 -0.01 -0.08 2.31 -0.00 -0.00 0.00 -0.00 0.00 0.53 -0.00 0.00 7.76 -0.00 0.00 3.90 -0.00 -0.00 0.00 -2.00 0.05 1.49 0.16 0.51 15.54 0.12 0.25 8.03 -0.00 -0.00 0.00 -4.00 0.04 0.57 0.09 0.56 8.14 0.06 0.28 4.10 3.58 7.23 -0.36 0.44 -8.69 -78.71 -14.82 10.42 -2.08 0.90 13.64 5.34 -0.07 5.00 -0.06 1.01 2.02 -1.58 1.39 3.05 -2.43 0.00 0.00 -0.00 -2.00 -0.01 -0.21 0.01 -0.13 -3.77 0.01 -0.06 -1.87 0.00 0.00 -0.00 -0.00 0.00 -0.33 -0.00 0.00 -5.48 -0.00 0.00 -2.73 0.00 0.00 -0.00 2.00 0.02 -0.46 -0.03 0.24 -6.96 -0.02 0.12 -3.49 0.00 0.00 -0.00 4.00 0.01 -0.19 -0.02 0.24 -3.44 -0.01 0.12 -1.70
-63.7920 -3.3712 -26.7226 143.48 0.46 -1.07 2.61 -19.85 5.86 -9.61 15.83 0.46 -7.32 -1.58 -8.34 -0.00 0.00 -0.00 -3.37 -1.43 5.60 -6.46 48.55 -15.45 5.57 -8.92 1.64 0.00 0.00 -0.00 -1.65 0.58 -0.21 -2.05 0.69 -0.26 -2.21 0.75 -0.28 -2.21 0.75 -0.28 -6.35 1.58 1.84 -5.41 1.33 1.58 3.41 9.33 2.85 -7.67 -0.38 78.67 16.02 6.46 6.83 -1.46 15.57 0.45 -0.17 16.81 -0.13 -8.41 6.61 3.85 -11.11 8.74 7.55 0.00 0.00 -0.00 2.00 -0.01 0.26 -0.01 -0.16 4.59 -0.01 -0.08 2.28 0.00 0.00 -0.00 -0.00 0.00 0.52 -0.00 0.00 7.68 -0.00 0.00 3.86 0.00 0.00 -0.00 -2.00 0.05 1.48 0.16 0.51 15.50 0.12 0.25 8.01 0.00 0.00 -0.00 -4.00 0.04 0.57 0.09 0.56 8.15 0.06 0.28 4.10 3.53 7.18 -0.34 0.21 -9.34 -78.71 -15.58 10.35 -2.33 0.77 13.47 5.40 -0.06 5.04 -0.05 1.07 2.03 -1.60 1.47 3.07 -2.46 -0.00 0.00 0.00 -2.00 -0.01 -0.21 0.01 -0.13 -3.80 0.01 -0.07 -1.89 -0.00 0.00 0.00 -0.00 0.00 -0.34 -0.00 0.00 -5.53 -0.00 0.00 -2.76 -0.00 0.00 0.00 2.00 0.02 -0.47 -0.03 0.25 -7.08 -0.02 0.12 -3.55 -0.00 0.00 0.00 4.00 0.01 -0.19 -0.02 0.24 -3.47 -0.01 0.12 -1.72
-64.3490 -3.5891 -26.0110 144.24 0.45 -1.16 2.44 -20.56 5.67 -10.10 16.20 0.52 -7.46 -1.28 -8.43 -0.00 0.00 0.00 -3.52 0.01 5.18 -6.84 45.55 -14.78 5.54 -10.98 2.34 -0.00 -0.00 -0.00 -1.72 0.58 -0.23 -2.12 0.69 -0.28 -2.29 0.74 -0.31 -2.29 0.74 -0.31 -6.45 1.54 1.86 -5.50 1.30 1.59 3.32 9.44 2.86 -7.74 -0.01 78.79 15.97 6.31 6.91 -1.40 15.46 0.51 -0.17 16.80 -0.13 -8.43 6.60 3.79 -11.14 8.73 7.45 -0.00 -0.00 -0.00 2.00 -0.01 0.26 -0.01 -0.16 4.54 -0.01 -0.08 2.26 -0.00 -0.00 -0.00 -0.00 0.00 0.51 -0.00 0.00 7.61 -0.00 0.00 3.82 -0.00 -0.00 -0.00 -2.00 0.05 1.48 0.16 0.51 15.47 0.12 0.25 7.99 -0.00 -0.00 -0.00 -4.00 0.04 0.57 0.09 0.56 8.16 0.06 0.28 4.11 3.50 7.13 -0.31 -0.04 -9.96 -78.72 -16.37 10.30 -2.59 0.63 13.32 5.44 -0.06 5.06 -0.06 1.07 2.04 -1.61 1.47 3.08 -2.48 -0.00 -0.00 0.00 -2.00 -0.01 -0.21 0.01 -0.13 -3.83 0.01 -0.07 -1.90 -0.00 -0.00 0.00 -0.00 0.00 -0.34 -0.00 0.00 -5.57 -0.00 0.00 -2.78 -0.00 -0.00 0.00 2.00 0.02 -0.48 -0.03 0.25 -7.18 -0.02 0.12 -3.61 -0.00 -0.00 0.00 4.00 0.01 -0.19 -0.02 0.24 -3.49 -0.01 0.12 -1.73
-64.9454 -3.8174 -25.2654 144.97 0.44 -1.22 2.26 -21.30 5.43 -10.58 16.57 0.58 -7.56 -0.96 -8.52 -0.00 0.00 -0.00 -3.58 1.43 4.77 -7.14 42.41 -14.03 5.44 -12.96 2.99 -0.00 -0.00 -0.00 -1.78 0.57 -0.27 -2.19 0.68 -0.32 -2.36 0.73 -0.35 -2.36 0.73 -0.35 -6.54 1.51 1.88 -5.58 1.27 1.61 3.28 9.59 2.90 -7.86 0.28 78.96 15.92 6.16 6.98 -1.38 15.35 0.53 -0.17 16.79 -0.14 -8.44 6.59 3.72 -11.18 8.72 7.36 0.00 0.00 0.00 2.00 -0.01 0.26 -0.01 -0.16 4.51 -0.01 -0.08 2.24 0.00 0.00 0.00 -0.00 0.00 0.51 -0.00 0.00 7.54 -0.00 0.00 3.79 0.00 0.00 0.00 -2.00 0.05 1.47 0.16 0.51 15.44 0.12 0.25 7.98 0.00 0.00 0.00 -4.00 0.04 0.57 0.09 0.56 8.18 0.06 0.28 4.12 3.48 7.09 -0.27 -0.31 -10.54 -78.71 -17.19 10.25 -2.87 0.50 13.18 5.47 -0.06 5.07 -0.06 1.06 2.05 -1.62 1.46 3.09 -2.49 0.00 -0.00 0.00 -2.00 -0.01 -0.21 0.01 -0.13 -3.85 0.01 -0.07 -1.91 0.00 -0.00 0.00 -0.00 0.00 -0.34 -0.00 0.00 -5.60 -0.00 0.00 -2.80 0.00 -0.00 0.00 2.00 0.02 -0.48 -0.03 0.25 -7.27 -0.03 0.13 -3.65 0.00 -0.00 0.00 4.00 0.01 -0.19 -0.02 0.25 -3.51 -0.01 0.12 -1.74
-65.5671 -4.0428 -24.4879 145.73 0.44 -1.21 2.02 -22.04 5.13 -11.04 16.90 0.62 -7.63 -0.62 -8.61 -0.00 0.00 -0.00 -3.58 2.77 4.36 -7.44 39.30 -13.28 5.24 -14.80 3.59 0.00 0.00 -0.00 -1.85 0.57 -0.32 -2.26 0.67 -0.39 -2.44 0.73 -0.42 -2.44 0.73 -0.42 -6.63 1.49 1.91 -5.65 1.26 1.64 3.24 9.79 2.98 -7.96 0.52 79.17 15.86 6.04 7.03 -1.37 15.22 0.49 -0.17 16.77 -0.14 -8.45 6.58 3.67 -11.21 8.70 7.27 0.00 -0.00 -0.00 2.00 -0.01 0.26 -0.01 -0.16 4.47 -0.01 -0.08 2.22 0.00 -0.00 -0.00 0.00 0.00 0.50 0.00 0.00 7.47 -0.00 0.00 3.75 0.00 -0.00 -0.00 -2.00 0.05 1.47 0.15 0.51 15.40 0.12 0.25 7.95 0.00 -0.00 -0.00 -4.00 0.04 0.57 0.09 0.56 8.18 0.06 0.28 4.12 3.48 7.06 -0.24 -0.66 -11.06 -78.64 -17.97 10.22 -3.14 0.37 13.07 5.48 -0.07 5.08 -0.06 1.05 2.05 -1.63 1.45 3.10 -2.51 0.00 0.00 0.00 -2.00 -0.01 -0.21 0.01 -0.13 -3.87 0.01 -0.07 -1.92 0.00 0.00 0.00 -0.00 0.00 -0.34 -0.00 0.00 -5.63 -0.00 0.00 -2.81 0.00 0.00 0.00 2.00 0.02 -0.49 -0.04 0.25 -7.35 -0.03 0.13 -3.69 0.00 0.00 0.00 4.00 0.01 -0.19 -0.02 0.25 -3.53 -0.01 0.12 -1.75
-66.2035 -4.2592 -23.7033 146.47 0.44 -1.14 1.73 -22.75 4.80 -11.45 17.16 0.61 -7.64 -0.23 -8.68 -0.00 -0.00 -0.00 -3.49 3.98 3.98 -7.78 36.31 -12.55 4.96 -16.43 4.11 -0.00 0.00 0.00 -1.92 0.56 -0.40 -2.34 0.67 -0.48 -2.53 0.72 -0.52 -2.53 0.72 -0.52 -6.70 1.49 1.93 -5.71 1.26 1.66 3.20 10.00 3.08 -8.05 0.72 79.42 15.81 5.98 7.07 -1.39 15.14 0.43 -0.17 16.75 -0.14 -8.48 6.57 3.60 -11.27 8.68 7.18 0.00 0.00 -0.00 2.00 -0.01 0.25 -0.01 -0.15 4.43 -0.01 -0.08 2.20 0.00 0.00 -0.00 0.00 0.00 0.49 0.00 0.00 7.36 0.00 0.00 3.70 0.00 0.00 -0.00 -2.00 0.05 1.45 0.15 0.51 15.30 0.12 0.25 7.90 0.00 0.00 -0.00 -4.00 0.04 0.57 0.09 0.56 8.17 0.06 0.28 4.12 3.49 7.03 -0.22 -1.03 -11.54 -78.54 -18.78 10.20 -3.42 0.27 12.97 5.47 -0.07 5.07 -0.07 1.05 2.05 -1.64 1.44 3.09 -2.52 0.00 0.00 0.00 -2.00 -0.01 -0.22 0.01 -0.14 -3.89 0.01 -0.07 -1.93 0.00 0.00 0.00 -0.00 0.00 -0.35 -0.00 0.00 -5.66 -0.00 0.00 -2.83 0.00 0.00 0.00 2.00 0.02 -0.50 -0.04 0.26 -7.42 -0.03 0.13 -3.73 0.00 0.00 0.00 4.00 0.01 -0.19 -0.02 0.25 -3.54 -0.01 0.12 -1.76
-66.8987 -4.4699 -22.8908 147.21 0.44 -1.04 1.40 -23.43 4.46 -11.88 17.27 0.53 -7.56 0.21 -8.72 0.00 -0.00 0.00 -3.37 5.06 3.59 -8.18 33.49 -11.86 4.67 -17.89 4.57 -0.00 0.00 0.00 -1.99 0.56 -0.48 -2.41 0.66 -0.58 -2.61 0.72 -0.62 -2.61 0.72 -0.62 -6.78 1.50 1.94 -5.77 1.26 1.66 3.16 10.21 3.18 -8.12 0.89 79.70 15.80 6.01 7.10 -1.42 15.12 0.38 -0.17 16.75 -0.14 -8.52 6.56 3.55 -11.35 8.67 7.10 0.00 0.00 0.00 2.00 -0.01 0.25 -0.01 -0.15 4.38 -0.01 -0.08 2.18 0.00 0.00 0.00 0.00 0.00 0.48 0.00 0.00 7.26 0.00 0.00 3.64 0.00 0.00 0.00 -2.00 0.05 1.43 0.15 0.50 15.18 0.11 0.25 7.84 0.00 0.00 0.00 -4.00 0.04 0.57 0.09 0.56 8.15 0.06 0.28 4.10 3.51 7.02 -0.22 -1.43 -11.98 -78.41 -19.55 10.19 -3.70 0.19 12.89 5.44 -0.08 5.06 -0.07 1.04 2.04 -1.65 1.43 3.09 -2.54 0.00 0.00 -0.00 -2.00 -0.01 -0.22 0.01 -0.14 -3.90 0.01 -0.07 -1.94 0.00 0.00 -0.00 -0.00 0.00 -0.35 -0.00 0.00 -5.68 -0.00 0.00 -2.84 0.00 0.00 -0.00 2.00 0.02 -0.50 -0.04 0.26 -7.47 -0.03 0.13 -3.75 0.00 0.00 -0.00 4.00 0.01 -0.19 -0.02 0.25 -3.55 -0.01 0.12 -1.76
-67.6196 -4.6633 -22.0892 147.95 0.45 -0.92 1.03 -24.03 4.12 -12.32 17.24 0.38 -7.38 0.65 -8.72 0.00 -0.00 0.00 -3.27 5.98 3.18 -8.60 30.82 -11.18 4.43 -19.25 4.97 -0.00 0.00 0.00 -2.06 0.56 -0.56 -2.49 0.66 -0.67 -2.69 0.71 -0.73 -2.69 0.71 -0.73 -6.84 1.51 1.92 -5.83 1.27 1.65 3.13 10.42 3.24 -8.21 1.05 80.03 15.84 6.12 7.14 -1.44 15.14 0.36 -0.18 16.75 -0.14 -8.58 6.56 3.50 -11.45 8.65 7.04 -0.00 0.00 -0.00 2.00 -0.01 0.25 -0.01 -0.15 4.36 -0.01 -0.08 2.17 -0.00 0.00 -0.00 0.00 0.00 0.47 0.00 0.00 7.17 0.00 0.00 3.60 -0.00 0.00 -0.00 -2.00 0.05 1.42 0.15 0.50 15.07 0.11 0.25 7.78 -0.00 0.00 -0.00 -4.00 0.04 0.56 0.09 0.56 8.13 0.06 0.28 4.10 3.51 7.02 -0.23 -1.83 -12.38 -78.28 -20.26 10.18 -3.95 0.14 12.82 5.40 -0.08 5.06 -0.07 1.04 2.04 -1.66 1.43 3.09 -2.55 0.00 -0.00 -0.00 -2.00 -0.01 -0.22 0.01 -0.14 -3.91 0.01 -0.07 -1.94 0.00 -0.00 -0.00 -0.00 0.00 -0.35 -0.00 0.00 -5.69 -0.00 0.00 -2.84 0.00 -0.00 -0.00 2.00 0.02 -0.51 -0.04 0.26 -7.51 -0.03 0.13 -3.77 0.00 -0.00 -0.00 4.00 0.01 -0.19 -0.02 0.25 -3.56 -0.01 0.12 -1.76
-68.3414 -4.8377 -21.3210 148.71 0.46 -0.80 0.66 -24.56 3.79 -12.81 17.08 0.18 -7.12 1.05 -8.68 0.00 0.00 -0.00 -3.28 6.68 2.72 -8.96 28.46 -10.47 4.20 -20.44 5.28 -0.00 0.00 -0.00 -2.12 0.56 -0.64 -2.56 0.66 -0.76 -2.77 0.72 -0.83 -2.77 0.72 -0.83 -6.91 1.52 1.88 -5.89 1.28 1.61 3.08 10.63 3.27 -8.31 1.22 80.35 15.98 6.38 7.23 -1.44 15.15 0.37 -0.18 16.71 -0.15 -8.65 6.54 3.45 -11.57 8.60 6.98 -0.00 0.00 0.00 2.00 -0.01 0.25 -0.01 -0.15 4.32 -0.01 -0.07 2.15 -0.00 0.00 0.00 0.00 -0.00 0.47 0.00 -0.00 7.09 0.00 0.00 3.56 -0.00 0.00 0.00 -2.00 0.05 1.40 0.15 0.50 14.94 0.11 0.25 7.71 -0.00 0.00 0.00 -4.00 0.04 0.56 0.09 0.56 8.10 0.06 0.28 4.08 3.50 7.07 -0.25 -2.25 -12.77 -78.15 -20.90 10.17 -4.18 0.12 12.77 5.35 -0.08 5.04 -0.07 1.04 2.04 -1.67 1.43 3.08 -2.56 0.00 0.00 0.00 -2.00 -0.01 -0.22 0.01 -0.14 -3.91 0.01 -0.07 -1.94 0.00 0.00 0.00 0.00 0.00 -0.35 -0.00 0.00 -5.70 0.00 0.00 -2.84 0.00 0.00 0.00 2.00 0.02 -0.51 -0.04 0.26 -7.52 -0.03 0.13 -3.78 0.00 0.00 0.00 4.00 0.01 -0.19 -0.02 0.25 -3.55 -0.01 0.12 -1.76
-69.0708 -4.9999 -20.5841 149.46 0.48 -0.69 0.34 -25.03 3.46 -13.35 16.79 -0.05 -6.77 1.40 -8.62 0.00 -0.00 -0.00 -3.34 7.19 2.24 -9.21 26.42 -9.70 3.94 -21.52 5.51 -0.00 0.00 0.00 -2.17 0.56 -0.71 -2.62 0.67 -0.85 -2.83 0.72 -0.91 -2.83 0.72 -0.91 -6.97 1.52 1.82 -5.94 1.28 1.56 3.03 10.83 3.30 -8.41 1.37 80.65 16.19 6.75 7.38 -1.40 15.28 0.51 -0.18 16.74 -0.15 -8.79 6.54 3.41 -11.78 8.57 6.95 -0.00 -0.00 -0.00 2.00 -0.01 0.24 -0.01 -0.15 4.28 -0.01 -0.07 2.13 -0.00 -0.00 -0.00 0.00 -0.00 0.46 0.00 -0.00 6.99 0.00 -0.00 3.51 -0.00 -0.00 -0.00 -2.00 0.05 1.38 0.15 0.49 14.79 0.11 0.24 7.62 -0.00 -0.00 -0.00 -4.00 0.04 0.56 0.09 0.55 8.06 0.06 0.28 4.06 3.48 7.16 -0.27 -2.66 -13.16 -78.05 -21.45 10.16 -4.38 0.13 12.73 5.29 -0.08 5.02 -0.08 1.04 2.03 -1.67 1.42 3.06 -2.56 -0.00 0.00 0.00 -2.00 -0.01 -0.22 0.01 -0.14 -3.90 0.01 -0.07 -1.94 -0.00 0.00 0.00 -0.00 -0.00 -0.35 0.00 -0.00 -5.69 0.00 -0.00 -2.84 -0.00 0.00 0.00 2.00 0.02 -0.51 -0.04 0.26 -7.51 -0.03 0.13 -3.78 -0.00 0.00 0.00 4.00 0.01 -0.19 -0.02 0.25 -3.54 -0.01 0.12 -1.76
-69.8326 -5.1495 -19.8857 150.20 0.51 -0.56 0.15 -25.44 3.05 -14.01 16.39 -0.30 -6.21 1.58 -8.49 -0.00 -0.00 0.00 -3.46 7.53 1.70 -9.36 24.68 -8.86 3.66 -22.48 5.65 -0.00 0.00 0.00 -2.25 0.57 -0.79 -2.68 0.67 -0.92 -2.89 0.73 -0.99 -2.89 0.73 -0.99 -7.03 1.51 1.76 -5.99 1.27 1.51 2.99 11.04 3.32 -8.52 1.50 80.90 16.46 7.19 7.57 -1.32 15.48 0.76 -0.19 16.72 -0.15 -8.94 6.52 3.35 -12.00 8.52 6.90 0.00 -0.00 0.00 2.00 -0.01 0.24 -0.01 -0.15 4.26 -0.01 -0.07 2.12 0.00 -0.00 0.00 0.00 -0.00 0.45 0.00 -0.00 6.92 0.00 -0.00 3.47 0.00 -0.00 0.00 -2.00 0.05 1.36 0.14 0.49 14.68 0.11 0.24 7.56 0.00 -0.00 0.00 -4.00 0.04 0.55 0.08 0.55 8.03 0.06 0.28 4.04 3.47 7.28 -0.30 -3.05 -13.54 -77.99 -21.90 10.16 -4.55 0.19 12.71 5.22 -0.08 5.00 -0.08 1.03 2.02 -1.67 1.41 3.05 -2.55 -0.00 0.00 -0.00 -2.00 -0.01 -0.21 0.01 -0.13 -3.87 0.01 -0.07 -1.92 -0.00 0.00 -0.00 0.00 -0.00 -0.35 0.00 -0.00 -5.66 0.00 -0.00 -2.83 -0.00 0.00 -0.00 2.00 0.02 -0.50 -0.04 0.26 -7.49 -0.03 0.13 -3.76 -0.00 0.00 -0.00 4.00 0.01 -0.19 -0.02 0.25 -3.52 -0.01 0.12 -1.74
-70.6166 -5.2738 -19.2426 150.99 0.54 -0.44 -0.01 -25.74 2.58 -14.69 15.83 -0.51 -5.43 1.64 -8.30 -0.00 0.00 -0.00 -3.69 7.70 1.11 -9.47 23.25 -8.01 3.40 -23.31 5.74 0.00 -0.00 0.00 -2.43 0.57 -0.86 -2.72 0.68 -0.98 -2.93 0.73 -1.06 -2.93 0.73 -1.06 -7.09 1.48 1.70 -6.04 1.25 1.46 3.02 11.28 3.33 -8.66 1.55 81.13 16.75 7.67 7.78 -1.22 15.72 1.09 -0.19 16.75 -0.15 -9.09 6.52 3.32 -12.22 8.49 6.88 -0.00 -0.00 0.00 2.00 -0.01 0.24 -0.01 -0.15 4.25 -0.01 -0.07 2.11 -0.00 -0.00 0.00 0.00 -0.00 0.45 0.00 -0.00 6.85 0.00 -0.00 3.44 -0.00 -0.00 0.00 -2.00 0.05 1.34 0.14 0.48 14.58 0.11 0.24 7.51 -0.00 -0.00 0.00 -4.00 0.04 0.55 0.08 0.55 8.01 0.06 0.27 4.03 3.48 7.42 -0.33 -3.40 -13.91 -77.97 -22.26 10.17 -4.70 0.27 12.71 5.12 -0.09 4.96 -0.08 1.02 2.00 -1.67 1.40 3.03 -2.56 0.00 -0.00 -0.00 -2.00 -0.01 -0.21 0.01 -0.13 -3.85 0.01 -0.07 -1.91 0.00 -0.00 -0.00 0.00 0.00 -0.34 0.00 0.00 -5.63 0.00 0.00 -2.81 0.00 -0.00 -0.00 2.00 0.02 -0.50 -0.04 0.26 -7.45 -0.03 0.13 -3.74 0.00 -0.00 -0.00 4.00 0.01 -0.19 -0.02 0.24 -3.49 -0.01 0.12 -1.73
-71.3960 -5.3457 -18.6260 151.77 0.57 -0.32 -0.15 -26.00 2.06 -15.33 15.26 -0.70 -4.42 1.51 -7.94 -0.00 0.00 -0.00 -4.00 7.75 0.50 -9.54 22.05 -7.17 3.20 -23.95 5.77 -0.00 0.00 0.00 -2.64 0.58 -0.93 -2.74 0.69 -1.04 -2.96 0.75 -1.13 -2.96 0.75 -1.13 -7.13 1.44 1.66 -6.08 1.21 1.42 3.07 11.51 3.36 -8.73 1.56 81.29 17.06 8.19 8.00 -1.10 15.88 1.49 -0.19 16.77 -0.16 -9.23 6.52 3.27 -12.43 8.45 6.85 0.00 -0.00 -0.00 2.00 -0.01 0.24 -0.01 -0.15 4.24 -0.01 -0.07 2.11 0.00 -0.00 -0.00 0.00 -0.00 0.44 0.00 -0.00 6.80 0.00 0.00 3.41 0.00 -0.00 -0.00 -2.00 0.05 1.34 0.14 0.48 14.52 0.10 0.24 7.48 0.00 -0.00 -0.00 -4.00 0.04 0.55 0.08 0.55 8.01 0.06 0.27 4.03 3.52 7.59 -0.38 -3.72 -14.26 -77.97 -22.55 10.20 -4.83 0.40 12.73 5.02 -0.09 4.93 -0.08 1.01 1.99 -1.66 1.38 3.01 -2.55 -0.00 0.00 -0.00 -2.00 -0.01 -0.21 0.01 -0.13 -3.83 0.01 -0.07 -1.90 -0.00 0.00 -0.00 0.00 0.00 -0.34 0.00 0.00 -5.60 0.00 0.00 -2.80 -0.00 0.00 -0.00 2.00 0.02 -0.50 -0.04 0.26 -7.41 -0.03 0.13 -3.72 -0.00 0.00 -0.00 4.00 0.01 -0.19 -0.02 0.24 -3.47 -0.01 0.12 -1.72
-72.1509 -5.3545 -18.0203 152.46 0.61 -0.20 -0.21 -26.26 1.49 -15.84 14.78 -0.84 -3.18 1.11 -7.30 0.00 -0.00 -0.00 -4.35 7.71 -0.09 -9.57 21.01 -6.37 3.08 -24.35 5.73 0.00 -0.00 -0.00 -2.82 0.59 -0.99 -2.75 0.71 -1.09 -2.97 0.76 -1.18 -2.97 0.76 -1.18 -7.18 1.39 1.63 -6.12 1.17 1.40 3.14 11.74 3.39 -8.77 1.52 81.39 17.34 8.73 8.18 -0.99 16.10 1.96 -0.20 16.77 -0.16 -9.40 6.51 3.20 -12.69 8.39 6.79 -0.00 0.00 0.00 2.00 -0.01 0.24 -0.01 -0.15 4.22 -0.01 -0.07 2.10 -0.00 0.00 0.00 0.00 0.00 0.43 0.00 0.00 6.72 0.00 0.00 3.37 -0.00 0.00 0.00 -2.00 0.05 1.32 0.14 0.48 14.42 0.10 0.24 7.42 -0.00 0.00 0.00 -4.00 0.04 0.55 0.08 0.55 8.00 0.06 0.27 4.03 3.58 7.76 -0.45 -3.92 -14.58 -78.03 -22.77 10.24 -4.97 0.58 12.76 4.93 -0.09 4.92 -0.09 1.00 1.99 -1.66 1.37 3.00 -2.54 -0.00 -0.00 0.00 -2.00 -0.01 -0.21 0.01 -0.13 -3.80 0.01 -0.07 -1.89 -0.00 -0.00 0.00 0.00 0.00 -0.34 0.00 0.00 -5.58 0.00 0.00 -2.78 -0.00 -0.00 0.00 2.00 0.02 -0.49 -0.03 0.25 -7.36 -0.03 0.13 -3.70 -0.00 -0.00 0.00 4.00 0.01 -0.19 -0.01 0.24 -3.44 -0.01 0.12 -1.70
-72.8801 -5.2962 -17.4090 153.04 0.66 -0.09 -0.24 -26.52 0.88 -15.99 14.46 -0.94 -1.55 0.23 -6.21 0.00 0.00 -0.00 -4.70 7.60 -0.67 -9.55 20.08 -5.62 3.02 -24.49 5.64 -0.00 -0.00 -0.00 -2.96 0.60 -1.04 -2.74 0.72 -1.14 -2.96 0.77 -1.23 -2.96 0.77 -1.23 -7.22 1.33 1.62 -6.15 1.12 1.39 3.23 11.94 3.43 -8.77 1.43 81.45 17.59 9.27 8.34 -0.90 16.36 2.45 -0.20 16.75 -0.16 -9.54 6.49 3.13 -12.91 8.34 6.71 -0.00 -0.00 0.00 2.00 -0.01 0.24 -0.01 -0.15 4.18 -0.01 -0.07 2.08 -0.00 -0.00 0.00 0.00 0.00 0.43 0.00 0.00 6.62 0.00 0.00 3.32 -0.00 -0.00 0.00 -2.00 0.05 1.30 0.14 0.48 14.31 0.10 0.24 7.36 -0.00 -0.00 0.00 -4.00 0.04 0.55 0.08 0.55 7.97 0.06 0.27 4.01 3.65 7.93 -0.54 -4.03 -14.84 -78.12 -22.93 10.26 -5.13 0.77 12.79 4.87 -0.09 4.88 -0.08 1.01 1.97 -1.65 1.38 2.98 -2.53 0.00 -0.00 -0.00 -2.00 -0.01 -0.21 0.01 -0.13 -3.79 0.01 -0.07 -1.88 0.00 -0.00 -0.00 0.00 0.00 -0.34 0.00 0.00 -5.56 0.00 0.00 -2.77 0.00 -0.00 -0.00 2.00 0.02 -0.49 -0.03 0.25 -7.33 -0.03 0.13 -3.68 0.00 -0.00 -0.00 4.00 0.01 -0.18 -0.01 0.24 -3.41 -0.01 0.12 -1.69
-73.6331 -5.1628 -16.7422 153.49 0.71 0.03 -0.26 -26.75 0.27 -15.72 14.29 -0.98 0.50 -1.11 -4.74 -0.00 0.00 0.00 -5.08 7.41 -1.23 -9.45 19.19 -4.92 3.04 -24.36 5.54 0.00 0.00 0.00 -3.04 0.61 -1.08 -2.73 0.73 -1.18 -2.95 0.78 -1.27 -2.95 0.78 -1.27 -7.25 1.29 1.62 -6.18 1.08 1.39 3.34 12.13 3.47 -8.78 1.29 81.47 17.77 9.81 8.44 -0.86 16.65 2.92 -0.21 16.69 -0.17 -9.63 6.46 3.07 -13.06 8.27 6.63 -0.00 -0.00 0.00 2.00 -0.01 0.23 -0.01 -0.14 4.15 -0.01 -0.07 2.06 -0.00 -0.00 0.00 0.00 0.00 0.42 0.00 0.00 6.52 0.00 0.00 3.27 -0.00 -0.00 0.00 -2.00 0.04 1.29 0.13 0.47 14.18 0.10 0.23 7.29 -0.00 -0.00 0.00 -4.00 0.04 0.55 0.08 0.55 7.94 0.06 0.27 4.00 3.73 8.10 -0.64 -4.08 -15.02 -78.21 -23.05 10.24 -5.30 0.95 12.84 4.85 -0.09 4.86 -0.08 1.01 1.96 -1.65 1.39 2.97 -2.52 0.00 -0.00 0.00 -2.00 -0.01 -0.21 0.01 -0.13 -3.78 0.01 -0.07 -1.88 0.00 -0.00 0.00 0.00 0.00 -0.34 0.00 0.00 -5.56 0.00 0.00 -2.77 0.00 -0.00 0.00 2.00 0.02 -0.49 -0.03 0.25 -7.31 -0.03 0.13 -3.67 0.00 -0.00 0.00 4.00 0.01 -0.18 -0.01 0.24 -3.40 -0.01 0.12 -1.69
-74.3878 -4.9769 -16.0369 153.83 0.76 0.14 -0.31 -26.94 -0.33 -14.93 14.29 -0.94 2.64 -2.76 -3.10 0.00 0.00 0.00 -5.45 7.16 -1.78 -9.29 18.36 -4.29 3.09 -24.01 5.42 -0.00 0.00 -0.00 -3.06 0.62 -1.12 -2.70 0.74 -1.22 -2.91 0.79 -1.32 -2.91 0.79 -1.32 -7.27 1.25 1.62 -6.20 1.05 1.39 3.43 12.28 3.51 -8.80 1.10 81.46 17.91 10.38 8.50 -0.86 16.92 3.35 -0.21 16.68 -0.17 -9.69 6.44 3.01 -13.17 8.24 6.55 0.00 0.00 0.00 2.00 -0.01 0.23 -0.01 -0.14 4.11 -0.01 -0.07 2.04 0.00 0.00 0.00 0.00 0.00 0.41 0.00 0.00 6.42 0.00 0.00 3.21 0.00 0.00 0.00 -2.00 0.04 1.27 0.13 0.47 14.06 0.10 0.23 7.23 0.00 0.00 0.00 -4.00 0.04 0.54 0.08 0.55 7.91 0.06 0.27 3.98 3.82 8.28 -0.75 -4.11 -15.13 -78.30 -23.11 10.19 -5.47 1.12 12.87 4.85 -0.08 4.85 -0.08 1.02 1.96 -1.63 1.40 2.96 -2.51 -0.00 0.00 0.00 -2.00 -0.01 -0.21 0.01 -0.13 -3.78 0.01 -0.07 -1.88 -0.00 0.00 0.00 0.00 -0.00 -0.34 0.00 0.00 -5.55 0.00 0.00 -2.77 -0.00 0.00 0.00 2.00 0.02 -0.48 -0.03 0.25 -7.28 -0.03 0.13 -3.65 -0.00 0.00 0.00 4.00 0.01 -0.18 -0.01 0.24 -3.39 -0.01 0.12 -1.68
-75.1152 -4.7654 -15.3257 154.08 0.80 0.25 -0.38 -27.09 -0.87 -13.58 14.43 -0.80 4.60 -4.50 -1.43 0.00 -0.00 -0.00 -5.78 6.87 -2.27 -9.11 17.60 -3.74 3.15 -23.53 5.30 -0.00 0.00 -0.00 -3.04 0.63 -1.14 -2.66 0.74 -1.25 -2.87 0.80 -1.35 -2.87 0.80 -1.35 -7.30 1.23 1.62 -6.22 1.03 1.39 3.51 12.40 3.52 -8.83 0.88 81.44 18.02 10.92 8.52 -0.92 17.22 3.69 -0.22 16.67 -0.17 -9.70 6.44 2.96 -13.19 8.24 6.48 0.00 0.00 0.00 2.00 -0.01 0.23 -0.01 -0.14 4.09 -0.01 -0.07 2.03 0.00 0.00 0.00 0.00 0.00 0.40 0.00 0.00 6.34 0.00 0.00 3.17 0.00 0.00 0.00 -2.00 0.04 1.26 0.13 0.47 13.96 0.10 0.23 7.17 0.00 0.00 0.00 -4.00 0.04 0.54 0.08 0.54 7.87 0.06 0.27 3.96 3.91 8.45 -0.84 -4.09 -15.11 -78.39 -23.12 10.11 -5.65 1.27 12.90 4.84 -0.08 4.83 -0.07 1.02 1.95 -1.62 1.40 2.95 -2.48 -0.00 0.00 -0.00 -2.00 -0.01 -0.21 0.01 -0.13 -3.77 0.01 -0.06 -1.87 -0.00 0.00 -0.00 0.00 0.00 -0.34 0.00 0.00 -5.54 0.00 0.00 -2.77 -0.00 0.00 -0.00 2.00 0.02 -0.48 -0.03 0.25 -7.24 -0.02 0.12 -3.63 -0.00 0.00 -0.00 4.00 0.01 -0.18 -0.01 0.24 -3.37 -0.01 0.12 -1.67
-75.8191 -4.5323 -14.6061 154.24 0.85 0.33 -0.33 -27.24 -1.42 -11.48 14.92 -0.49 6.08 -6.08 -0.12 0.00 0.00 -0.00 -6.07 6.56 -2.69 -8.93 16.90 -3.26 3.23 -22.96 5.19 -0.00 -0.00 -0.00 -2.98 0.63 -1.16 -2.62 0.75 -1.27 -2.83 0.80 -1.38 -2.83 0.80 -1.38 -7.32 1.21 1.62 -6.24 1.02 1.39 3.58 12.49 3.52 -8.88 0.65 81.41 18.11 11.41 8.51 -1.02 17.52 3.91 -0.22 16.67 -0.17 -9.66 6.44 2.94 -13.15 8.25 6.44 0.00 -0.00 -0.00 2.00 -0.01 0.23 -0.01 -0.14 4.10 -0.01 -0.07 2.03 0.00 -0.00 -0.00 0.00 0.00 0.40 0.00 0.00 6.32 0.00 0.00 3.16 0.00 -0.00 -0.00 -2.00 0.04 1.25 0.13 0.47 13.95 0.10 0.23 7.17 0.00 -0.00 -0.00 -4.00 0.04 0.54 0.08 0.54 7.87 0.06 0.27 3.96 3.98 8.61 -0.93 -4.04 -14.96 -78.48 -23.12 10.03 -5.80 1.42 12.93 4.81 -0.08 4.80 -0.07 1.02 1.94 -1.60 1.40 2.93 -2.46 0.00 -0.00 -0.00 -2.00 -0.01 -0.21 0.01 -0.13 -3.76 0.01 -0.06 -1.87 0.00 -0.00 -0.00 0.00 0.00 -0.34 0.00 0.00 -5.53 0.00 0.00 -2.76 0.00 -0.00 -0.00 2.00 0.02 -0.48 -0.03 0.25 -7.20 -0.02 0.12 -3.61 0.00 -0.00 -0.00 4.00 0.01 -0.18 -0.01 0.23 -3.36 -0.01 0.12 -1.67
-76.5211 -4.2731 -13.8518 154.33 0.89 0.38 -0.03 -27.45 -2.04 -9.16 15.77 -0.01 7.06 -7.39 0.78 0.00 -0.00 -0.00 -6.32 6.21 -3.03 -8.75 16.23 -2.85 3.34 -22.27 5.09 0.00 -0.00 -0.00 -2.91 0.63 -1.17 -2.56 0.75 -1.29 -2.77 0.81 -1.39 -2.77 0.81 -1.39 -7.34 1.20 1.61 -6.25 1.01 1.38 3.66 12.57 3.49 -8.97 0.42 81.37 18.20 11.80 8.49 -1.14 17.80 4.05 -0.21 16.67 -0.17 -9.61 6.44 2.95 -13.08 8.27 6.43 0.00 -0.00 0.00 2.00 -0.01 0.23 -0.01 -0.14 4.11 -0.01 -0.07 2.04 0.00 -0.00 0.00 -0.00 0.00 0.40 -0.00 0.00 6.33 -0.00 0.00 3.17 0.00 -0.00 0.00 -2.00 0.04 1.26 0.13 0.47 13.96 0.10 0.23 7.17 0.00 -0.00 0.00 -4.00 0.04 0.54 0.08 0.54 7.88 0.06 0.27 3.96 4.07 8.75 -0.99 -4.00 -14.70 -78.57 -23.09 9.99 -5.94 1.58 12.97 4.77 -0.08 4.78 -0.07 1.01 1.93 -1.59 1.39 2.91 -2.44 -0.00 -0.00 0.00 -2.00 -0.01 -0.21 0.01 -0.13 -3.75 0.01 -0.06 -1.86 -0.00 -0.00 0.00 0.00 0.00 -0.33 0.00 0.00 -5.51 0.00 0.00 -2.75 -0.00 -0.00 0.00 2.00 0.02 -0.47 -0.03 0.25 -7.14 -0.02 0.12 -3.58 -0.00 -0.00 0.00 4.00 0.01 -0.18 -0.01 0.23 -3.35 -0.01 0.12 -1.66
-77.1896 -4.0067 -13.1063 154.35 0.93 0.38 0.63 -27.73 -2.77 -7.07 16.95 0.68 7.64 -8.40 1.27 -0.00 -0.00 -0.00 -6.51 5.86 -3.28 -8.59 15.60 -2.51 3.47 -21.54 4.98 -0.00 0.00 0.00 -2.82 0.63 -1.16 -2.50 0.75 -1.29 -2.71 0.81 -1.39 -2.71 0.81 -1.39 -7.36 1.17 1.59 -6.27 0.99 1.37 3.74 12.63 3.44 -9.06 0.17 81.31 18.33 12.05 8.49 -1.26 18.01 4.12 -0.21 16.70 -0.17 -9.53 6.46 2.99 -12.94 8.32 6.49 -0.00 -0.00 -0.00 2.00 -0.01 0.23 -0.01 -0.14 4.16 -0.01 -0.07 2.06 -0.00 -0.00 -0.00 -0.00 0.00 0.41 -0.00 0.00 6.43 -0.00 0.00 3.22 -0.00 -0.00 -0.00 -2.00 0.04 1.27 0.13 0.47 14.08 0.10 0.23 7.24 -0.00 -0.00 -0.00 -4.00 0.04 0.55 0.08 0.55 7.93 0.06 0.27 3.99 4.15 8.89 -1.04 -3.97 -14.35 -78.64 -23.04 9.98 -6.07 1.74 13.03 4.71 -0.08 4.75 -0.07 1.00 1.92 -1.58 1.38 2.90 -2.43 -0.00 -0.00 0.00 -2.00 -0.01 -0.21 0.01 -0.13 -3.73 0.01 -0.06 -1.85 -0.00 -0.00 0.00 -0.00 0.00 -0.33 -0.00 0.00 -5.49 -0.00 0.00 -2.74 -0.00 -0.00 0.00 2.00 0.02 -0.47 -0.03 0.25 -7.10 -0.02 0.12 -3.56 -0.00 -0.00 0.00 4.00 0.01 -0.18 -0.01 0.23 -3.34 -0.01 0.12 -1.65
-77.8255 -3.7367 -12.3715 154.31 0.97 0.33 1.58 -28.05 -3.57 -5.34 18.39 1.58 7.92 -9.14 1.37 -0.00 -0.00 0.00 -6.66 5.52 -3.44 -8.44 15.01 -2.21 3.61 -20.79 4.88 0.00 -0.00 -0.00 -2.73 0.63 -1.14 -2.44 0.75 -1.27 -2.64 0.80 -1.37 -2.64 0.80 -1.37 -7.37 1.14 1.57 -6.28 0.96 1.35 3.82 12.69 3.38 -9.14 -0.10 81.21 18.48 12.17 8.50 -1.36 18.17 4.15 -0.20 16.74 -0.16 -9.44 6.49 3.06 -12.80 8.37 6.58 0.00 0.00 -0.00 2.00 -0.01 0.24 -0.01 -0.15 4.22 -0.01 -0.07 2.10 0.00 0.00 -0.00 0.00 0.00 0.42 0.00 0.00 6.57 0.00 0.00 3.29 0.00 0.00 -0.00 -2.00 0.05 1.30 0.13 0.48 14.25 0.10 0.24 7.33 0.00 0.00 -0.00 -4.00 0.04 0.55 0.08 0.55 7.99 0.06 0.27 4.02 4.23 9.01 -1.07 -3.91 -13.86 -78.70 -22.97 10.05 -6.18 1.92 13.13 4.66 -0.09 4.71 -0.08 0.97 1.90 -1.57 1.33 2.87 -2.41 0.00 -0.00 -0.00 -2.00 -0.01 -0.20 0.01 -0.13 -3.72 0.01 -0.06 -1.85 0.00 -0.00 -0.00 -0.00 0.00 -0.33 -0.00 0.00 -5.47 -0.00 0.00 -2.73 0.00 -0.00 -0.00 2.00 0.02 -0.46 -0.03 0.24 -7.04 -0.02 0.12 -3.53 0.00 -0.00 -0.00 4.00 0.01 -0.18 -0.01 0.23 -3.32 -0.01 0.11 -1.65
-78.4257 -3.4676 -11.6506 154.23 1.00 0.23 2.57 -28.31 -4.43 -3.98 20.08 2.75 7.91 -9.64 1.08 0.00 0.00 -0.00 -6.78 5.20 -3.52 -8.32 14.44 -1.96 3.77 -20.03 4.79 0.00 -0.00 0.00 -2.63 0.62 -1.11 -2.38 0.74 -1.24 -2.57 0.80 -1.34 -2.57 0.80 -1.34 -7.39 1.09 1.54 -6.29 0.92 1.32 3.90 12.72 3.32 -9.22 -0.37 81.08 18.67 12.17 8.52 -1.44 18.26 4.17 -0.20 16.78 -0.16 -9.36 6.51 3.15 -12.65 8.42 6.69 -0.00 0.00 -0.00 2.00 -0.01 0.24 -0.01 -0.15 4.29 -0.01 -0.07 2.14 -0.00 0.00 -0.00 0.00 0.00 0.43 0.00 0.00 6.72 0.00 0.00 3.37 -0.00 0.00 -0.00 -2.00 0.05 1.32 0.14 0.48 14.44 0.10 0.24 7.43 -0.00 0.00 -0.00 -4.00 0.04 0.56 0.08 0.56 8.06 0.06 0.28 4.06 4.31 9.11 -1.09 -3.84 -13.29 -78.73 -22.84 10.17 -6.28 2.08 13.24 4.64 -0.09 4.68 -0.08 0.97 1.89 -1.57 1.34 2.86 -2.41 0.00 0.00 -0.00 -2.00 -0.01 -0.20 0.01 -0.13 -3.72 0.01 -0.06 -1.84 0.00 0.00 -0.00 -0.00 0.00 -0.33 -0.00 0.00 -5.45 -0.00 0.00 -2.72 0.00 0.00 -0.00 2.00 0.02 -0.46 -0.03 0.24 -6.98 -0.02 0.12 -3.50 0.00 0.00 -0.00 4.00 0.01 -0.18 -0.01 0.23 -3.31 -0.01 0.11 -1.64
-79.0059 -3.1952 -10.9173 154.14 1.03 0.10 3.40 -28.45 -5.26 -2.88 21.86 4.17 7.69 -10.04 0.48 -0.00 -0.00 -0.00 -6.87 4.88 -3.54 -8.22 13.87 -1.75 3.94 -19.24 4.68 0.00 0.00 0.00 -2.53 0.62 -1.07 -2.32 0.74 -1.20 -2.51 0.79 -1.30 -2.51 0.79 -1.30 -7.39 1.04 1.52 -6.30 0.87 1.30 3.98 12.74 3.26 -9.29 -0.64 80.92 18.88 12.09 8.54 -1.51 18.32 4.18 -0.19 16.82 -0.16 -9.29 6.54 3.23 -12.52 8.47 6.81 -0.00 -0.00 -0.00 2.00 -0.01 0.25 -0.01 -0.15 4.37 -0.01 -0.08 2.17 -0.00 -0.00 -0.00 0.00 0.00 0.45 0.00 0.00 6.87 0.00 0.00 3.45 -0.00 -0.00 -0.00 -2.00 0.05 1.35 0.14 0.49 14.60 0.10 0.24 7.52 -0.00 -0.00 -0.00 -4.00 0.04 0.56 0.09 0.56 8.11 0.06 0.28 4.08 4.38 9.20 -1.09 -3.77 -12.66 -78.74 -22.69 10.32 -6.38 2.23 13.37 4.63 -0.09 4.66 -0.08 0.94 1.88 -1.55 1.29 2.84 -2.38 -0.00 0.00 -0.00 -2.00 -0.01 -0.20 0.01 -0.13 -3.71 0.01 -0.06 -1.84 -0.00 0.00 -0.00 -0.00 0.00 -0.33 -0.00 0.00 -5.43 -0.00 0.00 -2.71 -0.00 0.00 -0.00 2.00 0.02 -0.45 -0.03 0.24 -6.94 -0.02 0.12 -3.48 -0.00 0.00 -0.00 4.00 0.01 -0.18 -0.01 0.23 -3.31 -0.01 0.11 -1.64
-79.5527 -2.9275 -10.2000 154.02 1.05 -0.07 3.99 -28.45 -6.03 -1.89 23.62 5.80 7.28 -10.35 -0.33 0.00 0.00 0.00 -6.93 4.60 -3.48 -8.14 13.32 -1.57 4.11 -18.45 4.59 -0.00 -0.00 -0.00 -2.44 0.62 -1.03 -2.27 0.73 -1.16 -2.45 0.79 -1.25 -2.45 0.79 -1.25 -7.39 0.97 1.50 -6.30 0.82 1.28 4.05 12.74 3.20 -9.37 -0.96 80.73 19.11 11.95 8.56 -1.57 18.34 4.15 -0.19 16.89 -0.15 -9.17 6.58 3.38 -12.31 8.54 7.01 -0.00 0.00 -0.00 2.00 -0.01 0.26 -0.01 -0.16 4.49 -0.01 -0.08 2.23 -0.00 0.00 -0.00 0.00 0.00 0.47 0.00 0.00 7.11 0.00 0.00 3.57 -0.00 0.00 -0.00 -2.00 0.05 1.39 0.14 0.49 14.88 0.11 0.25 7.67 -0.00 0.00 -0.00 -4.00 0.04 0.57 0.09 0.57 8.20 0.06 0.28 4.13 4.44 9.27 -1.10 -3.71 -11.98 -78.72 -22.49 10.49 -6.47 2.36 13.48 4.65 -0.09 4.65 -0.08 0.96 1.88 -1.55 1.32 2.84 -2.38 0.00 -0.00 -0.00 -2.00 -0.01 -0.20 0.01 -0.13 -3.70 0.01 -0.06 -1.84 0.00 -0.00 -0.00 -0.00 0.00 -0.33 -0.00 0.00 -5.43 -0.00 0.00 -2.71 0.00 -0.00 -0.00 2.00 0.02 -0.45 -0.03 0.24 -6.90 -0.02 0.12 -3.46 0.00 -0.00 -0.00 4.00 0.01 -0.18 -0.01 0.23 -3.31 -0.01 0.11 -1.64
-80.0582 -2.6723 -9.5052 153.89 1.06 -0.25 4.35 -28.32 -6.74 -0.98 25.31 7.60 6.77 -10.64 -1.27 0.00 -0.00 -0.00 -6.96 4.33 -3.37 -8.09 12.80 -1.42 4.27 -17.69 4.49 -0.00 -0.00 0.00 -2.36 0.62 -0.98 -2.22 0.73 -1.10 -2.40 0.79 -1.19 -2.40 0.79 -1.19 -7.38 0.90 1.48 -6.29 0.76 1.27 4.12 12.72 3.15 -9.49 -1.31 80.53 19.34 11.76 8.55 -1.64 18.34 4.08 -0.18 16.92 -0.14 -9.04 6.60 3.49 -12.08 8.60 7.15 -0.00 0.00 0.00 2.00 -0.01 0.26 -0.01 -0.16 4.59 -0.01 -0.08 2.28 -0.00 0.00 0.00 0.00 0.00 0.49 0.00 0.00 7.31 0.00 0.00 3.67 -0.00 0.00 0.00 -2.00 0.05 1.42 0.15 0.50 15.09 0.11 0.25 7.79 -0.00 0.00 0.00 -4.00 0.04 0.58 0.09 0.57 8.28 0.07 0.28 4.17 4.48 9.31 -1.11 -3.67 -11.20 -78.64 -22.24 10.67 -6.54 2.46 13.59 4.67 -0.08 4.62 -0.08 0.97 1.87 -1.55 1.34 2.82 -2.37 0.00 -0.00 -0.00 -2.00 -0.01 -0.20 0.01 -0.13 -3.70 0.01 -0.06 -1.83 0.00 -0.00 -0.00 -0.00 0.00 -0.33 -0.00 0.00 -5.41 -0.00 0.00 -2.70 0.00 -0.00 -0.00 2.00 0.02 -0.45 -0.03 0.24 -6.86 -0.02 0.12 -3.44 0.00 -0.00 -0.00 4.00 0.01 -0.18 -0.01 0.23 -3.31 -0.01 0.11 -1.64
-80.5166 -2.4331 -8.8382 153.77 1.06 -0.43 4.54 -28.05 -7.43 -0.16 27.10 9.55 6.22 -11.04 -2.37 0.00 -0.00 -0.00 -6.97 4.09 -3.23 -8.05 12.30 -1.29 4.42 -16.96 4.39 -0.00 -0.00 -0.00 -2.28 0.61 -0.93 -2.18 0.73 -1.05 -2.35 0.78 -1.14 -2.35 0.78 -1.14 -7.36 0.83 1.47 -6.27 0.69 1.26 4.19 12.68 3.10 -9.65 -1.67 80.34 19.56 11.57 8.54 -1.74 18.32 3.95 -0.17 16.98 -0.14 -8.91 6.64 3.62 -11.86 8.68 7.33 0.00 0.00 -0.00 2.00 -0.01 0.27 -0.01 -0.16 4.70 -0.01 -0.08 2.34 0.00 0.00 -0.00 0.00 0.00 0.51 0.00 0.00 7.53 0.00 0.00 3.78 0.00 0.00 -0.00 -2.00 0.05 1.46 0.15 0.51 15.36 0.12 0.25 7.93 0.00 0.00 -0.00 -4.00 0.04 0.59 0.09 0.58 8.36 0.07 0.29 4.21 4.52 9.32 -1.11 -3.67 -10.35 -78.53 -21.93 10.85 -6.57 2.54 13.68 4.69 -0.08 4.60 -0.07 0.98 1.86 -1.54 1.36 2.81 -2.36 -0.00 -0.00 -0.00 -2.00 -0.01 -0.20 0.01 -0.13 -3.68 0.01 -0.06 -1.83 -0.00 -0.00 -0.00 -0.00 0.00 -0.32 -0.00 0.00 -5.39 -0.00 0.00 -2.69 -0.00 -0.00 -0.00 2.00 0.02 -0.44 -0.03 0.24 -6.81 -0.02 0.12 -3.42 -0.00 -0.00 -0.00 4.00 0.01 -0.18 -0.01 0.23 -3.31 -0.01 0.11 -1.64
-80.9412 -2.2025 -8.1633 153.67 1.06 -0.61 4.64 -27.68 -8.07 0.60 28.94 11.55 5.69 -11.58 -3.52 0.00 -0.00 -0.00 -6.98 3.87 -3.07 -8.04 11.81 -1.19 4.57 -16.23 4.29 -0.00 0.00 0.00 -2.21 0.61 -0.89 -2.15 0.72 -1.01 -2.32 0.78 -1.09 -2.32 0.78 -1.09 -7.33 0.75 1.48 -6.25 0.63 1.26 4.26 12.63 3.04 -9.86 -2.04 80.18 19.77 11.39 8.50 -1.85 18.29 3.78 -0.17 16.99 -0.13 -8.76 6.66 3.71 -11.62 8.73 7.43 -0.00 -0.00 0.00 2.00 -0.01 0.28 -0.01 -0.17 4.78 -0.01 -0.08 2.38 -0.00 -0.00 0.00 0.00 0.00 0.52 0.00 0.00 7.72 0.00 0.00 3.88 -0.00 -0.00 0.00 -2.00 0.05 1.50 0.16 0.52 15.60 0.12 0.25 8.06 -0.00 -0.00 0.00 -4.00 0.04 0.59 0.09 0.58 8.44 0.07 0.29 4.25 4.54 9.28 -1.09 -3.71 -9.44 -78.39 -21.56 11.02 -6.57 2.58 13.77 4.70 -0.08 4.57 -0.07 0.99 1.84 -1.54 1.36 2.79 -2.35 -0.00 0.00 0.00 -2.00 -0.01 -0.20 0.01 -0.13 -3.68 0.01 -0.06 -1.82 -0.00 0.00 0.00 -0.00 0.00 -0.32 -0.00 0.00 -5.37 -0.00 0.00 -2.68 -0.00 0.00 0.00 2.00 0.02 -0.44 -0.03 0.23 -6.77 -0.02 0.12 -3.39 -0.00 0.00 0.00 4.00 0.01 -0.18 -0.01 0.23 -3.32 -0.01 0.11 -1.64
-81.3253 -1.9884 -7.5066 153.57 1.05 -0.77 4.68 -27.25 -8.63 1.29 30.79 13.52 5.23 -12.23 -4.68 -0.00 0.00 0.00 -6.99 3.66 -2.90 -8.04 11.34 -1.10 4.72 -15.53 4.18 -0.00 -0.00 0.00 -2.15 0.60 -0.86 -2.12 0.72 -0.97 -2.29 0.77 -1.05 -2.29 0.77 -1.05 -7.29 0.67 1.49 -6.21 0.56 1.27 4.33 12.56 2.99 -10.13 -2.44 80.07 19.97 11.19 8.46 -2.00 18.24 3.51 -0.16 17.01 -0.13 -8.57 6.68 3.85 -11.30 8.81 7.61 -0.00 0.00 0.00 2.00 -0.01 0.29 -0.01 -0.17 4.90 -0.01 -0.08 2.44 -0.00 0.00 0.00 0.00 0.00 0.55 0.00 0.00 8.01 0.00 0.00 4.03 -0.00 0.00 0.00 -2.00 0.05 1.56 0.17 0.53 15.97 0.13 0.26 8.27 -0.00 0.00 0.00 -4.00 0.04 0.61 0.10 0.59 8.56 0.07 0.29 4.32 4.57 9.20 -1.05 -3.79 -8.50 -78.24 -21.15 11.18 -6.52 2.63 13.87 4.69 -0.08 4.54 -0.07 0.98 1.83 -1.53 1.36 2.77 -2.34 -0.00 -0.00 -0.00 -2.00 -0.01 -0.20 0.01 -0.13 -3.66 0.01 -0.06 -1.82 -0.00 -0.00 -0.00 -0.00 0.00 -0.32 -0.00 0.00 -5.34 -0.00 0.00 -2.66 -0.00 -0.00 -0.00 2.00 0.02 -0.43 -0.03 0.23 -6.72 -0.02 0.12 -3.37 -0.00 -0.00 -0.00 4.00 0.01 -0.18 -0.01 0.23 -3.32 -0.01 0.11 -1.64
-81.6685 -1.7947 -6.8801 153.49 1.04 -0.91 4.68 -26.75 -9.10 1.95 32.60 15.40 4.83 -12.98 -5.80 -0.00 0.00 0.00 -7.01 3.46 -2.74 -8.04 10.89 -1.02 4.86 -14.86 4.07 -0.00 0.00 -0.00 -2.10 0.60 -0.83 -2.10 0.71 -0.95 -2.27 0.76 -1.02 -2.27 0.76 -1.02 -7.25 0.57 1.50 -6.18 0.48 1.29 4.42 12.50 2.94 -10.44 -2.83 80.00 20.18 10.97 8.41 -2.16 18.16 3.18 -0.15 17.05 -0.12 -8.41 6.71 4.01 -11.03 8.88 7.81 -0.00 -0.00 -0.00 2.00 -0.01 0.30 -0.02 -0.17 5.04 -0.01 -0.09 2.51 -0.00 -0.00 -0.00 0.00 0.00 0.58 0.00 0.00 8.31 0.00 0.00 4.19 -0.00 -0.00 -0.00 -2.00 0.06 1.62 0.18 0.54 16.37 0.13 0.27 8.48 -0.00 -0.00 -0.00 -4.00 0.04 0.62 0.10 0.60 8.69 0.07 0.30 4.39 4.58 9.10 -1.01 -3.91 -7.54 -78.06 -20.65 11.37 -6.41 2.70 13.99 4.67 -0.08 4.49 -0.07 0.97 1.81 -1.52 1.35 2.74 -2.32 0.00 -0.00 0.00 -2.00 -0.01 -0.20 0.01 -0.13 -3.65 0.01 -0.06 -1.81 0.00 -0.00 0.00 -0.00 0.00 -0.32 -0.00 0.00 -5.30 -0.00 0.00 -2.64 0.00 -0.00 0.00 2.00 0.02 -0.43 -0.03 0.23 -6.65 -0.02 0.12 -3.33 0.00 -0.00 0.00 4.00 0.01 -0.18 -0.01 0.23 -3.32 -0.01 0.11 -1.64
-81.9792 -1.6183 -6.2769 153.42 1.02 -1.02 4.59 -26.13 -9.46 2.62 34.39 17.24 4.40 -13.84 -6.91 -0.00 0.00 -0.00 -7.06 3.29 -2.59 -8.03 10.45 -0.95 5.00 -14.23 3.96 0.00 -0.00 0.00 -2.06 0.59 -0.81 -2.08 0.70 -0.93 -2.25 0.75 -1.00 -2.25 0.75 -1.00 -7.21 0.47 1.52 -6.15 0.39 1.30 4.51 12.45 2.88 -10.76 -3.22 79.96 20.39 10.73 8.36 -2.31 18.06 2.82 -0.15 17.08 -0.12 -8.25 6.74 4.14 -10.76 8.94 7.99 -0.00 0.00 0.00 2.00 -0.01 0.31 -0.02 -0.18 5.15 -0.01 -0.09 2.57 -0.00 0.00 0.00 0.00 0.00 0.61 0.00 0.00 8.61 0.00 0.00 4.34 -0.00 0.00 0.00 -2.00 0.06 1.68 0.18 0.55 16.72 0.14 0.27 8.68 -0.00 0.00 0.00 -4.00 0.04 0.63 0.10 0.61 8.83 0.08 0.30 4.46 4.60 8.98 -0.96 -4.06 -6.59 -77.88 -20.07 11.58 -6.25 2.75 14.12 4.62 -0.08 4.43 -0.07 0.96 1.79 -1.51 1.33 2.71 -2.31 -0.00 -0.00 0.00 -2.00 -0.01 -0.20 0.01 -0.13 -3.63 0.01 -0.06 -1.80 -0.00 -0.00 0.00 -0.00 0.00 -0.31 -0.00 0.00 -5.26 -0.00 0.00 -2.62 -0.00 -0.00 0.00 2.00 0.01 -0.42 -0.03 0.23 -6.59 -0.02 0.11 -3.30 -0.00 -0.00 0.00 4.00 0.01 -0.18 -0.01 0.23 -3.32 -0.01 0.11 -1.64
-82.2642 -1.4548 -5.6658 153.37 1.01 -1.11 4.40 -25.43 -9.73 3.31 36.09 19.02 3.96 -14.76 -7.96 -0.00 -0.00 -0.00 -7.15 3.10 -2.45 -8.02 10.04 -0.89 5.15 -13.62 3.84 0.00 -0.00 -0.00 -2.02 0.58 -0.79 -2.07 0.69 -0.91 -2.24 0.74 -0.99 -2.24 0.74 -0.99 -7.18 0.35 1.53 -6.11 0.29 1.31 4.62 12.40 2.82 -11.08 -3.56 79.96 20.62 10.45 8.31 -2.44 17.95 2.44 -0.14 17.12 -0.11 -8.14 6.77 4.30 -10.55 9.01 8.20 -0.00 0.00 0.00 2.00 -0.01 0.32 -0.02 -0.18 5.29 -0.01 -0.09 2.64 -0.00 0.00 0.00 0.00 0.00 0.64 0.00 0.00 8.93 0.00 0.00 4.51 -0.00 0.00 0.00 -2.00 0.06 1.74 0.19 0.56 17.11 0.15 0.28 8.90 -0.00 0.00 0.00 -4.00 0.05 0.65 0.11 0.62 8.98 0.08 0.31 4.54 4.63 8.85 -0.92 -4.22 -5.68 -77.69 -19.42 11.82 -6.03 2.81 14.27 4.56 -0.08 4.38 -0.08 0.94 1.77 -1.49 1.31 2.67 -2.29 0.00 -0.00 -0.00 -2.00 -0.01 -0.20 0.01 -0.12 -3.60 0.01 -0.06 -1.79 0.00 -0.00 -0.00 -0.00 0.00 -0.31 -0.00 0.00 -5.22 -0.00 0.00 -2.60 0.00 -0.00 -0.00 2.00 0.01 -0.42 -0.03 0.23 -6.53 -0.02 0.11 -3.27 0.00 -0.00 -0.00 4.00 0.01 -0.18 -0.01 0.23 -3.31 -0.01 0.11 -1.64
-82.5134 -1.3123 -5.0727 153.35 1.00 -1.18 4.13 -24.65 -9.94 3.99 37.64 20.70 3.52 -15.67 -8.92 0.00 -0.00 -0.00 -7.29 2.91 -2.32 -8.00 9.67 -0.84 5.33 -13.06 3.71 0.00 0.00 0.00 -1.98 0.57 -0.78 -2.06 0.67 -0.90 -2.23 0.72 -0.98 -2.23 0.72 -0.98 -7.14 0.22 1.53 -6.09 0.17 1.31 4.73 12.36 2.76 -11.37 -3.89 79.96 20.89 10.11 8.29 -2.54 17.84 2.08 -0.14 17.17 -0.11 -8.02 6.80 4.46 -10.33 9.07 8.43 -0.00 -0.00 -0.00 2.00 -0.01 0.33 -0.02 -0.19 5.45 -0.01 -0.09 2.72 -0.00 -0.00 -0.00 0.00 0.00 0.68 0.00 0.00 9.31 0.00 0.00 4.71 -0.00 -0.00 -0.00 -2.00 0.06 1.82 0.20 0.57 17.56 0.15 0.28 9.14 -0.00 -0.00 -0.00 -4.00 0.05 0.67 0.11 0.63 9.16 0.08 0.31 4.63 4.65 8.72 -0.88 -4.37 -4.85 -77.50 -18.72 12.08 -5.76 2.86 14.44 4.49 -0.10 4.32 -0.09 0.89 1.74 -1.48 1.24 2.64 -2.26 -0.00 0.00 0.00 -2.00 -0.01 -0.19 0.01 -0.12 -3.58 0.01 -0.06 -1.78 -0.00 0.00 0.00 -0.00 0.00 -0.31 -0.00 0.00 -5.18 -0.00 0.00 -2.58 -0.00 0.00 0.00 2.00 0.01 -0.41 -0.03 0.23 -6.48 -0.02 0.11 -3.24 -0.00 0.00 0.00 4.00 0.01 -0.18 -0.01 0.23 -3.31 -0.01 0.11 -1.64
-82.7310 -1.1876 -4.4954 153.34 0.99 -1.22 3.76 -23.79 -10.10 4.65 39.01 22.26 3.12 -16.58 -9.78 0.00 -0.00 -0.00 -7.46 2.71 -2.21 -7.98 9.34 -0.79 5.52 -12.55 3.57 -0.00 0.00 0.00 -1.95 0.55 -0.78 -2.05 0.65 -0.90 -2.22 0.71 -0.97 -2.22 0.71 -0.97 -7.11 0.07 1.52 -6.06 0.04 1.30 4.84 12.32 2.70 -11.60 -4.17 79.95 21.17 9.74 8.27 -2.61 17.72 1.75 -0.13 17.22 -0.10 -7.94 6.83 4.61 -10.17 9.13 8.63 -0.00 0.00 0.00 2.00 -0.01 0.34 -0.02 -0.19 5.59 -0.01 -0.10 2.79 -0.00 0.00 0.00 0.00 0.00 0.72 0.00 0.00 9.65 0.00 0.00 4.88 -0.00 0.00 0.00 -2.00 0.07 1.88 0.21 0.58 17.95 0.16 0.29 9.36 -0.00 0.00 0.00 -4.00 0.05 0.69 0.11 0.64 9.32 0.08 0.32 4.71 4.67 8.60 -0.87 -4.47 -4.09 -77.32 -17.90 12.39 -5.42 2.91 14.65 4.41 -0.10 4.27 -0.10 0.86 1.72 -1.47 1.19 2.61 -2.25 -0.00 0.00 0.00 -2.00 -0.01 -0.19 0.01 -0.12 -3.56 0.01 -0.06 -1.76 -0.00 0.00 0.00 -0.00 0.00 -0.31 -0.00 0.00 -5.14 -0.00 0.00 -2.56 -0.00 0.00 0.00 2.00 0.01 -0.41 -0.03 0.22 -6.41 -0.02 0.11 -3.21 -0.00 0.00 0.00 4.00 0.01 -0.18 -0.01 0.23 -3.30 -0.01 0.11 -1.63
-82.9257 -1.0779 -3.9290 153.35 0.97 -1.23 3.29 -22.74 -10.23 5.20 40.21 23.70 2.72 -17.46 -10.52 -0.00 0.00 -0.00 -7.69 2.49 -2.12 -7.96 9.07 -0.75 5.75 -12.08 3.43 0.00 -0.00 -0.00 -1.92 0.54 -0.77 -2.04 0.64 -0.89 -2.20 0.68 -0.97 -2.20 0.68 -0.97 -7.08 -0.09 1.50 -6.03 -0.09 1.28 4.94 12.27 2.64 -11.81 -4.42 79.95 21.46 9.37 8.26 -2.65 17.60 1.47 -0.13 17.26 -0.10 -7.88 6.85 4.73 -10.05 9.17 8.81 0.00 -0.00 0.00 2.00 -0.01 0.35 -0.02 -0.20 5.71 -0.02 -0.10 2.85 0.00 -0.00 0.00 0.00 0.00 0.75 0.00 0.00 9.93 0.00 0.00 5.03 0.00 -0.00 0.00 -2.00 0.07 1.94 0.22 0.59 18.28 0.17 0.29 9.54 0.00 -0.00 0.00 -4.00 0.05 0.70 0.12 0.65 9.46 0.09 0.32 4.78 4.69 8.48 -0.87 -4.50 -3.44 -77.13 -17.03 12.71 -5.04 2.96 14.87 4.35 -0.10 4.23 -0.10 0.86 1.71 -1.46 1.20 2.58 -2.24 0.00 0.00 -0.00 -2.00 -0.01 -0.19 0.01 -0.12 -3.54 0.01 -0.06 -1.75 0.00 0.00 -0.00 -0.00 0.00 -0.30 -0.00 0.00 -5.11 -0.00 0.00 -2.55 0.00 0.00 -0.00 2.00 0.01 -0.40 -0.03 0.22 -6.36 -0.02 0.11 -3.18 0.00 0.00 -0.00 4.00 0.01 -0.18 -0.01 0.23 -3.29 -0.01 0.11 -1.63
-83.1023 -0.9816 -3.3626 153.37 0.96 -1.23 2.81 -21.61 -10.34 5.62 41.19 24.95 2.32 -18.25 -11.10 -0.00 -0.00 0.00 -7.96 2.26 -2.05 -7.94 8.82 -0.72 6.04 -11.65 3.28 -0.00 -0.00 -0.00 -1.89 0.52 -0.77 -2.03 0.62 -0.90 -2.19 0.66 -0.97 -2.19 0.66 -0.97 -7.05 -0.26 1.47 -6.01 -0.23 1.25 5.03 12.21 2.59 -11.99 -4.60 79.94 21.73 9.04 8.26 -2.68 17.50 1.24 -0.12 17.30 -0.10 -7.85 6.87 4.81 -9.98 9.20 8.94 -0.00 0.00 -0.00 2.00 -0.01 0.36 -0.02 -0.20 5.79 -0.02 -0.10 2.89 -0.00 0.00 -0.00 0.00 0.00 0.77 0.00 0.00 10.14 0.00 0.00 5.14 -0.00 0.00 -0.00 -2.00 0.07 1.98 0.22 0.60 18.52 0.17 0.29 9.68 -0.00 0.00 -0.00 -4.00 0.05 0.71 0.12 0.65 9.56 0.09 0.33 4.84 4.72 8.35 -0.90 -4.45 -2.89 -76.94 -16.11 13.02 -4.63 3.00 15.10 4.30 -0.11 4.23 -0.10 0.85 1.71 -1.47 1.17 2.58 -2.24 -0.00 -0.00 -0.00 -2.00 -0.01 -0.19 0.01 -0.12 -3.52 0.01 -0.06 -1.75 -0.00 -0.00 -0.00 -0.00 0.00 -0.30 -0.00 0.00 -5.08 -0.00 0.00 -2.53 -0.00 -0.00 -0.00 2.00 0.01 -0.40 -0.03 0.22 -6.31 -0.02 0.11 -3.16 -0.00 -0.00 -0.00 4.00 0.01 -0.17 -0.01 0.23 -3.27 -0.01 0.11 -1.62
-83.2628 -0.8961 -2.8071 153.37 0.95 -1.20 2.36 -20.43 -10.45 5.86 41.99 25.99 1.91 -18.93 -11.53 0.00 -0.00 0.00 -8.27 2.03 -2.00 -7.93 8.60 -0.69 6.37 -11.25 3.12 -0.00 -0.00 -0.00 -1.85 0.50 -0.77 -2.00 0.59 -0.90 -2.17 0.64 -0.97 -2.17 0.64 -0.97 -7.02 -0.45 1.42 -5.98 -0.39 1.21 5.10 12.15 2.54 -12.15 -4.75 79.93 22.00 8.77 8.28 -2.72 17.42 1.06 -0.12 17.33 -0.10 -7.84 6.89 4.90 -9.93 9.22 9.07 -0.00 0.00 0.00 2.00 -0.01 0.36 -0.02 -0.20 5.87 -0.02 -0.10 2.93 -0.00 0.00 0.00 -0.00 0.00 0.79 -0.00 0.00 10.32 -0.00 0.00 5.24 -0.00 0.00 0.00 -2.00 0.07 2.02 0.23 0.60 18.70 0.17 0.29 9.78 -0.00 0.00 0.00 -4.00 0.05 0.72 0.12 0.66 9.63 0.09 0.33 4.87 4.73 8.23 -0.96 -4.33 -2.45 -76.75 -15.17 13.30 -4.19 3.02 15.33 4.29 -0.10 4.21 -0.10 0.87 1.70 -1.46 1.20 2.57 -2.23 0.00 -0.00 0.00 -2.00 -0.01 -0.19 0.01 -0.12 -3.50 0.01 -0.06 -1.74 0.00 -0.00 0.00 0.00 0.00 -0.30 0.00 0.00 -5.06 0.00 0.00 -2.52 0.00 -0.00 0.00 2.00 0.01 -0.40 -0.03 0.22 -6.26 -0.02 0.11 -3.13 0.00 -0.00 0.00 4.00 0.01 -0.17 -0.01 0.23 -3.25 -0.01 0.11 -1.61
-83.4064 -0.8208 -2.2700 153.37 0.94 -1.16 1.94 -19.21 -10.54 5.95 42.57 26.81 1.50 -19.47 -11.79 0.00 0.00 -0.00 -8.58 1.81 -1.96 -7.94 8.39 -0.66 6.73 -10.88 2.97 0.00 0.00 0.00 -1.81 0.48 -0.77 -1.98 0.57 -0.90 -2.13 0.61 -0.97 -2.13 0.61 -0.97 -6.98 -0.64 1.37 -5.95 -0.56 1.16 5.15 12.09 2.49 -12.28 -4.87 79.93 22.24 8.57 8.30 -2.75 17.38 0.90 -0.12 17.36 -0.10 -7.84 6.91 4.95 -9.91 9.24 9.16 0.00 -0.00 0.00 2.00 -0.01 0.37 -0.02 -0.21 5.93 -0.02 -0.10 2.96 0.00 -0.00 0.00 -0.00 0.00 0.81 -0.00 0.00 10.44 -0.00 0.00 5.30 0.00 -0.00 0.00 -2.00 0.07 2.04 0.23 0.60 18.82 0.17 0.29 9.84 0.00 -0.00 0.00 -4.00 0.05 0.72 0.12 0.66 9.67 0.09 0.33 4.90 4.74 8.12 -1.05 -4.06 -2.14 -76.57 -14.17 13.51 -3.71 3.05 15.56 4.33 -0.10 4.20 -0.09 0.88 1.69 -1.46 1.23 2.56 -2.23 0.00 0.00 0.00 -2.00 -0.01 -0.19 0.01 -0.12 -3.48 0.01 -0.06 -1.73 0.00 0.00 0.00 0.00 0.00 -0.30 0.00 0.00 -5.02 0.00 0.00 -2.50 0.00 0.00 0.00 2.00 0.01 -0.39 -0.02 0.22 -6.20 -0.02 0.11 -3.10 0.00 0.00 0.00 4.00 0.01 -0.17 -0.01 0.23 -3.23 -0.01 0.11 -1.60
-83.5282 -0.7529 -1.7508 153.36 0.93 -1.09 1.57 -17.86 -10.55 5.79 42.82 27.23 1.09 -19.79 -11.78 0.00 0.00 0.00 -8.93 1.61 -1.94 -7.92 8.15 -0.63 7.10 -10.53 2.81 -0.00 -0.00 -0.00 -1.77 0.46 -0.77 -1.94 0.55 -0.90 -2.10 0.59 -0.97 -2.10 0.59 -0.97 -6.94 -0.84 1.31 -5.91 -0.73 1.11 5.18 12.02 2.43 -12.39 -4.95 79.93 22.46 8.46 8.32 -2.78 17.37 0.78 -0.12 17.37 -0.10 -7.85 6.91 4.99 -9.91 9.24 9.21 0.00 -0.00 0.00 2.00 -0.01 0.37 -0.02 -0.21 5.96 -0.02 -0.10 2.98 0.00 -0.00 0.00 -0.00 0.00 0.82 -0.00 0.00 10.51 -0.00 0.00 5.33 0.00 -0.00 0.00 -2.00 0.07 2.05 0.23 0.60 18.87 0.18 0.29 9.88 0.00 -0.00 0.00 -4.00 0.05 0.73 0.12 0.66 9.70 0.09 0.33 4.91 4.75 8.02 -1.14 -3.66 -1.96 -76.40 -13.17 13.66 -3.23 3.09 15.74 4.43 -0.10 4.24 -0.09 0.88 1.71 -1.46 1.22 2.59 -2.23 -0.00 -0.00 -0.00 -2.00 -0.01 -0.19 0.01 -0.12 -3.47 0.01 -0.06 -1.72 -0.00 -0.00 -0.00 0.00 0.00 -0.30 0.00 0.00 -5.00 0.00 0.00 -2.49 -0.00 -0.00 -0.00 2.00 0.01 -0.39 -0.02 0.21 -6.15 -0.02 0.11 -3.08 -0.00 -0.00 -0.00 4.00 0.01 -0.17 -0.01 0.22 -3.20 -0.01 0.11 -1.58
-83.6354 -0.6915 -1.2257 153.32 0.92 -0.99 1.29 -16.45 -10.49 5.43 42.71 27.27 0.90 -20.18 -11.70 -0.00 -0.00 0.00 -9.28 1.44 -1.94 -7.86 7.86 -0.60 7.48 -10.18 2.65 0.00 0.00 -0.00 -1.72 0.44 -0.78 -1.90 0.52 -0.91 -2.05 0.56 -0.99 -2.05 0.56 -0.99 -6.90 -1.04 1.25 -5.87 -0.89 1.06 5.19 11.93 2.38 -12.47 -4.98 79.94 22.66 8.43 8.34 -2.81 17.38 0.68 -0.12 17.39 -0.09 -7.85 6.92 5.02 -9.91 9.25 9.26 0.00 0.00 0.00 2.00 -0.01 0.37 -0.02 -0.21 5.99 -0.02 -0.10 3.00 0.00 0.00 0.00 -0.00 0.00 0.82 -0.00 0.00 10.56 -0.00 0.00 5.36 0.00 0.00 0.00 -2.00 0.07 2.06 0.23 0.61 18.92 0.18 0.30 9.90 0.00 0.00 0.00 -4.00 0.05 0.73 0.12 0.66 9.71 0.09 0.33 4.92 4.75 7.92 -1.24 -3.16 -1.87 -76.27 -12.21 13.74 -2.78 3.15 15.86 4.57 -0.09 4.23 -0.09 0.89 1.71 -1.45 1.24 2.58 -2.21 -0.00 -0.00 0.00 -2.00 -0.01 -0.19 0.01 -0.12 -3.46 0.01 -0.06 -1.71 -0.00 -0.00 0.00 0.00 0.00 -0.29 0.00 0.00 -4.98 0.00 0.00 -2.48 -0.00 -0.00 0.00 2.00 0.01 -0.38 -0.02 0.21 -6.10 -0.02 0.11 -3.05 -0.00 -0.00 0.00 4.00 0.01 -0.17 -0.01 0.22 -3.16 -0.01 0.11 -1.57
-83.7257 -0.6375 -0.7033 153.26 0.90 -0.85 1.04 -14.99 -10.35 4.82 42.22 26.86 1.08 -20.69 -11.69 -0.00 0.00 -0.00 -9.62 1.32 -1.98 -7.76 7.48 -0.56 7.82 -9.82 2.50 0.00 -0.00 -0.00 -1.67 0.42 -0.79 -1.85 0.50 -0.93 -2.00 0.54 -1.01 -2.00 0.54 -1.01 -6.84 -1.25 1.19 -5.83 -1.07 1.01 5.18 11.83 2.32 -12.51 -4.97 79.96 22.87 8.47 8.37 -2.84 17.40 0.60 -0.12 17.43 -0.09 -7.87 6.94 5.05 -9.92 9.27 9.32 0.00 -0.00 0.00 2.00 -0.01 0.38 -0.02 -0.21 6.03 -0.02 -0.10 3.01 0.00 -0.00 0.00 -0.00 0.00 0.83 -0.00 0.00 10.63 -0.00 0.00 5.40 0.00 -0.00 0.00 -2.00 0.07 2.06 0.23 0.61 18.95 0.18 0.30 9.92 0.00 -0.00 0.00 -4.00 0.05 0.73 0.12 0.67 9.72 0.09 0.33 4.92 4.74 7.84 -1.34 -2.58 -1.87 -76.16 -11.33 13.73 -2.35 3.22 15.95 4.74 -0.09 4.22 -0.08 0.89 1.70 -1.43 1.24 2.57 -2.19 -0.00 0.00 -0.00 -2.00 -0.01 -0.19 0.01 -0.12 -3.45 0.01 -0.06 -1.71 -0.00 0.00 -0.00 0.00 0.00 -0.29 0.00 0.00 -4.97 0.00 0.00 -2.48 -0.00 0.00 -0.00 2.00 0.01 -0.38 -0.02 0.21 -6.07 -0.02 0.10 -3.03 -0.00 0.00 -0.00 4.00 0.01 -0.17 -0.01 0.22 -3.14 -0.01 0.11 -1.55
-83.7956 -0.5912 -0.1952 153.18 0.89 -0.68 0.81 -13.48 -10.12 4.08 41.29 26.05 1.61 -21.26 -11.77 -0.00 -0.00 0.00 -9.95 1.24 -2.04 -7.60 7.04 -0.51 8.11 -9.46 2.35 -0.00 -0.00 -0.00 -1.61 0.40 -0.82 -1.80 0.48 -0.96 -1.95 0.52 -1.04 -1.95 0.52 -1.04 -6.77 -1.45 1.14 -5.77 -1.25 0.96 5.16 11.74 2.27 -12.51 -4.92 80.00 23.07 8.56 8.39 -2.87 17.41 0.53 -0.12 17.46 -0.09 -7.89 6.95 5.07 -9.93 9.28 9.36 -0.00 0.00 0.00 2.00 -0.01 0.38 -0.02 -0.21 6.06 -0.02 -0.10 3.03 -0.00 0.00 0.00 -0.00 0.00 0.83 -0.00 0.00 10.68 -0.00 0.00 5.42 -0.00 0.00 0.00 -2.00 0.07 2.07 0.23 0.61 19.00 0.18 0.30 9.95 -0.00 0.00 0.00 -4.00 0.05 0.73 0.12 0.67 9.75 0.09 0.33 4.94 4.73 7.76 -1.42 -1.89 -1.94 -76.08 -10.55 13.58 -1.97 3.31 16.00 4.92 -0.08 4.21 -0.08 0.90 1.70 -1.42 1.25 2.57 -2.17 -0.00 0.00 0.00 -2.00 -0.01 -0.19 0.01 -0.12 -3.44 0.01 -0.06 -1.71 -0.00 0.00 0.00 0.00 0.00 -0.29 0.00 0.00 -4.96 0.00 0.00 -2.47 -0.00 0.00 0.00 2.00 0.01 -0.38 -0.02 0.21 -6.03 -0.02 0.10 -3.02 -0.00 0.00 0.00 4.00 0.01 -0.16 -0.01 0.22 -3.11 -0.01 0.11 -1.54
-83.8360 -0.5508 0.2907 153.08 0.87 -0.48 0.53 -11.78 -9.68 3.51 39.48 24.90 2.06 -21.79 -11.82 0.00 -0.00 -0.00 -10.28 1.23 -2.11 -7.37 6.51 -0.46 8.34 -9.10 2.21 -0.00 -0.00 0.00 -1.56 0.39 -0.85 -1.75 0.46 -1.00 -1.89 0.49 -1.08 -1.89 0.49 -1.08 -6.69 -1.66 1.10 -5.70 -1.42 0.93 5.14 11.65 2.23 -12.47 -4.84 80.04 23.26 8.67 8.42 -2.88 17.43 0.49 -0.12 17.50 -0.09 -7.91 6.96 5.09 -9.96 9.29 9.40 -0.00 0.00 -0.00 2.00 -0.01 0.38 -0.02 -0.21 6.08 -0.02 -0.10 3.04 -0.00 0.00 -0.00 -0.00 0.00 0.84 -0.00 0.00 10.72 -0.00 0.00 5.45 -0.00 0.00 -0.00 -2.00 0.07 2.08 0.23 0.61 19.02 0.18 0.30 9.96 -0.00 0.00 -0.00 -4.00 0.05 0.73 0.12 0.67 9.76 0.09 0.33 4.94 4.72 7.68 -1.48 -1.14 -2.06 -76.03 -9.88 13.34 -1.66 3.40 16.00 5.10 -0.08 4.21 -0.07 0.89 1.70 -1.40 1.25 2.56 -2.14 -0.00 0.00 -0.00 -2.00 -0.01 -0.19 0.01 -0.12 -3.44 0.01 -0.06 -1.70 -0.00 0.00 -0.00 0.00 -0.00 -0.29 0.00 0.00 -4.96 0.00 0.00 -2.47 -0.00 0.00 -0.00 2.00 0.01 -0.37 -0.02 0.21 -6.01 -0.02 0.10 -3.00 -0.00 0.00 -0.00 4.00 0.01 -0.16 -0.01 0.21 -3.08 -0.01 0.11 -1.52
-83.8647 -0.5180 0.7876 152.91 0.85 -0.24 0.32 -10.03 -9.14 3.21 37.07 23.63 2.26 -22.21 -11.82 -0.00 0.00 0.00 -10.56 1.29 -2.20 -7.07 5.84 -0.40 8.52 -8.71 2.07 -0.00 -0.00 -0.00 -1.50 0.37 -0.88 -1.69 0.44 -1.04 -1.83 0.47 -1.13 -1.83 0.47 -1.13 -6.61 -1.86 1.07 -5.62 -1.60 0.90 5.12 11.55 2.20 -12.40 -4.74 80.09 23.44 8.79 8.46 -2.89 17.45 0.46 -0.11 17.53 -0.09 -7.95 6.97 5.11 -10.00 9.30 9.44 -0.00 0.00 0.00 2.00 -0.01 0.38 -0.02 -0.21 6.10 -0.02 -0.10 3.05 -0.00 0.00 0.00 -0.00 0.00 0.84 -0.00 0.00 10.76 -0.00 0.00 5.47 -0.00 0.00 0.00 -2.00 0.07 2.08 0.24 0.61 19.06 0.18 0.30 9.98 -0.00 0.00 0.00 -4.00 0.05 0.73 0.12 0.67 9.78 0.09 0.33 4.95 4.71 7.60 -1.53 -0.39 -2.19 -75.98 -9.36 13.03 -1.41 3.48 15.98 5.24 -0.08 4.20 -0.07 0.89 1.70 -1.39 1.24 2.56 -2.12 -0.00 0.00 0.00 -2.00 -0.01 -0.19 0.01 -0.12 -3.43 0.01 -0.06 -1.70 -0.00 0.00 0.00 0.00 -0.00 -0.29 0.00 -0.00 -4.96 0.00 -0.00 -2.47 -0.00 0.00 0.00 2.00 0.01 -0.37 -0.02 0.21 -5.99 -0.02 0.10 -2.99 -0.00 0.00 0.00 4.00 0.01 -0.16 -0.01 0.21 -3.06 -0.01 0.11 -1.51
-83.8851 -0.4919 1.2823 152.67 0.84 -0.00 0.18 -8.34 -8.55 2.94 34.41 22.24 2.33 -22.44 -11.74 -0.00 0.00 0.00 -10.79 1.38 -2.30 -6.70 5.10 -0.33 8.64 -8.29 1.94 0.00 -0.00 0.00 -1.44 0.35 -0.93 -1.63 0.42 -1.09 -1.76 0.45 -1.18 -1.76 0.45 -1.18 -6.50 -2.08 1.05 -5.53 -1.78 0.88 5.12 11.46 2.19 -12.31 -4.65 80.15 23.59 8.94 8.50 -2.89 17.48 0.46 -0.12 17.55 -0.09 -8.01 6.98 5.10 -10.09 9.29 9.45 -0.00 0.00 0.00 2.00 -0.01 0.38 -0.02 -0.21 6.10 -0.02 -0.10 3.05 -0.00 0.00 0.00 0.00 0.00 0.84 0.00 0.00 10.76 0.00 0.00 5.47 -0.00 0.00 0.00 -2.00 0.07 2.08 0.24 0.61 19.05 0.18 0.30 9.97 -0.00 0.00 0.00 -4.00 0.05 0.73 0.12 0.67 9.79 0.09 0.33 4.96 4.71 7.52 -1.58 0.31 -2.34 -75.93 -8.97 12.68 -1.23 3.53 15.93 5.33 -0.07 4.21 -0.07 0.89 1.70 -1.37 1.24 2.56 -2.10 -0.00 -0.00 0.00 -2.00 -0.01 -0.18 0.01 -0.12 -3.43 0.01 -0.06 -1.70 -0.00 -0.00 0.00 0.00 -0.00 -0.29 0.00 -0.00 -4.96 0.00 -0.00 -2.47 -0.00 -0.00 0.00 2.00 0.01 -0.37 -0.02 0.21 -5.97 -0.02 0.10 -2.99 -0.00 -0.00 0.00 4.00 0.01 -0.16 -0.01 0.21 -3.05 -0.01 0.11 -1.51
-83.8993 -0.4695 1.7709 152.38 0.84 0.23 0.06 -6.78 -7.87 2.56 31.68 20.71 2.43 -22.42 -11.60 -0.00 -0.00 0.00 -10.99 1.49 -2.38 -6.26 4.33 -0.27 8.71 -7.86 1.82 -0.00 -0.00 -0.00 -1.37 0.33 -0.96 -1.56 0.39 -1.14 -1.68 0.43 -1.23 -1.68 0.43 -1.23 -6.38 -2.29 1.03 -5.43 -1.96 0.86 5.12 11.37 2.21 -12.22 -4.58 80.19 23.71 9.14 8.55 -2.90 17.53 0.47 -0.12 17.55 -0.09 -8.07 6.98 5.09 -10.18 9.27 9.44 0.00 0.00 0.00 2.00 -0.01 0.38 -0.02 -0.21 6.08 -0.02 -0.10 3.04 0.00 0.00 0.00 0.00 -0.00 0.84 0.00 -0.00 10.72 0.00 -0.00 5.45 0.00 0.00 0.00 -2.00 0.07 2.07 0.23 0.61 19.01 0.18 0.30 9.95 0.00 0.00 0.00 -4.00 0.05 0.73 0.12 0.67 9.78 0.09 0.33 4.95 4.72 7.47 -1.67 0.95 -2.51 -75.84 -8.73 12.29 -1.13 3.53 15.87 5.37 -0.07 4.22 -0.07 0.89 1.70 -1.35 1.24 2.57 -2.07 -0.00 0.00 0.00 -2.00 -0.01 -0.18 0.01 -0.12 -3.42 0.01 -0.06 -1.70 -0.00 0.00 0.00 0.00 -0.00 -0.29 0.00 -0.00 -4.95 0.00 -0.00 -2.47 -0.00 0.00 0.00 2.00 0.01 -0.37 -0.02 0.21 -5.97 -0.02 0.10 -2.98 -0.00 0.00 0.00 4.00 0.01 -0.16 -0.01 0.21 -3.04 -0.01 0.10 -1.51
-83.9181 -0.4476 2.2694 152.02 0.86 0.44 -0.10 -5.41 -7.04 2.04 29.02 18.85 2.57 -22.16 -11.29 0.00 -0.00 -0.00 -11.19 1.57 -2.44 -5.73 3.59 -0.22 8.74 -7.43 1.70 0.00 0.00 -0.00 -1.30 0.32 -0.99 -1.47 0.38 -1.18 -1.59 0.40 -1.27 -1.59 0.40 -1.27 -6.25 -2.49 1.02 -5.32 -2.13 0.85 5.14 11.30 2.26 -12.15 -4.55 80.23 23.80 9.40 8.60 -2.92 17.59 0.48 -0.12 17.57 -0.09 -8.13 6.98 5.07 -10.27 9.27 9.43 -0.00 -0.00 -0.00 2.00 -0.01 0.38 -0.02 -0.21 6.06 -0.02 -0.10 3.03 -0.00 -0.00 -0.00 0.00 -0.00 0.83 0.00 -0.00 10.66 0.00 0.00 5.41 -0.00 -0.00 -0.00 -2.00 0.07 2.06 0.23 0.61 18.94 0.18 0.30 9.91 -0.00 -0.00 -0.00 -4.00 0.05 0.73 0.12 0.67 9.77 0.09 0.33 4.95 4.73 7.43 -1.80 1.49 -2.71 -75.72 -8.61 11.92 -1.09 3.47 15.80 5.35 -0.06 4.24 -0.06 0.90 1.71 -1.35 1.26 2.58 -2.06 -0.00 -0.00 0.00 -2.00 -0.01 -0.18 0.01 -0.12 -3.42 0.01 -0.06 -1.69 -0.00 -0.00 0.00 0.00 -0.00 -0.29 0.00 -0.00 -4.95 0.00 -0.00 -2.47 -0.00 -0.00 0.00 2.00 0.01 -0.37 -0.02 0.21 -5.97 -0.02 0.10 -2.99 -0.00 -0.00 0.00 4.00 0.01 -0.16 -0.01 0.21 -3.04 -0.01 0.10 -1.51
-83.9511 -0.4260 2.7976 151.60 0.89 0.62 -0.24 -4.32 -6.08 1.56 26.67 16.83 2.64 -21.77 -10.81 0.00 0.00 -0.00 -11.37 1.57 -2.46 -5.18 2.97 -0.17 8.79 -7.01 1.57 -0.00 -0.00 -0.00 -1.22 0.30 -1.01 -1.38 0.36 -1.20 -1.50 0.39 -1.30 -1.50 0.39 -1.30 -6.13 -2.68 1.00 -5.22 -2.29 0.83 5.13 11.24 2.34 -12.09 -4.59 80.22 23.84 9.71 8.63 -2.95 17.65 0.48 -0.12 17.59 -0.09 -8.18 6.98 5.05 -10.33 9.26 9.41 0.00 0.00 0.00 2.00 -0.01 0.38 -0.02 -0.21 6.03 -0.02 -0.10 3.01 0.00 0.00 0.00 0.00 0.00 0.82 0.00 0.00 10.57 0.00 0.00 5.37 0.00 0.00 0.00 -2.00 0.07 2.05 0.23 0.60 18.86 0.18 0.29 9.87 0.00 0.00 0.00 -4.00 0.05 0.73 0.12 0.67 9.75 0.09 0.33 4.94 4.71 7.47 -1.99 1.94 -2.98 -75.55 -8.56 11.58 -1.08 3.37 15.73 5.32 -0.06 4.25 -0.06 0.90 1.71 -1.34 1.26 2.59 -2.05 0.00 0.00 -0.00 -2.00 -0.01 -0.18 0.01 -0.12 -3.42 0.01 -0.06 -1.69 0.00 0.00 -0.00 -0.00 -0.00 -0.29 0.00 0.00 -4.95 0.00 0.00 -2.47 0.00 0.00 -0.00 2.00 0.01 -0.37 -0.02 0.21 -5.98 -0.02 0.10 -2.99 0.00 0.00 -0.00 4.00 0.01 -0.16 -0.01 0.21 -3.05 -0.01 0.11 -1.51
-84.0163 -0.4072 3.3429 151.18 0.92 0.78 -0.34 -3.53 -5.04 1.22 24.66 14.77 2.56 -21.35 -10.21 -0.00 0.00 0.00 -11.55 1.46 -2.46 -4.62 2.53 -0.14 8.82 -6.61 1.44 -0.00 0.00 0.00 -1.14 0.30 -1.02 -1.30 0.35 -1.21 -1.40 0.38 -1.30 -1.40 0.38 -1.30 -6.00 -2.87 0.96 -5.11 -2.45 0.80 5.08 11.18 2.40 -12.05 -4.66 80.22 23.83 10.12 8.64 -3.01 17.72 0.45 -0.12 17.60 -0.09 -8.20 6.99 5.00 -10.38 9.26 9.34 0.00 0.00 -0.00 2.00 -0.01 0.37 -0.02 -0.21 5.98 -0.02 -0.10 2.99 0.00 0.00 -0.00 0.00 0.00 0.81 0.00 0.00 10.44 0.00 0.00 5.30 0.00 0.00 -0.00 -2.00 0.07 2.03 0.23 0.60 18.75 0.17 0.29 9.80 0.00 0.00 -0.00 -4.00 0.05 0.73 0.12 0.66 9.71 0.09 0.33 4.92 4.65 7.55 -2.25 2.31 -3.33 -75.41 -8.55 11.29 -1.07 3.23 15.68 5.28 -0.06 4.27 -0.05 0.92 1.72 -1.34 1.28 2.60 -2.06 0.00 0.00 -0.00 -2.00 -0.01 -0.18 0.01 -0.12 -3.42 0.01 -0.06 -1.70 0.00 0.00 -0.00 0.00 0.00 -0.29 -0.00 0.00 -4.96 0.00 0.00 -2.47 0.00 0.00 -0.00 2.00 0.01 -0.37 -0.02 0.21 -6.00 -0.02 0.10 -3.00 0.00 0.00 -0.00 4.00 0.01 -0.16 -0.01 0.21 -3.05 -0.01 0.11 -1.51
-84.1268 -0.3930 3.8769 150.79 0.95 0.93 -0.49 -2.97 -4.05 1.15 23.00 12.82 2.34 -20.95 -9.54 -0.00 -0.00 -0.00 -11.74 1.22 -2.48 -4.04 2.33 -0.11 8.82 -6.28 1.32 -0.00 -0.00 -0.00 -1.07 0.30 -1.01 -1.22 0.35 -1.20 -1.32 0.38 -1.30 -1.32 0.38 -1.30 -5.86 -3.03 0.90 -4.99 -2.59 0.75 5.00 11.13 2.40 -12.01 -4.73 80.23 23.78 10.54 8.62 -3.11 17.79 0.39 -0.12 17.61 -0.09 -8.20 6.99 4.96 -10.39 9.27 9.28 -0.00 -0.00 -0.00 2.00 -0.01 0.37 -0.02 -0.21 5.94 -0.02 -0.10 2.97 -0.00 -0.00 -0.00 0.00 0.00 0.80 0.00 0.00 10.34 0.00 0.00 5.24 -0.00 -0.00 -0.00 -2.00 0.07 2.01 0.23 0.60 18.66 0.17 0.29 9.76 -0.00 -0.00 -0.00 -4.00 0.05 0.72 0.12 0.66 9.68 0.09 0.33 4.90 4.54 7.70 -2.51 2.64 -3.77 -75.38 -8.56 11.10 -1.02 3.07 15.63 5.27 -0.06 4.30 -0.05 0.92 1.73 -1.35 1.29 2.61 -2.07 -0.00 0.00 0.00 -2.00 -0.01 -0.19 0.01 -0.12 -3.44 0.01 -0.06 -1.70 -0.00 0.00 0.00 0.00 0.00 -0.29 0.00 0.00 -4.99 0.00 0.00 -2.49 -0.00 0.00 0.00 2.00 0.01 -0.38 -0.02 0.21 -6.03 -0.02 0.10 -3.01 -0.00 0.00 0.00 4.00 0.01 -0.16 -0.01 0.21 -3.06 -0.01 0.11 -1.52
-84.3166 -0.3857 4.3598 150.46 0.97 1.04 -0.98 -2.57 -3.19 1.66 21.57 11.16 1.98 -20.60 -8.88 0.00 0.00 0.00 -11.93 0.81 -2.52 -3.45 2.49 -0.10 8.76 -6.08 1.24 0.00 0.00 -0.00 -1.01 0.31 -0.95 -1.16 0.36 -1.18 -1.25 0.39 -1.28 -1.25 0.39 -1.28 -5.72 -3.17 0.83 -4.87 -2.71 0.69 4.88 11.06 2.34 -11.95 -4.77 80.26 23.73 10.90 8.59 -3.22 17.86 0.30 -0.12 17.63 -0.09 -8.20 6.99 4.92 -10.39 9.27 9.22 0.00 0.00 -0.00 2.00 -0.01 0.37 -0.02 -0.20 5.91 -0.02 -0.10 2.95 0.00 0.00 -0.00 0.00 0.00 0.79 0.00 0.00 10.25 -0.00 0.00 5.20 0.00 0.00 -0.00 -2.00 0.07 2.00 0.22 0.60 18.60 0.17 0.29 9.72 0.00 0.00 -0.00 -4.00 0.05 0.72 0.12 0.66 9.66 0.09 0.33 4.89 4.39 7.88 -2.73 2.96 -4.25 -75.50 -8.58 10.99 -0.94 2.92 15.59 5.31 -0.06 4.31 -0.05 0.93 1.74 -1.36 1.29 2.62 -2.09 -0.00 0.00 0.00 -2.00 -0.01 -0.19 0.01 -0.12 -3.45 0.01 -0.06 -1.71 -0.00 0.00 0.00 0.00 0.00 -0.30 0.00 0.00 -5.02 0.00 0.00 -2.50 -0.00 0.00 0.00 2.00 0.01 -0.38 -0.02 0.21 -6.05 -0.02 0.10 -3.03 -0.00 0.00 0.00 4.00 0.01 -0.16 -0.01 0.21 -3.07 -0.01 0.11 -1.52
-84.5347 -0.3918 4.7962 150.21 0.97 1.14 -1.75 -2.27 -2.46 2.54 20.40 9.76 1.57 -20.33 -8.27 0.00 -0.00 -0.00 -12.13 0.24 -2.57 -2.84 3.00 -0.10 8.60 -6.03 1.16 0.00 0.00 0.00 -0.98 0.32 -0.88 -1.13 0.38 -1.16 -1.22 0.41 -1.25 -1.22 0.41 -1.25 -5.57 -3.29 0.76 -4.74 -2.81 0.63 4.72 10.99 2.23 -11.83 -4.74 80.29 23.69 11.14 8.57 -3.36 17.91 0.19 -0.12 17.64 -0.09 -8.20 7.00 4.88 -10.42 9.28 9.17 -0.00 -0.00 0.00 2.00 -0.01 0.36 -0.02 -0.20 5.89 -0.02 -0.10 2.94 -0.00 -0.00 0.00 -0.00 0.00 0.78 -0.00 0.00 10.21 -0.00 0.00 5.18 -0.00 -0.00 0.00 -2.00 0.07 2.00 0.22 0.60 18.61 0.17 0.29 9.73 -0.00 -0.00 0.00 -4.00 0.05 0.72 0.12 0.66 9.64 0.09 0.33 4.88 4.20 8.09 -2.84 3.29 -4.76 -75.85 -8.64 10.94 -0.82 2.81 15.57 5.39 -0.06 4.31 -0.05 0.93 1.74 -1.37 1.30 2.62 -2.10 -0.00 -0.00 0.00 -2.00 -0.01 -0.19 0.01 -0.12 -3.47 0.01 -0.06 -1.72 -0.00 -0.00 0.00 0.00 0.00 -0.30 0.00 0.00 -5.05 0.00 0.00 -2.52 -0.00 -0.00 0.00 2.00 0.01 -0.38 -0.02 0.21 -6.08 -0.02 0.10 -3.04 -0.00 -0.00 0.00 4.00 0.01 -0.16 -0.01 0.22 -3.08 -0.01 0.11 -1.53
-84.7388 -0.4112 5.2101 150.05 0.97 1.23 -2.59 -2.06 -1.83 3.50 19.45 8.54 1.17 -20.10 -7.72 -0.00 -0.00 -0.00 -12.34 -0.44 -2.61 -2.20 3.79 -0.10 8.37 -6.09 1.07 -0.00 0.00 -0.00 -0.97 0.34 -0.79 -1.12 0.40 -1.13 -1.21 0.44 -1.22 -1.21 0.44 -1.22 -5.42 -3.40 0.70 -4.61 -2.90 0.58 4.53 10.91 2.07 -11.63 -4.64 80.30 23.68 11.16 8.57 -3.49 17.96 0.11 -0.12 17.69 -0.09 -8.25 7.01 4.87 -10.48 9.29 9.17 0.00 0.00 0.00 2.00 -0.01 0.36 -0.02 -0.20 5.89 -0.02 -0.10 2.94 0.00 0.00 0.00 0.00 0.00 0.78 0.00 0.00 10.23 0.00 0.00 5.19 0.00 0.00 0.00 -2.00 0.07 2.01 0.23 0.60 18.67 0.17 0.29 9.76 0.00 0.00 0.00 -4.00 0.05 0.72 0.12 0.66 9.64 0.09 0.33 4.88 3.98 8.29 -2.85 3.62 -5.26 -76.40 -8.74 10.91 -0.70 2.73 15.56 5.48 -0.06 4.31 -0.06 0.92 1.74 -1.37 1.28 2.62 -2.10 -0.00 -0.00 -0.00 -2.00 -0.01 -0.19 0.01 -0.12 -3.50 0.01 -0.06 -1.73 -0.00 -0.00 -0.00 0.00 0.00 -0.30 0.00 0.00 -5.09 0.00 0.00 -2.54 -0.00 -0.00 -0.00 2.00 0.01 -0.38 -0.02 0.21 -6.12 -0.02 0.11 -3.06 -0.00 -0.00 -0.00 4.00 0.01 -0.16 -0.01 0.22 -3.10 -0.01 0.11 -1.54
-84.8958 -0.4425 5.6228 149.97 0.95 1.31 -3.31 -1.91 -1.26 4.26 18.71 7.45 0.83 -19.89 -7.25 0.00 -0.00 0.00 -12.58 -1.18 -2.60 -1.57 4.74 -0.10 8.09 -6.22 0.95 0.00 0.00 0.00 -0.97 0.37 -0.71 -1.13 0.43 -1.11 -1.22 0.47 -1.20 -1.22 0.47 -1.20 -5.27 -3.48 0.67 -4.48 -2.97 0.55 4.34 10.82 1.92 -11.36 -4.50 80.30 23.70 11.01 8.62 -3.60 17.98 0.07 -0.12 17.74 -0.09 -8.32 7.03 4.88 -10.56 9.30 9.19 -0.00 -0.00 0.00 2.00 -0.01 0.37 -0.02 -0.20 5.90 -0.02 -0.10 2.95 -0.00 -0.00 0.00 0.00 0.00 0.79 0.00 0.00 10.31 0.00 0.00 5.23 -0.00 -0.00 0.00 -2.00 0.07 2.03 0.23 0.60 18.79 0.17 0.29 9.83 -0.00 -0.00 0.00 -4.00 0.05 0.72 0.12 0.66 9.67 0.09 0.33 4.90 3.77 8.47 -2.76 3.85 -5.67 -77.06 -8.96 10.85 -0.62 2.64 15.58 5.53 -0.06 4.33 -0.06 0.90 1.74 -1.36 1.25 2.63 -2.08 0.00 0.00 0.00 -2.00 -0.01 -0.19 0.01 -0.12 -3.53 0.01 -0.06 -1.75 0.00 0.00 0.00 0.00 0.00 -0.31 0.00 0.00 -5.15 0.00 0.00 -2.57 0.00 0.00 0.00 2.00 0.01 -0.39 -0.02 0.22 -6.20 -0.02 0.11 -3.10 0.00 0.00 0.00 4.00 0.01 -0.17 -0.01 0.22 -3.15 -0.01 0.11 -1.56
-85.0102 -0.4933 6.1073 149.96 0.94 1.36 -3.66 -1.86 -0.65 4.62 18.12 6.42 0.46 -19.67 -6.84 -0.00 -0.00 0.00 -12.87 -2.09 -2.48 -0.93 5.98 -0.13 7.78 -6.46 0.78 -0.00 -0.00 0.00 -0.99 0.40 -0.61 -1.16 0.47 -1.08 -1.25 0.50 -1.17 -1.25 0.50 -1.17 -5.12 -3.56 0.66 -4.36 -3.04 0.54 4.17 10.75 1.79 -11.04 -4.36 80.26 23.73 10.71 8.70 -3.68 17.97 0.07 -0.11 17.81 -0.09 -8.41 7.05 4.88 -10.68 9.31 9.23 0.00 0.00 -0.00 2.00 -0.01 0.37 -0.02 -0.20 5.91 -0.02 -0.10 2.95 0.00 0.00 -0.00 0.00 0.00 0.80 0.00 0.00 10.36 0.00 0.00 5.26 0.00 0.00 -0.00 -2.00 0.07 2.05 0.23 0.60 18.87 0.18 0.29 9.87 0.00 0.00 -0.00 -4.00 0.05 0.73 0.12 0.66 9.70 0.09 0.33 4.91 3.57 8.63 -2.60 3.95 -5.99 -77.76 -9.29 10.74 -0.59 2.49 15.60 5.50 -0.07 4.35 -0.06 0.88 1.75 -1.34 1.23 2.64 -2.05 -0.00 0.00 -0.00 -2.00 -0.01 -0.19 0.01 -0.12 -3.55 0.01 -0.06 -1.76 -0.00 0.00 -0.00 0.00 0.00 -0.31 0.00 0.00 -5.20 0.00 0.00 -2.59 -0.00 0.00 -0.00 2.00 0.01 -0.40 -0.03 0.22 -6.28 -0.02 0.11 -3.14 -0.00 0.00 -0.00 4.00 0.01 -0.17 -0.01 0.22 -3.21 -0.01 0.11 -1.59
-85.0773 -0.5745 6.6053 150.02 0.93 1.40 -3.71 -1.84 -0.06 4.67 17.64 5.51 0.08 -19.45 -6.49 0.00 -0.00 -0.00 -13.21 -3.13 -2.28 -0.25 7.48 -0.18 7.41 -6.80 0.57 0.00 -0.00 -0.00 -1.04 0.43 -0.51 -1.20 0.50 -1.06 -1.30 0.54 -1.14 -1.30 0.54 -1.14 -5.00 -3.62 0.67 -4.25 -3.09 0.55 4.04 10.73 1.71 -10.68 -4.28 80.18 23.76 10.34 8.81 -3.71 17.93 0.12 -0.11 17.87 -0.09 -8.51 7.07 4.89 -10.81 9.31 9.27 -0.00 -0.00 0.00 2.00 -0.01 0.37 -0.02 -0.20 5.90 -0.02 -0.10 2.95 -0.00 -0.00 0.00 0.00 0.00 0.81 0.00 0.00 10.42 0.00 0.00 5.29 -0.00 -0.00 0.00 -2.00 0.07 2.06 0.23 0.61 18.95 0.18 0.30 9.92 -0.00 -0.00 0.00 -4.00 0.05 0.73 0.12 0.67 9.72 0.09 0.33 4.92 3.39 8.79 -2.38 3.90 -6.27 -78.47 -9.70 10.60 -0.61 2.27 15.62 5.39 -0.07 4.37 -0.06 0.86 1.76 -1.32 1.19 2.66 -2.03 -0.00 -0.00 -0.00 -2.00 -0.01 -0.19 0.01 -0.12 -3.58 0.01 -0.06 -1.77 -0.00 -0.00 -0.00 0.00 0.00 -0.31 0.00 0.00 -5.24 0.00 0.00 -2.61 -0.00 -0.00 -0.00 2.00 0.01 -0.40 -0.03 0.22 -6.36 -0.02 0.11 -3.18 -0.00 -0.00 -0.00 4.00 0.01 -0.18 -0.01 0.23 -3.27 -0.01 0.11 -1.62
-85.1271 -0.6952 7.0857 150.15 0.93 1.42 -3.59 -1.83 0.48 4.55 17.16 4.72 -0.32 -19.19 -6.20 0.00 0.00 -0.00 -13.60 -4.28 -2.03 0.45 9.24 -0.24 7.01 -7.24 0.37 -0.00 -0.00 0.00 -1.12 0.45 -0.43 -1.25 0.53 -1.02 -1.35 0.57 -1.11 -1.35 0.57 -1.11 -4.89 -3.68 0.69 -4.16 -3.14 0.57 3.93 10.74 1.66 -10.28 -4.23 80.07 23.73 9.96 8.92 -3.71 17.87 0.23 -0.12 17.89 -0.09 -8.63 7.07 4.84 -10.99 9.28 9.23 -0.00 -0.00 0.00 2.00 -0.01 0.36 -0.02 -0.20 5.86 -0.02 -0.10 2.93 -0.00 -0.00 0.00 0.00 0.00 0.80 0.00 0.00 10.37 0.00 0.00 5.26 -0.00 -0.00 0.00 -2.00 0.07 2.05 0.23 0.61 18.90 0.18 0.30 9.89 -0.00 -0.00 0.00 -4.00 0.05 0.73 0.12 0.67 9.72 0.09 0.33 4.92 3.23 8.94 -2.17 3.69 -6.51 -79.08 -10.16 10.47 -0.66 1.98 15.61 5.18 -0.07 4.39 -0.06 0.84 1.77 -1.31 1.17 2.67 -2.01 0.00 -0.00 0.00 -2.00 -0.01 -0.20 0.01 -0.12 -3.59 0.01 -0.06 -1.78 0.00 -0.00 0.00 0.00 0.00 -0.31 0.00 0.00 -5.26 0.00 0.00 -2.62 0.00 -0.00 0.00 2.00 0.01 -0.41 -0.03 0.22 -6.41 -0.02 0.11 -3.21 0.00 -0.00 0.00 4.00 0.01 -0.18 -0.01 0.23 -3.33 -0.01 0.12 -1.65
-85.1811 -0.8374 7.5341 150.29 0.93 1.35 -3.41 -1.82 1.03 4.37 16.71 4.06 -0.70 -18.94 -5.97 -0.00 0.00 0.00 -14.02 -5.50 -1.66 1.15 11.19 -0.35 6.59 -7.77 0.19 0.00 0.00 -0.00 -1.19 0.48 -0.28 -1.29 0.55 -0.98 -1.39 0.60 -1.06 -1.39 0.60 -1.06 -4.81 -3.72 0.70 -4.10 -3.17 0.58 3.85 10.77 1.64 -9.87 -4.23 79.95 23.65 9.64 9.02 -3.70 17.83 0.36 -0.12 17.93 -0.09 -8.74 7.08 4.79 -11.17 9.26 9.18 -0.00 -0.00 -0.00 2.00 -0.01 0.36 -0.02 -0.20 5.81 -0.02 -0.10 2.90 -0.00 -0.00 -0.00 0.00 0.00 0.79 0.00 0.00 10.28 0.00 0.00 5.22 -0.00 -0.00 -0.00 -2.00 0.07 2.04 0.23 0.60 18.82 0.17 0.29 9.84 -0.00 -0.00 -0.00 -4.00 0.05 0.73 0.12 0.66 9.71 0.09 0.33 4.92 3.08 9.11 -1.99 3.34 -6.74 -79.59 -10.69 10.45 -0.75 1.59 15.54 4.88 -0.07 4.42 -0.06 0.84 1.78 -1.31 1.17 2.68 -2.01 -0.00 -0.00 -0.00 -2.00 -0.01 -0.20 0.01 -0.13 -3.61 0.01 -0.06 -1.79 -0.00 -0.00 -0.00 0.00 0.00 -0.32 0.00 0.00 -5.29 0.00 0.00 -2.64 -0.00 -0.00 -0.00 2.00 0.01 -0.41 -0.03 0.23 -6.48 -0.02 0.11 -3.24 -0.00 -0.00 -0.00 4.00 0.01 -0.18 -0.01 0.24 -3.38 -0.01 0.12 -1.67
-85.2419 -0.9809 7.9820 150.33 0.93 1.18 -3.18 -1.86 1.62 4.23 16.32 3.52 -1.02 -18.67 -5.81 0.00 -0.00 0.00 -14.35 -6.73 -1.10 1.83 13.23 -0.55 6.19 -8.31 0.07 0.00 -0.00 -0.00 -1.14 0.51 -0.04 -1.31 0.58 -0.93 -1.42 0.63 -1.01 -1.42 0.63 -1.01 -4.77 -3.75 0.70 -4.06 -3.20 0.58 3.76 10.82 1.62 -9.46 -4.27 79.81 23.51 9.45 9.09 -3.70 17.84 0.50 -0.12 17.90 -0.10 -8.82 7.06 4.71 -11.30 9.22 9.08 0.00 0.00 -0.00 2.00 -0.01 0.35 -0.02 -0.20 5.75 -0.02 -0.10 2.87 0.00 0.00 -0.00 0.00 0.00 0.77 0.00 0.00 10.14 0.00 0.00 5.14 0.00 0.00 -0.00 -2.00 0.07 2.01 0.23 0.60 18.66 0.17 0.29 9.76 0.00 0.00 -0.00 -4.00 0.05 0.72 0.12 0.66 9.66 0.09 0.33 4.89 2.95 9.27 -1.86 2.94 -6.99 -79.99 -11.23 10.55 -0.83 1.14 15.45 4.56 -0.07 4.43 -0.06 0.87 1.79 -1.34 1.20 2.70 -2.05 0.00 -0.00 -0.00 -2.00 -0.01 -0.20 0.01 -0.13 -3.63 0.01 -0.06 -1.80 0.00 -0.00 -0.00 0.00 0.00 -0.32 0.00 0.00 -5.33 0.00 0.00 -2.66 0.00 -0.00 -0.00 2.00 0.01 -0.42 -0.03 0.23 -6.54 -0.02 0.11 -3.28 0.00 -0.00 -0.00 4.00 0.01 -0.18 -0.01 0.24 -3.41 -0.01 0.12 -1.69
-85.2901 -1.1044 8.3747 150.29 0.93 0.99 -2.97 -1.88 2.17 4.17 15.96 3.09 -1.28 -18.45 -5.70 0.00 -0.00 -0.00 -14.61 -7.95 -0.46 2.44 15.40 -0.85 5.88 -8.81 -0.03 0.00 -0.00 -0.00 -1.03 0.53 0.20 -1.33 0.60 -0.88 -1.43 0.65 -0.95 -1.43 0.65 -0.95 -4.76 -3.77 0.69 -4.05 -3.22 0.57 3.69 10.86 1.63 -9.09 -4.35 79.67 23.34 9.41 9.12 -3.72 17.91 0.60 -0.12 17.91 -0.10 -8.89 7.06 4.63 -11.42 9.20 8.98 -0.00 -0.00 0.00 2.00 -0.01 0.35 -0.02 -0.20 5.70 -0.02 -0.10 2.85 -0.00 -0.00 0.00 0.00 0.00 0.76 0.00 0.00 9.99 0.00 0.00 5.06 -0.00 -0.00 0.00 -2.00 0.07 1.98 0.22 0.60 18.49 0.17 0.29 9.66 -0.00 -0.00 0.00 -4.00 0.05 0.72 0.12 0.66 9.62 0.09 0.33 4.87 2.86 9.42 -1.76 2.55 -7.26 -80.30 -11.75 10.74 -0.92 0.69 15.33 4.29 -0.07 4.46 -0.06 0.88 1.80 -1.35 1.22 2.71 -2.07 -0.00 0.00 -0.00 -2.00 -0.01 -0.20 0.01 -0.13 -3.65 0.01 -0.06 -1.81 -0.00 0.00 -0.00 0.00 0.00 -0.32 0.00 0.00 -5.35 0.00 0.00 -2.67 -0.00 0.00 -0.00 2.00 0.01 -0.42 -0.03 0.23 -6.58 -0.02 0.11 -3.30 -0.00 0.00 -0.00 4.00 0.01 -0.19 -0.02 0.24 -3.43 -0.01 0.12 -1.70
-85.3060 -1.1995 8.6981 150.24 0.92 0.82 -2.82 -1.87 2.64 4.17 15.61 2.74 -1.49 -18.27 -5.63 -0.00 0.00 -0.00 -14.83 -9.16 0.24 2.93 17.63 -1.26 5.70 -9.22 -0.09 -0.00 0.00 0.00 -0.89 0.56 0.41 -1.32 0.63 -0.82 -1.43 0.68 -0.89 -1.43 0.68 -0.89 -4.80 -3.78 0.68 -4.08 -3.23 0.56 3.59 10.89 1.64 -8.74 -4.49 79.53 23.08 9.60 9.12 -3.77 18.04 0.61 -0.12 17.94 -0.10 -8.94 7.06 4.53 -11.53 9.20 8.84 0.00 0.00 0.00 2.00 -0.01 0.35 -0.02 -0.20 5.65 -0.01 -0.10 2.82 0.00 0.00 0.00 0.00 0.00 0.74 0.00 0.00 9.81 0.00 0.00 4.97 0.00 0.00 0.00 -2.00 0.07 1.94 0.22 0.59 18.29 0.17 0.29 9.55 0.00 0.00 0.00 -4.00 0.05 0.71 0.12 0.65 9.55 0.09 0.33 4.83 2.77 9.55 -1.69 2.23 -7.54 -80.58 -12.23 10.99 -0.99 0.27 15.20 4.11 -0.06 4.49 -0.06 0.90 1.81 -1.37 1.25 2.73 -2.09 0.00 -0.00 0.00 -2.00 -0.01 -0.20 0.01 -0.13 -3.66 0.01 -0.06 -1.82 0.00 -0.00 0.00 0.00 0.00 -0.32 0.00 0.00 -5.37 0.00 0.00 -2.68 0.00 -0.00 0.00 2.00 0.01 -0.43 -0.03 0.23 -6.63 -0.02 0.11 -3.32 0.00 -0.00 0.00 4.00 0.01 -0.18 -0.02 0.24 -3.43 -0.01 0.12 -1.70
-85.2871 -1.2654 8.9542 150.20 0.92 0.70 -2.73 -1.81 3.02 4.20 15.28 2.45 -1.64 -18.15 -5.58 0.00 -0.00 0.00 -15.05 -10.38 0.95 3.29 19.90 -1.77 5.62 -9.51 -0.14 0.00 -0.00 -0.00 -0.75 0.58 0.57 -1.31 0.65 -0.77 -1.41 0.70 -0.83 -1.41 0.70 -0.83 -4.86 -3.78 0.67 -4.14 -3.22 0.55 3.48 10.91 1.68 -8.42 -4.68 79.40 22.77 9.98 9.09 -3.85 18.21 0.54 -0.12 17.96 -0.10 -8.98 7.06 4.44 -11.61 9.20 8.71 0.00 -0.00 -0.00 2.00 -0.01 0.34 -0.02 -0.19 5.62 -0.01 -0.10 2.81 0.00 -0.00 -0.00 0.00 0.00 0.72 0.00 0.00 9.68 0.00 0.00 4.90 0.00 -0.00 -0.00 -2.00 0.07 1.92 0.22 0.59 18.13 0.16 0.29 9.46 0.00 -0.00 -0.00 -4.00 0.05 0.70 0.12 0.65 9.51 0.09 0.32 4.81 2.71 9.65 -1.64 2.10 -7.83 -80.86 -12.66 11.22 -1.08 -0.09 15.01 4.09 -0.05 4.58 -0.05 0.95 1.85 -1.39 1.32 2.79 -2.13 0.00 0.00 -0.00 -2.00 -0.01 -0.20 0.01 -0.13 -3.69 0.01 -0.06 -1.83 0.00 0.00 -0.00 -0.00 0.00 -0.33 -0.00 0.00 -5.42 -0.00 0.00 -2.71 0.00 0.00 -0.00 2.00 0.02 -0.43 -0.03 0.23 -6.71 -0.02 0.12 -3.36 0.00 0.00 -0.00 4.00 0.01 -0.18 -0.02 0.24 -3.43 -0.01 0.12 -1.70
-85.2275 -1.3076 9.1721 150.21 0.91 0.63 -2.70 -1.74 3.32 4.19 14.98 2.21 -1.74 -18.08 -5.57 -0.00 -0.00 0.00 -15.36 -11.66 1.69 3.57 22.23 -2.39 5.60 -9.76 -0.16 -0.00 -0.00 0.00 -0.65 0.59 0.67 -1.30 0.67 -0.71 -1.40 0.72 -0.77 -1.40 0.72 -0.77 -4.94 -3.77 0.65 -4.20 -3.21 0.53 3.39 10.91 1.73 -8.13 -4.89 79.27 22.41 10.45 9.02 -3.94 18.41 0.40 -0.12 17.98 -0.10 -9.01 7.07 4.37 -11.66 9.21 8.61 0.00 -0.00 0.00 2.00 -0.01 0.34 -0.02 -0.19 5.59 -0.01 -0.10 2.79 0.00 -0.00 0.00 0.00 0.00 0.71 0.00 0.00 9.57 0.00 0.00 4.84 0.00 -0.00 0.00 -2.00 0.07 1.89 0.21 0.58 18.01 0.16 0.29 9.39 0.00 -0.00 0.00 -4.00 0.05 0.70 0.12 0.65 9.47 0.09 0.32 4.79 2.68 9.74 -1.59 2.12 -8.09 -81.17 -13.04 11.35 -1.18 -0.37 14.83 4.20 -0.04 4.59 -0.04 0.98 1.85 -1.38 1.36 2.79 -2.13 0.00 0.00 0.00 -2.00 -0.01 -0.20 0.01 -0.13 -3.69 0.01 -0.06 -1.83 0.00 0.00 0.00 -0.00 0.00 -0.33 -0.00 0.00 -5.45 -0.00 0.00 -2.72 0.00 0.00 0.00 2.00 0.02 -0.44 -0.03 0.23 -6.75 -0.02 0.12 -3.38 0.00 0.00 0.00 4.00 0.01 -0.18 -0.01 0.24 -3.42 -0.01 0.12 -1.69
-85.1441 -1.3338 9.3578 150.31 0.89 0.62 -2.76 -1.64 3.54 4.15 14.71 2.00 -1.79 -18.03 -5.58 0.00 -0.00 -0.00 -15.77 -12.95 2.43 3.72 24.51 -3.09 5.56 -9.94 -0.15 -0.00 -0.00 0.00 -0.60 0.61 0.72 -1.29 0.68 -0.66 -1.39 0.74 -0.71 -1.39 0.74 -0.71 -5.02 -3.75 0.63 -4.27 -3.20 0.51 3.35 10.87 1.83 -7.88 -5.09 79.13 22.04 10.95 8.91 -4.05 18.60 0.25 -0.12 18.01 -0.10 -9.03 7.07 4.31 -11.70 9.22 8.52 0.00 0.00 0.00 2.00 -0.01 0.34 -0.02 -0.19 5.57 -0.01 -0.10 2.78 0.00 0.00 0.00 0.00 0.00 0.70 0.00 0.00 9.50 0.00 0.00 4.80 0.00 0.00 0.00 -2.00 0.07 1.88 0.21 0.58 17.93 0.16 0.28 9.35 0.00 0.00 0.00 -4.00 0.05 0.70 0.12 0.65 9.45 0.09 0.32 4.78 2.68 9.80 -1.53 2.25 -8.29 -81.49 -13.37 11.33 -1.29 -0.57 14.62 4.39 -0.03 4.59 -0.03 1.00 1.85 -1.37 1.40 2.79 -2.11 -0.00 0.00 -0.00 -2.00 -0.01 -0.20 0.01 -0.13 -3.69 0.01 -0.06 -1.83 -0.00 0.00 -0.00 -0.00 0.00 -0.33 -0.00 0.00 -5.48 -0.00 0.00 -2.73 -0.00 0.00 -0.00 2.00 0.02 -0.44 -0.03 0.23 -6.78 -0.02 0.12 -3.40 -0.00 0.00 -0.00 4.00 0.01 -0.18 -0.01 0.24 -3.40 -0.01 0.12 -1.69
-85.0508 -1.3489 9.5172 150.48 0.88 0.63 -2.92 -1.53 3.70 4.13 14.47 1.84 -1.81 -17.99 -5.61 -0.00 0.00 0.00 -16.23 -14.17 3.16 3.74 26.59 -3.84 5.44 -10.08 -0.10 0.00 0.00 -0.00 -0.58 0.61 0.74 -1.29 0.69 -0.60 -1.40 0.75 -0.65 -1.40 0.75 -0.65 -5.11 -3.72 0.59 -4.35 -3.17 0.48 3.32 10.80 1.92 -7.61 -5.31 79.01 21.67 11.44 8.73 -4.16 18.79 0.09 -0.12 18.03 -0.10 -9.03 7.08 4.28 -11.71 9.23 8.48 -0.00 0.00 0.00 2.00 -0.01 0.34 -0.02 -0.19 5.59 -0.01 -0.10 2.79 -0.00 0.00 0.00 0.00 0.00 0.70 0.00 0.00 9.47 0.00 0.00 4.79 -0.00 0.00 0.00 -2.00 0.07 1.88 0.21 0.58 17.90 0.16 0.28 9.33 -0.00 0.00 0.00 -4.00 0.05 0.70 0.12 0.65 9.44 0.09 0.32 4.77 2.70 9.83 -1.48 2.43 -8.41 -81.81 -13.66 11.17 -1.42 -0.71 14.43 4.62 -0.03 4.59 -0.03 1.01 1.85 -1.35 1.42 2.78 -2.08 0.00 0.00 0.00 -2.00 -0.01 -0.20 0.01 -0.13 -3.68 0.01 -0.06 -1.82 0.00 0.00 0.00 -0.00 0.00 -0.33 -0.00 -0.00 -5.49 -0.00 0.00 -2.74 0.00 0.00 0.00 2.00 0.02 -0.44 -0.03 0.23 -6.79 -0.02 0.12 -3.40 0.00 0.00 0.00 4.00 0.01 -0.18 -0.01 0.24 -3.38 -0.01 0.12 -1.68
-84.9436 -1.3572 9.6477 150.69 0.86 0.68 -3.19 -1.41 3.82 4.19 14.25 1.70 -1.82 -17.97 -5.64 -0.00 0.00 -0.00 -16.75 -15.31 3.83 3.63 28.37 -4.58 5.26 -10.18 -0.02 0.00 -0.00 0.00 -0.59 0.62 0.73 -1.30 0.70 -0.55 -1.41 0.76 -0.60 -1.41 0.76 -0.60 -5.20 -3.70 0.55 -4.42 -3.15 0.45 3.31 10.71 2.00 -7.36 -5.52 78.93 21.31 11.83 8.51 -4.28 18.94 -0.06 -0.12 18.05 -0.10 -9.02 7.09 4.27 -11.69 9.24 8.47 -0.00 -0.00 0.00 2.00 -0.01 0.34 -0.02 -0.19 5.61 -0.01 -0.10 2.80 -0.00 -0.00 0.00 -0.00 0.00 0.70 -0.00 0.00 9.50 -0.00 0.00 4.80 -0.00 -0.00 0.00 -2.00 0.07 1.88 0.21 0.58 17.92 0.16 0.28 9.34 -0.00 -0.00 0.00 -4.00 0.05 0.70 0.12 0.65 9.45 0.09 0.32 4.78 2.74 9.85 -1.44 2.64 -8.41 -82.10 -13.89 10.85 -1.57 -0.79 14.24 4.79 -0.02 4.56 -0.02 1.01 1.84 -1.33 1.41 2.77 -2.04 0.00 -0.00 -0.00 -2.00 -0.01 -0.20 0.01 -0.13 -3.66 0.01 -0.06 -1.81 0.00 -0.00 -0.00 0.00 0.00 -0.33 0.00 0.00 -5.47 0.00 0.00 -2.73 0.00 -0.00 -0.00 2.00 0.02 -0.44 -0.03 0.23 -6.77 -0.02 0.12 -3.39 0.00 -0.00 -0.00 4.00 0.01 -0.18 -0.01 0.23 -3.36 -0.01 0.12 -1.67
-84.8251 -1.3593 9.7492 150.95 0.84 0.74 -3.57 -1.25 3.89 4.32 14.04 1.60 -1.84 -17.94 -5.69 -0.00 -0.00 0.00 -17.36 -16.37 4.44 3.36 29.73 -5.28 5.13 -10.13 0.03 0.00 0.00 -0.00 -0.61 0.62 0.70 -1.32 0.71 -0.51 -1.42 0.76 -0.55 -1.42 0.76 -0.55 -5.28 -3.68 0.50 -4.50 -3.13 0.41 3.31 10.61 2.06 -7.14 -5.73 78.89 20.97 12.14 8.27 -4.38 19.06 -0.20 -0.12 18.07 -0.09 -9.00 7.10 4.29 -11.66 9.26 8.50 -0.00 -0.00 0.00 2.00 -0.01 0.35 -0.02 -0.20 5.65 -0.02 -0.10 2.82 -0.00 -0.00 0.00 -0.00 0.00 0.71 -0.00 0.00 9.56 -0.00 0.00 4.84 -0.00 -0.00 0.00 -2.00 0.07 1.89 0.21 0.58 17.99 0.16 0.28 9.38 -0.00 -0.00 0.00 -4.00 0.05 0.70 0.12 0.65 9.47 0.09 0.32 4.79 2.78 9.84 -1.42 2.85 -8.28 -82.33 -14.07 10.48 -1.71 -0.83 14.08 4.89 -0.02 4.53 -0.02 0.99 1.82 -1.30 1.39 2.74 -2.00 -0.00 -0.00 0.00 -2.00 -0.01 -0.20 0.01 -0.13 -3.63 0.01 -0.06 -1.80 -0.00 -0.00 0.00 0.00 0.00 -0.33 0.00 0.00 -5.44 0.00 0.00 -2.71 -0.00 -0.00 0.00 2.00 0.02 -0.44 -0.03 0.23 -6.73 -0.02 0.12 -3.37 -0.00 -0.00 0.00 4.00 0.01 -0.18 -0.01 0.23 -3.34 -0.01 0.12 -1.65
-84.7015 -1.3570 9.8239 151.25 0.81 0.82 -4.04 -1.08 3.93 4.51 13.83 1.53 -1.86 -17.92 -5.74 -0.00 -0.00 -0.00 -18.07 -17.32 4.96 2.99 30.64 -5.89 4.96 -10.08 0.07 0.00 0.00 -0.00 -0.66 0.62 0.66 -1.35 0.70 -0.47 -1.46 0.76 -0.50 -1.46 0.76 -0.50 -5.36 -3.65 0.45 -4.56 -3.12 0.36 3.32 10.48 2.11 -6.98 -5.93 78.89 20.68 12.35 8.04 -4.49 19.15 -0.32 -0.12 18.10 -0.09 -8.96 7.11 4.34 -11.60 9.29 8.57 0.00 -0.00 0.00 2.00 -0.01 0.35 -0.02 -0.20 5.70 -0.02 -0.10 2.85 0.00 -0.00 0.00 0.00 0.00 0.72 0.00 0.00 9.67 0.00 0.00 4.90 0.00 -0.00 0.00 -2.00 0.07 1.91 0.21 0.58 18.09 0.16 0.29 9.44 0.00 -0.00 0.00 -4.00 0.05 0.70 0.12 0.65 9.51 0.09 0.32 4.81 2.83 9.79 -1.41 3.03 -8.04 -82.51 -14.20 10.13 -1.84 -0.84 13.96 4.91 -0.03 4.49 -0.02 0.97 1.81 -1.29 1.36 2.72 -1.98 -0.00 -0.00 0.00 -2.00 -0.01 -0.20 0.01 -0.13 -3.61 0.01 -0.06 -1.79 -0.00 -0.00 0.00 0.00 0.00 -0.33 0.00 0.00 -5.40 0.00 0.00 -2.70 -0.00 -0.00 0.00 2.00 0.02 -0.43 -0.03 0.23 -6.69 -0.02 0.12 -3.35 -0.00 -0.00 0.00 4.00 0.01 -0.18 -0.01 0.23 -3.31 -0.01 0.11 -1.64
-84.5728 -1.3534 9.8693 151.59 0.79 0.91 -4.55 -0.89 3.95 4.70 13.62 1.47 -1.87 -17.91 -5.79 0.00 -0.00 -0.00 -18.86 -18.13 5.40 2.59 31.07 -6.39 4.79 -10.03 0.07 -0.00 -0.00 0.00 -0.72 0.61 0.62 -1.39 0.70 -0.43 -1.50 0.75 -0.47 -1.50 0.75 -0.47 -5.43 -3.64 0.39 -4.63 -3.10 0.31 3.32 10.34 2.13 -6.92 -6.16 78.94 20.46 12.46 7.83 -4.57 19.20 -0.44 -0.11 18.13 -0.09 -8.91 7.14 4.47 -11.48 9.32 8.75 0.00 0.00 -0.00 2.00 -0.01 0.36 -0.02 -0.20 5.80 -0.02 -0.10 2.90 0.00 0.00 -0.00 0.00 0.00 0.75 0.00 0.00 9.91 0.00 0.00 5.02 0.00 0.00 -0.00 -2.00 0.07 1.95 0.22 0.59 18.32 0.17 0.29 9.57 0.00 0.00 -0.00 -4.00 0.05 0.71 0.12 0.66 9.59 0.09 0.33 4.85 2.89 9.72 -1.42 3.19 -7.70 -82.63 -14.27 9.87 -1.96 -0.82 13.90 4.87 -0.03 4.45 -0.03 0.95 1.79 -1.29 1.33 2.70 -1.98 -0.00 0.00 -0.00 -2.00 -0.01 -0.20 0.01 -0.12 -3.58 0.01 -0.06 -1.78 -0.00 0.00 -0.00 0.00 0.00 -0.32 0.00 0.00 -5.36 0.00 0.00 -2.68 -0.00 0.00 -0.00 2.00 0.01 -0.43 -0.03 0.23 -6.64 -0.02 0.11 -3.33 -0.00 0.00 -0.00 4.00 0.01 -0.18 -0.01 0.23 -3.29 -0.01 0.11 -1.63
-84.4208 -1.3521 9.8825 151.94 0.77 1.00 -5.05 -0.67 3.96 4.86 13.40 1.41 -1.89 -17.89 -5.84 0.00 0.00 -0.00 -19.74 -18.80 5.78 2.20 31.07 -6.77 4.64 -10.00 0.01 -0.00 0.00 0.00 -0.79 0.60 0.57 -1.43 0.69 -0.40 -1.55 0.74 -0.43 -1.55 0.74 -0.43 -5.50 -3.62 0.32 -4.69 -3.09 0.25 3.32 10.19 2.12 -6.93 -6.40 79.04 20.31 12.49 7.66 -4.64 19.23 -0.55 -0.11 18.17 -0.09 -8.86 7.16 4.60 -11.36 9.36 8.95 0.00 -0.00 0.00 2.00 -0.01 0.37 -0.02 -0.20 5.91 -0.02 -0.10 2.95 0.00 -0.00 0.00 0.00 0.00 0.78 0.00 0.00 10.18 0.00 0.00 5.16 0.00 -0.00 0.00 -2.00 0.07 1.99 0.23 0.60 18.57 0.17 0.29 9.71 0.00 -0.00 0.00 -4.00 0.05 0.72 0.12 0.66 9.68 0.09 0.33 4.90 2.94 9.64 -1.44 3.37 -7.24 -82.71 -14.28 9.77 -2.04 -0.75 13.93 4.80 -0.04 4.39 -0.04 0.94 1.77 -1.30 1.31 2.67 -1.99 -0.00 0.00 0.00 -2.00 -0.01 -0.19 0.01 -0.12 -3.56 0.01 -0.06 -1.76 -0.00 0.00 0.00 -0.00 0.00 -0.32 -0.00 0.00 -5.32 -0.00 0.00 -2.65 -0.00 0.00 0.00 2.00 0.01 -0.42 -0.03 0.23 -6.59 -0.02 0.11 -3.30 -0.00 0.00 0.00 4.00 0.01 -0.17 -0.01 0.23 -3.27 -0.01 0.11 -1.62
-84.2534 -1.3547 9.8703 152.31 0.75 1.08 -5.49 -0.44 3.98 4.99 13.18 1.35 -1.93 -17.88 -5.89 0.00 -0.00 0.00 -20.76 -19.35 6.15 1.94 30.53 -6.95 4.59 -9.82 -0.17 0.00 0.00 0.00 -0.86 0.59 0.52 -1.49 0.67 -0.37 -1.61 0.73 -0.40 -1.61 0.73 -0.40 -5.57 -3.61 0.26 -4.74 -3.08 0.20 3.32 10.04 2.10 -6.98 -6.64 79.15 20.24 12.43 7.52 -4.68 19.22 -0.64 -0.11 18.23 -0.09 -8.82 7.19 4.75 -11.25 9.40 9.17 -0.00 -0.00 0.00 2.00 -0.01 0.38 -0.02 -0.21 6.03 -0.02 -0.10 3.02 -0.00 -0.00 0.00 0.00 0.00 0.81 0.00 0.00 10.46 0.00 0.00 5.31 -0.00 -0.00 0.00 -2.00 0.07 2.04 0.23 0.61 18.84 0.18 0.30 9.86 -0.00 -0.00 0.00 -4.00 0.05 0.73 0.12 0.67 9.78 0.09 0.33 4.95 2.98 9.56 -1.45 3.55 -6.69 -82.75 -14.22 9.82 -2.10 -0.67 14.03 4.75 -0.05 4.34 -0.04 0.92 1.75 -1.31 1.29 2.64 -2.01 0.00 -0.00 -0.00 -2.00 -0.01 -0.19 0.01 -0.12 -3.54 0.01 -0.06 -1.76 0.00 -0.00 -0.00 -0.00 0.00 -0.32 -0.00 0.00 -5.29 -0.00 0.00 -2.64 0.00 -0.00 -0.00 2.00 0.01 -0.42 -0.03 0.23 -6.54 -0.02 0.11 -3.28 0.00 -0.00 -0.00 4.00 0.01 -0.17 -0.01 0.23 -3.25 -0.01 0.11 -1.61
-84.0715 -1.3649 9.8398 152.71 0.73 1.15 -5.90 -0.20 4.02 5.07 12.96 1.29 -2.01 -17.87 -5.94 0.00 -0.00 -0.00 -21.97 -19.77 6.54 1.87 29.57 -6.96 4.53 -9.68 -0.43 -0.00 0.00 0.00 -0.95 0.57 0.48 -1.55 0.66 -0.34 -1.68 0.71 -0.37 -1.68 0.71 -0.37 -5.63 -3.60 0.20 -4.79 -3.07 0.15 3.33 9.88 2.07 -7.04 -6.86 79.27 20.23 12.30 7.42 -4.70 19.20 -0.71 -0.10 18.27 -0.08 -8.76 7.22 4.89 -11.12 9.44 9.38 -0.00 -0.00 -0.00 2.00 -0.01 0.39 -0.02 -0.21 6.15 -0.02 -0.11 3.08 -0.00 -0.00 -0.00 0.00 0.00 0.84 0.00 0.00 10.74 0.00 0.00 5.46 -0.00 -0.00 -0.00 -2.00 0.07 2.09 0.24 0.61 19.10 0.18 0.30 10.00 -0.00 -0.00 -0.00 -4.00 0.05 0.74 0.13 0.68 9.87 0.09 0.34 5.00 3.03 9.46 -1.45 3.71 -6.08 -82.77 -14.12 9.98 -2.13 -0.56 14.19 4.72 -0.05 4.30 -0.05 0.92 1.73 -1.33 1.28 2.61 -2.03 0.00 -0.00 0.00 -2.00 -0.01 -0.19 0.01 -0.12 -3.53 0.01 -0.06 -1.75 0.00 -0.00 0.00 -0.00 0.00 -0.31 -0.00 0.00 -5.26 -0.00 0.00 -2.62 0.00 -0.00 0.00 2.00 0.01 -0.42 -0.03 0.23 -6.51 -0.02 0.11 -3.26 0.00 -0.00 0.00 4.00 0.01 -0.17 -0.01 0.23 -3.25 -0.01 0.11 -1.61
-83.8726 -1.3809 9.7886 153.10 0.72 1.19 -6.23 0.05 4.09 5.12 12.74 1.23 -2.11 -17.85 -5.99 0.00 0.00 -0.00 -23.27 -20.10 6.94 1.97 28.29 -6.81 4.50 -9.57 -0.78 -0.00 -0.00 0.00 -1.03 0.56 0.43 -1.62 0.64 -0.32 -1.75 0.69 -0.34 -1.75 0.69 -0.34 -5.68 -3.60 0.15 -4.84 -3.07 0.10 3.34 9.73 2.04 -7.07 -7.08 79.39 20.30 12.09 7.34 -4.69 19.15 -0.78 -0.10 18.30 -0.08 -8.69 7.24 5.08 -10.96 9.48 9.65 0.00 0.00 -0.00 2.00 -0.01 0.40 -0.02 -0.22 6.31 -0.02 -0.11 3.16 0.00 0.00 -0.00 0.00 0.00 0.89 0.00 0.00 11.12 0.00 0.00 5.66 0.00 0.00 -0.00 -2.00 0.08 2.15 0.25 0.62 19.44 0.19 0.30 10.19 0.00 0.00 -0.00 -4.00 0.05 0.76 0.13 0.68 9.98 0.10 0.34 5.06 3.08 9.37 -1.44 3.86 -5.43 -82.78 -13.96 10.20 -2.12 -0.45 14.36 4.70 -0.06 4.25 -0.05 0.91 1.71 -1.34 1.27 2.59 -2.05 -0.00 0.00 0.00 -2.00 -0.01 -0.19 0.01 -0.12 -3.52 0.01 -0.06 -1.75 -0.00 0.00 0.00 -0.00 0.00 -0.31 -0.00 0.00 -5.24 -0.00 0.00 -2.61 -0.00 0.00 0.00 2.00 0.01 -0.41 -0.03 0.22 -6.47 -0.02 0.11 -3.24 -0.00 0.00 0.00 4.00 0.01 -0.17 -0.01 0.23 -3.24 -0.01 0.11 -1.60
-83.6395 -1.4050 9.7037 153.49 0.70 1.22 -6.52 0.35 4.19 5.13 12.48 1.16 -2.22 -17.83 -6.04 -0.00 0.00 0.00 -24.60 -20.36 7.30 2.19 26.80 -6.48 4.50 -9.46 -1.22 0.00 -0.00 -0.00 -1.12 0.54 0.39 -1.70 0.62 -0.30 -1.83 0.67 -0.32 -1.83 0.67 -0.32 -5.73 -3.61 0.11 -4.88 -3.08 0.07 3.37 9.58 2.00 -7.06 -7.29 79.49 20.46 11.82 7.29 -4.66 19.10 -0.84 -0.10 18.31 -0.08 -8.64 7.26 5.25 -10.84 9.50 9.90 0.00 -0.00 0.00 2.00 -0.01 0.41 -0.03 -0.22 6.46 -0.02 -0.11 3.23 0.00 -0.00 0.00 0.00 0.00 0.93 0.00 0.00 11.47 0.00 0.00 5.84 0.00 -0.00 0.00 -2.00 0.08 2.21 0.25 0.63 19.74 0.19 0.31 10.36 0.00 -0.00 0.00 -4.00 0.05 0.77 0.13 0.69 10.09 0.10 0.34 5.11 3.12 9.28 -1.42 3.98 -4.72 -82.79 -13.70 10.45 -2.05 -0.34 14.55 4.70 -0.06 4.20 -0.06 0.90 1.69 -1.35 1.27 2.56 -2.07 0.00 -0.00 -0.00 -2.00 -0.01 -0.19 0.01 -0.12 -3.51 0.01 -0.06 -1.74 0.00 -0.00 -0.00 -0.00 0.00 -0.31 -0.00 0.00 -5.21 -0.00 0.00 -2.60 0.00 -0.00 -0.00 2.00 0.01 -0.41 -0.03 0.22 -6.42 -0.02 0.11 -3.22 0.00 -0.00 -0.00 4.00 0.01 -0.17 -0.01 0.23 -3.24 -0.01 0.11 -1.60
-83.3806 -1.4378 9.5767 153.87 0.69 1.23 -6.78 0.70 4.30 5.16 12.19 1.10 -2.37 -17.82 -6.10 0.00 -0.00 -0.00 -25.88 -20.58 7.56 2.49 25.05 -5.89 4.58 -9.26 -1.76 -0.00 -0.00 0.00 -1.21 0.53 0.35 -1.77 0.61 -0.27 -1.91 0.65 -0.30 -1.91 0.65 -0.30 -5.79 -3.62 0.08 -4.93 -3.08 0.05 3.40 9.44 1.96 -7.02 -7.48 79.55 20.67 11.54 7.27 -4.64 19.06 -0.90 -0.10 18.30 -0.08 -8.58 7.26 5.38 -10.71 9.52 10.10 -0.00 0.00 0.00 2.00 -0.01 0.42 -0.03 -0.23 6.58 -0.02 -0.11 3.30 -0.00 0.00 0.00 0.00 0.00 0.97 0.00 0.00 11.77 -0.00 0.00 6.00 -0.00 0.00 0.00 -2.00 0.08 2.26 0.26 0.64 19.99 0.20 0.31 10.51 -0.00 0.00 0.00 -4.00 0.05 0.78 0.13 0.70 10.17 0.10 0.35 5.16 3.17 9.21 -1.41 4.06 -3.98 -82.79 -13.37 10.68 -1.94 -0.22 14.73 4.69 -0.07 4.15 -0.06 0.90 1.67 -1.35 1.26 2.53 -2.07 -0.00 -0.00 0.00 -2.00 -0.01 -0.19 0.01 -0.12 -3.49 0.01 -0.06 -1.73 -0.00 -0.00 0.00 -0.00 0.00 -0.31 -0.00 0.00 -5.16 -0.00 0.00 -2.57 -0.00 -0.00 0.00 2.00 0.01 -0.40 -0.03 0.22 -6.37 -0.02 0.11 -3.19 -0.00 -0.00 0.00 4.00 0.01 -0.17 -0.01 0.23 -3.23 -0.01 0.11 -1.60
-83.1076 -1.4796 9.4147 154.28 0.66 1.22 -7.06 1.09 4.44 5.21 11.88 1.04 -2.52 -17.81 -6.16 0.00 -0.00 -0.00 -27.05 -20.75 7.69 2.81 23.18 -5.09 4.72 -9.16 -2.37 0.00 -0.00 0.00 -1.31 0.52 0.31 -1.85 0.59 -0.25 -2.00 0.64 -0.27 -2.00 0.64 -0.27 -5.84 -3.63 0.06 -4.97 -3.09 0.03 3.44 9.32 1.92 -6.95 -7.66 79.60 20.93 11.26 7.26 -4.62 19.03 -0.95 -0.10 18.18 -0.08 -8.38 7.23 5.47 -10.41 9.52 10.17 0.00 0.00 -0.00 2.00 -0.02 0.43 -0.03 -0.23 6.69 -0.02 -0.11 3.35 0.00 0.00 -0.00 0.00 0.00 1.00 -0.00 0.00 12.02 -0.00 0.00 6.14 0.00 0.00 -0.00 -2.00 0.08 2.30 0.26 0.64 20.20 0.20 0.31 10.62 0.00 0.00 -0.00 -4.00 0.05 0.79 0.14 0.70 10.24 0.10 0.35 5.20 3.21 9.15 -1.40 4.11 -3.25 -82.78 -12.99 10.87 -1.80 -0.08 14.90 4.68 -0.08 4.10 -0.07 0.86 1.65 -1.34 1.20 2.50 -2.05 -0.00 0.00 -0.00 -2.00 -0.01 -0.19 0.01 -0.12 -3.47 0.01 -0.06 -1.72 -0.00 0.00 -0.00 -0.00 0.00 -0.30 -0.00 0.00 -5.12 -0.00 0.00 -2.55 -0.00 0.00 -0.00 2.00 0.01 -0.40 -0.03 0.22 -6.31 -0.02 0.11 -3.16 -0.00 0.00 -0.00 4.00 0.01 -0.17 -0.01 0.22 -3.22 -0.01 0.11 -1.59
-82.8236 -1.5311 9.2173 154.71 0.64 1.19 -7.39 1.53 4.59 5.26 11.53 0.98 -2.67 -17.82 -6.21 -0.00 0.00 0.00 -28.10 -20.89 7.72 3.10 21.32 -4.19 4.92 -9.16 -2.98 -0.00 -0.00 -0.00 -1.40 0.50 0.28 -1.94 0.58 -0.23 -2.10 0.63 -0.25 -2.10 0.63 -0.25 -5.90 -3.63 0.05 -5.03 -3.10 0.02 3.47 9.22 1.88 -6.84 -7.86 79.60 21.22 11.01 7.27 -4.63 19.00 -1.00 -0.10 18.09 -0.08 -8.20 7.21 5.55 -10.15 9.53 10.24 0.00 -0.00 -0.00 2.00 -0.02 0.44 -0.03 -0.23 6.80 -0.02 -0.12 3.41 0.00 -0.00 -0.00 -0.00 0.00 1.03 -0.00 0.00 12.27 -0.00 0.00 6.27 0.00 -0.00 -0.00 -2.00 0.08 2.34 0.27 0.64 20.40 0.21 0.31 10.74 0.00 -0.00 -0.00 -4.00 0.06 0.79 0.14 0.70 10.32 0.10 0.35 5.23 3.24 9.11 -1.40 4.15 -2.54 -82.76 -12.58 11.01 -1.64 0.09 15.06 4.65 -0.08 4.04 -0.07 0.86 1.63 -1.35 1.20 2.46 -2.06 0.00 -0.00 -0.00 -2.00 -0.01 -0.19 0.01 -0.12 -3.45 0.01 -0.06 -1.71 0.00 -0.00 -0.00 -0.00 0.00 -0.30 -0.00 0.00 -5.08 -0.00 0.00 -2.53 0.00 -0.00 -0.00 2.00 0.01 -0.39 -0.03 0.22 -6.26 -0.02 0.11 -3.13 0.00 -0.00 -0.00 4.00 0.01 -0.17 -0.01 0.22 -3.21 -0.01 0.11 -1.59
-82.5062 -1.5950 8.9626 155.15 0.61 1.14 -7.72 2.04 4.75 5.29 11.14 0.91 -2.79 -17.84 -6.27 -0.00 0.00 0.00 -28.98 -21.02 7.69 3.36 19.54 -3.30 5.15 -9.18 -3.52 -0.00 -0.00 0.00 -1.51 0.49 0.25 -2.04 0.57 -0.21 -2.20 0.62 -0.22 -2.20 0.62 -0.22 -5.97 -3.64 0.05 -5.08 -3.10 0.02 3.50 9.14 1.85 -6.73 -8.06 79.57 21.52 10.80 7.30 -4.65 18.99 -1.06 -0.10 18.01 -0.08 -8.07 7.19 5.64 -9.95 9.53 10.33 -0.00 0.00 0.00 2.00 -0.02 0.45 -0.03 -0.24 6.89 -0.02 -0.12 3.45 -0.00 0.00 0.00 -0.00 0.00 1.05 -0.00 0.00 12.47 -0.00 0.00 6.37 -0.00 0.00 0.00 -2.00 0.08 2.37 0.27 0.65 20.57 0.21 0.31 10.83 -0.00 0.00 0.00 -4.00 0.06 0.80 0.14 0.71 10.37 0.10 0.35 5.26 3.28 9.08 -1.41 4.19 -1.84 -82.74 -12.11 11.12 -1.46 0.26 15.23 4.60 -0.08 3.97 -0.08 0.85 1.60 -1.35 1.19 2.42 -2.07 -0.00 -0.00 0.00 -2.00 -0.01 -0.18 0.01 -0.12 -3.43 0.01 -0.06 -1.70 -0.00 -0.00 0.00 -0.00 0.00 -0.30 -0.00 0.00 -5.03 -0.00 0.00 -2.51 -0.00 -0.00 0.00 2.00 0.01 -0.39 -0.02 0.22 -6.19 -0.02 0.11 -3.10 -0.00 -0.00 0.00 4.00 0.01 -0.17 -0.01 0.22 -3.20 -0.01 0.11 -1.58
-82.1668 -1.6725 8.6612 155.61 0.59 1.07 -8.04 2.59 4.93 5.30 10.72 0.84 -2.90 -17.86 -6.33 -0.00 -0.00 -0.00 -29.63 -21.19 7.61 3.58 17.91 -2.49 5.33 -9.18 -3.93 0.00 0.00 -0.00 -1.61 0.49 0.23 -2.13 0.56 -0.19 -2.30 0.61 -0.20 -2.30 0.61 -0.20 -6.04 -3.64 0.06 -5.15 -3.10 0.03 3.53 9.09 1.84 -6.62 -8.27 79.51 21.82 10.64 7.35 -4.69 18.98 -1.12 -0.10 17.96 -0.08 -7.97 7.17 5.69 -9.81 9.54 10.38 -0.00 -0.00 -0.00 2.00 -0.02 0.45 -0.03 -0.24 6.95 -0.02 -0.12 3.49 -0.00 -0.00 -0.00 -0.00 0.00 1.07 -0.00 0.00 12.61 -0.00 0.00 6.45 -0.00 -0.00 -0.00 -2.00 0.08 2.40 0.28 0.65 20.70 0.21 0.31 10.91 -0.00 -0.00 -0.00 -4.00 0.06 0.81 0.14 0.71 10.42 0.11 0.35 5.29 3.32 9.06 -1.41 4.25 -1.17 -82.73 -11.59 11.19 -1.26 0.44 15.41 4.53 -0.09 3.92 -0.09 0.82 1.58 -1.34 1.14 2.39 -2.05 0.00 -0.00 -0.00 -2.00 -0.01 -0.18 0.01 -0.12 -3.41 0.01 -0.06 -1.69 0.00 -0.00 -0.00 -0.00 0.00 -0.29 -0.00 0.00 -4.98 -0.00 0.00 -2.48 0.00 -0.00 -0.00 2.00 0.01 -0.38 -0.02 0.21 -6.13 -0.02 0.11 -3.07 0.00 -0.00 -0.00 4.00 0.01 -0.17 -0.01 0.22 -3.18 -0.01 0.11 -1.58
-81.8174 -1.7636 8.3344 156.10 0.57 0.98 -8.37 3.17 5.13 5.28 10.31 0.77 -3.00 -17.89 -6.39 -0.00 0.00 0.00 -30.12 -21.39 7.53 3.76 16.50 -1.82 5.51 -9.21 -4.20 0.00 -0.00 -0.00 -1.71 0.48 0.20 -2.24 0.56 -0.17 -2.42 0.60 -0.19 -2.42 0.60 -0.19 -6.13 -3.64 0.10 -5.22 -3.10 0.06 3.58 9.06 1.85 -6.57 -8.49 79.45 22.09 10.53 7.42 -4.75 18.98 -1.19 -0.10 17.92 -0.08 -7.92 7.16 5.74 -9.72 9.54 10.44 -0.00 -0.00 -0.00 2.00 -0.02 0.46 -0.03 -0.24 7.01 -0.02 -0.12 3.52 -0.00 -0.00 -0.00 -0.00 0.00 1.09 -0.00 0.00 12.72 -0.00 0.00 6.51 -0.00 -0.00 -0.00 -2.00 0.08 2.42 0.28 0.65 20.80 0.21 0.31 10.96 -0.00 -0.00 -0.00 -4.00 0.06 0.81 0.14 0.71 10.46 0.11 0.36 5.31 3.37 9.05 -1.40 4.31 -0.55 -82.70 -11.05 11.24 -1.06 0.62 15.60 4.45 -0.10 3.87 -0.09 0.81 1.56 -1.35 1.13 2.36 -2.06 -0.00 0.00 -0.00 -2.00 -0.01 -0.18 0.01 -0.12 -3.40 0.01 -0.06 -1.68 -0.00 0.00 -0.00 -0.00 0.00 -0.29 -0.00 0.00 -4.94 0.00 0.00 -2.46 -0.00 0.00 -0.00 2.00 0.01 -0.38 -0.02 0.21 -6.08 -0.02 0.11 -3.04 -0.00 0.00 -0.00 4.00 0.01 -0.17 -0.01 0.22 -3.17 -0.01 0.11 -1.57
-81.4612 -1.8658 7.9932 156.60 0.55 0.88 -8.67 3.74 5.35 5.21 9.91 0.70 -3.08 -17.93 -6.45 0.00 -0.00 -0.00 -30.46 -21.61 7.47 3.89 15.35 -1.29 5.69 -9.26 -4.35 -0.00 -0.00 -0.00 -1.81 0.48 0.18 -2.34 0.55 -0.17 -2.53 0.60 -0.18 -2.53 0.60 -0.18 -6.24 -3.64 0.15 -5.31 -3.10 0.10 3.63 9.05 1.88 -6.57 -8.71 79.39 22.35 10.48 7.51 -4.82 18.98 -1.26 -0.10 17.89 -0.08 -7.88 7.15 5.77 -9.66 9.53 10.48 -0.00 -0.00 0.00 2.00 -0.02 0.46 -0.03 -0.24 7.05 -0.02 -0.12 3.54 -0.00 -0.00 0.00 -0.00 0.00 1.10 -0.00 0.00 12.79 -0.00 0.00 6.54 -0.00 -0.00 0.00 -2.00 0.08 2.43 0.28 0.65 20.85 0.21 0.32 10.99 -0.00 -0.00 0.00 -4.00 0.06 0.81 0.14 0.72 10.49 0.11 0.36 5.33 3.43 9.04 -1.37 4.37 0.01 -82.66 -10.52 11.27 -0.85 0.79 15.80 4.37 -0.10 3.80 -0.10 0.80 1.53 -1.36 1.12 2.32 -2.07 -0.00 -0.00 -0.00 -2.00 -0.01 -0.18 0.01 -0.12 -3.39 0.01 -0.06 -1.68 -0.00 -0.00 -0.00 -0.00 0.00 -0.29 -0.00 0.00 -4.92 0.00 0.00 -2.45 -0.00 -0.00 -0.00 2.00 0.01 -0.38 -0.02 0.21 -6.05 -0.02 0.10 -3.03 -0.00 -0.00 -0.00 4.00 0.01 -0.17 -0.01 0.22 -3.17 -0.01 0.11 -1.57
-81.0702 -1.9857 7.6068 157.08 0.54 0.76 -8.93 4.35 5.59 5.09 9.51 0.63 -3.13 -17.97 -6.53 0.00 -0.00 0.00 -30.69 -21.84 7.43 3.94 14.49 -0.90 5.84 -9.35 -4.43 -0.00 0.00 0.00 -1.90 0.47 0.15 -2.43 0.55 -0.16 -2.63 0.60 -0.18 -2.63 0.60 -0.18 -6.36 -3.63 0.22 -5.42 -3.10 0.16 3.70 9.06 1.91 -6.61 -8.92 79.33 22.60 10.47 7.60 -4.90 18.99 -1.32 -0.10 17.88 -0.08 -7.84 7.15 5.77 -9.61 9.54 10.47 -0.00 -0.00 0.00 2.00 -0.02 0.47 -0.03 -0.24 7.07 -0.02 -0.12 3.55 -0.00 -0.00 0.00 -0.00 0.00 1.10 -0.00 0.00 12.82 -0.00 0.00 6.56 -0.00 -0.00 0.00 -2.00 0.08 2.43 0.28 0.65 20.88 0.22 0.32 11.01 -0.00 -0.00 0.00 -4.00 0.06 0.82 0.14 0.72 10.51 0.11 0.36 5.34 3.49 9.04 -1.33 4.44 0.54 -82.64 -10.01 11.29 -0.64 0.99 16.00 4.28 -0.11 3.74 -0.11 0.77 1.51 -1.36 1.07 2.29 -2.06 -0.00 0.00 -0.00 -2.00 -0.01 -0.18 0.01 -0.12 -3.37 0.01 -0.06 -1.67 -0.00 0.00 -0.00 0.00 0.00 -0.29 -0.00 0.00 -4.88 0.00 0.00 -2.43 -0.00 0.00 -0.00 2.00 0.01 -0.37 -0.02 0.21 -6.00 -0.02 0.10 -3.00 -0.00 0.00 -0.00 4.00 0.01 -0.17 -0.01 0.22 -3.15 -0.01 0.11 -1.56
-80.6488 -2.1261 7.1690 157.54 0.53 0.64 -9.16 4.97 5.84 4.94 9.15 0.57 -3.13 -18.05 -6.61 0.00 0.00 -0.00 -30.82 -22.07 7.41 3.85 13.98 -0.63 6.00 -9.52 -4.49 0.00 0.00 -0.00 -1.99 0.47 0.12 -2.51 0.55 -0.17 -2.72 0.60 -0.18 -2.72 0.60 -0.18 -6.50 -3.62 0.29 -5.53 -3.09 0.22 3.77 9.08 1.95 -6.67 -9.10 79.27 22.82 10.47 7.68 -4.99 19.00 -1.37 -0.10 17.86 -0.08 -7.81 7.14 5.76 -9.57 9.54 10.44 -0.00 -0.00 0.00 2.00 -0.02 0.47 -0.03 -0.24 7.07 -0.02 -0.12 3.55 -0.00 -0.00 0.00 0.00 0.00 1.10 0.00 0.00 12.80 0.00 0.00 6.55 -0.00 -0.00 0.00 -2.00 0.08 2.43 0.28 0.65 20.86 0.22 0.32 11.00 -0.00 -0.00 0.00 -4.00 0.06 0.82 0.14 0.72 10.53 0.11 0.36 5.34 3.55 9.05 -1.30 4.51 1.05 -82.61 -9.55 11.29 -0.45 1.19 16.20 4.18 -0.12 3.69 -0.11 0.76 1.49 -1.37 1.06 2.26 -2.08 0.00 0.00 0.00 -2.00 -0.01 -0.18 0.01 -0.12 -3.36 0.01 -0.06 -1.67 0.00 0.00 0.00 0.00 0.00 -0.28 0.00 0.00 -4.85 0.00 0.00 -2.42 0.00 0.00 0.00 2.00 0.01 -0.37 -0.02 0.21 -5.97 -0.02 0.10 -2.99 0.00 0.00 0.00 4.00 0.01 -0.17 -0.01 0.22 -3.14 -0.01 0.11 -1.55
-80.2130 -2.2866 6.6890 157.96 0.52 0.50 -9.37 5.59 6.10 4.78 8.84 0.51 -3.09 -18.17 -6.69 0.00 -0.00 0.00 -30.93 -22.27 7.43 3.65 13.80 -0.46 6.10 -9.69 -4.57 -0.00 -0.00 0.00 -2.05 0.48 0.09 -2.58 0.55 -0.17 -2.78 0.60 -0.19 -2.78 0.60 -0.19 -6.66 -3.61 0.38 -5.67 -3.07 0.29 3.83 9.11 1.98 -6.74 -9.24 79.24 23.01 10.47 7.76 -5.08 19.01 -1.39 -0.10 17.84 -0.08 -7.79 7.14 5.73 -9.55 9.54 10.39 0.00 -0.00 0.00 2.00 -0.02 0.46 -0.03 -0.24 7.06 -0.02 -0.12 3.54 0.00 -0.00 0.00 0.00 0.00 1.09 0.00 0.00 12.76 0.00 0.00 6.53 0.00 -0.00 0.00 -2.00 0.08 2.42 0.28 0.65 20.83 0.21 0.32 10.98 0.00 -0.00 0.00 -4.00 0.06 0.82 0.14 0.72 10.53 0.11 0.36 5.35 3.60 9.05 -1.27 4.58 1.51 -82.55 -9.15 11.29 -0.27 1.37 16.37 4.10 -0.13 3.65 -0.12 0.75 1.47 -1.38 1.05 2.23 -2.09 -0.00 0.00 -0.00 -2.00 -0.01 -0.18 0.01 -0.12 -3.35 0.01 -0.06 -1.66 -0.00 0.00 -0.00 0.00 0.00 -0.28 0.00 0.00 -4.84 0.00 0.00 -2.41 -0.00 0.00 -0.00 2.00 0.01 -0.37 -0.02 0.21 -5.95 -0.02 0.10 -2.98 -0.00 0.00 -0.00 4.00 0.01 -0.17 -0.01 0.22 -3.13 -0.01 0.11 -1.55
-79.7668 -2.4645 6.1707 158.31 0.51 0.35 -9.56 6.20 6.35 4.62 8.61 0.47 -2.99 -18.33 -6.78 0.00 -0.00 0.00 -31.08 -22.49 7.50 3.36 13.96 -0.37 6.18 -9.89 -4.67 -0.00 -0.00 -0.00 -2.10 0.47 0.06 -2.62 0.55 -0.18 -2.83 0.60 -0.19 -2.83 0.60 -0.19 -6.83 -3.57 0.46 -5.82 -3.05 0.37 3.87 9.14 2.01 -6.78 -9.33 79.21 23.13 10.48 7.80 -5.16 19.03 -1.39 -0.10 17.79 -0.08 -7.76 7.11 5.66 -9.54 9.52 10.26 0.00 0.00 -0.00 2.00 -0.02 0.46 -0.03 -0.24 7.02 -0.02 -0.12 3.52 0.00 0.00 -0.00 0.00 0.00 1.07 0.00 0.00 12.62 0.00 0.00 6.45 0.00 0.00 -0.00 -2.00 0.08 2.40 0.28 0.65 20.70 0.21 0.31 10.91 0.00 0.00 -0.00 -4.00 0.06 0.82 0.14 0.72 10.51 0.11 0.36 5.33 3.66 9.05 -1.26 4.65 1.94 -82.45 -8.81 11.28 -0.13 1.52 16.52 4.01 -0.13 3.62 -0.12 0.74 1.46 -1.38 1.03 2.22 -2.10 0.00 0.00 0.00 -2.00 -0.01 -0.18 0.01 -0.12 -3.35 0.01 -0.06 -1.66 0.00 0.00 0.00 -0.00 0.00 -0.28 0.00 0.00 -4.82 0.00 0.00 -2.40 0.00 0.00 0.00 2.00 0.01 -0.37 -0.02 0.21 -5.93 -0.02 0.10 -2.96 0.00 0.00 0.00 4.00 0.01 -0.17 -0.01 0.22 -3.12 -0.01 0.11 -1.55
-79.3044 -2.6612 5.6007 158.60 0.51 0.19 -9.77 6.82 6.60 4.50 8.42 0.43 -2.83 -18.54 -6.87 0.00 -0.00 -0.00 -31.30 -22.71 7.63 3.05 14.41 -0.33 6.26 -10.08 -4.79 0.00 0.00 0.00 -2.14 0.47 0.03 -2.65 0.55 -0.19 -2.86 0.60 -0.20 -2.86 0.60 -0.20 -7.02 -3.53 0.55 -5.97 -3.01 0.44 3.91 9.17 2.04 -6.79 -9.37 79.17 23.20 10.50 7.82 -5.25 19.05 -1.35 -0.10 17.76 -0.08 -7.76 7.10 5.57 -9.58 9.50 10.12 -0.00 0.00 -0.00 2.00 -0.02 0.45 -0.03 -0.24 6.95 -0.02 -0.12 3.49 -0.00 0.00 -0.00 0.00 0.00 1.05 0.00 0.00 12.44 0.00 0.00 6.36 -0.00 0.00 -0.00 -2.00 0.08 2.36 0.27 0.65 20.53 0.21 0.31 10.81 -0.00 0.00 -0.00 -4.00 0.06 0.81 0.14 0.71 10.47 0.11 0.36 5.31 3.71 9.05 -1.27 4.78 2.36 -82.34 -8.53 11.25 -0.02 1.63 16.63 3.94 -0.13 3.61 -0.13 0.73 1.46 -1.38 1.02 2.21 -2.10 -0.00 0.00 -0.00 -2.00 -0.01 -0.18 0.01 -0.12 -3.35 0.01 -0.06 -1.66 -0.00 0.00 -0.00 0.00 0.00 -0.28 0.00 0.00 -4.81 0.00 0.00 -2.39 -0.00 0.00 -0.00 2.00 0.01 -0.37 -0.02 0.20 -5.91 -0.02 0.10 -2.96 -0.00 0.00 -0.00 4.00 0.01 -0.16 -0.01 0.22 -3.11 -0.01 0.11 -1.54
-78.8137 -2.8891 4.9577 158.81 0.50 0.02 -9.99 7.44 6.82 4.37 8.35 0.42 -2.57 -18.84 -6.97 0.00 0.00 0.00 -31.61 -22.90 7.80 2.76 15.08 -0.35 6.37 -10.26 -4.89 -0.00 -0.00 -0.00 -2.15 0.47 0.01 -2.66 0.55 -0.19 -2.87 0.60 -0.21 -2.87 0.60 -0.21 -7.20 -3.47 0.63 -6.13 -2.96 0.51 3.93 9.19 2.06 -6.78 -9.38 79.13 23.20 10.58 7.81 -5.32 19.08 -1.29 -0.10 17.72 -0.08 -7.77 7.08 5.47 -9.62 9.47 9.97 0.00 0.00 0.00 2.00 -0.02 0.45 -0.03 -0.24 6.86 -0.02 -0.12 3.44 0.00 0.00 0.00 0.00 0.00 1.02 0.00 0.00 12.21 0.00 0.00 6.24 0.00 0.00 0.00 -2.00 0.08 2.32 0.27 0.64 20.31 0.20 0.31 10.69 0.00 0.00 0.00 -4.00 0.06 0.81 0.14 0.71 10.41 0.11 0.35 5.29 3.75 9.04 -1.30 4.94 2.75 -82.21 -8.31 11.20 0.06 1.70 16.71 3.87 -0.13 3.63 -0.13 0.73 1.46 -1.37 1.01 2.22 -2.08 0.00 0.00 0.00 -2.00 -0.01 -0.18 0.01 -0.12 -3.34 0.01 -0.06 -1.66 0.00 0.00 0.00 0.00 0.00 -0.28 0.00 0.00 -4.79 0.00 0.00 -2.39 0.00 0.00 0.00 2.00 0.01 -0.37 -0.02 0.20 -5.90 -0.02 0.10 -2.95 0.00 0.00 0.00 4.00 0.01 -0.16 -0.01 0.22 -3.11 -0.01 0.11 -1.54
-78.3219 -3.1228 4.2664 158.93 0.50 -0.15 -10.19 8.02 7.01 4.25 8.40 0.41 -2.24 -19.20 -7.08 0.00 0.00 0.00 -31.90 -23.02 7.97 2.50 15.83 -0.41 6.44 -10.23 -4.96 -0.00 0.00 0.00 -2.16 0.47 -0.02 -2.66 0.55 -0.21 -2.87 0.59 -0.23 -2.87 0.59 -0.23 -7.37 -3.39 0.72 -6.27 -2.89 0.59 3.96 9.19 2.10 -6.77 -9.35 79.10 23.14 10.72 7.77 -5.40 19.12 -1.22 -0.10 17.69 -0.08 -7.79 7.06 5.36 -9.68 9.45 9.80 -0.00 0.00 -0.00 2.00 -0.02 0.44 -0.03 -0.23 6.77 -0.02 -0.12 3.39 -0.00 0.00 -0.00 0.00 0.00 0.99 0.00 0.00 11.96 0.00 0.00 6.10 -0.00 0.00 -0.00 -2.00 0.08 2.27 0.26 0.64 20.07 0.20 0.31 10.55 -0.00 0.00 -0.00 -4.00 0.06 0.80 0.14 0.71 10.36 0.10 0.35 5.25 3.80 9.02 -1.36 5.13 3.13 -82.03 -8.14 11.14 0.11 1.75 16.75 3.80 -0.13 3.62 -0.13 0.72 1.46 -1.37 1.01 2.21 -2.08 -0.00 -0.00 -0.00 -2.00 -0.01 -0.18 0.01 -0.12 -3.34 0.01 -0.06 -1.66 -0.00 -0.00 -0.00 0.00 0.00 -0.28 0.00 0.00 -4.78 0.00 0.00 -2.38 -0.00 -0.00 -0.00 2.00 0.01 -0.36 -0.02 0.20 -5.88 -0.02 0.10 -2.94 -0.00 -0.00 -0.00 4.00 0.01 -0.16 -0.01 0.22 -3.10 -0.01 0.11 -1.54
-77.8417 -3.3258 3.5419 158.99 0.50 -0.30 -10.37 8.55 7.15 4.13 8.58 0.43 -1.87 -19.64 -7.17 -0.00 0.00 -0.00 -32.17 -23.07 8.13 2.30 16.61 -0.52 6.44 -10.05 -4.99 -0.00 -0.00 0.00 -2.15 0.46 -0.06 -2.64 0.54 -0.23 -2.85 0.58 -0.25 -2.85 0.58 -0.25 -7.53 -3.29 0.80 -6.41 -2.81 0.66 3.99 9.19 2.14 -6.78 -9.30 79.05 23.00 10.97 7.72 -5.50 19.20 -1.14 -0.11 17.65 -0.09 -7.80 7.04 5.21 -9.75 9.42 9.58 0.00 -0.00 -0.00 2.00 -0.01 0.43 -0.03 -0.23 6.64 -0.02 -0.11 3.33 0.00 -0.00 -0.00 0.00 0.00 0.95 0.00 0.00 11.61 0.00 0.00 5.91 0.00 -0.00 -0.00 -2.00 0.08 2.21 0.26 0.63 19.74 0.19 0.31 10.36 0.00 -0.00 -0.00 -4.00 0.06 0.79 0.14 0.70 10.27 0.10 0.35 5.21 3.84 9.00 -1.44 5.40 3.49 -81.84 -8.03 11.07 0.15 1.77 16.78 3.74 -0.13 3.61 -0.13 0.72 1.46 -1.37 1.00 2.21 -2.08 -0.00 0.00 -0.00 -2.00 -0.01 -0.18 0.01 -0.12 -3.34 0.01 -0.06 -1.66 -0.00 0.00 -0.00 0.00 -0.00 -0.28 0.00 0.00 -4.78 0.00 0.00 -2.38 -0.00 0.00 -0.00 2.00 0.01 -0.36 -0.02 0.20 -5.88 -0.02 0.10 -2.94 -0.00 0.00 -0.00 4.00 0.01 -0.16 -0.01 0.22 -3.10 -0.01 0.11 -1.53
-77.4003 -3.4942 2.7910 159.00 0.50 -0.42 -10.53 8.99 7.22 4.01 8.90 0.47 -1.49 -20.13 -7.26 0.00 -0.00 0.00 -32.45 -23.11 8.30 2.17 17.40 -0.67 6.38 -9.74 -4.97 0.00 0.00 0.00 -2.15 0.45 -0.09 -2.63 0.53 -0.26 -2.84 0.57 -0.28 -2.84 0.57 -0.28 -7.67 -3.18 0.88 -6.53 -2.72 0.72 4.02 9.19 2.18 -6.82 -9.24 79.02 22.80 11.32 7.65 -5.59 19.28 -1.07 -0.11 17.61 -0.09 -7.81 7.01 5.08 -9.80 9.39 9.37 0.00 -0.00 -0.00 2.00 -0.01 0.42 -0.03 -0.22 6.51 -0.02 -0.11 3.26 0.00 -0.00 -0.00 0.00 0.00 0.91 0.00 0.00 11.28 0.00 0.00 5.74 0.00 -0.00 -0.00 -2.00 0.08 2.15 0.25 0.62 19.42 0.19 0.30 10.19 0.00 -0.00 -0.00 -4.00 0.05 0.78 0.14 0.70 10.17 0.10 0.35 5.16 3.89 8.98 -1.55 5.71 3.82 -81.63 -7.93 10.98 0.16 1.78 16.79 3.69 -0.13 3.60 -0.13 0.72 1.45 -1.36 1.00 2.20 -2.07 0.00 0.00 -0.00 -2.00 -0.01 -0.18 0.01 -0.12 -3.34 0.01 -0.06 -1.65 0.00 0.00 -0.00 0.00 0.00 -0.28 0.00 0.00 -4.77 0.00 0.00 -2.38 0.00 0.00 -0.00 2.00 0.01 -0.36 -0.02 0.20 -5.87 -0.02 0.10 -2.94 0.00 0.00 -0.00 4.00 0.01 -0.16 -0.01 0.22 -3.10 -0.01 0.11 -1.53
-76.9772 -3.6571 1.9806 159.00 0.51 -0.52 -10.66 9.35 7.22 3.88 9.44 0.55 -1.11 -20.72 -7.33 0.00 -0.00 -0.00 -32.89 -23.23 8.50 2.12 18.39 -0.90 6.32 -9.40 -4.91 -0.00 -0.00 -0.00 -2.14 0.44 -0.13 -2.62 0.51 -0.29 -2.82 0.55 -0.32 -2.82 0.55 -0.32 -7.80 -3.07 0.94 -6.64 -2.62 0.78 4.05 9.19 2.23 -6.91 -9.18 79.00 22.56 11.73 7.56 -5.68 19.37 -1.00 -0.11 17.68 -0.09 -7.93 7.03 4.97 -10.00 9.39 9.23 0.00 -0.00 0.00 2.00 -0.01 0.41 -0.03 -0.22 6.40 -0.02 -0.11 3.20 0.00 -0.00 0.00 0.00 0.00 0.87 0.00 0.00 10.99 0.00 0.00 5.59 0.00 -0.00 0.00 -2.00 0.07 2.10 0.24 0.61 19.16 0.18 0.30 10.04 0.00 -0.00 0.00 -4.00 0.05 0.77 0.13 0.69 10.09 0.10 0.34 5.12 3.93 8.97 -1.66 6.04 4.09 -81.43 -7.84 10.88 0.16 1.80 16.80 3.63 -0.13 3.58 -0.13 0.71 1.45 -1.35 0.99 2.19 -2.05 -0.00 0.00 0.00 -2.00 -0.01 -0.18 0.01 -0.12 -3.33 0.01 -0.06 -1.65 -0.00 0.00 0.00 0.00 0.00 -0.28 0.00 0.00 -4.76 0.00 0.00 -2.37 -0.00 0.00 0.00 2.00 0.01 -0.36 -0.02 0.20 -5.85 -0.02 0.10 -2.92 -0.00 0.00 0.00 4.00 0.01 -0.16 -0.01 0.22 -3.09 -0.01 0.11 -1.53
-76.5946 -3.8179 1.1426 159.03 0.52 -0.59 -10.82 9.61 7.14 3.74 10.14 0.68 -0.74 -21.37 -7.38 -0.00 -0.00 -0.00 -33.47 -23.45 8.73 2.08 19.55 -1.22 6.31 -8.91 -4.80 0.00 -0.00 -0.00 -2.15 0.42 -0.19 -2.62 0.50 -0.34 -2.83 0.54 -0.37 -2.83 0.54 -0.37 -7.90 -2.96 1.02 -6.72 -2.53 0.84 4.09 9.20 2.27 -7.05 -9.12 79.02 22.28 12.17 7.45 -5.76 19.46 -0.96 -0.11 17.71 -0.09 -8.02 7.03 4.87 -10.15 9.38 9.10 -0.00 0.00 0.00 2.00 -0.01 0.40 -0.03 -0.22 6.29 -0.02 -0.11 3.15 -0.00 0.00 0.00 0.00 0.00 0.84 0.00 0.00 10.73 0.00 0.00 5.45 -0.00 0.00 0.00 -2.00 0.07 2.06 0.23 0.61 18.92 0.18 0.30 9.90 -0.00 0.00 0.00 -4.00 0.05 0.76 0.13 0.69 10.03 0.10 0.34 5.08 3.98 8.98 -1.76 6.39 4.31 -81.22 -7.74 10.78 0.16 1.83 16.81 3.58 -0.14 3.56 -0.13 0.71 1.44 -1.35 0.98 2.18 -2.05 0.00 -0.00 0.00 -2.00 -0.01 -0.18 0.01 -0.12 -3.33 0.01 -0.06 -1.65 0.00 -0.00 0.00 0.00 0.00 -0.28 0.00 0.00 -4.75 0.00 0.00 -2.36 0.00 -0.00 0.00 2.00 0.01 -0.36 -0.02 0.20 -5.84 -0.02 0.10 -2.92 0.00 -0.00 0.00 4.00 0.01 -0.16 -0.01 0.22 -3.08 -0.01 0.11 -1.53
-76.2607 -3.9685 0.2931 159.09 0.55 -0.64 -11.02 9.78 6.99 3.60 10.97 0.84 -0.39 -22.06 -7.43 0.00 0.00 -0.00 -34.17 -23.73 8.97 2.03 20.80 -1.61 6.38 -8.38 -4.62 -0.00 -0.00 0.00 -2.18 0.41 -0.24 -2.65 0.48 -0.40 -2.86 0.52 -0.43 -2.86 0.52 -0.43 -7.99 -2.86 1.09 -6.80 -2.45 0.90 4.15 9.23 2.32 -7.25 -9.04 79.07 21.99 12.58 7.34 -5.83 19.53 -0.94 -0.11 17.70 -0.09 -8.06 7.02 4.75 -10.24 9.36 8.93 0.00 0.00 0.00 2.00 -0.01 0.39 -0.02 -0.21 6.18 -0.02 -0.11 3.09 0.00 0.00 0.00 -0.00 0.00 0.81 -0.00 0.00 10.47 -0.00 0.00 5.31 0.00 0.00 0.00 -2.00 0.07 2.02 0.23 0.60 18.71 0.17 0.29 9.78 0.00 0.00 0.00 -4.00 0.05 0.75 0.13 0.68 9.96 0.10 0.34 5.05 4.03 8.99 -1.83 6.70 4.48 -81.04 -7.64 10.68 0.17 1.87 16.84 3.53 -0.14 3.53 -0.13 0.70 1.42 -1.35 0.97 2.16 -2.05 0.00 -0.00 -0.00 -2.00 -0.01 -0.18 0.01 -0.12 -3.32 0.01 -0.06 -1.65 0.00 -0.00 -0.00 0.00 0.00 -0.28 0.00 0.00 -4.74 0.00 0.00 -2.36 0.00 -0.00 -0.00 2.00 0.01 -0.36 -0.02 0.20 -5.83 -0.02 0.10 -2.91 0.00 -0.00 -0.00 4.00 0.01 -0.16 -0.01 0.21 -3.08 -0.01 0.11 -1.53
-76.0125 -4.1024 -0.5752 159.19 0.59 -0.68 -11.30 9.86 6.74 3.54 11.93 1.10 -0.08 -22.76 -7.47 -0.00 -0.00 0.00 -34.92 -24.00 9.21 1.95 22.07 -2.08 6.51 -7.83 -4.39 0.00 -0.00 0.00 -2.22 0.40 -0.30 -2.69 0.47 -0.46 -2.91 0.50 -0.50 -2.91 0.50 -0.50 -8.06 -2.78 1.16 -6.86 -2.38 0.96 4.21 9.27 2.38 -7.51 -8.93 79.13 21.68 12.91 7.23 -5.89 19.58 -0.94 -0.12 17.68 -0.09 -8.08 7.00 4.64 -10.30 9.34 8.76 -0.00 0.00 -0.00 2.00 -0.01 0.38 -0.02 -0.21 6.08 -0.02 -0.10 3.04 -0.00 0.00 -0.00 -0.00 0.00 0.79 -0.00 0.00 10.26 -0.00 0.00 5.21 -0.00 0.00 -0.00 -2.00 0.07 1.99 0.22 0.60 18.55 0.17 0.29 9.70 -0.00 0.00 -0.00 -4.00 0.05 0.75 0.13 0.68 9.92 0.09 0.34 5.02 4.08 9.00 -1.89 6.95 4.59 -80.90 -7.53 10.60 0.19 1.93 16.90 3.48 -0.14 3.49 -0.13 0.70 1.41 -1.35 0.97 2.14 -2.06 0.00 0.00 -0.00 -2.00 -0.01 -0.18 0.01 -0.12 -3.31 0.01 -0.06 -1.64 0.00 0.00 -0.00 -0.00 0.00 -0.27 -0.00 0.00 -4.72 -0.00 0.00 -2.35 0.00 0.00 -0.00 2.00 0.01 -0.36 -0.02 0.20 -5.81 -0.02 0.10 -2.91 0.00 0.00 -0.00 4.00 0.01 -0.16 -0.01 0.21 -3.08 -0.01 0.11 -1.52
-75.8004 -4.2085 -1.5120 159.31 0.62 -0.71 -11.67 9.86 6.37 3.53 13.08 1.48 0.22 -23.44 -7.51 0.00 0.00 -0.00 -35.68 -24.20 9.43 1.83 23.34 -2.67 6.69 -7.35 -4.07 0.00 0.00 0.00 -2.27 0.39 -0.36 -2.74 0.46 -0.52 -2.96 0.50 -0.56 -2.96 0.50 -0.56 -8.12 -2.71 1.23 -6.91 -2.32 1.02 4.28 9.33 2.44 -7.76 -8.80 79.19 21.37 13.11 7.11 -5.92 19.59 -0.95 -0.12 17.66 -0.09 -8.07 6.99 4.54 -10.33 9.33 8.61 -0.00 0.00 0.00 2.00 -0.01 0.37 -0.02 -0.21 6.00 -0.02 -0.10 3.00 -0.00 0.00 0.00 -0.00 0.00 0.77 -0.00 0.00 10.10 -0.00 0.00 5.12 -0.00 0.00 0.00 -2.00 0.07 1.97 0.22 0.59 18.44 0.17 0.29 9.63 -0.00 0.00 0.00 -4.00 0.05 0.75 0.13 0.68 9.89 0.09 0.34 5.01 4.13 9.02 -1.92 7.12 4.65 -80.78 -7.41 10.56 0.22 1.99 16.96 3.45 -0.14 3.46 -0.14 0.70 1.40 -1.36 0.97 2.12 -2.06 0.00 -0.00 -0.00 -2.00 -0.01 -0.18 0.01 -0.12 -3.31 0.01 -0.06 -1.64 0.00 -0.00 -0.00 -0.00 0.00 -0.27 -0.00 0.00 -4.71 -0.00 0.00 -2.35 0.00 -0.00 -0.00 2.00 0.01 -0.36 -0.02 0.20 -5.81 -0.02 0.10 -2.90 0.00 -0.00 -0.00 4.00 0.01 -0.16 -0.01 0.21 -3.08 -0.01 0.11 -1.52
-75.6286 -4.2862 -2.4702 159.47 0.66 -0.75 -12.13 9.80 5.89 3.61 14.35 2.00 0.48 -24.03 -7.58 -0.00 -0.00 0.00 -36.31 -24.32 9.61 1.65 24.51 -3.34 6.86 -6.93 -3.69 0.00 -0.00 0.00 -2.33 0.39 -0.42 -2.82 0.46 -0.58 -3.04 0.49 -0.63 -3.04 0.49 -0.63 -8.17 -2.64 1.29 -6.95 -2.26 1.08 4.36 9.39 2.51 -7.98 -8.65 79.25 21.08 13.18 7.00 -5.94 19.57 -0.94 -0.12 17.64 -0.09 -8.06 6.98 4.45 -10.34 9.32 8.47 -0.00 -0.00 -0.00 2.00 -0.01 0.37 -0.02 -0.20 5.93 -0.02 -0.10 2.96 -0.00 -0.00 -0.00 -0.00 0.00 0.75 -0.00 0.00 9.96 -0.00 0.00 5.05 -0.00 -0.00 -0.00 -2.00 0.07 1.95 0.22 0.59 18.34 0.17 0.29 9.58 -0.00 -0.00 -0.00 -4.00 0.05 0.74 0.13 0.67 9.86 0.09 0.34 5.00 4.17 9.04 -1.95 7.23 4.65 -80.67 -7.30 10.54 0.26 2.05 17.03 3.42 -0.14 3.44 -0.14 0.70 1.39 -1.36 0.97 2.11 -2.07 -0.00 -0.00 -0.00 -2.00 -0.01 -0.18 0.01 -0.12 -3.31 0.01 -0.06 -1.64 -0.00 -0.00 -0.00 -0.00 0.00 -0.27 -0.00 -0.00 -4.70 -0.00 -0.00 -2.34 -0.00 -0.00 -0.00 2.00 0.01 -0.36 -0.02 0.20 -5.80 -0.02 0.10 -2.90 -0.00 -0.00 -0.00 4.00 0.01 -0.16 -0.01 0.22 -3.08 -0.01 0.11 -1.53
-75.4604 -4.3438 -3.4410 159.62 0.68 -0.70 -12.67 9.69 5.22 3.76 15.68 2.69 0.75 -24.49 -7.71 -0.00 -0.00 0.00 -36.71 -24.40 9.62 1.38 25.54 -4.02 6.99 -6.63 -3.27 -0.00 0.00 -0.00 -2.40 0.39 -0.55 -2.90 0.46 -0.65 -3.13 0.50 -0.70 -3.13 0.50 -0.70 -8.20 -2.56 1.35 -6.98 -2.19 1.13 4.45 9.45 2.59 -8.14 -8.45 79.29 20.75 13.08 6.87 -5.92 19.50 -0.89 -0.12 17.61 -0.10 -8.06 6.96 4.33 -10.37 9.31 8.28 -0.00 -0.00 -0.00 2.00 -0.01 0.36 -0.02 -0.20 5.82 -0.02 -0.10 2.91 -0.00 -0.00 -0.00 -0.00 0.00 0.73 -0.00 0.00 9.78 -0.00 0.00 4.95 -0.00 -0.00 -0.00 -2.00 0.07 1.93 0.21 0.59 18.21 0.16 0.29 9.50 -0.00 -0.00 -0.00 -4.00 0.05 0.74 0.13 0.67 9.83 0.09 0.33 4.98 4.22 9.05 -1.98 7.23 4.58 -80.59 -7.19 10.52 0.32 2.11 17.09 3.41 -0.14 3.42 -0.14 0.71 1.38 -1.37 0.98 2.09 -2.08 0.00 -0.00 -0.00 -2.00 -0.01 -0.18 0.01 -0.11 -3.30 0.01 -0.06 -1.64 0.00 -0.00 -0.00 -0.00 -0.00 -0.27 -0.00 -0.00 -4.69 -0.00 -0.00 -2.34 0.00 -0.00 -0.00 2.00 0.01 -0.36 -0.02 0.20 -5.80 -0.02 0.10 -2.90 0.00 -0.00 -0.00 4.00 0.01 -0.16 -0.01 0.22 -3.09 -0.01 0.11 -1.53
-75.3147 -4.4098 -4.4154 159.80 0.70 -0.61 -13.34 9.53 4.33 4.00 17.07 3.65 1.09 -24.83 -7.90 0.00 -0.00 -0.00 -36.91 -24.51 9.50 1.08 26.54 -4.70 7.03 -6.52 -2.79 0.00 0.00 -0.00 -2.49 0.39 -0.70 -2.99 0.47 -0.72 -3.23 0.50 -0.77 -3.23 0.50 -0.77 -8.22 -2.46 1.40 -7.00 -2.11 1.17 4.52 9.51 2.65 -8.23 -8.23 79.31 20.37 12.89 6.72 -5.89 19.41 -0.80 -0.12 17.58 -0.10 -8.05 6.95 4.21 -10.41 9.29 8.09 0.00 -0.00 0.00 2.00 -0.01 0.35 -0.02 -0.20 5.72 -0.02 -0.10 2.86 0.00 -0.00 0.00 -0.00 0.00 0.71 -0.00 0.00 9.58 -0.00 0.00 4.85 0.00 -0.00 0.00 -2.00 0.07 1.90 0.21 0.58 18.05 0.16 0.29 9.42 0.00 -0.00 0.00 -4.00 0.05 0.74 0.12 0.67 9.79 0.09 0.33 4.96 4.26 9.06 -2.02 7.17 4.45 -80.53 -7.13 10.57 0.37 2.17 17.17 3.40 -0.14 3.40 -0.14 0.72 1.37 -1.38 1.00 2.08 -2.09 -0.00 -0.00 -0.00 -2.00 -0.01 -0.18 0.01 -0.11 -3.30 0.01 -0.06 -1.63 -0.00 -0.00 -0.00 -0.00 -0.00 -0.27 -0.00 -0.00 -4.69 -0.00 -0.00 -2.33 -0.00 -0.00 -0.00 2.00 0.01 -0.36 -0.02 0.20 -5.80 -0.02 0.10 -2.90 -0.00 -0.00 -0.00 4.00 0.01 -0.16 -0.01 0.22 -3.09 -0.01 0.11 -1.53
-75.1410 -4.4314 -5.4639 159.97 0.70 -0.50 -14.08 9.31 3.25 4.33 18.52 4.87 1.43 -24.83 -7.87 -0.00 0.00 -0.00 -36.91 -24.50 9.23 0.82 27.35 -5.30 6.94 -6.58 -2.26 0.00 -0.00 -0.00 -2.60 0.39 -0.86 -3.09 0.47 -0.78 -3.33 0.51 -0.84 -3.33 0.51 -0.84 -8.23 -2.34 1.44 -7.00 -2.00 1.21 4.57 9.57 2.71 -8.28 -8.00 79.32 19.96 12.66 6.55 -5.84 19.32 -0.70 -0.12 17.54 -0.10 -8.04 6.93 4.10 -10.43 9.27 7.91 0.00 0.00 -0.00 2.00 -0.01 0.34 -0.02 -0.19 5.61 -0.02 -0.10 2.80 0.00 0.00 -0.00 -0.00 0.00 0.69 -0.00 0.00 9.38 -0.00 0.00 4.74 0.00 0.00 -0.00 -2.00 0.07 1.87 0.21 0.58 17.89 0.16 0.28 9.33 0.00 0.00 -0.00 -4.00 0.05 0.73 0.12 0.67 9.74 0.09 0.33 4.93 4.28 9.08 -2.05 7.09 4.26 -80.49 -7.12 10.66 0.42 2.21 17.24 3.42 -0.14 3.39 -0.13 0.72 1.37 -1.38 1.01 2.08 -2.09 -0.00 0.00 0.00 -2.00 -0.01 -0.18 0.01 -0.11 -3.29 0.01 -0.06 -1.63 -0.00 0.00 0.00 0.00 0.00 -0.27 0.00 0.00 -4.69 0.00 0.00 -2.33 -0.00 0.00 0.00 2.00 0.01 -0.36 -0.02 0.20 -5.82 -0.02 0.10 -2.91 -0.00 0.00 0.00 4.00 0.01 -0.16 -0.01 0.22 -3.10 -0.01 0.11 -1.54
-74.9431 -4.3980 -6.5464 160.15 0.70 -0.39 -14.84 9.02 2.06 4.75 20.01 6.30 1.74 -24.52 -7.58 0.00 -0.00 -0.00 -36.77 -24.35 8.86 0.65 27.91 -5.79 6.75 -6.75 -1.71 0.00 -0.00 -0.00 -2.72 0.39 -1.00 -3.19 0.48 -0.84 -3.45 0.52 -0.91 -3.45 0.52 -0.91 -8.21 -2.16 1.48 -6.99 -1.86 1.24 4.60 9.62 2.75 -8.28 -7.78 79.35 19.52 12.46 6.38 -5.80 19.24 -0.60 -0.13 17.49 -0.10 -8.03 6.90 3.98 -10.45 9.25 7.72 -0.00 0.00 0.00 2.00 -0.01 0.33 -0.02 -0.19 5.51 -0.01 -0.09 2.75 -0.00 0.00 0.00 -0.00 0.00 0.67 -0.00 0.00 9.16 -0.00 0.00 4.63 -0.00 0.00 0.00 -2.00 0.06 1.84 0.20 0.58 17.71 0.15 0.28 9.23 -0.00 0.00 0.00 -4.00 0.05 0.72 0.12 0.66 9.67 0.09 0.33 4.89 4.30 9.07 -2.08 7.04 4.03 -80.46 -7.16 10.79 0.45 2.24 17.29 3.45 -0.14 3.39 -0.13 0.73 1.37 -1.38 1.02 2.08 -2.10 -0.00 0.00 -0.00 -2.00 -0.01 -0.18 0.01 -0.11 -3.30 0.01 -0.06 -1.63 -0.00 0.00 -0.00 0.00 0.00 -0.27 0.00 0.00 -4.70 0.00 0.00 -2.34 -0.00 0.00 -0.00 2.00 0.01 -0.36 -0.02 0.20 -5.85 -0.02 0.10 -2.92 -0.00 0.00 -0.00 4.00 0.01 -0.16 -0.01 0.22 -3.11 -0.01 0.11 -1.54
-74.7300 -4.3112 -7.6312 160.31 0.69 -0.32 -15.58 8.63 0.78 5.30 21.57 7.95 2.00 -23.95 -7.03 0.00 -0.00 -0.00 -36.57 -24.04 8.45 0.57 28.23 -6.15 6.48 -6.96 -1.17 -0.00 -0.00 0.00 -2.84 0.40 -1.11 -3.31 0.49 -0.90 -3.58 0.52 -0.98 -3.58 0.52 -0.98 -8.19 -1.97 1.51 -6.97 -1.69 1.27 4.60 9.67 2.76 -8.34 -7.55 79.41 19.06 12.37 6.20 -5.77 19.18 -0.53 -0.13 17.44 -0.10 -7.99 6.88 3.85 -10.44 9.23 7.51 0.00 -0.00 -0.00 2.00 -0.01 0.32 -0.02 -0.19 5.38 -0.01 -0.09 2.69 0.00 -0.00 -0.00 -0.00 0.00 0.64 -0.00 0.00 8.91 -0.00 0.00 4.50 0.00 -0.00 -0.00 -2.00 0.06 1.81 0.20 0.57 17.50 0.15 0.28 9.11 0.00 -0.00 -0.00 -4.00 0.05 0.71 0.12 0.66 9.58 0.09 0.33 4.85 4.31 9.05 -2.08 6.98 3.72 -80.46 -7.20 10.90 0.46 2.24 17.33 3.50 -0.14 3.39 -0.13 0.74 1.37 -1.39 1.03 2.08 -2.11 -0.00 0.00 -0.00 -2.00 -0.01 -0.18 0.01 -0.12 -3.31 0.01 -0.06 -1.64 -0.00 0.00 -0.00 0.00 0.00 -0.27 0.00 0.00 -4.72 0.00 0.00 -2.35 -0.00 0.00 -0.00 2.00 0.01 -0.36 -0.02 0.20 -5.88 -0.02 0.10 -2.94 -0.00 0.00 -0.00 4.00 0.01 -0.17 -0.01 0.22 -3.12 -0.01 0.11 -1.55
-74.5095 -4.1750 -8.6967 160.45 0.69 -0.29 -16.27 8.04 -0.60 5.97 23.43 9.91 2.28 -23.33 -6.33 -0.00 -0.00 -0.00 -36.34 -23.58 8.04 0.55 28.30 -6.42 6.20 -7.19 -0.65 -0.00 0.00 -0.00 -2.96 0.40 -1.19 -3.43 0.50 -0.96 -3.70 0.54 -1.03 -3.70 0.54 -1.03 -8.15 -1.77 1.54 -6.94 -1.52 1.30 4.58 9.71 2.76 -8.48 -7.32 79.51 18.61 12.36 6.04 -5.76 19.14 -0.49 -0.13 17.39 -0.10 -7.95 6.86 3.76 -10.41 9.22 7.35 -0.00 -0.00 -0.00 2.00 -0.01 0.32 -0.02 -0.18 5.29 -0.01 -0.09 2.64 -0.00 -0.00 -0.00 -0.00 0.00 0.62 -0.00 0.00 8.73 -0.00 0.00 4.40 -0.00 -0.00 -0.00 -2.00 0.06 1.78 0.19 0.57 17.34 0.15 0.28 9.02 -0.00 -0.00 -0.00 -4.00 0.05 0.70 0.12 0.65 9.50 0.09 0.32 4.81 4.32 9.01 -2.06 6.90 3.36 -80.50 -7.31 10.97 0.44 2.22 17.33 3.56 -0.14 3.40 -0.13 0.75 1.37 -1.38 1.05 2.08 -2.10 -0.00 -0.00 0.00 -2.00 -0.01 -0.18 0.01 -0.12 -3.33 0.01 -0.06 -1.65 -0.00 -0.00 0.00 0.00 0.00 -0.28 0.00 0.00 -4.77 0.00 0.00 -2.37 -0.00 -0.00 0.00 2.00 0.01 -0.37 -0.02 0.21 -5.94 -0.02 0.10 -2.97 -0.00 -0.00 0.00 4.00 0.01 -0.17 -0.01 0.22 -3.14 -0.01 0.11 -1.55
-74.2681 -3.9771 -9.8029 160.55 0.68 -0.30 -16.87 7.28 -2.02 6.81 25.53 12.10 2.38 -22.47 -5.26 -0.00 0.00 0.00 -36.08 -22.93 7.59 0.57 28.09 -6.57 5.98 -7.39 -0.14 0.00 -0.00 -0.00 -3.07 0.41 -1.24 -3.55 0.51 -1.00 -3.83 0.55 -1.08 -3.83 0.55 -1.08 -8.09 -1.57 1.58 -6.88 -1.36 1.33 4.56 9.74 2.75 -8.66 -7.09 79.63 18.20 12.37 5.90 -5.75 19.10 -0.47 -0.13 17.36 -0.11 -7.90 6.84 3.69 -10.37 9.21 7.23 0.00 -0.00 -0.00 2.00 -0.01 0.31 -0.02 -0.18 5.22 -0.01 -0.09 2.60 0.00 -0.00 -0.00 -0.00 0.00 0.61 -0.00 0.00 8.60 -0.00 0.00 4.34 0.00 -0.00 -0.00 -2.00 0.06 1.76 0.19 0.56 17.23 0.15 0.28 8.96 0.00 -0.00 -0.00 -4.00 0.05 0.70 0.12 0.65 9.45 0.09 0.32 4.78 4.33 8.94 -1.99 6.81 2.96 -80.57 -7.50 10.99 0.40 2.19 17.28 3.62 -0.13 3.41 -0.12 0.76 1.38 -1.38 1.07 2.09 -2.10 -0.00 0.00 -0.00 -2.00 -0.01 -0.18 0.01 -0.12 -3.35 0.01 -0.06 -1.66 -0.00 0.00 -0.00 0.00 0.00 -0.28 0.00 0.00 -4.82 0.00 0.00 -2.40 -0.00 0.00 -0.00 2.00 0.01 -0.37 -0.02 0.21 -6.00 -0.02 0.10 -3.00 -0.00 0.00 -0.00 4.00 0.01 -0.17 -0.01 0.22 -3.15 -0.01 0.11 -1.56
-74.0222 -3.7381 -10.9046 160.59 0.69 -0.36 -17.36 6.38 -3.41 7.83 27.75 14.45 2.29 -21.48 -3.95 -0.00 -0.00 -0.00 -35.82 -22.13 7.15 0.58 27.66 -6.66 5.83 -7.57 0.33 -0.00 0.00 -0.00 -3.17 0.43 -1.27 -3.67 0.53 -1.04 -3.97 0.57 -1.12 -3.97 0.57 -1.12 -7.99 -1.41 1.63 -6.81 -1.21 1.38 4.55 9.76 2.73 -8.80 -6.85 79.76 17.85 12.35 5.78 -5.72 19.07 -0.46 -0.13 17.35 -0.11 -7.87 6.84 3.65 -10.34 9.21 7.16 0.00 -0.00 0.00 2.00 -0.01 0.31 -0.02 -0.18 5.17 -0.01 -0.09 2.58 0.00 -0.00 0.00 -0.00 0.00 0.60 -0.00 0.00 8.52 -0.00 0.00 4.30 0.00 -0.00 0.00 -2.00 0.06 1.75 0.19 0.56 17.19 0.15 0.27 8.94 0.00 -0.00 0.00 -4.00 0.05 0.69 0.11 0.65 9.41 0.09 0.32 4.76 4.36 8.82 -1.86 6.73 2.54 -80.68 -7.73 10.95 0.32 2.15 17.19 3.68 -0.12 3.42 -0.12 0.77 1.38 -1.37 1.08 2.09 -2.08 0.00 0.00 -0.00 -2.00 -0.01 -0.18 0.01 -0.12 -3.37 0.01 -0.06 -1.67 0.00 0.00 -0.00 -0.00 0.00 -0.28 0.00 0.00 -4.86 0.00 0.00 -2.42 0.00 0.00 -0.00 2.00 0.01 -0.38 -0.02 0.21 -6.06 -0.02 0.10 -3.03 0.00 0.00 -0.00 4.00 0.01 -0.17 -0.01 0.22 -3.17 -0.01 0.11 -1.57
-73.7746 -3.4807 -11.9688 160.57 0.70 -0.43 -17.72 5.36 -4.73 9.03 30.00 16.90 1.99 -20.41 -2.53 0.00 0.00 0.00 -35.56 -21.26 6.72 0.61 27.08 -6.69 5.76 -7.71 0.76 -0.00 0.00 -0.00 -3.28 0.45 -1.28 -3.79 0.55 -1.07 -4.10 0.59 -1.16 -4.10 0.59 -1.16 -7.88 -1.28 1.70 -6.71 -1.11 1.44 4.55 9.77 2.71 -8.91 -6.55 79.89 17.59 12.19 5.71 -5.67 18.99 -0.41 -0.13 17.36 -0.10 -7.86 6.84 3.64 -10.33 9.22 7.15 -0.00 -0.00 0.00 2.00 -0.01 0.30 -0.02 -0.18 5.12 -0.01 -0.09 2.55 -0.00 -0.00 0.00 -0.00 0.00 0.60 -0.00 0.00 8.48 -0.00 0.00 4.27 -0.00 -0.00 0.00 -2.00 0.06 1.75 0.19 0.56 17.19 0.15 0.27 8.94 -0.00 -0.00 0.00 -4.00 0.05 0.69 0.11 0.64 9.40 0.09 0.32 4.76 4.40 8.68 -1.69 6.58 2.05 -80.80 -7.96 10.80 0.22 2.11 17.07 3.74 -0.12 3.44 -0.11 0.78 1.39 -1.36 1.10 2.11 -2.07 -0.00 -0.00 0.00 -2.00 -0.01 -0.18 0.01 -0.12 -3.39 0.01 -0.06 -1.68 -0.00 -0.00 0.00 0.00 0.00 -0.29 0.00 0.00 -4.91 0.00 0.00 -2.45 -0.00 -0.00 0.00 2.00 0.01 -0.38 -0.02 0.21 -6.11 -0.02 0.11 -3.06 -0.00 -0.00 0.00 4.00 0.01 -0.17 -0.01 0.22 -3.19 -0.01 0.11 -1.58
-73.5276 -3.2145 -12.9870 160.47 0.72 -0.51 -17.98 4.09 -6.03 10.57 32.46 19.61 1.48 -19.38 -1.13 0.00 -0.00 0.00 -35.30 -20.33 6.32 0.67 26.38 -6.68 5.72 -7.82 1.15 0.00 0.00 -0.00 -3.37 0.47 -1.29 -3.90 0.58 -1.10 -4.22 0.62 -1.19 -4.22 0.62 -1.19 -7.75 -1.19 1.78 -6.60 -1.03 1.50 4.56 9.78 2.69 -8.95 -6.22 79.99 17.41 11.89 5.67 -5.57 18.90 -0.31 -0.13 17.38 -0.10 -7.87 6.85 3.65 -10.34 9.23 7.17 -0.00 -0.00 0.00 2.00 -0.01 0.30 -0.02 -0.18 5.09 -0.01 -0.09 2.54 -0.00 -0.00 0.00 -0.00 0.00 0.60 -0.00 0.00 8.48 -0.00 0.00 4.27 -0.00 -0.00 0.00 -2.00 0.06 1.76 0.19 0.56 17.22 0.15 0.28 8.95 -0.00 -0.00 0.00 -4.00 0.05 0.69 0.12 0.64 9.41 0.09 0.32 4.76 4.44 8.51 -1.49 6.39 1.53 -80.92 -8.29 10.64 0.07 2.07 16.92 3.79 -0.11 3.46 -0.10 0.80 1.40 -1.35 1.12 2.11 -2.05 0.00 0.00 -0.00 -2.00 -0.01 -0.18 0.01 -0.12 -3.41 0.01 -0.06 -1.69 0.00 0.00 -0.00 0.00 0.00 -0.29 0.00 0.00 -4.97 0.00 0.00 -2.47 0.00 0.00 -0.00 2.00 0.01 -0.39 -0.02 0.22 -6.19 -0.02 0.11 -3.10 0.00 0.00 -0.00 4.00 0.01 -0.17 -0.01 0.22 -3.21 -0.01 0.11 -1.59
-73.2639 -2.9417 -13.9913 160.32 0.74 -0.59 -18.12 2.64 -7.25 12.33 34.92 22.45 0.81 -18.34 0.12 0.00 0.00 -0.00 -35.03 -19.35 5.91 0.82 25.55 -6.59 5.67 -7.91 1.51 0.00 -0.00 0.00 -3.45 0.49 -1.30 -4.01 0.60 -1.13 -4.33 0.64 -1.22 -4.33 0.64 -1.22 -7.61 -1.14 1.86 -6.48 -0.99 1.57 4.58 9.80 2.67 -8.92 -5.87 80.07 17.30 11.50 5.66 -5.43 18.78 -0.15 -0.13 17.44 -0.10 -7.90 6.87 3.66 -10.37 9.26 7.19 -0.00 0.00 -0.00 2.00 -0.01 0.30 -0.02 -0.18 5.06 -0.01 -0.09 2.52 -0.00 0.00 -0.00 0.00 -0.00 0.60 0.00 -0.00 8.49 0.00 0.00 4.28 -0.00 0.00 -0.00 -2.00 0.06 1.77 0.19 0.56 17.26 0.15 0.28 8.98 -0.00 0.00 -0.00 -4.00 0.05 0.70 0.12 0.65 9.42 0.09 0.32 4.77 4.48 8.33 -1.30 6.16 0.98 -81.00 -8.70 10.49 -0.10 2.05 16.76 3.84 -0.10 3.47 -0.10 0.81 1.40 -1.34 1.15 2.12 -2.03 -0.00 -0.00 0.00 -2.00 -0.01 -0.19 0.01 -0.12 -3.43 0.01 -0.06 -1.70 -0.00 -0.00 0.00 0.00 0.00 -0.30 0.00 0.00 -5.02 0.00 0.00 -2.50 -0.00 -0.00 0.00 2.00 0.01 -0.39 -0.02 0.22 -6.25 -0.02 0.11 -3.13 -0.00 -0.00 0.00 4.00 0.01 -0.17 -0.01 0.23 -3.23 -0.01 0.11 -1.60
-73.0018 -2.6844 -14.9304 160.10 0.76 -0.65 -18.11 1.13 -8.37 14.12 37.28 25.23 0.24 -17.45 1.01 -0.00 -0.00 0.00 -34.74 -18.38 5.49 1.04 24.71 -6.41 5.60 -7.98 1.81 0.00 -0.00 0.00 -3.54 0.51 -1.30 -4.11 0.62 -1.16 -4.44 0.67 -1.26 -4.44 0.67 -1.26 -7.44 -1.12 1.94 -6.34 -0.97 1.64 4.61 9.81 2.66 -8.80 -5.55 80.12 17.24 11.10 5.68 -5.25 18.64 0.03 -0.13 17.47 -0.10 -7.94 6.88 3.68 -10.41 9.26 7.23 0.00 0.00 0.00 2.00 -0.01 0.30 -0.02 -0.18 5.05 -0.01 -0.09 2.52 0.00 0.00 0.00 0.00 -0.00 0.60 0.00 -0.00 8.51 0.00 0.00 4.29 0.00 0.00 0.00 -2.00 0.06 1.77 0.19 0.56 17.29 0.15 0.28 9.00 0.00 0.00 0.00 -4.00 0.05 0.70 0.12 0.65 9.43 0.09 0.32 4.77 4.51 8.14 -1.11 5.98 0.42 -81.04 -9.16 10.36 -0.30 2.01 16.59 3.90 -0.09 3.49 -0.09 0.83 1.41 -1.33 1.17 2.13 -2.03 0.00 -0.00 -0.00 -2.00 -0.01 -0.19 0.01 -0.12 -3.45 0.01 -0.06 -1.71 0.00 -0.00 -0.00 0.00 0.00 -0.30 0.00 0.00 -5.07 0.00 0.00 -2.52 0.00 -0.00 -0.00 2.00 0.01 -0.40 -0.03 0.22 -6.33 -0.02 0.11 -3.17 0.00 -0.00 -0.00 4.00 0.01 -0.17 -0.01 0.23 -3.25 -0.01 0.11 -1.61
-72.7440 -2.4443 -15.8084 159.84 0.79 -0.69 -18.01 -0.42 -9.35 15.80 39.50 27.85 -0.10 -16.77 1.49 0.00 0.00 0.00 -34.41 -17.46 5.05 1.30 23.88 -6.15 5.50 -8.04 2.05 0.00 -0.00 0.00 -3.62 0.53 -1.30 -4.22 0.65 -1.19 -4.56 0.70 -1.29 -4.56 0.70 -1.29 -7.27 -1.11 2.02 -6.19 -0.96 1.71 4.64 9.83 2.67 -8.65 -5.26 80.15 17.19 10.72 5.72 -5.04 18.52 0.25 -0.13 17.50 -0.10 -7.99 6.90 3.69 -10.48 9.27 7.26 0.00 -0.00 0.00 2.00 -0.01 0.30 -0.02 -0.17 5.02 -0.01 -0.09 2.50 0.00 -0.00 0.00 0.00 0.00 0.60 0.00 0.00 8.51 0.00 0.00 4.29 0.00 -0.00 0.00 -2.00 0.06 1.77 0.19 0.56 17.30 0.15 0.28 9.00 0.00 -0.00 0.00 -4.00 0.05 0.70 0.12 0.65 9.43 0.09 0.32 4.77 4.51 7.96 -0.95 5.73 -0.23 -80.98 -9.68 10.27 -0.55 2.04 16.35 3.94 -0.09 3.51 -0.08 0.85 1.42 -1.33 1.20 2.14 -2.02 0.00 0.00 0.00 -2.00 -0.01 -0.19 0.01 -0.12 -3.47 0.01 -0.06 -1.72 0.00 0.00 0.00 0.00 0.00 -0.30 0.00 0.00 -5.12 0.00 0.00 -2.55 0.00 0.00 0.00 2.00 0.01 -0.41 -0.03 0.22 -6.40 -0.02 0.11 -3.20 0.00 0.00 0.00 4.00 0.01 -0.17 -0.01 0.23 -3.27 -0.01 0.11 -1.62
-72.4920 -2.2243 -16.6260 159.58 0.82 -0.74 -17.81 -2.04 -10.17 17.30 41.54 30.25 -0.25 -16.24 1.62 -0.00 0.00 0.00 -34.06 -16.60 4.60 1.54 23.10 -5.80 5.39 -8.10 2.22 0.00 -0.00 -0.00 -3.71 0.56 -1.29 -4.33 0.68 -1.21 -4.67 0.73 -1.31 -4.67 0.73 -1.31 -7.10 -1.12 2.09 -6.05 -0.97 1.77 4.65 9.87 2.69 -8.53 -5.03 80.18 17.14 10.47 5.78 -4.85 18.43 0.45 -0.13 17.52 -0.10 -8.03 6.90 3.68 -10.54 9.27 7.26 -0.00 0.00 0.00 2.00 -0.01 0.29 -0.02 -0.17 4.97 -0.01 -0.09 2.48 -0.00 0.00 0.00 -0.00 0.00 0.60 -0.00 0.00 8.47 -0.00 0.00 4.27 -0.00 0.00 0.00 -2.00 0.06 1.77 0.19 0.56 17.26 0.15 0.28 8.98 -0.00 0.00 0.00 -4.00 0.05 0.69 0.12 0.64 9.41 0.09 0.32 4.76 4.47 7.80 -0.83 5.43 -0.95 -80.81 -10.22 10.22 -0.81 2.00 16.14 4.01 -0.08 3.50 -0.07 0.91 1.41 -1.35 1.29 2.14 -2.06 -0.00 -0.00 -0.00 -2.00 -0.01 -0.19 0.01 -0.12 -3.51 0.01 -0.06 -1.74 -0.00 -0.00 -0.00 0.00 0.00 -0.31 0.00 0.00 -5.20 0.00 0.00 -2.59 -0.00 -0.00 -0.00 2.00 0.01 -0.42 -0.03 0.23 -6.51 -0.02 0.11 -3.26 -0.00 -0.00 -0.00 4.00 0.01 -0.18 -0.01 0.23 -3.32 -0.01 0.12 -1.65
-72.2259 -2.0166 -17.4310 159.35 0.84 -0.81 -17.54 -3.63 -10.80 18.58 43.30 32.35 -0.34 -15.92 1.51 0.00 0.00 0.00 -33.64 -15.74 4.12 1.71 22.34 -5.37 5.27 -8.18 2.34 0.00 -0.00 0.00 -3.80 0.59 -1.28 -4.44 0.71 -1.22 -4.80 0.76 -1.32 -4.80 0.76 -1.32 -6.93 -1.12 2.17 -5.90 -0.97 1.84 4.66 9.90 2.74 -8.45 -4.87 80.21 17.08 10.33 5.84 -4.69 18.36 0.62 -0.13 17.52 -0.10 -8.06 6.90 3.65 -10.59 9.26 7.23 -0.00 0.00 0.00 2.00 -0.01 0.29 -0.02 -0.17 4.92 -0.01 -0.08 2.45 -0.00 0.00 0.00 -0.00 0.00 0.59 -0.00 0.00 8.39 -0.00 0.00 4.23 -0.00 0.00 0.00 -2.00 0.06 1.76 0.19 0.56 17.20 0.15 0.27 8.95 -0.00 0.00 0.00 -4.00 0.05 0.69 0.11 0.64 9.38 0.08 0.32 4.74 4.42 7.65 -0.73 5.08 -1.71 -80.55 -10.71 10.17 -1.07 1.90 15.99 4.13 -0.07 3.54 -0.06 0.94 1.43 -1.35 1.33 2.16 -2.05 0.00 -0.00 0.00 -2.00 -0.01 -0.19 0.01 -0.12 -3.54 0.01 -0.06 -1.75 0.00 -0.00 0.00 0.00 0.00 -0.31 0.00 0.00 -5.26 0.00 0.00 -2.62 0.00 -0.00 0.00 2.00 0.02 -0.43 -0.03 0.23 -6.61 -0.02 0.11 -3.31 0.00 -0.00 0.00 4.00 0.01 -0.18 -0.01 0.24 -3.36 -0.01 0.12 -1.67
-71.9547 -1.8181 -18.2093 159.17 0.86 -0.93 -17.22 -5.17 -11.25 19.62 44.74 34.15 -0.42 -15.77 1.22 0.00 -0.00 0.00 -33.16 -14.88 3.63 1.78 21.62 -4.87 5.13 -8.27 2.39 0.00 -0.00 -0.00 -3.91 0.62 -1.26 -4.58 0.75 -1.23 -4.95 0.80 -1.33 -4.95 0.80 -1.33 -6.76 -1.10 2.24 -5.75 -0.95 1.90 4.65 9.95 2.80 -8.43 -4.75 80.27 17.04 10.39 5.89 -4.58 18.33 0.74 -0.13 17.50 -0.10 -8.07 6.89 3.62 -10.61 9.24 7.18 0.00 -0.00 -0.00 2.00 -0.01 0.28 -0.02 -0.17 4.87 -0.01 -0.08 2.42 0.00 -0.00 -0.00 -0.00 0.00 0.58 -0.00 0.00 8.30 -0.00 0.00 4.18 0.00 -0.00 -0.00 -2.00 0.06 1.74 0.19 0.56 17.12 0.14 0.27 8.90 0.00 -0.00 -0.00 -4.00 0.05 0.69 0.11 0.64 9.33 0.08 0.32 4.72 4.36 7.51 -0.67 4.74 -2.52 -80.20 -11.16 10.15 -1.30 1.77 15.85 4.28 -0.06 3.58 -0.05 0.97 1.44 -1.35 1.38 2.18 -2.06 0.00 0.00 -0.00 -2.00 -0.01 -0.19 0.01 -0.12 -3.58 0.01 -0.06 -1.77 0.00 0.00 -0.00 0.00 0.00 -0.32 0.00 0.00 -5.34 0.00 0.00 -2.66 0.00 0.00 -0.00 2.00 0.02 -0.43 -0.03 0.23 -6.72 -0.02 0.12 -3.37 0.00 0.00 -0.00 4.00 0.01 -0.18 -0.01 0.24 -3.40 -0.01 0.12 -1.69
-71.6755 -1.6284 -18.9557 159.02 0.87 -1.08 -16.87 -6.64 -11.54 20.44 45.88 35.66 -0.54 -15.75 0.80 -0.00 0.00 -0.00 -32.63 -14.03 3.16 1.74 20.93 -4.33 5.00 -8.36 2.41 0.00 -0.00 -0.00 -4.03 0.65 -1.23 -4.73 0.79 -1.22 -5.10 0.85 -1.32 -5.10 0.85 -1.32 -6.59 -1.06 2.32 -5.61 -0.92 1.97 4.63 10.02 2.88 -8.43 -4.68 80.37 16.97 10.53 5.93 -4.53 18.32 0.78 -0.13 17.52 -0.10 -8.06 6.89 3.57 -10.61 9.26 7.10 -0.00 -0.00 -0.00 2.00 -0.01 0.28 -0.02 -0.17 4.80 -0.01 -0.08 2.39 -0.00 -0.00 -0.00 -0.00 0.00 0.57 -0.00 0.00 8.18 -0.00 0.00 4.12 -0.00 -0.00 -0.00 -2.00 0.06 1.73 0.19 0.56 17.02 0.14 0.27 8.85 -0.00 -0.00 -0.00 -4.00 0.05 0.68 0.11 0.64 9.27 0.08 0.32 4.69 4.30 7.39 -0.62 4.30 -3.44 -79.75 -11.58 10.16 -1.48 1.73 15.63 4.41 -0.05 3.61 -0.04 1.00 1.46 -1.35 1.42 2.20 -2.06 -0.00 -0.00 0.00 -2.00 -0.01 -0.20 0.01 -0.12 -3.60 0.01 -0.06 -1.78 -0.00 -0.00 0.00 0.00 0.00 -0.32 0.00 0.00 -5.38 0.00 0.00 -2.69 -0.00 -0.00 0.00 2.00 0.02 -0.44 -0.03 0.24 -6.81 -0.02 0.12 -3.41 -0.00 -0.00 0.00 4.00 0.01 -0.19 -0.01 0.24 -3.43 -0.01 0.12 -1.70
-71.3893 -1.4545 -19.6569 158.90 0.88 -1.25 -16.47 -8.10 -11.71 20.88 46.63 36.75 -0.73 -15.65 0.29 0.00 0.00 0.00 -32.04 -13.21 2.73 1.59 20.28 -3.80 4.86 -8.46 2.39 -0.00 -0.00 0.00 -4.14 0.69 -1.20 -4.87 0.83 -1.21 -5.26 0.89 -1.31 -5.26 0.89 -1.31 -6.43 -1.00 2.41 -5.47 -0.87 2.05 4.60 10.09 2.96 -8.43 -4.61 80.50 16.89 10.68 5.94 -4.51 18.32 0.77 -0.13 17.51 -0.10 -8.05 6.89 3.54 -10.61 9.26 7.05 0.00 -0.00 0.00 2.00 -0.01 0.28 -0.01 -0.16 4.75 -0.01 -0.08 2.36 0.00 -0.00 0.00 -0.00 0.00 0.56 -0.00 0.00 8.10 -0.00 0.00 4.08 0.00 -0.00 0.00 -2.00 0.06 1.71 0.19 0.55 16.95 0.14 0.27 8.81 0.00 -0.00 0.00 -4.00 0.05 0.68 0.11 0.63 9.23 0.08 0.32 4.66 4.22 7.29 -0.59 3.82 -4.42 -79.23 -11.91 10.16 -1.62 1.68 15.43 4.61 -0.03 3.64 -0.03 1.05 1.47 -1.36 1.49 2.22 -2.08 -0.00 0.00 -0.00 -2.00 -0.01 -0.20 0.01 -0.13 -3.62 0.01 -0.06 -1.79 -0.00 0.00 -0.00 0.00 0.00 -0.33 0.00 0.00 -5.44 0.00 0.00 -2.71 -0.00 0.00 -0.00 2.00 0.02 -0.45 -0.03 0.24 -6.88 -0.02 0.12 -3.45 -0.00 0.00 -0.00 4.00 0.01 -0.19 -0.02 0.24 -3.47 -0.01 0.12 -1.72
-71.0530 -1.2925 -20.3607 158.80 0.88 -1.43 -16.04 -9.52 -11.79 20.93 47.04 37.41 -0.92 -15.72 -0.46 0.00 -0.00 0.00 -31.34 -12.35 2.32 1.27 19.63 -3.32 4.73 -8.57 2.37 -0.00 -0.00 0.00 -4.26 0.72 -1.17 -5.02 0.87 -1.19 -5.42 0.93 -1.29 -5.42 0.93 -1.29 -6.29 -0.94 2.50 -5.35 -0.81 2.12 4.56 10.18 3.03 -8.41 -4.54 80.65 16.81 10.81 5.94 -4.50 18.33 0.73 -0.13 17.51 -0.10 -8.06 6.89 3.52 -10.62 9.26 7.02 0.00 -0.00 -0.00 2.00 -0.01 0.27 -0.01 -0.16 4.71 -0.01 -0.08 2.34 0.00 -0.00 -0.00 -0.00 0.00 0.56 -0.00 0.00 8.04 -0.00 0.00 4.05 0.00 -0.00 -0.00 -2.00 0.06 1.71 0.19 0.55 16.92 0.14 0.27 8.79 0.00 -0.00 -0.00 -4.00 0.05 0.67 0.11 0.63 9.20 0.08 0.31 4.65 4.14 7.20 -0.55 3.32 -5.45 -78.67 -12.17 10.19 -1.72 1.66 15.26 4.87 -0.02 3.66 -0.02 1.10 1.48 -1.37 1.57 2.23 -2.09 0.00 0.00 -0.00 -2.00 -0.01 -0.20 0.01 -0.13 -3.63 0.01 -0.06 -1.80 0.00 0.00 -0.00 0.00 0.00 -0.33 0.00 0.00 -5.48 0.00 0.00 -2.74 0.00 0.00 -0.00 2.00 0.02 -0.46 -0.03 0.24 -6.97 -0.02 0.12 -3.49 0.00 0.00 -0.00 4.00 0.01 -0.19 -0.02 0.24 -3.50 -0.01 0.12 -1.73
-70.6927 -1.1454 -21.0371 158.69 0.87 -1.59 -15.55 -10.85 -11.80 20.55 47.15 37.61 -1.07 -15.85 -1.37 -0.00 -0.00 0.00 -30.55 -11.51 1.95 0.86 19.00 -2.90 4.60 -8.69 2.35 -0.00 0.00 0.00 -4.38 0.76 -1.15 -5.16 0.91 -1.18 -5.57 0.98 -1.28 -5.57 0.98 -1.28 -6.15 -0.87 2.60 -5.24 -0.76 2.21 4.52 10.28 3.10 -8.38 -4.45 80.83 16.76 10.94 5.93 -4.50 18.32 0.69 -0.13 17.50 -0.10 -8.06 6.88 3.46 -10.65 9.25 6.94 0.00 -0.00 0.00 2.00 -0.01 0.27 -0.01 -0.16 4.66 -0.01 -0.08 2.32 0.00 -0.00 0.00 -0.00 0.00 0.55 -0.00 0.00 7.98 -0.00 0.00 4.02 0.00 -0.00 0.00 -2.00 0.06 1.70 0.19 0.55 16.88 0.14 0.27 8.77 0.00 -0.00 0.00 -4.00 0.05 0.67 0.11 0.63 9.17 0.08 0.31 4.64 4.06 7.12 -0.52 2.90 -6.47 -78.10 -12.42 10.25 -1.80 1.70 15.10 5.17 -0.01 3.68 -0.01 1.15 1.49 -1.38 1.64 2.24 -2.12 0.00 -0.00 0.00 -2.00 -0.01 -0.20 0.01 -0.13 -3.65 0.01 -0.06 -1.81 0.00 -0.00 0.00 0.00 0.00 -0.34 0.00 0.00 -5.52 0.00 0.00 -2.76 0.00 -0.00 0.00 2.00 0.02 -0.46 -0.03 0.24 -7.01 -0.02 0.12 -3.52 0.00 -0.00 0.00 4.00 0.01 -0.19 -0.02 0.24 -3.50 -0.01 0.12 -1.73
-70.3165 -1.0170 -21.6757 158.57 0.87 -1.73 -15.02 -12.09 -11.75 19.78 47.02 37.37 -1.16 -16.01 -2.40 0.00 0.00 -0.00 -29.75 -10.69 1.62 0.42 18.40 -2.53 4.49 -8.82 2.33 0.00 0.00 -0.00 -4.48 0.79 -1.12 -5.29 0.94 -1.17 -5.71 1.01 -1.27 -5.71 1.01 -1.27 -6.03 -0.81 2.71 -5.13 -0.71 2.30 4.48 10.38 3.16 -8.32 -4.33 81.03 16.72 10.99 5.94 -4.48 18.28 0.68 -0.13 17.53 -0.10 -8.12 6.89 3.44 -10.73 9.25 6.92 -0.00 -0.00 0.00 2.00 -0.01 0.27 -0.01 -0.16 4.61 -0.01 -0.08 2.29 -0.00 -0.00 0.00 -0.00 0.00 0.54 -0.00 0.00 7.92 -0.00 0.00 3.99 -0.00 -0.00 0.00 -2.00 0.06 1.70 0.18 0.55 16.85 0.14 0.27 8.75 -0.00 -0.00 0.00 -4.00 0.05 0.67 0.11 0.63 9.15 0.08 0.31 4.62 4.00 7.04 -0.49 2.53 -7.60 -77.52 -12.67 10.36 -1.87 1.88 14.93 5.46 0.00 3.70 0.00 1.20 1.49 -1.40 1.72 2.25 -2.15 0.00 0.00 -0.00 -2.00 -0.01 -0.20 0.01 -0.13 -3.66 0.01 -0.06 -1.81 0.00 0.00 -0.00 0.00 0.00 -0.34 0.00 0.00 -5.56 0.00 0.00 -2.77 0.00 0.00 -0.00 2.00 0.02 -0.47 -0.03 0.25 -7.09 -0.02 0.12 -3.56 0.00 0.00 -0.00 4.00 0.01 -0.19 -0.02 0.25 -3.52 -0.01 0.12 -1.74
-69.9258 -0.9040 -22.2870 158.41 0.86 -1.85 -14.44 -13.26 -11.63 18.37 46.51 36.47 -1.19 -15.93 -3.50 0.00 0.00 0.00 -28.96 -9.90 1.33 -0.02 17.81 -2.22 4.40 -8.96 2.32 -0.00 -0.00 -0.00 -4.58 0.82 -1.10 -5.41 0.98 -1.17 -5.84 1.05 -1.26 -5.84 1.05 -1.26 -5.91 -0.77 2.81 -5.03 -0.67 2.39 4.44 10.49 3.20 -8.24 -4.19 81.22 16.66 10.98 5.98 -4.43 18.25 0.70 -0.13 17.57 -0.10 -8.19 6.90 3.42 -10.83 9.25 6.91 0.00 -0.00 0.00 2.00 -0.01 0.26 -0.01 -0.16 4.57 -0.01 -0.08 2.28 0.00 -0.00 0.00 -0.00 0.00 0.54 -0.00 0.00 7.86 -0.00 0.00 3.96 0.00 -0.00 0.00 -2.00 0.06 1.69 0.18 0.55 16.80 0.14 0.27 8.72 0.00 -0.00 0.00 -4.00 0.05 0.66 0.11 0.63 9.12 0.08 0.31 4.61 3.95 6.97 -0.45 2.25 -8.75 -76.97 -12.91 10.50 -1.95 2.06 14.81 5.82 0.01 3.72 0.01 1.25 1.50 -1.42 1.80 2.26 -2.19 0.00 -0.00 0.00 -2.00 -0.01 -0.20 0.01 -0.13 -3.68 0.01 -0.06 -1.83 0.00 -0.00 0.00 0.00 0.00 -0.34 0.00 0.00 -5.62 0.00 0.00 -2.81 0.00 -0.00 0.00 2.00 0.02 -0.47 -0.03 0.25 -7.15 -0.02 0.12 -3.59 0.00 -0.00 0.00 4.00 0.01 -0.19 -0.02 0.25 -3.52 -0.01 0.12 -1.74
-69.4925 -0.8029 -22.9202 158.24 0.85 -1.94 -13.82 -14.33 -11.44 16.53 45.67 35.11 -1.17 -15.87 -4.80 -0.00 -0.00 -0.00 -28.23 -9.05 1.06 -0.42 17.18 -1.94 4.34 -9.10 2.31 -0.00 0.00 -0.00 -4.66 0.84 -1.09 -5.51 1.00 -1.16 -5.96 1.08 -1.26 -5.96 1.08 -1.26 -5.80 -0.74 2.91 -4.94 -0.65 2.48 4.39 10.59 3.23 -8.13 -4.04 81.40 16.60 10.97 6.04 -4.36 18.23 0.76 -0.13 17.61 -0.10 -8.27 6.91 3.40 -10.95 9.25 6.89 -0.00 -0.00 -0.00 2.00 -0.01 0.26 -0.01 -0.16 4.53 -0.01 -0.08 2.26 -0.00 -0.00 -0.00 -0.00 0.00 0.53 -0.00 0.00 7.82 -0.00 0.00 3.93 -0.00 -0.00 -0.00 -2.00 0.06 1.68 0.18 0.55 16.77 0.14 0.27 8.71 -0.00 -0.00 -0.00 -4.00 0.05 0.66 0.11 0.62 9.10 0.08 0.31 4.60 3.90 6.91 -0.42 2.05 -9.91 -76.48 -13.19 10.64 -2.03 2.22 14.69 6.21 0.02 3.75 0.02 1.30 1.52 -1.44 1.87 2.28 -2.22 0.00 -0.00 0.00 -2.00 -0.01 -0.20 0.01 -0.13 -3.71 0.01 -0.06 -1.84 0.00 -0.00 0.00 0.00 0.00 -0.35 0.00 0.00 -5.70 0.00 0.00 -2.85 0.00 -0.00 0.00 2.00 0.02 -0.48 -0.03 0.25 -7.25 -0.02 0.13 -3.64 0.00 -0.00 0.00 4.00 0.01 -0.19 -0.02 0.25 -3.54 -0.01 0.12 -1.76
-69.0417 -0.7167 -23.5443 158.00 0.84 -2.00 -13.16 -15.29 -11.22 14.47 44.55 33.47 -1.05 -15.81 -6.06 -0.00 -0.00 0.00 -27.54 -8.20 0.80 -0.73 16.53 -1.68 4.29 -9.24 2.31 -0.00 -0.00 -0.00 -4.74 0.86 -1.07 -5.61 1.02 -1.16 -6.05 1.10 -1.25 -6.05 1.10 -1.25 -5.69 -0.74 3.00 -4.84 -0.65 2.55 4.33 10.68 3.24 -7.98 -3.86 81.58 16.53 11.00 6.09 -4.27 18.23 0.86 -0.13 17.63 -0.10 -8.35 6.91 3.35 -11.08 9.24 6.85 0.00 -0.00 0.00 2.00 -0.01 0.26 -0.01 -0.16 4.47 -0.01 -0.08 2.22 0.00 -0.00 0.00 -0.00 0.00 0.53 -0.00 0.00 7.73 -0.00 0.00 3.89 0.00 -0.00 0.00 -2.00 0.06 1.67 0.18 0.54 16.67 0.14 0.27 8.65 0.00 -0.00 0.00 -4.00 0.05 0.66 0.11 0.62 9.05 0.08 0.31 4.57 3.84 6.89 -0.38 1.99 -11.04 -76.05 -13.50 10.75 -2.14 2.35 14.56 6.62 0.03 3.79 0.03 1.34 1.53 -1.45 1.93 2.30 -2.23 -0.00 -0.00 0.00 -2.00 -0.01 -0.21 0.01 -0.13 -3.74 0.01 -0.06 -1.86 -0.00 -0.00 0.00 -0.00 0.00 -0.36 -0.00 0.00 -5.78 0.00 0.00 -2.89 -0.00 -0.00 0.00 2.00 0.02 -0.49 -0.03 0.25 -7.33 -0.03 0.13 -3.68 -0.00 -0.00 0.00 4.00 0.01 -0.19 -0.02 0.25 -3.55 -0.01 0.12 -1.76
-68.5797 -0.6434 -24.1571 157.72 0.83 -2.03 -12.51 -16.12 -10.95 12.33 43.14 31.65 -0.85 -15.71 -7.18 -0.00 0.00 0.00 -26.93 -7.35 0.56 -0.95 15.85 -1.46 4.26 -9.37 2.32 0.00 -0.00 0.00 -4.80 0.87 -1.06 -5.68 1.04 -1.15 -6.14 1.12 -1.25 -6.14 1.12 -1.25 -5.58 -0.76 3.08 -4.75 -0.66 2.62 4.26 10.75 3.23 -7.79 -3.66 81.76 16.41 11.10 6.14 -4.18 18.28 1.00 -0.13 17.66 -0.11 -8.48 6.92 3.28 -11.29 9.22 6.76 0.00 0.00 -0.00 2.00 -0.01 0.25 -0.01 -0.15 4.38 -0.01 -0.08 2.18 0.00 0.00 -0.00 0.00 0.00 0.51 0.00 0.00 7.56 0.00 0.00 3.80 0.00 0.00 -0.00 -2.00 0.06 1.64 0.18 0.54 16.48 0.13 0.27 8.55 0.00 0.00 -0.00 -4.00 0.05 0.65 0.10 0.62 8.96 0.08 0.31 4.53 3.76 6.88 -0.35 1.97 -12.21 -75.67 -13.90 10.78 -2.31 2.55 14.42 7.02 0.04 3.85 0.04 1.37 1.55 -1.45 1.97 2.34 -2.23 0.00 0.00 0.00 -2.00 -0.01 -0.21 0.01 -0.13 -3.78 0.01 -0.06 -1.87 0.00 0.00 0.00 -0.00 0.00 -0.36 -0.00 0.00 -5.87 -0.00 0.00 -2.93 0.00 0.00 0.00 2.00 0.02 -0.50 -0.04 0.26 -7.45 -0.03 0.13 -3.74 0.00 0.00 0.00 4.00 0.01 -0.20 -0.02 0.25 -3.58 -0.01 0.12 -1.78
-68.1089 -0.5830 -24.7580 157.42 0.81 -2.02 -11.94 -16.83 -10.56 10.13 41.21 29.59 -0.63 -15.30 -8.05 0.00 0.00 0.00 -26.39 -6.49 0.33 -1.09 15.14 -1.25 4.23 -9.49 2.33 0.00 0.00 0.00 -4.85 0.88 -1.04 -5.74 1.05 -1.15 -6.21 1.13 -1.25 -6.21 1.13 -1.25 -5.48 -0.79 3.14 -4.67 -0.69 2.67 4.18 10.80 3.21 -7.58 -3.44 81.94 16.24 11.30 6.17 -4.08 18.37 1.15 -0.14 17.67 -0.11 -8.60 6.91 3.19 -11.48 9.19 6.66 -0.00 -0.00 0.00 2.00 -0.01 0.24 -0.01 -0.15 4.30 -0.01 -0.07 2.14 -0.00 -0.00 0.00 0.00 0.00 0.50 0.00 0.00 7.40 0.00 0.00 3.72 -0.00 -0.00 0.00 -2.00 0.06 1.61 0.17 0.54 16.30 0.13 0.26 8.45 -0.00 -0.00 0.00 -4.00 0.04 0.64 0.10 0.61 8.88 0.08 0.30 4.48 3.69 6.88 -0.33 2.00 -13.31 -75.32 -14.39 10.74 -2.51 2.64 14.23 7.39 0.06 3.92 0.05 1.40 1.58 -1.44 2.01 2.38 -2.21 -0.00 0.00 0.00 -2.00 -0.01 -0.21 0.01 -0.13 -3.82 0.01 -0.07 -1.90 -0.00 0.00 0.00 -0.00 0.00 -0.37 -0.00 0.00 -5.99 -0.00 0.00 -2.99 -0.00 0.00 0.00 2.00 0.02 -0.51 -0.04 0.27 -7.61 -0.03 0.13 -3.82 -0.00 0.00 0.00 4.00 0.01 -0.20 -0.02 0.25 -3.62 -0.01 0.13 -1.79
-67.5871 -0.5368 -25.4083 157.11 0.80 -2.00 -11.53 -17.40 -10.10 8.11 38.90 27.54 -0.34 -14.93 -8.69 -0.00 0.00 0.00 -25.92 -5.55 0.09 -1.15 14.34 -1.05 4.20 -9.60 2.35 0.00 0.00 0.00 -4.89 0.89 -1.04 -5.80 1.05 -1.15 -6.26 1.13 -1.24 -6.26 1.13 -1.24 -5.39 -0.83 3.19 -4.59 -0.72 2.71 4.09 10.82 3.18 -7.36 -3.22 82.11 16.03 11.58 6.18 -4.00 18.48 1.31 -0.14 17.68 -0.11 -8.71 6.90 3.09 -11.65 9.16 6.54 0.00 -0.00 0.00 2.00 -0.01 0.24 -0.01 -0.15 4.21 -0.01 -0.07 2.09 0.00 -0.00 0.00 0.00 0.00 0.48 0.00 0.00 7.22 0.00 0.00 3.62 0.00 -0.00 0.00 -2.00 0.06 1.57 0.17 0.53 16.09 0.13 0.26 8.33 0.00 -0.00 0.00 -4.00 0.04 0.63 0.10 0.60 8.79 0.07 0.30 4.43 3.60 6.87 -0.33 2.04 -14.31 -75.01 -14.93 10.61 -2.72 2.63 14.01 7.72 0.06 3.98 0.06 1.41 1.61 -1.42 2.03 2.41 -2.19 0.00 -0.00 -0.00 -2.00 -0.01 -0.21 0.01 -0.13 -3.87 0.01 -0.07 -1.92 0.00 -0.00 -0.00 -0.00 0.00 -0.38 -0.00 0.00 -6.10 -0.00 0.00 -3.05 0.00 -0.00 -0.00 2.00 0.02 -0.53 -0.04 0.27 -7.76 -0.03 0.13 -3.90 0.00 -0.00 -0.00 4.00 0.01 -0.20 -0.02 0.26 -3.66 -0.01 0.13 -1.81
-67.0367 -0.5062 -26.0833 156.78 0.78 -1.94 -11.27 -17.84 -9.57 6.35 36.34 25.57 -0.02 -14.56 -9.13 -0.00 -0.00 -0.00 -25.46 -4.57 -0.17 -1.17 13.48 -0.88 4.16 -9.70 2.39 0.00 -0.00 -0.00 -4.93 0.89 -1.03 -5.84 1.06 -1.15 -6.31 1.14 -1.25 -6.31 1.14 -1.25 -5.30 -0.88 3.22 -4.52 -0.77 2.74 3.98 10.81 3.15 -7.10 -2.98 82.30 15.80 11.96 6.14 -3.94 18.63 1.47 -0.14 17.67 -0.11 -8.81 6.89 3.00 -11.83 9.13 6.41 0.00 0.00 -0.00 2.00 -0.01 0.23 -0.01 -0.14 4.12 -0.01 -0.07 2.05 0.00 0.00 -0.00 0.00 0.00 0.46 0.00 0.00 7.05 0.00 0.00 3.54 0.00 0.00 -0.00 -2.00 0.05 1.54 0.17 0.52 15.89 0.12 0.26 8.23 0.00 0.00 -0.00 -4.00 0.04 0.62 0.10 0.60 8.70 0.07 0.30 4.39 3.50 6.83 -0.32 2.10 -15.20 -74.74 -15.49 10.40 -2.95 2.55 13.78 7.99 0.07 4.04 0.07 1.42 1.63 -1.41 2.04 2.44 -2.17 0.00 0.00 0.00 -2.00 -0.01 -0.22 0.01 -0.14 -3.91 0.01 -0.07 -1.94 0.00 0.00 0.00 -0.00 0.00 -0.39 -0.00 0.00 -6.20 -0.00 0.00 -3.10 0.00 0.00 0.00 2.00 0.02 -0.54 -0.04 0.27 -7.90 -0.03 0.14 -3.97 0.00 0.00 0.00 4.00 0.01 -0.20 -0.02 0.26 -3.68 -0.01 0.13 -1.83
-66.4735 -0.4916 -26.7669 156.45 0.75 -1.87 -11.15 -18.18 -9.03 4.80 33.64 23.75 0.33 -14.19 -9.41 0.00 -0.00 0.00 -25.01 -3.56 -0.43 -1.19 12.60 -0.72 4.11 -9.80 2.43 -0.00 -0.00 0.00 -4.96 0.89 -1.02 -5.88 1.06 -1.15 -6.36 1.14 -1.25 -6.36 1.14 -1.25 -5.22 -0.92 3.25 -4.44 -0.81 2.76 3.87 10.77 3.10 -6.84 -2.74 82.50 15.53 12.42 6.08 -3.89 18.82 1.64 -0.14 17.66 -0.11 -8.92 6.88 2.89 -12.02 9.09 6.27 -0.00 0.00 -0.00 2.00 -0.01 0.23 -0.01 -0.14 4.03 -0.01 -0.07 2.00 -0.00 0.00 -0.00 0.00 0.00 0.45 0.00 0.00 6.87 0.00 0.00 3.44 -0.00 0.00 -0.00 -2.00 0.05 1.51 0.16 0.52 15.68 0.12 0.26 8.11 -0.00 0.00 -0.00 -4.00 0.04 0.61 0.10 0.59 8.61 0.07 0.30 4.34 3.40 6.77 -0.32 2.12 -16.00 -74.50 -16.08 10.11 -3.19 2.39 13.53 8.19 0.08 4.09 0.08 1.45 1.65 -1.40 2.09 2.47 -2.16 0.00 -0.00 -0.00 -2.00 -0.01 -0.22 0.01 -0.14 -3.96 0.01 -0.07 -1.97 0.00 -0.00 -0.00 -0.00 0.00 -0.40 -0.00 0.00 -6.31 -0.00 0.00 -3.16 0.00 -0.00 -0.00 2.00 0.02 -0.56 -0.04 0.28 -8.05 -0.03 0.14 -4.05 0.00 -0.00 -0.00 4.00 0.01 -0.20 -0.02 0.26 -3.72 -0.01 0.13 -1.84
-65.9109 -0.4922 -27.4463 156.13 0.72 -1.78 -11.22 -18.47 -8.43 3.27 30.86 22.00 0.80 -13.59 -9.62 0.00 -0.00 0.00 -24.54 -2.55 -0.68 -1.23 11.71 -0.59 4.03 -9.88 2.49 -0.00 -0.00 0.00 -4.99 0.89 -1.02 -5.92 1.06 -1.16 -6.39 1.14 -1.25 -6.39 1.14 -1.25 -5.13 -0.97 3.26 -4.37 -0.84 2.77 3.76 10.72 3.05 -6.57 -2.51 82.71 15.24 12.93 5.99 -3.85 19.06 1.80 -0.15 17.65 -0.12 -9.03 6.86 2.79 -12.21 9.06 6.15 0.00 0.00 -0.00 2.00 -0.01 0.22 -0.01 -0.14 3.96 -0.01 -0.07 1.97 0.00 0.00 -0.00 0.00 0.00 0.43 0.00 0.00 6.71 0.00 0.00 3.36 0.00 0.00 -0.00 -2.00 0.05 1.48 0.16 0.51 15.48 0.12 0.25 8.00 0.00 0.00 -0.00 -4.00 0.04 0.60 0.10 0.59 8.53 0.07 0.29 4.30 3.30 6.71 -0.32 2.11 -16.69 -74.30 -16.69 9.78 -3.43 2.21 13.29 8.34 0.08 4.13 0.08 1.44 1.67 -1.38 2.07 2.50 -2.14 -0.00 -0.00 0.00 -2.00 -0.01 -0.22 0.01 -0.14 -3.99 0.01 -0.07 -1.98 -0.00 -0.00 0.00 -0.00 0.00 -0.41 -0.00 0.00 -6.39 -0.00 0.00 -3.20 -0.00 -0.00 0.00 2.00 0.02 -0.57 -0.04 0.28 -8.17 -0.03 0.14 -4.11 -0.00 -0.00 0.00 4.00 0.01 -0.21 -0.02 0.26 -3.74 -0.01 0.13 -1.86
-65.3029 -0.5141 -28.1729 155.81 0.69 -1.67 -11.43 -18.74 -7.81 1.76 28.21 20.36 1.27 -12.83 -9.76 0.00 0.00 -0.00 -23.97 -1.47 -0.94 -1.33 10.75 -0.48 3.90 -9.96 2.56 -0.00 -0.00 0.00 -5.01 0.89 -1.02 -5.95 1.05 -1.16 -6.43 1.13 -1.26 -6.43 1.13 -1.26 -5.05 -0.99 3.25 -4.30 -0.86 2.77 3.64 10.66 2.99 -6.30 -2.29 82.90 14.94 13.44 5.89 -3.82 19.31 1.97 -0.15 17.64 -0.12 -9.13 6.85 2.72 -12.37 9.02 6.07 -0.00 -0.00 -0.00 2.00 -0.01 0.22 -0.01 -0.14 3.91 -0.01 -0.07 1.94 -0.00 -0.00 -0.00 0.00 0.00 0.42 0.00 0.00 6.60 0.00 0.00 3.30 -0.00 -0.00 -0.00 -2.00 0.05 1.46 0.15 0.51 15.34 0.12 0.25 7.92 -0.00 -0.00 -0.00 -4.00 0.04 0.60 0.09 0.58 8.47 0.07 0.29 4.27 3.19 6.64 -0.30 2.08 -17.27 -74.15 -17.29 9.45 -3.65 2.05 13.07 8.43 0.09 4.15 0.08 1.44 1.67 -1.37 2.07 2.51 -2.13 0.00 0.00 0.00 -2.00 -0.01 -0.22 0.01 -0.14 -4.02 0.01 -0.07 -2.00 0.00 0.00 0.00 -0.00 0.00 -0.41 -0.00 0.00 -6.45 -0.00 0.00 -3.23 0.00 0.00 0.00 2.00 0.02 -0.58 -0.04 0.29 -8.26 -0.03 0.14 -4.16 0.00 0.00 0.00 4.00 0.01 -0.21 -0.02 0.26 -3.77 -0.01 0.13 -1.87
-64.6767 -0.5595 -28.9003 155.49 0.65 -1.53 -11.69 -19.07 -7.18 0.29 25.88 18.81 1.68 -11.96 -9.82 0.00 -0.00 -0.00 -23.33 -0.39 -1.20 -1.47 9.80 -0.40 3.74 -10.04 2.64 -0.00 0.00 -0.00 -5.03 0.87 -1.02 -5.98 1.03 -1.16 -6.46 1.11 -1.26 -6.46 1.11 -1.26 -4.95 -1.00 3.24 -4.21 -0.87 2.75 3.53 10.57 2.91 -6.04 -2.08 83.10 14.64 13.97 5.76 -3.79 19.58 2.16 -0.15 17.64 -0.12 -9.22 6.84 2.67 -12.52 9.00 6.00 -0.00 0.00 -0.00 2.00 -0.01 0.21 -0.01 -0.13 3.85 -0.01 -0.07 1.91 -0.00 0.00 -0.00 0.00 0.00 0.42 0.00 0.00 6.50 0.00 0.00 3.26 -0.00 0.00 -0.00 -2.00 0.05 1.44 0.15 0.50 15.21 0.11 0.25 7.85 -0.00 0.00 -0.00 -4.00 0.04 0.59 0.09 0.58 8.42 0.07 0.29 4.24 3.08 6.56 -0.29 2.09 -17.75 -74.07 -17.88 9.17 -3.87 1.92 12.85 8.48 0.09 4.17 0.08 1.44 1.68 -1.37 2.06 2.52 -2.11 -0.00 -0.00 0.00 -2.00 -0.01 -0.23 0.01 -0.14 -4.03 0.01 -0.07 -2.00 -0.00 -0.00 0.00 -0.00 0.00 -0.42 -0.00 0.00 -6.50 0.00 0.00 -3.25 -0.00 -0.00 0.00 2.00 0.02 -0.58 -0.05 0.29 -8.34 -0.03 0.14 -4.20 -0.00 -0.00 0.00 4.00 0.01 -0.21 -0.02 0.26 -3.79 -0.01 0.13 -1.88
-64.0501 -0.6278 -29.5991 155.16 0.60 -1.36 -11.97 -19.48 -6.56 -1.05 24.02 17.33 2.05 -11.04 -9.81 0.00 0.00 -0.00 -22.65 0.65 -1.48 -1.63 8.90 -0.33 3.55 -10.13 2.71 0.00 0.00 0.00 -5.05 0.85 -1.02 -6.00 1.01 -1.17 -6.49 1.09 -1.27 -6.49 1.09 -1.27 -4.85 -0.97 3.20 -4.12 -0.85 2.72 3.43 10.48 2.84 -5.81 -1.89 83.28 14.34 14.45 5.63 -3.76 19.85 2.37 -0.15 17.65 -0.12 -9.32 6.84 2.63 -12.66 8.97 5.97 0.00 0.00 -0.00 2.00 -0.01 0.21 -0.01 -0.13 3.82 -0.01 -0.07 1.90 0.00 0.00 -0.00 0.00 -0.00 0.41 0.00 -0.00 6.45 0.00 0.00 3.23 0.00 0.00 -0.00 -2.00 0.05 1.43 0.15 0.50 15.14 0.11 0.25 7.81 0.00 0.00 -0.00 -4.00 0.04 0.59 0.09 0.58 8.38 0.07 0.29 4.22 2.97 6.50 -0.28 2.07 -18.13 -74.02 -18.46 8.98 -4.08 1.80 12.67 8.47 0.09 4.18 0.08 1.44 1.68 -1.37 2.06 2.52 -2.12 0.00 -0.00 0.00 -2.00 -0.01 -0.23 0.01 -0.14 -4.05 0.01 -0.07 -2.01 0.00 -0.00 0.00 0.00 0.00 -0.42 0.00 0.00 -6.53 0.00 0.00 -3.27 0.00 -0.00 0.00 2.00 0.02 -0.59 -0.05 0.29 -8.40 -0.03 0.14 -4.23 0.00 -0.00 0.00 4.00 0.01 -0.21 -0.02 0.27 -3.81 -0.01 0.13 -1.89
-63.4113 -0.7209 -30.2791 154.84 0.55 -1.14 -12.49 -19.99 -5.89 -2.00 22.64 15.95 2.39 -9.82 -9.74 0.00 -0.00 -0.00 -21.97 1.64 -1.76 -1.82 8.10 -0.28 3.36 -10.27 2.78 0.00 -0.00 -0.00 -5.07 0.83 -1.02 -6.03 0.98 -1.18 -6.51 1.05 -1.28 -6.51 1.05 -1.28 -4.74 -0.93 3.15 -4.03 -0.81 2.68 3.33 10.38 2.76 -5.60 -1.73 83.43 14.07 14.88 5.49 -3.73 20.12 2.58 -0.15 17.68 -0.12 -9.39 6.85 2.63 -12.76 8.97 5.98 -0.00 0.00 0.00 2.00 -0.01 0.21 -0.01 -0.13 3.82 -0.01 -0.07 1.89 -0.00 0.00 0.00 0.00 0.00 0.41 0.00 0.00 6.45 0.00 0.00 3.23 -0.00 0.00 0.00 -2.00 0.05 1.42 0.15 0.50 15.11 0.11 0.25 7.80 -0.00 0.00 0.00 -4.00 0.04 0.59 0.09 0.58 8.37 0.07 0.29 4.22 2.85 6.44 -0.29 2.05 -18.42 -73.99 -19.02 8.89 -4.29 1.71 12.52 8.44 0.08 4.18 0.08 1.43 1.69 -1.37 2.05 2.53 -2.12 -0.00 -0.00 0.00 -2.00 -0.01 -0.23 0.01 -0.14 -4.06 0.01 -0.07 -2.02 -0.00 -0.00 0.00 0.00 0.00 -0.42 0.00 0.00 -6.56 0.00 0.00 -3.29 -0.00 -0.00 0.00 2.00 0.02 -0.60 -0.05 0.29 -8.46 -0.03 0.15 -4.26 -0.00 -0.00 0.00 4.00 0.01 -0.21 -0.02 0.27 -3.84 -0.01 0.13 -1.90
-62.7161 -0.8474 -30.9810 154.55 0.51 -0.89 -13.21 -20.51 -5.23 -2.42 21.68 14.74 2.61 -8.37 -9.62 -0.00 0.00 -0.00 -21.35 2.53 -2.07 -2.02 7.51 -0.24 3.23 -10.53 2.84 0.00 0.00 -0.00 -5.09 0.79 -1.03 -6.06 0.93 -1.19 -6.54 1.00 -1.29 -6.54 1.00 -1.29 -4.62 -0.87 3.09 -3.94 -0.76 2.63 3.22 10.27 2.70 -5.41 -1.59 83.53 13.82 15.24 5.36 -3.70 20.38 2.78 -0.15 17.71 -0.12 -9.45 6.86 2.64 -12.84 8.97 6.03 -0.00 -0.00 0.00 2.00 -0.01 0.21 -0.01 -0.13 3.83 -0.01 -0.07 1.90 -0.00 -0.00 0.00 0.00 0.00 0.41 0.00 0.00 6.48 0.00 0.00 3.24 -0.00 -0.00 0.00 -2.00 0.05 1.43 0.15 0.50 15.14 0.11 0.25 7.81 -0.00 -0.00 0.00 -4.00 0.04 0.59 0.09 0.58 8.37 0.07 0.29 4.22 2.75 6.40 -0.32 1.99 -18.62 -73.98 -19.54 8.90 -4.49 1.62 12.41 8.37 0.08 4.18 0.08 1.43 1.69 -1.38 2.05 2.53 -2.13 0.00 0.00 0.00 -2.00 -0.01 -0.23 0.01 -0.14 -4.06 0.01 -0.07 -2.02 0.00 0.00 0.00 0.00 0.00 -0.42 0.00 0.00 -6.57 0.00 0.00 -3.29 0.00 0.00 0.00 2.00 0.02 -0.60 -0.05 0.29 -8.49 -0.03 0.15 -4.28 0.00 0.00 0.00 4.00 0.01 -0.21 -0.02 0.27 -3.86 -0.01 0.13 -1.92
-62.0017 -1.0044 -31.6575 154.31 0.46 -0.57 -14.03 -20.96 -4.69 -2.33 21.06 13.75 2.65 -6.94 -9.44 -0.00 -0.00 -0.00 -20.89 3.26 -2.42 -2.21 7.20 -0.22 3.17 -10.92 2.87 -0.00 0.00 0.00 -5.12 0.74 -1.04 -6.09 0.88 -1.21 -6.58 0.94 -1.31 -6.58 0.94 -1.31 -4.52 -0.80 3.01 -3.85 -0.69 2.56 3.13 10.17 2.62 -5.29 -1.50 83.61 13.60 15.52 5.23 -3.71 20.64 2.93 -0.15 17.75 -0.12 -9.47 6.87 2.69 -12.85 8.98 6.11 -0.00 -0.00 -0.00 2.00 -0.01 0.21 -0.01 -0.13 3.85 -0.01 -0.07 1.91 -0.00 -0.00 -0.00 0.00 0.00 0.42 0.00 0.00 6.53 0.00 0.00 3.27 -0.00 -0.00 -0.00 -2.00 0.05 1.44 0.15 0.50 15.21 0.11 0.25 7.85 -0.00 -0.00 -0.00 -4.00 0.04 0.59 0.09 0.58 8.39 0.07 0.29 4.23 2.66 6.39 -0.40 1.91 -18.73 -73.98 -19.99 8.98 -4.67 1.53 12.35 8.29 0.08 4.18 0.07 1.43 1.69 -1.39 2.05 2.53 -2.15 0.00 -0.00 0.00 -2.00 -0.01 -0.23 0.01 -0.14 -4.07 0.01 -0.07 -2.02 0.00 -0.00 0.00 0.00 0.00 -0.42 0.00 0.00 -6.58 0.00 0.00 -3.30 0.00 -0.00 0.00 2.00 0.02 -0.60 -0.05 0.29 -8.53 -0.03 0.15 -4.30 0.00 -0.00 0.00 4.00 0.02 -0.22 -0.02 0.27 -3.89 -0.01 0.13 -1.93
-61.2775 -1.1822 -32.3092 154.13 0.41 -0.23 -14.84 -21.32 -4.30 -1.76 20.67 13.01 2.41 -5.63 -9.21 0.00 0.00 -0.00 -20.60 3.80 -2.78 -2.37 7.19 -0.22 3.19 -11.44 2.89 0.00 0.00 -0.00 -5.16 0.69 -1.04 -6.14 0.81 -1.22 -6.63 0.87 -1.32 -6.63 0.87 -1.32 -4.42 -0.73 2.91 -3.76 -0.63 2.47 3.06 10.09 2.55 -5.29 -1.48 83.66 13.41 15.73 5.10 -3.73 20.82 2.99 -0.15 17.82 -0.12 -9.45 6.91 2.78 -12.78 9.02 6.25 0.00 0.00 0.00 2.00 -0.01 0.22 -0.01 -0.14 3.90 -0.01 -0.07 1.94 0.00 0.00 0.00 0.00 0.00 0.43 0.00 0.00 6.66 0.00 0.00 3.34 0.00 0.00 0.00 -2.00 0.05 1.46 0.16 0.51 15.37 0.12 0.25 7.94 0.00 0.00 0.00 -4.00 0.04 0.60 0.09 0.58 8.45 0.07 0.29 4.26 2.59 6.41 -0.53 1.71 -18.76 -73.94 -20.39 9.17 -4.84 1.43 12.34 8.17 0.08 4.12 0.07 1.43 1.66 -1.39 2.05 2.49 -2.15 -0.00 0.00 -0.00 -2.00 -0.01 -0.23 0.01 -0.14 -4.05 0.01 -0.07 -2.01 -0.00 0.00 -0.00 -0.00 -0.00 -0.42 -0.00 -0.00 -6.56 -0.00 -0.00 -3.28 -0.00 0.00 -0.00 2.00 0.02 -0.61 -0.05 0.29 -8.55 -0.03 0.15 -4.31 -0.00 0.00 -0.00 4.00 0.02 -0.22 -0.02 0.27 -3.92 -0.01 0.14 -1.95
-60.5692 -1.3691 -32.9272 154.00 0.38 0.09 -15.16 -21.61 -4.24 -0.90 20.49 12.70 1.67 -4.50 -8.98 -0.00 0.00 -0.00 -20.49 4.17 -3.10 -2.48 7.49 -0.24 3.30 -12.07 2.89 0.00 -0.00 -0.00 -5.21 0.63 -1.04 -6.19 0.75 -1.21 -6.69 0.80 -1.31 -6.69 0.80 -1.31 -4.33 -0.66 2.81 -3.69 -0.58 2.39 3.03 10.03 2.52 -5.38 -1.54 83.66 13.24 15.86 4.97 -3.77 20.90 2.95 -0.14 17.90 -0.11 -9.40 6.94 2.89 -12.68 9.08 6.41 -0.00 0.00 0.00 2.00 -0.01 0.22 -0.01 -0.14 3.97 -0.01 -0.07 1.97 -0.00 0.00 0.00 0.00 0.00 0.44 0.00 0.00 6.80 0.00 0.00 3.41 -0.00 0.00 0.00 -2.00 0.05 1.49 0.16 0.51 15.56 0.12 0.25 8.04 -0.00 0.00 0.00 -4.00 0.04 0.60 0.10 0.59 8.53 0.07 0.29 4.30 2.55 6.45 -0.71 1.41 -18.72 -73.88 -20.71 9.43 -4.97 1.31 12.40 8.03 0.08 4.11 0.07 1.43 1.66 -1.40 2.05 2.49 -2.16 0.00 0.00 -0.00 -2.00 -0.01 -0.23 0.01 -0.14 -4.04 0.01 -0.07 -2.00 0.00 0.00 -0.00 -0.00 -0.00 -0.42 -0.00 -0.00 -6.52 -0.00 -0.00 -3.27 0.00 0.00 -0.00 2.00 0.02 -0.61 -0.05 0.29 -8.56 -0.04 0.15 -4.32 0.00 0.00 -0.00 4.00 0.02 -0.22 -0.02 0.28 -3.95 -0.01 0.14 -1.96
-59.8655 -1.5745 -33.5482 153.91 0.35 0.34 -14.90 -21.86 -4.48 -0.16 20.50 12.72 0.67 -3.60 -8.79 0.00 -0.00 0.00 -20.52 4.32 -3.38 -2.49 8.23 -0.28 3.44 -12.86 2.88 0.00 0.00 0.00 -5.25 0.59 -1.02 -6.25 0.69 -1.19 -6.75 0.74 -1.29 -6.75 0.74 -1.29 -4.27 -0.62 2.71 -3.64 -0.54 2.31 3.01 9.99 2.59 -5.58 -1.68 83.56 13.09 15.90 4.86 -3.82 20.90 2.82 -0.14 17.92 -0.11 -9.32 6.96 2.98 -12.53 9.11 6.54 -0.00 -0.00 0.00 2.00 -0.01 0.22 -0.01 -0.14 4.02 -0.01 -0.07 2.00 -0.00 -0.00 0.00 0.00 0.00 0.45 0.00 0.00 6.94 0.00 0.00 3.48 -0.00 -0.00 0.00 -2.00 0.05 1.52 0.16 0.52 15.75 0.12 0.26 8.15 -0.00 -0.00 0.00 -4.00 0.04 0.61 0.10 0.59 8.59 0.07 0.29 4.33 2.56 6.50 -0.92 1.06 -18.66 -73.82 -20.94 9.78 -5.06 1.17 12.49 7.90 0.07 4.07 0.07 1.43 1.64 -1.40 2.05 2.46 -2.16 0.00 -0.00 0.00 -2.00 -0.01 -0.22 0.01 -0.14 -4.02 0.01 -0.07 -2.00 0.00 -0.00 0.00 -0.00 -0.00 -0.42 -0.00 -0.00 -6.50 -0.00 -0.00 -3.25 0.00 -0.00 0.00 2.00 0.02 -0.61 -0.05 0.29 -8.58 -0.04 0.15 -4.33 0.00 -0.00 0.00 4.00 0.02 -0.22 -0.02 0.28 -3.97 -0.01 0.14 -1.97
-59.1899 -1.7973 -34.1325 153.83 0.32 0.55 -14.13 -22.05 -4.94 0.27 20.63 12.92 -0.35 -2.91 -8.65 -0.00 -0.00 -0.00 -20.63 4.24 -3.60 -2.37 9.36 -0.36 3.55 -13.79 2.87 -0.00 -0.00 -0.00 -5.29 0.55 -0.97 -6.29 0.65 -1.14 -6.79 0.69 -1.24 -6.79 0.69 -1.24 -4.24 -0.62 2.62 -3.61 -0.54 2.23 3.00 9.95 2.65 -5.89 -1.90 83.43 12.94 15.78 4.73 -3.90 20.95 2.61 -0.14 17.94 -0.11 -9.23 6.98 3.07 -12.37 9.15 6.66 -0.00 0.00 0.00 2.00 -0.01 0.23 -0.01 -0.14 4.07 -0.01 -0.07 2.02 -0.00 0.00 0.00 0.00 0.00 0.47 0.00 0.00 7.08 0.00 0.00 3.55 -0.00 0.00 0.00 -2.00 0.05 1.55 0.17 0.52 15.93 0.13 0.26 8.25 -0.00 0.00 0.00 -4.00 0.04 0.62 0.10 0.59 8.65 0.07 0.30 4.36 2.57 6.59 -1.13 0.76 -18.60 -73.89 -21.08 10.23 -5.12 1.02 12.62 7.79 0.07 4.09 0.07 1.44 1.65 -1.42 2.06 2.47 -2.19 0.00 -0.00 0.00 -2.00 -0.01 -0.22 0.01 -0.14 -4.02 0.01 -0.07 -2.00 0.00 -0.00 0.00 -0.00 -0.00 -0.41 -0.00 -0.00 -6.48 -0.00 -0.00 -3.24 0.00 -0.00 0.00 2.00 0.02 -0.61 -0.05 0.29 -8.59 -0.04 0.15 -4.33 0.00 -0.00 0.00 4.00 0.02 -0.22 -0.02 0.28 -3.99 -0.01 0.14 -1.98
-58.5413 -2.0418 -34.6730 153.73 0.30 0.70 -13.12 -22.10 -5.44 0.42 20.71 13.18 -1.26 -2.35 -8.58 0.00 0.00 0.00 -20.82 3.96 -3.73 -2.09 10.89 -0.50 3.60 -14.83 2.86 0.00 -0.00 0.00 -5.31 0.52 -0.89 -6.32 0.61 -1.08 -6.82 0.66 -1.17 -6.83 0.66 -1.17 -4.24 -0.63 2.55 -3.61 -0.55 2.17 2.98 9.88 2.70 -6.24 -2.14 83.30 12.80 15.52 4.58 -4.00 20.85 2.32 -0.13 17.98 -0.10 -9.09 7.01 3.20 -12.13 9.22 6.82 0.00 -0.00 0.00 2.00 -0.01 0.23 -0.01 -0.14 4.14 -0.01 -0.07 2.06 0.00 -0.00 0.00 0.00 0.00 0.48 0.00 0.00 7.27 0.00 0.00 3.65 0.00 -0.00 0.00 -2.00 0.06 1.59 0.18 0.53 16.21 0.13 0.26 8.40 0.00 -0.00 0.00 -4.00 0.04 0.62 0.10 0.60 8.72 0.07 0.30 4.40 2.57 6.69 -1.28 0.59 -18.49 -74.19 -21.13 10.84 -5.14 0.89 12.78 7.73 0.07 4.08 0.06 1.45 1.65 -1.45 2.07 2.47 -2.24 -0.00 0.00 -0.00 -2.00 -0.01 -0.22 0.01 -0.14 -4.01 0.01 -0.07 -1.99 -0.00 0.00 -0.00 -0.00 0.00 -0.41 -0.00 0.00 -6.45 -0.00 0.00 -3.23 -0.00 0.00 -0.00 2.00 0.02 -0.61 -0.05 0.29 -8.57 -0.04 0.15 -4.32 -0.00 0.00 -0.00 4.00 0.02 -0.22 -0.02 0.28 -4.00 -0.02 0.14 -1.99
-57.8996 -2.2765 -35.2149 153.63 0.27 0.83 -12.34 -21.94 -5.84 0.55 20.59 13.44 -1.93 -1.86 -8.56 0.00 -0.00 -0.00 -21.10 3.45 -3.79 -1.64 12.81 -0.75 3.59 -15.76 2.89 0.00 0.00 0.00 -5.31 0.51 -0.79 -6.33 0.59 -1.01 -6.84 0.63 -1.09 -6.84 0.63 -1.09 -4.27 -0.67 2.49 -3.64 -0.58 2.12 2.94 9.77 2.70 -6.55 -2.34 83.19 12.69 15.07 4.41 -4.11 20.67 2.01 -0.13 18.01 -0.10 -8.98 7.03 3.31 -11.94 9.27 6.97 0.00 0.00 0.00 2.00 -0.01 0.24 -0.01 -0.15 4.20 -0.01 -0.07 2.09 0.00 0.00 0.00 0.00 0.00 0.50 0.00 0.00 7.46 0.00 0.00 3.75 0.00 0.00 0.00 -2.00 0.06 1.64 0.18 0.54 16.47 0.14 0.27 8.54 0.00 0.00 0.00 -4.00 0.04 0.63 0.10 0.60 8.78 0.07 0.30 4.43 2.52 6.79 -1.34 0.58 -18.31 -74.73 -21.13 11.52 -5.14 0.82 13.00 7.70 0.06 4.04 0.06 1.44 1.63 -1.47 2.06 2.45 -2.27 -0.00 -0.00 0.00 -2.00 -0.01 -0.22 0.01 -0.14 -3.98 0.01 -0.07 -1.98 -0.00 -0.00 0.00 -0.00 0.00 -0.41 -0.00 0.00 -6.38 -0.00 0.00 -3.19 -0.00 -0.00 0.00 2.00 0.02 -0.60 -0.05 0.29 -8.49 -0.04 0.15 -4.28 -0.00 -0.00 0.00 4.00 0.02 -0.22 -0.02 0.28 -3.99 -0.02 0.14 -1.98
-57.2682 -2.4956 -35.7259 153.51 0.25 0.81 -11.91 -21.60 -5.94 0.67 20.33 13.64 -2.33 -1.45 -8.61 0.00 0.00 -0.00 -21.59 2.66 -3.57 -0.85 15.30 -1.22 3.51 -16.52 2.98 0.00 0.00 0.00 -5.26 0.51 -0.54 -6.33 0.57 -0.94 -6.84 0.61 -1.01 -6.84 0.61 -1.01 -4.33 -0.71 2.44 -3.69 -0.61 2.08 2.89 9.62 2.68 -6.81 -2.48 83.08 12.62 14.43 4.24 -4.22 20.46 1.69 -0.12 18.06 -0.10 -8.89 7.06 3.43 -11.78 9.32 7.13 -0.00 0.00 0.00 2.00 -0.01 0.24 -0.01 -0.15 4.26 -0.01 -0.07 2.12 -0.00 0.00 0.00 0.00 0.00 0.52 0.00 0.00 7.65 0.00 0.00 3.84 -0.00 0.00 0.00 -2.00 0.06 1.68 0.19 0.55 16.73 0.14 0.27 8.69 -0.00 0.00 0.00 -4.00 0.04 0.63 0.10 0.61 8.83 0.08 0.30 4.46 2.43 6.89 -1.34 0.72 -18.06 -75.45 -21.10 12.22 -5.14 0.83 13.26 7.67 0.05 3.97 0.05 1.41 1.60 -1.46 2.02 2.41 -2.24 -0.00 -0.00 -0.00 -2.00 -0.01 -0.22 0.01 -0.14 -3.94 0.01 -0.07 -1.95 -0.00 -0.00 -0.00 -0.00 0.00 -0.40 -0.00 0.00 -6.29 -0.00 0.00 -3.15 -0.00 -0.00 -0.00 2.00 0.02 -0.59 -0.05 0.29 -8.39 -0.03 0.14 -4.23 -0.00 -0.00 -0.00 4.00 0.02 -0.22 -0.02 0.28 -3.98 -0.01 0.14 -1.97
-56.6496 -2.6863 -36.1734 153.31 0.24 0.71 -11.70 -21.21 -5.82 0.80 20.06 13.78 -2.49 -1.16 -8.72 -0.00 -0.00 -0.00 -22.19 1.73 -3.13 0.18 18.01 -1.84 3.33 -17.03 3.11 0.00 -0.00 0.00 -5.11 0.52 -0.22 -6.32 0.56 -0.85 -6.83 0.60 -0.92 -6.83 0.60 -0.92 -4.42 -0.73 2.41 -3.77 -0.63 2.05 2.83 9.43 2.63 -6.97 -2.59 82.96 12.60 13.58 4.08 -4.35 20.27 1.39 -0.12 18.10 -0.10 -8.83 7.08 3.54 -11.66 9.36 7.30 0.00 0.00 0.00 2.00 -0.01 0.25 -0.01 -0.15 4.32 -0.01 -0.07 2.15 0.00 0.00 0.00 0.00 0.00 0.54 0.00 0.00 7.83 0.00 0.00 3.94 0.00 0.00 0.00 -2.00 0.06 1.72 0.19 0.55 16.96 0.14 0.27 8.81 0.00 0.00 0.00 -4.00 0.04 0.64 0.10 0.61 8.86 0.08 0.30 4.47 2.31 6.99 -1.24 0.94 -17.74 -76.34 -21.07 12.86 -5.15 0.90 13.58 7.58 0.04 3.90 0.04 1.38 1.58 -1.47 1.98 2.37 -2.26 0.00 -0.00 -0.00 -2.00 -0.01 -0.22 0.01 -0.14 -3.90 0.01 -0.07 -1.94 0.00 -0.00 -0.00 -0.00 0.00 -0.39 -0.00 0.00 -6.19 -0.00 0.00 -3.10 0.00 -0.00 -0.00 2.00 0.02 -0.58 -0.05 0.29 -8.27 -0.03 0.14 -4.17 0.00 -0.00 -0.00 4.00 0.02 -0.22 -0.02 0.28 -3.96 -0.01 0.14 -1.97
-56.0464 -2.8488 -36.5386 153.05 0.23 0.59 -11.58 -20.85 -5.59 0.95 19.85 13.92 -2.53 -0.98 -8.89 -0.00 0.00 0.00 -22.80 0.74 -2.52 1.37 20.79 -2.59 3.06 -17.23 3.27 0.00 0.00 -0.00 -4.86 0.54 0.10 -6.32 0.56 -0.76 -6.82 0.60 -0.82 -6.82 0.60 -0.82 -4.53 -0.73 2.40 -3.85 -0.64 2.04 2.81 9.23 2.58 -7.04 -2.70 82.83 12.63 12.65 3.96 -4.43 20.04 1.15 -0.12 18.16 -0.09 -8.81 7.12 3.68 -11.57 9.39 7.51 -0.00 -0.00 -0.00 2.00 -0.01 0.25 -0.01 -0.15 4.40 -0.01 -0.08 2.19 -0.00 -0.00 -0.00 0.00 0.00 0.56 0.00 0.00 8.08 0.00 0.00 4.07 -0.00 -0.00 -0.00 -2.00 0.06 1.75 0.19 0.56 17.19 0.15 0.28 8.94 -0.00 -0.00 -0.00 -4.00 0.05 0.64 0.10 0.61 8.93 0.08 0.31 4.51 2.20 7.08 -1.09 1.11 -17.31 -77.29 -21.05 13.40 -5.17 1.01 14.00 7.37 0.02 3.81 0.02 1.31 1.54 -1.48 1.88 2.32 -2.27 -0.00 -0.00 -0.00 -2.00 -0.01 -0.21 0.01 -0.13 -3.83 0.01 -0.07 -1.90 -0.00 -0.00 -0.00 -0.00 0.00 -0.37 -0.00 0.00 -6.00 -0.00 0.00 -3.00 -0.00 -0.00 -0.00 2.00 0.02 -0.56 -0.04 0.28 -8.06 -0.03 0.14 -4.06 -0.00 -0.00 -0.00 4.00 0.02 -0.22 -0.02 0.27 -3.93 -0.01 0.14 -1.95
-55.4289 -2.9403 -36.9020 152.79 0.22 0.46 -11.68 -20.41 -5.27 1.28 19.54 14.06 -2.55 -0.91 -9.08 -0.00 -0.00 -0.00 -23.41 -0.34 -1.71 2.55 23.68 -3.49 2.74 -17.18 3.45 -0.00 -0.00 -0.00 -4.59 0.56 0.39 -6.31 0.56 -0.67 -6.82 0.60 -0.72 -6.82 0.60 -0.72 -4.63 -0.72 2.41 -3.94 -0.62 2.05 2.82 9.04 2.56 -7.06 -2.83 82.68 12.72 11.72 3.89 -4.43 19.82 0.97 -0.11 18.22 -0.09 -8.81 7.15 3.82 -11.53 9.42 7.73 -0.00 -0.00 0.00 2.00 -0.01 0.26 -0.01 -0.15 4.47 -0.01 -0.08 2.23 -0.00 -0.00 0.00 0.00 0.00 0.58 0.00 0.00 8.31 0.00 0.00 4.18 -0.00 -0.00 0.00 -2.00 0.06 1.78 0.20 0.57 17.35 0.15 0.28 9.03 -0.00 -0.00 0.00 -4.00 0.05 0.65 0.11 0.62 8.98 0.08 0.31 4.54 2.13 7.16 -0.92 1.17 -16.79 -78.20 -21.05 13.82 -5.21 1.10 14.50 7.05 -0.00 3.73 -0.00 1.25 1.51 -1.48 1.78 2.27 -2.27 -0.00 0.00 0.00 -2.00 -0.01 -0.21 0.01 -0.13 -3.76 0.01 -0.06 -1.87 -0.00 0.00 0.00 -0.00 0.00 -0.35 -0.00 0.00 -5.77 -0.00 0.00 -2.88 -0.00 0.00 0.00 2.00 0.02 -0.54 -0.04 0.27 -7.84 -0.03 0.14 -3.95 -0.00 0.00 0.00 4.00 0.02 -0.22 -0.02 0.27 -3.91 -0.01 0.14 -1.94
-54.8318 -2.9674 -37.2849 152.56 0.22 0.36 -11.97 -19.93 -4.93 1.80 19.16 14.19 -2.59 -0.92 -9.25 -0.00 0.00 0.00 -23.92 -1.60 -0.63 3.41 26.93 -4.65 2.44 -16.91 3.46 -0.00 -0.00 0.00 -4.36 0.58 0.61 -6.31 0.57 -0.58 -6.81 0.61 -0.62 -6.81 0.61 -0.62 -4.72 -0.69 2.42 -4.02 -0.60 2.06 2.92 8.89 2.58 -7.09 -3.02 82.49 12.85 10.91 3.85 -4.39 19.61 0.86 -0.11 18.27 -0.09 -8.82 7.17 3.93 -11.50 9.45 7.92 0.00 -0.00 0.00 2.00 -0.01 0.26 -0.01 -0.16 4.54 -0.01 -0.08 2.26 0.00 -0.00 0.00 0.00 0.00 0.60 0.00 0.00 8.50 0.00 0.00 4.29 0.00 -0.00 0.00 -2.00 0.06 1.80 0.20 0.57 17.45 0.15 0.28 9.08 0.00 -0.00 0.00 -4.00 0.05 0.66 0.11 0.62 9.03 0.08 0.31 4.56 2.11 7.24 -0.74 1.04 -16.22 -79.00 -21.09 14.12 -5.22 1.15 15.02 6.64 -0.02 3.69 -0.02 1.20 1.49 -1.49 1.70 2.25 -2.28 -0.00 -0.00 -0.00 -2.00 -0.01 -0.20 0.01 -0.13 -3.72 0.01 -0.06 -1.84 -0.00 -0.00 -0.00 -0.00 0.00 -0.34 -0.00 0.00 -5.54 -0.00 0.00 -2.77 -0.00 -0.00 -0.00 2.00 0.02 -0.52 -0.04 0.26 -7.66 -0.03 0.13 -3.85 -0.00 -0.00 -0.00 4.00 0.02 -0.22 -0.02 0.27 -3.89 -0.01 0.13 -1.93
-54.2713 -2.9483 -37.6850 152.35 0.22 0.28 -12.36 -19.44 -4.57 2.40 18.77 14.24 -2.62 -1.01 -9.36 -0.00 0.00 -0.00 -24.20 -2.98 0.63 3.67 30.36 -6.06 2.26 -16.46 3.29 -0.00 -0.00 0.00 -4.18 0.60 0.76 -6.29 0.58 -0.48 -6.79 0.62 -0.52 -6.79 0.62 -0.52 -4.81 -0.63 2.44 -4.10 -0.55 2.08 3.07 8.77 2.63 -7.10 -3.29 82.29 13.02 10.27 3.82 -4.35 19.40 0.78 -0.11 18.28 -0.09 -8.83 7.18 4.04 -11.47 9.45 8.09 0.00 -0.00 -0.00 2.00 -0.01 0.27 -0.01 -0.16 4.63 -0.01 -0.08 2.30 0.00 -0.00 -0.00 -0.00 0.00 0.62 -0.00 0.00 8.68 -0.00 0.00 4.38 0.00 -0.00 -0.00 -2.00 0.06 1.81 0.20 0.57 17.54 0.15 0.28 9.13 0.00 -0.00 -0.00 -4.00 0.05 0.66 0.11 0.62 9.08 0.08 0.31 4.59 2.18 7.31 -0.59 0.73 -15.62 -79.68 -21.14 14.36 -5.21 1.14 15.51 6.20 -0.04 3.67 -0.04 1.16 1.49 -1.50 1.65 2.24 -2.30 -0.00 -0.00 0.00 -2.00 -0.01 -0.20 0.01 -0.13 -3.70 0.01 -0.06 -1.84 -0.00 -0.00 0.00 -0.00 0.00 -0.32 -0.00 0.00 -5.32 -0.00 0.00 -2.65 -0.00 -0.00 0.00 2.00 0.02 -0.50 -0.04 0.26 -7.49 -0.03 0.13 -3.77 -0.00 -0.00 0.00 4.00 0.02 -0.22 -0.02 0.27 -3.89 -0.01 0.13 -1.93
-53.7466 -2.9004 -38.0762 152.15 0.24 0.22 -12.73 -18.98 -4.21 2.93 18.43 14.19 -2.61 -1.16 -9.42 -0.00 0.00 0.00 -24.22 -4.42 1.96 3.21 33.82 -7.71 2.21 -15.90 2.93 0.00 0.00 -0.00 -4.06 0.61 0.86 -6.25 0.59 -0.39 -6.76 0.64 -0.42 -6.76 0.64 -0.42 -4.89 -0.57 2.47 -4.17 -0.50 2.10 3.24 8.67 2.69 -7.10 -3.62 82.10 13.23 9.83 3.81 -4.30 19.22 0.66 -0.11 18.29 -0.09 -8.76 7.19 4.15 -11.35 9.47 8.24 0.00 -0.00 0.00 2.00 -0.01 0.27 -0.01 -0.16 4.72 -0.01 -0.08 2.35 0.00 -0.00 0.00 -0.00 0.00 0.64 -0.00 0.00 8.87 -0.00 0.00 4.48 0.00 -0.00 0.00 -2.00 0.06 1.82 0.20 0.57 17.60 0.15 0.28 9.17 0.00 -0.00 0.00 -4.00 0.05 0.66 0.11 0.62 9.09 0.08 0.31 4.59 2.32 7.39 -0.47 0.26 -14.97 -80.22 -21.25 14.61 -5.18 1.05 15.93 5.81 -0.05 3.70 -0.04 1.15 1.50 -1.53 1.63 2.26 -2.34 0.00 0.00 0.00 -2.00 -0.01 -0.20 0.01 -0.13 -3.68 0.01 -0.06 -1.83 0.00 0.00 0.00 -0.00 0.00 -0.30 -0.00 0.00 -5.09 -0.00 0.00 -2.54 0.00 0.00 0.00 2.00 0.02 -0.49 -0.04 0.25 -7.35 -0.03 0.13 -3.69 0.00 0.00 0.00 4.00 0.02 -0.22 -0.02 0.27 -3.90 -0.01 0.13 -1.93
-53.2374 -2.8398 -38.4259 151.95 0.26 0.18 -12.88 -18.58 -3.86 3.21 18.22 13.98 -2.56 -1.38 -9.41 -0.00 -0.00 -0.00 -23.91 -5.89 3.30 1.95 37.17 -9.61 2.32 -15.31 2.40 -0.00 -0.00 -0.00 -3.98 0.62 0.93 -6.20 0.61 -0.30 -6.70 0.65 -0.32 -6.70 0.65 -0.32 -4.97 -0.50 2.48 -4.23 -0.44 2.11 3.41 8.60 2.75 -7.10 -4.00 81.91 13.45 9.53 3.80 -4.28 19.08 0.47 -0.11 18.27 -0.08 -8.67 7.19 4.24 -11.19 9.49 8.36 -0.00 -0.00 0.00 2.00 -0.01 0.28 -0.02 -0.17 4.79 -0.01 -0.08 2.39 -0.00 -0.00 0.00 -0.00 0.00 0.66 -0.00 0.00 9.05 -0.00 0.00 4.57 -0.00 -0.00 0.00 -2.00 0.06 1.83 0.20 0.57 17.67 0.15 0.28 9.20 -0.00 -0.00 0.00 -4.00 0.05 0.66 0.11 0.62 9.11 0.08 0.31 4.60 2.48 7.47 -0.41 -0.25 -14.31 -80.62 -21.38 14.91 -5.14 0.90 16.21 5.56 -0.06 3.73 -0.05 1.15 1.51 -1.56 1.62 2.28 -2.39 -0.00 0.00 0.00 -2.00 -0.01 -0.20 0.01 -0.13 -3.67 0.01 -0.06 -1.82 -0.00 0.00 0.00 -0.00 0.00 -0.29 -0.00 0.00 -4.93 -0.00 0.00 -2.46 -0.00 0.00 0.00 2.00 0.02 -0.48 -0.03 0.25 -7.26 -0.03 0.12 -3.65 -0.00 0.00 0.00 4.00 0.02 -0.22 -0.02 0.27 -3.91 -0.01 0.13 -1.94
-52.7603 -2.7802 -38.7180 151.73 0.29 0.15 -12.74 -18.27 -3.52 3.22 18.13 13.63 -2.51 -1.65 -9.35 0.00 0.00 0.00 -23.21 -7.41 4.59 -0.20 40.39 -11.80 2.65 -14.76 1.70 -0.00 0.00 0.00 -3.94 0.62 0.96 -6.14 0.62 -0.21 -6.63 0.67 -0.23 -6.63 0.67 -0.23 -5.05 -0.42 2.50 -4.30 -0.37 2.12 3.56 8.56 2.82 -7.08 -4.41 81.72 13.67 9.31 3.78 -4.27 18.93 0.20 -0.10 18.25 -0.08 -8.57 7.19 4.35 -11.02 9.51 8.50 0.00 -0.00 -0.00 2.00 -0.01 0.29 -0.02 -0.17 4.88 -0.01 -0.08 2.43 0.00 -0.00 -0.00 -0.00 0.00 0.68 -0.00 0.00 9.24 -0.00 0.00 4.67 0.00 -0.00 -0.00 -2.00 0.06 1.85 0.21 0.58 17.78 0.16 0.28 9.27 0.00 -0.00 -0.00 -4.00 0.05 0.67 0.11 0.63 9.15 0.08 0.31 4.62 2.66 7.58 -0.41 -0.72 -13.69 -80.91 -21.52 15.26 -5.10 0.75 16.38 5.47 -0.05 3.78 -0.05 1.17 1.53 -1.59 1.66 2.32 -2.44 -0.00 0.00 -0.00 -2.00 -0.01 -0.20 0.01 -0.13 -3.67 0.01 -0.06 -1.82 -0.00 0.00 -0.00 -0.00 0.00 -0.28 -0.00 0.00 -4.83 -0.00 0.00 -2.41 -0.00 0.00 -0.00 2.00 0.02 -0.48 -0.03 0.25 -7.21 -0.02 0.12 -3.62 -0.00 0.00 -0.00 4.00 0.02 -0.22 -0.02 0.27 -3.92 -0.01 0.14 -1.95
-52.3174 -2.7253 -38.9700 151.45 0.32 0.13 -12.31 -18.05 -3.19 3.04 18.15 13.18 -2.50 -1.93 -9.24 0.00 -0.00 -0.00 -22.22 -8.90 5.77 -2.95 43.28 -14.17 3.13 -14.31 1.05 0.00 0.00 -0.00 -3.90 0.63 0.97 -6.05 0.63 -0.13 -6.53 0.68 -0.14 -6.53 0.68 -0.14 -5.13 -0.32 2.50 -4.37 -0.29 2.13 3.67 8.53 2.88 -7.01 -4.89 81.56 13.85 9.10 3.74 -4.31 18.75 -0.19 -0.10 18.16 -0.08 -8.40 7.17 4.42 -10.77 9.51 8.56 0.00 -0.00 -0.00 2.00 -0.01 0.29 -0.02 -0.17 4.88 -0.01 -0.08 2.43 0.00 -0.00 -0.00 0.00 0.00 0.69 0.00 0.00 9.42 0.00 0.00 4.76 0.00 -0.00 -0.00 -2.00 0.07 1.87 0.21 0.58 17.86 0.16 0.28 9.31 0.00 -0.00 -0.00 -4.00 0.05 0.67 0.11 0.63 9.19 0.08 0.31 4.65 2.82 7.71 -0.48 -1.08 -13.13 -81.10 -21.63 15.65 -5.08 0.59 16.46 5.53 -0.05 3.83 -0.04 1.21 1.55 -1.62 1.72 2.35 -2.47 0.00 -0.00 0.00 -2.00 -0.01 -0.20 0.01 -0.13 -3.65 0.01 -0.06 -1.81 0.00 -0.00 0.00 -0.00 0.00 -0.28 -0.00 0.00 -4.76 -0.00 0.00 -2.37 0.00 -0.00 0.00 2.00 0.02 -0.47 -0.03 0.25 -7.15 -0.02 0.12 -3.59 0.00 -0.00 0.00 4.00 0.02 -0.22 -0.02 0.27 -3.92 -0.01 0.14 -1.95
-51.9109 -2.6701 -39.1963 151.15 0.36 0.11 -11.69 -17.88 -2.89 2.72 18.24 12.65 -2.51 -2.22 -9.07 0.00 -0.00 -0.00 -21.10 -10.31 6.79 -5.95 45.74 -16.55 3.71 -13.97 0.55 0.00 -0.00 0.00 -3.87 0.63 0.97 -5.95 0.64 -0.05 -6.42 0.69 -0.06 -6.42 0.69 -0.06 -5.20 -0.21 2.50 -4.43 -0.19 2.13 3.74 8.53 2.94 -6.90 -5.43 81.41 13.98 8.86 3.68 -4.39 18.54 -0.68 -0.10 18.08 -0.08 -8.25 7.15 4.50 -10.54 9.51 8.63 0.00 -0.00 0.00 2.00 -0.01 0.28 -0.02 -0.17 4.86 -0.01 -0.08 2.42 0.00 -0.00 0.00 0.00 0.00 0.70 0.00 0.00 9.51 0.00 0.00 4.81 0.00 -0.00 0.00 -2.00 0.07 1.86 0.21 0.58 17.84 0.16 0.28 9.30 0.00 -0.00 0.00 -4.00 0.05 0.68 0.11 0.63 9.24 0.08 0.32 4.67 2.97 7.85 -0.60 -1.23 -12.60 -81.25 -21.62 16.04 -5.07 0.45 16.44 5.79 -0.04 3.93 -0.04 1.23 1.59 -1.63 1.74 2.41 -2.50 -0.00 0.00 -0.00 -2.00 -0.01 -0.20 0.01 -0.13 -3.62 0.01 -0.06 -1.80 -0.00 0.00 -0.00 0.00 0.00 -0.27 0.00 0.00 -4.70 0.00 0.00 -2.34 -0.00 0.00 -0.00 2.00 0.02 -0.46 -0.03 0.24 -7.06 -0.02 0.12 -3.54 -0.00 0.00 -0.00 4.00 0.02 -0.22 -0.02 0.27 -3.91 -0.01 0.13 -1.94
-51.5179 -2.6031 -39.4352 150.85 0.39 0.12 -11.05 -17.70 -2.58 2.36 18.32 12.03 -2.49 -2.51 -8.85 -0.00 0.00 0.00 -19.99 -11.60 7.65 -8.82 47.73 -18.70 4.29 -13.75 0.23 0.00 -0.00 0.00 -3.85 0.63 0.95 -5.85 0.65 0.01 -6.31 0.70 0.00 -6.31 0.70 0.00 -5.27 -0.07 2.50 -4.49 -0.08 2.13 3.79 8.54 3.00 -6.76 -6.00 81.29 14.07 8.58 3.60 -4.50 18.29 -1.22 -0.10 18.01 -0.08 -8.10 7.13 4.58 -10.31 9.52 8.71 -0.00 -0.00 -0.00 2.00 -0.01 0.28 -0.02 -0.17 4.83 -0.01 -0.08 2.40 -0.00 -0.00 -0.00 0.00 0.00 0.71 0.00 0.00 9.57 0.00 0.00 4.84 -0.00 -0.00 -0.00 -2.00 0.07 1.87 0.21 0.58 17.87 0.16 0.28 9.31 -0.00 -0.00 -0.00 -4.00 0.05 0.68 0.11 0.64 9.29 0.08 0.32 4.70 3.10 8.00 -0.75 -1.20 -12.12 -81.37 -21.48 16.37 -5.06 0.35 16.37 6.13 -0.03 3.96 -0.03 1.27 1.60 -1.64 1.80 2.43 -2.52 0.00 0.00 -0.00 -2.00 -0.01 -0.20 0.01 -0.12 -3.60 0.01 -0.06 -1.78 0.00 0.00 -0.00 0.00 0.00 -0.27 0.00 0.00 -4.66 0.00 0.00 -2.32 0.00 0.00 -0.00 2.00 0.02 -0.46 -0.03 0.24 -6.96 -0.02 0.12 -3.49 0.00 0.00 -0.00 4.00 0.02 -0.22 -0.02 0.27 -3.89 -0.01 0.13 -1.93
-51.1374 -2.5180 -39.7003 150.57 0.41 0.14 -10.52 -17.50 -2.23 2.02 18.39 11.30 -2.42 -2.78 -8.56 0.00 -0.00 -0.00 -19.03 -12.77 8.35 -11.11 49.26 -20.22 4.68 -13.64 0.06 -0.00 -0.00 0.00 -3.84 0.63 0.92 -5.76 0.65 0.05 -6.22 0.71 0.05 -6.22 0.71 0.05 -5.31 0.08 2.50 -4.53 0.05 2.13 3.82 8.58 3.05 -6.61 -6.60 81.21 14.11 8.26 3.49 -4.64 18.04 -1.82 -0.10 17.95 -0.08 -7.95 7.12 4.66 -10.09 9.53 8.80 0.00 -0.00 0.00 2.00 -0.01 0.28 -0.02 -0.17 4.81 -0.01 -0.08 2.40 0.00 -0.00 0.00 0.00 0.00 0.72 0.00 0.00 9.63 0.00 0.00 4.88 0.00 -0.00 0.00 -2.00 0.07 1.86 0.21 0.58 17.84 0.16 0.28 9.30 0.00 -0.00 0.00 -4.00 0.05 0.68 0.11 0.64 9.30 0.08 0.32 4.70 3.24 8.14 -0.91 -1.02 -11.70 -81.48 -21.17 16.59 -5.03 0.25 16.30 6.52 -0.03 3.98 -0.02 1.29 1.61 -1.64 1.83 2.43 -2.51 -0.00 0.00 0.00 -2.00 -0.01 -0.19 0.01 -0.12 -3.57 0.01 -0.06 -1.77 -0.00 0.00 0.00 0.00 0.00 -0.27 0.00 0.00 -4.61 0.00 0.00 -2.30 -0.00 0.00 0.00 2.00 0.02 -0.45 -0.03 0.24 -6.84 -0.02 0.12 -3.43 -0.00 0.00 0.00 4.00 0.01 -0.21 -0.02 0.27 -3.87 -0.01 0.13 -1.92
-50.7682 -2.4168 -39.9965 150.31 0.43 0.18 -10.18 -17.26 -1.84 1.76 18.42 10.47 -2.25 -3.03 -8.23 0.00 -0.00 0.00 -18.30 -13.79 8.91 -12.60 50.32 -20.99 4.75 -13.64 -0.04 0.00 0.00 0.00 -3.85 0.63 0.88 -5.68 0.66 0.08 -6.13 0.71 0.09 -6.13 0.71 0.09 -5.34 0.25 2.50 -4.55 0.20 2.13 3.85 8.63 3.09 -6.46 -7.21 81.20 14.14 7.86 3.36 -4.81 17.74 -2.51 -0.10 17.94 -0.08 -7.78 7.13 4.82 -9.80 9.57 9.00 0.00 -0.00 0.00 2.00 -0.01 0.28 -0.01 -0.17 4.86 -0.01 -0.08 2.42 0.00 -0.00 0.00 0.00 0.00 0.73 0.00 0.00 9.78 0.00 0.00 4.95 0.00 -0.00 0.00 -2.00 0.07 1.88 0.21 0.58 17.90 0.16 0.28 9.34 0.00 -0.00 0.00 -4.00 0.05 0.69 0.11 0.64 9.36 0.08 0.32 4.73 3.39 8.28 -1.04 -0.74 -11.33 -81.59 -20.70 16.69 -4.95 0.21 16.23 6.87 -0.02 3.97 -0.02 1.30 1.61 -1.63 1.85 2.43 -2.50 0.00 -0.00 -0.00 -2.00 -0.01 -0.19 0.01 -0.12 -3.54 0.01 -0.06 -1.76 0.00 -0.00 -0.00 0.00 0.00 -0.26 0.00 0.00 -4.56 0.00 0.00 -2.27 0.00 -0.00 -0.00 2.00 0.02 -0.43 -0.03 0.23 -6.70 -0.02 0.12 -3.36 0.00 -0.00 -0.00 4.00 0.01 -0.21 -0.02 0.27 -3.83 -0.01 0.13 -1.90
-50.4086 -2.3024 -40.3275 150.09 0.44 0.23 -10.12 -16.97 -1.40 1.62 18.39 9.58 -2.02 -3.26 -7.86 0.00 -0.00 0.00 -17.82 -14.64 9.34 -13.30 50.95 -21.02 4.52 -13.71 -0.16 -0.00 -0.00 0.00 -3.87 0.62 0.83 -5.62 0.66 0.10 -6.06 0.72 0.10 -6.07 0.72 0.10 -5.35 0.44 2.49 -4.56 0.36 2.12 3.89 8.69 3.10 -6.34 -7.81 81.25 14.17 7.43 3.24 -4.99 17.45 -3.23 -0.10 17.89 -0.08 -7.63 7.12 4.96 -9.55 9.60 9.17 -0.00 -0.00 -0.00 2.00 -0.01 0.29 -0.01 -0.17 4.91 -0.01 -0.08 2.45 -0.00 -0.00 -0.00 0.00 0.00 0.75 0.00 0.00 9.92 0.00 0.00 5.03 -0.00 -0.00 -0.00 -2.00 0.07 1.89 0.21 0.58 17.97 0.16 0.28 9.37 -0.00 -0.00 -0.00 -4.00 0.05 0.69 0.12 0.64 9.40 0.09 0.32 4.75 3.54 8.39 -1.14 -0.37 -10.97 -81.73 -19.99 16.64 -4.79 0.24 16.17 7.15 -0.02 3.91 -0.02 1.29 1.59 -1.62 1.83 2.39 -2.48 0.00 -0.00 0.00 -2.00 -0.01 -0.19 0.01 -0.12 -3.50 0.01 -0.06 -1.74 0.00 -0.00 0.00 0.00 0.00 -0.26 0.00 0.00 -4.50 0.00 0.00 -2.24 0.00 -0.00 0.00 2.00 0.01 -0.42 -0.03 0.23 -6.53 -0.02 0.11 -3.27 0.00 -0.00 0.00 4.00 0.01 -0.21 -0.02 0.26 -3.78 -0.01 0.13 -1.88
-50.0382 -2.1698 -40.7225 149.91 0.44 0.28 -10.41 -16.58 -0.87 1.70 18.26 8.63 -1.70 -3.48 -7.45 0.00 0.00 -0.00 -17.57 -15.32 9.66 -13.30 51.10 -20.38 4.06 -13.79 -0.35 0.00 -0.00 -0.00 -3.90 0.62 0.77 -5.57 0.67 0.11 -6.01 0.72 0.11 -6.01 0.72 0.11 -5.35 0.62 2.47 -4.56 0.51 2.11 3.93 8.73 3.10 -6.25 -8.35 81.35 14.22 6.96 3.13 -5.14 17.16 -3.93 -0.10 17.89 -0.08 -7.52 7.13 5.11 -9.35 9.63 9.37 -0.00 -0.00 0.00 2.00 -0.01 0.29 -0.02 -0.17 4.98 -0.01 -0.09 2.48 -0.00 -0.00 0.00 0.00 0.00 0.77 0.00 0.00 10.11 0.00 0.00 5.13 -0.00 -0.00 0.00 -2.00 0.07 1.91 0.21 0.58 18.10 0.16 0.29 9.44 -0.00 -0.00 0.00 -4.00 0.05 0.70 0.12 0.65 9.46 0.09 0.32 4.79 3.68 8.46 -1.21 0.03 -10.59 -81.89 -19.13 16.46 -4.56 0.37 16.13 7.32 -0.03 3.88 -0.03 1.22 1.57 -1.58 1.73 2.37 -2.42 0.00 -0.00 -0.00 -2.00 -0.01 -0.19 0.01 -0.12 -3.45 0.01 -0.06 -1.71 0.00 -0.00 -0.00 0.00 0.00 -0.25 0.00 0.00 -4.43 0.00 0.00 -2.20 0.00 -0.00 -0.00 2.00 0.01 -0.40 -0.02 0.22 -6.35 -0.02 0.11 -3.18 0.00 -0.00 -0.00 4.00 0.01 -0.20 -0.02 0.26 -3.72 -0.01 0.13 -1.85
-49.6673 -2.0312 -41.1530 149.75 0.45 0.33 -10.96 -16.12 -0.30 1.95 18.07 7.68 -1.33 -3.68 -7.04 -0.00 -0.00 0.00 -17.49 -15.78 9.90 -12.72 50.57 -19.09 3.45 -13.90 -0.68 0.00 -0.00 0.00 -3.93 0.62 0.71 -5.53 0.67 0.11 -5.97 0.73 0.11 -5.97 0.73 0.11 -5.34 0.78 2.45 -4.56 0.65 2.10 3.97 8.76 3.07 -6.18 -8.81 81.51 14.31 6.50 3.05 -5.27 16.88 -4.58 -0.09 17.84 -0.07 -7.41 7.12 5.24 -9.17 9.64 9.54 0.00 -0.00 -0.00 2.00 -0.01 0.30 -0.02 -0.17 5.05 -0.01 -0.09 2.52 0.00 -0.00 -0.00 0.00 0.00 0.79 0.00 0.00 10.30 0.00 0.00 5.22 0.00 -0.00 -0.00 -2.00 0.07 1.93 0.22 0.59 18.21 0.16 0.29 9.50 0.00 -0.00 -0.00 -4.00 0.05 0.71 0.12 0.65 9.54 0.09 0.33 4.83 3.82 8.47 -1.25 0.40 -10.18 -82.04 -18.18 16.19 -4.27 0.56 16.13 7.39 -0.04 3.79 -0.04 1.20 1.54 -1.58 1.70 2.32 -2.41 -0.00 0.00 0.00 -2.00 -0.01 -0.18 0.01 -0.12 -3.43 0.01 -0.06 -1.70 -0.00 0.00 0.00 0.00 0.00 -0.25 0.00 0.00 -4.39 0.00 0.00 -2.18 -0.00 0.00 0.00 2.00 0.01 -0.39 -0.02 0.22 -6.22 -0.02 0.11 -3.11 -0.00 0.00 0.00 4.00 0.01 -0.20 -0.02 0.26 -3.66 -0.01 0.13 -1.82
-49.3070 -1.9008 -41.5913 149.57 0.45 0.35 -11.60 -15.64 0.26 2.26 17.85 6.78 -0.93 -3.87 -6.65 0.00 0.00 -0.00 -17.48 -16.01 10.08 -11.88 49.46 -17.52 2.89 -14.01 -1.14 0.00 -0.00 0.00 -3.96 0.62 0.65 -5.49 0.68 0.10 -5.93 0.73 0.11 -5.93 0.73 0.11 -5.33 0.91 2.42 -4.54 0.76 2.07 4.01 8.76 3.03 -6.10 -9.19 81.68 14.46 6.00 3.02 -5.32 16.63 -5.14 -0.09 17.80 -0.07 -7.36 7.12 5.39 -9.05 9.64 9.75 -0.00 -0.00 0.00 2.00 -0.01 0.30 -0.02 -0.18 5.11 -0.01 -0.09 2.55 -0.00 -0.00 0.00 0.00 0.00 0.81 0.00 0.00 10.49 0.00 0.00 5.33 -0.00 -0.00 0.00 -2.00 0.07 1.94 0.22 0.59 18.28 0.17 0.29 9.54 -0.00 -0.00 0.00 -4.00 0.05 0.72 0.12 0.66 9.67 0.09 0.33 4.89 3.95 8.44 -1.27 0.70 -9.73 -82.16 -17.21 15.87 -3.94 0.82 16.16 7.36 -0.05 3.73 -0.05 1.13 1.51 -1.54 1.60 2.28 -2.36 0.00 0.00 -0.00 -2.00 -0.01 -0.18 0.01 -0.12 -3.39 0.01 -0.06 -1.68 0.00 0.00 -0.00 0.00 0.00 -0.25 0.00 0.00 -4.35 0.00 0.00 -2.16 0.00 0.00 -0.00 2.00 0.01 -0.38 -0.02 0.21 -6.11 -0.02 0.11 -3.06 0.00 0.00 -0.00 4.00 0.01 -0.20 -0.02 0.25 -3.62 -0.01 0.13 -1.80
-48.9562 -1.7823 -42.0249 149.37 0.45 0.35 -12.23 -15.15 0.80 2.59 17.61 5.96 -0.52 -4.05 -6.30 -0.00 -0.00 -0.00 -17.52 -16.04 10.24 -10.87 47.81 -15.81 2.43 -14.11 -1.71 -0.00 -0.00 -0.00 -3.99 0.62 0.60 -5.45 0.68 0.10 -5.88 0.74 0.11 -5.88 0.74 0.11 -5.31 1.00 2.37 -4.52 0.84 2.03 4.05 8.75 2.98 -5.97 -9.49 81.84 14.65 5.53 3.03 -5.30 16.41 -5.57 -0.09 17.77 -0.07 -7.34 7.11 5.51 -9.00 9.63 9.94 0.00 0.00 -0.00 2.00 -0.01 0.31 -0.02 -0.18 5.15 -0.01 -0.09 2.57 0.00 0.00 -0.00 0.00 0.00 0.83 0.00 0.00 10.63 0.00 0.00 5.40 0.00 0.00 -0.00 -2.00 0.07 1.94 0.22 0.59 18.29 0.17 0.29 9.55 0.00 0.00 -0.00 -4.00 0.05 0.73 0.13 0.67 9.78 0.09 0.33 4.95 4.07 8.39 -1.30 0.92 -9.26 -82.22 -16.16 15.53 -3.56 1.09 16.26 7.21 -0.06 3.65 -0.06 1.10 1.48 -1.55 1.57 2.24 -2.36 0.00 -0.00 0.00 -2.00 -0.01 -0.18 0.01 -0.12 -3.39 0.01 -0.06 -1.68 0.00 -0.00 0.00 -0.00 0.00 -0.25 -0.00 0.00 -4.33 0.00 0.00 -2.15 0.00 -0.00 0.00 2.00 0.01 -0.38 -0.02 0.21 -6.04 -0.02 0.10 -3.02 0.00 -0.00 0.00 4.00 0.01 -0.20 -0.02 0.25 -3.59 -0.01 0.12 -1.78
-48.6020 -1.6763 -42.4554 149.12 0.45 0.34 -12.78 -14.65 1.30 2.86 17.36 5.23 -0.09 -4.22 -6.00 -0.00 0.00 -0.00 -17.59 -15.89 10.40 -9.77 45.72 -14.11 2.10 -14.17 -2.37 0.00 -0.00 0.00 -4.00 0.62 0.55 -5.40 0.68 0.10 -5.83 0.74 0.11 -5.83 0.74 0.11 -5.28 1.07 2.31 -4.50 0.90 1.98 4.07 8.73 2.93 -5.78 -9.72 81.97 14.86 5.10 3.06 -5.24 16.23 -5.89 -0.09 17.75 -0.07 -7.35 7.11 5.61 -8.99 9.62 10.08 0.00 -0.00 -0.00 2.00 -0.01 0.31 -0.02 -0.18 5.18 -0.01 -0.09 2.58 0.00 -0.00 -0.00 0.00 0.00 0.83 0.00 0.00 10.68 0.00 0.00 5.42 0.00 -0.00 -0.00 -2.00 0.07 1.93 0.22 0.59 18.20 0.16 0.29 9.50 0.00 -0.00 -0.00 -4.00 0.05 0.74 0.13 0.67 9.86 0.09 0.34 4.99 4.17 8.31 -1.34 1.08 -8.77 -82.22 -15.11 15.25 -3.17 1.33 16.40 6.99 -0.07 3.60 -0.07 1.09 1.46 -1.55 1.54 2.20 -2.37 -0.00 0.00 -0.00 -2.00 -0.01 -0.18 0.01 -0.12 -3.40 0.01 -0.06 -1.68 -0.00 0.00 -0.00 0.00 -0.00 -0.25 0.00 -0.00 -4.33 0.00 -0.00 -2.15 -0.00 0.00 -0.00 2.00 0.01 -0.37 -0.02 0.21 -6.00 -0.02 0.10 -3.00 -0.00 0.00 -0.00 4.00 0.01 -0.19 -0.02 0.25 -3.57 -0.01 0.12 -1.77
-48.2494 -1.5857 -42.8716 148.84 0.45 0.29 -13.16 -14.15 1.74 3.03 17.12 4.59 0.32 -4.39 -5.76 -0.00 -0.00 0.00 -17.83 -15.50 10.61 -8.34 43.02 -12.34 1.86 -14.12 -3.09 -0.00 0.00 -0.00 -4.00 0.61 0.51 -5.34 0.68 0.11 -5.77 0.74 0.11 -5.77 0.74 0.11 -5.26 1.11 2.25 -4.48 0.94 1.92 4.06 8.67 2.89 -5.51 -9.88 82.05 15.06 4.78 3.11 -5.14 16.09 -6.09 -0.09 17.72 -0.07 -7.37 7.10 5.66 -8.99 9.60 10.16 0.00 0.00 -0.00 2.00 -0.01 0.31 -0.02 -0.18 5.19 -0.01 -0.09 2.59 0.00 0.00 -0.00 0.00 -0.00 0.83 0.00 -0.00 10.64 0.00 -0.00 5.40 0.00 0.00 -0.00 -2.00 0.07 1.89 0.21 0.58 18.00 0.16 0.28 9.39 0.00 0.00 -0.00 -4.00 0.05 0.75 0.13 0.68 9.91 0.09 0.34 5.02 4.25 8.22 -1.41 1.20 -8.28 -82.16 -14.10 15.04 -2.78 1.53 16.57 6.73 -0.08 3.55 -0.07 1.08 1.44 -1.56 1.53 2.18 -2.38 -0.00 0.00 -0.00 -2.00 -0.01 -0.18 0.01 -0.12 -3.41 0.01 -0.06 -1.69 -0.00 0.00 -0.00 -0.00 -0.00 -0.25 0.00 -0.00 -4.33 0.00 -0.00 -2.15 -0.00 0.00 -0.00 2.00 0.01 -0.37 -0.02 0.21 -5.98 -0.02 0.10 -2.99 -0.00 0.00 -0.00 4.00 0.01 -0.19 -0.02 0.25 -3.55 -0.01 0.12 -1.76
-47.8966 -1.5100 -43.2823 148.46 0.44 0.22 -13.32 -13.66 2.14 3.10 16.86 4.04 0.70 -4.54 -5.56 0.00 0.00 0.00 -18.23 -14.89 10.87 -6.65 39.89 -10.66 1.68 -13.94 -3.81 0.00 0.00 -0.00 -3.99 0.61 0.48 -5.28 0.68 0.12 -5.70 0.74 0.13 -5.70 0.74 0.13 -5.22 1.14 2.16 -4.45 0.96 1.85 4.04 8.60 2.84 -5.16 -9.99 82.05 15.25 4.65 3.17 -5.05 16.05 -6.18 -0.10 17.67 -0.08 -7.38 7.08 5.67 -9.01 9.57 10.18 0.00 0.00 -0.00 2.00 -0.01 0.31 -0.02 -0.18 5.18 -0.01 -0.09 2.58 0.00 0.00 -0.00 0.00 -0.00 0.81 0.00 -0.00 10.48 0.00 -0.00 5.32 0.00 0.00 -0.00 -2.00 0.06 1.83 0.21 0.57 17.65 0.16 0.28 9.19 0.00 0.00 -0.00 -4.00 0.05 0.75 0.13 0.68 9.92 0.10 0.34 5.02 4.33 8.14 -1.52 1.30 -7.81 -82.05 -13.15 14.92 -2.41 1.67 16.75 6.47 -0.08 3.52 -0.08 1.07 1.43 -1.57 1.52 2.16 -2.39 0.00 -0.00 -0.00 -2.00 -0.01 -0.18 0.01 -0.12 -3.42 0.01 -0.06 -1.70 0.00 -0.00 -0.00 0.00 -0.00 -0.25 0.00 -0.00 -4.33 0.00 -0.00 -2.15 0.00 -0.00 -0.00 2.00 0.01 -0.37 -0.02 0.21 -5.96 -0.02 0.10 -2.98 0.00 -0.00 -0.00 4.00 0.01 -0.19 -0.02 0.25 -3.55 -0.01 0.12 -1.76
-47.5406 -1.4466 -43.6873 148.04 0.44 0.10 -13.29 -13.15 2.52 3.07 16.58 3.55 1.04 -4.68 -5.39 -0.00 0.00 0.00 -18.76 -14.11 11.15 -4.84 36.55 -9.14 1.49 -13.62 -4.48 -0.00 0.00 -0.00 -3.98 0.60 0.47 -5.21 0.68 0.15 -5.63 0.74 0.16 -5.63 0.73 0.16 -5.19 1.16 2.07 -4.43 0.97 1.77 4.02 8.50 2.79 -4.76 -10.07 82.00 15.39 4.72 3.21 -4.98 16.07 -6.18 -0.10 17.61 -0.08 -7.37 7.06 5.64 -9.01 9.54 10.13 0.00 -0.00 -0.00 2.00 -0.01 0.31 -0.02 -0.18 5.17 -0.01 -0.09 2.58 0.00 -0.00 -0.00 0.00 -0.00 0.79 0.00 -0.00 10.27 0.00 -0.00 5.21 0.00 -0.00 -0.00 -2.00 0.06 1.77 0.20 0.56 17.31 0.15 0.28 9.00 0.00 -0.00 -0.00 -4.00 0.05 0.75 0.13 0.68 9.90 0.09 0.34 5.02 4.41 8.06 -1.64 1.41 -7.34 -81.93 -12.25 14.89 -2.05 1.80 16.94 6.24 -0.09 3.49 -0.08 1.07 1.42 -1.59 1.52 2.15 -2.42 0.00 -0.00 -0.00 -2.00 -0.01 -0.19 0.01 -0.12 -3.44 0.01 -0.06 -1.71 0.00 -0.00 -0.00 0.00 -0.00 -0.25 0.00 -0.00 -4.33 0.00 0.00 -2.15 0.00 -0.00 -0.00 2.00 0.01 -0.37 -0.02 0.21 -5.93 -0.02 0.10 -2.96 0.00 -0.00 -0.00 4.00 0.01 -0.19 -0.02 0.25 -3.53 -0.01 0.12 -1.75
-47.1306 -1.3838 -44.1120 147.59 0.42 -0.03 -13.11 -12.56 2.89 2.93 16.20 3.08 1.37 -4.81 -5.24 -0.00 -0.00 0.00 -19.42 -13.14 11.31 -2.92 33.11 -7.65 1.15 -13.01 -5.04 0.00 0.00 -0.00 -3.96 0.59 0.47 -5.14 0.67 0.18 -5.55 0.73 0.20 -5.55 0.73 0.20 -5.16 1.17 1.98 -4.39 0.98 1.70 3.99 8.40 2.75 -4.36 -10.13 81.90 15.50 4.98 3.24 -4.95 16.16 -6.15 -0.10 17.49 -0.08 -7.33 7.01 5.59 -8.99 9.49 10.03 0.00 0.00 0.00 2.00 -0.01 0.31 -0.02 -0.18 5.15 -0.01 -0.09 2.57 0.00 0.00 0.00 0.00 -0.00 0.77 0.00 -0.00 10.06 0.00 0.00 5.10 0.00 0.00 0.00 -2.00 0.06 1.72 0.19 0.55 16.96 0.14 0.27 8.81 0.00 0.00 0.00 -4.00 0.05 0.74 0.13 0.67 9.85 0.09 0.34 4.99 4.47 7.98 -1.77 1.53 -6.90 -81.83 -11.42 14.90 -1.70 1.90 17.12 6.04 -0.09 3.47 -0.09 1.07 1.41 -1.59 1.52 2.13 -2.43 0.00 0.00 -0.00 -2.00 -0.01 -0.19 0.01 -0.12 -3.46 0.01 -0.06 -1.72 0.00 0.00 -0.00 0.00 0.00 -0.25 0.00 -0.00 -4.34 0.00 -0.00 -2.16 0.00 0.00 -0.00 2.00 0.01 -0.37 -0.02 0.21 -5.91 -0.02 0.10 -2.95 0.00 0.00 -0.00 4.00 0.01 -0.19 -0.02 0.25 -3.51 -0.01 0.12 -1.74
-46.6863 -1.3253 -44.5536 147.12 0.40 -0.21 -12.82 -11.89 3.29 2.75 15.74 2.64 1.66 -4.91 -5.12 -0.00 0.00 0.00 -20.07 -12.07 11.34 -1.27 29.86 -6.28 0.89 -12.31 -5.59 0.00 0.00 -0.00 -3.94 0.58 0.48 -5.08 0.67 0.23 -5.48 0.72 0.25 -5.48 0.72 0.25 -5.12 1.19 1.90 -4.36 1.00 1.62 3.95 8.27 2.74 -3.95 -10.17 81.73 15.54 5.41 3.25 -4.95 16.26 -6.09 -0.10 17.40 -0.08 -7.28 6.97 5.51 -8.96 9.45 9.89 0.00 -0.00 0.00 2.00 -0.01 0.30 -0.02 -0.18 5.11 -0.01 -0.09 2.55 0.00 -0.00 0.00 0.00 -0.00 0.74 0.00 -0.00 9.80 0.00 0.00 4.96 0.00 -0.00 0.00 -2.00 0.06 1.65 0.18 0.54 16.57 0.14 0.27 8.60 0.00 -0.00 0.00 -4.00 0.05 0.74 0.13 0.67 9.79 0.09 0.33 4.96 4.52 7.89 -1.89 1.68 -6.47 -81.74 -10.65 14.92 -1.38 1.99 17.28 5.89 -0.09 3.45 -0.09 1.07 1.40 -1.60 1.52 2.12 -2.44 0.00 -0.00 0.00 -2.00 -0.01 -0.19 0.01 -0.12 -3.48 0.01 -0.06 -1.72 0.00 -0.00 0.00 0.00 -0.00 -0.25 0.00 -0.00 -4.34 0.00 -0.00 -2.16 0.00 -0.00 0.00 2.00 0.01 -0.36 -0.02 0.20 -5.89 -0.02 0.10 -2.95 0.00 -0.00 0.00 4.00 0.01 -0.19 -0.02 0.24 -3.50 -0.01 0.12 -1.74
-46.2190 -1.2692 -44.9934 146.69 0.38 -0.42 -12.54 -11.16 3.70 2.57 15.18 2.23 1.90 -4.97 -5.01 -0.00 0.00 -0.00 -20.62 -11.11 11.30 -0.02 27.14 -5.09 0.74 -11.69 -6.10 -0.00 -0.00 0.00 -3.93 0.57 0.49 -5.03 0.66 0.29 -5.43 0.71 0.31 -5.43 0.71 0.31 -5.08 1.22 1.83 -4.33 1.03 1.56 3.95 8.17 2.78 -3.61 -10.29 81.50 15.48 6.01 3.25 -5.01 16.39 -6.07 -0.11 17.28 -0.08 -7.20 6.92 5.40 -8.89 9.40 9.69 0.00 -0.00 -0.00 2.00 -0.01 0.30 -0.02 -0.17 5.02 -0.01 -0.09 2.50 0.00 -0.00 -0.00 0.00 0.00 0.70 0.00 0.00 9.42 0.00 0.00 4.76 0.00 -0.00 -0.00 -2.00 0.05 1.57 0.17 0.53 16.05 0.13 0.26 8.31 0.00 -0.00 -0.00 -4.00 0.05 0.72 0.12 0.66 9.66 0.09 0.33 4.89 4.58 7.80 -2.01 1.84 -6.08 -81.67 -9.96 14.92 -1.08 2.07 17.41 5.79 -0.09 3.43 -0.09 1.08 1.39 -1.60 1.53 2.11 -2.44 -0.00 0.00 0.00 -2.00 -0.01 -0.19 0.01 -0.12 -3.48 0.01 -0.06 -1.73 -0.00 0.00 0.00 0.00 -0.00 -0.25 0.00 -0.00 -4.34 0.00 -0.00 -2.16 -0.00 0.00 0.00 2.00 0.01 -0.36 -0.02 0.20 -5.88 -0.02 0.10 -2.94 -0.00 0.00 0.00 4.00 0.01 -0.19 -0.02 0.24 -3.50 -0.01 0.12 -1.73
-45.7610 -1.2134 -45.4165 146.36 0.35 -0.61 -12.34 -10.41 4.07 2.45 14.57 1.87 2.10 -5.00 -4.92 0.00 -0.00 0.00 -21.03 -10.39 11.23 0.87 25.01 -4.12 0.59 -11.11 -6.53 -0.00 0.00 -0.00 -3.95 0.56 0.51 -5.02 0.65 0.33 -5.42 0.70 0.36 -5.42 0.70 0.36 -5.05 1.27 1.78 -4.30 1.07 1.52 3.97 8.10 2.87 -3.36 -10.48 81.25 15.32 6.69 3.23 -5.11 16.52 -6.11 -0.11 17.18 -0.09 -7.11 6.88 5.30 -8.81 9.37 9.50 -0.00 -0.00 -0.00 2.00 -0.01 0.29 -0.01 -0.17 4.93 -0.01 -0.08 2.46 -0.00 -0.00 -0.00 0.00 0.00 0.66 0.00 0.00 9.09 0.00 0.00 4.59 -0.00 -0.00 -0.00 -2.00 0.05 1.50 0.16 0.52 15.64 0.12 0.26 8.09 -0.00 -0.00 -0.00 -4.00 0.05 0.71 0.12 0.66 9.56 0.09 0.33 4.84 4.66 7.71 -2.12 1.98 -5.76 -81.60 -9.29 14.88 -0.80 2.14 17.52 5.71 -0.09 3.42 -0.08 1.09 1.39 -1.59 1.54 2.10 -2.43 -0.00 0.00 -0.00 -2.00 -0.01 -0.19 0.01 -0.12 -3.48 0.01 -0.06 -1.73 -0.00 0.00 -0.00 0.00 0.00 -0.25 -0.00 0.00 -4.34 -0.00 0.00 -2.16 -0.00 0.00 -0.00 2.00 0.01 -0.36 -0.02 0.20 -5.86 -0.02 0.10 -2.93 -0.00 0.00 -0.00 4.00 0.01 -0.19 -0.02 0.24 -3.49 -0.01 0.12 -1.73
-45.3077 -1.1544 -45.8366 146.15 0.32 -0.78 -12.26 -9.61 4.41 2.36 13.88 1.54 2.28 -4.99 -4.83 -0.00 -0.00 -0.00 -20.99 -9.84 11.10 1.17 23.27 -3.36 0.42 -10.59 -6.84 -0.00 0.00 0.00 -3.99 0.55 0.52 -5.03 0.64 0.38 -5.43 0.69 0.40 -5.43 0.69 0.40 -5.03 1.33 1.75 -4.29 1.13 1.50 4.01 8.07 2.99 -3.20 -10.71 81.00 15.08 7.40 3.17 -5.25 16.64 -6.20 -0.11 17.10 -0.09 -7.03 6.85 5.21 -8.73 9.35 9.34 -0.00 -0.00 0.00 2.00 -0.01 0.28 -0.01 -0.17 4.84 -0.01 -0.08 2.41 -0.00 -0.00 0.00 0.00 0.00 0.63 0.00 0.00 8.79 0.00 0.00 4.43 -0.00 -0.00 0.00 -2.00 0.05 1.45 0.15 0.51 15.27 0.12 0.25 7.88 -0.00 -0.00 0.00 -4.00 0.05 0.70 0.12 0.65 9.45 0.09 0.32 4.78 4.75 7.64 -2.20 2.10 -5.53 -81.56 -8.67 14.82 -0.54 2.20 17.62 5.64 -0.09 3.40 -0.08 1.09 1.38 -1.59 1.54 2.09 -2.42 -0.00 0.00 -0.00 -2.00 -0.01 -0.19 0.01 -0.12 -3.48 0.01 -0.06 -1.73 -0.00 0.00 -0.00 -0.00 -0.00 -0.25 -0.00 0.00 -4.34 -0.00 0.00 -2.16 -0.00 0.00 -0.00 2.00 0.01 -0.36 -0.02 0.20 -5.85 -0.02 0.10 -2.92 -0.00 0.00 -0.00 4.00 0.01 -0.19 -0.02 0.24 -3.49 -0.01 0.12 -1.73
-44.8548 -1.0927 -46.2563 146.07 0.28 -0.91 -12.30 -8.79 4.67 2.31 13.19 1.27 2.44 -4.97 -4.76 -0.00 0.00 0.00 -20.52 -9.36 10.91 0.98 21.76 -2.79 0.21 -10.10 -7.07 -0.00 -0.00 -0.00 -4.05 0.54 0.51 -5.07 0.63 0.41 -5.48 0.68 0.44 -5.48 0.68 0.44 -5.02 1.40 1.73 -4.28 1.18 1.48 4.07 8.04 3.10 -3.17 -10.96 80.82 14.80 8.07 3.08 -5.42 16.72 -6.35 -0.11 17.05 -0.09 -6.94 6.83 5.15 -8.61 9.35 9.22 0.00 -0.00 -0.00 2.00 -0.01 0.28 -0.01 -0.17 4.77 -0.01 -0.08 2.38 0.00 -0.00 -0.00 0.00 0.00 0.61 0.00 0.00 8.56 0.00 0.00 4.32 0.00 -0.00 -0.00 -2.00 0.05 1.41 0.15 0.50 15.03 0.11 0.25 7.75 0.00 -0.00 -0.00 -4.00 0.05 0.69 0.11 0.64 9.38 0.08 0.32 4.74 4.84 7.54 -2.23 2.19 -5.36 -81.57 -8.12 14.75 -0.30 2.26 17.70 5.57 -0.09 3.38 -0.08 1.08 1.37 -1.59 1.54 2.08 -2.42 0.00 -0.00 -0.00 -2.00 -0.01 -0.19 0.01 -0.12 -3.49 0.01 -0.06 -1.73 0.00 -0.00 -0.00 0.00 -0.00 -0.25 0.00 -0.00 -4.35 0.00 -0.00 -2.16 0.00 -0.00 -0.00 2.00 0.01 -0.36 -0.02 0.20 -5.84 -0.02 0.10 -2.92 0.00 -0.00 -0.00 4.00 0.01 -0.19 -0.02 0.24 -3.48 -0.01 0.12 -1.72
-44.4043 -1.0306 -46.6886 146.08 0.25 -0.99 -12.42 -8.00 4.83 2.27 12.55 1.05 2.60 -4.98 -4.69 -0.00 0.00 0.00 -19.66 -8.89 10.65 0.41 20.33 -2.36 -0.06 -9.62 -7.20 0.00 -0.00 -0.00 -4.12 0.53 0.46 -5.12 0.62 0.42 -5.53 0.68 0.45 -5.53 0.68 0.45 -5.04 1.46 1.73 -4.30 1.23 1.48 4.14 8.03 3.18 -3.27 -11.16 80.75 14.47 8.59 2.95 -5.62 16.78 -6.55 -0.11 16.99 -0.09 -6.86 6.81 5.07 -8.53 9.33 9.08 -0.00 0.00 0.00 2.00 -0.01 0.27 -0.01 -0.16 4.69 -0.01 -0.08 2.34 -0.00 0.00 0.00 -0.00 0.00 0.59 -0.00 0.00 8.37 -0.00 0.00 4.22 -0.00 0.00 0.00 -2.00 0.05 1.39 0.14 0.49 14.87 0.11 0.24 7.66 -0.00 0.00 0.00 -4.00 0.05 0.68 0.11 0.64 9.30 0.08 0.32 4.70 4.92 7.43 -2.19 2.23 -5.23 -81.62 -7.67 14.66 -0.08 2.33 17.79 5.49 -0.09 3.36 -0.09 1.08 1.36 -1.59 1.53 2.07 -2.42 -0.00 -0.00 -0.00 -2.00 -0.01 -0.19 0.01 -0.12 -3.49 0.01 -0.06 -1.73 -0.00 -0.00 -0.00 -0.00 0.00 -0.25 0.00 0.00 -4.36 0.00 0.00 -2.17 -0.00 -0.00 -0.00 2.00 0.01 -0.36 -0.02 0.20 -5.84 -0.02 0.10 -2.92 -0.00 -0.00 -0.00 4.00 0.01 -0.19 -0.02 0.24 -3.47 -0.01 0.12 -1.72
-43.9842 -0.9679 -47.1254 146.14 0.21 -1.02 -12.56 -7.25 4.91 2.22 11.93 0.88 2.77 -4.99 -4.63 0.00 -0.00 0.00 -18.61 -8.41 10.37 -0.32 19.01 -2.03 -0.39 -9.18 -7.27 0.00 -0.00 0.00 -4.19 0.52 0.39 -5.18 0.61 0.43 -5.59 0.67 0.46 -5.59 0.67 0.46 -5.07 1.52 1.72 -4.32 1.28 1.47 4.22 7.99 3.22 -3.47 -11.29 80.77 14.15 8.94 2.80 -5.84 16.82 -6.78 -0.11 16.94 -0.09 -6.80 6.79 5.03 -8.47 9.32 8.99 0.00 -0.00 0.00 2.00 -0.01 0.27 -0.01 -0.16 4.63 -0.01 -0.08 2.30 0.00 -0.00 0.00 -0.00 0.00 0.57 -0.00 0.00 8.24 -0.00 0.00 4.15 0.00 -0.00 0.00 -2.00 0.05 1.37 0.14 0.49 14.75 0.11 0.24 7.60 0.00 -0.00 0.00 -4.00 0.05 0.68 0.11 0.63 9.25 0.08 0.32 4.67 5.00 7.30 -2.09 2.24 -5.14 -81.70 -7.38 14.55 0.08 2.42 17.86 5.43 -0.09 3.35 -0.09 1.06 1.36 -1.59 1.51 2.06 -2.42 0.00 0.00 -0.00 -2.00 -0.01 -0.19 0.01 -0.12 -3.51 0.01 -0.06 -1.74 0.00 0.00 -0.00 -0.00 0.00 -0.25 -0.00 0.00 -4.41 -0.00 0.00 -2.19 0.00 0.00 -0.00 2.00 0.01 -0.36 -0.02 0.20 -5.87 -0.02 0.10 -2.93 0.00 0.00 -0.00 4.00 0.01 -0.19 -0.02 0.24 -3.45 -0.01 0.12 -1.71
-43.6099 -0.9062 -47.5614 146.17 0.18 -1.04 -12.66 -6.52 4.94 2.13 11.30 0.72 2.95 -4.97 -4.56 -0.00 -0.00 -0.00 -17.54 -7.93 10.09 -1.05 17.84 -1.76 -0.68 -8.82 -7.29 -0.00 0.00 0.00 -4.22 0.50 0.32 -5.22 0.60 0.43 -5.64 0.65 0.46 -5.64 0.65 0.46 -5.12 1.57 1.70 -4.37 1.33 1.46 4.28 7.92 3.22 -3.72 -11.31 80.86 13.84 9.09 2.66 -6.04 16.83 -7.00 -0.11 16.91 -0.09 -6.77 6.77 5.00 -8.43 9.31 8.95 0.00 0.00 -0.00 2.00 -0.01 0.26 -0.01 -0.16 4.58 -0.01 -0.08 2.28 0.00 0.00 -0.00 -0.00 0.00 0.56 -0.00 0.00 8.14 -0.00 0.00 4.10 0.00 0.00 -0.00 -2.00 0.05 1.36 0.14 0.49 14.66 0.10 0.24 7.55 0.00 0.00 -0.00 -4.00 0.05 0.67 0.11 0.63 9.21 0.08 0.31 4.65 5.05 7.15 -1.98 2.24 -5.06 -81.77 -7.26 14.44 0.16 2.49 17.90 5.38 -0.09 3.35 -0.09 1.06 1.36 -1.58 1.51 2.06 -2.41 0.00 -0.00 -0.00 -2.00 -0.01 -0.19 0.01 -0.12 -3.53 0.01 -0.06 -1.75 0.00 -0.00 -0.00 -0.00 0.00 -0.25 -0.00 0.00 -4.46 -0.00 0.00 -2.22 0.00 -0.00 -0.00 2.00 0.01 -0.37 -0.02 0.21 -5.91 -0.02 0.10 -2.95 0.00 -0.00 -0.00 4.00 0.01 -0.19 -0.02 0.24 -3.44 -0.01 0.12 -1.71
-43.2986 -0.8418 -47.9424 146.21 0.16 -1.04 -12.75 -5.90 4.94 2.06 10.77 0.60 3.11 -4.96 -4.49 -0.00 -0.00 -0.00 -16.57 -7.50 9.85 -1.72 16.84 -1.56 -0.95 -8.51 -7.29 0.00 0.00 0.00 -4.25 0.49 0.26 -5.26 0.59 0.42 -5.68 0.64 0.45 -5.68 0.64 0.45 -5.17 1.61 1.69 -4.40 1.36 1.45 4.34 7.86 3.21 -3.96 -11.32 80.96 13.58 9.18 2.53 -6.22 16.83 -7.20 -0.11 16.90 -0.09 -6.75 6.77 4.99 -8.41 9.31 8.92 -0.00 -0.00 -0.00 2.00 -0.01 0.26 -0.01 -0.16 4.55 -0.01 -0.08 2.26 -0.00 -0.00 -0.00 -0.00 -0.00 0.56 -0.00 -0.00 8.09 -0.00 -0.00 4.07 -0.00 -0.00 -0.00 -2.00 0.05 1.35 0.14 0.49 14.62 0.10 0.24 7.53 -0.00 -0.00 -0.00 -4.00 0.05 0.67 0.11 0.63 9.18 0.08 0.31 4.64 5.10 7.01 -1.86 2.23 -5.00 -81.84 -7.18 14.34 0.21 2.56 17.93 5.34 -0.10 3.35 -0.09 1.06 1.36 -1.58 1.50 2.06 -2.41 0.00 -0.00 -0.00 -2.00 -0.01 -0.19 0.01 -0.12 -3.54 0.01 -0.06 -1.76 0.00 -0.00 -0.00 -0.00 0.00 -0.26 -0.00 0.00 -4.47 -0.00 0.00 -2.23 0.00 -0.00 -0.00 2.00 0.01 -0.37 -0.02 0.21 -5.92 -0.02 0.10 -2.96 0.00 -0.00 -0.00 4.00 0.01 -0.19 -0.02 0.24 -3.44 -0.01 0.12 -1.70
-43.0446 -0.7806 -48.3197 146.16 0.14 -1.02 -12.73 -5.34 4.89 1.95 10.25 0.50 3.27 -4.91 -4.41 0.00 -0.00 0.00 -15.74 -7.06 9.60 -2.30 15.97 -1.40 -1.06 -8.28 -7.26 -0.00 0.00 0.00 -4.21 0.47 0.21 -5.27 0.57 0.41 -5.70 0.62 0.44 -5.70 0.62 0.44 -5.22 1.65 1.65 -4.45 1.40 1.42 4.38 7.75 3.16 -4.20 -11.20 81.10 13.35 9.09 2.43 -6.37 16.83 -7.35 -0.11 16.90 -0.09 -6.75 6.77 4.99 -8.41 9.31 8.91 -0.00 -0.00 0.00 2.00 -0.01 0.26 -0.01 -0.16 4.52 -0.01 -0.08 2.25 -0.00 -0.00 0.00 0.00 -0.00 0.55 0.00 -0.00 8.01 0.00 -0.00 4.03 -0.00 -0.00 0.00 -2.00 0.05 1.34 0.14 0.48 14.54 0.10 0.24 7.49 -0.00 -0.00 0.00 -4.00 0.05 0.67 0.11 0.63 9.17 0.08 0.31 4.63 5.12 6.85 -1.77 2.21 -4.94 -81.86 -7.28 14.25 0.16 2.60 17.91 5.31 -0.09 3.37 -0.09 1.06 1.37 -1.58 1.50 2.07 -2.40 0.00 0.00 -0.00 -2.00 -0.01 -0.19 0.01 -0.12 -3.56 0.01 -0.06 -1.76 0.00 0.00 -0.00 -0.00 0.00 -0.26 -0.00 0.00 -4.52 -0.00 0.00 -2.25 0.00 0.00 -0.00 2.00 0.01 -0.37 -0.02 0.21 -5.97 -0.02 0.10 -2.98 0.00 0.00 -0.00 4.00 0.01 -0.19 -0.02 0.24 -3.44 -0.01 0.12 -1.71
-42.8514 -0.7281 -48.7254 146.02 0.11 -0.99 -12.59 -4.79 4.78 1.82 9.67 0.41 3.46 -4.82 -4.29 0.00 0.00 -0.00 -15.34 -6.53 9.32 -2.56 15.16 -1.23 -0.95 -8.09 -7.22 -0.00 -0.00 -0.00 -4.11 0.44 0.18 -5.27 0.54 0.40 -5.69 0.59 0.43 -5.69 0.59 0.43 -5.32 1.68 1.56 -4.53 1.42 1.34 4.36 7.61 3.07 -4.31 -10.95 81.18 13.13 8.88 2.38 -6.41 16.84 -7.30 -0.11 16.98 -0.09 -6.85 6.79 4.97 -8.55 9.32 8.91 -0.00 0.00 0.00 2.00 -0.01 0.26 -0.01 -0.16 4.47 -0.01 -0.08 2.22 -0.00 0.00 0.00 0.00 0.00 0.53 0.00 0.00 7.72 0.00 0.00 3.88 -0.00 0.00 0.00 -2.00 0.04 1.28 0.13 0.47 14.10 0.10 0.23 7.25 -0.00 0.00 0.00 -4.00 0.05 0.67 0.11 0.63 9.13 0.08 0.31 4.61 5.12 6.69 -1.77 2.17 -4.94 -81.78 -7.63 14.10 -0.05 2.49 17.75 5.29 -0.07 3.47 -0.07 1.09 1.41 -1.54 1.55 2.13 -2.36 0.00 0.00 0.00 -2.00 -0.01 -0.20 0.01 -0.12 -3.59 0.01 -0.06 -1.78 0.00 0.00 0.00 -0.00 0.00 -0.27 -0.00 0.00 -4.65 -0.00 0.00 -2.31 0.00 0.00 0.00 2.00 0.01 -0.38 -0.02 0.21 -6.09 -0.02 0.11 -3.05 0.00 0.00 0.00 4.00 0.01 -0.19 -0.02 0.24 -3.49 -0.01 0.12 -1.73
-42.6966 -0.6764 -49.1491 145.90 0.10 -0.96 -12.49 -4.24 4.64 1.67 9.08 0.32 3.67 -4.72 -4.14 -0.00 0.00 -0.00 -15.37 -5.93 9.06 -2.43 14.38 -1.04 -0.80 -7.93 -7.17 0.00 0.00 -0.00 -4.01 0.41 0.16 -5.26 0.51 0.39 -5.68 0.55 0.42 -5.68 0.55 0.42 -5.41 1.71 1.48 -4.61 1.45 1.27 4.34 7.48 2.98 -4.33 -10.69 81.21 12.93 8.71 2.35 -6.42 16.89 -7.16 -0.11 17.02 -0.09 -6.90 6.81 4.94 -8.63 9.33 8.88 0.00 -0.00 -0.00 2.00 -0.01 0.25 -0.01 -0.15 4.45 -0.01 -0.08 2.21 0.00 -0.00 -0.00 0.00 -0.00 0.51 0.00 -0.00 7.51 0.00 0.00 3.77 0.00 -0.00 -0.00 -2.00 0.04 1.23 0.13 0.46 13.80 0.09 0.23 7.09 0.00 -0.00 -0.00 -4.00 0.05 0.66 0.11 0.62 9.09 0.08 0.31 4.59 5.12 6.57 -1.80 2.09 -5.01 -81.68 -8.04 13.93 -0.29 2.30 17.54 5.28 -0.06 3.54 -0.05 1.12 1.43 -1.52 1.59 2.17 -2.33 0.00 0.00 0.00 -2.00 -0.01 -0.20 0.01 -0.13 -3.61 0.01 -0.06 -1.79 0.00 0.00 0.00 -0.00 0.00 -0.28 -0.00 0.00 -4.73 -0.00 0.00 -2.36 0.00 0.00 0.00 2.00 0.01 -0.39 -0.03 0.22 -6.17 -0.02 0.11 -3.09 0.00 0.00 0.00 4.00 0.01 -0.19 -0.02 0.24 -3.50 -0.01 0.12 -1.74
-42.6004 -0.6481 -49.6056 145.64 0.08 -0.94 -12.29 -3.81 4.46 1.54 8.68 0.26 3.90 -4.71 -3.97 0.00 0.00 0.00 -15.51 -5.16 8.77 -2.04 13.39 -0.85 -0.62 -7.67 -7.08 -0.00 -0.00 0.00 -3.79 0.39 0.15 -5.24 0.48 0.39 -5.66 0.52 0.41 -5.66 0.52 0.41 -5.51 1.74 1.39 -4.69 1.47 1.20 4.31 7.35 2.90 -4.28 -10.42 81.19 12.75 8.65 2.32 -6.41 16.98 -6.96 -0.11 17.01 -0.09 -6.94 6.80 4.89 -8.70 9.31 8.81 0.00 -0.00 0.00 2.00 -0.01 0.25 -0.01 -0.15 4.44 -0.01 -0.08 2.21 0.00 -0.00 0.00 0.00 0.00 0.48 0.00 0.00 7.27 0.00 0.00 3.65 0.00 -0.00 0.00 -2.00 0.04 1.19 0.12 0.45 13.49 0.09 0.22 6.92 0.00 -0.00 0.00 -4.00 0.05 0.65 0.11 0.62 9.01 0.08 0.31 4.55 5.11 6.46 -1.86 1.99 -5.13 -81.55 -8.49 13.71 -0.55 2.07 17.29 5.29 -0.04 3.60 -0.04 1.14 1.46 -1.51 1.63 2.20 -2.30 0.00 -0.00 0.00 -2.00 -0.01 -0.20 0.01 -0.13 -3.63 0.01 -0.06 -1.80 0.00 -0.00 0.00 -0.00 0.00 -0.28 -0.00 0.00 -4.82 -0.00 0.00 -2.40 0.00 -0.00 0.00 2.00 0.01 -0.39 -0.03 0.22 -6.25 -0.02 0.11 -3.13 0.00 -0.00 0.00 4.00 0.01 -0.19 -0.02 0.25 -3.53 -0.01 0.12 -1.75
-42.5472 -0.6268 -50.0795 145.30 0.06 -0.91 -12.04 -3.49 4.25 1.42 8.45 0.21 4.14 -4.76 -3.79 -0.00 0.00 -0.00 -15.69 -4.29 8.46 -1.55 12.23 -0.66 -0.43 -7.34 -6.95 -0.00 -0.00 -0.00 -3.49 0.36 0.15 -5.22 0.45 0.38 -5.64 0.48 0.41 -5.64 0.48 0.41 -5.60 1.77 1.32 -4.77 1.50 1.14 4.29 7.23 2.84 -4.19 -10.16 81.14 12.57 8.79 2.28 -6.40 17.13 -6.73 -0.11 17.03 -0.09 -6.98 6.80 4.80 -8.77 9.31 8.69 -0.00 -0.00 -0.00 2.00 -0.01 0.25 -0.01 -0.15 4.42 -0.01 -0.08 2.20 -0.00 -0.00 -0.00 0.00 0.00 0.46 0.00 0.00 6.97 0.00 0.00 3.50 -0.00 -0.00 -0.00 -2.00 0.04 1.14 0.12 0.44 13.14 0.09 0.22 6.73 -0.00 -0.00 -0.00 -4.00 0.04 0.64 0.10 0.61 8.90 0.08 0.30 4.49 5.10 6.37 -1.93 1.89 -5.29 -81.43 -8.94 13.47 -0.81 1.82 17.01 5.33 -0.03 3.66 -0.03 1.17 1.48 -1.49 1.67 2.24 -2.28 0.00 0.00 -0.00 -2.00 -0.01 -0.20 0.01 -0.13 -3.65 0.01 -0.06 -1.81 0.00 0.00 -0.00 -0.00 0.00 -0.29 -0.00 0.00 -4.91 -0.00 0.00 -2.45 0.00 0.00 -0.00 2.00 0.01 -0.40 -0.03 0.22 -6.32 -0.02 0.11 -3.16 0.00 0.00 -0.00 4.00 0.01 -0.19 -0.02 0.25 -3.54 -0.01 0.12 -1.76
-42.5176 -0.6075 -50.5456 144.96 0.05 -0.88 -11.80 -3.23 4.03 1.30 8.31 0.18 4.39 -4.86 -3.61 0.00 -0.00 -0.00 -15.84 -3.40 8.14 -1.09 11.02 -0.50 -0.23 -6.97 -6.81 0.00 -0.00 -0.00 -3.18 0.34 0.15 -5.20 0.42 0.37 -5.62 0.46 0.39 -5.62 0.46 0.39 -5.68 1.81 1.27 -4.84 1.53 1.09 4.28 7.11 2.79 -4.10 -9.91 81.08 12.37 9.10 2.22 -6.41 17.29 -6.49 -0.11 17.09 -0.09 -7.01 6.82 4.71 -8.84 9.33 8.58 -0.00 0.00 -0.00 2.00 -0.01 0.25 -0.01 -0.15 4.40 -0.01 -0.08 2.19 -0.00 0.00 -0.00 0.00 0.00 0.44 0.00 0.00 6.73 0.00 0.00 3.37 -0.00 0.00 -0.00 -2.00 0.04 1.11 0.11 0.43 12.87 0.08 0.22 6.59 -0.00 0.00 -0.00 -4.00 0.04 0.63 0.10 0.60 8.79 0.08 0.30 4.44 5.11 6.28 -1.98 1.84 -5.52 -81.36 -9.40 13.18 -1.06 1.58 16.73 5.40 -0.02 3.71 -0.02 1.20 1.50 -1.48 1.71 2.27 -2.26 -0.00 0.00 -0.00 -2.00 -0.01 -0.20 0.01 -0.13 -3.67 0.01 -0.06 -1.82 -0.00 0.00 -0.00 -0.00 0.00 -0.30 -0.00 0.00 -5.01 -0.00 0.00 -2.50 -0.00 0.00 -0.00 2.00 0.01 -0.41 -0.03 0.22 -6.39 -0.02 0.11 -3.20 -0.00 0.00 -0.00 4.00 0.01 -0.19 -0.02 0.25 -3.55 -0.01 0.12 -1.76
-42.4827 -0.5847 -51.0181 144.66 0.04 -0.85 -11.63 -2.97 3.80 1.19 8.18 0.15 4.66 -4.98 -3.44 0.00 0.00 0.00 -15.92 -2.50 7.82 -0.74 9.77 -0.38 -0.04 -6.59 -6.65 0.00 -0.00 -0.00 -2.90 0.32 0.15 -5.19 0.40 0.35 -5.60 0.43 0.38 -5.60 0.43 0.38 -5.75 1.85 1.23 -4.90 1.57 1.06 4.28 6.99 2.74 -4.04 -9.69 81.05 12.15 9.53 2.14 -6.42 17.45 -6.28 -0.11 17.13 -0.09 -7.03 6.83 4.63 -8.89 9.35 8.45 -0.00 0.00 0.00 2.00 -0.01 0.25 -0.01 -0.15 4.37 -0.01 -0.08 2.17 -0.00 0.00 0.00 0.00 0.00 0.42 0.00 0.00 6.54 0.00 0.00 3.28 -0.00 0.00 0.00 -2.00 0.04 1.08 0.11 0.43 12.67 0.08 0.21 6.48 -0.00 0.00 0.00 -4.00 0.04 0.62 0.10 0.60 8.70 0.07 0.30 4.39 5.11 6.20 -2.02 1.86 -5.80 -81.35 -9.84 12.90 -1.30 1.37 16.45 5.51 -0.01 3.76 -0.01 1.22 1.52 -1.46 1.74 2.29 -2.24 -0.00 0.00 -0.00 -2.00 -0.01 -0.20 0.01 -0.13 -3.69 0.01 -0.06 -1.83 -0.00 0.00 -0.00 -0.00 0.00 -0.30 -0.00 0.00 -5.10 -0.00 0.00 -2.54 -0.00 0.00 -0.00 2.00 0.01 -0.41 -0.03 0.22 -6.45 -0.02 0.11 -3.23 -0.00 0.00 -0.00 4.00 0.01 -0.19 -0.02 0.25 -3.55 -0.01 0.12 -1.76
-42.4548 -0.5591 -51.4723 144.43 0.02 -0.81 -11.55 -2.69 3.57 1.07 8.03 0.12 4.96 -5.08 -3.27 -0.00 -0.00 0.00 -15.94 -1.66 7.52 -0.50 8.58 -0.28 0.09 -6.21 -6.48 0.00 0.00 -0.00 -2.69 0.30 0.14 -5.18 0.37 0.34 -5.59 0.41 0.37 -5.59 0.41 0.37 -5.81 1.89 1.20 -4.95 1.60 1.04 4.28 6.86 2.69 -4.02 -9.49 81.04 11.92 10.00 2.04 -6.45 17.61 -6.09 -0.11 17.16 -0.09 -7.05 6.84 4.55 -8.93 9.35 8.34 -0.00 0.00 0.00 2.00 -0.01 0.25 -0.01 -0.15 4.33 -0.01 -0.07 2.15 -0.00 0.00 0.00 0.00 0.00 0.41 0.00 0.00 6.40 0.00 0.00 3.20 -0.00 0.00 0.00 -2.00 0.04 1.06 0.10 0.42 12.52 0.08 0.21 6.40 -0.00 0.00 0.00 -4.00 0.04 0.61 0.10 0.59 8.62 0.07 0.30 4.35 5.11 6.10 -2.04 1.94 -6.08 -81.38 -10.27 12.62 -1.52 1.18 16.18 5.62 0.01 3.80 0.01 1.25 1.54 -1.45 1.78 2.31 -2.23 -0.00 -0.00 0.00 -2.00 -0.01 -0.20 0.01 -0.13 -3.71 0.01 -0.06 -1.84 -0.00 -0.00 0.00 -0.00 0.00 -0.31 -0.00 0.00 -5.17 -0.00 0.00 -2.58 -0.00 -0.00 0.00 2.00 0.01 -0.42 -0.03 0.23 -6.50 -0.02 0.11 -3.26 -0.00 -0.00 0.00 4.00 0.01 -0.19 -0.02 0.25 -3.56 -0.01 0.12 -1.76
-42.4244 -0.5332 -51.8932 144.29 0.01 -0.78 -11.56 -2.39 3.35 0.96 7.81 0.10 5.25 -5.15 -3.11 0.00 -0.00 0.00 -15.93 -0.92 7.25 -0.33 7.51 -0.21 0.17 -5.88 -6.32 0.00 -0.00 -0.00 -2.57 0.29 0.14 -5.17 0.35 0.33 -5.59 0.38 0.35 -5.59 0.38 0.35 -5.85 1.92 1.18 -4.98 1.63 1.01 4.30 6.73 2.63 -4.06 -9.31 81.07 11.66 10.45 1.93 -6.49 17.76 -5.91 -0.11 17.18 -0.09 -7.08 6.84 4.48 -8.99 9.35 8.23 0.00 0.00 0.00 2.00 -0.01 0.24 -0.01 -0.15 4.28 -0.01 -0.07 2.13 0.00 0.00 0.00 0.00 0.00 0.40 0.00 0.00 6.28 0.00 0.00 3.14 0.00 0.00 0.00 -2.00 0.04 1.05 0.10 0.42 12.43 0.08 0.21 6.35 0.00 0.00 0.00 -4.00 0.04 0.61 0.10 0.59 8.56 0.07 0.29 4.31 5.12 6.01 -2.05 2.08 -6.37 -81.46 -10.65 12.36 -1.73 1.02 15.94 5.73 0.01 3.82 0.01 1.25 1.54 -1.44 1.79 2.32 -2.21 -0.00 0.00 0.00 -2.00 -0.01 -0.20 0.01 -0.13 -3.72 0.01 -0.06 -1.85 -0.00 0.00 0.00 -0.00 0.00 -0.31 -0.00 0.00 -5.22 -0.00 0.00 -2.60 -0.00 0.00 0.00 2.00 0.01 -0.42 -0.03 0.23 -6.54 -0.02 0.11 -3.27 -0.00 0.00 0.00 4.00 0.01 -0.19 -0.02 0.25 -3.56 -0.01 0.12 -1.76
-42.3963 -0.5077 -52.2828 144.21 0.01 -0.75 -11.65 -2.08 3.15 0.85 7.55 0.08 5.55 -5.19 -2.96 0.00 0.00 -0.00 -15.91 -0.27 7.00 -0.20 6.56 -0.15 0.19 -5.59 -6.16 -0.00 0.00 0.00 -2.52 0.27 0.14 -5.17 0.34 0.32 -5.59 0.37 0.34 -5.59 0.37 0.34 -5.87 1.95 1.15 -5.00 1.66 0.99 4.32 6.60 2.56 -4.13 -9.17 81.13 11.38 10.80 1.82 -6.53 17.90 -5.72 -0.11 17.19 -0.09 -7.10 6.84 4.43 -9.03 9.35 8.17 0.00 0.00 -0.00 2.00 -0.01 0.24 -0.01 -0.15 4.25 -0.01 -0.07 2.11 0.00 0.00 -0.00 0.00 0.00 0.39 -0.00 0.00 6.20 -0.00 0.00 3.10 0.00 0.00 -0.00 -2.00 0.04 1.04 0.10 0.42 12.37 0.07 0.21 6.32 0.00 0.00 -0.00 -4.00 0.04 0.60 0.09 0.59 8.51 0.07 0.29 4.29 5.12 5.92 -2.07 2.25 -6.65 -81.57 -11.02 12.10 -1.93 0.90 15.74 5.82 0.01 3.83 0.01 1.25 1.55 -1.42 1.79 2.33 -2.19 -0.00 0.00 0.00 -2.00 -0.01 -0.20 0.01 -0.13 -3.73 0.01 -0.06 -1.85 -0.00 0.00 0.00 -0.00 0.00 -0.31 -0.00 0.00 -5.26 -0.00 0.00 -2.62 -0.00 0.00 0.00 2.00 0.01 -0.42 -0.03 0.23 -6.57 -0.02 0.11 -3.29 -0.00 0.00 0.00 4.00 0.01 -0.19 -0.02 0.25 -3.56 -0.01 0.12 -1.76
-42.3607 -0.4833 -52.6531 144.18 -0.00 -0.72 -11.78 -1.74 2.96 0.75 7.23 0.06 5.84 -5.21 -2.82 0.00 0.00 -0.00 -15.88 0.33 6.78 -0.10 5.69 -0.11 0.17 -5.33 -6.00 0.00 0.00 -0.00 -2.52 0.26 0.14 -5.18 0.32 0.31 -5.59 0.35 0.33 -5.59 0.35 0.33 -5.89 1.97 1.13 -5.02 1.68 0.97 4.34 6.48 2.50 -4.21 -9.05 81.19 11.12 11.05 1.72 -6.57 18.02 -5.53 -0.12 17.19 -0.09 -7.12 6.84 4.41 -9.07 9.35 8.14 0.00 0.00 0.00 2.00 -0.01 0.24 -0.01 -0.15 4.22 -0.01 -0.07 2.10 0.00 0.00 0.00 -0.00 0.00 0.39 -0.00 0.00 6.15 -0.00 0.00 3.08 0.00 0.00 0.00 -2.00 0.04 1.04 0.10 0.42 12.36 0.07 0.21 6.31 0.00 0.00 0.00 -4.00 0.04 0.60 0.09 0.58 8.50 0.07 0.29 4.29 5.12 5.83 -2.09 2.40 -6.93 -81.70 -11.36 11.86 -2.13 0.81 15.58 5.87 0.02 3.83 0.01 1.25 1.55 -1.41 1.78 2.33 -2.17 -0.00 0.00 0.00 -2.00 -0.01 -0.20 0.01 -0.13 -3.73 0.01 -0.06 -1.85 -0.00 0.00 0.00 -0.00 0.00 -0.32 -0.00 0.00 -5.29 -0.00 0.00 -2.64 -0.00 0.00 0.00 2.00 0.01 -0.42 -0.03 0.23 -6.60 -0.02 0.11 -3.30 -0.00 0.00 0.00 4.00 0.01 -0.19 -0.02 0.25 -3.56 -0.01 0.12 -1.77
-42.3310 -0.4617 -52.9922 144.18 -0.01 -0.69 -11.94 -1.39 2.77 0.66 6.88 0.05 6.11 -5.21 -2.68 0.00 0.00 0.00 -15.85 0.86 6.58 -0.03 4.89 -0.08 0.12 -5.08 -5.86 0.00 -0.00 -0.00 -2.58 0.25 0.15 -5.18 0.31 0.30 -5.59 0.33 0.32 -5.59 0.33 0.32 -5.89 1.98 1.10 -5.02 1.68 0.95 4.36 6.37 2.45 -4.28 -8.95 81.24 10.88 11.18 1.63 -6.59 18.11 -5.36 -0.11 17.22 -0.09 -7.13 6.85 4.41 -9.08 9.36 8.15 0.00 0.00 -0.00 2.00 -0.01 0.24 -0.01 -0.15 4.20 -0.01 -0.07 2.09 0.00 0.00 -0.00 -0.00 0.00 0.38 -0.00 0.00 6.13 -0.00 0.00 3.07 0.00 0.00 -0.00 -2.00 0.04 1.04 0.10 0.42 12.37 0.07 0.21 6.32 0.00 0.00 -0.00 -4.00 0.04 0.60 0.09 0.58 8.50 0.07 0.29 4.29 5.11 5.75 -2.13 2.52 -7.16 -81.80 -11.68 11.65 -2.31 0.74 15.45 5.89 0.02 3.83 0.02 1.24 1.55 -1.40 1.77 2.33 -2.15 -0.00 0.00 -0.00 -2.00 -0.01 -0.20 0.01 -0.13 -3.73 0.01 -0.06 -1.85 -0.00 0.00 -0.00 0.00 0.00 -0.32 -0.00 0.00 -5.31 -0.00 0.00 -2.65 -0.00 0.00 -0.00 2.00 0.01 -0.43 -0.03 0.23 -6.62 -0.02 0.11 -3.32 -0.00 0.00 -0.00 4.00 0.01 -0.19 -0.02 0.25 -3.57 -0.01 0.12 -1.77
-42.3033 -0.4421 -53.3037 144.21 -0.01 -0.66 -12.10 -1.04 2.60 0.57 6.50 0.04 6.35 -5.18 -2.56 -0.00 0.00 0.00 -15.85 1.35 6.40 0.06 4.17 -0.06 0.06 -4.86 -5.72 -0.00 -0.00 0.00 -2.66 0.24 0.15 -5.19 0.29 0.29 -5.60 0.32 0.31 -5.60 0.32 0.31 -5.89 1.98 1.06 -5.02 1.68 0.92 4.38 6.28 2.40 -4.35 -8.88 81.29 10.68 11.21 1.55 -6.60 18.17 -5.21 -0.11 17.24 -0.09 -7.13 6.86 4.44 -9.07 9.37 8.19 -0.00 0.00 0.00 2.00 -0.01 0.24 -0.01 -0.15 4.20 -0.01 -0.07 2.09 -0.00 0.00 0.00 0.00 -0.00 0.39 0.00 0.00 6.15 0.00 0.00 3.07 -0.00 0.00 0.00 -2.00 0.04 1.05 0.10 0.42 12.42 0.08 0.21 6.35 -0.00 0.00 0.00 -4.00 0.04 0.60 0.09 0.59 8.52 0.07 0.29 4.30 5.09 5.68 -2.19 2.59 -7.36 -81.89 -11.98 11.47 -2.47 0.68 15.37 5.89 0.02 3.83 0.01 1.23 1.55 -1.39 1.76 2.33 -2.14 0.00 0.00 -0.00 -2.00 -0.01 -0.20 0.01 -0.13 -3.73 0.01 -0.06 -1.85 0.00 0.00 -0.00 -0.00 0.00 -0.32 0.00 0.00 -5.33 0.00 0.00 -2.66 0.00 0.00 -0.00 2.00 0.01 -0.43 -0.03 0.23 -6.64 -0.02 0.11 -3.33 0.00 0.00 -0.00 4.00 0.01 -0.19 -0.02 0.25 -3.57 -0.01 0.12 -1.77
-42.2784 -0.4248 -53.5927 144.26 -0.02 -0.64 -12.26 -0.70 2.45 0.48 6.12 0.03 6.56 -5.14 -2.43 0.00 0.00 -0.00 -15.91 1.81 6.23 0.18 3.50 -0.04 -0.00 -4.65 -5.59 0.00 0.00 0.00 -2.77 0.23 0.15 -5.20 0.28 0.28 -5.62 0.30 0.30 -5.62 0.30 0.30 -5.89 1.96 1.02 -5.02 1.67 0.88 4.39 6.20 2.35 -4.42 -8.83 81.34 10.52 11.19 1.49 -6.60 18.20 -5.10 -0.11 17.25 -0.09 -7.12 6.87 4.47 -9.05 9.38 8.24 0.00 0.00 0.00 2.00 -0.01 0.24 -0.01 -0.15 4.22 -0.01 -0.07 2.10 0.00 0.00 0.00 0.00 0.00 0.39 0.00 0.00 6.18 0.00 0.00 3.09 0.00 0.00 0.00 -2.00 0.04 1.06 0.10 0.42 12.49 0.08 0.21 6.38 0.00 0.00 0.00 -4.00 0.04 0.61 0.09 0.59 8.55 0.07 0.29 4.31 5.07 5.61 -2.26 2.59 -7.52 -81.97 -12.26 11.38 -2.60 0.63 15.32 5.86 0.02 3.82 0.01 1.23 1.54 -1.39 1.76 2.32 -2.14 -0.00 0.00 -0.00 -2.00 -0.01 -0.20 0.01 -0.13 -3.73 0.01 -0.06 -1.85 -0.00 0.00 -0.00 0.00 0.00 -0.32 0.00 0.00 -5.34 0.00 0.00 -2.66 -0.00 0.00 -0.00 2.00 0.02 -0.43 -0.03 0.23 -6.66 -0.02 0.11 -3.34 -0.00 0.00 -0.00 4.00 0.01 -0.20 -0.02 0.25 -3.59 -0.01 0.12 -1.78
-42.2543 -0.4098 -53.8801 144.33 -0.02 -0.61 -12.40 -0.36 2.29 0.38 5.73 0.02 6.75 -5.09 -2.31 0.00 0.00 0.00 -16.08 2.26 6.07 0.39 2.85 -0.02 -0.06 -4.44 -5.47 0.00 -0.00 0.00 -2.90 0.22 0.15 -5.22 0.27 0.28 -5.63 0.29 0.30 -5.63 0.29 0.30 -5.88 1.94 0.98 -5.01 1.65 0.85 4.40 6.14 2.32 -4.49 -8.79 81.38 10.39 11.15 1.43 -6.60 18.22 -5.04 -0.11 17.26 -0.09 -7.11 6.87 4.50 -9.02 9.39 8.28 0.00 -0.00 0.00 2.00 -0.01 0.24 -0.01 -0.15 4.24 -0.01 -0.07 2.11 0.00 -0.00 0.00 0.00 0.00 0.39 0.00 0.00 6.22 0.00 0.00 3.11 0.00 -0.00 0.00 -2.00 0.04 1.06 0.10 0.42 12.54 0.08 0.21 6.41 0.00 -0.00 0.00 -4.00 0.04 0.61 0.10 0.59 8.56 0.07 0.29 4.32 5.06 5.55 -2.34 2.52 -7.64 -82.03 -12.51 11.38 -2.71 0.58 15.31 5.82 0.01 3.81 0.01 1.23 1.54 -1.40 1.76 2.32 -2.15 0.00 -0.00 0.00 -2.00 -0.01 -0.20 0.01 -0.13 -3.73 0.01 -0.06 -1.85 0.00 -0.00 0.00 0.00 -0.00 -0.32 0.00 0.00 -5.35 0.00 0.00 -2.67 0.00 -0.00 0.00 2.00 0.02 -0.43 -0.03 0.23 -6.69 -0.02 0.12 -3.35 0.00 -0.00 0.00 4.00 0.01 -0.20 -0.02 0.25 -3.60 -0.01 0.12 -1.79
-42.2449 -0.3963 -54.1595 144.40 -0.03 -0.59 -12.54 -0.04 2.13 0.29 5.36 0.01 6.91 -5.05 -2.18 0.00 -0.00 -0.00 -16.35 2.70 5.89 0.68 2.21 -0.01 -0.13 -4.23 -5.34 0.00 0.00 -0.00 -3.03 0.21 0.15 -5.23 0.26 0.27 -5.65 0.28 0.29 -5.65 0.28 0.29 -5.87 1.91 0.95 -5.01 1.63 0.82 4.42 6.08 2.29 -4.54 -8.76 81.41 10.30 11.11 1.39 -6.59 18.23 -4.99 -0.11 17.27 -0.09 -7.09 6.88 4.53 -8.99 9.40 8.33 -0.00 -0.00 -0.00 2.00 -0.01 0.24 -0.01 -0.15 4.27 -0.01 -0.07 2.12 -0.00 -0.00 -0.00 0.00 0.00 0.40 0.00 0.00 6.26 0.00 0.00 3.13 -0.00 -0.00 -0.00 -2.00 0.04 1.07 0.10 0.42 12.60 0.08 0.21 6.44 -0.00 -0.00 -0.00 -4.00 0.04 0.61 0.10 0.59 8.58 0.07 0.29 4.33 5.04 5.48 -2.41 2.42 -7.73 -82.09 -12.72 11.46 -2.79 0.55 15.35 5.77 0.01 3.80 0.01 1.23 1.53 -1.40 1.76 2.31 -2.16 -0.00 -0.00 -0.00 -2.00 -0.01 -0.20 0.01 -0.13 -3.73 0.01 -0.06 -1.85 -0.00 -0.00 -0.00 -0.00 0.00 -0.32 0.00 0.00 -5.35 0.00 0.00 -2.67 -0.00 -0.00 -0.00 2.00 0.02 -0.43 -0.03 0.23 -6.70 -0.02 0.12 -3.36 -0.00 -0.00 -0.00 4.00 0.01 -0.20 -0.02 0.25 -3.61 -0.01 0.12 -1.79
-42.2470 -0.3845 -54.4275 144.50 -0.03 -0.56 -12.67 0.27 1.97 0.21 5.00 0.01 7.05 -5.01 -2.05 0.00 -0.00 -0.00 -16.68 3.13 5.71 1.02 1.60 -0.01 -0.19 -4.02 -5.21 0.00 -0.00 -0.00 -3.18 0.20 0.15 -5.26 0.25 0.26 -5.68 0.27 0.28 -5.68 0.27 0.28 -5.86 1.89 0.91 -5.00 1.61 0.79 4.44 6.04 2.27 -4.58 -8.75 81.42 10.25 11.07 1.36 -6.58 18.23 -4.96 -0.11 17.30 -0.09 -7.09 6.89 4.58 -8.97 9.42 8.40 -0.00 0.00 -0.00 2.00 -0.01 0.24 -0.01 -0.15 4.32 -0.01 -0.07 2.15 -0.00 0.00 -0.00 0.00 0.00 0.40 0.00 0.00 6.32 0.00 0.00 3.16 -0.00 0.00 -0.00 -2.00 0.04 1.08 0.10 0.43 12.67 0.08 0.21 6.48 -0.00 0.00 -0.00 -4.00 0.04 0.61 0.10 0.59 8.60 0.07 0.29 4.34 5.03 5.42 -2.48 2.29 -7.79 -82.13 -12.90 11.65 -2.85 0.54 15.41 5.72 0.01 3.78 0.01 1.23 1.53 -1.41 1.76 2.30 -2.17 -0.00 -0.00 0.00 -2.00 -0.01 -0.20 0.01 -0.13 -3.73 0.01 -0.06 -1.85 -0.00 -0.00 0.00 0.00 -0.00 -0.32 -0.00 -0.00 -5.35 -0.00 0.00 -2.67 -0.00 -0.00 0.00 2.00 0.02 -0.43 -0.03 0.23 -6.72 -0.02 0.12 -3.37 -0.00 -0.00 0.00 4.00 0.01 -0.20 -0.02 0.25 -3.63 -0.01 0.13 -1.80
-42.2563 -0.3748 -54.6762 144.60 -0.04 -0.54 -12.80 0.55 1.82 0.12 4.68 0.00 7.17 -4.97 -1.93 -0.00 -0.00 -0.00 -17.03 3.51 5.54 1.37 1.05 -0.00 -0.26 -3.82 -5.08 0.00 0.00 0.00 -3.34 0.20 0.15 -5.28 0.24 0.25 -5.70 0.26 0.27 -5.70 0.26 0.27 -5.85 1.87 0.88 -4.98 1.59 0.76 4.47 6.01 2.25 -4.63 -8.74 81.43 10.21 11.04 1.34 -6.57 18.24 -4.93 -0.11 17.34 -0.09 -7.10 6.91 4.61 -8.96 9.44 8.45 -0.00 -0.00 0.00 2.00 -0.01 0.25 -0.01 -0.15 4.35 -0.01 -0.08 2.16 -0.00 -0.00 0.00 0.00 0.00 0.40 0.00 0.00 6.37 0.00 0.00 3.19 -0.00 -0.00 0.00 -2.00 0.04 1.09 0.11 0.43 12.73 0.08 0.21 6.51 -0.00 -0.00 0.00 -4.00 0.04 0.61 0.10 0.59 8.61 0.07 0.29 4.34 5.04 5.36 -2.54 2.14 -7.82 -82.17 -13.04 11.92 -2.88 0.54 15.52 5.68 0.00 3.76 0.00 1.23 1.52 -1.43 1.76 2.29 -2.19 -0.00 -0.00 -0.00 -2.00 -0.01 -0.20 0.01 -0.13 -3.73 0.01 -0.06 -1.85 -0.00 -0.00 -0.00 -0.00 -0.00 -0.32 -0.00 -0.00 -5.34 -0.00 -0.00 -2.66 -0.00 -0.00 -0.00 2.00 0.02 -0.44 -0.03 0.23 -6.74 -0.02 0.12 -3.38 -0.00 -0.00 -0.00 4.00 0.01 -0.20 -0.02 0.25 -3.64 -0.01 0.13 -1.81
-42.2687 -0.3655 -54.9150 144.69 -0.04 -0.52 -12.93 0.81 1.68 0.05 4.38 -0.00 7.28 -4.94 -1.81 0.00 0.00 0.00 -17.36 3.86 5.38 1.69 0.55 -0.01 -0.32 -3.65 -4.96 0.00 0.00 -0.00 -3.50 0.19 0.15 -5.30 0.23 0.24 -5.73 0.25 0.26 -5.73 0.25 0.26 -5.83 1.86 0.85 -4.97 1.58 0.74 4.51 5.98 2.24 -4.67 -8.73 81.43 10.19 11.02 1.32 -6.55 18.24 -4.89 -0.11 17.37 -0.09 -7.11 6.92 4.64 -8.97 9.45 8.51 -0.00 0.00 0.00 2.00 -0.01 0.25 -0.01 -0.15 4.39 -0.01 -0.08 2.18 -0.00 0.00 0.00 0.00 0.00 0.41 0.00 0.00 6.42 0.00 0.00 3.21 -0.00 0.00 0.00 -2.00 0.04 1.09 0.11 0.43 12.78 0.08 0.21 6.54 -0.00 0.00 0.00 -4.00 0.04 0.61 0.10 0.59 8.62 0.07 0.30 4.35 5.04 5.30 -2.60 1.98 -7.84 -82.22 -13.14 12.27 -2.90 0.55 15.67 5.65 0.00 3.74 0.00 1.23 1.51 -1.44 1.75 2.28 -2.21 -0.00 0.00 -0.00 -2.00 -0.01 -0.20 0.01 -0.13 -3.73 0.01 -0.06 -1.85 -0.00 0.00 -0.00 -0.00 -0.00 -0.32 -0.00 -0.00 -5.33 -0.00 -0.00 -2.66 -0.00 0.00 -0.00 2.00 0.02 -0.44 -0.03 0.23 -6.75 -0.02 0.12 -3.39 -0.00 0.00 -0.00 4.00 0.01 -0.20 -0.02 0.25 -3.66 -0.01 0.13 -1.81
-42.2817 -0.3573 -55.1344 144.78 -0.05 -0.50 -13.05 1.04 1.55 -0.01 4.12 -0.00 7.38 -4.92 -1.70 0.00 -0.00 -0.00 -17.64 4.15 5.23 1.94 0.13 -0.01 -0.36 -3.51 -4.85 0.00 0.00 0.00 -3.64 0.19 0.15 -5.33 0.23 0.24 -5.75 0.25 0.25 -5.75 0.25 0.25 -5.81 1.86 0.83 -4.95 1.58 0.72 4.54 5.95 2.24 -4.71 -8.74 81.43 10.18 11.00 1.32 -6.54 18.25 -4.85 -0.11 17.40 -0.08 -7.12 6.93 4.67 -8.97 9.47 8.56 0.00 -0.00 -0.00 2.00 -0.01 0.25 -0.01 -0.15 4.42 -0.01 -0.08 2.20 0.00 -0.00 -0.00 0.00 0.00 0.41 0.00 0.00 6.45 0.00 0.00 3.23 0.00 -0.00 -0.00 -2.00 0.04 1.10 0.11 0.43 12.82 0.08 0.21 6.56 0.00 -0.00 -0.00 -4.00 0.04 0.61 0.10 0.59 8.63 0.07 0.30 4.35 5.05 5.24 -2.66 1.81 -7.85 -82.26 -13.20 12.65 -2.90 0.58 15.83 5.63 -0.00 3.73 -0.00 1.23 1.51 -1.45 1.75 2.27 -2.23 0.00 0.00 0.00 -2.00 -0.01 -0.20 0.01 -0.13 -3.73 0.01 -0.06 -1.85 0.00 0.00 0.00 -0.00 -0.00 -0.32 -0.00 -0.00 -5.32 -0.00 0.00 -2.66 0.00 0.00 0.00 2.00 0.02 -0.44 -0.03 0.23 -6.76 -0.02 0.12 -3.39 0.00 0.00 0.00 4.00 0.01 -0.20 -0.02 0.26 -3.67 -0.01 0.13 -1.82
-42.2955 -0.3527 -55.3336 144.86 -0.05 -0.48 -13.18 1.23 1.43 -0.05 3.90 -0.00 7.47 -4.91 -1.60 -0.00 -0.00 0.00 -17.86 4.38 5.10 2.13 -0.19 -0.01 -0.40 -3.41 -4.75 -0.00 0.00 0.00 -3.78 0.18 0.15 -5.35 0.22 0.23 -5.78 0.24 0.24 -5.78 0.24 0.24 -5.80 1.87 0.80 -4.94 1.59 0.70 4.58 5.93 2.25 -4.76 -8.74 81.41 10.18 10.99 1.31 -6.53 18.26 -4.80 -0.11 17.42 -0.08 -7.13 6.95 4.68 -8.98 9.48 8.59 -0.00 -0.00 -0.00 2.00 -0.01 0.25 -0.01 -0.15 4.44 -0.01 -0.08 2.21 -0.00 -0.00 -0.00 0.00 -0.00 0.41 0.00 0.00 6.47 0.00 0.00 3.24 -0.00 -0.00 -0.00 -2.00 0.04 1.10 0.11 0.43 12.84 0.08 0.21 6.57 -0.00 -0.00 -0.00 -4.00 0.04 0.61 0.10 0.59 8.64 0.07 0.30 4.36 5.06 5.19 -2.71 1.65 -7.84 -82.30 -13.22 13.04 -2.89 0.61 15.99 5.62 -0.01 3.71 -0.01 1.23 1.50 -1.46 1.75 2.26 -2.24 -0.00 0.00 0.00 -2.00 -0.01 -0.20 0.01 -0.13 -3.73 0.01 -0.06 -1.85 -0.00 0.00 0.00 -0.00 0.00 -0.32 -0.00 -0.00 -5.32 -0.00 0.00 -2.65 -0.00 0.00 0.00 2.00 0.02 -0.44 -0.03 0.23 -6.77 -0.02 0.12 -3.40 -0.00 0.00 0.00 4.00 0.01 -0.20 -0.02 0.26 -3.68 -0.01 0.13 -1.83
-42.3168 -0.3482 -55.5193 144.95 -0.05 -0.46 -13.34 1.39 1.30 -0.06 3.74 -0.00 7.55 -4.92 -1.50 -0.00 0.00 -0.00 -18.06 4.55 4.97 2.27 -0.42 -0.01 -0.42 -3.35 -4.65 0.00 0.00 0.00 -3.93 0.18 0.14 -5.37 0.22 0.22 -5.80 0.24 0.24 -5.80 0.24 0.24 -5.79 1.88 0.78 -4.93 1.60 0.68 4.63 5.91 2.25 -4.81 -8.76 81.39 10.17 11.00 1.30 -6.52 18.27 -4.75 -0.10 17.44 -0.08 -7.14 6.95 4.69 -8.99 9.49 8.60 0.00 -0.00 0.00 2.00 -0.01 0.25 -0.01 -0.15 4.45 -0.01 -0.08 2.22 0.00 -0.00 0.00 -0.00 -0.00 0.41 0.00 -0.00 6.49 0.00 -0.00 3.25 0.00 -0.00 0.00 -2.00 0.04 1.10 0.11 0.43 12.86 0.08 0.21 6.58 0.00 -0.00 0.00 -4.00 0.04 0.61 0.10 0.59 8.64 0.07 0.30 4.36 5.08 5.14 -2.76 1.47 -7.82 -82.34 -13.20 13.42 -2.86 0.66 16.15 5.61 -0.01 3.69 -0.01 1.23 1.49 -1.47 1.75 2.25 -2.26 0.00 0.00 0.00 -2.00 -0.01 -0.21 0.01 -0.13 -3.74 0.01 -0.06 -1.85 0.00 0.00 0.00 -0.00 -0.00 -0.32 -0.00 0.00 -5.31 -0.00 -0.00 -2.65 0.00 0.00 0.00 2.00 0.02 -0.44 -0.03 0.23 -6.79 -0.02 0.12 -3.40 0.00 0.00 0.00 4.00 0.01 -0.20 -0.02 0.26 -3.69 -0.01 0.13 -1.83
-42.3416 -0.3439 -55.6972 145.03 -0.05 -0.44 -13.51 1.52 1.17 -0.06 3.63 -0.00 7.64 -4.94 -1.41 -0.00 -0.00 0.00 -18.23 4.67 4.84 2.36 -0.57 -0.02 -0.43 -3.33 -4.56 -0.00 0.00 -0.00 -4.08 0.18 0.14 -5.39 0.21 0.21 -5.82 0.23 0.22 -5.82 0.23 0.22 -5.78 1.90 0.76 -4.92 1.61 0.66 4.68 5.90 2.26 -4.85 -8.77 81.38 10.16 11.00 1.30 -6.52 18.27 -4.71 -0.10 17.46 -0.08 -7.15 6.96 4.70 -8.99 9.50 8.61 -0.00 0.00 0.00 2.00 -0.01 0.26 -0.01 -0.16 4.47 -0.01 -0.08 2.22 -0.00 0.00 0.00 0.00 -0.00 0.42 0.00 -0.00 6.50 0.00 -0.00 3.26 -0.00 0.00 0.00 -2.00 0.04 1.11 0.11 0.43 12.88 0.08 0.21 6.59 -0.00 0.00 0.00 -4.00 0.04 0.61 0.10 0.59 8.63 0.07 0.30 4.35 5.11 5.10 -2.79 1.28 -7.79 -82.39 -13.15 13.79 -2.83 0.70 16.30 5.61 -0.01 3.68 -0.01 1.23 1.49 -1.48 1.75 2.24 -2.27 0.00 0.00 0.00 -2.00 -0.01 -0.21 0.01 -0.13 -3.74 0.01 -0.06 -1.86 0.00 0.00 0.00 -0.00 0.00 -0.32 -0.00 0.00 -5.30 -0.00 0.00 -2.65 0.00 0.00 0.00 2.00 0.02 -0.44 -0.03 0.23 -6.79 -0.02 0.12 -3.40 0.00 0.00 0.00 4.00 0.01 -0.20 -0.02 0.26 -3.70 -0.01 0.13 -1.84
-42.3683 -0.3289 -55.8525 145.11 -0.05 -0.42 -13.67 1.63 1.06 -0.06 3.54 -0.00 7.72 -4.96 -1.33 -0.00 0.00 -0.00 -18.36 4.76 4.73 2.42 -0.67 -0.02 -0.44 -3.31 -4.48 -0.00 0.00 -0.00 -4.21 0.17 0.13 -5.40 0.21 0.20 -5.84 0.23 0.21 -5.84 0.23 0.21 -5.77 1.91 0.75 -4.92 1.63 0.65 4.72 5.89 2.27 -4.88 -8.78 81.37 10.16 11.01 1.29 -6.52 18.28 -4.68 -0.10 17.47 -0.08 -7.15 6.96 4.70 -9.00 9.50 8.62 0.00 0.00 0.00 2.00 -0.01 0.26 -0.01 -0.16 4.47 -0.01 -0.08 2.23 0.00 0.00 0.00 0.00 -0.00 0.42 -0.00 -0.00 6.51 -0.00 -0.00 3.26 0.00 0.00 0.00 -2.00 0.04 1.11 0.11 0.43 12.88 0.08 0.22 6.60 0.00 0.00 0.00 -4.00 0.04 0.61 0.10 0.59 8.63 0.07 0.30 4.35 5.13 5.07 -2.82 1.12 -7.76 -82.42 -13.10 14.10 -2.80 0.75 16.42 5.61 -0.01 3.67 -0.01 1.23 1.48 -1.48 1.75 2.24 -2.27 -0.00 -0.00 -0.00 -2.00 -0.01 -0.21 0.01 -0.13 -3.74 0.01 -0.06 -1.86 -0.00 -0.00 -0.00 0.00 0.00 -0.32 -0.00 0.00 -5.30 -0.00 0.00 -2.64 -0.00 -0.00 -0.00 2.00 0.02 -0.44 -0.03 0.23 -6.79 -0.02 0.12 -3.41 -0.00 -0.00 -0.00 4.00 0.01 -0.20 -0.02 0.26 -3.71 -0.01 0.13 -1.84
-42.4075 -0.3286 -56.0155 145.20 -0.05 -0.38 -13.88 1.70 0.93 -0.05 3.51 -0.00 7.83 -5.02 -1.25 -0.00 0.00 0.00 -18.51 4.79 4.59 2.44 -0.70 -0.02 -0.41 -3.33 -4.38 -0.00 0.00 0.00 -4.38 0.17 0.12 -5.41 0.21 0.18 -5.85 0.23 0.19 -5.85 0.23 0.19 -5.76 1.93 0.74 -4.91 1.64 0.65 4.79 5.89 2.28 -4.90 -8.77 81.36 10.17 11.01 1.28 -6.51 18.27 -4.63 -0.10 17.48 -0.08 -7.15 6.97 4.70 -9.00 9.50 8.62 0.00 0.00 0.00 2.00 -0.01 0.26 -0.01 -0.16 4.49 -0.01 -0.08 2.23 0.00 0.00 0.00 0.00 0.00 0.42 0.00 0.00 6.52 0.00 -0.00 3.27 0.00 0.00 0.00 -2.00 0.04 1.11 0.11 0.43 12.90 0.08 0.22 6.60 0.00 0.00 0.00 -4.00 0.04 0.61 0.10 0.59 8.62 0.07 0.30 4.35 5.17 5.05 -2.84 0.93 -7.71 -82.44 -13.00 14.37 -2.75 0.79 16.53 5.61 -0.01 3.65 -0.01 1.22 1.48 -1.49 1.75 2.23 -2.28 -0.00 0.00 -0.00 -2.00 -0.01 -0.21 0.01 -0.13 -3.75 0.01 -0.06 -1.86 -0.00 0.00 -0.00 -0.00 -0.00 -0.32 -0.00 0.00 -5.30 -0.00 0.00 -2.64 -0.00 0.00 -0.00 2.00 0.02 -0.44 -0.03 0.24 -6.80 -0.02 0.12 -3.41 -0.00 0.00 -0.00 4.00 0.01 -0.20 -0.02 0.26 -3.72 -0.01 0.13 -1.85
-42.4461 -0.3278 -56.1685 145.27 -0.05 -0.35 -14.08 1.76 0.80 -0.03 3.49 -0.00 7.94 -5.07 -1.16 0.00 -0.00 -0.00 -18.65 4.82 4.47 2.46 -0.72 -0.02 -0.36 -3.35 -4.29 0.00 0.00 -0.00 -4.54 0.17 0.11 -5.42 0.21 0.16 -5.86 0.22 0.18 -5.86 0.22 0.18 -5.75 1.95 0.74 -4.90 1.66 0.65 4.86 5.89 2.29 -4.92 -8.76 81.36 10.17 11.02 1.26 -6.48 18.27 -4.57 -0.10 17.48 -0.08 -7.16 6.97 4.71 -9.00 9.51 8.63 0.00 -0.00 -0.00 2.00 -0.01 0.26 -0.01 -0.16 4.49 -0.01 -0.08 2.23 0.00 -0.00 -0.00 -0.00 0.00 0.42 0.00 0.00 6.53 0.00 0.00 3.27 0.00 -0.00 -0.00 -2.00 0.04 1.11 0.11 0.43 12.91 0.08 0.22 6.61 0.00 -0.00 -0.00 -4.00 0.04 0.61 0.10 0.59 8.63 0.07 0.30 4.35 5.22 5.02 -2.85 0.74 -7.64 -82.45 -12.87 14.59 -2.70 0.83 16.63 5.60 -0.02 3.63 -0.02 1.22 1.47 -1.49 1.74 2.22 -2.28 0.00 -0.00 0.00 -2.00 -0.01 -0.21 0.01 -0.13 -3.75 0.01 -0.06 -1.86 0.00 -0.00 0.00 0.00 0.00 -0.32 -0.00 0.00 -5.29 -0.00 0.00 -2.64 0.00 -0.00 0.00 2.00 0.02 -0.44 -0.03 0.24 -6.80 -0.02 0.12 -3.41 0.00 -0.00 0.00 4.00 0.01 -0.20 -0.02 0.26 -3.72 -0.01 0.13 -1.85
-42.4816 -0.3277 -56.3172 145.31 -0.05 -0.32 -14.25 1.81 0.67 -0.01 3.47 -0.00 8.05 -5.12 -1.09 -0.00 0.00 0.00 -18.80 4.86 4.34 2.51 -0.73 -0.02 -0.30 -3.38 -4.20 -0.00 -0.00 -0.00 -4.66 0.17 0.10 -5.43 0.20 0.15 -5.86 0.22 0.16 -5.86 0.22 0.16 -5.74 1.97 0.74 -4.89 1.67 0.64 4.93 5.88 2.30 -4.93 -8.76 81.35 10.17 11.03 1.25 -6.44 18.26 -4.49 -0.10 17.49 -0.08 -7.17 6.97 4.71 -9.01 9.51 8.64 0.00 -0.00 -0.00 2.00 -0.01 0.26 -0.01 -0.16 4.50 -0.01 -0.08 2.24 0.00 -0.00 -0.00 -0.00 0.00 0.42 0.00 0.00 6.54 -0.00 0.00 3.28 0.00 -0.00 -0.00 -2.00 0.04 1.11 0.11 0.43 12.91 0.08 0.22 6.61 0.00 -0.00 -0.00 -4.00 0.04 0.61 0.10 0.59 8.63 0.07 0.30 4.35 5.27 5.00 -2.86 0.56 -7.57 -82.45 -12.73 14.77 -2.64 0.87 16.73 5.58 -0.02 3.62 -0.02 1.21 1.46 -1.49 1.73 2.21 -2.28 0.00 -0.00 -0.00 -2.00 -0.01 -0.21 0.01 -0.13 -3.75 0.01 -0.06 -1.86 0.00 -0.00 -0.00 -0.00 0.00 -0.32 -0.00 0.00 -5.28 -0.00 0.00 -2.63 0.00 -0.00 -0.00 2.00 0.02 -0.44 -0.03 0.23 -6.79 -0.02 0.12 -3.41 0.00 -0.00 -0.00 4.00 0.01 -0.20 -0.02 0.26 -3.73 -0.01 0.13 -1.85
-42.5230 -0.3270 -56.4634 145.34 -0.04 -0.30 -14.41 1.86 0.55 0.02 3.45 -0.00 8.16 -5.17 -1.01 -0.00 0.00 0.00 -18.98 4.89 4.21 2.58 -0.74 -0.02 -0.23 -3.41 -4.11 -0.00 -0.00 0.00 -4.78 0.17 0.09 -5.43 0.20 0.13 -5.86 0.22 0.14 -5.86 0.22 0.14 -5.72 1.99 0.73 -4.87 1.69 0.64 5.01 5.88 2.31 -4.94 -8.76 81.33 10.16 11.03 1.24 -6.40 18.26 -4.41 -0.10 17.50 -0.08 -7.18 6.97 4.71 -9.03 9.51 8.64 -0.00 -0.00 0.00 2.00 -0.01 0.26 -0.01 -0.16 4.51 -0.01 -0.08 2.24 -0.00 -0.00 0.00 -0.00 0.00 0.42 -0.00 0.00 6.55 -0.00 0.00 3.28 -0.00 -0.00 0.00 -2.00 0.04 1.11 0.11 0.43 12.92 0.08 0.22 6.62 -0.00 -0.00 0.00 -4.00 0.04 0.61 0.10 0.59 8.63 0.07 0.30 4.35 5.32 4.99 -2.87 0.38 -7.50 -82.45 -12.57 14.90 -2.58 0.91 16.81 5.57 -0.02 3.60 -0.02 1.21 1.46 -1.49 1.73 2.20 -2.29 0.00 -0.00 -0.00 -2.00 -0.01 -0.21 0.01 -0.13 -3.75 0.01 -0.06 -1.86 0.00 -0.00 -0.00 -0.00 0.00 -0.32 -0.00 0.00 -5.28 -0.00 0.00 -2.63 0.00 -0.00 -0.00 2.00 0.02 -0.44 -0.03 0.23 -6.79 -0.02 0.12 -3.40 0.00 -0.00 -0.00 4.00 0.01 -0.20 -0.02 0.26 -3.73 -0.01 0.13 -1.85
-42.5691 -0.3267 -56.6047 145.37 -0.04 -0.27 -14.56 1.89 0.43 0.03 3.45 0.00 8.25 -5.22 -0.93 -0.00 -0.00 -0.00 -19.18 4.91 4.09 2.68 -0.73 -0.02 -0.17 -3.44 -4.02 -0.00 0.00 0.00 -4.92 0.17 0.07 -5.43 0.20 0.11 -5.86 0.22 0.12 -5.86 0.22 0.12 -5.70 2.00 0.72 -4.86 1.70 0.63 5.08 5.87 2.34 -4.95 -8.76 81.32 10.16 11.05 1.23 -6.35 18.26 -4.31 -0.10 17.51 -0.08 -7.19 6.98 4.70 -9.04 9.51 8.64 -0.00 0.00 0.00 2.00 -0.01 0.26 -0.01 -0.16 4.51 -0.01 -0.08 2.24 -0.00 0.00 0.00 -0.00 0.00 0.42 -0.00 0.00 6.55 -0.00 0.00 3.28 -0.00 0.00 0.00 -2.00 0.04 1.11 0.11 0.43 12.92 0.08 0.22 6.62 -0.00 0.00 0.00 -4.00 0.04 0.61 0.10 0.59 8.63 0.07 0.30 4.35 5.38 4.98 -2.86 0.22 -7.42 -82.46 -12.40 15.00 -2.51 0.95 16.89 5.55 -0.02 3.60 -0.02 1.21 1.45 -1.49 1.72 2.20 -2.29 0.00 0.00 0.00 -2.00 -0.01 -0.21 0.01 -0.13 -3.75 0.01 -0.06 -1.86 0.00 0.00 0.00 -0.00 -0.00 -0.32 -0.00 0.00 -5.27 -0.00 0.00 -2.63 0.00 0.00 0.00 2.00 0.02 -0.44 -0.03 0.23 -6.78 -0.02 0.12 -3.40 0.00 0.00 0.00 4.00 0.01 -0.20 -0.02 0.26 -3.73 -0.01 0.13 -1.85
-42.6163 -0.3261 -56.7390 145.40 -0.04 -0.24 -14.69 1.93 0.31 0.05 3.43 0.00 8.34 -5.26 -0.85 0.00 -0.00 0.00 -19.38 4.94 3.96 2.79 -0.74 -0.02 -0.11 -3.46 -3.94 -0.00 0.00 -0.00 -5.04 0.17 0.06 -5.42 0.20 0.09 -5.85 0.22 0.10 -5.85 0.22 0.10 -5.69 2.01 0.71 -4.85 1.71 0.62 5.14 5.87 2.36 -4.95 -8.76 81.30 10.14 11.07 1.21 -6.30 18.27 -4.22 -0.10 17.51 -0.08 -7.19 6.98 4.70 -9.05 9.51 8.63 0.00 -0.00 0.00 2.00 -0.01 0.26 -0.01 -0.16 4.51 -0.01 -0.08 2.25 0.00 -0.00 0.00 -0.00 0.00 0.42 -0.00 0.00 6.56 0.00 0.00 3.28 0.00 -0.00 0.00 -2.00 0.04 1.11 0.11 0.43 12.93 0.08 0.22 6.62 0.00 -0.00 0.00 -4.00 0.04 0.61 0.10 0.59 8.63 0.07 0.30 4.35 5.43 4.97 -2.86 0.08 -7.34 -82.46 -12.20 15.09 -2.43 0.98 16.95 5.55 -0.02 3.59 -0.02 1.21 1.45 -1.50 1.72 2.19 -2.29 -0.00 -0.00 -0.00 -2.00 -0.01 -0.21 0.01 -0.13 -3.75 0.01 -0.06 -1.86 -0.00 -0.00 -0.00 0.00 -0.00 -0.31 -0.00 0.00 -5.26 -0.00 0.00 -2.62 -0.00 -0.00 -0.00 2.00 0.02 -0.44 -0.03 0.23 -6.77 -0.02 0.12 -3.39 -0.00 -0.00 -0.00 4.00 0.01 -0.20 -0.02 0.26 -3.73 -0.01 0.13 -1.85
-42.6623 -0.3239 -56.8699 145.43 -0.04 -0.22 -14.81 1.98 0.20 0.05 3.40 0.00 8.42 -5.29 -0.78 0.00 0.00 0.00 -19.57 4.98 3.84 2.90 -0.77 -0.02 -0.07 -3.47 -3.85 -0.00 0.00 0.00 -5.16 0.17 0.05 -5.41 0.20 0.08 -5.85 0.22 0.08 -5.85 0.22 0.08 -5.68 2.02 0.70 -4.84 1.72 0.61 5.20 5.86 2.37 -4.95 -8.77 81.29 10.13 11.10 1.20 -6.26 18.27 -4.14 -0.10 17.52 -0.08 -7.19 6.98 4.70 -9.05 9.52 8.63 0.00 -0.00 -0.00 2.00 -0.01 0.26 -0.01 -0.16 4.52 -0.01 -0.08 2.25 0.00 -0.00 -0.00 0.00 -0.00 0.42 -0.00 -0.00 6.56 0.00 0.00 3.28 0.00 -0.00 -0.00 -2.00 0.04 1.11 0.11 0.43 12.93 0.08 0.22 6.62 0.00 -0.00 -0.00 -4.00 0.04 0.61 0.10 0.59 8.63 0.07 0.30 4.35 5.48 4.96 -2.85 -0.04 -7.28 -82.47 -11.97 15.16 -2.35 1.01 17.00 5.56 -0.03 3.58 -0.02 1.20 1.45 -1.49 1.71 2.19 -2.29 0.00 0.00 0.00 -2.00 -0.01 -0.21 0.01 -0.13 -3.75 0.01 -0.06 -1.86 0.00 0.00 0.00 0.00 0.00 -0.31 -0.00 0.00 -5.25 -0.00 0.00 -2.62 0.00 0.00 0.00 2.00 0.02 -0.44 -0.03 0.23 -6.76 -0.02 0.12 -3.39 0.00 0.00 0.00 4.00 0.01 -0.20 -0.02 0.26 -3.73 -0.01 0.13 -1.85
-42.7032 -0.3217 -56.9920 145.44 -0.04 -0.20 -14.90 2.03 0.10 0.04 3.35 0.00 8.51 -5.31 -0.70 0.00 -0.00 -0.00 -19.72 5.03 3.74 3.01 -0.83 -0.02 -0.04 -3.47 -3.78 -0.00 0.00 -0.00 -5.26 0.16 0.04 -5.41 0.20 0.07 -5.84 0.21 0.07 -5.84 0.21 0.07 -5.67 2.03 0.69 -4.83 1.73 0.60 5.26 5.86 2.38 -4.96 -8.78 81.29 10.10 11.14 1.18 -6.23 18.27 -4.07 -0.10 17.52 -0.08 -7.19 6.98 4.69 -9.06 9.52 8.61 -0.00 0.00 -0.00 2.00 -0.01 0.26 -0.01 -0.16 4.52 -0.01 -0.08 2.25 -0.00 0.00 -0.00 -0.00 0.00 0.42 0.00 0.00 6.56 0.00 0.00 3.28 -0.00 0.00 -0.00 -2.00 0.04 1.11 0.11 0.43 12.93 0.08 0.22 6.62 -0.00 0.00 -0.00 -4.00 0.04 0.61 0.10 0.59 8.63 0.07 0.30 4.35 5.53 4.96 -2.85 -0.12 -7.22 -82.47 -11.71 15.23 -2.25 1.03 17.05 5.57 -0.03 3.58 -0.02 1.20 1.45 -1.50 1.71 2.19 -2.29 0.00 -0.00 0.00 -2.00 -0.01 -0.21 0.01 -0.13 -3.75 0.01 -0.06 -1.86 0.00 -0.00 0.00 -0.00 0.00 -0.31 -0.00 0.00 -5.24 -0.00 0.00 -2.61 0.00 -0.00 0.00 2.00 0.02 -0.44 -0.03 0.23 -6.75 -0.02 0.12 -3.38 0.00 -0.00 0.00 4.00 0.01 -0.20 -0.02 0.26 -3.73 -0.01 0.13 -1.85
-42.7355 -0.3208 -57.1019 145.44 -0.04 -0.19 -14.96 2.10 0.02 0.02 3.28 0.00 8.59 -5.31 -0.64 0.00 -0.00 -0.00 -19.83 5.10 3.65 3.11 -0.91 -0.03 -0.03 -3.46 -3.71 -0.00 0.00 0.00 -5.33 0.16 0.04 -5.40 0.20 0.06 -5.83 0.21 0.06 -5.83 0.21 0.06 -5.67 2.04 0.68 -4.84 1.74 0.59 5.31 5.86 2.39 -4.98 -8.79 81.29 10.06 11.18 1.15 -6.21 18.27 -4.02 -0.10 17.53 -0.08 -7.19 6.98 4.68 -9.06 9.52 8.60 -0.00 -0.00 -0.00 2.00 -0.01 0.26 -0.01 -0.16 4.51 -0.01 -0.08 2.24 -0.00 -0.00 -0.00 -0.00 0.00 0.42 0.00 -0.00 6.56 0.00 -0.00 3.29 -0.00 -0.00 -0.00 -2.00 0.04 1.12 0.11 0.43 12.95 0.08 0.22 6.63 -0.00 -0.00 -0.00 -4.00 0.04 0.61 0.10 0.59 8.62 0.07 0.30 4.35 5.58 4.96 -2.85 -0.17 -7.17 -82.47 -11.44 15.29 -2.15 1.04 17.09 5.59 -0.02 3.57 -0.02 1.20 1.45 -1.50 1.72 2.18 -2.30 -0.00 0.00 -0.00 -2.00 -0.01 -0.21 0.01 -0.13 -3.75 0.01 -0.06 -1.86 -0.00 0.00 -0.00 0.00 0.00 -0.31 -0.00 0.00 -5.23 0.00 0.00 -2.61 -0.00 0.00 -0.00 2.00 0.02 -0.44 -0.03 0.23 -6.73 -0.02 0.12 -3.37 -0.00 0.00 -0.00 4.00 0.01 -0.20 -0.02 0.26 -3.72 -0.01 0.13 -1.85
-42.7595 -0.3196 -57.2041 145.41 -0.03 -0.19 -14.99 2.18 -0.04 -0.01 3.18 -0.00 8.68 -5.30 -0.58 -0.00 0.00 0.00 -19.89 5.18 3.58 3.19 -1.01 -0.03 -0.02 -3.44 -3.64 0.00 0.00 -0.00 -5.37 0.16 0.03 -5.40 0.20 0.05 -5.83 0.21 0.05 -5.83 0.21 0.05 -5.68 2.05 0.68 -4.84 1.74 0.59 5.37 5.86 2.40 -5.01 -8.81 81.29 10.01 11.22 1.12 -6.20 18.26 -3.98 -0.10 17.54 -0.08 -7.19 6.99 4.67 -9.06 9.52 8.59 0.00 -0.00 0.00 2.00 -0.01 0.26 -0.01 -0.16 4.51 -0.01 -0.08 2.24 0.00 -0.00 0.00 -0.00 -0.00 0.42 0.00 -0.00 6.56 0.00 -0.00 3.29 0.00 -0.00 0.00 -2.00 0.04 1.12 0.11 0.44 12.96 0.08 0.22 6.64 0.00 -0.00 0.00 -4.00 0.04 0.61 0.10 0.59 8.61 0.07 0.29 4.34 5.63 4.96 -2.85 -0.18 -7.13 -82.48 -11.14 15.34 -2.03 1.06 17.14 5.62 -0.03 3.56 -0.02 1.20 1.44 -1.50 1.72 2.18 -2.30 -0.00 0.00 0.00 -2.00 -0.01 -0.21 0.01 -0.13 -3.75 0.01 -0.06 -1.86 -0.00 0.00 0.00 -0.00 -0.00 -0.31 -0.00 0.00 -5.23 0.00 0.00 -2.61 -0.00 0.00 0.00 2.00 0.02 -0.43 -0.03 0.23 -6.72 -0.02 0.12 -3.37 -0.00 0.00 0.00 4.00 0.01 -0.20 -0.02 0.26 -3.72 -0.01 0.13 -1.85
-42.7783 -0.3176 -57.3000 145.37 -0.03 -0.20 -15.02 2.26 -0.09 -0.04 3.06 -0.00 8.77 -5.28 -0.53 0.00 0.00 0.00 -19.93 5.27 3.52 3.27 -1.11 -0.03 -0.02 -3.42 -3.59 0.00 0.00 0.00 -5.38 0.16 0.03 -5.40 0.19 0.05 -5.83 0.21 0.05 -5.83 0.21 0.05 -5.69 2.05 0.69 -4.85 1.74 0.60 5.42 5.85 2.41 -5.05 -8.84 81.30 9.95 11.25 1.09 -6.20 18.26 -3.95 -0.10 17.54 -0.08 -7.19 6.99 4.66 -9.06 9.53 8.57 0.00 0.00 -0.00 2.00 -0.01 0.26 -0.01 -0.16 4.51 -0.01 -0.08 2.24 0.00 0.00 -0.00 0.00 0.00 0.42 0.00 -0.00 6.56 0.00 -0.00 3.29 0.00 0.00 -0.00 -2.00 0.04 1.12 0.11 0.44 12.98 0.08 0.22 6.65 0.00 0.00 -0.00 -4.00 0.04 0.61 0.10 0.59 8.60 0.07 0.29 4.34 5.67 4.96 -2.85 -0.16 -7.09 -82.49 -10.83 15.39 -1.91 1.08 17.18 5.66 -0.03 3.55 -0.02 1.21 1.44 -1.51 1.72 2.17 -2.31 -0.00 0.00 -0.00 -2.00 -0.01 -0.21 0.01 -0.13 -3.75 0.01 -0.06 -1.86 -0.00 0.00 -0.00 0.00 -0.00 -0.31 0.00 0.00 -5.22 0.00 0.00 -2.60 -0.00 0.00 -0.00 2.00 0.02 -0.43 -0.03 0.23 -6.70 -0.02 0.12 -3.36 -0.00 0.00 -0.00 4.00 0.01 -0.20 -0.02 0.26 -3.72 -0.01 0.13 -1.84
-42.7931 -0.3154 -57.3856 145.32 -0.03 -0.21 -15.02 2.35 -0.12 -0.08 2.95 -0.00 8.86 -5.25 -0.48 0.00 -0.00 -0.00 -19.95 5.35 3.47 3.34 -1.22 -0.04 -0.03 -3.40 -3.54 0.00 0.00 0.00 -5.38 0.16 0.03 -5.40 0.19 0.04 -5.83 0.21 0.05 -5.83 0.21 0.05 -5.71 2.05 0.69 -4.86 1.74 0.60 5.46 5.85 2.42 -5.10 -8.86 81.31 9.88 11.27 1.05 -6.20 18.25 -3.92 -0.10 17.54 -0.08 -7.19 6.99 4.65 -9.06 9.53 8.55 0.00 -0.00 0.00 2.00 -0.01 0.26 -0.01 -0.16 4.50 -0.01 -0.08 2.24 0.00 -0.00 0.00 0.00 -0.00 0.42 0.00 0.00 6.56 0.00 -0.00 3.29 0.00 -0.00 0.00 -2.00 0.04 1.12 0.11 0.44 12.99 0.08 0.22 6.65 0.00 -0.00 0.00 -4.00 0.04 0.61 0.10 0.59 8.59 0.07 0.29 4.33 5.71 4.95 -2.84 -0.12 -7.06 -82.51 -10.51 15.42 -1.79 1.09 17.23 5.69 -0.03 3.55 -0.02 1.21 1.44 -1.51 1.73 2.17 -2.31 0.00 -0.00 0.00 -2.00 -0.01 -0.21 0.01 -0.13 -3.75 0.01 -0.06 -1.86 0.00 -0.00 0.00 0.00 0.00 -0.31 0.00 0.00 -5.21 0.00 0.00 -2.60 0.00 -0.00 0.00 2.00 0.02 -0.43 -0.03 0.23 -6.68 -0.02 0.11 -3.35 0.00 -0.00 0.00 4.00 0.01 -0.20 -0.02 0.26 -3.71 -0.01 0.13 -1.84
-42.8059 -0.3124 -57.4600 145.26 -0.03 -0.23 -15.02 2.43 -0.14 -0.11 2.83 -0.00 8.95 -5.21 -0.44 -0.00 0.00 0.00 -19.96 5.44 3.44 3.42 -1.32 -0.04 -0.03 -3.38 -3.50 -0.00 0.00 -0.00 -5.35 0.16 0.03 -5.40 0.19 0.04 -5.83 0.21 0.04 -5.83 0.21 0.04 -5.74 2.05 0.69 -4.89 1.74 0.60 5.49 5.84 2.43 -5.15 -8.88 81.32 9.81 11.28 1.01 -6.19 18.24 -3.89 -0.10 17.54 -0.08 -7.19 6.99 4.64 -9.06 9.53 8.54 -0.00 -0.00 0.00 2.00 -0.01 0.26 -0.01 -0.16 4.50 -0.01 -0.08 2.24 -0.00 -0.00 0.00 0.00 -0.00 0.42 -0.00 0.00 6.56 -0.00 -0.00 3.29 -0.00 -0.00 0.00 -2.00 0.04 1.12 0.11 0.44 13.00 0.08 0.22 6.66 -0.00 -0.00 0.00 -4.00 0.04 0.61 0.10 0.59 8.58 0.07 0.29 4.33 5.74 4.94 -2.84 -0.07 -7.02 -82.53 -10.20 15.43 -1.67 1.11 17.27 5.73 -0.03 3.54 -0.02 1.21 1.43 -1.51 1.73 2.16 -2.31 0.00 -0.00 0.00 -2.00 -0.01 -0.21 0.01 -0.13 -3.75 0.01 -0.06 -1.86 0.00 -0.00 0.00 0.00 0.00 -0.31 -0.00 0.00 -5.20 0.00 0.00 -2.59 0.00 -0.00 0.00 2.00 0.02 -0.43 -0.03 0.23 -6.67 -0.02 0.11 -3.34 0.00 -0.00 0.00 4.00 0.01 -0.20 -0.02 0.26 -3.71 -0.01 0.13 -1.84
-42.8185 -0.3089 -57.5264 145.20 -0.02 -0.25 -15.01 2.49 -0.16 -0.14 2.74 -0.00 9.03 -5.19 -0.41 0.00 -0.00 -0.00 -19.96 5.51 3.42 3.49 -1.40 -0.04 -0.04 -3.37 -3.46 -0.00 0.00 0.00 -5.32 0.16 0.03 -5.40 0.20 0.04 -5.83 0.21 0.04 -5.83 0.21 0.04 -5.77 2.04 0.70 -4.92 1.73 0.61 5.52 5.83 2.43 -5.19 -8.90 81.33 9.75 11.29 0.96 -6.19 18.24 -3.86 -0.10 17.55 -0.08 -7.19 6.99 4.63 -9.06 9.53 8.53 -0.00 -0.00 -0.00 2.00 -0.01 0.26 -0.01 -0.16 4.50 -0.01 -0.08 2.24 -0.00 -0.00 -0.00 -0.00 -0.00 0.42 -0.00 0.00 6.56 0.00 0.00 3.29 -0.00 -0.00 -0.00 -2.00 0.04 1.12 0.11 0.44 13.00 0.08 0.22 6.66 -0.00 -0.00 -0.00 -4.00 0.04 0.61 0.10 0.59 8.58 0.07 0.29 4.33 5.77 4.94 -2.84 -0.02 -6.98 -82.54 -9.90 15.44 -1.56 1.13 17.32 5.76 -0.03 3.53 -0.03 1.20 1.43 -1.51 1.72 2.16 -2.31 0.00 -0.00 -0.00 -2.00 -0.01 -0.21 0.01 -0.13 -3.75 0.01 -0.06 -1.86 0.00 -0.00 -0.00 0.00 0.00 -0.31 0.00 0.00 -5.19 0.00 0.00 -2.59 0.00 -0.00 -0.00 2.00 0.01 -0.43 -0.03 0.23 -6.65 -0.02 0.11 -3.33 0.00 -0.00 -0.00 4.00 0.01 -0.20 -0.02 0.26 -3.70 -0.01 0.13 -1.84
-42.8318 -0.3062 -57.5852 145.14 -0.02 -0.27 -15.00 2.55 -0.17 -0.16 2.66 -0.00 9.10 -5.16 -0.38 0.00 0.00 -0.00 -19.96 5.57 3.40 3.57 -1.46 -0.05 -0.04 -3.37 -3.42 0.00 0.00 -0.00 -5.28 0.16 0.03 -5.40 0.20 0.04 -5.83 0.21 0.05 -5.83 0.21 0.05 -5.81 2.04 0.69 -4.95 1.73 0.60 5.54 5.82 2.44 -5.22 -8.92 81.34 9.69 11.30 0.92 -6.18 18.24 -3.82 -0.10 17.55 -0.08 -7.19 6.99 4.63 -9.06 9.53 8.52 0.00 0.00 0.00 2.00 -0.01 0.26 -0.01 -0.16 4.50 -0.01 -0.08 2.24 0.00 0.00 0.00 0.00 -0.00 0.42 -0.00 -0.00 6.56 -0.00 0.00 3.29 0.00 0.00 0.00 -2.00 0.04 1.12 0.11 0.44 13.00 0.08 0.22 6.66 0.00 0.00 0.00 -4.00 0.04 0.61 0.10 0.59 8.58 0.07 0.29 4.33 5.79 4.93 -2.84 0.03 -6.94 -82.55 -9.62 15.43 -1.45 1.14 17.35 5.79 -0.03 3.53 -0.03 1.20 1.43 -1.51 1.72 2.16 -2.31 -0.00 -0.00 -0.00 -2.00 -0.01 -0.21 0.01 -0.13 -3.75 0.01 -0.06 -1.86 -0.00 -0.00 -0.00 -0.00 0.00 -0.31 0.00 0.00 -5.18 0.00 0.00 -2.58 -0.00 -0.00 -0.00 2.00 0.01 -0.43 -0.03 0.23 -6.64 -0.02 0.11 -3.33 -0.00 -0.00 -0.00 4.00 0.01 -0.20 -0.02 0.26 -3.70 -0.01 0.13 -1.84
-42.8448 -0.3041 -57.6371 145.07 -0.02 -0.28 -14.99 2.59 -0.19 -0.18 2.59 -0.00 9.17 -5.15 -0.35 0.00 0.00 -0.00 -19.97 5.62 3.37 3.65 -1.50 -0.05 -0.05 -3.37 -3.39 0.00 -0.00 0.00 -5.23 0.16 0.03 -5.40 0.20 0.04 -5.83 0.21 0.04 -5.83 0.21 0.04 -5.84 2.03 0.69 -4.98 1.72 0.60 5.55 5.81 2.44 -5.23 -8.93 81.34 9.65 11.30 0.88 -6.17 18.24 -3.79 -0.10 17.56 -0.08 -7.19 6.99 4.63 -9.06 9.54 8.53 0.00 0.00 -0.00 2.00 -0.01 0.26 -0.01 -0.16 4.50 -0.01 -0.08 2.24 0.00 0.00 -0.00 -0.00 0.00 0.42 -0.00 -0.00 6.56 0.00 0.00 3.29 0.00 0.00 -0.00 -2.00 0.04 1.12 0.11 0.44 13.01 0.08 0.22 6.66 0.00 0.00 -0.00 -4.00 0.04 0.61 0.10 0.59 8.58 0.07 0.29 4.33 5.80 4.93 -2.83 0.06 -6.89 -82.56 -9.37 15.42 -1.34 1.14 17.38 5.81 -0.03 3.52 -0.03 1.20 1.42 -1.51 1.72 2.15 -2.31 -0.00 -0.00 0.00 -2.00 -0.01 -0.21 0.01 -0.13 -3.75 0.01 -0.06 -1.86 -0.00 -0.00 0.00 -0.00 0.00 -0.31 -0.00 0.00 -5.18 -0.00 0.00 -2.58 -0.00 -0.00 0.00 2.00 0.01 -0.43 -0.03 0.23 -6.63 -0.02 0.11 -3.32 -0.00 -0.00 0.00 4.00 0.01 -0.20 -0.02 0.26 -3.70 -0.01 0.13 -1.84
-42.8568 -0.3019 -57.6860 145.01 -0.02 -0.29 -14.98 2.62 -0.21 -0.20 2.54 -0.00 9.23 -5.13 -0.32 0.00 -0.00 -0.00 -19.98 5.65 3.34 3.72 -1.52 -0.05 -0.05 -3.38 -3.36 -0.00 -0.00 0.00 -5.19 0.16 0.03 -5.40 0.20 0.04 -5.83 0.21 0.04 -5.83 0.21 0.04 -5.88 2.02 0.69 -5.01 1.72 0.60 5.57 5.80 2.44 -5.24 -8.93 81.34 9.63 11.31 0.85 -6.16 18.24 -3.75 -0.10 17.57 -0.08 -7.19 7.00 4.64 -9.06 9.55 8.54 -0.00 0.00 -0.00 2.00 -0.01 0.26 -0.01 -0.16 4.51 -0.01 -0.08 2.24 -0.00 0.00 -0.00 0.00 0.00 0.42 -0.00 0.00 6.57 -0.00 0.00 3.29 -0.00 0.00 -0.00 -2.00 0.04 1.13 0.11 0.44 13.01 0.08 0.22 6.66 -0.00 0.00 -0.00 -4.00 0.04 0.61 0.10 0.59 8.59 0.07 0.29 4.33 5.81 4.92 -2.83 0.08 -6.84 -82.56 -9.15 15.40 -1.25 1.15 17.41 5.83 -0.03 3.51 -0.03 1.20 1.42 -1.51 1.71 2.15 -2.31 -0.00 0.00 -0.00 -2.00 -0.01 -0.21 0.01 -0.13 -3.74 0.01 -0.06 -1.86 -0.00 0.00 -0.00 0.00 0.00 -0.31 -0.00 0.00 -5.17 0.00 0.00 -2.58 -0.00 0.00 -0.00 2.00 0.01 -0.43 -0.03 0.23 -6.62 -0.02 0.11 -3.32 -0.00 0.00 -0.00 4.00 0.01 -0.20 -0.02 0.26 -3.70 -0.01 0.13 -1.83
-42.8654 -0.3011 -57.7317 144.96 -0.02 -0.29 -14.97 2.66 -0.23 -0.20 2.49 -0.01 9.29 -5.11 -0.30 -0.00 -0.00 0.00 -20.00 5.68 3.31 3.79 -1.53 -0.05 -0.05 -3.40 -3.33 0.00 0.00 0.00 -5.14 0.16 0.03 -5.40 0.20 0.04 -5.83 0.21 0.04 -5.83 0.21 0.04 -5.92 2.02 0.68 -5.04 1.72 0.60 5.57 5.78 2.44 -5.23 -8.92 81.34 9.62 11.31 0.83 -6.15 18.25 -3.71 -0.10 17.58 -0.08 -7.19 7.00 4.64 -9.05 9.55 8.55 -0.00 -0.00 0.00 2.00 -0.01 0.26 -0.01 -0.16 4.51 -0.01 -0.08 2.25 -0.00 -0.00 0.00 0.00 -0.00 0.42 -0.00 0.00 6.58 -0.00 0.00 3.30 -0.00 -0.00 0.00 -2.00 0.04 1.13 0.11 0.44 13.02 0.08 0.22 6.67 -0.00 -0.00 0.00 -4.00 0.04 0.61 0.10 0.59 8.59 0.07 0.29 4.33 5.82 4.91 -2.82 0.09 -6.79 -82.56 -8.98 15.39 -1.18 1.15 17.43 5.86 -0.03 3.51 -0.03 1.20 1.42 -1.51 1.71 2.15 -2.31 -0.00 -0.00 -0.00 -2.00 -0.01 -0.21 0.01 -0.13 -3.74 0.01 -0.06 -1.86 -0.00 -0.00 -0.00 0.00 0.00 -0.31 0.00 -0.00 -5.17 0.00 -0.00 -2.58 -0.00 -0.00 -0.00 2.00 0.01 -0.43 -0.03 0.23 -6.62 -0.02 0.11 -3.32 -0.00 -0.00 -0.00 4.00 0.01 -0.20 -0.02 0.26 -3.69 -0.01 0.13 -1.83
-42.8744 -0.3007 -57.7730 144.91 -0.02 -0.29 -14.97 2.69 -0.26 -0.22 2.44 -0.01 9.35 -5.09 -0.27 0.00 0.00 0.00 -20.01 5.70 3.28 3.86 -1.52 -0.05 -0.05 -3.42 -3.31 -0.00 0.00 0.00 -5.10 0.16 0.02 -5.40 0.20 0.03 -5.83 0.21 0.03 -5.83 0.21 0.03 -5.95 2.02 0.68 -5.07 1.72 0.59 5.58 5.76 2.45 -5.22 -8.90 81.34 9.62 11.32 0.81 -6.14 18.25 -3.67 -0.10 17.59 -0.08 -7.19 7.01 4.64 -9.05 9.55 8.55 0.00 -0.00 0.00 2.00 -0.01 0.26 -0.01 -0.16 4.52 -0.01 -0.08 2.25 0.00 -0.00 0.00 -0.00 0.00 0.42 -0.00 0.00 6.58 -0.00 0.00 3.30 0.00 -0.00 0.00 -2.00 0.04 1.13 0.11 0.44 13.03 0.08 0.22 6.67 0.00 -0.00 0.00 -4.00 0.04 0.61 0.10 0.59 8.59 0.07 0.29 4.33 5.83 4.91 -2.81 0.10 -6.72 -82.56 -8.84 15.40 -1.12 1.14 17.43 5.88 -0.03 3.51 -0.03 1.20 1.42 -1.51 1.71 2.15 -2.31 -0.00 0.00 0.00 -2.00 -0.01 -0.21 0.01 -0.13 -3.74 0.01 -0.06 -1.86 -0.00 0.00 0.00 0.00 -0.00 -0.31 -0.00 0.00 -5.17 -0.00 0.00 -2.58 -0.00 0.00 0.00 2.00 0.01 -0.43 -0.03 0.23 -6.62 -0.02 0.11 -3.32 -0.00 0.00 0.00 4.00 0.01 -0.20 -0.02 0.26 -3.69 -0.01 0.13 -1.83
-42.8831 -0.3000 -57.8100 144.86 -0.02 -0.29 -14.97 2.72 -0.28 -0.23 2.39 -0.01 9.42 -5.08 -0.25 0.00 0.00 -0.00 -20.03 5.71 3.25 3.92 -1.51 -0.05 -0.06 -3.44 -3.28 -0.00 0.00 -0.00 -5.06 0.16 0.02 -5.40 0.20 0.02 -5.84 0.21 0.02 -5.84 0.21 0.02 -5.98 2.02 0.68 -5.09 1.72 0.59 5.58 5.74 2.46 -5.20 -8.88 81.35 9.63 11.32 0.78 -6.14 18.25 -3.63 -0.10 17.59 -0.08 -7.18 7.01 4.65 -9.05 9.56 8.55 -0.00 0.00 0.00 2.00 -0.01 0.26 -0.01 -0.16 4.52 -0.01 -0.08 2.25 -0.00 0.00 0.00 0.00 -0.00 0.42 -0.00 0.00 6.59 -0.00 -0.00 3.30 -0.00 0.00 0.00 -2.00 0.04 1.13 0.11 0.44 13.04 0.08 0.22 6.68 -0.00 0.00 0.00 -4.00 0.04 0.61 0.10 0.59 8.59 0.07 0.29 4.33 5.84 4.90 -2.79 0.11 -6.66 -82.54 -8.74 15.40 -1.09 1.13 17.43 5.90 -0.03 3.51 -0.03 1.20 1.42 -1.51 1.71 2.15 -2.31 0.00 -0.00 0.00 -2.00 -0.01 -0.21 0.01 -0.13 -3.74 0.01 -0.06 -1.86 0.00 -0.00 0.00 0.00 0.00 -0.31 -0.00 -0.00 -5.17 -0.00 -0.00 -2.58 0.00 -0.00 0.00 2.00 0.01 -0.43 -0.03 0.23 -6.62 -0.02 0.11 -3.32 0.00 -0.00 0.00 4.00 0.01 -0.20 -0.02 0.26 -3.69 -0.01 0.13 -1.83
-42.8911 -0.3002 -57.8413 144.82 -0.02 -0.29 -14.98 2.75 -0.30 -0.25 2.35 -0.01 9.48 -5.07 -0.23 -0.00 0.00 -0.00 -20.04 5.71 3.22 3.97 -1.50 -0.05 -0.06 -3.46 -3.26 0.00 0.00 -0.00 -5.02 0.16 0.01 -5.40 0.19 0.02 -5.84 0.21 0.02 -5.84 0.21 0.02 -6.00 2.02 0.67 -5.11 1.72 0.59 5.59 5.72 2.47 -5.20 -8.86 81.35 9.64 11.32 0.75 -6.14 18.26 -3.58 -0.10 17.59 -0.08 -7.18 7.01 4.64 -9.05 9.56 8.55 -0.00 -0.00 0.00 2.00 -0.01 0.26 -0.01 -0.16 4.52 -0.01 -0.08 2.25 -0.00 -0.00 0.00 0.00 -0.00 0.42 0.00 -0.00 6.59 -0.00 -0.00 3.30 -0.00 -0.00 0.00 -2.00 0.04 1.13 0.11 0.44 13.04 0.08 0.22 6.68 -0.00 -0.00 0.00 -4.00 0.04 0.61 0.10 0.59 8.59 0.07 0.29 4.33 5.84 4.89 -2.78 0.13 -6.60 -82.53 -8.68 15.41 -1.07 1.10 17.42 5.91 -0.03 3.51 -0.03 1.20 1.42 -1.51 1.71 2.15 -2.30 -0.00 -0.00 0.00 -2.00 -0.01 -0.21 0.01 -0.13 -3.74 0.01 -0.06 -1.86 -0.00 -0.00 0.00 0.00 0.00 -0.31 -0.00 0.00 -5.17 0.00 -0.00 -2.58 -0.00 -0.00 0.00 2.00 0.01 -0.43 -0.03 0.23 -6.62 -0.02 0.11 -3.31 -0.00 -0.00 0.00 4.00 0.01 -0.20 -0.02 0.26 -3.69 -0.01 0.13 -1.83
-42.8991 -0.2995 -57.8705 144.78 -0.02 -0.29 -14.99 2.77 -0.32 -0.27 2.32 -0.01 9.55 -5.05 -0.22 -0.00 -0.00 0.00 -20.04 5.72 3.20 4.01 -1.49 -0.05 -0.06 -3.47 -3.25 0.00 -0.00 -0.00 -4.99 0.16 0.00 -5.40 0.19 0.01 -5.84 0.21 0.01 -5.84 0.21 0.01 -6.02 2.02 0.66 -5.13 1.72 0.58 5.59 5.71 2.47 -5.19 -8.85 81.36 9.65 11.32 0.71 -6.14 18.26 -3.55 -0.10 17.59 -0.08 -7.18 7.01 4.64 -9.04 9.56 8.55 -0.00 0.00 -0.00 2.00 -0.01 0.26 -0.01 -0.16 4.52 -0.01 -0.08 2.25 -0.00 0.00 -0.00 -0.00 0.00 0.42 0.00 -0.00 6.59 0.00 0.00 3.30 -0.00 0.00 -0.00 -2.00 0.04 1.13 0.11 0.44 13.05 0.08 0.22 6.68 -0.00 0.00 -0.00 -4.00 0.04 0.61 0.10 0.59 8.59 0.07 0.29 4.33 5.85 4.88 -2.77 0.14 -6.54 -82.51 -8.66 15.41 -1.07 1.08 17.41 5.92 -0.03 3.51 -0.03 1.20 1.42 -1.50 1.71 2.14 -2.30 -0.00 0.00 0.00 -2.00 -0.01 -0.21 0.01 -0.13 -3.74 0.01 -0.06 -1.86 -0.00 0.00 0.00 -0.00 -0.00 -0.31 -0.00 0.00 -5.17 0.00 -0.00 -2.58 -0.00 0.00 0.00 2.00 0.01 -0.43 -0.03 0.23 -6.62 -0.02 0.11 -3.32 -0.00 0.00 0.00 4.00 0.01 -0.20 -0.02 0.26 -3.69 -0.01 0.13 -1.83
-42.9056 -0.2995 -57.8991 144.75 -0.02 -0.29 -15.01 2.79 -0.35 -0.30 2.28 -0.01 9.62 -5.04 -0.20 -0.00 -0.00 -0.00 -20.05 5.73 3.17 4.06 -1.48 -0.05 -0.06 -3.49 -3.23 0.00 0.00 -0.00 -4.95 0.16 0.00 -5.41 0.19 0.00 -5.84 0.21 0.00 -5.84 0.21 0.00 -6.04 2.03 0.64 -5.14 1.72 0.56 5.59 5.69 2.48 -5.18 -8.84 81.37 9.66 11.32 0.69 -6.14 18.26 -3.52 -0.10 17.59 -0.08 -7.18 7.01 4.64 -9.04 9.56 8.54 0.00 0.00 -0.00 2.00 -0.01 0.26 -0.01 -0.16 4.52 -0.01 -0.08 2.25 0.00 0.00 -0.00 0.00 -0.00 0.42 -0.00 0.00 6.59 -0.00 -0.00 3.30 0.00 0.00 -0.00 -2.00 0.04 1.13 0.11 0.44 13.05 0.08 0.22 6.69 0.00 0.00 -0.00 -4.00 0.04 0.61 0.10 0.59 8.59 0.07 0.29 4.33 5.85 4.87 -2.76 0.14 -6.47 -82.49 -8.68 15.39 -1.08 1.05 17.40 5.93 -0.03 3.51 -0.03 1.20 1.42 -1.50 1.71 2.14 -2.30 0.00 -0.00 -0.00 -2.00 -0.01 -0.21 0.01 -0.13 -3.74 0.01 -0.06 -1.86 0.00 -0.00 -0.00 0.00 -0.00 -0.31 -0.00 0.00 -5.17 -0.00 -0.00 -2.58 0.00 -0.00 -0.00 2.00 0.01 -0.43 -0.03 0.23 -6.62 -0.02 0.11 -3.32 0.00 -0.00 -0.00 4.00 0.01 -0.20 -0.02 0.26 -3.70 -0.01 0.13 -1.83
-42.9104 -0.3004 -57.9272 144.72 -0.02 -0.28 -15.02 2.81 -0.37 -0.31 2.25 -0.01 9.68 -5.03 -0.19 -0.00 0.00 -0.00 -20.07 5.73 3.15 4.11 -1.47 -0.05 -0.06 -3.51 -3.21 -0.00 -0.00 -0.00 -4.93 0.16 -0.00 -5.41 0.19 -0.00 -5.84 0.21 -0.00 -5.84 0.21 -0.00 -6.05 2.03 0.63 -5.15 1.73 0.55 5.59 5.68 2.48 -5.18 -8.83 81.38 9.66 11.32 0.66 -6.16 18.25 -3.51 -0.10 17.60 -0.08 -7.17 7.01 4.64 -9.03 9.56 8.54 0.00 0.00 0.00 2.00 -0.01 0.26 -0.01 -0.16 4.52 -0.01 -0.08 2.25 0.00 0.00 0.00 0.00 -0.00 0.42 -0.00 0.00 6.59 0.00 0.00 3.30 0.00 0.00 0.00 -2.00 0.04 1.13 0.11 0.44 13.06 0.08 0.22 6.69 0.00 0.00 0.00 -4.00 0.04 0.61 0.10 0.59 8.58 0.07 0.29 4.33 5.85 4.86 -2.75 0.13 -6.40 -82.46 -8.71 15.36 -1.09 1.03 17.40 5.93 -0.03 3.51 -0.03 1.19 1.42 -1.50 1.71 2.15 -2.29 -0.00 0.00 -0.00 -2.00 -0.01 -0.21 0.01 -0.13 -3.74 0.01 -0.06 -1.86 -0.00 0.00 -0.00 -0.00 0.00 -0.31 0.00 -0.00 -5.18 -0.00 0.00 -2.58 -0.00 0.00 -0.00 2.00 0.01 -0.43 -0.03 0.23 -6.62 -0.02 0.11 -3.32 -0.00 0.00 -0.00 4.00 0.01 -0.20 -0.02 0.26 -3.69 -0.01 0.13 -1.83
-42.9122 -0.3020 -57.9553 144.70 -0.02 -0.28 -15.04 2.83 -0.39 -0.33 2.23 -0.01 9.74 -5.03 -0.17 -0.00 0.00 -0.00 -20.10 5.74 3.12 4.15 -1.46 -0.05 -0.06 -3.53 -3.20 0.00 0.00 0.00 -4.90 0.16 -0.01 -5.41 0.19 -0.01 -5.84 0.21 -0.01 -5.84 0.21 -0.01 -6.06 2.04 0.62 -5.16 1.73 0.54 5.59 5.67 2.49 -5.18 -8.82 81.39 9.66 11.31 0.64 -6.18 18.24 -3.51 -0.10 17.60 -0.08 -7.17 7.01 4.64 -9.03 9.57 8.54 -0.00 -0.00 0.00 2.00 -0.01 0.26 -0.01 -0.16 4.52 -0.01 -0.08 2.25 -0.00 -0.00 0.00 0.00 -0.00 0.42 -0.00 -0.00 6.59 -0.00 -0.00 3.30 -0.00 -0.00 0.00 -2.00 0.04 1.13 0.11 0.44 13.08 0.08 0.22 6.70 -0.00 -0.00 0.00 -4.00 0.04 0.61 0.10 0.59 8.58 0.07 0.29 4.33 5.85 4.85 -2.75 0.13 -6.34 -82.44 -8.75 15.33 -1.11 1.01 17.39 5.93 -0.03 3.51 -0.03 1.20 1.42 -1.50 1.71 2.15 -2.29 0.00 -0.00 -0.00 -2.00 -0.01 -0.21 0.01 -0.13 -3.74 0.01 -0.06 -1.86 0.00 -0.00 -0.00 -0.00 -0.00 -0.31 0.00 0.00 -5.18 0.00 -0.00 -2.58 0.00 -0.00 -0.00 2.00 0.01 -0.43 -0.03 0.23 -6.63 -0.02 0.11 -3.32 0.00 -0.00 -0.00 4.00 0.01 -0.20 -0.02 0.26 -3.69 -0.01 0.13 -1.83
-42.9112 -0.3034 -57.9867 144.67 -0.02 -0.27 -15.07 2.85 -0.41 -0.33 2.20 -0.01 9.79 -5.03 -0.16 -0.00 0.00 -0.00 -20.12 5.75 3.10 4.19 -1.44 -0.05 -0.06 -3.55 -3.18 -0.00 0.00 -0.00 -4.88 0.16 -0.02 -5.41 0.19 -0.02 -5.84 0.21 -0.02 -5.84 0.21 -0.02 -6.06 2.04 0.61 -5.17 1.73 0.54 5.59 5.65 2.49 -5.17 -8.82 81.41 9.66 11.31 0.61 -6.20 18.23 -3.51 -0.10 17.61 -0.08 -7.16 7.01 4.64 -9.02 9.57 8.54 -0.00 -0.00 -0.00 2.00 -0.01 0.26 -0.01 -0.16 4.52 -0.01 -0.08 2.25 -0.00 -0.00 -0.00 -0.00 0.00 0.42 -0.00 -0.00 6.59 0.00 -0.00 3.30 -0.00 -0.00 -0.00 -2.00 0.04 1.13 0.11 0.44 13.08 0.08 0.22 6.70 -0.00 -0.00 -0.00 -4.00 0.04 0.61 0.10 0.59 8.58 0.07 0.29 4.33 5.86 4.82 -2.75 0.13 -6.29 -82.40 -8.80 15.31 -1.13 1.00 17.38 5.94 -0.03 3.51 -0.03 1.20 1.42 -1.50 1.71 2.15 -2.29 -0.00 0.00 0.00 -2.00 -0.01 -0.21 0.01 -0.13 -3.74 0.01 -0.06 -1.86 -0.00 0.00 0.00 0.00 -0.00 -0.31 -0.00 0.00 -5.18 0.00 0.00 -2.58 -0.00 0.00 0.00 2.00 0.01 -0.43 -0.03 0.23 -6.65 -0.02 0.11 -3.33 -0.00 0.00 0.00 4.00 0.01 -0.20 -0.02 0.26 -3.69 -0.01 0.13 -1.83
-42.9084 -0.3067 -58.0141 144.66 -0.02 -0.26 -15.09 2.88 -0.44 -0.34 2.18 -0.01 9.84 -5.03 -0.15 0.00 0.00 0.00 -20.14 5.75 3.07 4.23 -1.42 -0.05 -0.06 -3.58 -3.17 0.00 0.00 0.00 -4.86 0.16 -0.02 -5.41 0.19 -0.02 -5.84 0.21 -0.03 -5.84 0.21 -0.03 -6.07 2.05 0.61 -5.17 1.74 0.53 5.59 5.63 2.49 -5.17 -8.81 81.43 9.66 11.30 0.59 -6.23 18.23 -3.52 -0.10 17.61 -0.08 -7.16 7.01 4.64 -9.02 9.57 8.54 -0.00 0.00 0.00 2.00 -0.01 0.26 -0.01 -0.16 4.52 -0.01 -0.08 2.25 -0.00 0.00 0.00 0.00 0.00 0.42 -0.00 -0.00 6.59 -0.00 0.00 3.30 -0.00 0.00 0.00 -2.00 0.04 1.14 0.11 0.44 13.09 0.08 0.22 6.71 -0.00 0.00 0.00 -4.00 0.04 0.61 0.10 0.59 8.58 0.07 0.29 4.32 5.86 4.80 -2.76 0.13 -6.25 -82.36 -8.84 15.31 -1.17 1.01 17.36 5.95 -0.03 3.51 -0.02 1.20 1.42 -1.50 1.71 2.15 -2.29 0.00 0.00 0.00 -2.00 -0.01 -0.21 0.01 -0.13 -3.74 0.01 -0.06 -1.86 0.00 0.00 0.00 0.00 0.00 -0.31 -0.00 0.00 -5.18 -0.00 -0.00 -2.58 0.00 0.00 0.00 2.00 0.01 -0.43 -0.03 0.23 -6.65 -0.02 0.11 -3.33 0.00 0.00 0.00 4.00 0.01 -0.20 -0.02 0.26 -3.69 -0.01 0.13 -1.83
-42.9060 -0.3096 -58.0365 144.65 -0.02 -0.25 -15.11 2.89 -0.47 -0.35 2.15 -0.01 9.88 -5.03 -0.14 -0.00 0.00 -0.00 -20.16 5.74 3.04 4.25 -1.40 -0.05 -0.06 -3.60 -3.15 0.00 0.00 -0.00 -4.85 0.16 -0.03 -5.41 0.19 -0.03 -5.84 0.21 -0.04 -5.84 0.21 -0.04 -6.07 2.05 0.60 -5.17 1.75 0.53 5.59 5.60 2.49 -5.17 -8.80 81.46 9.65 11.30 0.57 -6.26 18.23 -3.52 -0.10 17.61 -0.08 -7.16 7.01 4.64 -9.02 9.57 8.54 0.00 -0.00 0.00 2.00 -0.01 0.26 -0.01 -0.16 4.52 -0.01 -0.08 2.25 0.00 -0.00 0.00 0.00 0.00 0.42 -0.00 -0.00 6.60 -0.00 0.00 3.31 0.00 -0.00 0.00 -2.00 0.04 1.14 0.11 0.44 13.10 0.08 0.22 6.71 0.00 -0.00 0.00 -4.00 0.04 0.61 0.10 0.59 8.57 0.07 0.29 4.32 5.86 4.78 -2.76 0.13 -6.23 -82.32 -8.88 15.31 -1.21 1.02 17.34 5.96 -0.03 3.51 -0.02 1.20 1.42 -1.50 1.71 2.15 -2.29 0.00 0.00 0.00 -2.00 -0.01 -0.21 0.01 -0.13 -3.74 0.01 -0.06 -1.86 0.00 0.00 0.00 -0.00 0.00 -0.31 0.00 -0.00 -5.18 0.00 0.00 -2.58 0.00 0.00 0.00 2.00 0.01 -0.43 -0.03 0.23 -6.66 -0.02 0.11 -3.34 0.00 0.00 0.00 4.00 0.01 -0.20 -0.02 0.26 -3.69 -0.01 0.13 -1.83
-42.9043 -0.3124 -58.0540 144.64 -0.02 -0.23 -15.13 2.91 -0.49 -0.36 2.13 -0.01 9.91 -5.03 -0.13 -0.00 -0.00 0.00 -20.18 5.74 3.01 4.28 -1.37 -0.05 -0.06 -3.63 -3.15 0.00 0.00 0.00 -4.84 0.16 -0.04 -5.41 0.19 -0.04 -5.84 0.20 -0.05 -5.84 0.20 -0.05 -6.08 2.06 0.59 -5.18 1.75 0.52 5.58 5.57 2.48 -5.16 -8.79 81.49 9.65 11.29 0.56 -6.29 18.24 -3.52 -0.10 17.61 -0.08 -7.17 7.02 4.65 -9.02 9.57 8.55 -0.00 -0.00 0.00 2.00 -0.01 0.26 -0.01 -0.16 4.52 -0.01 -0.08 2.25 -0.00 -0.00 0.00 -0.00 0.00 0.43 -0.00 0.00 6.61 -0.00 0.00 3.31 -0.00 -0.00 0.00 -2.00 0.04 1.14 0.11 0.44 13.12 0.08 0.22 6.72 -0.00 -0.00 0.00 -4.00 0.04 0.61 0.10 0.59 8.58 0.07 0.29 4.33 5.86 4.75 -2.77 0.14 -6.20 -82.27 -8.91 15.32 -1.24 1.03 17.32 5.96 -0.03 3.51 -0.02 1.20 1.42 -1.50 1.71 2.15 -2.29 0.00 -0.00 -0.00 -2.00 -0.01 -0.21 0.01 -0.13 -3.74 0.01 -0.06 -1.86 0.00 -0.00 -0.00 -0.00 0.00 -0.31 -0.00 0.00 -5.18 0.00 -0.00 -2.58 0.00 -0.00 -0.00 2.00 0.01 -0.43 -0.03 0.23 -6.66 -0.02 0.11 -3.34 0.00 -0.00 -0.00 4.00 0.01 -0.20 -0.02 0.26 -3.69 -0.01 0.13 -1.83
-42.9044 -0.3159 -58.0681 144.64 -0.02 -0.22 -15.15 2.92 -0.51 -0.37 2.11 -0.01 9.94 -5.03 -0.12 -0.00 0.00 -0.00 -20.21 5.72 2.99 4.31 -1.34 -0.05 -0.06 -3.65 -3.14 -0.00 0.00 -0.00 -4.84 0.16 -0.04 -5.41 0.19 -0.05 -5.84 0.20 -0.05 -5.84 0.20 -0.05 -6.08 2.07 0.59 -5.18 1.76 0.51 5.58 5.53 2.48 -5.16 -8.79 81.51 9.64 11.28 0.55 -6.32 18.25 -3.52 -0.10 17.62 -0.08 -7.17 7.02 4.65 -9.02 9.58 8.56 -0.00 -0.00 -0.00 2.00 -0.01 0.26 -0.01 -0.16 4.52 -0.01 -0.08 2.25 -0.00 -0.00 -0.00 -0.00 0.00 0.43 -0.00 -0.00 6.62 0.00 0.00 3.32 -0.00 -0.00 -0.00 -2.00 0.04 1.14 0.11 0.44 13.13 0.08 0.22 6.73 -0.00 -0.00 -0.00 -4.00 0.04 0.61 0.10 0.59 8.58 0.07 0.29 4.32 5.85 4.72 -2.78 0.15 -6.19 -82.23 -8.94 15.33 -1.28 1.05 17.31 5.97 -0.03 3.51 -0.02 1.20 1.42 -1.50 1.72 2.15 -2.29 -0.00 -0.00 0.00 -2.00 -0.01 -0.21 0.01 -0.13 -3.74 0.01 -0.06 -1.86 -0.00 -0.00 0.00 0.00 -0.00 -0.31 -0.00 0.00 -5.18 0.00 0.00 -2.58 -0.00 -0.00 0.00 2.00 0.01 -0.43 -0.03 0.23 -6.66 -0.02 0.11 -3.34 -0.00 -0.00 0.00 4.00 0.01 -0.20 -0.02 0.26 -3.69 -0.01 0.13 -1.83
-42.9129 -0.3180 -58.0823 144.66 -0.02 -0.20 -15.20 2.93 -0.54 -0.37 2.10 -0.01 9.97 -5.03 -0.11 -0.00 0.00 -0.00 -20.27 5.70 2.96 4.35 -1.30 -0.05 -0.07 -3.67 -3.13 -0.00 0.00 -0.00 -4.86 0.16 -0.05 -5.41 0.19 -0.06 -5.84 0.20 -0.06 -5.84 0.20 -0.06 -6.08 2.08 0.58 -5.18 1.76 0.51 5.57 5.51 2.47 -5.15 -8.79 81.54 9.63 11.29 0.54 -6.34 18.26 -3.52 -0.10 17.63 -0.08 -7.17 7.02 4.66 -9.02 9.58 8.58 -0.00 -0.00 0.00 2.00 -0.01 0.26 -0.01 -0.16 4.52 -0.01 -0.08 2.25 -0.00 -0.00 0.00 0.00 -0.00 0.43 -0.00 0.00 6.63 -0.00 0.00 3.32 -0.00 -0.00 0.00 -2.00 0.04 1.14 0.11 0.44 13.14 0.08 0.22 6.73 -0.00 -0.00 0.00 -4.00 0.04 0.61 0.10 0.59 8.58 0.07 0.29 4.32 5.85 4.69 -2.78 0.16 -6.17 -82.19 -8.96 15.34 -1.32 1.08 17.30 5.98 -0.03 3.51 -0.02 1.20 1.42 -1.50 1.72 2.15 -2.29 0.00 0.00 0.00 -2.00 -0.01 -0.21 0.01 -0.13 -3.74 0.01 -0.06 -1.86 0.00 0.00 0.00 -0.00 0.00 -0.31 0.00 -0.00 -5.18 -0.00 0.00 -2.58 0.00 0.00 0.00 2.00 0.02 -0.43 -0.03 0.23 -6.66 -0.02 0.11 -3.34 0.00 0.00 0.00 4.00 0.01 -0.20 -0.02 0.26 -3.69 -0.01 0.13 -1.83
-42.9273 -0.3191 -58.0982 144.70 -0.02 -0.19 -15.27 2.93 -0.58 -0.38 2.11 -0.01 10.00 -5.04 -0.09 -0.00 0.00 -0.00 -20.36 5.66 2.93 4.39 -1.24 -0.05 -0.07 -3.69 -3.11 0.00 -0.00 -0.00 -4.90 0.16 -0.06 -5.41 0.19 -0.07 -5.85 0.20 -0.07 -5.85 0.20 -0.07 -6.08 2.08 0.58 -5.18 1.77 0.51 5.57 5.48 2.47 -5.15 -8.78 81.56 9.62 11.29 0.53 -6.36 18.27 -3.51 -0.10 17.64 -0.08 -7.18 7.03 4.66 -9.03 9.59 8.59 -0.00 -0.00 -0.00 2.00 -0.01 0.26 -0.01 -0.16 4.52 -0.01 -0.08 2.25 -0.00 -0.00 -0.00 -0.00 0.00 0.43 -0.00 -0.00 6.63 0.00 0.00 3.32 -0.00 -0.00 -0.00 -2.00 0.04 1.14 0.11 0.44 13.15 0.08 0.22 6.74 -0.00 -0.00 -0.00 -4.00 0.04 0.61 0.10 0.59 8.58 0.07 0.29 4.32 5.85 4.66 -2.80 0.16 -6.15 -82.14 -8.98 15.35 -1.35 1.09 17.29 5.98 -0.03 3.51 -0.02 1.20 1.42 -1.50 1.72 2.15 -2.29 -0.00 -0.00 0.00 -2.00 -0.01 -0.21 0.01 -0.13 -3.74 0.01 -0.06 -1.86 -0.00 -0.00 0.00 -0.00 0.00 -0.31 -0.00 -0.00 -5.18 0.00 -0.00 -2.58 -0.00 -0.00 0.00 2.00 0.02 -0.43 -0.03 0.23 -6.66 -0.02 0.11 -3.34 -0.00 -0.00 0.00 4.00 0.01 -0.20 -0.02 0.26 -3.69 -0.01 0.13 -1.83
-42.9444 -0.3197 -58.1138 144.76 -0.02 -0.17 -15.34 2.93 -0.61 -0.38 2.11 -0.01 10.02 -5.05 -0.08 -0.00 -0.00 -0.00 -20.47 5.62 2.90 4.44 -1.19 -0.05 -0.07 -3.71 -3.10 -0.00 0.00 -0.00 -4.95 0.16 -0.06 -5.41 0.18 -0.07 -5.85 0.20 -0.08 -5.85 0.20 -0.08 -6.08 2.09 0.57 -5.18 1.77 0.50 5.57 5.46 2.46 -5.15 -8.79 81.58 9.61 11.30 0.53 -6.38 18.28 -3.52 -0.10 17.65 -0.08 -7.18 7.03 4.67 -9.03 9.59 8.59 0.00 0.00 0.00 2.00 -0.01 0.26 -0.01 -0.16 4.52 -0.01 -0.08 2.25 0.00 0.00 0.00 -0.00 -0.00 0.43 0.00 -0.00 6.64 -0.00 0.00 3.32 0.00 0.00 0.00 -2.00 0.04 1.14 0.11 0.44 13.15 0.08 0.22 6.74 0.00 0.00 0.00 -4.00 0.04 0.61 0.10 0.59 8.58 0.07 0.29 4.33 5.86 4.62 -2.81 0.17 -6.12 -82.10 -9.01 15.35 -1.39 1.11 17.29 5.99 -0.03 3.51 -0.03 1.20 1.42 -1.50 1.71 2.15 -2.29 -0.00 0.00 0.00 -2.00 -0.01 -0.21 0.01 -0.13 -3.74 0.01 -0.06 -1.86 -0.00 0.00 0.00 0.00 0.00 -0.31 -0.00 0.00 -5.18 -0.00 0.00 -2.58 -0.00 0.00 0.00 2.00 0.02 -0.43 -0.03 0.23 -6.66 -0.02 0.11 -3.34 -0.00 0.00 0.00 4.00 0.01 -0.20 -0.02 0.26 -3.69 -0.01 0.13 -1.83
-42.9660 -0.3201 -58.1299 144.82 -0.02 -0.15 -15.42 2.93 -0.65 -0.39 2.11 -0.01 10.05 -5.06 -0.06 0.00 -0.00 0.00 -20.59 5.58 2.86 4.49 -1.14 -0.04 -0.07 -3.73 -3.08 -0.00 0.00 0.00 -5.01 0.15 -0.07 -5.41 0.18 -0.08 -5.85 0.20 -0.09 -5.85 0.20 -0.09 -6.09 2.09 0.57 -5.18 1.78 0.50 5.56 5.43 2.46 -5.14 -8.79 81.59 9.60 11.31 0.53 -6.41 18.29 -3.52 -0.10 17.66 -0.08 -7.18 7.03 4.67 -9.03 9.59 8.59 -0.00 0.00 0.00 2.00 -0.01 0.26 -0.01 -0.16 4.52 -0.01 -0.08 2.25 -0.00 0.00 0.00 0.00 0.00 0.43 -0.00 -0.00 6.64 0.00 0.00 3.32 -0.00 0.00 0.00 -2.00 0.04 1.14 0.11 0.44 13.15 0.08 0.22 6.74 -0.00 0.00 0.00 -4.00 0.04 0.61 0.10 0.59 8.58 0.07 0.29 4.33 5.86 4.58 -2.82 0.18 -6.09 -82.06 -9.06 15.35 -1.43 1.13 17.29 5.99 -0.03 3.51 -0.02 1.20 1.42 -1.50 1.72 2.15 -2.29 -0.00 0.00 -0.00 -2.00 -0.01 -0.21 0.01 -0.13 -3.74 0.01 -0.06 -1.86 -0.00 0.00 -0.00 0.00 0.00 -0.31 -0.00 0.00 -5.18 0.00 0.00 -2.58 -0.00 0.00 -0.00 2.00 0.02 -0.43 -0.03 0.23 -6.67 -0.02 0.11 -3.34 -0.00 0.00 -0.00 4.00 0.01 -0.20 -0.02 0.26 -3.69 -0.01 0.13 -1.83
-42.9889 -0.3196 -58.1452 144.87 -0.02 -0.14 -15.49 2.93 -0.69 -0.40 2.12 -0.01 10.07 -5.07 -0.04 -0.00 -0.00 -0.00 -20.71 5.54 2.83 4.55 -1.09 -0.04 -0.07 -3.74 -3.07 0.00 -0.00 0.00 -5.06 0.15 -0.07 -5.41 0.18 -0.09 -5.85 0.20 -0.09 -5.85 0.20 -0.09 -6.09 2.09 0.58 -5.19 1.78 0.50 5.56 5.42 2.47 -5.14 -8.80 81.61 9.59 11.32 0.53 -6.43 18.31 -3.53 -0.10 17.66 -0.08 -7.18 7.03 4.67 -9.03 9.59 8.59 0.00 0.00 -0.00 2.00 -0.01 0.26 -0.01 -0.16 4.52 -0.01 -0.08 2.25 0.00 0.00 -0.00 0.00 0.00 0.43 0.00 0.00 6.64 0.00 -0.00 3.32 0.00 0.00 -0.00 -2.00 0.04 1.14 0.11 0.44 13.16 0.08 0.22 6.74 0.00 0.00 -0.00 -4.00 0.04 0.61 0.10 0.59 8.58 0.07 0.29 4.33 5.86 4.54 -2.82 0.19 -6.06 -82.02 -9.11 15.35 -1.47 1.15 17.29 5.99 -0.03 3.51 -0.02 1.20 1.42 -1.49 1.72 2.15 -2.29 0.00 -0.00 0.00 -2.00 -0.01 -0.21 0.01 -0.13 -3.74 0.01 -0.06 -1.86 0.00 -0.00 0.00 -0.00 0.00 -0.31 0.00 0.00 -5.18 0.00 -0.00 -2.58 0.00 -0.00 0.00 2.00 0.02 -0.43 -0.03 0.23 -6.68 -0.02 0.11 -3.35 0.00 -0.00 0.00 4.00 0.01 -0.20 -0.02 0.26 -3.68 -0.01 0.13 -1.83
-43.0114 -0.3204 -58.1593 144.93 -0.03 -0.13 -15.56 2.93 -0.72 -0.41 2.13 -0.01 10.09 -5.08 -0.02 0.00 -0.00 -0.00 -20.83 5.51 2.79 4.62 -1.06 -0.04 -0.07 -3.75 -3.05 0.00 0.00 0.00 -5.12 0.15 -0.08 -5.41 0.18 -0.09 -5.85 0.19 -0.10 -5.85 0.19 -0.10 -6.09 2.09 0.58 -5.19 1.78 0.51 5.56 5.40 2.47 -5.14 -8.81 81.62 9.58 11.32 0.53 -6.46 18.32 -3.53 -0.10 17.66 -0.08 -7.18 7.03 4.67 -9.03 9.59 8.59 0.00 0.00 -0.00 2.00 -0.01 0.26 -0.01 -0.16 4.52 -0.01 -0.08 2.25 0.00 0.00 -0.00 -0.00 0.00 0.43 0.00 -0.00 6.64 -0.00 0.00 3.32 0.00 0.00 -0.00 -2.00 0.04 1.15 0.11 0.44 13.16 0.08 0.22 6.75 0.00 0.00 -0.00 -4.00 0.04 0.61 0.10 0.59 8.58 0.07 0.29 4.33 5.86 4.50 -2.83 0.19 -6.03 -81.99 -9.17 15.35 -1.51 1.16 17.29 5.99 -0.02 3.51 -0.02 1.20 1.42 -1.49 1.72 2.14 -2.28 0.00 0.00 0.00 -2.00 -0.01 -0.21 0.01 -0.13 -3.74 0.01 -0.06 -1.86 0.00 0.00 0.00 -0.00 -0.00 -0.31 -0.00 0.00 -5.18 0.00 0.00 -2.58 0.00 0.00 0.00 2.00 0.02 -0.43 -0.03 0.23 -6.68 -0.02 0.11 -3.35 0.00 0.00 0.00 4.00 0.01 -0.20 -0.02 0.26 -3.68 -0.01 0.13 -1.83
-43.0346 -0.3201 -58.1735 144.98 -0.03 -0.11 -15.62 2.92 -0.75 -0.42 2.14 -0.01 10.11 -5.09 -0.01 -0.00 -0.00 0.00 -20.95 5.48 2.76 4.68 -1.02 -0.04 -0.06 -3.75 -3.04 -0.00 -0.00 0.00 -5.17 0.15 -0.08 -5.41 0.18 -0.10 -5.85 0.19 -0.11 -5.85 0.19 -0.11 -6.09 2.09 0.58 -5.19 1.78 0.51 5.55 5.38 2.48 -5.14 -8.81 81.64 9.57 11.32 0.53 -6.48 18.33 -3.53 -0.10 17.66 -0.08 -7.18 7.03 4.67 -9.03 9.59 8.59 -0.00 0.00 -0.00 2.00 -0.01 0.26 -0.01 -0.16 4.52 -0.01 -0.08 2.25 -0.00 0.00 -0.00 0.00 -0.00 0.43 -0.00 0.00 6.64 0.00 -0.00 3.33 -0.00 0.00 -0.00 -2.00 0.04 1.15 0.11 0.44 13.17 0.08 0.22 6.75 -0.00 0.00 -0.00 -4.00 0.04 0.61 0.10 0.59 8.58 0.07 0.29 4.33 5.87 4.48 -2.84 0.19 -6.00 -81.96 -9.23 15.34 -1.56 1.17 17.29 5.98 -0.02 3.50 -0.02 1.20 1.42 -1.49 1.72 2.14 -2.28 -0.00 -0.00 0.00 -2.00 -0.01 -0.21 0.01 -0.13 -3.74 0.01 -0.06 -1.86 -0.00 -0.00 0.00 0.00 -0.00 -0.31 -0.00 -0.00 -5.18 0.00 0.00 -2.58 -0.00 -0.00 0.00 2.00 0.02 -0.43 -0.03 0.23 -6.68 -0.02 0.11 -3.35 -0.00 -0.00 0.00 4.00 0.01 -0.20 -0.02 0.26 -3.68 -0.01 0.13 -1.83
-43.0561 -0.3186 -58.1876 145.04 -0.03 -0.10 -15.68 2.92 -0.78 -0.43 2.15 -0.01 10.13 -5.10 0.01 -0.00 0.00 0.00 -21.07 5.45 2.73 4.74 -0.99 -0.04 -0.06 -3.76 -3.03 -0.00 0.00 -0.00 -5.22 0.15 -0.09 -5.42 0.18 -0.10 -5.85 0.19 -0.11 -5.85 0.19 -0.11 -6.09 2.10 0.59 -5.19 1.78 0.51 5.55 5.37 2.49 -5.13 -8.81 81.65 9.57 11.32 0.52 -6.50 18.34 -3.53 -0.10 17.66 -0.08 -7.19 7.03 4.67 -9.04 9.59 8.59 0.00 -0.00 0.00 2.00 -0.01 0.26 -0.01 -0.16 4.53 -0.01 -0.08 2.25 0.00 -0.00 0.00 -0.00 -0.00 0.43 0.00 0.00 6.64 0.00 -0.00 3.33 0.00 -0.00 0.00 -2.00 0.04 1.15 0.11 0.44 13.18 0.08 0.22 6.75 0.00 -0.00 0.00 -4.00 0.04 0.61 0.10 0.59 8.58 0.07 0.29 4.33 5.87 4.45 -2.84 0.19 -5.98 -81.93 -9.29 15.33 -1.60 1.18 17.29 5.98 -0.02 3.50 -0.02 1.20 1.42 -1.49 1.72 2.14 -2.28 0.00 0.00 0.00 -2.00 -0.01 -0.21 0.01 -0.13 -3.74 0.01 -0.06 -1.86 0.00 0.00 0.00 0.00 0.00 -0.31 0.00 -0.00 -5.19 -0.00 0.00 -2.59 0.00 0.00 0.00 2.00 0.02 -0.43 -0.03 0.23 -6.69 -0.02 0.11 -3.35 0.00 0.00 0.00 4.00 0.01 -0.20 -0.02 0.26 -3.68 -0.01 0.13 -1.82
-43.0751 -0.3192 -58.1990 145.09 -0.03 -0.09 -15.74 2.91 -0.81 -0.44 2.17 -0.01 10.14 -5.11 0.02 -0.00 -0.00 0.00 -21.17 5.43 2.71 4.78 -0.97 -0.04 -0.06 -3.76 -3.01 -0.00 0.00 -0.00 -5.27 0.15 -0.09 -5.42 0.18 -0.11 -5.85 0.19 -0.12 -5.85 0.19 -0.12 -6.09 2.10 0.59 -5.19 1.78 0.52 5.55 5.35 2.49 -5.13 -8.82 81.65 9.57 11.32 0.52 -6.52 18.35 -3.53 -0.10 17.66 -0.08 -7.19 7.04 4.67 -9.04 9.60 8.59 -0.00 -0.00 -0.00 2.00 -0.01 0.26 -0.01 -0.16 4.53 -0.01 -0.08 2.25 -0.00 -0.00 -0.00 0.00 -0.00 0.43 0.00 0.00 6.65 0.00 0.00 3.33 -0.00 -0.00 -0.00 -2.00 0.04 1.15 0.11 0.44 13.19 0.08 0.22 6.76 -0.00 -0.00 -0.00 -4.00 0.04 0.61 0.10 0.59 8.58 0.07 0.29 4.33 5.87 4.43 -2.84 0.20 -5.96 -81.91 -9.36 15.33 -1.64 1.18 17.29 5.97 -0.02 3.50 -0.02 1.20 1.42 -1.49 1.72 2.14 -2.28 -0.00 -0.00 0.00 -2.00 -0.01 -0.21 0.01 -0.13 -3.74 0.01 -0.06 -1.86 -0.00 -0.00 0.00 0.00 -0.00 -0.31 -0.00 0.00 -5.19 0.00 0.00 -2.59 -0.00 -0.00 0.00 2.00 0.02 -0.43 -0.03 0.23 -6.69 -0.02 0.12 -3.35 -0.00 -0.00 0.00 4.00 0.01 -0.20 -0.02 0.26 -3.67 -0.01 0.13 -1.82
-43.0927 -0.3190 -58.2092 145.14 -0.03 -0.08 -15.80 2.91 -0.83 -0.45 2.18 -0.01 10.15 -5.12 0.04 -0.00 0.00 0.00 -21.26 5.41 2.68 4.82 -0.95 -0.04 -0.07 -3.76 -3.00 -0.00 0.00 -0.00 -5.32 0.15 -0.09 -5.42 0.18 -0.11 -5.85 0.19 -0.12 -5.85 0.19 -0.12 -6.09 2.10 0.59 -5.19 1.78 0.52 5.55 5.34 2.50 -5.13 -8.82 81.66 9.57 11.32 0.51 -6.53 18.37 -3.53 -0.10 17.66 -0.08 -7.18 7.04 4.67 -9.03 9.60 8.59 0.00 -0.00 -0.00 2.00 -0.01 0.26 -0.01 -0.16 4.53 -0.01 -0.08 2.25 0.00 -0.00 -0.00 0.00 0.00 0.43 -0.00 -0.00 6.65 -0.00 -0.00 3.33 0.00 -0.00 -0.00 -2.00 0.04 1.15 0.11 0.44 13.20 0.08 0.22 6.76 0.00 -0.00 -0.00 -4.00 0.04 0.61 0.10 0.59 8.58 0.07 0.29 4.33 5.87 4.42 -2.84 0.20 -5.95 -81.89 -9.43 15.33 -1.69 1.18 17.29 5.97 -0.02 3.50 -0.02 1.20 1.42 -1.49 1.72 2.14 -2.27 0.00 -0.00 -0.00 -2.00 -0.01 -0.21 0.01 -0.13 -3.74 0.01 -0.06 -1.86 0.00 -0.00 -0.00 0.00 0.00 -0.31 0.00 0.00 -5.19 0.00 0.00 -2.59 0.00 -0.00 -0.00 2.00 0.02 -0.43 -0.03 0.23 -6.69 -0.02 0.12 -3.35 0.00 -0.00 -0.00 4.00 0.01 -0.20 -0.02 0.26 -3.67 -0.01 0.13 -1.82
-43.1117 -0.3189 -58.2190 145.20 -0.03 -0.07 -15.86 2.90 -0.86 -0.46 2.19 -0.01 10.16 -5.13 0.05 -0.00 0.00 -0.00 -21.35 5.38 2.66 4.85 -0.93 -0.04 -0.07 -3.76 -2.99 -0.00 -0.00 -0.00 -5.38 0.15 -0.10 -5.42 0.17 -0.11 -5.85 0.19 -0.12 -5.85 0.19 -0.12 -6.09 2.10 0.60 -5.19 1.78 0.52 5.54 5.33 2.51 -5.13 -8.82 81.67 9.57 11.32 0.51 -6.55 18.38 -3.53 -0.10 17.66 -0.08 -7.18 7.04 4.67 -9.03 9.60 8.59 -0.00 0.00 0.00 2.00 -0.01 0.26 -0.01 -0.16 4.53 -0.01 -0.08 2.26 -0.00 0.00 0.00 0.00 -0.00 0.43 -0.00 0.00 6.65 -0.00 0.00 3.33 -0.00 0.00 0.00 -2.00 0.04 1.15 0.11 0.44 13.20 0.08 0.22 6.76 -0.00 0.00 0.00 -4.00 0.04 0.61 0.10 0.59 8.58 0.07 0.29 4.33 5.87 4.40 -2.84 0.20 -5.93 -81.88 -9.49 15.33 -1.73 1.19 17.29 5.96 -0.02 3.50 -0.02 1.20 1.42 -1.48 1.72 2.14 -2.27 -0.00 0.00 -0.00 -2.00 -0.01 -0.21 0.01 -0.13 -3.74 0.01 -0.06 -1.85 -0.00 0.00 -0.00 0.00 -0.00 -0.31 -0.00 0.00 -5.19 0.00 0.00 -2.59 -0.00 0.00 -0.00 2.00 0.02 -0.43 -0.03 0.23 -6.69 -0.02 0.12 -3.35 -0.00 0.00 -0.00 4.00 0.01 -0.20 -0.02 0.26 -3.67 -0.01 0.13 -1.82
-43.1294 -0.3189 -58.2273 145.26 -0.03 -0.06 -15.92 2.89 -0.88 -0.46 2.21 -0.01 10.17 -5.15 0.06 -0.00 -0.00 -0.00 -21.44 5.36 2.64 4.88 -0.92 -0.04 -0.07 -3.76 -2.98 -0.00 -0.00 -0.00 -5.44 0.15 -0.10 -5.42 0.17 -0.12 -5.85 0.19 -0.13 -5.85 0.19 -0.13 -6.09 2.10 0.60 -5.19 1.78 0.52 5.54 5.32 2.51 -5.13 -8.82 81.67 9.57 11.32 0.50 -6.56 18.40 -3.53 -0.10 17.66 -0.08 -7.18 7.04 4.67 -9.03 9.60 8.59 0.00 -0.00 0.00 2.00 -0.01 0.26 -0.01 -0.16 4.54 -0.01 -0.08 2.26 0.00 -0.00 0.00 0.00 -0.00 0.43 0.00 -0.00 6.66 0.00 0.00 3.33 0.00 -0.00 0.00 -2.00 0.04 1.15 0.11 0.44 13.20 0.08 0.22 6.77 0.00 -0.00 0.00 -4.00 0.04 0.61 0.10 0.59 8.58 0.07 0.29 4.33 5.86 4.39 -2.84 0.19 -5.92 -81.86 -9.55 15.33 -1.78 1.19 17.29 5.95 -0.02 3.50 -0.02 1.20 1.41 -1.48 1.71 2.14 -2.27 -0.00 0.00 -0.00 -2.00 -0.01 -0.21 0.01 -0.13 -3.74 0.01 -0.06 -1.85 -0.00 0.00 -0.00 0.00 -0.00 -0.31 -0.00 0.00 -5.19 0.00 0.00 -2.59 -0.00 0.00 -0.00 2.00 0.02 -0.43 -0.03 0.23 -6.69 -0.02 0.12 -3.35 -0.00 0.00 -0.00 4.00 0.01 -0.20 -0.02 0.26 -3.67 -0.01 0.13 -1.82
-43.1492 -0.3186 -58.2359 145.33 -0.03 -0.05 -15.99 2.88 -0.91 -0.47 2.23 -0.01 10.18 -5.16 0.07 -0.00 -0.00 0.00 -21.52 5.33 2.62 4.89 -0.90 -0.04 -0.07 -3.75 -2.97 0.00 -0.00 0.00 -5.51 0.15 -0.10 -5.42 0.17 -0.12 -5.85 0.19 -0.13 -5.85 0.19 -0.13 -6.09 2.10 0.60 -5.19 1.79 0.53 5.54 5.31 2.52 -5.12 -8.82 81.68 9.57 11.31 0.50 -6.58 18.41 -3.53 -0.10 17.66 -0.08 -7.18 7.04 4.67 -9.03 9.60 8.59 -0.00 0.00 -0.00 2.00 -0.01 0.26 -0.01 -0.16 4.54 -0.01 -0.08 2.26 -0.00 0.00 -0.00 0.00 -0.00 0.43 0.00 0.00 6.66 -0.00 -0.00 3.33 -0.00 0.00 -0.00 -2.00 0.04 1.15 0.11 0.44 13.20 0.09 0.22 6.77 -0.00 0.00 -0.00 -4.00 0.04 0.61 0.10 0.59 8.58 0.07 0.29 4.33 5.86 4.38 -2.84 0.17 -5.90 -81.86 -9.61 15.33 -1.81 1.18 17.29 5.94 -0.02 3.49 -0.02 1.20 1.41 -1.48 1.71 2.14 -2.27 -0.00 -0.00 -0.00 -2.00 -0.01 -0.21 0.01 -0.13 -3.74 0.01 -0.06 -1.85 -0.00 -0.00 -0.00 -0.00 0.00 -0.31 0.00 -0.00 -5.19 -0.00 -0.00 -2.59 -0.00 -0.00 -0.00 2.00 0.02 -0.43 -0.03 0.23 -6.70 -0.02 0.12 -3.35 -0.00 -0.00 -0.00 4.00 0.01 -0.20 -0.02 0.26 -3.67 -0.01 0.13 -1.82
-43.1689 -0.3181 -58.2436 145.40 -0.03 -0.04 -16.06 2.87 -0.93 -0.47 2.26 -0.01 10.18 -5.18 0.08 -0.00 -0.00 -0.00 -21.61 5.30 2.60 4.90 -0.88 -0.04 -0.07 -3.75 -2.96 -0.00 0.00 0.00 -5.57 0.14 -0.10 -5.42 0.17 -0.12 -5.85 0.18 -0.14 -5.85 0.18 -0.14 -6.09 2.10 0.61 -5.19 1.78 0.53 5.54 5.30 2.52 -5.11 -8.82 81.68 9.58 11.30 0.49 -6.60 18.42 -3.53 -0.10 17.66 -0.08 -7.18 7.04 4.67 -9.03 9.60 8.59 -0.00 0.00 0.00 2.00 -0.01 0.26 -0.01 -0.16 4.54 -0.01 -0.08 2.26 -0.00 0.00 0.00 0.00 -0.00 0.43 0.00 0.00 6.66 0.00 -0.00 3.33 -0.00 0.00 0.00 -2.00 0.04 1.15 0.11 0.44 13.21 0.09 0.22 6.77 -0.00 0.00 0.00 -4.00 0.04 0.61 0.10 0.59 8.58 0.07 0.29 4.33 5.86 4.37 -2.85 0.15 -5.89 -81.85 -9.65 15.32 -1.84 1.18 17.30 5.93 -0.02 3.49 -0.02 1.20 1.41 -1.48 1.71 2.13 -2.27 -0.00 0.00 0.00 -2.00 -0.01 -0.21 0.01 -0.13 -3.73 0.01 -0.06 -1.85 -0.00 0.00 0.00 0.00 -0.00 -0.31 -0.00 0.00 -5.19 -0.00 -0.00 -2.59 -0.00 0.00 0.00 2.00 0.02 -0.43 -0.03 0.23 -6.70 -0.02 0.12 -3.36 -0.00 0.00 0.00 4.00 0.01 -0.20 -0.02 0.26 -3.66 -0.01 0.13 -1.82
-43.1879 -0.3173 -58.2495 145.45 -0.03 -0.03 -16.12 2.87 -0.96 -0.47 2.27 -0.01 10.18 -5.19 0.10 0.00 -0.00 0.00 -21.67 5.28 2.59 4.91 -0.85 -0.04 -0.07 -3.75 -2.95 -0.00 0.00 0.00 -5.63 0.14 -0.11 -5.42 0.17 -0.13 -5.85 0.18 -0.14 -5.85 0.18 -0.14 -6.10 2.10 0.61 -5.19 1.78 0.53 5.53 5.30 2.53 -5.10 -8.82 81.69 9.58 11.29 0.48 -6.61 18.43 -3.53 -0.10 17.66 -0.08 -7.18 7.04 4.67 -9.03 9.60 8.59 0.00 0.00 0.00 2.00 -0.01 0.26 -0.01 -0.16 4.54 -0.01 -0.08 2.26 0.00 0.00 0.00 0.00 0.00 0.43 -0.00 -0.00 6.66 -0.00 -0.00 3.33 0.00 0.00 0.00 -2.00 0.04 1.15 0.11 0.44 13.21 0.09 0.22 6.77 0.00 0.00 0.00 -4.00 0.04 0.61 0.10 0.59 8.58 0.07 0.29 4.33 5.86 4.36 -2.85 0.13 -5.87 -81.84 -9.69 15.31 -1.86 1.17 17.30 5.91 -0.02 3.49 -0.02 1.20 1.41 -1.48 1.71 2.13 -2.27 -0.00 -0.00 0.00 -2.00 -0.01 -0.20 0.01 -0.13 -3.73 0.01 -0.06 -1.85 -0.00 -0.00 0.00 0.00 0.00 -0.31 0.00 0.00 -5.19 0.00 -0.00 -2.59 -0.00 -0.00 0.00 2.00 0.02 -0.43 -0.03 0.23 -6.70 -0.02 0.12 -3.36 -0.00 -0.00 0.00 4.00 0.01 -0.20 -0.02 0.26 -3.66 -0.01 0.13 -1.82
-43.2054 -0.3169 -58.2532 145.50 -0.03 -0.02 -16.16 2.86 -0.98 -0.48 2.29 -0.01 10.19 -5.20 0.11 -0.00 0.00 0.00 -21.72 5.25 2.57 4.91 -0.84 -0.04 -0.07 -3.75 -2.95 -0.00 -0.00 -0.00 -5.67 0.14 -0.11 -5.42 0.17 -0.13 -5.85 0.18 -0.14 -5.85 0.18 -0.14 -6.10 2.10 0.62 -5.20 1.78 0.54 5.53 5.29 2.53 -5.09 -8.83 81.69 9.58 11.28 0.48 -6.62 18.44 -3.53 -0.10 17.67 -0.08 -7.18 7.04 4.67 -9.03 9.60 8.59 0.00 0.00 0.00 2.00 -0.01 0.26 -0.01 -0.16 4.54 -0.01 -0.08 2.26 0.00 0.00 0.00 -0.00 -0.00 0.43 0.00 -0.00 6.66 0.00 0.00 3.33 0.00 0.00 0.00 -2.00 0.04 1.15 0.11 0.44 13.20 0.09 0.22 6.77 0.00 0.00 0.00 -4.00 0.04 0.61 0.10 0.59 8.58 0.07 0.29 4.33 5.86 4.35 -2.85 0.11 -5.86 -81.83 -9.72 15.30 -1.88 1.17 17.30 5.90 -0.02 3.49 -0.02 1.20 1.41 -1.48 1.71 2.13 -2.26 0.00 -0.00 0.00 -2.00 -0.01 -0.20 0.01 -0.13 -3.73 0.01 -0.06 -1.85 0.00 -0.00 0.00 0.00 -0.00 -0.31 -0.00 0.00 -5.19 -0.00 -0.00 -2.59 0.00 -0.00 0.00 2.00 0.02 -0.43 -0.03 0.23 -6.70 -0.02 0.12 -3.36 0.00 -0.00 0.00 4.00 0.01 -0.20 -0.02 0.26 -3.66 -0.01 0.13 -1.82
-43.2215 -0.3160 -58.2555 145.53 -0.03 -0.02 -16.20 2.86 -0.99 -0.48 2.29 -0.01 10.19 -5.21 0.11 0.00 0.00 0.00 -21.76 5.23 2.56 4.92 -0.83 -0.04 -0.07 -3.74 -2.94 -0.00 -0.00 -0.00 -5.70 0.14 -0.10 -5.41 0.17 -0.13 -5.85 0.18 -0.15 -5.85 0.18 -0.15 -6.11 2.10 0.62 -5.20 1.78 0.54 5.53 5.29 2.53 -5.08 -8.83 81.69 9.57 11.26 0.47 -6.63 18.45 -3.53 -0.10 17.67 -0.08 -7.18 7.04 4.67 -9.03 9.60 8.59 0.00 0.00 0.00 2.00 -0.01 0.26 -0.01 -0.16 4.54 -0.01 -0.08 2.26 0.00 0.00 0.00 0.00 -0.00 0.43 -0.00 0.00 6.66 0.00 0.00 3.33 0.00 0.00 0.00 -2.00 0.04 1.15 0.11 0.44 13.20 0.08 0.22 6.77 0.00 0.00 0.00 -4.00 0.04 0.61 0.10 0.59 8.58 0.07 0.29 4.33 5.87 4.34 -2.85 0.09 -5.84 -81.83 -9.74 15.30 -1.89 1.16 17.31 5.89 -0.02 3.49 -0.02 1.20 1.41 -1.48 1.71 2.13 -2.26 0.00 -0.00 -0.00 -2.00 -0.01 -0.20 0.01 -0.13 -3.73 0.01 -0.06 -1.85 0.00 -0.00 -0.00 0.00 -0.00 -0.31 0.00 0.00 -5.19 -0.00 -0.00 -2.59 0.00 -0.00 -0.00 2.00 0.02 -0.43 -0.03 0.23 -6.70 -0.02 0.12 -3.36 0.00 -0.00 -0.00 4.00 0.01 -0.20 -0.02 0.26 -3.66 -0.01 0.13 -1.82
-43.2359 -0.3161 -58.2555 145.55 -0.03 -0.01 -16.22 2.85 -1.00 -0.48 2.30 -0.01 10.19 -5.21 0.12 -0.00 -0.00 0.00 -21.79 5.22 2.55 4.92 -0.82 -0.04 -0.07 -3.74 -2.93 0.00 -0.00 -0.00 -5.73 0.14 -0.10 -5.41 0.17 -0.14 -5.85 0.18 -0.15 -5.85 0.18 -0.15 -6.12 2.10 0.63 -5.21 1.78 0.55 5.53 5.28 2.54 -5.07 -8.82 81.69 9.57 11.26 0.46 -6.64 18.46 -3.53 -0.10 17.67 -0.08 -7.18 7.04 4.67 -9.03 9.60 8.59 0.00 -0.00 -0.00 2.00 -0.01 0.26 -0.01 -0.16 4.54 -0.01 -0.08 2.26 0.00 -0.00 -0.00 -0.00 -0.00 0.43 0.00 0.00 6.66 -0.00 -0.00 3.33 0.00 -0.00 -0.00 -2.00 0.04 1.15 0.11 0.44 13.20 0.09 0.22 6.77 0.00 -0.00 -0.00 -4.00 0.04 0.61 0.10 0.59 8.58 0.07 0.29 4.33 5.87 4.33 -2.85 0.08 -5.83 -81.81 -9.76 15.29 -1.90 1.16 17.31 5.88 -0.02 3.49 -0.02 1.20 1.41 -1.48 1.71 2.13 -2.26 -0.00 -0.00 0.00 -2.00 -0.01 -0.20 0.01 -0.13 -3.73 0.01 -0.06 -1.85 -0.00 -0.00 0.00 0.00 -0.00 -0.31 -0.00 -0.00 -5.19 -0.00 0.00 -2.59 -0.00 -0.00 0.00 2.00 0.02 -0.43 -0.03 0.23 -6.70 -0.02 0.12 -3.36 -0.00 -0.00 0.00 4.00 0.01 -0.20 -0.02 0.26 -3.66 -0.01 0.13 -1.82
-43.2491 -0.3153 -58.2545 145.57 -0.03 -0.01 -16.23 2.85 -1.01 -0.48 2.30 -0.01 10.19 -5.21 0.13 -0.00 0.00 -0.00 -21.80 5.21 2.54 4.92 -0.82 -0.04 -0.07 -3.73 -2.93 -0.00 -0.00 0.00 -5.74 0.14 -0.10 -5.41 0.17 -0.14 -5.85 0.18 -0.15 -5.85 0.18 -0.15 -6.13 2.10 0.63 -5.23 1.78 0.55 5.53 5.27 2.54 -5.07 -8.82 81.70 9.57 11.25 0.46 -6.65 18.46 -3.53 -0.10 17.67 -0.08 -7.18 7.04 4.67 -9.03 9.60 8.59 -0.00 -0.00 -0.00 2.00 -0.01 0.26 -0.01 -0.16 4.54 -0.01 -0.08 2.26 -0.00 -0.00 -0.00 0.00 -0.00 0.43 -0.00 -0.00 6.66 0.00 -0.00 3.34 -0.00 -0.00 -0.00 -2.00 0.04 1.15 0.11 0.44 13.20 0.09 0.22 6.77 -0.00 -0.00 -0.00 -4.00 0.04 0.61 0.10 0.59 8.58 0.07 0.29 4.33 5.87 4.32 -2.86 0.08 -5.81 -81.80 -9.77 15.29 -1.91 1.15 17.31 5.87 -0.02 3.49 -0.02 1.20 1.41 -1.48 1.71 2.13 -2.26 -0.00 -0.00 0.00 -2.00 -0.01 -0.20 0.01 -0.13 -3.73 0.01 -0.06 -1.85 -0.00 -0.00 0.00 0.00 -0.00 -0.31 -0.00 -0.00 -5.19 -0.00 0.00 -2.59 -0.00 -0.00 0.00 2.00 0.02 -0.43 -0.03 0.23 -6.70 -0.02 0.12 -3.36 -0.00 -0.00 0.00 4.00 0.01 -0.20 -0.02 0.26 -3.66 -0.01 0.13 -1.82
-43.2609 -0.3141 -58.2526 145.57 -0.03 -0.01 -16.24 2.84 -1.02 -0.48 2.30 -0.01 10.19 -5.21 0.13 0.00 0.00 -0.00 -21.81 5.21 2.54 4.92 -0.83 -0.04 -0.07 -3.72 -2.93 -0.00 0.00 -0.00 -5.74 0.14 -0.09 -5.41 0.16 -0.14 -5.85 0.18 -0.15 -5.85 0.18 -0.15 -6.15 2.10 0.64 -5.24 1.78 0.56 5.52 5.26 2.55 -5.07 -8.82 81.70 9.57 11.25 0.45 -6.65 18.47 -3.53 -0.10 17.67 -0.08 -7.17 7.04 4.67 -9.02 9.60 8.59 -0.00 0.00 -0.00 2.00 -0.01 0.26 -0.01 -0.16 4.54 -0.01 -0.08 2.26 -0.00 0.00 -0.00 -0.00 -0.00 0.43 0.00 -0.00 6.66 -0.00 -0.00 3.34 -0.00 0.00 -0.00 -2.00 0.04 1.15 0.11 0.44 13.21 0.09 0.22 6.77 -0.00 0.00 -0.00 -4.00 0.04 0.61 0.10 0.59 8.58 0.07 0.29 4.33 5.86 4.31 -2.86 0.07 -5.80 -81.79 -9.78 15.29 -1.91 1.15 17.31 5.85 -0.02 3.49 -0.02 1.20 1.41 -1.48 1.71 2.13 -2.26 -0.00 -0.00 0.00 -2.00 -0.01 -0.20 0.01 -0.13 -3.73 0.01 -0.06 -1.85 -0.00 -0.00 0.00 0.00 -0.00 -0.31 -0.00 -0.00 -5.19 -0.00 0.00 -2.59 -0.00 -0.00 0.00 2.00 0.02 -0.43 -0.03 0.23 -6.70 -0.02 0.12 -3.36 -0.00 -0.00 0.00 4.00 0.01 -0.20 -0.02 0.26 -3.66 -0.01 0.13 -1.82
-43.2714 -0.3135 -58.2504 145.58 -0.03 -0.01 -16.25 2.84 -1.03 -0.48 2.31 -0.01 10.19 -5.21 0.14 -0.00 0.00 0.00 -21.82 5.20 2.53 4.92 -0.83 -0.04 -0.07 -3.71 -2.92 0.00 0.00 -0.00 -5.75 0.14 -0.09 -5.41 0.16 -0.14 -5.85 0.18 -0.16 -5.85 0.18 -0.16 -6.16 2.10 0.64 -5.25 1.78 0.56 5.52 5.26 2.55 -5.07 -8.82 81.70 9.57 11.25 0.44 -6.65 18.47 -3.54 -0.10 17.67 -0.08 -7.16 7.04 4.67 -9.00 9.61 8.59 -0.00 0.00 0.00 2.00 -0.01 0.26 -0.01 -0.16 4.54 -0.01 -0.08 2.26 -0.00 0.00 0.00 -0.00 0.00 0.43 0.00 0.00 6.67 -0.00 -0.00 3.34 -0.00 0.00 0.00 -2.00 0.04 1.15 0.11 0.44 13.22 0.09 0.22 6.78 -0.00 0.00 0.00 -4.00 0.04 0.61 0.10 0.59 8.59 0.07 0.29 4.33 5.86 4.30 -2.86 0.07 -5.78 -81.78 -9.79 15.29 -1.91 1.14 17.32 5.84 -0.02 3.49 -0.02 1.20 1.41 -1.48 1.71 2.13 -2.26 -0.00 -0.00 0.00 -2.00 -0.01 -0.20 0.01 -0.13 -3.73 0.01 -0.06 -1.85 -0.00 -0.00 0.00 0.00 -0.00 -0.31 -0.00 -0.00 -5.19 -0.00 0.00 -2.59 -0.00 -0.00 0.00 2.00 0.02 -0.43 -0.03 0.23 -6.70 -0.02 0.12 -3.36 -0.00 -0.00 0.00 4.00 0.01 -0.20 -0.02 0.26 -3.66 -0.01 0.13 -1.82
-43.2804 -0.3131 -58.2483 145.59 -0.03 -0.00 -16.25 2.83 -1.03 -0.48 2.31 -0.01 10.19 -5.21 0.14 -0.00 0.00 -0.00 -21.82 5.20 2.53 4.92 -0.84 -0.04 -0.07 -3.71 -2.92 0.00 -0.00 -0.00 -5.75 0.14 -0.08 -5.41 0.16 -0.15 -5.85 0.18 -0.16 -5.85 0.18 -0.16 -6.17 2.10 0.65 -5.26 1.78 0.56 5.52 5.25 2.56 -5.06 -8.81 81.71 9.57 11.25 0.43 -6.65 18.47 -3.54 -0.10 17.68 -0.08 -7.16 7.04 4.68 -8.99 9.61 8.60 0.00 -0.00 0.00 2.00 -0.01 0.26 -0.01 -0.16 4.55 -0.01 -0.08 2.26 0.00 -0.00 0.00 0.00 0.00 0.43 0.00 0.00 6.68 0.00 0.00 3.35 0.00 -0.00 0.00 -2.00 0.04 1.16 0.11 0.44 13.24 0.09 0.22 6.79 0.00 -0.00 0.00 -4.00 0.04 0.61 0.10 0.59 8.59 0.07 0.29 4.33 5.86 4.29 -2.86 0.07 -5.77 -81.76 -9.80 15.29 -1.92 1.14 17.32 5.83 -0.02 3.49 -0.02 1.20 1.41 -1.48 1.71 2.13 -2.26 0.00 0.00 -0.00 -2.00 -0.01 -0.20 0.01 -0.13 -3.73 0.01 -0.06 -1.85 0.00 0.00 -0.00 0.00 0.00 -0.31 -0.00 -0.00 -5.19 0.00 0.00 -2.59 0.00 0.00 -0.00 2.00 0.02 -0.43 -0.03 0.23 -6.70 -0.02 0.12 -3.36 0.00 0.00 -0.00 4.00 0.01 -0.20 -0.02 0.26 -3.66 -0.01 0.13 -1.82
-43.2877 -0.3129 -58.2464 145.59 -0.03 -0.00 -16.25 2.83 -1.03 -0.49 2.32 -0.01 10.19 -5.21 0.14 0.00 0.00 -0.00 -21.83 5.20 2.53 4.92 -0.85 -0.04 -0.07 -3.70 -2.92 -0.00 -0.00 -0.00 -5.75 0.14 -0.07 -5.42 0.16 -0.15 -5.85 0.18 -0.16 -5.85 0.18 -0.16 -6.18 2.10 0.65 -5.27 1.78 0.57 5.52 5.25 2.56 -5.06 -8.81 81.71 9.57 11.25 0.43 -6.65 18.46 -3.55 -0.10 17.68 -0.08 -7.15 7.05 4.68 -8.98 9.62 8.61 0.00 0.00 0.00 2.00 -0.01 0.26 -0.01 -0.16 4.55 -0.01 -0.08 2.27 0.00 0.00 0.00 -0.00 0.00 0.43 0.00 0.00 6.68 0.00 0.00 3.35 0.00 0.00 0.00 -2.00 0.04 1.16 0.11 0.44 13.26 0.09 0.22 6.80 0.00 0.00 0.00 -4.00 0.04 0.61 0.10 0.59 8.60 0.07 0.29 4.34 5.86 4.28 -2.87 0.07 -5.76 -81.74 -9.80 15.31 -1.93 1.13 17.33 5.81 -0.02 3.48 -0.02 1.20 1.41 -1.48 1.71 2.13 -2.27 -0.00 -0.00 -0.00 -2.00 -0.01 -0.20 0.01 -0.13 -3.73 0.01 -0.06 -1.85 -0.00 -0.00 -0.00 -0.00 0.00 -0.31 0.00 -0.00 -5.19 -0.00 -0.00 -2.59 -0.00 -0.00 -0.00 2.00 0.02 -0.43 -0.03 0.23 -6.70 -0.02 0.12 -3.36 -0.00 -0.00 -0.00 4.00 0.01 -0.20 -0.02 0.26 -3.66 -0.01 0.13 -1.82
-43.2943 -0.3127 -58.2447 145.59 -0.03 -0.00 -16.25 2.83 -1.04 -0.49 2.32 -0.01 10.19 -5.21 0.14 -0.00 0.00 0.00 -21.83 5.20 2.52 4.92 -0.86 -0.04 -0.07 -3.69 -2.92 0.00 -0.00 -0.00 -5.75 0.14 -0.07 -5.42 0.16 -0.15 -5.85 0.17 -0.16 -5.85 0.17 -0.16 -6.19 2.10 0.65 -5.27 1.78 0.57 5.52 5.24 2.56 -5.06 -8.80 81.71 9.57 11.25 0.42 -6.64 18.45 -3.56 -0.10 17.69 -0.08 -7.15 7.05 4.69 -8.98 9.62 8.62 -0.00 0.00 -0.00 2.00 -0.01 0.26 -0.01 -0.16 4.56 -0.01 -0.08 2.27 -0.00 0.00 -0.00 0.00 -0.00 0.43 0.00 0.00 6.69 -0.00 0.00 3.35 -0.00 0.00 -0.00 -2.00 0.04 1.16 0.11 0.44 13.26 0.09 0.22 6.80 -0.00 0.00 -0.00 -4.00 0.04 0.61 0.10 0.59 8.60 0.07 0.29 4.34 5.86 4.28 -2.87 0.07 -5.76 -81.72 -9.81 15.33 -1.93 1.13 17.33 5.79 -0.02 3.48 -0.02 1.20 1.41 -1.48 1.71 2.13 -2.27 0.00 0.00 0.00 -2.00 -0.01 -0.21 0.01 -0.13 -3.73 0.01 -0.06 -1.85 0.00 0.00 0.00 0.00 -0.00 -0.31 -0.00 -0.00 -5.19 -0.00 0.00 -2.59 0.00 0.00 0.00 2.00 0.02 -0.43 -0.03 0.23 -6.70 -0.02 0.12 -3.36 0.00 0.00 0.00 4.00 0.01 -0.20 -0.02 0.26 -3.66 -0.01 0.13 -1.82
-43.3000 -0.3126 -58.2424 145.58 -0.04 -0.00 -16.25 2.83 -1.04 -0.49 2.32 -0.01 10.19 -5.21 0.14 -0.00 -0.00 0.00 -21.82 5.20 2.52 4.92 -0.86 -0.04 -0.07 -3.69 -2.91 0.00 -0.00 -0.00 -5.75 0.14 -0.06 -5.42 0.16 -0.15 -5.85 0.17 -0.17 -5.85 0.17 -0.17 -6.19 2.10 0.66 -5.27 1.78 0.57 5.52 5.24 2.56 -5.06 -8.80 81.72 9.57 11.24 0.42 -6.64 18.45 -3.57 -0.10 17.69 -0.08 -7.15 7.05 4.69 -8.98 9.62 8.62 0.00 -0.00 0.00 2.00 -0.01 0.26 -0.01 -0.16 4.56 -0.01 -0.08 2.27 0.00 -0.00 0.00 0.00 0.00 0.43 0.00 -0.00 6.69 0.00 -0.00 3.35 0.00 -0.00 0.00 -2.00 0.04 1.16 0.11 0.44 13.27 0.09 0.22 6.80 0.00 -0.00 0.00 -4.00 0.04 0.61 0.10 0.59 8.60 0.07 0.29 4.34 5.87 4.27 -2.87 0.07 -5.75 -81.70 -9.81 15.35 -1.93 1.12 17.34 5.77 -0.02 3.48 -0.02 1.20 1.41 -1.48 1.71 2.13 -2.27 -0.00 -0.00 0.00 -2.00 -0.01 -0.21 0.01 -0.13 -3.74 0.01 -0.06 -1.85 -0.00 -0.00 0.00 0.00 0.00 -0.31 -0.00 0.00 -5.19 -0.00 0.00 -2.59 -0.00 -0.00 0.00 2.00 0.02 -0.43 -0.03 0.23 -6.70 -0.02 0.12 -3.36 -0.00 -0.00 0.00 4.00 0.01 -0.20 -0.02 0.26 -3.66 -0.01 0.13 -1.81
-43.3055 -0.3119 -58.2401 145.58 -0.04 -0.00 -16.25 2.83 -1.04 -0.49 2.32 -0.01 10.19 -5.21 0.15 -0.00 -0.00 -0.00 -21.82 5.20 2.52 4.92 -0.87 -0.04 -0.07 -3.68 -2.91 -0.00 0.00 0.00 -5.74 0.14 -0.05 -5.42 0.16 -0.16 -5.85 0.17 -0.17 -5.85 0.17 -0.17 -6.19 2.09 0.66 -5.28 1.78 0.58 5.52 5.24 2.56 -5.06 -8.80 81.72 9.57 11.24 0.41 -6.63 18.44 -3.57 -0.10 17.69 -0.08 -7.15 7.05 4.69 -8.98 9.62 8.62 -0.00 -0.00 0.00 2.00 -0.01 0.26 -0.01 -0.16 4.56 -0.01 -0.08 2.27 -0.00 -0.00 0.00 -0.00 0.00 0.43 0.00 0.00 6.69 -0.00 -0.00 3.35 -0.00 -0.00 0.00 -2.00 0.04 1.16 0.11 0.44 13.27 0.09 0.22 6.80 -0.00 -0.00 0.00 -4.00 0.04 0.61 0.10 0.59 8.60 0.07 0.29 4.34 5.87 4.26 -2.87 0.07 -5.73 -81.68 -9.81 15.37 -1.92 1.12 17.36 5.75 -0.02 3.48 -0.02 1.20 1.41 -1.48 1.71 2.13 -2.27 -0.00 0.00 0.00 -2.00 -0.01 -0.21 0.01 -0.13 -3.74 0.01 -0.06 -1.85 -0.00 0.00 0.00 -0.00 0.00 -0.31 -0.00 -0.00 -5.19 -0.00 0.00 -2.59 -0.00 0.00 0.00 2.00 0.02 -0.43 -0.03 0.23 -6.70 -0.02 0.12 -3.36 -0.00 0.00 0.00 4.00 0.01 -0.20 -0.02 0.25 -3.66 -0.01 0.13 -1.81
-43.3102 -0.3119 -58.2367 145.57 -0.04 -0.00 -16.24 2.83 -1.04 -0.48 2.32 -0.01 10.19 -5.21 0.15 -0.00 -0.00 -0.00 -21.81 5.20 2.52 4.92 -0.87 -0.04 -0.07 -3.68 -2.91 -0.00 -0.00 0.00 -5.73 0.14 -0.04 -5.42 0.16 -0.16 -5.85 0.17 -0.17 -5.85 0.17 -0.17 -6.20 2.09 0.66 -5.28 1.78 0.58 5.52 5.23 2.56 -5.06 -8.80 81.72 9.57 11.24 0.41 -6.63 18.44 -3.58 -0.10 17.69 -0.08 -7.15 7.05 4.69 -8.98 9.62 8.62 -0.00 0.00 0.00 2.00 -0.01 0.26 -0.01 -0.16 4.56 -0.01 -0.08 2.27 -0.00 0.00 0.00 0.00 0.00 0.43 -0.00 -0.00 6.69 -0.00 0.00 3.35 -0.00 0.00 0.00 -2.00 0.04 1.16 0.11 0.44 13.27 0.09 0.22 6.80 -0.00 0.00 0.00 -4.00 0.04 0.61 0.10 0.59 8.60 0.07 0.29 4.34 5.87 4.24 -2.87 0.08 -5.72 -81.66 -9.81 15.39 -1.92 1.11 17.37 5.73 -0.02 3.48 -0.02 1.20 1.41 -1.48 1.72 2.13 -2.27 0.00 0.00 0.00 -2.00 -0.01 -0.21 0.01 -0.13 -3.74 0.01 -0.06 -1.85 0.00 0.00 0.00 -0.00 -0.00 -0.31 0.00 -0.00 -5.19 0.00 0.00 -2.59 0.00 0.00 0.00 2.00 0.02 -0.43 -0.03 0.23 -6.70 -0.02 0.12 -3.36 0.00 0.00 0.00 4.00 0.01 -0.20 -0.02 0.25 -3.66 -0.01 0.13 -1.81
-43.3156 -0.3118 -58.2337 145.57 -0.04 -0.00 -16.24 2.83 -1.04 -0.48 2.31 -0.01 10.19 -5.21 0.15 -0.00 -0.00 0.00 -21.81 5.20 2.52 4.92 -0.88 -0.04 -0.07 -3.67 -2.91 0.00 0.00 0.00 -5.73 0.14 -0.03 -5.42 0.16 -0.16 -5.85 0.17 -0.18 -5.85 0.17 -0.18 -6.20 2.09 0.67 -5.28 1.78 0.58 5.52 5.23 2.57 -5.06 -8.80 81.73 9.57 11.24 0.40 -6.63 18.44 -3.58 -0.10 17.69 -0.08 -7.15 7.05 4.69 -8.98 9.62 8.62 -0.00 0.00 0.00 2.00 -0.01 0.26 -0.01 -0.16 4.56 -0.01 -0.08 2.27 -0.00 0.00 0.00 0.00 0.00 0.43 -0.00 -0.00 6.69 0.00 -0.00 3.35 -0.00 0.00 0.00 -2.00 0.04 1.16 0.11 0.44 13.27 0.09 0.22 6.80 -0.00 0.00 0.00 -4.00 0.04 0.61 0.10 0.59 8.60 0.07 0.29 4.34 5.87 4.23 -2.88 0.08 -5.70 -81.65 -9.81 15.41 -1.91 1.11 17.37 5.71 -0.02 3.48 -0.02 1.20 1.41 -1.49 1.72 2.13 -2.27 -0.00 -0.00 -0.00 -2.00 -0.01 -0.21 0.01 -0.13 -3.74 0.01 -0.06 -1.85 -0.00 -0.00 -0.00 -0.00 -0.00 -0.31 -0.00 0.00 -5.19 0.00 -0.00 -2.59 -0.00 -0.00 -0.00 2.00 0.02 -0.43 -0.03 0.23 -6.70 -0.02 0.12 -3.36 -0.00 -0.00 -0.00 4.00 0.01 -0.20 -0.02 0.25 -3.66 -0.01 0.13 -1.81
-43.3209 -0.3113 -58.2304 145.57 -0.04 -0.00 -16.23 2.83 -1.04 -0.48 2.31 -0.01 10.19 -5.20 0.15 -0.00 0.00 0.00 -21.80 5.20 2.52 4.92 -0.88 -0.04 -0.07 -3.67 -2.91 0.00 0.00 0.00 -5.73 0.15 -0.01 -5.42 0.16 -0.17 -5.85 0.17 -0.18 -5.85 0.17 -0.18 -6.20 2.09 0.67 -5.28 1.78 0.58 5.52 5.23 2.57 -5.06 -8.80 81.74 9.57 11.24 0.39 -6.64 18.44 -3.59 -0.10 17.69 -0.08 -7.15 7.05 4.69 -8.98 9.62 8.62 -0.00 0.00 0.00 2.00 -0.01 0.26 -0.01 -0.16 4.56 -0.01 -0.08 2.27 -0.00 0.00 0.00 0.00 -0.00 0.43 -0.00 0.00 6.69 0.00 0.00 3.35 -0.00 0.00 0.00 -2.00 0.04 1.16 0.11 0.44 13.27 0.09 0.22 6.80 -0.00 0.00 0.00 -4.00 0.04 0.61 0.10 0.59 8.60 0.07 0.29 4.34 5.88 4.21 -2.88 0.08 -5.68 -81.63 -9.81 15.42 -1.91 1.10 17.38 5.70 -0.02 3.48 -0.02 1.20 1.41 -1.49 1.72 2.13 -2.27 -0.00 -0.00 -0.00 -2.00 -0.01 -0.21 0.01 -0.13 -3.74 0.01 -0.06 -1.85 -0.00 -0.00 -0.00 -0.00 0.00 -0.31 -0.00 0.00 -5.19 0.00 0.00 -2.59 -0.00 -0.00 -0.00 2.00 0.02 -0.43 -0.03 0.23 -6.70 -0.02 0.12 -3.36 -0.00 -0.00 -0.00 4.00 0.01 -0.20 -0.02 0.25 -3.66 -0.01 0.13 -1.81
-43.3266 -0.3115 -58.2271 145.57 -0.04 -0.00 -16.24 2.83 -1.05 -0.48 2.31 -0.01 10.19 -5.20 0.15 0.00 -0.00 0.00 -21.81 5.19 2.52 4.92 -0.88 -0.04 -0.07 -3.67 -2.91 0.00 -0.00 -0.00 -5.73 0.15 0.00 -5.42 0.16 -0.17 -5.85 0.17 -0.19 -5.85 0.17 -0.19 -6.20 2.09 0.67 -5.28 1.78 0.59 5.52 5.23 2.57 -5.06 -8.81 81.75 9.56 11.25 0.38 -6.64 18.44 -3.59 -0.10 17.70 -0.08 -7.15 7.05 4.68 -8.98 9.62 8.62 0.00 0.00 -0.00 2.00 -0.01 0.26 -0.01 -0.16 4.56 -0.01 -0.08 2.27 0.00 0.00 -0.00 -0.00 0.00 0.43 -0.00 -0.00 6.69 -0.00 0.00 3.35 0.00 0.00 -0.00 -2.00 0.04 1.16 0.11 0.44 13.28 0.09 0.22 6.81 0.00 0.00 -0.00 -4.00 0.04 0.61 0.10 0.59 8.60 0.07 0.29 4.34 5.88 4.19 -2.88 0.08 -5.67 -81.62 -9.81 15.43 -1.90 1.10 17.39 5.68 -0.02 3.48 -0.02 1.20 1.41 -1.49 1.72 2.13 -2.27 -0.00 -0.00 -0.00 -2.00 -0.01 -0.21 0.01 -0.13 -3.74 0.01 -0.06 -1.85 -0.00 -0.00 -0.00 -0.00 0.00 -0.31 -0.00 0.00 -5.19 0.00 0.00 -2.59 -0.00 -0.00 -0.00 2.00 0.02 -0.43 -0.03 0.23 -6.70 -0.02 0.12 -3.36 -0.00 -0.00 -0.00 4.00 0.01 -0.20 -0.02 0.25 -3.66 -0.01 0.13 -1.81
-43.3323 -0.3120 -58.2234 145.57 -0.04 -0.00 -16.24 2.83 -1.05 -0.48 2.31 -0.01 10.19 -5.20 0.15 -0.00 0.00 -0.00 -21.81 5.19 2.52 4.92 -0.87 -0.04 -0.08 -3.67 -2.91 0.00 -0.00 0.00 -5.73 0.15 0.01 -5.42 0.16 -0.18 -5.85 0.17 -0.19 -5.85 0.17 -0.19 -6.20 2.09 0.68 -5.28 1.78 0.59 5.52 5.23 2.57 -5.06 -8.81 81.75 9.56 11.26 0.38 -6.65 18.44 -3.60 -0.10 17.70 -0.08 -7.15 7.05 4.68 -8.97 9.63 8.61 0.00 -0.00 -0.00 2.00 -0.01 0.26 -0.01 -0.16 4.56 -0.01 -0.08 2.27 0.00 -0.00 -0.00 0.00 0.00 0.43 -0.00 0.00 6.69 -0.00 -0.00 3.35 0.00 -0.00 -0.00 -2.00 0.04 1.16 0.11 0.45 13.28 0.09 0.22 6.81 0.00 -0.00 -0.00 -4.00 0.04 0.61 0.10 0.59 8.60 0.07 0.29 4.34 5.88 4.18 -2.89 0.08 -5.65 -81.60 -9.81 15.44 -1.90 1.09 17.39 5.67 -0.02 3.48 -0.02 1.20 1.41 -1.49 1.72 2.13 -2.27 -0.00 -0.00 -0.00 -2.00 -0.01 -0.21 0.01 -0.13 -3.74 0.01 -0.06 -1.85 -0.00 -0.00 -0.00 -0.00 0.00 -0.31 0.00 0.00 -5.19 0.00 -0.00 -2.59 -0.00 -0.00 -0.00 2.00 0.02 -0.43 -0.03 0.23 -6.70 -0.02 0.12 -3.36 -0.00 -0.00 -0.00 4.00 0.01 -0.20 -0.02 0.25 -3.66 -0.01 0.13 -1.81
-43.3380 -0.3117 -58.2204 145.57 -0.04 -0.00 -16.24 2.83 -1.05 -0.48 2.31 -0.01 10.19 -5.20 0.15 0.00 0.00 0.00 -21.81 5.18 2.52 4.92 -0.87 -0.04 -0.08 -3.67 -2.91 0.00 -0.00 -0.00 -5.73 0.15 0.02 -5.42 0.15 -0.18 -5.85 0.17 -0.20 -5.85 0.17 -0.20 -6.20 2.09 0.68 -5.28 1.78 0.60 5.52 5.22 2.58 -5.06 -8.82 81.76 9.55 11.28 0.38 -6.66 18.44 -3.61 -0.10 17.70 -0.08 -7.15 7.05 4.68 -8.97 9.63 8.61 0.00 0.00 -0.00 2.00 -0.01 0.26 -0.01 -0.16 4.56 -0.01 -0.08 2.27 0.00 0.00 -0.00 -0.00 0.00 0.43 0.00 -0.00 6.69 0.00 -0.00 3.35 0.00 0.00 -0.00 -2.00 0.04 1.16 0.11 0.45 13.28 0.09 0.22 6.81 0.00 0.00 -0.00 -4.00 0.04 0.61 0.10 0.59 8.59 0.07 0.29 4.33 5.88 4.16 -2.89 0.08 -5.63 -81.59 -9.82 15.44 -1.90 1.09 17.39 5.66 -0.02 3.48 -0.02 1.20 1.41 -1.49 1.72 2.13 -2.27 -0.00 -0.00 -0.00 -2.00 -0.01 -0.21 0.01 -0.13 -3.74 0.01 -0.06 -1.85 -0.00 -0.00 -0.00 -0.00 0.00 -0.31 0.00 0.00 -5.19 0.00 -0.00 -2.59 -0.00 -0.00 -0.00 2.00 0.02 -0.43 -0.03 0.23 -6.70 -0.02 0.12 -3.36 -0.00 -0.00 -0.00 4.00 0.01 -0.20 -0.02 0.25 -3.66 -0.01 0.13 -1.81
-43.3438 -0.3122 -58.2174 145.58 -0.04 -0.00 -16.25 2.83 -1.05 -0.48 2.31 -0.01 10.19 -5.21 0.15 0.00 0.00 -0.00 -21.82 5.18 2.52 4.92 -0.87 -0.04 -0.08 -3.67 -2.91 -0.00 -0.00 -0.00 -5.73 0.15 0.03 -5.42 0.15 -0.18 -5.85 0.16 -0.20 -5.85 0.16 -0.20 -6.20 2.09 0.68 -5.28 1.78 0.60 5.52 5.22 2.58 -5.06 -8.82 81.77 9.54 11.29 0.37 -6.67 18.44 -3.62 -0.10 17.70 -0.08 -7.15 7.05 4.68 -8.97 9.63 8.61 0.00 -0.00 -0.00 2.00 -0.01 0.26 -0.01 -0.16 4.56 -0.01 -0.08 2.27 0.00 -0.00 -0.00 -0.00 0.00 0.43 0.00 -0.00 6.69 0.00 0.00 3.35 0.00 -0.00 -0.00 -2.00 0.04 1.16 0.11 0.45 13.29 0.09 0.22 6.81 0.00 -0.00 -0.00 -4.00 0.04 0.61 0.10 0.59 8.59 0.07 0.29 4.33 5.88 4.15 -2.89 0.08 -5.61 -81.58 -9.82 15.44 -1.90 1.09 17.40 5.65 -0.02 3.48 -0.02 1.20 1.41 -1.49 1.72 2.13 -2.27 -0.00 -0.00 -0.00 -2.00 -0.01 -0.21 0.01 -0.13 -3.74 0.01 -0.06 -1.85 -0.00 -0.00 -0.00 -0.00 0.00 -0.31 0.00 0.00 -5.19 0.00 -0.00 -2.59 -0.00 -0.00 -0.00 2.00 0.02 -0.43 -0.03 0.23 -6.70 -0.02 0.12 -3.36 -0.00 -0.00 -0.00 4.00 0.01 -0.20 -0.02 0.25 -3.66 -0.01 0.13 -1.81
-43.3495 -0.3123 -58.2138 145.58 -0.04 -0.00 -16.25 2.83 -1.05 -0.49 2.31 -0.01 10.19 -5.21 0.16 -0.00 -0.00 0.00 -21.82 5.17 2.52 4.92 -0.87 -0.04 -0.08 -3.67 -2.91 -0.00 0.00 0.00 -5.74 0.15 0.05 -5.42 0.15 -0.19 -5.85 0.16 -0.20 -5.85 0.16 -0.20 -6.20 2.09 0.69 -5.28 1.78 0.60 5.52 5.22 2.58 -5.06 -8.82 81.78 9.54 11.30 0.37 -6.68 18.44 -3.62 -0.10 17.70 -0.08 -7.15 7.05 4.68 -8.97 9.63 8.61 -0.00 0.00 -0.00 2.00 -0.01 0.26 -0.01 -0.16 4.56 -0.01 -0.08 2.27 -0.00 0.00 -0.00 0.00 -0.00 0.43 -0.00 0.00 6.69 -0.00 -0.00 3.35 -0.00 0.00 -0.00 -2.00 0.04 1.16 0.11 0.45 13.29 0.09 0.22 6.81 -0.00 0.00 -0.00 -4.00 0.04 0.61 0.10 0.59 8.59 0.07 0.29 4.33 5.89 4.13 -2.90 0.08 -5.59 -81.56 -9.83 15.44 -1.91 1.09 17.40 5.64 -0.02 3.48 -0.02 1.20 1.41 -1.49 1.72 2.13 -2.27 -0.00 -0.00 -0.00 -2.00 -0.01 -0.21 0.01 -0.13 -3.74 0.01 -0.06 -1.85 -0.00 -0.00 -0.00 -0.00 0.00 -0.31 0.00 0.00 -5.19 0.00 -0.00 -2.59 -0.00 -0.00 -0.00 2.00 0.02 -0.43 -0.03 0.23 -6.70 -0.02 0.12 -3.36 -0.00 -0.00 -0.00 4.00 0.01 -0.20 -0.02 0.25 -3.66 -0.01 0.13 -1.81
-43.3544 -0.3123 -58.2102 145.59 -0.04 -0.00 -16.26 2.83 -1.05 -0.49 2.31 -0.01 10.20 -5.21 0.16 -0.00 -0.00 -0.00 -21.82 5.17 2.52 4.92 -0.86 -0.04 -0.08 -3.67 -2.91 -0.00 0.00 0.00 -5.74 0.15 0.06 -5.42 0.15 -0.19 -5.85 0.16 -0.21 -5.85 0.16 -0.21 -6.20 2.09 0.69 -5.28 1.77 0.60 5.52 5.21 2.58 -5.06 -8.82 81.78 9.53 11.31 0.36 -6.69 18.45 -3.63 -0.10 17.70 -0.08 -7.15 7.05 4.68 -8.97 9.63 8.61 0.00 -0.00 0.00 2.00 -0.01 0.26 -0.01 -0.16 4.56 -0.01 -0.08 2.27 0.00 -0.00 0.00 0.00 0.00 0.43 0.00 0.00 6.69 -0.00 -0.00 3.35 0.00 -0.00 0.00 -2.00 0.04 1.16 0.11 0.45 13.29 0.09 0.22 6.81 0.00 -0.00 0.00 -4.00 0.04 0.61 0.10 0.59 8.59 0.07 0.29 4.33 5.89 4.12 -2.90 0.08 -5.57 -81.56 -9.83 15.44 -1.91 1.09 17.40 5.64 -0.02 3.48 -0.02 1.20 1.41 -1.49 1.72 2.13 -2.27 -0.00 -0.00 -0.00 -2.00 -0.01 -0.21 0.01 -0.13 -3.74 0.01 -0.06 -1.85 -0.00 -0.00 -0.00 -0.00 0.00 -0.31 0.00 0.00 -5.19 0.00 -0.00 -2.59 -0.00 -0.00 -0.00 2.00 0.02 -0.43 -0.03 0.23 -6.70 -0.02 0.12 -3.36 -0.00 -0.00 -0.00 4.00 0.01 -0.20 -0.02 0.25 -3.66 -0.01 0.13 -1.81
-43.3580 -0.3133 -58.2062 145.59 -0.04 -0.00 -16.26 2.83 -1.05 -0.49 2.31 -0.01 10.20 -5.21 0.16 0.00 -0.00 -0.00 -21.82 5.16 2.52 4.92 -0.86 -0.04 -0.08 -3.66 -2.91 0.00 0.00 -0.00 -5.74 0.15 0.07 -5.42 0.15 -0.19 -5.85 0.16 -0.21 -5.85 0.16 -0.21 -6.20 2.09 0.69 -5.28 1.77 0.60 5.51 5.21 2.58 -5.06 -8.82 81.79 9.53 11.31 0.36 -6.70 18.45 -3.63 -0.10 17.70 -0.08 -7.15 7.05 4.68 -8.97 9.63 8.61 0.00 0.00 0.00 2.00 -0.01 0.26 -0.01 -0.16 4.56 -0.01 -0.08 2.27 0.00 0.00 0.00 -0.00 -0.00 0.43 -0.00 0.00 6.69 0.00 -0.00 3.35 0.00 0.00 0.00 -2.00 0.04 1.16 0.11 0.45 13.29 0.09 0.22 6.81 0.00 0.00 0.00 -4.00 0.04 0.61 0.10 0.59 8.59 0.07 0.29 4.33 5.89 4.11 -2.90 0.08 -5.56 -81.55 -9.84 15.44 -1.91 1.08 17.40 5.63 -0.02 3.48 -0.02 1.20 1.41 -1.49 1.72 2.13 -2.27 -0.00 -0.00 -0.00 -2.00 -0.01 -0.21 0.01 -0.13 -3.74 0.01 -0.06 -1.85 -0.00 -0.00 -0.00 -0.00 0.00 -0.31 0.00 0.00 -5.19 0.00 -0.00 -2.59 -0.00 -0.00 -0.00 2.00 0.02 -0.43 -0.03 0.23 -6.70 -0.02 0.12 -3.36 -0.00 -0.00 -0.00 4.00 0.01 -0.20 -0.02 0.25 -3.66 -0.01 0.13 -1.81
-43.3611 -0.3132 -58.2028 145.59 -0.04 -0.00 -16.26 2.83 -1.05 -0.49 2.31 -0.01 10.20 -5.21 0.16 -0.00 0.00 0.00 -21.82 5.16 2.52 4.91 -0.87 -0.04 -0.08 -3.66 -2.91 -0.00 -0.00 -0.00 -5.74 0.15 0.08 -5.42 0.15 -0.20 -5.85 0.16 -0.21 -5.85 0.16 -0.21 -6.20 2.09 0.70 -5.29 1.77 0.61 5.51 5.21 2.59 -5.06 -8.82 81.80 9.52 11.32 0.35 -6.70 18.45 -3.64 -0.10 17.70 -0.08 -7.15 7.05 4.68 -8.97 9.63 8.61 0.00 0.00 0.00 2.00 -0.01 0.26 -0.01 -0.16 4.56 -0.01 -0.08 2.27 0.00 0.00 0.00 -0.00 -0.00 0.43 -0.00 0.00 6.69 0.00 -0.00 3.35 0.00 0.00 0.00 -2.00 0.04 1.16 0.11 0.45 13.29 0.09 0.22 6.81 0.00 0.00 0.00 -4.00 0.04 0.61 0.10 0.59 8.59 0.07 0.29 4.33 5.89 4.10 -2.90 0.08 -5.54 -81.54 -9.84 15.44 -1.91 1.08 17.40 5.62 -0.02 3.48 -0.02 1.20 1.41 -1.49 1.72 2.13 -2.27 -0.00 -0.00 -0.00 -2.00 -0.01 -0.21 0.01 -0.13 -3.74 0.01 -0.06 -1.85 -0.00 -0.00 -0.00 -0.00 0.00 -0.31 0.00 0.00 -5.19 0.00 -0.00 -2.59 -0.00 -0.00 -0.00 2.00 0.02 -0.43 -0.03 0.23 -6.70 -0.02 0.12 -3.36 -0.00 -0.00 -0.00 4.00 0.01 -0.20 -0.02 0.25 -3.66 -0.01 0.13 -1.81
-43.3636 -0.3130 -58.1994 145.59 -0.04 -0.00 -16.26 2.83 -1.05 -0.49 2.31 -0.01 10.20 -5.21 0.16 0.00 0.00 -0.00 -21.82 5.16 2.52 4.91 -0.87 -0.04 -0.08 -3.66 -2.91 0.00 0.00 -0.00 -5.73 0.15 0.09 -5.42 0.15 -0.20 -5.85 0.16 -0.22 -5.85 0.16 -0.22 -6.20 2.09 0.70 -5.29 1.77 0.61 5.51 5.20 2.59 -5.06 -8.82 81.80 9.52 11.33 0.34 -6.70 18.45 -3.64 -0.10 17.70 -0.08 -7.15 7.05 4.68 -8.97 9.63 8.61 0.00 0.00 0.00 2.00 -0.01 0.26 -0.01 -0.16 4.56 -0.01 -0.08 2.27 0.00 0.00 0.00 -0.00 -0.00 0.43 -0.00 0.00 6.69 0.00 -0.00 3.35 0.00 0.00 0.00 -2.00 0.04 1.16 0.11 0.45 13.29 0.09 0.22 6.81 0.00 0.00 0.00 -4.00 0.04 0.61 0.10 0.59 8.59 0.07 0.29 4.33 5.89 4.09 -2.91 0.08 -5.53 -81.53 -9.85 15.44 -1.91 1.08 17.41 5.62 -0.02 3.48 -0.02 1.20 1.41 -1.49 1.72 2.13 -2.27 -0.00 -0.00 -0.00 -2.00 -0.01 -0.21 0.01 -0.13 -3.74 0.01 -0.06 -1.85 -0.00 -0.00 -0.00 -0.00 0.00 -0.31 0.00 0.00 -5.19 0.00 -0.00 -2.59 -0.00 -0.00 -0.00 2.00 0.02 -0.43 -0.03 0.23 -6.70 -0.02 0.12 -3.36 -0.00 -0.00 -0.00 4.00 0.01 -0.20 -0.02 0.25 -3.66 -0.01 0.13 -1.81
-43.3659 -0.3129 -58.1962 145.58 -0.04 -0.00 -16.25 2.83 -1.05 -0.49 2.31 -0.01 10.20 -5.21 0.16 0.00 0.00 0.00 -21.81 5.16 2.52 4.91 -0.87 -0.04 -0.08 -3.66 -2.91 0.00 0.00 0.00 -5.73 0.15 0.10 -5.42 0.15 -0.20 -5.85 0.16 -0.22 -5.85 0.16 -0.22 -6.21 2.09 0.70 -5.29 1.77 0.61 5.51 5.20 2.59 -5.06 -8.82 81.81 9.52 11.33 0.34 -6.71 18.45 -3.65 -0.10 17.70 -0.08 -7.15 7.05 4.68 -8.97 9.63 8.61 0.00 0.00 0.00 2.00 -0.01 0.26 -0.01 -0.16 4.56 -0.01 -0.08 2.27 0.00 0.00 0.00 -0.00 -0.00 0.43 -0.00 0.00 6.69 0.00 -0.00 3.35 0.00 0.00 0.00 -2.00 0.04 1.16 0.11 0.45 13.29 0.09 0.22 6.81 0.00 0.00 0.00 -4.00 0.04 0.61 0.10 0.59 8.59 0.07 0.29 4.33 5.89 4.08 -2.91 0.08 -5.52 -81.52 -9.85 15.44 -1.92 1.08 17.41 5.62 -0.02 3.48 -0.02 1.20 1.41 -1.49 1.72 2.13 -2.27 -0.00 -0.00 -0.00 -2.00 -0.01 -0.21 0.01 -0.13 -3.74 0.01 -0.06 -1.85 -0.00 -0.00 -0.00 -0.00 0.00 -0.31 0.00 0.00 -5.19 0.00 -0.00 -2.59 -0.00 -0.00 -0.00 2.00 0.02 -0.43 -0.03 0.23 -6.70 -0.02 0.12 -3.36 -0.00 -0.00 -0.00 4.00 0.01 -0.20 -0.02 0.25 -3.66 -0.01 0.13 -1.81
-43.3680 -0.3137 -58.1922 145.58 -0.04 -0.00 -16.25 2.84 -1.05 -0.49 2.31 -0.01 10.20 -5.21 0.16 0.00 0.00 -0.00 -21.81 5.16 2.52 4.91 -0.88 -0.04 -0.08 -3.65 -2.91 0.00 -0.00 -0.00 -5.72 0.15 0.11 -5.42 0.15 -0.21 -5.85 0.16 -0.22 -5.85 0.16 -0.22 -6.21 2.09 0.70 -5.29 1.77 0.61 5.51 5.19 2.59 -5.06 -8.81 81.81 9.51 11.33 0.34 -6.71 18.45 -3.65 -0.10 17.70 -0.08 -7.15 7.05 4.68 -8.97 9.63 8.61 0.00 0.00 0.00 2.00 -0.01 0.26 -0.01 -0.16 4.56 -0.01 -0.08 2.27 0.00 0.00 0.00 -0.00 -0.00 0.43 -0.00 0.00 6.69 0.00 -0.00 3.35 0.00 0.00 0.00 -2.00 0.04 1.16 0.11 0.45 13.29 0.09 0.22 6.81 0.00 0.00 0.00 -4.00 0.04 0.61 0.10 0.59 8.59 0.07 0.29 4.33 5.89 4.07 -2.91 0.08 -5.50 -81.51 -9.86 15.44 -1.92 1.08 17.41 5.61 -0.02 3.48 -0.02 1.20 1.41 -1.49 1.72 2.13 -2.27 -0.00 -0.00 -0.00 -2.00 -0.01 -0.21 0.01 -0.13 -3.74 0.01 -0.06 -1.85 -0.00 -0.00 -0.00 -0.00 0.00 -0.31 0.00 0.00 -5.19 0.00 -0.00 -2.59 -0.00 -0.00 -0.00 2.00 0.02 -0.43 -0.03 0.23 -6.70 -0.02 0.12 -3.36 -0.00 -0.00 -0.00 4.00 0.01 -0.20 -0.02 0.25 -3.66 -0.01 0.13 -1.81
-43.3707 -0.3133 -58.1880 145.57 -0.04 -0.00 -16.24 2.84 -1.05 -0.49 2.31 -0.01 10.19 -5.20 0.15 0.00 -0.00 0.00 -21.80 5.16 2.52 4.91 -0.88 -0.04 -0.08 -3.65 -2.91 -0.00 -0.00 -0.00 -5.72 0.15 0.12 -5.42 0.15 -0.21 -5.85 0.16 -0.22 -5.85 0.16 -0.22 -6.21 2.09 0.70 -5.29 1.77 0.61 5.51 5.19 2.60 -5.06 -8.81 81.82 9.51 11.33 0.33 -6.71 18.45 -3.66 -0.10 17.70 -0.08 -7.15 7.05 4.68 -8.97 9.63 8.61 0.00 0.00 0.00 2.00 -0.01 0.26 -0.01 -0.16 4.56 -0.01 -0.08 2.27 0.00 0.00 0.00 -0.00 -0.00 0.43 -0.00 0.00 6.69 0.00 -0.00 3.35 0.00 0.00 0.00 -2.00 0.04 1.16 0.11 0.45 13.29 0.09 0.22 6.81 0.00 0.00 0.00 -4.00 0.04 0.61 0.10 0.59 8.59 0.07 0.29 4.33 5.89 4.05 -2.92 0.08 -5.49 -81.51 -9.86 15.44 -1.93 1.08 17.41 5.61 -0.02 3.48 -0.02 1.20 1.41 -1.49 1.72 2.13 -2.27 -0.00 -0.00 -0.00 -2.00 -0.01 -0.21 0.01 -0.13 -3.74 0.01 -0.06 -1.85 -0.00 -0.00 -0.00 -0.00 0.00 -0.31 0.00 0.00 -5.19 0.00 -0.00 -2.59 -0.00 -0.00 -0.00 2.00 0.02 -0.43 -0.03 0.23 -6.70 -0.02 0.12 -3.36 -0.00 -0.00 -0.00 4.00 0.01 -0.20 -0.02 0.25 -3.66 -0.01 0.13 -1.81
-43.3735 -0.3132 -58.1836 145.57 -0.04 -0.00 -16.24 2.84 -1.05 -0.49 2.30 -0.01 10.19 -5.20 0.15 -0.00 0.00 -0.00 -21.79 5.16 2.52 4.91 -0.88 -0.04 -0.08 -3.65 -2.91 0.00 0.00 -0.00 -5.71 0.15 0.13 -5.42 0.14 -0.21 -5.85 0.16 -0.23 -5.85 0.16 -0.23 -6.21 2.09 0.70 -5.29 1.77 0.61 5.51 5.19 2.60 -5.06 -8.81 81.82 9.51 11.34 0.33 -6.72 18.45 -3.66 -0.10 17.70 -0.08 -7.15 7.05 4.68 -8.97 9.63 8.61 0.00 0.00 0.00 2.00 -0.01 0.26 -0.01 -0.16 4.56 -0.01 -0.08 2.27 0.00 0.00 0.00 -0.00 -0.00 0.43 -0.00 0.00 6.69 0.00 -0.00 3.35 0.00 0.00 0.00 -2.00 0.04 1.16 0.11 0.45 13.29 0.09 0.22 6.81 0.00 0.00 0.00 -4.00 0.04 0.61 0.10 0.59 8.59 0.07 0.29 4.33 5.89 4.04 -2.92 0.08 -5.47 -81.50 -9.87 15.44 -1.93 1.08 17.41 5.61 -0.02 3.48 -0.02 1.20 1.41 -1.49 1.72 2.13 -2.27 -0.00 -0.00 -0.00 -2.00 -0.01 -0.21 0.01 -0.13 -3.74 0.01 -0.06 -1.85 -0.00 -0.00 -0.00 -0.00 0.00 -0.31 0.00 0.00 -5.19 0.00 -0.00 -2.59 -0.00 -0.00 -0.00 2.00 0.02 -0.43 -0.03 0.23 -6.70 -0.02 0.12 -3.36 -0.00 -0.00 -0.00 4.00 0.01 -0.20 -0.02 0.25 -3.66 -0.01 0.13 -1.81
-43.3761 -0.3131 -58.1790 145.56 -0.04 -0.00 -16.23 2.84 -1.05 -0.49 2.30 -0.01 10.19 -5.20 0.15 0.00 0.00 -0.00 -21.78 5.16 2.52 4.90 -0.88 -0.04 -0.08 -3.64 -2.91 0.00 0.00 0.00 -5.70 0.15 0.14 -5.42 0.14 -0.21 -5.85 0.15 -0.23 -5.85 0.15 -0.23 -6.21 2.09 0.70 -5.29 1.77 0.61 5.50 5.19 2.60 -5.06 -8.81 81.82 9.50 11.34 0.32 -6.72 18.45 -3.66 -0.10 17.70 -0.08 -7.15 7.05 4.68 -8.97 9.63 8.61 0.00 0.00 0.00 2.00 -0.01 0.26 -0.01 -0.16 4.56 -0.01 -0.08 2.27 0.00 0.00 0.00 -0.00 -0.00 0.43 -0.00 0.00 6.69 0.00 -0.00 3.35 0.00 0.00 0.00 -2.00 0.04 1.16 0.11 0.45 13.29 0.09 0.22 6.81 0.00 0.00 0.00 -4.00 0.04 0.61 0.10 0.59 8.59 0.07 0.29 4.33 5.89 4.03 -2.92 0.08 -5.46 -81.49 -9.87 15.44 -1.94 1.08 17.41 5.61 -0.02 3.48 -0.02 1.20 1.41 -1.49 1.72 2.13 -2.27 -0.00 -0.00 -0.00 -2.00 -0.01 -0.21 0.01 -0.13 -3.74 0.01 -0.06 -1.85 -0.00 -0.00 -0.00 -0.00 0.00 -0.31 0.00 0.00 -5.19 0.00 -0.00 -2.59 -0.00 -0.00 -0.00 2.00 0.02 -0.43 -0.03 0.23 -6.70 -0.02 0.12 -3.36 -0.00 -0.00 -0.00 4.00 0.01 -0.20 -0.02 0.25 -3.66 -0.01 0.13 -1.81
-43.3787 -0.3129 -58.1745 145.55 -0.04 -0.00 -16.22 2.84 -1.05 -0.49 2.30 -0.01 10.19 -5.20 0.15 0.00 -0.00 0.00 -21.77 5.16 2.52 4.90 -0.89 -0.04 -0.08 -3.64 -2.91 -0.00 -0.00 -0.00 -5.70 0.15 0.15 -5.42 0.14 -0.22 -5.85 0.15 -0.23 -5.85 0.15 -0.23 -6.21 2.08 0.70 -5.29 1.77 0.61 5.50 5.18 2.60 -5.06 -8.81 81.83 9.49 11.34 0.32 -6.72 18.45 -3.67 -0.10 17.70 -0.08 -7.15 7.05 4.68 -8.97 9.63 8.61 0.00 0.00 0.00 2.00 -0.01 0.26 -0.01 -0.16 4.56 -0.01 -0.08 2.27 0.00 0.00 0.00 -0.00 -0.00 0.43 -0.00 0.00 6.69 0.00 -0.00 3.35 0.00 0.00 0.00 -2.00 0.04 1.16 0.11 0.45 13.29 0.09 0.22 6.81 0.00 0.00 0.00 -4.00 0.04 0.61 0.10 0.59 8.59 0.07 0.29 4.33 5.89 4.02 -2.93 0.08 -5.44 -81.49 -9.87 15.44 -1.94 1.08 17.41 5.61 -0.02 3.48 -0.02 1.20 1.41 -1.49 1.72 2.13 -2.27 -0.00 -0.00 -0.00 -2.00 -0.01 -0.21 0.01 -0.13 -3.74 0.01 -0.06 -1.85 -0.00 -0.00 -0.00 -0.00 0.00 -0.31 0.00 0.00 -5.19 0.00 -0.00 -2.59 -0.00 -0.00 -0.00 2.00 0.02 -0.43 -0.03 0.23 -6.70 -0.02 0.12 -3.36 -0.00 -0.00 -0.00 4.00 0.01 -0.20 -0.02 0.25 -3.66 -0.01 0.13 -1.81
-43.3822 -0.3127 -58.1711 145.55 -0.04 -0.00 -16.22 2.84 -1.05 -0.49 2.30 -0.01 10.19 -5.20 0.15 -0.00 0.00 0.00 -21.77 5.16 2.52 4.90 -0.89 -0.04 -0.08 -3.64 -2.92 0.00 -0.00 -0.00 -5.69 0.15 0.16 -5.42 0.14 -0.22 -5.85 0.15 -0.24 -5.85 0.15 -0.24 -6.21 2.08 0.70 -5.29 1.77 0.61 5.50 5.18 2.60 -5.06 -8.81 81.83 9.49 11.34 0.32 -6.72 18.45 -3.67 -0.10 17.70 -0.08 -7.15 7.05 4.68 -8.97 9.63 8.61 0.00 0.00 0.00 2.00 -0.01 0.26 -0.01 -0.16 4.56 -0.01 -0.08 2.27 0.00 0.00 0.00 -0.00 -0.00 0.43 -0.00 0.00 6.69 0.00 -0.00 3.35 0.00 0.00 0.00 -2.00 0.04 1.16 0.11 0.45 13.29 0.09 0.22 6.81 0.00 0.00 0.00 -4.00 0.04 0.61 0.10 0.59 8.59 0.07 0.29 4.33 5.89 4.01 -2.93 0.08 -5.43 -81.48 -9.88 15.44 -1.94 1.08 17.41 5.61 -0.02 3.48 -0.02 1.20 1.41 -1.49 1.72 2.13 -2.27 -0.00 -0.00 -0.00 -2.00 -0.01 -0.21 0.01 -0.13 -3.74 0.01 -0.06 -1.85 -0.00 -0.00 -0.00 -0.00 0.00 -0.31 0.00 0.00 -5.19 0.00 -0.00 -2.59 -0.00 -0.00 -0.00 2.00 0.02 -0.43 -0.03 0.23 -6.70 -0.02 0.12 -3.36 -0.00 -0.00 -0.00 4.00 0.01 -0.20 -0.02 0.25 -3.66 -0.01 0.13 -1.81
-43.3865 -0.3125 -58.1689 145.55 -0.04 -0.00 -16.22 2.84 -1.05 -0.49 2.30 -0.01 10.19 -5.20 0.15 0.00 -0.00 0.00 -21.77 5.16 2.52 4.90 -0.89 -0.04 -0.07 -3.64 -2.91 0.00 0.00 -0.00 -5.70 0.15 0.17 -5.42 0.14 -0.22 -5.85 0.15 -0.24 -5.85 0.15 -0.24 -6.21 2.08 0.70 -5.29 1.77 0.61 5.50 5.18 2.61 -5.06 -8.82 81.83 9.49 11.34 0.31 -6.72 18.45 -3.67 -0.10 17.70 -0.08 -7.15 7.05 4.68 -8.97 9.63 8.61 0.00 0.00 0.00 2.00 -0.01 0.26 -0.01 -0.16 4.56 -0.01 -0.08 2.27 0.00 0.00 0.00 -0.00 -0.00 0.43 -0.00 0.00 6.69 0.00 -0.00 3.35 0.00 0.00 0.00 -2.00 0.04 1.16 0.11 0.45 13.29 0.09 0.22 6.81 0.00 0.00 0.00 -4.00 0.04 0.61 0.10 0.59 8.59 0.07 0.29 4.33 5.89 4.00 -2.93 0.08 -5.42 -81.48 -9.88 15.44 -1.95 1.08 17.41 5.61 -0.02 3.48 -0.02 1.20 1.41 -1.49 1.72 2.13 -2.27 -0.00 -0.00 -0.00 -2.00 -0.01 -0.21 0.01 -0.13 -3.74 0.01 -0.06 -1.85 -0.00 -0.00 -0.00 -0.00 0.00 -0.31 0.00 0.00 -5.19 0.00 -0.00 -2.59 -0.00 -0.00 -0.00 2.00 0.02 -0.43 -0.03 0.23 -6.70 -0.02 0.12 -3.36 -0.00 -0.00 -0.00 4.00 0.01 -0.20 -0.02 0.25 -3.66 -0.01 0.13 -1.81
-43.3912 -0.3127 -58.1664 145.56 -0.04 -0.00 -16.23 2.84 -1.05 -0.49 2.30 -0.01 10.19 -5.20 0.16 -0.00 0.00 0.00 -21.78 5.15 2.52 4.90 -0.89 -0.04 -0.07 -3.64 -2.91 0.00 0.00 -0.00 -5.70 0.15 0.18 -5.42 0.14 -0.22 -5.85 0.15 -0.24 -5.85 0.15 -0.24 -6.21 2.08 0.71 -5.29 1.77 0.62 5.50 5.18 2.61 -5.06 -8.82 81.83 9.48 11.34 0.31 -6.72 18.46 -3.67 -0.10 17.70 -0.08 -7.15 7.05 4.68 -8.97 9.63 8.61 0.00 0.00 0.00 2.00 -0.01 0.26 -0.01 -0.16 4.56 -0.01 -0.08 2.27 0.00 0.00 0.00 -0.00 -0.00 0.43 -0.00 0.00 6.69 0.00 -0.00 3.35 0.00 0.00 0.00 -2.00 0.04 1.16 0.11 0.45 13.29 0.09 0.22 6.81 0.00 0.00 0.00 -4.00 0.04 0.61 0.10 0.59 8.59 0.07 0.29 4.33 5.89 4.00 -2.93 0.08 -5.41 -81.47 -9.89 15.44 -1.95 1.09 17.41 5.61 -0.02 3.48 -0.02 1.20 1.41 -1.49 1.72 2.13 -2.27 -0.00 -0.00 -0.00 -2.00 -0.01 -0.21 0.01 -0.13 -3.74 0.01 -0.06 -1.85 -0.00 -0.00 -0.00 -0.00 0.00 -0.31 0.00 0.00 -5.19 0.00 -0.00 -2.59 -0.00 -0.00 -0.00 2.00 0.02 -0.43 -0.03 0.23 -6.70 -0.02 0.12 -3.36 -0.00 -0.00 -0.00 4.00 0.01 -0.20 -0.02 0.25 -3.66 -0.01 0.13 -1.81
-43.3961 -0.3137 -58.1637 145.56 -0.04 -0.00 -16.23 2.84 -1.05 -0.49 2.30 -0.01 10.19 -5.20 0.16 0.00 -0.00 0.00 -21.78 5.15 2.52 4.90 -0.88 -0.04 -0.07 -3.64 -2.91 -0.00 0.00 0.00 -5.70 0.15 0.19 -5.42 0.14 -0.23 -5.85 0.15 -0.25 -5.85 0.15 -0.25 -6.21 2.08 0.71 -5.29 1.77 0.62 5.50 5.18 2.61 -5.06 -8.82 81.83 9.48 11.34 0.31 -6.72 18.46 -3.67 -0.10 17.70 -0.08 -7.15 7.05 4.68 -8.97 9.63 8.61 0.00 0.00 0.00 2.00 -0.01 0.26 -0.01 -0.16 4.56 -0.01 -0.08 2.27 0.00 0.00 0.00 -0.00 -0.00 0.43 -0.00 0.00 6.69 0.00 -0.00 3.35 0.00 0.00 0.00 -2.00 0.04 1.16 0.11 0.45 13.29 0.09 0.22 6.81 0.00 0.00 0.00 -4.00 0.04 0.61 0.10 0.59 8.59 0.07 0.29 4.33 5.89 3.99 -2.94 0.08 -5.40 -81.47 -9.89 15.44 -1.95 1.09 17.41 5.61 -0.02 3.48 -0.02 1.20 1.41 -1.49 1.72 2.13 -2.28 0.00 -0.00 -0.00 -2.00 -0.01 -0.21 0.01 -0.13 -3.73 0.01 -0.06 -1.85 0.00 -0.00 -0.00 0.00 0.00 -0.31 0.00 -0.00 -5.18 -0.00 0.00 -2.58 0.00 -0.00 -0.00 2.00 0.02 -0.43 -0.03 0.23 -6.70 -0.02 0.12 -3.36 0.00 -0.00 -0.00 4.00 0.01 -0.20 -0.02 0.25 -3.66 -0.01 0.13 -1.81
-43.4015 -0.3137 -58.1611 145.57 -0.04 -0.00 -16.24 2.84 -1.05 -0.49 2.30 -0.01 10.19 -5.20 0.16 -0.00 -0.00 0.00 -21.79 5.14 2.52 4.90 -0.88 -0.04 -0.07 -3.64 -2.91 -0.00 -0.00 -0.00 -5.71 0.15 0.20 -5.42 0.14 -0.23 -5.85 0.15 -0.25 -5.85 0.15 -0.25 -6.21 2.08 0.71 -5.29 1.77 0.62 5.50 5.18 2.61 -5.06 -8.82 81.83 9.48 11.34 0.31 -6.72 18.46 -3.67 -0.10 17.70 -0.08 -7.15 7.05 4.68 -8.97 9.63 8.61 0.00 0.00 0.00 2.00 -0.01 0.26 -0.01 -0.16 4.56 -0.01 -0.08 2.27 0.00 0.00 0.00 -0.00 -0.00 0.43 -0.00 0.00 6.69 0.00 -0.00 3.35 0.00 0.00 0.00 -2.00 0.04 1.16 0.11 0.45 13.29 0.09 0.22 6.81 0.00 0.00 0.00 -4.00 0.04 0.61 0.10 0.59 8.59 0.07 0.29 4.33 5.89 3.98 -2.94 0.08 -5.39 -81.46 -9.90 15.44 -1.96 1.09 17.42 5.60 -0.02 3.48 -0.02 1.20 1.41 -1.49 1.71 2.13 -2.28 -0.00 -0.00 0.00 -2.00 -0.01 -0.21 0.01 -0.13 -3.74 0.01 -0.06 -1.85 -0.00 -0.00 0.00 -0.00 0.00 -0.31 -0.00 -0.00 -5.19 0.00 0.00 -2.59 -0.00 -0.00 0.00 2.00 0.02 -0.43 -0.03 0.23 -6.70 -0.02 0.12 -3.36 -0.00 -0.00 0.00 4.00 0.01 -0.20 -0.02 0.25 -3.66 -0.01 0.13 -1.81
-43.4068 -0.3131 -58.1588 145.58 -0.04 -0.00 -16.25 2.84 -1.06 -0.49 2.30 -0.01 10.19 -5.20 0.16 -0.00 0.00 -0.00 -21.79 5.14 2.52 4.90 -0.88 -0.04 -0.08 -3.64 -2.91 -0.00 0.00 -0.00 -5.71 0.15 0.21 -5.42 0.14 -0.23 -5.85 0.15 -0.25 -5.85 0.15 -0.25 -6.21 2.08 0.71 -5.29 1.77 0.62 5.49 5.18 2.61 -5.05 -8.82 81.83 9.47 11.34 0.30 -6.72 18.46 -3.67 -0.10 17.70 -0.08 -7.15 7.05 4.68 -8.97 9.63 8.61 0.00 0.00 0.00 2.00 -0.01 0.26 -0.01 -0.16 4.56 -0.01 -0.08 2.27 0.00 0.00 0.00 -0.00 -0.00 0.43 -0.00 0.00 6.69 0.00 -0.00 3.35 0.00 0.00 0.00 -2.00 0.04 1.16 0.11 0.45 13.29 0.09 0.22 6.81 0.00 0.00 0.00 -4.00 0.04 0.61 0.10 0.59 8.59 0.07 0.29 4.33 5.89 3.98 -2.94 0.07 -5.38 -81.46 -9.90 15.44 -1.96 1.08 17.43 5.60 -0.02 3.48 -0.02 1.20 1.41 -1.49 1.71 2.13 -2.27 -0.00 0.00 -0.00 -2.00 -0.01 -0.21 0.01 -0.13 -3.74 0.01 -0.06 -1.85 -0.00 0.00 -0.00 0.00 -0.00 -0.31 -0.00 -0.00 -5.19 0.00 0.00 -2.59 -0.00 0.00 -0.00 2.00 0.02 -0.43 -0.03 0.23 -6.70 -0.02 0.12 -3.36 -0.00 0.00 -0.00 4.00 0.01 -0.20 -0.02 0.25 -3.66 -0.01 0.13 -1.81
-43.4111 -0.3132 -58.1559 145.58 -0.05 -0.00 -16.25 2.84 -1.06 -0.49 2.31 -0.01 10.20 -5.20 0.16 0.00 0.00 -0.00 -21.80 5.13 2.52 4.90 -0.88 -0.04 -0.08 -3.64 -2.91 -0.00 -0.00 0.00 -5.72 0.15 0.22 -5.42 0.14 -0.24 -5.85 0.15 -0.25 -5.85 0.15 -0.25 -6.21 2.08 0.71 -5.29 1.77 0.62 5.49 5.18 2.61 -5.05 -8.82 81.83 9.47 11.34 0.30 -6.72 18.46 -3.67 -0.10 17.70 -0.08 -7.15 7.05 4.68 -8.97 9.63 8.61 0.00 0.00 0.00 2.00 -0.01 0.26 -0.01 -0.16 4.56 -0.01 -0.08 2.27 0.00 0.00 0.00 -0.00 -0.00 0.43 -0.00 0.00 6.69 0.00 -0.00 3.35 0.00 0.00 0.00 -2.00 0.04 1.16 0.11 0.45 13.29 0.09 0.22 6.81 0.00 0.00 0.00 -4.00 0.04 0.61 0.10 0.59 8.59 0.07 0.29 4.33 5.89 3.97 -2.94 0.07 -5.37 -81.45 -9.90 15.43 -1.97 1.08 17.44 5.59 -0.02 3.47 -0.02 1.20 1.41 -1.49 1.71 2.12 -2.27 0.00 -0.00 0.00 -2.00 -0.01 -0.21 0.01 -0.13 -3.74 0.01 -0.06 -1.85 0.00 -0.00 0.00 0.00 -0.00 -0.31 0.00 -0.00 -5.19 -0.00 0.00 -2.59 0.00 -0.00 0.00 2.00 0.02 -0.43 -0.03 0.23 -6.70 -0.02 0.12 -3.36 0.00 -0.00 0.00 4.00 0.01 -0.20 -0.02 0.25 -3.65 -0.01 0.13 -1.81
-43.4149 -0.3137 -58.1527 145.58 -0.05 -0.00 -16.25 2.84 -1.06 -0.49 2.31 -0.01 10.19 -5.20 0.16 -0.00 0.00 -0.00 -21.80 5.13 2.52 4.89 -0.88 -0.04 -0.08 -3.64 -2.91 -0.00 0.00 -0.00 -5.72 0.15 0.23 -5.42 0.14 -0.24 -5.85 0.15 -0.26 -5.85 0.15 -0.26 -6.21 2.08 0.71 -5.29 1.77 0.62 5.49 5.18 2.61 -5.05 -8.82 81.83 9.47 11.35 0.30 -6.71 18.45 -3.67 -0.10 17.70 -0.08 -7.15 7.05 4.68 -8.97 9.63 8.61 0.00 0.00 0.00 2.00 -0.01 0.26 -0.01 -0.16 4.56 -0.01 -0.08 2.27 0.00 0.00 0.00 -0.00 -0.00 0.43 -0.00 0.00 6.69 0.00 -0.00 3.35 0.00 0.00 0.00 -2.00 0.04 1.16 0.11 0.45 13.29 0.09 0.22 6.81 0.00 0.00 0.00 -4.00 0.04 0.61 0.10 0.59 8.59 0.07 0.29 4.33 5.89 3.97 -2.95 0.06 -5.37 -81.45 -9.91 15.42 -1.97 1.08 17.46 5.58 -0.02 3.47 -0.02 1.20 1.41 -1.49 1.71 2.12 -2.27 -0.00 -0.00 -0.00 -2.00 -0.01 -0.21 0.01 -0.13 -3.74 0.01 -0.06 -1.85 -0.00 -0.00 -0.00 -0.00 0.00 -0.31 0.00 -0.00 -5.19 0.00 0.00 -2.59 -0.00 -0.00 -0.00 2.00 0.02 -0.43 -0.03 0.23 -6.70 -0.02 0.12 -3.36 -0.00 -0.00 -0.00 4.00 0.01 -0.20 -0.02 0.25 -3.65 -0.01 0.13 -1.81
-43.4179 -0.3135 -58.1496 145.58 -0.05 -0.00 -16.25 2.84 -1.06 -0.49 2.31 -0.01 10.19 -5.20 0.16 -0.00 0.00 0.00 -21.80 5.13 2.52 4.89 -0.88 -0.04 -0.08 -3.63 -2.91 -0.00 0.00 0.00 -5.72 0.16 0.24 -5.42 0.14 -0.24 -5.85 0.14 -0.26 -5.85 0.14 -0.26 -6.21 2.08 0.72 -5.29 1.77 0.62 5.49 5.17 2.61 -5.05 -8.82 81.84 9.46 11.35 0.30 -6.71 18.45 -3.67 -0.10 17.70 -0.08 -7.15 7.05 4.68 -8.97 9.63 8.61 0.00 0.00 0.00 2.00 -0.01 0.26 -0.01 -0.16 4.56 -0.01 -0.08 2.27 0.00 0.00 0.00 -0.00 -0.00 0.43 -0.00 0.00 6.69 0.00 -0.00 3.35 0.00 0.00 0.00 -2.00 0.04 1.16 0.11 0.45 13.29 0.09 0.22 6.81 0.00 0.00 0.00 -4.00 0.04 0.61 0.10 0.59 8.59 0.07 0.29 4.33 5.89 3.96 -2.95 0.05 -5.36 -81.45 -9.91 15.42 -1.97 1.07 17.47 5.57 -0.02 3.47 -0.02 1.20 1.41 -1.48 1.72 2.12 -2.27 -0.00 0.00 0.00 -2.00 -0.01 -0.21 0.01 -0.13 -3.73 0.01 -0.06 -1.85 -0.00 0.00 0.00 0.00 -0.00 -0.31 -0.00 -0.00 -5.19 -0.00 -0.00 -2.59 -0.00 0.00 0.00 2.00 0.02 -0.43 -0.03 0.23 -6.70 -0.02 0.12 -3.36 -0.00 0.00 0.00 4.00 0.01 -0.20 -0.02 0.25 -3.65 -0.01 0.13 -1.81
-43.4202 -0.3140 -58.1458 145.58 -0.05 -0.00 -16.25 2.84 -1.06 -0.49 2.31 -0.01 10.19 -5.21 0.16 0.00 -0.00 -0.00 -21.80 5.13 2.53 4.90 -0.89 -0.04 -0.08 -3.63 -2.91 0.00 0.00 -0.00 -5.71 0.16 0.25 -5.42 0.13 -0.24 -5.85 0.14 -0.26 -5.85 0.14 -0.26 -6.21 2.08 0.72 -5.29 1.77 0.63 5.49 5.17 2.61 -5.05 -8.82 81.84 9.46 11.35 0.29 -6.71 18.45 -3.67 -0.10 17.70 -0.08 -7.15 7.05 4.68 -8.97 9.63 8.61 0.00 0.00 0.00 2.00 -0.01 0.26 -0.01 -0.16 4.56 -0.01 -0.08 2.27 0.00 0.00 0.00 -0.00 -0.00 0.43 -0.00 0.00 6.69 0.00 -0.00 3.35 0.00 0.00 0.00 -2.00 0.04 1.16 0.11 0.45 13.29 0.09 0.22 6.81 0.00 0.00 0.00 -4.00 0.04 0.61 0.10 0.59 8.59 0.07 0.29 4.33 5.89 3.96 -2.95 0.04 -5.35 -81.45 -9.91 15.41 -1.97 1.07 17.48 5.57 -0.02 3.47 -0.02 1.20 1.41 -1.48 1.72 2.12 -2.27 -0.00 -0.00 0.00 -2.00 -0.01 -0.21 0.01 -0.13 -3.73 0.01 -0.06 -1.85 -0.00 -0.00 0.00 0.00 -0.00 -0.31 -0.00 -0.00 -5.19 0.00 0.00 -2.59 -0.00 -0.00 0.00 2.00 0.02 -0.43 -0.03 0.23 -6.70 -0.02 0.12 -3.36 -0.00 -0.00 0.00 4.00 0.01 -0.20 -0.02 0.25 -3.65 -0.01 0.13 -1.81
-43.4234 -0.3142 -58.1425 145.58 -0.05 -0.00 -16.25 2.84 -1.06 -0.49 2.31 -0.01 10.19 -5.21 0.16 0.00 -0.00 0.00 -21.80 5.13 2.53 4.90 -0.89 -0.04 -0.08 -3.63 -2.91 -0.00 -0.00 0.00 -5.72 0.16 0.26 -5.42 0.13 -0.24 -5.85 0.14 -0.26 -5.85 0.14 -0.26 -6.21 2.08 0.72 -5.29 1.76 0.63 5.49 5.17 2.61 -5.05 -8.82 81.84 9.46 11.35 0.29 -6.71 18.45 -3.68 -0.10 17.70 -0.08 -7.15 7.05 4.68 -8.97 9.63 8.61 0.00 0.00 0.00 2.00 -0.01 0.26 -0.01 -0.16 4.56 -0.01 -0.08 2.27 0.00 0.00 0.00 -0.00 -0.00 0.43 -0.00 0.00 6.69 0.00 -0.00 3.35 0.00 0.00 0.00 -2.00 0.04 1.16 0.11 0.45 13.29 0.09 0.22 6.81 0.00 0.00 0.00 -4.00 0.04 0.61 0.10 0.59 8.59 0.07 0.29 4.33 5.90 3.95 -2.95 0.03 -5.34 -81.46 -9.92 15.40 -1.97 1.07 17.48 5.57 -0.02 3.47 -0.02 1.20 1.41 -1.48 1.72 2.12 -2.27 -0.00 -0.00 -0.00 -2.00 -0.01 -0.21 0.01 -0.13 -3.73 0.01 -0.06 -1.85 -0.00 -0.00 -0.00 -0.00 0.00 -0.31 0.00 -0.00 -5.19 -0.00 0.00 -2.59 -0.00 -0.00 -0.00 2.00 0.02 -0.43 -0.03 0.23 -6.70 -0.02 0.12 -3.36 -0.00 -0.00 -0.00 4.00 0.01 -0.20 -0.02 0.25 -3.65 -0.01 0.13 -1.81
-43.4268 -0.3140 -58.1396 145.59 -0.05 -0.00 -16.26 2.84 -1.06 -0.49 2.31 -0.01 10.19 -5.21 0.16 0.00 0.00 -0.00 -21.80 5.13 2.53 4.89 -0.89 -0.04 -0.08 -3.63 -2.91 -0.00 0.00 -0.00 -5.72 0.16 0.26 -5.42 0.13 -0.25 -5.85 0.14 -0.27 -5.85 0.14 -0.27 -6.21 2.08 0.72 -5.29 1.76 0.63 5.49 5.17 2.61 -5.05 -8.82 81.84 9.45 11.35 0.29 -6.71 18.45 -3.68 -0.10 17.70 -0.08 -7.15 7.05 4.68 -8.97 9.63 8.61 0.00 0.00 0.00 2.00 -0.01 0.26 -0.01 -0.16 4.56 -0.01 -0.08 2.27 0.00 0.00 0.00 -0.00 -0.00 0.43 -0.00 0.00 6.69 0.00 -0.00 3.35 0.00 0.00 0.00 -2.00 0.04 1.16 0.11 0.45 13.29 0.09 0.22 6.81 0.00 0.00 0.00 -4.00 0.04 0.61 0.10 0.59 8.59 0.07 0.29 4.33 5.90 3.95 -2.95 0.03 -5.33 -81.46 -9.92 15.40 -1.97 1.07 17.49 5.56 -0.02 3.47 -0.02 1.20 1.41 -1.48 1.72 2.12 -2.27 -0.00 -0.00 -0.00 -2.00 -0.01 -0.21 0.01 -0.13 -3.73 0.01 -0.06 -1.85 -0.00 -0.00 -0.00 -0.00 0.00 -0.31 0.00 -0.00 -5.19 -0.00 0.00 -2.59 -0.00 -0.00 -0.00 2.00 0.02 -0.43 -0.03 0.23 -6.70 -0.02 0.12 -3.36 -0.00 -0.00 -0.00 4.00 0.01 -0.20 -0.02 0.25 -3.65 -0.01 0.13 -1.81
-43.4302 -0.3137 -58.1370 145.59 -0.05 -0.00 -16.26 2.84 -1.06 -0.49 2.31 -0.01 10.20 -5.21 0.16 0.00 0.00 0.00 -21.80 5.12 2.53 4.89 -0.89 -0.04 -0.08 -3.62 -2.91 0.00 0.00 0.00 -5.72 0.16 0.27 -5.42 0.13 -0.25 -5.85 0.14 -0.27 -5.85 0.14 -0.27 -6.21 2.08 0.72 -5.29 1.76 0.63 5.49 5.17 2.61 -5.05 -8.82 81.84 9.45 11.35 0.29 -6.71 18.45 -3.68 -0.10 17.70 -0.08 -7.15 7.05 4.68 -8.97 9.63 8.61 0.00 0.00 0.00 2.00 -0.01 0.26 -0.01 -0.16 4.56 -0.01 -0.08 2.27 0.00 0.00 0.00 -0.00 -0.00 0.43 -0.00 0.00 6.69 0.00 -0.00 3.35 0.00 0.00 0.00 -2.00 0.04 1.16 0.11 0.45 13.29 0.09 0.22 6.81 0.00 0.00 0.00 -4.00 0.04 0.61 0.10 0.59 8.59 0.07 0.29 4.33 5.90 3.94 -2.95 0.02 -5.32 -81.45 -9.92 15.40 -1.97 1.07 17.49 5.56 -0.02 3.47 -0.02 1.20 1.41 -1.48 1.72 2.12 -2.27 -0.00 -0.00 -0.00 -2.00 -0.01 -0.21 0.01 -0.13 -3.73 0.01 -0.06 -1.85 -0.00 -0.00 -0.00 -0.00 0.00 -0.31 0.00 -0.00 -5.19 -0.00 0.00 -2.59 -0.00 -0.00 -0.00 2.00 0.02 -0.43 -0.03 0.23 -6.70 -0.02 0.12 -3.36 -0.00 -0.00 -0.00 4.00 0.01 -0.20 -0.02 0.25 -3.65 -0.01 0.13 -1.81
-43.4332 -0.3137 -58.1337 145.59 -0.05 -0.00 -16.26 2.84 -1.06 -0.49 2.32 -0.01 10.20 -5.22 0.16 -0.00 0.00 0.00 -21.80 5.12 2.53 4.89 -0.89 -0.04 -0.08 -3.62 -2.92 0.00 0.00 0.00 -5.72 0.16 0.28 -5.42 0.13 -0.25 -5.85 0.14 -0.27 -5.85 0.14 -0.27 -6.21 2.07 0.72 -5.29 1.76 0.63 5.49 5.17 2.61 -5.05 -8.82 81.84 9.45 11.35 0.29 -6.71 18.45 -3.68 -0.10 17.70 -0.08 -7.15 7.05 4.68 -8.97 9.63 8.61 0.00 0.00 0.00 2.00 -0.01 0.26 -0.01 -0.16 4.56 -0.01 -0.08 2.27 0.00 0.00 0.00 -0.00 -0.00 0.43 -0.00 0.00 6.69 0.00 -0.00 3.35 0.00 0.00 0.00 -2.00 0.04 1.16 0.11 0.45 13.29 0.09 0.22 6.81 0.00 0.00 0.00 -4.00 0.04 0.61 0.10 0.59 8.59 0.07 0.29 4.33 5.90 3.93 -2.95 0.02 -5.31 -81.45 -9.92 15.39 -1.97 1.07 17.49 5.56 -0.02 3.47 -0.02 1.20 1.41 -1.48 1.72 2.12 -2.27 -0.00 -0.00 -0.00 -2.00 -0.01 -0.21 0.01 -0.13 -3.73 0.01 -0.06 -1.85 -0.00 -0.00 -0.00 -0.00 0.00 -0.31 0.00 -0.00 -5.19 -0.00 0.00 -2.59 -0.00 -0.00 -0.00 2.00 0.02 -0.43 -0.03 0.23 -6.70 -0.02 0.12 -3.36 -0.00 -0.00 -0.00 4.00 0.01 -0.20 -0.02 0.25 -3.65 -0.01 0.13 -1.81
-43.4358 -0.3142 -58.1301 145.59 -0.05 -0.00 -16.26 2.84 -1.06 -0.49 2.32 -0.01 10.20 -5.22 0.16 0.00 -0.00 -0.00 -21.80 5.12 2.53 4.89 -0.90 -0.04 -0.08 -3.62 -2.92 -0.00 -0.00 -0.00 -5.72 0.16 0.29 -5.42 0.13 -0.25 -5.85 0.14 -0.27 -5.85 0.14 -0.27 -6.21 2.07 0.72 -5.29 1.76 0.63 5.49 5.17 2.61 -5.05 -8.82 81.84 9.45 11.35 0.29 -6.71 18.45 -3.68 -0.10 17.70 -0.08 -7.15 7.05 4.68 -8.97 9.63 8.61 0.00 0.00 0.00 2.00 -0.01 0.26 -0.01 -0.16 4.56 -0.01 -0.08 2.27 0.00 0.00 0.00 -0.00 -0.00 0.43 -0.00 0.00 6.69 0.00 -0.00 3.35 0.00 0.00 0.00 -2.00 0.04 1.16 0.11 0.45 13.29 0.09 0.22 6.81 0.00 0.00 0.00 -4.00 0.04 0.61 0.10 0.59 8.59 0.07 0.29 4.33 5.90 3.93 -2.95 0.02 -5.30 -81.45 -9.92 15.39 -1.97 1.07 17.49 5.56 -0.02 3.47 -0.02 1.20 1.41 -1.48 1.72 2.12 -2.27 -0.00 -0.00 -0.00 -2.00 -0.01 -0.21 0.01 -0.13 -3.73 0.01 -0.06 -1.85 -0.00 -0.00 -0.00 -0.00 0.00 -0.31 0.00 -0.00 -5.19 -0.00 0.00 -2.59 -0.00 -0.00 -0.00 2.00 0.02 -0.43 -0.03 0.23 -6.70 -0.02 0.12 -3.36 -0.00 -0.00 -0.00 4.00 0.01 -0.20 -0.02 0.25 -3.65 -0.01 0.13 -1.81
-43.4387 -0.3146 -58.1265 145.59 -0.05 -0.00 -16.26 2.84 -1.06 -0.49 2.32 -0.01 10.20 -5.22 0.16 0.00 -0.00 -0.00 -21.80 5.12 2.53 4.89 -0.90 -0.04 -0.08 -3.62 -2.92 0.00 0.00 -0.00 -5.72 0.16 0.29 -5.42 0.13 -0.26 -5.85 0.14 -0.28 -5.85 0.14 -0.28 -6.21 2.07 0.72 -5.29 1.76 0.63 5.49 5.16 2.62 -5.05 -8.82 81.84 9.45 11.35 0.29 -6.71 18.45 -3.68 -0.10 17.70 -0.08 -7.15 7.05 4.68 -8.97 9.63 8.61 0.00 0.00 0.00 2.00 -0.01 0.26 -0.01 -0.16 4.56 -0.01 -0.08 2.27 0.00 0.00 0.00 -0.00 -0.00 0.43 -0.00 0.00 6.69 0.00 -0.00 3.35 0.00 0.00 0.00 -2.00 0.04 1.16 0.11 0.45 13.29 0.09 0.22 6.81 0.00 0.00 0.00 -4.00 0.04 0.61 0.10 0.59 8.59 0.07 0.29 4.33 5.90 3.92 -2.95 0.02 -5.29 -81.45 -9.93 15.39 -1.97 1.07 17.49 5.56 -0.02 3.47 -0.02 1.20 1.41 -1.48 1.72 2.12 -2.27 -0.00 -0.00 -0.00 -2.00 -0.01 -0.21 0.01 -0.13 -3.73 0.01 -0.06 -1.85 -0.00 -0.00 -0.00 -0.00 0.00 -0.31 0.00 -0.00 -5.19 -0.00 0.00 -2.59 -0.00 -0.00 -0.00 2.00 0.02 -0.43 -0.03 0.23 -6.70 -0.02 0.12 -3.36 -0.00 -0.00 -0.00 4.00 0.01 -0.20 -0.02 0.25 -3.65 -0.01 0.13 -1.81
-43.4423 -0.3139 -58.1236 145.59 -0.05 -0.00 -16.26 2.84 -1.06 -0.49 2.32 -0.01 10.20 -5.22 0.16 0.00 0.00 -0.00 -21.80 5.12 2.53 4.89 -0.90 -0.04 -0.08 -3.61 -2.92 0.00 0.00 0.00 -5.72 0.16 0.30 -5.42 0.13 -0.26 -5.85 0.14 -0.28 -5.85 0.14 -0.28 -6.21 2.07 0.72 -5.29 1.76 0.63 5.49 5.16 2.62 -5.05 -8.82 81.84 9.45 11.35 0.29 -6.71 18.45 -3.68 -0.10 17.70 -0.08 -7.15 7.05 4.68 -8.97 9.63 8.61 0.00 0.00 0.00 2.00 -0.01 0.26 -0.01 -0.16 4.56 -0.01 -0.08 2.27 0.00 0.00 0.00 -0.00 -0.00 0.43 -0.00 0.00 6.69 0.00 -0.00 3.35 0.00 0.00 0.00 -2.00 0.04 1.16 0.11 0.45 13.29 0.09 0.22 6.81 0.00 0.00 0.00 -4.00 0.04 0.61 0.10 0.59 8.59 0.07 0.29 4.33 5.90 3.91 -2.96 0.02 -5.28 -81.45 -9.93 15.39 -1.97 1.07 17.50 5.56 -0.02 3.47 -0.02 1.20 1.41 -1.48 1.72 2.12 -2.27 -0.00 -0.00 -0.00 -2.00 -0.01 -0.21 0.01 -0.13 -3.73 0.01 -0.06 -1.85 -0.00 -0.00 -0.00 -0.00 0.00 -0.31 0.00 -0.00 -5.19 -0.00 0.00 -2.59 -0.00 -0.00 -0.00 2.00 0.02 -0.43 -0.03 0.23 -6.70 -0.02 0.12 -3.36 -0.00 -0.00 -0.00 4.00 0.01 -0.20 -0.02 0.25 -3.65 -0.01 0.13 -1.81
