HIERARCHY
ROOT Hips
{
OFFSET 0.0000 111.0000 0.0000
CHANNELS 6 Xposition Yposition Zposition Yrotation Xrotation Zrotation
	JOINT RightUpperLeg
	{
		OFFSET -10.5000 -8.8000 0.0000
		CHANNELS 3 Yrotation Xrotation Zrotation
		JOINT RightLowerLeg
		{
			OFFSET 0.0000 -45.6000 0.0000
			CHANNELS 3 Yrotation Xrotation Zrotation
			JOINT RightFoot
			{
				OFFSET 0.0000 -46.7000 0.0000
				CHANNELS 3 Yrotation Xrotation Zrotation
				JOINT RightToe
				{
					OFFSET 0.0000 -8.0000 12.1000
					CHANNELS 3 Yrotation Xrotation Zrotation
					End Site
					{
						OFFSET 0.0000 0.0000 2.4200
					}
				}
			}
		}
	}
	JOINT LeftUpperLeg
	{
		OFFSET 10.5000 -8.8000 0.0000
		CHANNELS 3 Yrotation Xrotation Zrotation
		JOINT LeftLowerLeg
		{
			OFFSET 0.0000 -45.6000 0.0000
			CHANNELS 3 Yrotation Xrotation Zrotation
			JOINT LeftFoot
			{
				OFFSET 0.0000 -46.7000 0.0000
				CHANNELS 3 Yrotation Xrotation Zrotation
				JOINT LeftToe
				{
					OFFSET 0.0000 -8.0000 12.1000
					CHANNELS 3 Yrotation Xrotation Zrotation
					End Site
					{
						OFFSET 0.0000 0.0000 2.4200
					}
				}
			}
		}
	}
	JOINT Spine
	{
		OFFSET 0.0000 9.7000 0.0000
		CHANNELS 3 Yrotation Xrotation Zrotation
		JOINT Spine1
		{
			OFFSET 0.0000 11.2000 0.0000
			CHANNELS 3 Yrotation Xrotation Zrotation
			JOINT Spine2
			{
				OFFSET 0.0000 12.1000 0.0000
				CHANNELS 3 Yrotation Xrotation Zrotation
				JOINT Spine3
				{
					OFFSET 0.0000 11.7000 1.2000
					CHANNELS 3 Yrotation Xrotation Zrotation
					JOINT Neck
					{
						OFFSET 0.0000 12.0000 -1.2000
						CHANNELS 3 Yrotation Xrotation Zrotation
						JOINT Head
						{
							OFFSET 0.0000 10.0000 0.0000
							CHANNELS 3 Yrotation Xrotation Zrotation
							End Site
							{
								OFFSET 0.0000 20.0000 0.0000
							}
						}
					}
					JOINT RightShoulder
					{
						OFFSET -4.9000 4.0000 -1.2000
						CHANNELS 3 Yrotation Xrotation Zrotation
						JOINT RightUpperArm
						{
							OFFSET -15.6000 0.0000 0.0000
							CHANNELS 3 Yrotation Xrotation Zrotation
							JOINT RightLowerArm
							{
								OFFSET -25.9000 0.0000 0.0000
								CHANNELS 3 Yrotation Xrotation Zrotation
								JOINT RightHand
								{
									OFFSET -28.4000 0.0000 0.0000
									CHANNELS 3 Yrotation Xrotation Zrotation
									JOINT RightThumbFinger
									{
										OFFSET -3.4000 0.3000 4.2000
										CHANNELS 3 Yrotation Xrotation Zrotation
										JOINT RightThumbFinger1
										{
											OFFSET -3.5000 0.0000 3.5000
											CHANNELS 3 Yrotation Xrotation Zrotation
											JOINT RightThumbFinger2
											{
												OFFSET -2.5000 0.0000 2.4000
												CHANNELS 3 Yrotation Xrotation Zrotation
												End Site
												{
													OFFSET -2.1450 0.0000 2.0592
												}
											}
										}
									}
									JOINT RightIndexFinger
									{
										OFFSET -4.4000 0.7000 2.6000
										CHANNELS 3 Yrotation Xrotation Zrotation
										JOINT RightIndexFinger1
										{
											OFFSET -7.0000 -0.1000 1.4000
											CHANNELS 3 Yrotation Xrotation Zrotation
											JOINT RightIndexFinger2
											{
												OFFSET -5.0000 -0.2000 0.0000
												CHANNELS 3 Yrotation Xrotation Zrotation
												JOINT RightIndexFinger3
												{
													OFFSET -2.7000 -0.2000 0.0000
													CHANNELS 3 Yrotation Xrotation Zrotation
													End Site
													{
														OFFSET -2.3814 -0.1764 0.0000
													}
												}
											}
										}
									}
									JOINT RightMiddleFinger
									{
										OFFSET -4.6000 0.7000 1.0000
										CHANNELS 3 Yrotation Xrotation Zrotation
										JOINT RightMiddleFinger1
										{
											OFFSET -7.0000 -0.1000 0.4000
											CHANNELS 3 Yrotation Xrotation Zrotation
											JOINT RightMiddleFinger2
											{
												OFFSET -5.3000 -0.3000 0.0000
												CHANNELS 3 Yrotation Xrotation Zrotation
												JOINT RightMiddleFinger3
												{
													OFFSET -3.4000 -0.3000 0.0000
													CHANNELS 3 Yrotation Xrotation Zrotation
													End Site
													{
														OFFSET -2.9988 -0.2646 0.0000
													}
												}
											}
										}
									}
									JOINT RightRingFinger
									{
										OFFSET -4.5000 0.8000 -0.1000
										CHANNELS 3 Yrotation Xrotation Zrotation
										JOINT RightRingFinger1
										{
											OFFSET -6.3000 -0.1000 -0.7000
											CHANNELS 3 Yrotation Xrotation Zrotation
											JOINT RightRingFinger2
											{
												OFFSET -4.7000 -0.4000 0.0000
												CHANNELS 3 Yrotation Xrotation Zrotation
												JOINT RightRingFinger3
												{
													OFFSET -3.2000 -0.3000 0.0000
													CHANNELS 3 Yrotation Xrotation Zrotation
													End Site
													{
														OFFSET -2.8224 -0.2646 0.0000
													}
												}
											}
										}
									}
									JOINT RightPinkyFinger
									{
										OFFSET -4.3000 0.7000 -1.6000
										CHANNELS 3 Yrotation Xrotation Zrotation
										JOINT RightPinkyFinger1
										{
											OFFSET -5.6000 -0.1000 -1.5000
											CHANNELS 3 Yrotation Xrotation Zrotation
											JOINT RightPinkyFinger2
											{
												OFFSET -3.7000 -0.2000 0.0000
												CHANNELS 3 Yrotation Xrotation Zrotation
												JOINT RightPinkyFinger3
												{
													OFFSET -2.4000 -0.1000 0.0000
													CHANNELS 3 Yrotation Xrotation Zrotation
													End Site
													{
														OFFSET -2.1168 -0.0882 0.0000
													}
												}
											}
										}
									}
								}
							}
						}
					}
					JOINT LeftShoulder
					{
						OFFSET 4.9000 4.0000 -1.2000
						CHANNELS 3 Yrotation Xrotation Zrotation
						JOINT LeftUpperArm
						{
							OFFSET 15.6000 0.0000 0.0000
							CHANNELS 3 Yrotation Xrotation Zrotation
							JOINT LeftLowerArm
							{
								OFFSET 25.9000 0.0000 0.0000
								CHANNELS 3 Yrotation Xrotation Zrotation
								JOINT LeftHand
								{
									OFFSET 28.4000 0.0000 0.0000
									CHANNELS 3 Yrotation Xrotation Zrotation
									JOINT LeftThumbFinger
									{
										OFFSET 3.4000 0.3000 4.2000
										CHANNELS 3 Yrotation Xrotation Zrotation
										JOINT LeftThumbFinger1
										{
											OFFSET 3.5000 0.0000 3.5000
											CHANNELS 3 Yrotation Xrotation Zrotation
											JOINT LeftThumbFinger2
											{
												OFFSET 2.5000 0.0000 2.5000
												CHANNELS 3 Yrotation Xrotation Zrotation
												End Site
												{
													OFFSET 2.1450 0.0000 2.1450
												}
											}
										}
									}
									JOINT LeftIndexFinger
									{
										OFFSET 4.4000 0.7000 2.6000
										CHANNELS 3 Yrotation Xrotation Zrotation
										JOINT LeftIndexFinger1
										{
											OFFSET 7.0000 -0.1000 1.4000
											CHANNELS 3 Yrotation Xrotation Zrotation
											JOINT LeftIndexFinger2
											{
												OFFSET 5.0000 -0.2000 0.0000
												CHANNELS 3 Yrotation Xrotation Zrotation
												JOINT LeftIndexFinger3
												{
													OFFSET 2.7000 -0.2000 0.0000
													CHANNELS 3 Yrotation Xrotation Zrotation
													End Site
													{
														OFFSET 2.3814 -0.1764 0.0000
													}
												}
											}
										}
									}
									JOINT LeftMiddleFinger
									{
										OFFSET 4.6000 0.7000 1.0000
										CHANNELS 3 Yrotation Xrotation Zrotation
										JOINT LeftMiddleFinger1
										{
											OFFSET 7.0000 -0.1000 0.4000
											CHANNELS 3 Yrotation Xrotation Zrotation
											JOINT LeftMiddleFinger2
											{
												OFFSET 5.3000 -0.3000 0.0000
												CHANNELS 3 Yrotation Xrotation Zrotation
												JOINT LeftMiddleFinger3
												{
													OFFSET 3.4000 -0.3000 0.0000
													CHANNELS 3 Yrotation Xrotation Zrotation
													End Site
													{
														OFFSET 2.9988 -0.2646 0.0000
													}
												}
											}
										}
									}
									JOINT LeftRingFinger
									{
										OFFSET 4.5000 0.8000 -0.1000
										CHANNELS 3 Yrotation Xrotation Zrotation
										JOINT LeftRingFinger1
										{
											OFFSET 6.3000 -0.1000 -0.7000
											CHANNELS 3 Yrotation Xrotation Zrotation
											JOINT LeftRingFinger2
											{
												OFFSET 4.7000 -0.3000 0.0000
												CHANNELS 3 Yrotation Xrotation Zrotation
												JOINT LeftRingFinger3
												{
													OFFSET 3.2000 -0.2000 0.0000
													CHANNELS 3 Yrotation Xrotation Zrotation
													End Site
													{
														OFFSET 2.8224 -0.1764 0.0000
													}
												}
											}
										}
									}
									JOINT LeftPinkyFinger
									{
										OFFSET 4.3000 0.7000 -1.6000
										CHANNELS 3 Yrotation Xrotation Zrotation
										JOINT LeftPinkyFinger1
										{
											OFFSET 5.6000 -0.1000 -1.5000
											CHANNELS 3 Yrotation Xrotation Zrotation
											JOINT LeftPinkyFinger2
											{
												OFFSET 3.7000 -0.2000 0.1000
												CHANNELS 3 Yrotation Xrotation Zrotation
												JOINT LeftPinkyFinger3
												{
													OFFSET 2.4000 -0.1000 -0.1000
													CHANNELS 3 Yrotation Xrotation Zrotation
													End Site
													{
														OFFSET 2.1168 -0.0882 -0.0882
													}
												}
											}
										}
									}
								}
							}
						}
					}
				}
			}
		}
	}
}
MOTION
Frames: 420
Frame Time: 0.0166667
0.00 111.00 0.00 0.00 0.00 0.00 0.00 0.00 0.00 0.00 0.00 0.00 0.00 0.00 0.00 0.00 0.00 0.00 0.00 0.00 0.00 0.00 0.00 0.00 0.00 0.00 0.00 0.00 0.00 0.00 0.00 0.00 0.00 0.00 0.00 0.00 0.00 0.00 0.00 0.00 0.00 0.00 0.00 0.00 0.00 0.00 0.00 0.00 0.00 0.00 0.00 0.00 0.00 0.00 0.00 0.00 0.00 0.00 0.00 0.00 0.00 0.00 0.00 0.00 0.00 0.00 0.00 0.00 0.00 0.00 0.00 0.00 0.00 0.00 0.00 0.00 0.00 0.00 0.00 0.00 0.00 0.00 0.00 0.00 0.00 0.00 0.00 0.00 0.00 0.00 0.00 0.00 0.00 0.00 0.00 0.00 0.00 0.00 0.00 0.00 0.00 0.00 0.00 0.00 0.00 0.00 0.00 0.00 0.00 0.00 0.00 0.00 0.00 0.00 0.00 0.00 0.00 0.00 0.00 0.00 0.00 0.00 0.00 0.00 0.00 0.00 0.00 0.00 0.00 0.00 0.00 0.00 0.00 0.00 0.00 0.00 0.00 0.00 0.00 0.00 0.00 0.00 0.00 0.00 0.00 0.00 0.00 0.00 0.00 0.00 0.00 0.00 0.00 0.00 0.00 0.00 0.00 0.00 0.00 0.00 0.00 0.00 0.00 0.00 0.00 0.00 0.00 0.00 0.00 0.00 0.00 0.00 0.00 0.00 0.00 0.00 0.00 0.00 0.00 0.00 0.00 0.00 0.00 0.00 0.00 0.00
-0.0000 0.0168 0.0000 0.00 -0.00 0.00 0.00 -0.00 0.00 0.00 -0.00 0.00 0.00 -0.00 0.00 0.00 -0.00 0.00 0.00 -0.00 0.00 0.00 -0.00 0.00 0.00 -0.00 0.00 0.00 -0.00 0.00 0.00 -0.00 0.00 0.00 -0.00 0.00 0.00 -0.00 0.00 0.00 -0.00 0.00 0.00 -0.00 0.00 0.00 -0.00 0.00 0.00 -0.00 0.00 0.00 -0.00 0.00 0.00 -0.00 0.00 0.00 -0.00 0.00 0.00 -0.00 0.00 0.00 -0.00 0.00 0.00 -0.00 0.00 0.00 -0.00 0.00 0.00 -0.00 0.00 0.00 -0.00 0.00 0.00 -0.00 0.00 0.00 -0.00 0.00 0.00 -0.00 0.00 0.00 -0.00 0.00 0.00 -0.00 0.00 0.00 -0.00 0.00 0.00 -0.00 0.00 0.00 -0.00 0.00 0.00 -0.00 0.00 0.00 -0.00 0.00 0.00 -0.00 0.00 0.00 -0.00 0.00 0.00 -0.00 0.00 0.00 -0.00 0.00 0.00 -0.00 0.00 0.00 -0.00 0.00 94.39 0.18 -156.33 0.01 -25.00 0.03 -11.23 0.58 43.47 -20.47 30.26 42.41 0.00 0.00 -0.00 -0.00 -0.00 -90.00 0.00 0.00 -100.00 -0.00 0.00 -80.00 0.00 0.00 -0.00 -0.00 -0.00 -90.00 0.00 0.00 -100.00 -0.00 0.00 -80.00 0.00 0.00 -0.00 -0.00 -0.00 -90.00 0.00 0.00 -100.00 -0.00 0.00 -80.00 0.00 0.00 -0.00 4.00 0.01 -0.08 -0.00 0.11 -1.57 -0.00 0.05 -0.77
-0.0000 0.0157 0.0000 0.00 -0.00 0.00 0.00 -0.00 0.00 0.00 -0.00 0.00 0.00 -0.00 0.00 0.00 -0.00 0.00 0.00 -0.00 0.00 0.00 -0.00 0.00 0.00 -0.00 0.00 0.00 -0.00 0.00 0.00 -0.00 0.00 0.00 -0.00 0.00 0.00 -0.00 0.00 0.00 -0.00 0.00 0.00 -0.00 0.00 0.00 -0.00 0.00 0.00 -0.00 0.00 0.00 -0.00 0.00 0.00 -0.00 0.00 0.00 -0.00 0.00 0.00 -0.00 0.00 0.00 -0.00 0.00 0.00 -0.00 0.00 0.00 -0.00 0.00 0.00 -0.00 0.00 0.00 -0.00 0.00 0.00 -0.00 0.00 0.00 -0.00 0.00 0.00 -0.00 0.00 0.00 -0.00 0.00 0.00 -0.00 0.00 0.00 -0.00 0.00 0.00 -0.00 0.00 0.00 -0.00 0.00 0.00 -0.00 0.00 0.00 -0.00 0.00 0.00 -0.00 0.00 0.00 -0.00 0.00 0.00 -0.00 0.00 0.00 -0.00 0.00 0.00 -0.00 0.00 0.00 -0.00 0.00 94.39 0.18 -156.33 0.01 -25.00 0.03 -11.23 0.58 43.47 -20.47 30.26 42.41 0.00 0.00 -0.00 -0.00 -0.00 -90.00 0.00 0.00 -100.00 -0.00 0.00 -80.00 0.00 0.00 -0.00 -0.00 -0.00 -90.00 0.00 0.00 -100.00 -0.00 0.00 -80.00 0.00 0.00 -0.00 -0.00 -0.00 -90.00 0.00 0.00 -100.00 -0.00 0.00 -80.00 0.00 0.00 -0.00 4.00 0.01 -0.08 -0.00 0.11 -1.57 -0.00 0.05 -0.77
-0.0000 0.0156 0.0000 0.00 -0.00 0.00 0.00 -0.00 0.00 0.00 -0.00 0.00 0.00 -0.00 0.00 0.00 -0.00 0.00 0.00 -0.00 0.00 0.00 -0.00 0.00 0.00 -0.00 0.00 0.00 -0.00 0.00 0.00 -0.00 0.00 0.00 -0.00 0.00 0.00 -0.00 0.00 0.00 -0.00 0.00 0.00 -0.00 0.00 0.00 -0.00 0.00 0.00 -0.00 0.00 0.00 -0.00 0.00 0.00 -0.00 0.00 0.00 -0.00 0.00 0.00 -0.00 0.00 0.00 -0.00 0.00 0.00 -0.00 0.00 0.00 -0.00 0.00 0.00 -0.00 0.00 0.00 -0.00 0.00 0.00 -0.00 0.00 0.00 -0.00 0.00 0.00 -0.00 0.00 0.00 -0.00 0.00 0.00 -0.00 0.00 0.00 -0.00 0.00 0.00 -0.00 0.00 0.00 -0.00 0.00 0.00 -0.00 0.00 0.00 -0.00 0.00 0.00 -0.00 0.00 0.00 -0.00 0.00 0.00 -0.00 0.00 0.00 -0.00 0.00 0.00 -0.00 0.00 0.00 -0.00 0.00 94.39 0.18 -156.33 0.01 -25.00 0.03 -11.23 0.58 43.47 -20.47 30.26 42.41 0.00 0.00 -0.00 -0.00 -0.00 -90.00 0.00 0.00 -100.00 -0.00 0.00 -80.00 0.00 0.00 -0.00 -0.00 -0.00 -90.00 0.00 0.00 -100.00 -0.00 0.00 -80.00 0.00 0.00 -0.00 -0.00 -0.00 -90.00 0.00 0.00 -100.00 -0.00 0.00 -80.00 0.00 0.00 -0.00 4.00 0.01 -0.08 -0.00 0.11 -1.57 -0.00 0.05 -0.77
-0.0000 0.0165 0.0000 0.00 -0.00 0.00 0.00 -0.00 0.00 0.00 -0.00 0.00 0.00 -0.00 0.00 0.00 -0.00 0.00 0.00 -0.00 0.00 0.00 -0.00 0.00 0.00 -0.00 0.00 0.00 -0.00 0.00 0.00 -0.00 0.00 0.00 -0.00 0.00 0.00 -0.00 0.00 0.00 -0.00 0.00 0.00 -0.00 0.00 0.00 -0.00 0.00 0.00 -0.00 0.00 0.00 -0.00 0.00 0.00 -0.00 0.00 0.00 -0.00 0.00 0.00 -0.00 0.00 0.00 -0.00 0.00 0.00 -0.00 0.00 0.00 -0.00 0.00 0.00 -0.00 0.00 0.00 -0.00 0.00 0.00 -0.00 0.00 0.00 -0.00 0.00 0.00 -0.00 0.00 0.00 -0.00 0.00 0.00 -0.00 0.00 0.00 -0.00 0.00 0.00 -0.00 0.00 0.00 -0.00 0.00 0.00 -0.00 0.00 0.00 -0.00 0.00 0.00 -0.00 0.00 0.00 -0.00 0.00 0.00 -0.00 0.00 0.00 -0.00 0.00 0.00 -0.00 0.00 0.00 -0.00 0.00 94.39 0.18 -156.33 0.01 -25.00 0.03 -11.23 0.58 43.47 -20.47 30.26 42.41 0.00 0.00 -0.00 -0.00 -0.00 -90.00 0.00 0.00 -100.00 -0.00 0.00 -80.00 0.00 0.00 -0.00 -0.00 -0.00 -90.00 0.00 0.00 -100.00 -0.00 0.00 -80.00 0.00 0.00 -0.00 -0.00 -0.00 -90.00 0.00 0.00 -100.00 -0.00 0.00 -80.00 0.00 0.00 -0.00 4.00 0.01 -0.08 -0.00 0.11 -1.57 -0.00 0.05 -0.77
-0.0000 0.0161 0.0000 0.00 -0.00 0.00 0.00 -0.00 0.00 0.00 -0.00 0.00 0.00 -0.00 0.00 0.00 -0.00 0.00 0.00 -0.00 0.00 0.00 -0.00 0.00 0.00 -0.00 0.00 0.00 -0.00 0.00 0.00 -0.00 0.00 0.00 -0.00 0.00 0.00 -0.00 0.00 0.00 -0.00 0.00 0.00 -0.00 0.00 0.00 -0.00 0.00 0.00 -0.00 0.00 0.00 -0.00 0.00 0.00 -0.00 0.00 0.00 -0.00 0.00 0.00 -0.00 0.00 0.00 -0.00 0.00 0.00 -0.00 0.00 0.00 -0.00 0.00 0.00 -0.00 0.00 0.00 -0.00 0.00 0.00 -0.00 0.00 0.00 -0.00 0.00 0.00 -0.00 0.00 0.00 -0.00 0.00 0.00 -0.00 0.00 0.00 -0.00 0.00 0.00 -0.00 0.00 0.00 -0.00 0.00 0.00 -0.00 0.00 0.00 -0.00 0.00 0.00 -0.00 0.00 0.00 -0.00 0.00 0.00 -0.00 0.00 0.00 -0.00 0.00 0.00 -0.00 0.00 0.00 -0.00 0.00 94.39 0.18 -156.33 0.01 -25.00 0.03 -11.23 0.58 43.47 -20.47 30.26 42.41 0.00 0.00 -0.00 -0.00 -0.00 -90.00 0.00 0.00 -100.00 -0.00 0.00 -80.00 0.00 0.00 -0.00 -0.00 -0.00 -90.00 0.00 0.00 -100.00 -0.00 0.00 -80.00 0.00 0.00 -0.00 -0.00 -0.00 -90.00 0.00 0.00 -100.00 -0.00 0.00 -80.00 0.00 0.00 -0.00 4.00 0.01 -0.08 -0.00 0.11 -1.57 -0.00 0.05 -0.77
-0.0000 0.0160 0.0000 0.00 -0.00 0.00 0.00 -0.00 0.00 0.00 -0.00 0.00 0.00 -0.00 0.00 0.00 -0.00 0.00 0.00 -0.00 0.00 0.00 -0.00 0.00 0.00 -0.00 0.00 0.00 -0.00 0.00 0.00 -0.00 0.00 0.00 -0.00 0.00 0.00 -0.00 0.00 0.00 -0.00 0.00 0.00 -0.00 0.00 0.00 -0.00 0.00 0.00 -0.00 0.00 0.00 -0.00 0.00 0.00 -0.00 0.00 0.00 -0.00 0.00 0.00 -0.00 0.00 0.00 -0.00 0.00 0.00 -0.00 0.00 0.00 -0.00 0.00 0.00 -0.00 0.00 0.00 -0.00 0.00 0.00 -0.00 0.00 0.00 -0.00 0.00 0.00 -0.00 0.00 0.00 -0.00 0.00 0.00 -0.00 0.00 0.00 -0.00 0.00 0.00 -0.00 0.00 0.00 -0.00 0.00 0.00 -0.00 0.00 0.00 -0.00 0.00 0.00 -0.00 0.00 0.00 -0.00 0.00 0.00 -0.00 0.00 0.00 -0.00 0.00 0.00 -0.00 0.00 0.00 -0.00 0.00 94.39 0.18 -156.33 0.01 -25.00 0.03 -11.23 0.58 43.47 -20.47 30.26 42.41 0.00 0.00 -0.00 -0.00 -0.00 -90.00 0.00 0.00 -100.00 -0.00 0.00 -80.00 0.00 0.00 -0.00 -0.00 -0.00 -90.00 0.00 0.00 -100.00 -0.00 0.00 -80.00 0.00 0.00 -0.00 -0.00 -0.00 -90.00 0.00 0.00 -100.00 -0.00 0.00 -80.00 0.00 0.00 -0.00 4.00 0.01 -0.08 -0.00 0.11 -1.57 -0.00 0.05 -0.77
-0.0000 0.0165 0.0000 0.00 -0.00 0.00 0.00 -0.00 0.00 0.00 -0.00 0.00 0.00 -0.00 0.00 0.00 -0.00 0.00 0.00 -0.00 0.00 0.00 -0.00 0.00 0.00 -0.00 0.00 0.00 -0.00 0.00 0.00 -0.00 0.00 0.00 -0.00 0.00 0.00 -0.00 0.00 0.00 -0.00 0.00 0.00 -0.00 0.00 0.00 -0.00 0.00 0.00 -0.00 0.00 0.00 -0.00 0.00 0.00 -0.00 0.00 0.00 -0.00 0.00 0.00 -0.00 0.00 0.00 -0.00 0.00 0.00 -0.00 0.00 0.00 -0.00 0.00 0.00 -0.00 0.00 0.00 -0.00 0.00 0.00 -0.00 0.00 0.00 -0.00 0.00 0.00 -0.00 0.00 0.00 -0.00 0.00 0.00 -0.00 0.00 0.00 -0.00 0.00 0.00 -0.00 0.00 0.00 -0.00 0.00 0.00 -0.00 0.00 0.00 -0.00 0.00 0.00 -0.00 0.00 0.00 -0.00 0.00 0.00 -0.00 0.00 0.00 -0.00 0.00 0.00 -0.00 0.00 0.00 -0.00 0.00 94.39 0.18 -156.33 0.01 -25.00 0.03 -11.23 0.58 43.47 -20.47 30.26 42.41 0.00 0.00 -0.00 -0.00 -0.00 -90.00 0.00 0.00 -100.00 -0.00 0.00 -80.00 0.00 0.00 -0.00 -0.00 -0.00 -90.00 0.00 0.00 -100.00 -0.00 0.00 -80.00 0.00 0.00 -0.00 -0.00 -0.00 -90.00 0.00 0.00 -100.00 -0.00 0.00 -80.00 0.00 0.00 -0.00 4.00 0.01 -0.08 -0.00 0.11 -1.57 -0.00 0.05 -0.77
-0.0000 0.0167 0.0000 0.00 -0.00 0.00 0.00 -0.00 0.00 0.00 -0.00 0.00 0.00 -0.00 0.00 0.00 -0.00 0.00 0.00 -0.00 0.00 0.00 -0.00 0.00 0.00 -0.00 0.00 0.00 -0.00 0.00 0.00 -0.00 0.00 0.00 -0.00 0.00 0.00 -0.00 0.00 0.00 -0.00 0.00 0.00 -0.00 0.00 0.00 -0.00 0.00 0.00 -0.00 0.00 0.00 -0.00 0.00 0.00 -0.00 0.00 0.00 -0.00 0.00 0.00 -0.00 0.00 0.00 -0.00 0.00 0.00 -0.00 0.00 0.00 -0.00 0.00 0.00 -0.00 0.00 0.00 -0.00 0.00 0.00 -0.00 0.00 0.00 -0.00 0.00 0.00 -0.00 0.00 0.00 -0.00 0.00 0.00 -0.00 0.00 0.00 -0.00 0.00 0.00 -0.00 0.00 0.00 -0.00 0.00 0.00 -0.00 0.00 0.00 -0.00 0.00 0.00 -0.00 0.00 0.00 -0.00 0.00 0.00 -0.00 0.00 0.00 -0.00 0.00 0.00 -0.00 0.00 0.00 -0.00 0.00 94.39 0.18 -156.33 0.01 -25.00 0.03 -11.23 0.58 43.47 -20.47 30.26 42.41 0.00 0.00 -0.00 -0.00 -0.00 -90.00 0.00 0.00 -100.00 -0.00 0.00 -80.00 0.00 0.00 -0.00 -0.00 -0.00 -90.00 0.00 0.00 -100.00 -0.00 0.00 -80.00 0.00 0.00 -0.00 -0.00 -0.00 -90.00 0.00 0.00 -100.00 -0.00 0.00 -80.00 0.00 0.00 -0.00 4.00 0.01 -0.08 -0.00 0.11 -1.57 -0.00 0.05 -0.77
-0.0000 0.0161 0.0000 0.00 -0.00 0.00 0.00 -0.00 0.00 0.00 -0.00 0.00 0.00 -0.00 0.00 0.00 -0.00 0.00 0.00 -0.00 0.00 0.00 -0.00 0.00 0.00 -0.00 0.00 0.00 -0.00 0.00 0.00 -0.00 0.00 0.00 -0.00 0.00 0.00 -0.00 0.00 0.00 -0.00 0.00 0.00 -0.00 0.00 0.00 -0.00 0.00 0.00 -0.00 0.00 0.00 -0.00 0.00 0.00 -0.00 0.00 0.00 -0.00 0.00 0.00 -0.00 0.00 0.00 -0.00 0.00 0.00 -0.00 0.00 0.00 -0.00 0.00 0.00 -0.00 0.00 0.00 -0.00 0.00 0.00 -0.00 0.00 0.00 -0.00 0.00 0.00 -0.00 0.00 0.00 -0.00 0.00 0.00 -0.00 0.00 0.00 -0.00 0.00 0.00 -0.00 0.00 0.00 -0.00 0.00 0.00 -0.00 0.00 0.00 -0.00 0.00 0.00 -0.00 0.00 0.00 -0.00 0.00 0.00 -0.00 0.00 0.00 -0.00 0.00 0.00 -0.00 0.00 0.00 -0.00 0.00 94.39 0.18 -156.33 0.01 -25.00 0.03 -11.23 0.58 43.47 -20.47 30.26 42.41 0.00 0.00 -0.00 -0.00 -0.00 -90.00 0.00 0.00 -100.00 -0.00 0.00 -80.00 0.00 0.00 -0.00 -0.00 -0.00 -90.00 0.00 0.00 -100.00 -0.00 0.00 -80.00 0.00 0.00 -0.00 -0.00 -0.00 -90.00 0.00 0.00 -100.00 -0.00 0.00 -80.00 0.00 0.00 -0.00 4.00 0.01 -0.08 -0.00 0.11 -1.57 -0.00 0.05 -0.77
-0.0000 0.0161 0.0000 0.00 -0.00 0.00 0.00 -0.00 0.00 0.00 -0.00 0.00 0.00 -0.00 0.00 0.00 -0.00 0.00 0.00 -0.00 0.00 0.00 -0.00 0.00 0.00 -0.00 0.00 0.00 -0.00 0.00 0.00 -0.00 0.00 0.00 -0.00 0.00 0.00 -0.00 0.00 0.00 -0.00 0.00 0.00 -0.00 0.00 0.00 -0.00 0.00 0.00 -0.00 0.00 0.00 -0.00 0.00 0.00 -0.00 0.00 0.00 -0.00 0.00 0.00 -0.00 0.00 0.00 -0.00 0.00 0.00 -0.00 0.00 0.00 -0.00 0.00 0.00 -0.00 0.00 0.00 -0.00 0.00 0.00 -0.00 0.00 0.00 -0.00 0.00 0.00 -0.00 0.00 0.00 -0.00 0.00 0.00 -0.00 0.00 0.00 -0.00 0.00 0.00 -0.00 0.00 0.00 -0.00 0.00 0.00 -0.00 0.00 0.00 -0.00 0.00 0.00 -0.00 0.00 0.00 -0.00 0.00 0.00 -0.00 0.00 0.00 -0.00 0.00 0.00 -0.00 0.00 0.00 -0.00 0.00 94.39 0.18 -156.33 0.01 -25.00 0.03 -11.23 0.58 43.47 -20.47 30.26 42.41 0.00 0.00 -0.00 -0.00 -0.00 -90.00 0.00 0.00 -100.00 -0.00 0.00 -80.00 0.00 0.00 -0.00 -0.00 -0.00 -90.00 0.00 0.00 -100.00 -0.00 0.00 -80.00 0.00 0.00 -0.00 -0.00 -0.00 -90.00 0.00 0.00 -100.00 -0.00 0.00 -80.00 0.00 0.00 -0.00 4.00 0.01 -0.08 -0.00 0.11 -1.57 -0.00 0.05 -0.77
-0.0000 0.0161 0.0000 0.00 -0.00 0.00 0.00 -0.00 0.00 0.00 -0.00 0.00 0.00 -0.00 0.00 0.00 -0.00 0.00 0.00 -0.00 0.00 0.00 -0.00 0.00 0.00 -0.00 0.00 0.00 -0.00 0.00 0.00 -0.00 0.00 0.00 -0.00 0.00 0.00 -0.00 0.00 0.00 -0.00 0.00 0.00 -0.00 0.00 0.00 -0.00 0.00 0.00 -0.00 0.00 0.00 -0.00 0.00 0.00 -0.00 0.00 0.00 -0.00 0.00 0.00 -0.00 0.00 0.00 -0.00 0.00 0.00 -0.00 0.00 0.00 -0.00 0.00 0.00 -0.00 0.00 0.00 -0.00 0.00 0.00 -0.00 0.00 0.00 -0.00 0.00 0.00 -0.00 0.00 0.00 -0.00 0.00 0.00 -0.00 0.00 0.00 -0.00 0.00 0.00 -0.00 0.00 0.00 -0.00 0.00 0.00 -0.00 0.00 0.00 -0.00 0.00 0.00 -0.00 0.00 0.00 -0.00 0.00 0.00 -0.00 0.00 0.00 -0.00 0.00 0.00 -0.00 0.00 0.00 -0.00 0.00 94.39 0.18 -156.33 0.01 -25.00 0.03 -11.23 0.58 43.47 -20.47 30.26 42.41 0.00 0.00 -0.00 -0.00 -0.00 -90.00 0.00 0.00 -100.00 -0.00 0.00 -80.00 0.00 0.00 -0.00 -0.00 -0.00 -90.00 0.00 0.00 -100.00 -0.00 0.00 -80.00 0.00 0.00 -0.00 -0.00 -0.00 -90.00 0.00 0.00 -100.00 -0.00 0.00 -80.00 0.00 0.00 -0.00 4.00 0.01 -0.08 -0.00 0.11 -1.57 -0.00 0.05 -0.77
-0.0000 0.0162 0.0000 0.00 -0.00 0.00 0.00 -0.00 0.00 0.00 -0.00 0.00 0.00 -0.00 0.00 0.00 -0.00 0.00 0.00 -0.00 0.00 0.00 -0.00 0.00 0.00 -0.00 0.00 0.00 -0.00 0.00 0.00 -0.00 0.00 0.00 -0.00 0.00 0.00 -0.00 0.00 0.00 -0.00 0.00 0.00 -0.00 0.00 0.00 -0.00 0.00 0.00 -0.00 0.00 0.00 -0.00 0.00 0.00 -0.00 0.00 0.00 -0.00 0.00 0.00 -0.00 0.00 0.00 -0.00 0.00 0.00 -0.00 0.00 0.00 -0.00 0.00 0.00 -0.00 0.00 0.00 -0.00 0.00 0.00 -0.00 0.00 0.00 -0.00 0.00 0.00 -0.00 0.00 0.00 -0.00 0.00 0.00 -0.00 0.00 0.00 -0.00 0.00 0.00 -0.00 0.00 0.00 -0.00 0.00 0.00 -0.00 0.00 0.00 -0.00 0.00 0.00 -0.00 0.00 0.00 -0.00 0.00 0.00 -0.00 0.00 0.00 -0.00 0.00 0.00 -0.00 0.00 0.00 -0.00 0.00 94.39 0.18 -156.33 0.01 -25.00 0.03 -11.23 0.58 43.47 -20.47 30.26 42.41 0.00 0.00 -0.00 -0.00 -0.00 -90.00 0.00 0.00 -100.00 -0.00 0.00 -80.00 0.00 0.00 -0.00 -0.00 -0.00 -90.00 0.00 0.00 -100.00 -0.00 0.00 -80.00 0.00 0.00 -0.00 -0.00 -0.00 -90.00 0.00 0.00 -100.00 -0.00 0.00 -80.00 0.00 0.00 -0.00 4.00 0.01 -0.08 -0.00 0.11 -1.57 -0.00 0.05 -0.77
-0.0000 0.0164 0.0000 0.00 -0.00 0.00 0.00 -0.00 0.00 0.00 -0.00 0.00 0.00 -0.00 0.00 0.00 -0.00 0.00 0.00 -0.00 0.00 0.00 -0.00 0.00 0.00 -0.00 0.00 0.00 -0.00 0.00 0.00 -0.00 0.00 0.00 -0.00 0.00 0.00 -0.00 0.00 0.00 -0.00 0.00 0.00 -0.00 0.00 0.00 -0.00 0.00 0.00 -0.00 0.00 0.00 -0.00 0.00 0.00 -0.00 0.00 0.00 -0.00 0.00 0.00 -0.00 0.00 0.00 -0.00 0.00 0.00 -0.00 0.00 0.00 -0.00 0.00 0.00 -0.00 0.00 0.00 -0.00 0.00 0.00 -0.00 0.00 0.00 -0.00 0.00 0.00 -0.00 0.00 0.00 -0.00 0.00 0.00 -0.00 0.00 0.00 -0.00 0.00 0.00 -0.00 0.00 0.00 -0.00 0.00 0.00 -0.00 0.00 0.00 -0.00 0.00 0.00 -0.00 0.00 0.00 -0.00 0.00 0.00 -0.00 0.00 0.00 -0.00 0.00 0.00 -0.00 0.00 0.00 -0.00 0.00 94.39 0.18 -156.33 0.01 -25.00 0.03 -11.23 0.58 43.47 -20.47 30.26 42.41 0.00 0.00 -0.00 -0.00 -0.00 -90.00 0.00 0.00 -100.00 -0.00 0.00 -80.00 0.00 0.00 -0.00 -0.00 -0.00 -90.00 0.00 0.00 -100.00 -0.00 0.00 -80.00 0.00 0.00 -0.00 -0.00 -0.00 -90.00 0.00 0.00 -100.00 -0.00 0.00 -80.00 0.00 0.00 -0.00 4.00 0.01 -0.08 -0.00 0.11 -1.57 -0.00 0.05 -0.77
-0.0000 0.0160 0.0000 0.00 -0.00 0.00 0.00 -0.00 0.00 0.00 -0.00 0.00 0.00 -0.00 0.00 0.00 -0.00 0.00 0.00 -0.00 0.00 0.00 -0.00 0.00 0.00 -0.00 0.00 0.00 -0.00 0.00 0.00 -0.00 0.00 0.00 -0.00 0.00 0.00 -0.00 0.00 0.00 -0.00 0.00 0.00 -0.00 0.00 0.00 -0.00 0.00 0.00 -0.00 0.00 0.00 -0.00 0.00 0.00 -0.00 0.00 0.00 -0.00 0.00 0.00 -0.00 0.00 0.00 -0.00 0.00 0.00 -0.00 0.00 0.00 -0.00 0.00 0.00 -0.00 0.00 0.00 -0.00 0.00 0.00 -0.00 0.00 0.00 -0.00 0.00 0.00 -0.00 0.00 0.00 -0.00 0.00 0.00 -0.00 0.00 0.00 -0.00 0.00 0.00 -0.00 0.00 0.00 -0.00 0.00 0.00 -0.00 0.00 0.00 -0.00 0.00 0.00 -0.00 0.00 0.00 -0.00 0.00 0.00 -0.00 0.00 0.00 -0.00 0.00 0.00 -0.00 0.00 0.00 -0.00 0.00 94.39 0.18 -156.33 0.01 -25.00 0.03 -11.23 0.58 43.47 -20.47 30.26 42.41 0.00 0.00 -0.00 -0.00 -0.00 -90.00 0.00 0.00 -100.00 -0.00 0.00 -80.00 0.00 0.00 -0.00 -0.00 -0.00 -90.00 0.00 0.00 -100.00 -0.00 0.00 -80.00 0.00 0.00 -0.00 -0.00 -0.00 -90.00 0.00 0.00 -100.00 -0.00 0.00 -80.00 0.00 0.00 -0.00 4.00 0.01 -0.08 -0.00 0.11 -1.57 -0.00 0.05 -0.77
-0.0000 0.0157 0.0000 0.00 -0.00 0.00 0.00 -0.00 0.00 0.00 -0.00 0.00 0.00 -0.00 0.00 0.00 -0.00 0.00 0.00 -0.00 0.00 0.00 -0.00 0.00 0.00 -0.00 0.00 0.00 -0.00 0.00 0.00 -0.00 0.00 0.00 -0.00 0.00 0.00 -0.00 0.00 0.00 -0.00 0.00 0.00 -0.00 0.00 0.00 -0.00 0.00 0.00 -0.00 0.00 0.00 -0.00 0.00 0.00 -0.00 0.00 0.00 -0.00 0.00 0.00 -0.00 0.00 0.00 -0.00 0.00 0.00 -0.00 0.00 0.00 -0.00 0.00 0.00 -0.00 0.00 0.00 -0.00 0.00 0.00 -0.00 0.00 0.00 -0.00 0.00 0.00 -0.00 0.00 0.00 -0.00 0.00 0.00 -0.00 0.00 0.00 -0.00 0.00 0.00 -0.00 0.00 0.00 -0.00 0.00 0.00 -0.00 0.00 0.00 -0.00 0.00 0.00 -0.00 0.00 0.00 -0.00 0.00 0.00 -0.00 0.00 0.00 -0.00 0.00 0.00 -0.00 0.00 0.00 -0.00 0.00 94.39 0.18 -156.33 0.01 -25.00 0.03 -11.23 0.58 43.47 -20.47 30.26 42.41 0.00 0.00 -0.00 -0.00 -0.00 -90.00 0.00 0.00 -100.00 -0.00 0.00 -80.00 0.00 0.00 -0.00 -0.00 -0.00 -90.00 0.00 0.00 -100.00 -0.00 0.00 -80.00 0.00 0.00 -0.00 -0.00 -0.00 -90.00 0.00 0.00 -100.00 -0.00 0.00 -80.00 0.00 0.00 -0.00 4.00 0.01 -0.08 -0.00 0.11 -1.57 -0.00 0.05 -0.77
-0.0000 0.0162 0.0000 0.00 -0.00 0.00 0.00 -0.00 0.00 0.00 -0.00 0.00 0.00 -0.00 0.00 0.00 -0.00 0.00 0.00 -0.00 0.00 0.00 -0.00 0.00 0.00 -0.00 0.00 0.00 -0.00 0.00 0.00 -0.00 0.00 0.00 -0.00 0.00 0.00 -0.00 0.00 0.00 -0.00 0.00 0.00 -0.00 0.00 0.00 -0.00 0.00 0.00 -0.00 0.00 0.00 -0.00 0.00 0.00 -0.00 0.00 0.00 -0.00 0.00 0.00 -0.00 0.00 0.00 -0.00 0.00 0.00 -0.00 0.00 0.00 -0.00 0.00 0.00 -0.00 0.00 0.00 -0.00 0.00 0.00 -0.00 0.00 0.00 -0.00 0.00 0.00 -0.00 0.00 0.00 -0.00 0.00 0.00 -0.00 0.00 0.00 -0.00 0.00 0.00 -0.00 0.00 0.00 -0.00 0.00 0.00 -0.00 0.00 0.00 -0.00 0.00 0.00 -0.00 0.00 0.00 -0.00 0.00 0.00 -0.00 0.00 0.00 -0.00 0.00 0.00 -0.00 0.00 0.00 -0.00 0.00 94.39 0.18 -156.33 0.01 -25.00 0.03 -11.23 0.58 43.47 -20.47 30.26 42.41 0.00 0.00 -0.00 -0.00 -0.00 -90.00 0.00 0.00 -100.00 -0.00 0.00 -80.00 0.00 0.00 -0.00 -0.00 -0.00 -90.00 0.00 0.00 -100.00 -0.00 0.00 -80.00 0.00 0.00 -0.00 -0.00 -0.00 -90.00 0.00 0.00 -100.00 -0.00 0.00 -80.00 0.00 0.00 -0.00 4.00 0.01 -0.08 -0.00 0.11 -1.57 -0.00 0.05 -0.77
-0.0000 0.0160 0.0000 0.00 -0.00 0.00 0.00 -0.00 0.00 0.00 -0.00 0.00 0.00 -0.00 0.00 0.00 -0.00 0.00 0.00 -0.00 0.00 0.00 -0.00 0.00 0.00 -0.00 0.00 0.00 -0.00 0.00 0.00 -0.00 0.00 0.00 -0.00 0.00 0.00 -0.00 0.00 0.00 -0.00 0.00 0.00 -0.00 0.00 0.00 -0.00 0.00 0.00 -0.00 0.00 0.00 -0.00 0.00 0.00 -0.00 0.00 0.00 -0.00 0.00 0.00 -0.00 0.00 0.00 -0.00 0.00 0.00 -0.00 0.00 0.00 -0.00 0.00 0.00 -0.00 0.00 0.00 -0.00 0.00 0.00 -0.00 0.00 0.00 -0.00 0.00 0.00 -0.00 0.00 0.00 -0.00 0.00 0.00 -0.00 0.00 0.00 -0.00 0.00 0.00 -0.00 0.00 0.00 -0.00 0.00 0.00 -0.00 0.00 0.00 -0.00 0.00 0.00 -0.00 0.00 0.00 -0.00 0.00 0.00 -0.00 0.00 0.00 -0.00 0.00 0.00 -0.00 0.00 0.00 -0.00 0.00 94.39 0.18 -156.33 0.01 -25.00 0.03 -11.23 0.58 43.47 -20.47 30.26 42.41 0.00 0.00 -0.00 -0.00 -0.00 -90.00 0.00 0.00 -100.00 -0.00 0.00 -80.00 0.00 0.00 -0.00 -0.00 -0.00 -90.00 0.00 0.00 -100.00 -0.00 0.00 -80.00 0.00 0.00 -0.00 -0.00 -0.00 -90.00 0.00 0.00 -100.00 -0.00 0.00 -80.00 0.00 0.00 -0.00 4.00 0.01 -0.08 -0.00 0.11 -1.57 -0.00 0.05 -0.77
-0.0000 0.0157 0.0000 0.00 -0.00 0.00 0.00 -0.00 0.00 0.00 -0.00 0.00 0.00 -0.00 0.00 0.00 -0.00 0.00 0.00 -0.00 0.00 0.00 -0.00 0.00 0.00 -0.00 0.00 0.00 -0.00 0.00 0.00 -0.00 0.00 0.00 -0.00 0.00 0.00 -0.00 0.00 0.00 -0.00 0.00 0.00 -0.00 0.00 0.00 -0.00 0.00 0.00 -0.00 0.00 0.00 -0.00 0.00 0.00 -0.00 0.00 0.00 -0.00 0.00 0.00 -0.00 0.00 0.00 -0.00 0.00 0.00 -0.00 0.00 0.00 -0.00 0.00 0.00 -0.00 0.00 0.00 -0.00 0.00 0.00 -0.00 0.00 0.00 -0.00 0.00 0.00 -0.00 0.00 0.00 -0.00 0.00 0.00 -0.00 0.00 0.00 -0.00 0.00 0.00 -0.00 0.00 0.00 -0.00 0.00 0.00 -0.00 0.00 0.00 -0.00 0.00 0.00 -0.00 0.00 0.00 -0.00 0.00 0.00 -0.00 0.00 0.00 -0.00 0.00 0.00 -0.00 0.00 0.00 -0.00 0.00 94.39 0.18 -156.33 0.01 -25.00 0.03 -11.23 0.58 43.47 -20.47 30.26 42.41 0.00 0.00 -0.00 -0.00 -0.00 -90.00 0.00 0.00 -100.00 -0.00 0.00 -80.00 0.00 0.00 -0.00 -0.00 -0.00 -90.00 0.00 0.00 -100.00 -0.00 0.00 -80.00 0.00 0.00 -0.00 -0.00 -0.00 -90.00 0.00 0.00 -100.00 -0.00 0.00 -80.00 0.00 0.00 -0.00 4.00 0.01 -0.08 -0.00 0.11 -1.57 -0.00 0.05 -0.77
-0.0000 0.0159 0.0000 0.00 -0.00 0.00 0.00 -0.00 0.00 0.00 -0.00 0.00 0.00 -0.00 0.00 0.00 -0.00 0.00 0.00 -0.00 0.00 0.00 -0.00 0.00 0.00 -0.00 0.00 0.00 -0.00 0.00 0.00 -0.00 0.00 0.00 -0.00 0.00 0.00 -0.00 0.00 0.00 -0.00 0.00 0.00 -0.00 0.00 0.00 -0.00 0.00 0.00 -0.00 0.00 0.00 -0.00 0.00 0.00 -0.00 0.00 0.00 -0.00 0.00 0.00 -0.00 0.00 0.00 -0.00 0.00 0.00 -0.00 0.00 0.00 -0.00 0.00 0.00 -0.00 0.00 0.00 -0.00 0.00 0.00 -0.00 0.00 0.00 -0.00 0.00 0.00 -0.00 0.00 0.00 -0.00 0.00 0.00 -0.00 0.00 0.00 -0.00 0.00 0.00 -0.00 0.00 0.00 -0.00 0.00 0.00 -0.00 0.00 0.00 -0.00 0.00 0.00 -0.00 0.00 0.00 -0.00 0.00 0.00 -0.00 0.00 0.00 -0.00 0.00 0.00 -0.00 0.00 0.00 -0.00 0.00 94.39 0.18 -156.33 0.01 -25.00 0.03 -11.23 0.58 43.47 -20.47 30.26 42.41 0.00 0.00 -0.00 -0.00 -0.00 -90.00 0.00 0.00 -100.00 -0.00 0.00 -80.00 0.00 0.00 -0.00 -0.00 -0.00 -90.00 0.00 0.00 -100.00 -0.00 0.00 -80.00 0.00 0.00 -0.00 -0.00 -0.00 -90.00 0.00 0.00 -100.00 -0.00 0.00 -80.00 0.00 0.00 -0.00 4.00 0.01 -0.08 -0.00 0.11 -1.57 -0.00 0.05 -0.77
-0.0000 0.0158 0.0000 0.00 -0.00 0.00 0.00 -0.00 0.00 0.00 -0.00 0.00 0.00 -0.00 0.00 0.00 -0.00 0.00 0.00 -0.00 0.00 0.00 -0.00 0.00 0.00 -0.00 0.00 0.00 -0.00 0.00 0.00 -0.00 0.00 0.00 -0.00 0.00 0.00 -0.00 0.00 0.00 -0.00 0.00 0.00 -0.00 0.00 0.00 -0.00 0.00 0.00 -0.00 0.00 0.00 -0.00 0.00 0.00 -0.00 0.00 0.00 -0.00 0.00 0.00 -0.00 0.00 0.00 -0.00 0.00 0.00 -0.00 0.00 0.00 -0.00 0.00 0.00 -0.00 0.00 0.00 -0.00 0.00 0.00 -0.00 0.00 0.00 -0.00 0.00 0.00 -0.00 0.00 0.00 -0.00 0.00 0.00 -0.00 0.00 0.00 -0.00 0.00 0.00 -0.00 0.00 0.00 -0.00 0.00 0.00 -0.00 0.00 0.00 -0.00 0.00 0.00 -0.00 0.00 0.00 -0.00 0.00 0.00 -0.00 0.00 0.00 -0.00 0.00 0.00 -0.00 0.00 0.00 -0.00 0.00 94.39 0.18 -156.33 0.01 -25.00 0.03 -11.23 0.58 43.47 -20.47 30.26 42.41 0.00 0.00 -0.00 -0.00 -0.00 -90.00 0.00 0.00 -100.00 -0.00 0.00 -80.00 0.00 0.00 -0.00 -0.00 -0.00 -90.00 0.00 0.00 -100.00 -0.00 0.00 -80.00 0.00 0.00 -0.00 -0.00 -0.00 -90.00 0.00 0.00 -100.00 -0.00 0.00 -80.00 0.00 0.00 -0.00 4.00 0.01 -0.08 -0.00 0.11 -1.57 -0.00 0.05 -0.77
-0.0000 0.0164 0.0000 0.00 -0.00 0.00 0.00 -0.00 0.00 0.00 -0.00 0.00 0.00 -0.00 0.00 0.00 -0.00 0.00 0.00 -0.00 0.00 0.00 -0.00 0.00 0.00 -0.00 0.00 0.00 -0.00 0.00 0.00 -0.00 0.00 0.00 -0.00 0.00 0.00 -0.00 0.00 0.00 -0.00 0.00 0.00 -0.00 0.00 0.00 -0.00 0.00 0.00 -0.00 0.00 0.00 -0.00 0.00 0.00 -0.00 0.00 0.00 -0.00 0.00 0.00 -0.00 0.00 0.00 -0.00 0.00 0.00 -0.00 0.00 0.00 -0.00 0.00 0.00 -0.00 0.00 0.00 -0.00 0.00 0.00 -0.00 0.00 0.00 -0.00 0.00 0.00 -0.00 0.00 0.00 -0.00 0.00 0.00 -0.00 0.00 0.00 -0.00 0.00 0.00 -0.00 0.00 0.00 -0.00 0.00 0.00 -0.00 0.00 0.00 -0.00 0.00 0.00 -0.00 0.00 0.00 -0.00 0.00 0.00 -0.00 0.00 0.00 -0.00 0.00 0.00 -0.00 0.00 0.00 -0.00 0.00 94.39 0.18 -156.33 0.01 -25.00 0.03 -11.23 0.58 43.47 -20.47 30.26 42.41 0.00 0.00 -0.00 -0.00 -0.00 -90.00 0.00 0.00 -100.00 -0.00 0.00 -80.00 0.00 0.00 -0.00 -0.00 -0.00 -90.00 0.00 0.00 -100.00 -0.00 0.00 -80.00 0.00 0.00 -0.00 -0.00 -0.00 -90.00 0.00 0.00 -100.00 -0.00 0.00 -80.00 0.00 0.00 -0.00 4.00 0.01 -0.08 -0.00 0.11 -1.57 -0.00 0.05 -0.77
-0.0000 0.0170 0.0000 0.00 -0.00 0.00 0.00 -0.00 0.00 0.00 -0.00 0.00 0.00 -0.00 0.00 0.00 -0.00 0.00 0.00 -0.00 0.00 0.00 -0.00 0.00 0.00 -0.00 0.00 0.00 -0.00 0.00 0.00 -0.00 0.00 0.00 -0.00 0.00 0.00 -0.00 0.00 0.00 -0.00 0.00 0.00 -0.00 0.00 0.00 -0.00 0.00 0.00 -0.00 0.00 0.00 -0.00 0.00 0.00 -0.00 0.00 0.00 -0.00 0.00 0.00 -0.00 0.00 0.00 -0.00 0.00 0.00 -0.00 0.00 0.00 -0.00 0.00 0.00 -0.00 0.00 0.00 -0.00 0.00 0.00 -0.00 0.00 0.00 -0.00 0.00 0.00 -0.00 0.00 0.00 -0.00 0.00 0.00 -0.00 0.00 0.00 -0.00 0.00 0.00 -0.00 0.00 0.00 -0.00 0.00 0.00 -0.00 0.00 0.00 -0.00 0.00 0.00 -0.00 0.00 0.00 -0.00 0.00 0.00 -0.00 0.00 0.00 -0.00 0.00 0.00 -0.00 0.00 0.00 -0.00 0.00 94.39 0.18 -156.33 0.01 -25.00 0.03 -11.23 0.58 43.47 -20.47 30.26 42.41 0.00 0.00 -0.00 -0.00 -0.00 -90.00 0.00 0.00 -100.00 -0.00 0.00 -80.00 0.00 0.00 -0.00 -0.00 -0.00 -90.00 0.00 0.00 -100.00 -0.00 0.00 -80.00 0.00 0.00 -0.00 -0.00 -0.00 -90.00 0.00 0.00 -100.00 -0.00 0.00 -80.00 0.00 0.00 -0.00 4.00 0.01 -0.08 -0.00 0.11 -1.57 -0.00 0.05 -0.77
-0.0000 0.0165 0.0000 0.00 -0.00 0.00 0.00 -0.00 0.00 0.00 -0.00 0.00 0.00 -0.00 0.00 0.00 -0.00 0.00 0.00 -0.00 0.00 0.00 -0.00 0.00 0.00 -0.00 0.00 0.00 -0.00 0.00 0.00 -0.00 0.00 0.00 -0.00 0.00 0.00 -0.00 0.00 0.00 -0.00 0.00 0.00 -0.00 0.00 0.00 -0.00 0.00 0.00 -0.00 0.00 0.00 -0.00 0.00 0.00 -0.00 0.00 0.00 -0.00 0.00 0.00 -0.00 0.00 0.00 -0.00 0.00 0.00 -0.00 0.00 0.00 -0.00 0.00 0.00 -0.00 0.00 0.00 -0.00 0.00 0.00 -0.00 0.00 0.00 -0.00 0.00 0.00 -0.00 0.00 0.00 -0.00 0.00 0.00 -0.00 0.00 0.00 -0.00 0.00 0.00 -0.00 0.00 0.00 -0.00 0.00 0.00 -0.00 0.00 0.00 -0.00 0.00 0.00 -0.00 0.00 0.00 -0.00 0.00 0.00 -0.00 0.00 0.00 -0.00 0.00 0.00 -0.00 0.00 0.00 -0.00 0.00 94.39 0.18 -156.33 0.01 -25.00 0.03 -11.23 0.58 43.47 -20.47 30.26 42.41 0.00 0.00 -0.00 -0.00 -0.00 -90.00 0.00 0.00 -100.00 -0.00 0.00 -80.00 0.00 0.00 -0.00 -0.00 -0.00 -90.00 0.00 0.00 -100.00 -0.00 0.00 -80.00 0.00 0.00 -0.00 -0.00 -0.00 -90.00 0.00 0.00 -100.00 -0.00 0.00 -80.00 0.00 0.00 -0.00 4.00 0.01 -0.08 -0.00 0.11 -1.57 -0.00 0.05 -0.77
-0.0000 0.0158 0.0000 0.00 -0.00 0.00 0.00 -0.00 0.00 0.00 -0.00 0.00 0.00 -0.00 0.00 0.00 -0.00 0.00 0.00 -0.00 0.00 0.00 -0.00 0.00 0.00 -0.00 0.00 0.00 -0.00 0.00 0.00 -0.00 0.00 0.00 -0.00 0.00 0.00 -0.00 0.00 0.00 -0.00 0.00 0.00 -0.00 0.00 0.00 -0.00 0.00 0.00 -0.00 0.00 0.00 -0.00 0.00 0.00 -0.00 0.00 0.00 -0.00 0.00 0.00 -0.00 0.00 0.00 -0.00 0.00 0.00 -0.00 0.00 0.00 -0.00 0.00 0.00 -0.00 0.00 0.00 -0.00 0.00 0.00 -0.00 0.00 0.00 -0.00 0.00 0.00 -0.00 0.00 0.00 -0.00 0.00 0.00 -0.00 0.00 0.00 -0.00 0.00 0.00 -0.00 0.00 0.00 -0.00 0.00 0.00 -0.00 0.00 0.00 -0.00 0.00 0.00 -0.00 0.00 0.00 -0.00 0.00 0.00 -0.00 0.00 0.00 -0.00 0.00 0.00 -0.00 0.00 0.00 -0.00 0.00 94.39 0.18 -156.33 0.01 -25.00 0.03 -11.23 0.58 43.47 -20.47 30.26 42.41 0.00 0.00 -0.00 -0.00 -0.00 -90.00 0.00 0.00 -100.00 -0.00 0.00 -80.00 0.00 0.00 -0.00 -0.00 -0.00 -90.00 0.00 0.00 -100.00 -0.00 0.00 -80.00 0.00 0.00 -0.00 -0.00 -0.00 -90.00 0.00 0.00 -100.00 -0.00 0.00 -80.00 0.00 0.00 -0.00 4.00 0.01 -0.08 -0.00 0.11 -1.57 -0.00 0.05 -0.77
-0.0000 0.0166 0.0000 0.00 -0.00 0.00 0.00 -0.00 0.00 0.00 -0.00 0.00 0.00 -0.00 0.00 0.00 -0.00 0.00 0.00 -0.00 0.00 0.00 -0.00 0.00 0.00 -0.00 0.00 0.00 -0.00 0.00 0.00 -0.00 0.00 0.00 -0.00 0.00 0.00 -0.00 0.00 0.00 -0.00 0.00 0.00 -0.00 0.00 0.00 -0.00 0.00 0.00 -0.00 0.00 0.00 -0.00 0.00 0.00 -0.00 0.00 0.00 -0.00 0.00 0.00 -0.00 0.00 0.00 -0.00 0.00 0.00 -0.00 0.00 0.00 -0.00 0.00 0.00 -0.00 0.00 0.00 -0.00 0.00 0.00 -0.00 0.00 0.00 -0.00 0.00 0.00 -0.00 0.00 0.00 -0.00 0.00 0.00 -0.00 0.00 0.00 -0.00 0.00 0.00 -0.00 0.00 0.00 -0.00 0.00 0.00 -0.00 0.00 0.00 -0.00 0.00 0.00 -0.00 0.00 0.00 -0.00 0.00 0.00 -0.00 0.00 0.00 -0.00 0.00 0.00 -0.00 0.00 0.00 -0.00 0.00 94.39 0.18 -156.33 0.01 -25.00 0.03 -11.23 0.58 43.47 -20.47 30.26 42.41 0.00 0.00 -0.00 -0.00 -0.00 -90.00 0.00 0.00 -100.00 -0.00 0.00 -80.00 0.00 0.00 -0.00 -0.00 -0.00 -90.00 0.00 0.00 -100.00 -0.00 0.00 -80.00 0.00 0.00 -0.00 -0.00 -0.00 -90.00 0.00 0.00 -100.00 -0.00 0.00 -80.00 0.00 0.00 -0.00 4.00 0.01 -0.08 -0.00 0.11 -1.57 -0.00 0.05 -0.77
-0.0000 0.0170 0.0000 0.00 -0.00 0.00 0.00 -0.00 0.00 0.00 -0.00 0.00 0.00 -0.00 0.00 0.00 -0.00 0.00 0.00 -0.00 0.00 0.00 -0.00 0.00 0.00 -0.00 0.00 0.00 -0.00 0.00 0.00 -0.00 0.00 0.00 -0.00 0.00 0.00 -0.00 0.00 0.00 -0.00 0.00 0.00 -0.00 0.00 0.00 -0.00 0.00 0.00 -0.00 0.00 0.00 -0.00 0.00 0.00 -0.00 0.00 0.00 -0.00 0.00 0.00 -0.00 0.00 0.00 -0.00 0.00 0.00 -0.00 0.00 0.00 -0.00 0.00 0.00 -0.00 0.00 0.00 -0.00 0.00 0.00 -0.00 0.00 0.00 -0.00 0.00 0.00 -0.00 0.00 0.00 -0.00 0.00 0.00 -0.00 0.00 0.00 -0.00 0.00 0.00 -0.00 0.00 0.00 -0.00 0.00 0.00 -0.00 0.00 0.00 -0.00 0.00 0.00 -0.00 0.00 0.00 -0.00 0.00 0.00 -0.00 0.00 0.00 -0.00 0.00 0.00 -0.00 0.00 0.00 -0.00 0.00 94.39 0.18 -156.33 0.01 -25.00 0.03 -11.23 0.58 43.47 -20.47 30.26 42.41 0.00 0.00 -0.00 -0.00 -0.00 -90.00 0.00 0.00 -100.00 -0.00 0.00 -80.00 0.00 0.00 -0.00 -0.00 -0.00 -90.00 0.00 0.00 -100.00 -0.00 0.00 -80.00 0.00 0.00 -0.00 -0.00 -0.00 -90.00 0.00 0.00 -100.00 -0.00 0.00 -80.00 0.00 0.00 -0.00 4.00 0.01 -0.08 -0.00 0.11 -1.57 -0.00 0.05 -0.77
-0.0000 0.0174 0.0000 0.00 -0.00 0.00 0.00 -0.00 0.00 0.00 -0.00 0.00 0.00 -0.00 0.00 0.00 -0.00 0.00 0.00 -0.00 0.00 0.00 -0.00 0.00 0.00 -0.00 0.00 0.00 -0.00 0.00 0.00 -0.00 0.00 0.00 -0.00 0.00 0.00 -0.00 0.00 0.00 -0.00 0.00 0.00 -0.00 0.00 0.00 -0.00 0.00 0.00 -0.00 0.00 0.00 -0.00 0.00 0.00 -0.00 0.00 0.00 -0.00 0.00 0.00 -0.00 0.00 0.00 -0.00 0.00 0.00 -0.00 0.00 0.00 -0.00 0.00 0.00 -0.00 0.00 0.00 -0.00 0.00 0.00 -0.00 0.00 0.00 -0.00 0.00 0.00 -0.00 0.00 0.00 -0.00 0.00 0.00 -0.00 0.00 0.00 -0.00 0.00 0.00 -0.00 0.00 0.00 -0.00 0.00 0.00 -0.00 0.00 0.00 -0.00 0.00 0.00 -0.00 0.00 0.00 -0.00 0.00 0.00 -0.00 0.00 0.00 -0.00 0.00 0.00 -0.00 0.00 0.00 -0.00 0.00 94.39 0.18 -156.33 0.01 -25.00 0.03 -11.23 0.58 43.47 -20.47 30.26 42.41 0.00 0.00 -0.00 -0.00 -0.00 -90.00 0.00 0.00 -100.00 -0.00 0.00 -80.00 0.00 0.00 -0.00 -0.00 -0.00 -90.00 0.00 0.00 -100.00 -0.00 0.00 -80.00 0.00 0.00 -0.00 -0.00 -0.00 -90.00 0.00 0.00 -100.00 -0.00 0.00 -80.00 0.00 0.00 -0.00 4.00 0.01 -0.08 -0.00 0.11 -1.57 -0.00 0.05 -0.77
-0.0000 0.0176 0.0000 0.00 -0.00 0.00 0.00 -0.00 0.00 0.00 -0.00 0.00 0.00 -0.00 0.00 0.00 -0.00 0.00 0.00 -0.00 0.00 0.00 -0.00 0.00 0.00 -0.00 0.00 0.00 -0.00 0.00 0.00 -0.00 0.00 0.00 -0.00 0.00 0.00 -0.00 0.00 0.00 -0.00 0.00 0.00 -0.00 0.00 0.00 -0.00 0.00 0.00 -0.00 0.00 0.00 -0.00 0.00 0.00 -0.00 0.00 0.00 -0.00 0.00 0.00 -0.00 0.00 0.00 -0.00 0.00 0.00 -0.00 0.00 0.00 -0.00 0.00 0.00 -0.00 0.00 0.00 -0.00 0.00 0.00 -0.00 0.00 0.00 -0.00 0.00 0.00 -0.00 0.00 0.00 -0.00 0.00 0.00 -0.00 0.00 0.00 -0.00 0.00 0.00 -0.00 0.00 0.00 -0.00 0.00 0.00 -0.00 0.00 0.00 -0.00 0.00 0.00 -0.00 0.00 0.00 -0.00 0.00 0.00 -0.00 0.00 0.00 -0.00 0.00 0.00 -0.00 0.00 0.00 -0.00 0.00 94.39 0.18 -156.33 0.01 -25.00 0.03 -11.23 0.58 43.47 -20.47 30.26 42.41 0.00 0.00 -0.00 -0.00 -0.00 -90.00 0.00 0.00 -100.00 -0.00 0.00 -80.00 0.00 0.00 -0.00 -0.00 -0.00 -90.00 0.00 0.00 -100.00 -0.00 0.00 -80.00 0.00 0.00 -0.00 -0.00 -0.00 -90.00 0.00 0.00 -100.00 -0.00 0.00 -80.00 0.00 0.00 -0.00 4.00 0.01 -0.08 -0.00 0.11 -1.57 -0.00 0.05 -0.77
-0.0000 0.0168 0.0000 0.00 -0.00 0.00 0.00 -0.00 0.00 0.00 -0.00 0.00 0.00 -0.00 0.00 0.00 -0.00 0.00 0.00 -0.00 0.00 0.00 -0.00 0.00 0.00 -0.00 0.00 0.00 -0.00 0.00 0.00 -0.00 0.00 0.00 -0.00 0.00 0.00 -0.00 0.00 0.00 -0.00 0.00 0.00 -0.00 0.00 0.00 -0.00 0.00 0.00 -0.00 0.00 0.00 -0.00 0.00 0.00 -0.00 0.00 0.00 -0.00 0.00 0.00 -0.00 0.00 0.00 -0.00 0.00 0.00 -0.00 0.00 0.00 -0.00 0.00 0.00 -0.00 0.00 0.00 -0.00 0.00 0.00 -0.00 0.00 0.00 -0.00 0.00 0.00 -0.00 0.00 0.00 -0.00 0.00 0.00 -0.00 0.00 0.00 -0.00 0.00 0.00 -0.00 0.00 0.00 -0.00 0.00 0.00 -0.00 0.00 0.00 -0.00 0.00 0.00 -0.00 0.00 0.00 -0.00 0.00 0.00 -0.00 0.00 0.00 -0.00 0.00 0.00 -0.00 0.00 0.00 -0.00 0.00 94.39 0.18 -156.33 0.01 -25.00 0.03 -11.23 0.58 43.47 -20.47 30.26 42.41 0.00 0.00 -0.00 -0.00 -0.00 -90.00 0.00 0.00 -100.00 -0.00 0.00 -80.00 0.00 0.00 -0.00 -0.00 -0.00 -90.00 0.00 0.00 -100.00 -0.00 0.00 -80.00 0.00 0.00 -0.00 -0.00 -0.00 -90.00 0.00 0.00 -100.00 -0.00 0.00 -80.00 0.00 0.00 -0.00 4.00 0.01 -0.08 -0.00 0.11 -1.57 -0.00 0.05 -0.77
-0.0000 0.0166 0.0000 0.00 -0.00 0.00 0.00 -0.00 0.00 0.00 -0.00 0.00 0.00 -0.00 0.00 0.00 -0.00 0.00 0.00 -0.00 0.00 0.00 -0.00 0.00 0.00 -0.00 0.00 0.00 -0.00 0.00 0.00 -0.00 0.00 0.00 -0.00 0.00 0.00 -0.00 0.00 0.00 -0.00 0.00 0.00 -0.00 0.00 0.00 -0.00 0.00 0.00 -0.00 0.00 0.00 -0.00 0.00 0.00 -0.00 0.00 0.00 -0.00 0.00 0.00 -0.00 0.00 0.00 -0.00 0.00 0.00 -0.00 0.00 0.00 -0.00 0.00 0.00 -0.00 0.00 0.00 -0.00 0.00 0.00 -0.00 0.00 0.00 -0.00 0.00 0.00 -0.00 0.00 0.00 -0.00 0.00 0.00 -0.00 0.00 0.00 -0.00 0.00 0.00 -0.00 0.00 0.00 -0.00 0.00 0.00 -0.00 0.00 0.00 -0.00 0.00 0.00 -0.00 0.00 0.00 -0.00 0.00 0.00 -0.00 0.00 0.00 -0.00 0.00 0.00 -0.00 0.00 0.00 -0.00 0.00 94.39 0.18 -156.33 0.01 -25.00 0.03 -11.23 0.58 43.47 -20.47 30.26 42.41 0.00 0.00 -0.00 -0.00 -0.00 -90.00 0.00 0.00 -100.00 -0.00 0.00 -80.00 0.00 0.00 -0.00 -0.00 -0.00 -90.00 0.00 0.00 -100.00 -0.00 0.00 -80.00 0.00 0.00 -0.00 -0.00 -0.00 -90.00 0.00 0.00 -100.00 -0.00 0.00 -80.00 0.00 0.00 -0.00 4.00 0.01 -0.08 -0.00 0.11 -1.57 -0.00 0.05 -0.77
-0.0000 0.0172 0.0000 0.00 -0.00 0.00 0.00 -0.00 0.00 0.00 -0.00 0.00 0.00 -0.00 0.00 0.00 -0.00 0.00 0.00 -0.00 0.00 0.00 -0.00 0.00 0.00 -0.00 0.00 0.00 -0.00 0.00 0.00 -0.00 0.00 0.00 -0.00 0.00 0.00 -0.00 0.00 0.00 -0.00 0.00 0.00 -0.00 0.00 0.00 -0.00 0.00 0.00 -0.00 0.00 0.00 -0.00 0.00 0.00 -0.00 0.00 0.00 -0.00 0.00 0.00 -0.00 0.00 0.00 -0.00 0.00 0.00 -0.00 0.00 0.00 -0.00 0.00 0.00 -0.00 0.00 0.00 -0.00 0.00 0.00 -0.00 0.00 0.00 -0.00 0.00 0.00 -0.00 0.00 0.00 -0.00 0.00 0.00 -0.00 0.00 0.00 -0.00 0.00 0.00 -0.00 0.00 0.00 -0.00 0.00 0.00 -0.00 0.00 0.00 -0.00 0.00 0.00 -0.00 0.00 0.00 -0.00 0.00 0.00 -0.00 0.00 0.00 -0.00 0.00 0.00 -0.00 0.00 0.00 -0.00 0.00 94.39 0.18 -156.33 0.01 -25.00 0.03 -11.23 0.58 43.47 -20.47 30.26 42.41 0.00 0.00 -0.00 -0.00 -0.00 -90.00 0.00 0.00 -100.00 -0.00 0.00 -80.00 0.00 0.00 -0.00 -0.00 -0.00 -90.00 0.00 0.00 -100.00 -0.00 0.00 -80.00 0.00 0.00 -0.00 -0.00 -0.00 -90.00 0.00 0.00 -100.00 -0.00 0.00 -80.00 0.00 0.00 -0.00 4.00 0.01 -0.08 -0.00 0.11 -1.57 -0.00 0.05 -0.77
-0.0000 0.0171 0.0000 0.00 -0.00 0.00 0.00 -0.00 0.00 0.00 -0.00 0.00 0.00 -0.00 0.00 0.00 -0.00 0.00 0.00 -0.00 0.00 0.00 -0.00 0.00 0.00 -0.00 0.00 0.00 -0.00 0.00 0.00 -0.00 0.00 0.00 -0.00 0.00 0.00 -0.00 0.00 0.00 -0.00 0.00 0.00 -0.00 0.00 0.00 -0.00 0.00 0.00 -0.00 0.00 0.00 -0.00 0.00 0.00 -0.00 0.00 0.00 -0.00 0.00 0.00 -0.00 0.00 0.00 -0.00 0.00 0.00 -0.00 0.00 0.00 -0.00 0.00 0.00 -0.00 0.00 0.00 -0.00 0.00 0.00 -0.00 0.00 0.00 -0.00 0.00 0.00 -0.00 0.00 0.00 -0.00 0.00 0.00 -0.00 0.00 0.00 -0.00 0.00 0.00 -0.00 0.00 0.00 -0.00 0.00 0.00 -0.00 0.00 0.00 -0.00 0.00 0.00 -0.00 0.00 0.00 -0.00 0.00 0.00 -0.00 0.00 0.00 -0.00 0.00 0.00 -0.00 0.00 0.00 -0.00 0.00 94.39 0.18 -156.33 0.01 -25.00 0.03 -11.23 0.58 43.47 -20.47 30.26 42.41 0.00 0.00 -0.00 -0.00 -0.00 -90.00 0.00 0.00 -100.00 -0.00 0.00 -80.00 0.00 0.00 -0.00 -0.00 -0.00 -90.00 0.00 0.00 -100.00 -0.00 0.00 -80.00 0.00 0.00 -0.00 -0.00 -0.00 -90.00 0.00 0.00 -100.00 -0.00 0.00 -80.00 0.00 0.00 -0.00 4.00 0.01 -0.08 -0.00 0.11 -1.57 -0.00 0.05 -0.77
-0.0000 0.0173 0.0000 0.00 -0.00 0.00 0.00 -0.00 0.00 0.00 -0.00 0.00 0.00 -0.00 0.00 0.00 -0.00 0.00 0.00 -0.00 0.00 0.00 -0.00 0.00 0.00 -0.00 0.00 0.00 -0.00 0.00 0.00 -0.00 0.00 0.00 -0.00 0.00 0.00 -0.00 0.00 0.00 -0.00 0.00 0.00 -0.00 0.00 0.00 -0.00 0.00 0.00 -0.00 0.00 0.00 -0.00 0.00 0.00 -0.00 0.00 0.00 -0.00 0.00 0.00 -0.00 0.00 0.00 -0.00 0.00 0.00 -0.00 0.00 0.00 -0.00 0.00 0.00 -0.00 0.00 0.00 -0.00 0.00 0.00 -0.00 0.00 0.00 -0.00 0.00 0.00 -0.00 0.00 0.00 -0.00 0.00 0.00 -0.00 0.00 0.00 -0.00 0.00 0.00 -0.00 0.00 0.00 -0.00 0.00 0.00 -0.00 0.00 0.00 -0.00 0.00 0.00 -0.00 0.00 0.00 -0.00 0.00 0.00 -0.00 0.00 0.00 -0.00 0.00 0.00 -0.00 0.00 0.00 -0.00 0.00 94.39 0.18 -156.33 0.01 -25.00 0.03 -11.23 0.58 43.47 -20.47 30.26 42.41 0.00 0.00 -0.00 -0.00 -0.00 -90.00 0.00 0.00 -100.00 -0.00 0.00 -80.00 0.00 0.00 -0.00 -0.00 -0.00 -90.00 0.00 0.00 -100.00 -0.00 0.00 -80.00 0.00 0.00 -0.00 -0.00 -0.00 -90.00 0.00 0.00 -100.00 -0.00 0.00 -80.00 0.00 0.00 -0.00 4.00 0.01 -0.08 -0.00 0.11 -1.57 -0.00 0.05 -0.77
-0.0000 0.0175 0.0000 0.00 -0.00 0.00 0.00 -0.00 0.00 0.00 -0.00 0.00 0.00 -0.00 0.00 0.00 -0.00 0.00 0.00 -0.00 0.00 0.00 -0.00 0.00 0.00 -0.00 0.00 0.00 -0.00 0.00 0.00 -0.00 0.00 0.00 -0.00 0.00 0.00 -0.00 0.00 0.00 -0.00 0.00 0.00 -0.00 0.00 0.00 -0.00 0.00 0.00 -0.00 0.00 0.00 -0.00 0.00 0.00 -0.00 0.00 0.00 -0.00 0.00 0.00 -0.00 0.00 0.00 -0.00 0.00 0.00 -0.00 0.00 0.00 -0.00 0.00 0.00 -0.00 0.00 0.00 -0.00 0.00 0.00 -0.00 0.00 0.00 -0.00 0.00 0.00 -0.00 0.00 0.00 -0.00 0.00 0.00 -0.00 0.00 0.00 -0.00 0.00 0.00 -0.00 0.00 0.00 -0.00 0.00 0.00 -0.00 0.00 0.00 -0.00 0.00 0.00 -0.00 0.00 0.00 -0.00 0.00 0.00 -0.00 0.00 0.00 -0.00 0.00 0.00 -0.00 0.00 0.00 -0.00 0.00 94.39 0.18 -156.33 0.01 -25.00 0.03 -11.23 0.58 43.47 -20.47 30.26 42.41 0.00 0.00 -0.00 -0.00 -0.00 -90.00 0.00 0.00 -100.00 -0.00 0.00 -80.00 0.00 0.00 -0.00 -0.00 -0.00 -90.00 0.00 0.00 -100.00 -0.00 0.00 -80.00 0.00 0.00 -0.00 -0.00 -0.00 -90.00 0.00 0.00 -100.00 -0.00 0.00 -80.00 0.00 0.00 -0.00 4.00 0.01 -0.08 -0.00 0.11 -1.57 -0.00 0.05 -0.77
-0.0000 0.0165 0.0000 0.00 -0.00 0.00 0.00 -0.00 0.00 0.00 -0.00 0.00 0.00 -0.00 0.00 0.00 -0.00 0.00 0.00 -0.00 0.00 0.00 -0.00 0.00 0.00 -0.00 0.00 0.00 -0.00 0.00 0.00 -0.00 0.00 0.00 -0.00 0.00 0.00 -0.00 0.00 0.00 -0.00 0.00 0.00 -0.00 0.00 0.00 -0.00 0.00 0.00 -0.00 0.00 0.00 -0.00 0.00 0.00 -0.00 0.00 0.00 -0.00 0.00 0.00 -0.00 0.00 0.00 -0.00 0.00 0.00 -0.00 0.00 0.00 -0.00 0.00 0.00 -0.00 0.00 0.00 -0.00 0.00 0.00 -0.00 0.00 0.00 -0.00 0.00 0.00 -0.00 0.00 0.00 -0.00 0.00 0.00 -0.00 0.00 0.00 -0.00 0.00 0.00 -0.00 0.00 0.00 -0.00 0.00 0.00 -0.00 0.00 0.00 -0.00 0.00 0.00 -0.00 0.00 0.00 -0.00 0.00 0.00 -0.00 0.00 0.00 -0.00 0.00 0.00 -0.00 0.00 0.00 -0.00 0.00 94.39 0.18 -156.33 0.01 -25.00 0.03 -11.23 0.58 43.47 -20.47 30.26 42.41 0.00 0.00 -0.00 -0.00 -0.00 -90.00 0.00 0.00 -100.00 -0.00 0.00 -80.00 0.00 0.00 -0.00 -0.00 -0.00 -90.00 0.00 0.00 -100.00 -0.00 0.00 -80.00 0.00 0.00 -0.00 -0.00 -0.00 -90.00 0.00 0.00 -100.00 -0.00 0.00 -80.00 0.00 0.00 -0.00 4.00 0.01 -0.08 -0.00 0.11 -1.57 -0.00 0.05 -0.77
-0.0000 0.0164 0.0000 0.00 -0.00 0.00 0.00 -0.00 0.00 0.00 -0.00 0.00 0.00 -0.00 0.00 0.00 -0.00 0.00 0.00 -0.00 0.00 0.00 -0.00 0.00 0.00 -0.00 0.00 0.00 -0.00 0.00 0.00 -0.00 0.00 0.00 -0.00 0.00 0.00 -0.00 0.00 0.00 -0.00 0.00 0.00 -0.00 0.00 0.00 -0.00 0.00 0.00 -0.00 0.00 0.00 -0.00 0.00 0.00 -0.00 0.00 0.00 -0.00 0.00 0.00 -0.00 0.00 0.00 -0.00 0.00 0.00 -0.00 0.00 0.00 -0.00 0.00 0.00 -0.00 0.00 0.00 -0.00 0.00 0.00 -0.00 0.00 0.00 -0.00 0.00 0.00 -0.00 0.00 0.00 -0.00 0.00 0.00 -0.00 0.00 0.00 -0.00 0.00 0.00 -0.00 0.00 0.00 -0.00 0.00 0.00 -0.00 0.00 0.00 -0.00 0.00 0.00 -0.00 0.00 0.00 -0.00 0.00 0.00 -0.00 0.00 0.00 -0.00 0.00 0.00 -0.00 0.00 0.00 -0.00 0.00 94.39 0.18 -156.33 0.01 -25.00 0.03 -11.23 0.58 43.47 -20.47 30.26 42.41 0.00 0.00 -0.00 -0.00 -0.00 -90.00 0.00 0.00 -100.00 -0.00 0.00 -80.00 0.00 0.00 -0.00 -0.00 -0.00 -90.00 0.00 0.00 -100.00 -0.00 0.00 -80.00 0.00 0.00 -0.00 -0.00 -0.00 -90.00 0.00 0.00 -100.00 -0.00 0.00 -80.00 0.00 0.00 -0.00 4.00 0.01 -0.08 -0.00 0.11 -1.57 -0.00 0.05 -0.77
-0.0000 0.0165 0.0000 0.00 -0.00 0.00 0.00 -0.00 0.00 0.00 -0.00 0.00 0.00 -0.00 0.00 0.00 -0.00 0.00 0.00 -0.00 0.00 0.00 -0.00 0.00 0.00 -0.00 0.00 0.00 -0.00 0.00 0.00 -0.00 0.00 0.00 -0.00 0.00 0.00 -0.00 0.00 0.00 -0.00 0.00 0.00 -0.00 0.00 0.00 -0.00 0.00 0.00 -0.00 0.00 0.00 -0.00 0.00 0.00 -0.00 0.00 0.00 -0.00 0.00 0.00 -0.00 0.00 0.00 -0.00 0.00 0.00 -0.00 0.00 0.00 -0.00 0.00 0.00 -0.00 0.00 0.00 -0.00 0.00 0.00 -0.00 0.00 0.00 -0.00 0.00 0.00 -0.00 0.00 0.00 -0.00 0.00 0.00 -0.00 0.00 0.00 -0.00 0.00 0.00 -0.00 0.00 0.00 -0.00 0.00 0.00 -0.00 0.00 0.00 -0.00 0.00 0.00 -0.00 0.00 0.00 -0.00 0.00 0.00 -0.00 0.00 0.00 -0.00 0.00 0.00 -0.00 0.00 0.00 -0.00 0.00 94.39 0.18 -156.33 0.01 -25.00 0.03 -11.23 0.58 43.47 -20.47 30.26 42.41 0.00 0.00 -0.00 -0.00 -0.00 -90.00 0.00 0.00 -100.00 -0.00 0.00 -80.00 0.00 0.00 -0.00 -0.00 -0.00 -90.00 0.00 0.00 -100.00 -0.00 0.00 -80.00 0.00 0.00 -0.00 -0.00 -0.00 -90.00 0.00 0.00 -100.00 -0.00 0.00 -80.00 0.00 0.00 -0.00 4.00 0.01 -0.08 -0.00 0.11 -1.57 -0.00 0.05 -0.77
-0.0000 0.0167 0.0000 0.00 -0.00 0.00 0.00 -0.00 0.00 0.00 -0.00 0.00 0.00 -0.00 0.00 0.00 -0.00 0.00 0.00 -0.00 0.00 0.00 -0.00 0.00 0.00 -0.00 0.00 0.00 -0.00 0.00 0.00 -0.00 0.00 0.00 -0.00 0.00 0.00 -0.00 0.00 0.00 -0.00 0.00 0.00 -0.00 0.00 0.00 -0.00 0.00 0.00 -0.00 0.00 0.00 -0.00 0.00 0.00 -0.00 0.00 0.00 -0.00 0.00 0.00 -0.00 0.00 0.00 -0.00 0.00 0.00 -0.00 0.00 0.00 -0.00 0.00 0.00 -0.00 0.00 0.00 -0.00 0.00 0.00 -0.00 0.00 0.00 -0.00 0.00 0.00 -0.00 0.00 0.00 -0.00 0.00 0.00 -0.00 0.00 0.00 -0.00 0.00 0.00 -0.00 0.00 0.00 -0.00 0.00 0.00 -0.00 0.00 0.00 -0.00 0.00 0.00 -0.00 0.00 0.00 -0.00 0.00 0.00 -0.00 0.00 0.00 -0.00 0.00 0.00 -0.00 0.00 0.00 -0.00 0.00 94.39 0.18 -156.33 0.01 -25.00 0.03 -11.23 0.58 43.47 -20.47 30.26 42.41 0.00 0.00 -0.00 -0.00 -0.00 -90.00 0.00 0.00 -100.00 -0.00 0.00 -80.00 0.00 0.00 -0.00 -0.00 -0.00 -90.00 0.00 0.00 -100.00 -0.00 0.00 -80.00 0.00 0.00 -0.00 -0.00 -0.00 -90.00 0.00 0.00 -100.00 -0.00 0.00 -80.00 0.00 0.00 -0.00 4.00 0.01 -0.08 -0.00 0.11 -1.57 -0.00 0.05 -0.77
-0.0000 0.0168 0.0000 0.00 -0.00 0.00 0.00 -0.00 0.00 0.00 -0.00 0.00 0.00 -0.00 0.00 0.00 -0.00 0.00 0.00 -0.00 0.00 0.00 -0.00 0.00 0.00 -0.00 0.00 0.00 -0.00 0.00 0.00 -0.00 0.00 0.00 -0.00 0.00 0.00 -0.00 0.00 0.00 -0.00 0.00 0.00 -0.00 0.00 0.00 -0.00 0.00 0.00 -0.00 0.00 0.00 -0.00 0.00 0.00 -0.00 0.00 0.00 -0.00 0.00 0.00 -0.00 0.00 0.00 -0.00 0.00 0.00 -0.00 0.00 0.00 -0.00 0.00 0.00 -0.00 0.00 0.00 -0.00 0.00 0.00 -0.00 0.00 0.00 -0.00 0.00 0.00 -0.00 0.00 0.00 -0.00 0.00 0.00 -0.00 0.00 0.00 -0.00 0.00 0.00 -0.00 0.00 0.00 -0.00 0.00 0.00 -0.00 0.00 0.00 -0.00 0.00 0.00 -0.00 0.00 0.00 -0.00 0.00 0.00 -0.00 0.00 0.00 -0.00 0.00 0.00 -0.00 0.00 0.00 -0.00 0.00 94.39 0.18 -156.33 0.01 -25.00 0.03 -11.23 0.58 43.47 -20.47 30.26 42.41 0.00 0.00 -0.00 -0.00 -0.00 -90.00 0.00 0.00 -100.00 -0.00 0.00 -80.00 0.00 0.00 -0.00 -0.00 -0.00 -90.00 0.00 0.00 -100.00 -0.00 0.00 -80.00 0.00 0.00 -0.00 -0.00 -0.00 -90.00 0.00 0.00 -100.00 -0.00 0.00 -80.00 0.00 0.00 -0.00 4.00 0.01 -0.08 -0.00 0.11 -1.57 -0.00 0.05 -0.77
-0.0000 0.0165 0.0000 0.00 -0.00 0.00 0.00 -0.00 0.00 0.00 -0.00 0.00 0.00 -0.00 0.00 0.00 -0.00 0.00 0.00 -0.00 0.00 0.00 -0.00 0.00 0.00 -0.00 0.00 0.00 -0.00 0.00 0.00 -0.00 0.00 0.00 -0.00 0.00 0.00 -0.00 0.00 0.00 -0.00 0.00 0.00 -0.00 0.00 0.00 -0.00 0.00 0.00 -0.00 0.00 0.00 -0.00 0.00 0.00 -0.00 0.00 0.00 -0.00 0.00 0.00 -0.00 0.00 0.00 -0.00 0.00 0.00 -0.00 0.00 0.00 -0.00 0.00 0.00 -0.00 0.00 0.00 -0.00 0.00 0.00 -0.00 0.00 0.00 -0.00 0.00 0.00 -0.00 0.00 0.00 -0.00 0.00 0.00 -0.00 0.00 0.00 -0.00 0.00 0.00 -0.00 0.00 0.00 -0.00 0.00 0.00 -0.00 0.00 0.00 -0.00 0.00 0.00 -0.00 0.00 0.00 -0.00 0.00 0.00 -0.00 0.00 0.00 -0.00 0.00 0.00 -0.00 0.00 0.00 -0.00 0.00 94.39 0.18 -156.33 0.01 -25.00 0.03 -11.23 0.58 43.47 -20.47 30.26 42.41 0.00 0.00 -0.00 -0.00 -0.00 -90.00 0.00 0.00 -100.00 -0.00 0.00 -80.00 0.00 0.00 -0.00 -0.00 -0.00 -90.00 0.00 0.00 -100.00 -0.00 0.00 -80.00 0.00 0.00 -0.00 -0.00 -0.00 -90.00 0.00 0.00 -100.00 -0.00 0.00 -80.00 0.00 0.00 -0.00 4.00 0.01 -0.08 -0.00 0.11 -1.57 -0.00 0.05 -0.77
-0.0000 0.0161 0.0000 0.00 -0.00 0.00 0.00 -0.00 0.00 0.00 -0.00 0.00 0.00 -0.00 0.00 0.00 -0.00 0.00 0.00 -0.00 0.00 0.00 -0.00 0.00 0.00 -0.00 0.00 0.00 -0.00 0.00 0.00 -0.00 0.00 0.00 -0.00 0.00 0.00 -0.00 0.00 0.00 -0.00 0.00 0.00 -0.00 0.00 0.00 -0.00 0.00 0.00 -0.00 0.00 0.00 -0.00 0.00 0.00 -0.00 0.00 0.00 -0.00 0.00 0.00 -0.00 0.00 0.00 -0.00 0.00 0.00 -0.00 0.00 0.00 -0.00 0.00 0.00 -0.00 0.00 0.00 -0.00 0.00 0.00 -0.00 0.00 0.00 -0.00 0.00 0.00 -0.00 0.00 0.00 -0.00 0.00 0.00 -0.00 0.00 0.00 -0.00 0.00 0.00 -0.00 0.00 0.00 -0.00 0.00 0.00 -0.00 0.00 0.00 -0.00 0.00 0.00 -0.00 0.00 0.00 -0.00 0.00 0.00 -0.00 0.00 0.00 -0.00 0.00 0.00 -0.00 0.00 0.00 -0.00 0.00 94.39 0.18 -156.33 0.01 -25.00 0.03 -11.23 0.58 43.47 -20.47 30.26 42.41 0.00 0.00 -0.00 -0.00 -0.00 -90.00 0.00 0.00 -100.00 -0.00 0.00 -80.00 0.00 0.00 -0.00 -0.00 -0.00 -90.00 0.00 0.00 -100.00 -0.00 0.00 -80.00 0.00 0.00 -0.00 -0.00 -0.00 -90.00 0.00 0.00 -100.00 -0.00 0.00 -80.00 0.00 0.00 -0.00 4.00 0.01 -0.08 -0.00 0.11 -1.57 -0.00 0.05 -0.77
-0.0000 0.0166 0.0000 0.00 -0.00 0.00 0.00 -0.00 0.00 0.00 -0.00 0.00 0.00 -0.00 0.00 0.00 -0.00 0.00 0.00 -0.00 0.00 0.00 -0.00 0.00 0.00 -0.00 0.00 0.00 -0.00 0.00 0.00 -0.00 0.00 0.00 -0.00 0.00 0.00 -0.00 0.00 0.00 -0.00 0.00 0.00 -0.00 0.00 0.00 -0.00 0.00 0.00 -0.00 0.00 0.00 -0.00 0.00 0.00 -0.00 0.00 0.00 -0.00 0.00 0.00 -0.00 0.00 0.00 -0.00 0.00 0.00 -0.00 0.00 0.00 -0.00 0.00 0.00 -0.00 0.00 0.00 -0.00 0.00 0.00 -0.00 0.00 0.00 -0.00 0.00 0.00 -0.00 0.00 0.00 -0.00 0.00 0.00 -0.00 0.00 0.00 -0.00 0.00 0.00 -0.00 0.00 0.00 -0.00 0.00 0.00 -0.00 0.00 0.00 -0.00 0.00 0.00 -0.00 0.00 0.00 -0.00 0.00 0.00 -0.00 0.00 0.00 -0.00 0.00 0.00 -0.00 0.00 0.00 -0.00 0.00 94.39 0.18 -156.33 0.01 -25.00 0.03 -11.23 0.58 43.47 -20.47 30.26 42.41 0.00 0.00 -0.00 -0.00 -0.00 -90.00 0.00 0.00 -100.00 -0.00 0.00 -80.00 0.00 0.00 -0.00 -0.00 -0.00 -90.00 0.00 0.00 -100.00 -0.00 0.00 -80.00 0.00 0.00 -0.00 -0.00 -0.00 -90.00 0.00 0.00 -100.00 -0.00 0.00 -80.00 0.00 0.00 -0.00 4.00 0.01 -0.08 -0.00 0.11 -1.57 -0.00 0.05 -0.77
-0.0000 0.0170 0.0000 0.00 -0.00 0.00 0.00 -0.00 0.00 0.00 -0.00 0.00 0.00 -0.00 0.00 0.00 -0.00 0.00 0.00 -0.00 0.00 0.00 -0.00 0.00 0.00 -0.00 0.00 0.00 -0.00 0.00 0.00 -0.00 0.00 0.00 -0.00 0.00 0.00 -0.00 0.00 0.00 -0.00 0.00 0.00 -0.00 0.00 0.00 -0.00 0.00 0.00 -0.00 0.00 0.00 -0.00 0.00 0.00 -0.00 0.00 0.00 -0.00 0.00 0.00 -0.00 0.00 0.00 -0.00 0.00 0.00 -0.00 0.00 0.00 -0.00 0.00 0.00 -0.00 0.00 0.00 -0.00 0.00 0.00 -0.00 0.00 0.00 -0.00 0.00 0.00 -0.00 0.00 0.00 -0.00 0.00 0.00 -0.00 0.00 0.00 -0.00 0.00 0.00 -0.00 0.00 0.00 -0.00 0.00 0.00 -0.00 0.00 0.00 -0.00 0.00 0.00 -0.00 0.00 0.00 -0.00 0.00 0.00 -0.00 0.00 0.00 -0.00 0.00 0.00 -0.00 0.00 0.00 -0.00 0.00 94.39 0.18 -156.33 0.01 -25.00 0.03 -11.23 0.58 43.47 -20.47 30.26 42.41 0.00 0.00 -0.00 -0.00 -0.00 -90.00 0.00 0.00 -100.00 -0.00 0.00 -80.00 0.00 0.00 -0.00 -0.00 -0.00 -90.00 0.00 0.00 -100.00 -0.00 0.00 -80.00 0.00 0.00 -0.00 -0.00 -0.00 -90.00 0.00 0.00 -100.00 -0.00 0.00 -80.00 0.00 0.00 -0.00 4.00 0.01 -0.08 -0.00 0.11 -1.57 -0.00 0.05 -0.77
-0.0000 0.0164 0.0000 0.00 -0.00 0.00 0.00 -0.00 0.00 0.00 -0.00 0.00 0.00 -0.00 0.00 0.00 -0.00 0.00 0.00 -0.00 0.00 0.00 -0.00 0.00 0.00 -0.00 0.00 0.00 -0.00 0.00 0.00 -0.00 0.00 0.00 -0.00 0.00 0.00 -0.00 0.00 0.00 -0.00 0.00 0.00 -0.00 0.00 0.00 -0.00 0.00 0.00 -0.00 0.00 0.00 -0.00 0.00 0.00 -0.00 0.00 0.00 -0.00 0.00 0.00 -0.00 0.00 0.00 -0.00 0.00 0.00 -0.00 0.00 0.00 -0.00 0.00 0.00 -0.00 0.00 0.00 -0.00 0.00 0.00 -0.00 0.00 0.00 -0.00 0.00 0.00 -0.00 0.00 0.00 -0.00 0.00 0.00 -0.00 0.00 0.00 -0.00 0.00 0.00 -0.00 0.00 0.00 -0.00 0.00 0.00 -0.00 0.00 0.00 -0.00 0.00 0.00 -0.00 0.00 0.00 -0.00 0.00 0.00 -0.00 0.00 0.00 -0.00 0.00 0.00 -0.00 0.00 0.00 -0.00 0.00 94.39 0.18 -156.33 0.01 -25.00 0.03 -11.23 0.58 43.47 -20.47 30.26 42.41 0.00 0.00 -0.00 -0.00 -0.00 -90.00 0.00 0.00 -100.00 -0.00 0.00 -80.00 0.00 0.00 -0.00 -0.00 -0.00 -90.00 0.00 0.00 -100.00 -0.00 0.00 -80.00 0.00 0.00 -0.00 -0.00 -0.00 -90.00 0.00 0.00 -100.00 -0.00 0.00 -80.00 0.00 0.00 -0.00 4.00 0.01 -0.08 -0.00 0.11 -1.57 -0.00 0.05 -0.77
-0.0000 0.0167 0.0000 0.00 -0.00 0.00 0.00 -0.00 0.00 0.00 -0.00 0.00 0.00 -0.00 0.00 0.00 -0.00 0.00 0.00 -0.00 0.00 0.00 -0.00 0.00 0.00 -0.00 0.00 0.00 -0.00 0.00 0.00 -0.00 0.00 0.00 -0.00 0.00 0.00 -0.00 0.00 0.00 -0.00 0.00 0.00 -0.00 0.00 0.00 -0.00 0.00 0.00 -0.00 0.00 0.00 -0.00 0.00 0.00 -0.00 0.00 0.00 -0.00 0.00 0.00 -0.00 0.00 0.00 -0.00 0.00 0.00 -0.00 0.00 0.00 -0.00 0.00 0.00 -0.00 0.00 0.00 -0.00 0.00 0.00 -0.00 0.00 0.00 -0.00 0.00 0.00 -0.00 0.00 0.00 -0.00 0.00 0.00 -0.00 0.00 0.00 -0.00 0.00 0.00 -0.00 0.00 0.00 -0.00 0.00 0.00 -0.00 0.00 0.00 -0.00 0.00 0.00 -0.00 0.00 0.00 -0.00 0.00 0.00 -0.00 0.00 0.00 -0.00 0.00 0.00 -0.00 0.00 0.00 -0.00 0.00 94.39 0.18 -156.33 0.01 -25.00 0.03 -11.23 0.58 43.47 -20.47 30.26 42.41 0.00 0.00 -0.00 -0.00 -0.00 -90.00 0.00 0.00 -100.00 -0.00 0.00 -80.00 0.00 0.00 -0.00 -0.00 -0.00 -90.00 0.00 0.00 -100.00 -0.00 0.00 -80.00 0.00 0.00 -0.00 -0.00 -0.00 -90.00 0.00 0.00 -100.00 -0.00 0.00 -80.00 0.00 0.00 -0.00 4.00 0.01 -0.08 -0.00 0.11 -1.57 -0.00 0.05 -0.77
-0.0000 0.0173 0.0000 0.00 -0.00 0.00 0.00 -0.00 0.00 0.00 -0.00 0.00 0.00 -0.00 0.00 0.00 -0.00 0.00 0.00 -0.00 0.00 0.00 -0.00 0.00 0.00 -0.00 0.00 0.00 -0.00 0.00 0.00 -0.00 0.00 0.00 -0.00 0.00 0.00 -0.00 0.00 0.00 -0.00 0.00 0.00 -0.00 0.00 0.00 -0.00 0.00 0.00 -0.00 0.00 0.00 -0.00 0.00 0.00 -0.00 0.00 0.00 -0.00 0.00 0.00 -0.00 0.00 0.00 -0.00 0.00 0.00 -0.00 0.00 0.00 -0.00 0.00 0.00 -0.00 0.00 0.00 -0.00 0.00 0.00 -0.00 0.00 0.00 -0.00 0.00 0.00 -0.00 0.00 0.00 -0.00 0.00 0.00 -0.00 0.00 0.00 -0.00 0.00 0.00 -0.00 0.00 0.00 -0.00 0.00 0.00 -0.00 0.00 0.00 -0.00 0.00 0.00 -0.00 0.00 0.00 -0.00 0.00 0.00 -0.00 0.00 0.00 -0.00 0.00 0.00 -0.00 0.00 0.00 -0.00 0.00 94.39 0.18 -156.33 0.01 -25.00 0.03 -11.23 0.58 43.47 -20.47 30.26 42.41 0.00 0.00 -0.00 -0.00 -0.00 -90.00 0.00 0.00 -100.00 -0.00 0.00 -80.00 0.00 0.00 -0.00 -0.00 -0.00 -90.00 0.00 0.00 -100.00 -0.00 0.00 -80.00 0.00 0.00 -0.00 -0.00 -0.00 -90.00 0.00 0.00 -100.00 -0.00 0.00 -80.00 0.00 0.00 -0.00 4.00 0.01 -0.08 -0.00 0.11 -1.57 -0.00 0.05 -0.77
-0.0000 0.0176 0.0000 0.00 -0.00 0.00 0.00 -0.00 0.00 0.00 -0.00 0.00 0.00 -0.00 0.00 0.00 -0.00 0.00 0.00 -0.00 0.00 0.00 -0.00 0.00 0.00 -0.00 0.00 0.00 -0.00 0.00 0.00 -0.00 0.00 0.00 -0.00 0.00 0.00 -0.00 0.00 0.00 -0.00 0.00 0.00 -0.00 0.00 0.00 -0.00 0.00 0.00 -0.00 0.00 0.00 -0.00 0.00 0.00 -0.00 0.00 0.00 -0.00 0.00 0.00 -0.00 0.00 0.00 -0.00 0.00 0.00 -0.00 0.00 0.00 -0.00 0.00 0.00 -0.00 0.00 0.00 -0.00 0.00 0.00 -0.00 0.00 0.00 -0.00 0.00 0.00 -0.00 0.00 0.00 -0.00 0.00 0.00 -0.00 0.00 0.00 -0.00 0.00 0.00 -0.00 0.00 0.00 -0.00 0.00 0.00 -0.00 0.00 0.00 -0.00 0.00 0.00 -0.00 0.00 0.00 -0.00 0.00 0.00 -0.00 0.00 0.00 -0.00 0.00 0.00 -0.00 0.00 0.00 -0.00 0.00 94.39 0.18 -156.33 0.01 -25.00 0.03 -11.23 0.58 43.47 -20.47 30.26 42.41 0.00 0.00 -0.00 -0.00 -0.00 -90.00 0.00 0.00 -100.00 -0.00 0.00 -80.00 0.00 0.00 -0.00 -0.00 -0.00 -90.00 0.00 0.00 -100.00 -0.00 0.00 -80.00 0.00 0.00 -0.00 -0.00 -0.00 -90.00 0.00 0.00 -100.00 -0.00 0.00 -80.00 0.00 0.00 -0.00 4.00 0.01 -0.08 -0.00 0.11 -1.57 -0.00 0.05 -0.77
-0.0000 0.0178 0.0000 0.00 -0.00 0.00 0.00 -0.00 0.00 0.00 -0.00 0.00 0.00 -0.00 0.00 0.00 -0.00 0.00 0.00 -0.00 0.00 0.00 -0.00 0.00 0.00 -0.00 0.00 0.00 -0.00 0.00 0.00 -0.00 0.00 0.00 -0.00 0.00 0.00 -0.00 0.00 0.00 -0.00 0.00 0.00 -0.00 0.00 0.00 -0.00 0.00 0.00 -0.00 0.00 0.00 -0.00 0.00 0.00 -0.00 0.00 0.00 -0.00 0.00 0.00 -0.00 0.00 0.00 -0.00 0.00 0.00 -0.00 0.00 0.00 -0.00 0.00 0.00 -0.00 0.00 0.00 -0.00 0.00 0.00 -0.00 0.00 0.00 -0.00 0.00 0.00 -0.00 0.00 0.00 -0.00 0.00 0.00 -0.00 0.00 0.00 -0.00 0.00 0.00 -0.00 0.00 0.00 -0.00 0.00 0.00 -0.00 0.00 0.00 -0.00 0.00 0.00 -0.00 0.00 0.00 -0.00 0.00 0.00 -0.00 0.00 0.00 -0.00 0.00 0.00 -0.00 0.00 0.00 -0.00 0.00 94.39 0.18 -156.33 0.01 -25.00 0.03 -11.23 0.58 43.47 -20.47 30.26 42.41 0.00 0.00 -0.00 -0.00 -0.00 -90.00 0.00 0.00 -100.00 -0.00 0.00 -80.00 0.00 0.00 -0.00 -0.00 -0.00 -90.00 0.00 0.00 -100.00 -0.00 0.00 -80.00 0.00 0.00 -0.00 -0.00 -0.00 -90.00 0.00 0.00 -100.00 -0.00 0.00 -80.00 0.00 0.00 -0.00 4.00 0.01 -0.08 -0.00 0.11 -1.57 -0.00 0.05 -0.77
-0.0000 0.0176 0.0000 0.00 -0.00 0.00 0.00 -0.00 0.00 0.00 -0.00 0.00 0.00 -0.00 0.00 0.00 -0.00 0.00 0.00 -0.00 0.00 0.00 -0.00 0.00 0.00 -0.00 0.00 0.00 -0.00 0.00 0.00 -0.00 0.00 0.00 -0.00 0.00 0.00 -0.00 0.00 0.00 -0.00 0.00 0.00 -0.00 0.00 0.00 -0.00 0.00 0.00 -0.00 0.00 0.00 -0.00 0.00 0.00 -0.00 0.00 0.00 -0.00 0.00 0.00 -0.00 0.00 0.00 -0.00 0.00 0.00 -0.00 0.00 0.00 -0.00 0.00 0.00 -0.00 0.00 0.00 -0.00 0.00 0.00 -0.00 0.00 0.00 -0.00 0.00 0.00 -0.00 0.00 0.00 -0.00 0.00 0.00 -0.00 0.00 0.00 -0.00 0.00 0.00 -0.00 0.00 0.00 -0.00 0.00 0.00 -0.00 0.00 0.00 -0.00 0.00 0.00 -0.00 0.00 0.00 -0.00 0.00 0.00 -0.00 0.00 0.00 -0.00 0.00 0.00 -0.00 0.00 0.00 -0.00 0.00 94.39 0.18 -156.33 0.01 -25.00 0.03 -11.23 0.58 43.47 -20.47 30.26 42.41 0.00 0.00 -0.00 -0.00 -0.00 -90.00 0.00 0.00 -100.00 -0.00 0.00 -80.00 0.00 0.00 -0.00 -0.00 -0.00 -90.00 0.00 0.00 -100.00 -0.00 0.00 -80.00 0.00 0.00 -0.00 -0.00 -0.00 -90.00 0.00 0.00 -100.00 -0.00 0.00 -80.00 0.00 0.00 -0.00 4.00 0.01 -0.08 -0.00 0.11 -1.57 -0.00 0.05 -0.77
-0.0000 0.0172 0.0000 0.00 -0.00 0.00 0.00 -0.00 0.00 0.00 -0.00 0.00 0.00 -0.00 0.00 0.00 -0.00 0.00 0.00 -0.00 0.00 0.00 -0.00 0.00 0.00 -0.00 0.00 0.00 -0.00 0.00 0.00 -0.00 0.00 0.00 -0.00 0.00 0.00 -0.00 0.00 0.00 -0.00 0.00 0.00 -0.00 0.00 0.00 -0.00 0.00 0.00 -0.00 0.00 0.00 -0.00 0.00 0.00 -0.00 0.00 0.00 -0.00 0.00 0.00 -0.00 0.00 0.00 -0.00 0.00 0.00 -0.00 0.00 0.00 -0.00 0.00 0.00 -0.00 0.00 0.00 -0.00 0.00 0.00 -0.00 0.00 0.00 -0.00 0.00 0.00 -0.00 0.00 0.00 -0.00 0.00 0.00 -0.00 0.00 0.00 -0.00 0.00 0.00 -0.00 0.00 0.00 -0.00 0.00 0.00 -0.00 0.00 0.00 -0.00 0.00 0.00 -0.00 0.00 0.00 -0.00 0.00 0.00 -0.00 0.00 0.00 -0.00 0.00 0.00 -0.00 0.00 0.00 -0.00 0.00 94.39 0.18 -156.33 0.01 -25.00 0.03 -11.23 0.58 43.47 -20.47 30.26 42.41 0.00 0.00 -0.00 -0.00 -0.00 -90.00 0.00 0.00 -100.00 -0.00 0.00 -80.00 0.00 0.00 -0.00 -0.00 -0.00 -90.00 0.00 0.00 -100.00 -0.00 0.00 -80.00 0.00 0.00 -0.00 -0.00 -0.00 -90.00 0.00 0.00 -100.00 -0.00 0.00 -80.00 0.00 0.00 -0.00 4.00 0.01 -0.08 -0.00 0.11 -1.57 -0.00 0.05 -0.77
-0.0000 0.0174 0.0000 0.00 -0.00 0.00 0.00 -0.00 0.00 0.00 -0.00 0.00 0.00 -0.00 0.00 0.00 -0.00 0.00 0.00 -0.00 0.00 0.00 -0.00 0.00 0.00 -0.00 0.00 0.00 -0.00 0.00 0.00 -0.00 0.00 0.00 -0.00 0.00 0.00 -0.00 0.00 0.00 -0.00 0.00 0.00 -0.00 0.00 0.00 -0.00 0.00 0.00 -0.00 0.00 0.00 -0.00 0.00 0.00 -0.00 0.00 0.00 -0.00 0.00 0.00 -0.00 0.00 0.00 -0.00 0.00 0.00 -0.00 0.00 0.00 -0.00 0.00 0.00 -0.00 0.00 0.00 -0.00 0.00 0.00 -0.00 0.00 0.00 -0.00 0.00 0.00 -0.00 0.00 0.00 -0.00 0.00 0.00 -0.00 0.00 0.00 -0.00 0.00 0.00 -0.00 0.00 0.00 -0.00 0.00 0.00 -0.00 0.00 0.00 -0.00 0.00 0.00 -0.00 0.00 0.00 -0.00 0.00 0.00 -0.00 0.00 0.00 -0.00 0.00 0.00 -0.00 0.00 0.00 -0.00 0.00 94.39 0.18 -156.33 0.01 -25.00 0.03 -11.23 0.58 43.47 -20.47 30.26 42.41 0.00 0.00 -0.00 -0.00 -0.00 -90.00 0.00 0.00 -100.00 -0.00 0.00 -80.00 0.00 0.00 -0.00 -0.00 -0.00 -90.00 0.00 0.00 -100.00 -0.00 0.00 -80.00 0.00 0.00 -0.00 -0.00 -0.00 -90.00 0.00 0.00 -100.00 -0.00 0.00 -80.00 0.00 0.00 -0.00 4.00 0.01 -0.08 -0.00 0.11 -1.57 -0.00 0.05 -0.77
-0.0000 0.0178 0.0000 0.00 -0.00 0.00 0.00 -0.00 0.00 0.00 -0.00 0.00 0.00 -0.00 0.00 0.00 -0.00 0.00 0.00 -0.00 0.00 0.00 -0.00 0.00 0.00 -0.00 0.00 0.00 -0.00 0.00 0.00 -0.00 0.00 0.00 -0.00 0.00 0.00 -0.00 0.00 0.00 -0.00 0.00 0.00 -0.00 0.00 0.00 -0.00 0.00 0.00 -0.00 0.00 0.00 -0.00 0.00 0.00 -0.00 0.00 0.00 -0.00 0.00 0.00 -0.00 0.00 0.00 -0.00 0.00 0.00 -0.00 0.00 0.00 -0.00 0.00 0.00 -0.00 0.00 0.00 -0.00 0.00 0.00 -0.00 0.00 0.00 -0.00 0.00 0.00 -0.00 0.00 0.00 -0.00 0.00 0.00 -0.00 0.00 0.00 -0.00 0.00 0.00 -0.00 0.00 0.00 -0.00 0.00 0.00 -0.00 0.00 0.00 -0.00 0.00 0.00 -0.00 0.00 0.00 -0.00 0.00 0.00 -0.00 0.00 0.00 -0.00 0.00 0.00 -0.00 0.00 0.00 -0.00 0.00 94.39 0.18 -156.33 0.01 -25.00 0.03 -11.23 0.58 43.47 -20.47 30.26 42.41 0.00 0.00 -0.00 -0.00 -0.00 -90.00 0.00 0.00 -100.00 -0.00 0.00 -80.00 0.00 0.00 -0.00 -0.00 -0.00 -90.00 0.00 0.00 -100.00 -0.00 0.00 -80.00 0.00 0.00 -0.00 -0.00 -0.00 -90.00 0.00 0.00 -100.00 -0.00 0.00 -80.00 0.00 0.00 -0.00 4.00 0.01 -0.08 -0.00 0.11 -1.57 -0.00 0.05 -0.77
-0.0000 0.0175 0.0000 0.00 -0.00 0.00 0.00 -0.00 0.00 0.00 -0.00 0.00 0.00 -0.00 0.00 0.00 -0.00 0.00 0.00 -0.00 0.00 0.00 -0.00 0.00 0.00 -0.00 0.00 0.00 -0.00 0.00 0.00 -0.00 0.00 0.00 -0.00 0.00 0.00 -0.00 0.00 0.00 -0.00 0.00 0.00 -0.00 0.00 0.00 -0.00 0.00 0.00 -0.00 0.00 0.00 -0.00 0.00 0.00 -0.00 0.00 0.00 -0.00 0.00 0.00 -0.00 0.00 0.00 -0.00 0.00 0.00 -0.00 0.00 0.00 -0.00 0.00 0.00 -0.00 0.00 0.00 -0.00 0.00 0.00 -0.00 0.00 0.00 -0.00 0.00 0.00 -0.00 0.00 0.00 -0.00 0.00 0.00 -0.00 0.00 0.00 -0.00 0.00 0.00 -0.00 0.00 0.00 -0.00 0.00 0.00 -0.00 0.00 0.00 -0.00 0.00 0.00 -0.00 0.00 0.00 -0.00 0.00 0.00 -0.00 0.00 0.00 -0.00 0.00 0.00 -0.00 0.00 0.00 -0.00 0.00 94.39 0.18 -156.33 0.01 -25.00 0.03 -11.23 0.58 43.47 -20.47 30.26 42.41 0.00 0.00 -0.00 -0.00 -0.00 -90.00 0.00 0.00 -100.00 -0.00 0.00 -80.00 0.00 0.00 -0.00 -0.00 -0.00 -90.00 0.00 0.00 -100.00 -0.00 0.00 -80.00 0.00 0.00 -0.00 -0.00 -0.00 -90.00 0.00 0.00 -100.00 -0.00 0.00 -80.00 0.00 0.00 -0.00 4.00 0.01 -0.08 -0.00 0.11 -1.57 -0.00 0.05 -0.77
-0.0000 0.0173 0.0000 0.00 -0.00 0.00 0.00 -0.00 0.00 0.00 -0.00 0.00 0.00 -0.00 0.00 0.00 -0.00 0.00 0.00 -0.00 0.00 0.00 -0.00 0.00 0.00 -0.00 0.00 0.00 -0.00 0.00 0.00 -0.00 0.00 0.00 -0.00 0.00 0.00 -0.00 0.00 0.00 -0.00 0.00 0.00 -0.00 0.00 0.00 -0.00 0.00 0.00 -0.00 0.00 0.00 -0.00 0.00 0.00 -0.00 0.00 0.00 -0.00 0.00 0.00 -0.00 0.00 0.00 -0.00 0.00 0.00 -0.00 0.00 0.00 -0.00 0.00 0.00 -0.00 0.00 0.00 -0.00 0.00 0.00 -0.00 0.00 0.00 -0.00 0.00 0.00 -0.00 0.00 0.00 -0.00 0.00 0.00 -0.00 0.00 0.00 -0.00 0.00 0.00 -0.00 0.00 0.00 -0.00 0.00 0.00 -0.00 0.00 0.00 -0.00 0.00 0.00 -0.00 0.00 0.00 -0.00 0.00 0.00 -0.00 0.00 0.00 -0.00 0.00 0.00 -0.00 0.00 0.00 -0.00 0.00 94.39 0.18 -156.33 0.01 -25.00 0.03 -11.23 0.58 43.47 -20.47 30.26 42.41 0.00 0.00 -0.00 -0.00 -0.00 -90.00 0.00 0.00 -100.00 -0.00 0.00 -80.00 0.00 0.00 -0.00 -0.00 -0.00 -90.00 0.00 0.00 -100.00 -0.00 0.00 -80.00 0.00 0.00 -0.00 -0.00 -0.00 -90.00 0.00 0.00 -100.00 -0.00 0.00 -80.00 0.00 0.00 -0.00 4.00 0.01 -0.08 -0.00 0.11 -1.57 -0.00 0.05 -0.77
-0.0000 0.0171 0.0000 0.00 -0.00 0.00 0.00 -0.00 0.00 0.00 -0.00 0.00 0.00 -0.00 0.00 0.00 -0.00 0.00 0.00 -0.00 0.00 0.00 -0.00 0.00 0.00 -0.00 0.00 0.00 -0.00 0.00 0.00 -0.00 0.00 0.00 -0.00 0.00 0.00 -0.00 0.00 0.00 -0.00 0.00 0.00 -0.00 0.00 0.00 -0.00 0.00 0.00 -0.00 0.00 0.00 -0.00 0.00 0.00 -0.00 0.00 0.00 -0.00 0.00 0.00 -0.00 0.00 0.00 -0.00 0.00 0.00 -0.00 0.00 0.00 -0.00 0.00 0.00 -0.00 0.00 0.00 -0.00 0.00 0.00 -0.00 0.00 0.00 -0.00 0.00 0.00 -0.00 0.00 0.00 -0.00 0.00 0.00 -0.00 0.00 0.00 -0.00 0.00 0.00 -0.00 0.00 0.00 -0.00 0.00 0.00 -0.00 0.00 0.00 -0.00 0.00 0.00 -0.00 0.00 0.00 -0.00 0.00 0.00 -0.00 0.00 0.00 -0.00 0.00 0.00 -0.00 0.00 0.00 -0.00 0.00 94.39 0.18 -156.33 0.01 -25.00 0.03 -11.23 0.58 43.47 -20.47 30.26 42.41 0.00 0.00 -0.00 -0.00 -0.00 -90.00 0.00 0.00 -100.00 -0.00 0.00 -80.00 0.00 0.00 -0.00 -0.00 -0.00 -90.00 0.00 0.00 -100.00 -0.00 0.00 -80.00 0.00 0.00 -0.00 -0.00 -0.00 -90.00 0.00 0.00 -100.00 -0.00 0.00 -80.00 0.00 0.00 -0.00 4.00 0.01 -0.08 -0.00 0.11 -1.57 -0.00 0.05 -0.77
-0.0000 0.0167 0.0000 0.00 -0.00 0.00 0.00 -0.00 0.00 0.00 -0.00 0.00 0.00 -0.00 0.00 0.00 -0.00 0.00 0.00 -0.00 0.00 0.00 -0.00 0.00 0.00 -0.00 0.00 0.00 -0.00 0.00 0.00 -0.00 0.00 0.00 -0.00 0.00 0.00 -0.00 0.00 0.00 -0.00 0.00 0.00 -0.00 0.00 0.00 -0.00 0.00 0.00 -0.00 0.00 0.00 -0.00 0.00 0.00 -0.00 0.00 0.00 -0.00 0.00 0.00 -0.00 0.00 0.00 -0.00 0.00 0.00 -0.00 0.00 0.00 -0.00 0.00 0.00 -0.00 0.00 0.00 -0.00 0.00 0.00 -0.00 0.00 0.00 -0.00 0.00 0.00 -0.00 0.00 0.00 -0.00 0.00 0.00 -0.00 0.00 0.00 -0.00 0.00 0.00 -0.00 0.00 0.00 -0.00 0.00 0.00 -0.00 0.00 0.00 -0.00 0.00 0.00 -0.00 0.00 0.00 -0.00 0.00 0.00 -0.00 0.00 0.00 -0.00 0.00 0.00 -0.00 0.00 0.00 -0.00 0.00 94.39 0.18 -156.33 0.01 -25.00 0.03 -11.23 0.58 43.47 -20.47 30.26 42.41 0.00 0.00 -0.00 -0.00 -0.00 -90.00 0.00 0.00 -100.00 -0.00 0.00 -80.00 0.00 0.00 -0.00 -0.00 -0.00 -90.00 0.00 0.00 -100.00 -0.00 0.00 -80.00 0.00 0.00 -0.00 -0.00 -0.00 -90.00 0.00 0.00 -100.00 -0.00 0.00 -80.00 0.00 0.00 -0.00 4.00 0.01 -0.08 -0.00 0.11 -1.57 -0.00 0.05 -0.77
-0.0000 0.0171 0.0000 0.00 -0.00 0.00 0.00 -0.00 0.00 0.00 -0.00 0.00 0.00 -0.00 0.00 0.00 -0.00 0.00 0.00 -0.00 0.00 0.00 -0.00 0.00 0.00 -0.00 0.00 0.00 -0.00 0.00 0.00 -0.00 0.00 0.00 -0.00 0.00 0.00 -0.00 0.00 0.00 -0.00 0.00 0.00 -0.00 0.00 0.00 -0.00 0.00 0.00 -0.00 0.00 0.00 -0.00 0.00 0.00 -0.00 0.00 0.00 -0.00 0.00 0.00 -0.00 0.00 0.00 -0.00 0.00 0.00 -0.00 0.00 0.00 -0.00 0.00 0.00 -0.00 0.00 0.00 -0.00 0.00 0.00 -0.00 0.00 0.00 -0.00 0.00 0.00 -0.00 0.00 0.00 -0.00 0.00 0.00 -0.00 0.00 0.00 -0.00 0.00 0.00 -0.00 0.00 0.00 -0.00 0.00 0.00 -0.00 0.00 0.00 -0.00 0.00 0.00 -0.00 0.00 0.00 -0.00 0.00 0.00 -0.00 0.00 0.00 -0.00 0.00 0.00 -0.00 0.00 0.00 -0.00 0.00 94.39 0.18 -156.33 0.01 -25.00 0.03 -11.23 0.58 43.47 -20.47 30.26 42.41 0.00 0.00 -0.00 -0.00 -0.00 -90.00 0.00 0.00 -100.00 -0.00 0.00 -80.00 0.00 0.00 -0.00 -0.00 -0.00 -90.00 0.00 0.00 -100.00 -0.00 0.00 -80.00 0.00 0.00 -0.00 -0.00 -0.00 -90.00 0.00 0.00 -100.00 -0.00 0.00 -80.00 0.00 0.00 -0.00 4.00 0.01 -0.08 -0.00 0.11 -1.57 -0.00 0.05 -0.77
-0.0000 0.0175 0.0000 0.00 -0.00 0.00 0.00 -0.00 0.00 0.00 -0.00 0.00 0.00 -0.00 0.00 0.00 -0.00 0.00 0.00 -0.00 0.00 0.00 -0.00 0.00 0.00 -0.00 0.00 0.00 -0.00 0.00 0.00 -0.00 0.00 0.00 -0.00 0.00 0.00 -0.00 0.00 0.00 -0.00 0.00 0.00 -0.00 0.00 0.00 -0.00 0.00 0.00 -0.00 0.00 0.00 -0.00 0.00 0.00 -0.00 0.00 0.00 -0.00 0.00 0.00 -0.00 0.00 0.00 -0.00 0.00 0.00 -0.00 0.00 0.00 -0.00 0.00 0.00 -0.00 0.00 0.00 -0.00 0.00 0.00 -0.00 0.00 0.00 -0.00 0.00 0.00 -0.00 0.00 0.00 -0.00 0.00 0.00 -0.00 0.00 0.00 -0.00 0.00 0.00 -0.00 0.00 0.00 -0.00 0.00 0.00 -0.00 0.00 0.00 -0.00 0.00 0.00 -0.00 0.00 0.00 -0.00 0.00 0.00 -0.00 0.00 0.00 -0.00 0.00 0.00 -0.00 0.00 0.00 -0.00 0.00 94.39 0.18 -156.33 0.01 -25.00 0.03 -11.23 0.58 43.47 -20.47 30.26 42.41 0.00 0.00 -0.00 -0.00 -0.00 -90.00 0.00 0.00 -100.00 -0.00 0.00 -80.00 0.00 0.00 -0.00 -0.00 -0.00 -90.00 0.00 0.00 -100.00 -0.00 0.00 -80.00 0.00 0.00 -0.00 -0.00 -0.00 -90.00 0.00 0.00 -100.00 -0.00 0.00 -80.00 0.00 0.00 -0.00 4.00 0.01 -0.08 -0.00 0.11 -1.57 -0.00 0.05 -0.77
-0.0000 0.0169 0.0000 0.00 -0.00 0.00 0.00 -0.00 0.00 0.00 -0.00 0.00 0.00 -0.00 0.00 0.00 -0.00 0.00 0.00 -0.00 0.00 0.00 -0.00 0.00 0.00 -0.00 0.00 0.00 -0.00 0.00 0.00 -0.00 0.00 0.00 -0.00 0.00 0.00 -0.00 0.00 0.00 -0.00 0.00 0.00 -0.00 0.00 0.00 -0.00 0.00 0.00 -0.00 0.00 0.00 -0.00 0.00 0.00 -0.00 0.00 0.00 -0.00 0.00 0.00 -0.00 0.00 0.00 -0.00 0.00 0.00 -0.00 0.00 0.00 -0.00 0.00 0.00 -0.00 0.00 0.00 -0.00 0.00 0.00 -0.00 0.00 0.00 -0.00 0.00 0.00 -0.00 0.00 0.00 -0.00 0.00 0.00 -0.00 0.00 0.00 -0.00 0.00 0.00 -0.00 0.00 0.00 -0.00 0.00 0.00 -0.00 0.00 0.00 -0.00 0.00 0.00 -0.00 0.00 0.00 -0.00 0.00 0.00 -0.00 0.00 0.00 -0.00 0.00 0.00 -0.00 0.00 0.00 -0.00 0.00 94.39 0.18 -156.33 0.01 -25.00 0.03 -11.23 0.58 43.47 -20.47 30.26 42.41 0.00 0.00 -0.00 -0.00 -0.00 -90.00 0.00 0.00 -100.00 -0.00 0.00 -80.00 0.00 0.00 -0.00 -0.00 -0.00 -90.00 0.00 0.00 -100.00 -0.00 0.00 -80.00 0.00 0.00 -0.00 -0.00 -0.00 -90.00 0.00 0.00 -100.00 -0.00 0.00 -80.00 0.00 0.00 -0.00 4.00 0.01 -0.08 -0.00 0.11 -1.57 -0.00 0.05 -0.77
-0.0000 0.0164 0.0000 0.00 -0.00 0.00 0.00 -0.00 0.00 0.00 -0.00 0.00 0.00 -0.00 0.00 0.00 -0.00 0.00 0.00 -0.00 0.00 0.00 -0.00 0.00 0.00 -0.00 0.00 0.00 -0.00 0.00 0.00 -0.00 0.00 0.00 -0.00 0.00 0.00 -0.00 0.00 0.00 -0.00 0.00 0.00 -0.00 0.00 0.00 -0.00 0.00 0.00 -0.00 0.00 0.00 -0.00 0.00 0.00 -0.00 0.00 0.00 -0.00 0.00 0.00 -0.00 0.00 0.00 -0.00 0.00 0.00 -0.00 0.00 0.00 -0.00 0.00 0.00 -0.00 0.00 0.00 -0.00 0.00 0.00 -0.00 0.00 0.00 -0.00 0.00 0.00 -0.00 0.00 0.00 -0.00 0.00 0.00 -0.00 0.00 0.00 -0.00 0.00 0.00 -0.00 0.00 0.00 -0.00 0.00 0.00 -0.00 0.00 0.00 -0.00 0.00 0.00 -0.00 0.00 0.00 -0.00 0.00 0.00 -0.00 0.00 0.00 -0.00 0.00 0.00 -0.00 0.00 0.00 -0.00 0.00 94.39 0.18 -156.33 0.01 -25.00 0.03 -11.23 0.58 43.47 -20.47 30.26 42.41 0.00 0.00 -0.00 -0.00 -0.00 -90.00 0.00 0.00 -100.00 -0.00 0.00 -80.00 0.00 0.00 -0.00 -0.00 -0.00 -90.00 0.00 0.00 -100.00 -0.00 0.00 -80.00 0.00 0.00 -0.00 -0.00 -0.00 -90.00 0.00 0.00 -100.00 -0.00 0.00 -80.00 0.00 0.00 -0.00 4.00 0.01 -0.08 -0.00 0.11 -1.57 -0.00 0.05 -0.77
-0.0000 0.0175 0.0000 0.00 -0.00 0.00 0.00 -0.00 0.00 0.00 -0.00 0.00 0.00 -0.00 0.00 0.00 -0.00 0.00 0.00 -0.00 0.00 0.00 -0.00 0.00 0.00 -0.00 0.00 0.00 -0.00 0.00 0.00 -0.00 0.00 0.00 -0.00 0.00 0.00 -0.00 0.00 0.00 -0.00 0.00 0.00 -0.00 0.00 0.00 -0.00 0.00 0.00 -0.00 0.00 0.00 -0.00 0.00 0.00 -0.00 0.00 0.00 -0.00 0.00 0.00 -0.00 0.00 0.00 -0.00 0.00 0.00 -0.00 0.00 0.00 -0.00 0.00 0.00 -0.00 0.00 0.00 -0.00 0.00 0.00 -0.00 0.00 0.00 -0.00 0.00 0.00 -0.00 0.00 0.00 -0.00 0.00 0.00 -0.00 0.00 0.00 -0.00 0.00 0.00 -0.00 0.00 0.00 -0.00 0.00 0.00 -0.00 0.00 0.00 -0.00 0.00 0.00 -0.00 0.00 0.00 -0.00 0.00 0.00 -0.00 0.00 0.00 -0.00 0.00 0.00 -0.00 0.00 0.00 -0.00 0.00 94.39 0.18 -156.33 0.01 -25.00 0.03 -11.23 0.58 43.47 -20.47 30.26 42.41 0.00 0.00 -0.00 -0.00 -0.00 -90.00 0.00 0.00 -100.00 -0.00 0.00 -80.00 0.00 0.00 -0.00 -0.00 -0.00 -90.00 0.00 0.00 -100.00 -0.00 0.00 -80.00 0.00 0.00 -0.00 -0.00 -0.00 -90.00 0.00 0.00 -100.00 -0.00 0.00 -80.00 0.00 0.00 -0.00 4.00 0.01 -0.08 -0.00 0.11 -1.57 -0.00 0.05 -0.77
-0.0000 0.0175 0.0000 0.00 -0.00 0.00 0.00 -0.00 0.00 0.00 -0.00 0.00 0.00 -0.00 0.00 0.00 -0.00 0.00 0.00 -0.00 0.00 0.00 -0.00 0.00 0.00 -0.00 0.00 0.00 -0.00 0.00 0.00 -0.00 0.00 0.00 -0.00 0.00 0.00 -0.00 0.00 0.00 -0.00 0.00 0.00 -0.00 0.00 0.00 -0.00 0.00 0.00 -0.00 0.00 0.00 -0.00 0.00 0.00 -0.00 0.00 0.00 -0.00 0.00 0.00 -0.00 0.00 0.00 -0.00 0.00 0.00 -0.00 0.00 0.00 -0.00 0.00 0.00 -0.00 0.00 0.00 -0.00 0.00 0.00 -0.00 0.00 0.00 -0.00 0.00 0.00 -0.00 0.00 0.00 -0.00 0.00 0.00 -0.00 0.00 0.00 -0.00 0.00 0.00 -0.00 0.00 0.00 -0.00 0.00 0.00 -0.00 0.00 0.00 -0.00 0.00 0.00 -0.00 0.00 0.00 -0.00 0.00 0.00 -0.00 0.00 0.00 -0.00 0.00 0.00 -0.00 0.00 0.00 -0.00 0.00 94.39 0.18 -156.33 0.01 -25.00 0.03 -11.23 0.58 43.47 -20.47 30.26 42.41 0.00 0.00 -0.00 -0.00 -0.00 -90.00 0.00 0.00 -100.00 -0.00 0.00 -80.00 0.00 0.00 -0.00 -0.00 -0.00 -90.00 0.00 0.00 -100.00 -0.00 0.00 -80.00 0.00 0.00 -0.00 -0.00 -0.00 -90.00 0.00 0.00 -100.00 -0.00 0.00 -80.00 0.00 0.00 -0.00 4.00 0.01 -0.08 -0.00 0.11 -1.57 -0.00 0.05 -0.77
-0.0000 0.0175 0.0000 0.00 -0.00 0.00 0.00 -0.00 0.00 0.00 -0.00 0.00 0.00 -0.00 0.00 0.00 -0.00 0.00 0.00 -0.00 0.00 0.00 -0.00 0.00 0.00 -0.00 0.00 0.00 -0.00 0.00 0.00 -0.00 0.00 0.00 -0.00 0.00 0.00 -0.00 0.00 0.00 -0.00 0.00 0.00 -0.00 0.00 0.00 -0.00 0.00 0.00 -0.00 0.00 0.00 -0.00 0.00 0.00 -0.00 0.00 0.00 -0.00 0.00 0.00 -0.00 0.00 0.00 -0.00 0.00 0.00 -0.00 0.00 0.00 -0.00 0.00 0.00 -0.00 0.00 0.00 -0.00 0.00 0.00 -0.00 0.00 0.00 -0.00 0.00 0.00 -0.00 0.00 0.00 -0.00 0.00 0.00 -0.00 0.00 0.00 -0.00 0.00 0.00 -0.00 0.00 0.00 -0.00 0.00 0.00 -0.00 0.00 0.00 -0.00 0.00 0.00 -0.00 0.00 0.00 -0.00 0.00 0.00 -0.00 0.00 0.00 -0.00 0.00 0.00 -0.00 0.00 0.00 -0.00 0.00 94.39 0.18 -156.33 0.01 -25.00 0.03 -11.23 0.58 43.47 -20.47 30.26 42.41 0.00 0.00 -0.00 -0.00 -0.00 -90.00 0.00 0.00 -100.00 -0.00 0.00 -80.00 0.00 0.00 -0.00 -0.00 -0.00 -90.00 0.00 0.00 -100.00 -0.00 0.00 -80.00 0.00 0.00 -0.00 -0.00 -0.00 -90.00 0.00 0.00 -100.00 -0.00 0.00 -80.00 0.00 0.00 -0.00 4.00 0.01 -0.08 -0.00 0.11 -1.57 -0.00 0.05 -0.77
-0.0000 0.0178 0.0000 0.00 -0.00 0.00 0.00 -0.00 0.00 0.00 -0.00 0.00 0.00 -0.00 0.00 0.00 -0.00 0.00 0.00 -0.00 0.00 0.00 -0.00 0.00 0.00 -0.00 0.00 0.00 -0.00 0.00 0.00 -0.00 0.00 0.00 -0.00 0.00 0.00 -0.00 0.00 0.00 -0.00 0.00 0.00 -0.00 0.00 0.00 -0.00 0.00 0.00 -0.00 0.00 0.00 -0.00 0.00 0.00 -0.00 0.00 0.00 -0.00 0.00 0.00 -0.00 0.00 0.00 -0.00 0.00 0.00 -0.00 0.00 0.00 -0.00 0.00 0.00 -0.00 0.00 0.00 -0.00 0.00 0.00 -0.00 0.00 0.00 -0.00 0.00 0.00 -0.00 0.00 0.00 -0.00 0.00 0.00 -0.00 0.00 0.00 -0.00 0.00 0.00 -0.00 0.00 0.00 -0.00 0.00 0.00 -0.00 0.00 0.00 -0.00 0.00 0.00 -0.00 0.00 0.00 -0.00 0.00 0.00 -0.00 0.00 0.00 -0.00 0.00 0.00 -0.00 0.00 0.00 -0.00 0.00 94.39 0.18 -156.33 0.01 -25.00 0.03 -11.23 0.58 43.47 -20.47 30.26 42.41 0.00 0.00 -0.00 -0.00 -0.00 -90.00 0.00 0.00 -100.00 -0.00 0.00 -80.00 0.00 0.00 -0.00 -0.00 -0.00 -90.00 0.00 0.00 -100.00 -0.00 0.00 -80.00 0.00 0.00 -0.00 -0.00 -0.00 -90.00 0.00 0.00 -100.00 -0.00 0.00 -80.00 0.00 0.00 -0.00 4.00 0.01 -0.08 -0.00 0.11 -1.57 -0.00 0.05 -0.77
-0.0000 0.0178 0.0000 0.00 -0.00 0.00 0.00 -0.00 0.00 0.00 -0.00 0.00 0.00 -0.00 0.00 0.00 -0.00 0.00 0.00 -0.00 0.00 0.00 -0.00 0.00 0.00 -0.00 0.00 0.00 -0.00 0.00 0.00 -0.00 0.00 0.00 -0.00 0.00 0.00 -0.00 0.00 0.00 -0.00 0.00 0.00 -0.00 0.00 0.00 -0.00 0.00 0.00 -0.00 0.00 0.00 -0.00 0.00 0.00 -0.00 0.00 0.00 -0.00 0.00 0.00 -0.00 0.00 0.00 -0.00 0.00 0.00 -0.00 0.00 0.00 -0.00 0.00 0.00 -0.00 0.00 0.00 -0.00 0.00 0.00 -0.00 0.00 0.00 -0.00 0.00 0.00 -0.00 0.00 0.00 -0.00 0.00 0.00 -0.00 0.00 0.00 -0.00 0.00 0.00 -0.00 0.00 0.00 -0.00 0.00 0.00 -0.00 0.00 0.00 -0.00 0.00 0.00 -0.00 0.00 0.00 -0.00 0.00 0.00 -0.00 0.00 0.00 -0.00 0.00 0.00 -0.00 0.00 0.00 -0.00 0.00 94.39 0.18 -156.33 0.01 -25.00 0.03 -11.23 0.58 43.47 -20.47 30.26 42.41 0.00 0.00 -0.00 -0.00 -0.00 -90.00 0.00 0.00 -100.00 -0.00 0.00 -80.00 0.00 0.00 -0.00 -0.00 -0.00 -90.00 0.00 0.00 -100.00 -0.00 0.00 -80.00 0.00 0.00 -0.00 -0.00 -0.00 -90.00 0.00 0.00 -100.00 -0.00 0.00 -80.00 0.00 0.00 -0.00 4.00 0.01 -0.08 -0.00 0.11 -1.57 -0.00 0.05 -0.77
-0.0000 0.0181 0.0000 0.00 -0.00 0.00 0.00 -0.00 0.00 0.00 -0.00 0.00 0.00 -0.00 0.00 0.00 -0.00 0.00 0.00 -0.00 0.00 0.00 -0.00 0.00 0.00 -0.00 0.00 0.00 -0.00 0.00 0.00 -0.00 0.00 0.00 -0.00 0.00 0.00 -0.00 0.00 0.00 -0.00 0.00 0.00 -0.00 0.00 0.00 -0.00 0.00 0.00 -0.00 0.00 0.00 -0.00 0.00 0.00 -0.00 0.00 0.00 -0.00 0.00 0.00 -0.00 0.00 0.00 -0.00 0.00 0.00 -0.00 0.00 0.00 -0.00 0.00 0.00 -0.00 0.00 0.00 -0.00 0.00 0.00 -0.00 0.00 0.00 -0.00 0.00 0.00 -0.00 0.00 0.00 -0.00 0.00 0.00 -0.00 0.00 0.00 -0.00 0.00 0.00 -0.00 0.00 0.00 -0.00 0.00 0.00 -0.00 0.00 0.00 -0.00 0.00 0.00 -0.00 0.00 0.00 -0.00 0.00 0.00 -0.00 0.00 0.00 -0.00 0.00 0.00 -0.00 0.00 0.00 -0.00 0.00 94.39 0.18 -156.33 0.01 -25.00 0.03 -11.23 0.58 43.47 -20.47 30.26 42.41 0.00 0.00 -0.00 -0.00 -0.00 -90.00 0.00 0.00 -100.00 -0.00 0.00 -80.00 0.00 0.00 -0.00 -0.00 -0.00 -90.00 0.00 0.00 -100.00 -0.00 0.00 -80.00 0.00 0.00 -0.00 -0.00 -0.00 -90.00 0.00 0.00 -100.00 -0.00 0.00 -80.00 0.00 0.00 -0.00 4.00 0.01 -0.08 -0.00 0.11 -1.57 -0.00 0.05 -0.77
-0.0000 0.0178 0.0000 0.00 -0.00 0.00 0.00 -0.00 0.00 0.00 -0.00 0.00 0.00 -0.00 0.00 0.00 -0.00 0.00 0.00 -0.00 0.00 0.00 -0.00 0.00 0.00 -0.00 0.00 0.00 -0.00 0.00 0.00 -0.00 0.00 0.00 -0.00 0.00 0.00 -0.00 0.00 0.00 -0.00 0.00 0.00 -0.00 0.00 0.00 -0.00 0.00 0.00 -0.00 0.00 0.00 -0.00 0.00 0.00 -0.00 0.00 0.00 -0.00 0.00 0.00 -0.00 0.00 0.00 -0.00 0.00 0.00 -0.00 0.00 0.00 -0.00 0.00 0.00 -0.00 0.00 0.00 -0.00 0.00 0.00 -0.00 0.00 0.00 -0.00 0.00 0.00 -0.00 0.00 0.00 -0.00 0.00 0.00 -0.00 0.00 0.00 -0.00 0.00 0.00 -0.00 0.00 0.00 -0.00 0.00 0.00 -0.00 0.00 0.00 -0.00 0.00 0.00 -0.00 0.00 0.00 -0.00 0.00 0.00 -0.00 0.00 0.00 -0.00 0.00 0.00 -0.00 0.00 0.00 -0.00 0.00 94.39 0.18 -156.33 0.01 -25.00 0.03 -11.23 0.58 43.47 -20.47 30.26 42.41 0.00 0.00 -0.00 -0.00 -0.00 -90.00 0.00 0.00 -100.00 -0.00 0.00 -80.00 0.00 0.00 -0.00 -0.00 -0.00 -90.00 0.00 0.00 -100.00 -0.00 0.00 -80.00 0.00 0.00 -0.00 -0.00 -0.00 -90.00 0.00 0.00 -100.00 -0.00 0.00 -80.00 0.00 0.00 -0.00 4.00 0.01 -0.08 -0.00 0.11 -1.57 -0.00 0.05 -0.77
-0.0000 0.0176 0.0000 0.00 -0.00 0.00 0.00 -0.00 0.00 0.00 -0.00 0.00 0.00 -0.00 0.00 0.00 -0.00 0.00 0.00 -0.00 0.00 0.00 -0.00 0.00 0.00 -0.00 0.00 0.00 -0.00 0.00 0.00 -0.00 0.00 0.00 -0.00 0.00 0.00 -0.00 0.00 0.00 -0.00 0.00 0.00 -0.00 0.00 0.00 -0.00 0.00 0.00 -0.00 0.00 0.00 -0.00 0.00 0.00 -0.00 0.00 0.00 -0.00 0.00 0.00 -0.00 0.00 0.00 -0.00 0.00 0.00 -0.00 0.00 0.00 -0.00 0.00 0.00 -0.00 0.00 0.00 -0.00 0.00 0.00 -0.00 0.00 0.00 -0.00 0.00 0.00 -0.00 0.00 0.00 -0.00 0.00 0.00 -0.00 0.00 0.00 -0.00 0.00 0.00 -0.00 0.00 0.00 -0.00 0.00 0.00 -0.00 0.00 0.00 -0.00 0.00 0.00 -0.00 0.00 0.00 -0.00 0.00 0.00 -0.00 0.00 0.00 -0.00 0.00 0.00 -0.00 0.00 0.00 -0.00 0.00 94.39 0.18 -156.33 0.01 -25.00 0.03 -11.23 0.58 43.47 -20.47 30.26 42.41 0.00 0.00 -0.00 -0.00 -0.00 -90.00 0.00 0.00 -100.00 -0.00 0.00 -80.00 0.00 0.00 -0.00 -0.00 -0.00 -90.00 0.00 0.00 -100.00 -0.00 0.00 -80.00 0.00 0.00 -0.00 -0.00 -0.00 -90.00 0.00 0.00 -100.00 -0.00 0.00 -80.00 0.00 0.00 -0.00 4.00 0.01 -0.08 -0.00 0.11 -1.57 -0.00 0.05 -0.77
-0.0000 0.0179 0.0000 0.00 -0.00 0.00 0.00 -0.00 0.00 0.00 -0.00 0.00 0.00 -0.00 0.00 0.00 -0.00 0.00 0.00 -0.00 0.00 0.00 -0.00 0.00 0.00 -0.00 0.00 0.00 -0.00 0.00 0.00 -0.00 0.00 0.00 -0.00 0.00 0.00 -0.00 0.00 0.00 -0.00 0.00 0.00 -0.00 0.00 0.00 -0.00 0.00 0.00 -0.00 0.00 0.00 -0.00 0.00 0.00 -0.00 0.00 0.00 -0.00 0.00 0.00 -0.00 0.00 0.00 -0.00 0.00 0.00 -0.00 0.00 0.00 -0.00 0.00 0.00 -0.00 0.00 0.00 -0.00 0.00 0.00 -0.00 0.00 0.00 -0.00 0.00 0.00 -0.00 0.00 0.00 -0.00 0.00 0.00 -0.00 0.00 0.00 -0.00 0.00 0.00 -0.00 0.00 0.00 -0.00 0.00 0.00 -0.00 0.00 0.00 -0.00 0.00 0.00 -0.00 0.00 0.00 -0.00 0.00 0.00 -0.00 0.00 0.00 -0.00 0.00 0.00 -0.00 0.00 0.00 -0.00 0.00 94.39 0.18 -156.33 0.01 -25.00 0.03 -11.23 0.58 43.47 -20.47 30.26 42.41 0.00 0.00 -0.00 -0.00 -0.00 -90.00 0.00 0.00 -100.00 -0.00 0.00 -80.00 0.00 0.00 -0.00 -0.00 -0.00 -90.00 0.00 0.00 -100.00 -0.00 0.00 -80.00 0.00 0.00 -0.00 -0.00 -0.00 -90.00 0.00 0.00 -100.00 -0.00 0.00 -80.00 0.00 0.00 -0.00 4.00 0.01 -0.08 -0.00 0.11 -1.57 -0.00 0.05 -0.77
-0.0000 0.0177 0.0000 0.00 -0.00 0.00 0.00 -0.00 0.00 0.00 -0.00 0.00 0.00 -0.00 0.00 0.00 -0.00 0.00 0.00 -0.00 0.00 0.00 -0.00 0.00 0.00 -0.00 0.00 0.00 -0.00 0.00 0.00 -0.00 0.00 0.00 -0.00 0.00 0.00 -0.00 0.00 0.00 -0.00 0.00 0.00 -0.00 0.00 0.00 -0.00 0.00 0.00 -0.00 0.00 0.00 -0.00 0.00 0.00 -0.00 0.00 0.00 -0.00 0.00 0.00 -0.00 0.00 0.00 -0.00 0.00 0.00 -0.00 0.00 0.00 -0.00 0.00 0.00 -0.00 0.00 0.00 -0.00 0.00 0.00 -0.00 0.00 0.00 -0.00 0.00 0.00 -0.00 0.00 0.00 -0.00 0.00 0.00 -0.00 0.00 0.00 -0.00 0.00 0.00 -0.00 0.00 0.00 -0.00 0.00 0.00 -0.00 0.00 0.00 -0.00 0.00 0.00 -0.00 0.00 0.00 -0.00 0.00 0.00 -0.00 0.00 0.00 -0.00 0.00 0.00 -0.00 0.00 0.00 -0.00 0.00 94.39 0.18 -156.33 0.01 -25.00 0.03 -11.23 0.58 43.47 -20.47 30.26 42.41 0.00 0.00 -0.00 -0.00 -0.00 -90.00 0.00 0.00 -100.00 -0.00 0.00 -80.00 0.00 0.00 -0.00 -0.00 -0.00 -90.00 0.00 0.00 -100.00 -0.00 0.00 -80.00 0.00 0.00 -0.00 -0.00 -0.00 -90.00 0.00 0.00 -100.00 -0.00 0.00 -80.00 0.00 0.00 -0.00 4.00 0.01 -0.08 -0.00 0.11 -1.57 -0.00 0.05 -0.77
-0.0000 0.0169 0.0000 0.00 -0.00 0.00 0.00 -0.00 0.00 0.00 -0.00 0.00 0.00 -0.00 0.00 0.00 -0.00 0.00 0.00 -0.00 0.00 0.00 -0.00 0.00 0.00 -0.00 0.00 0.00 -0.00 0.00 0.00 -0.00 0.00 0.00 -0.00 0.00 0.00 -0.00 0.00 0.00 -0.00 0.00 0.00 -0.00 0.00 0.00 -0.00 0.00 0.00 -0.00 0.00 0.00 -0.00 0.00 0.00 -0.00 0.00 0.00 -0.00 0.00 0.00 -0.00 0.00 0.00 -0.00 0.00 0.00 -0.00 0.00 0.00 -0.00 0.00 0.00 -0.00 0.00 0.00 -0.00 0.00 0.00 -0.00 0.00 0.00 -0.00 0.00 0.00 -0.00 0.00 0.00 -0.00 0.00 0.00 -0.00 0.00 0.00 -0.00 0.00 0.00 -0.00 0.00 0.00 -0.00 0.00 0.00 -0.00 0.00 0.00 -0.00 0.00 0.00 -0.00 0.00 0.00 -0.00 0.00 0.00 -0.00 0.00 0.00 -0.00 0.00 0.00 -0.00 0.00 0.00 -0.00 0.00 94.39 0.18 -156.33 0.01 -25.00 0.03 -11.23 0.58 43.47 -20.47 30.26 42.41 0.00 0.00 -0.00 -0.00 -0.00 -90.00 0.00 0.00 -100.00 -0.00 0.00 -80.00 0.00 0.00 -0.00 -0.00 -0.00 -90.00 0.00 0.00 -100.00 -0.00 0.00 -80.00 0.00 0.00 -0.00 -0.00 -0.00 -90.00 0.00 0.00 -100.00 -0.00 0.00 -80.00 0.00 0.00 -0.00 4.00 0.01 -0.08 -0.00 0.11 -1.57 -0.00 0.05 -0.77
-0.0000 0.0171 0.0000 0.00 -0.00 0.00 0.00 -0.00 0.00 0.00 -0.00 0.00 0.00 -0.00 0.00 0.00 -0.00 0.00 0.00 -0.00 0.00 0.00 -0.00 0.00 0.00 -0.00 0.00 0.00 -0.00 0.00 0.00 -0.00 0.00 0.00 -0.00 0.00 0.00 -0.00 0.00 0.00 -0.00 0.00 0.00 -0.00 0.00 0.00 -0.00 0.00 0.00 -0.00 0.00 0.00 -0.00 0.00 0.00 -0.00 0.00 0.00 -0.00 0.00 0.00 -0.00 0.00 0.00 -0.00 0.00 0.00 -0.00 0.00 0.00 -0.00 0.00 0.00 -0.00 0.00 0.00 -0.00 0.00 0.00 -0.00 0.00 0.00 -0.00 0.00 0.00 -0.00 0.00 0.00 -0.00 0.00 0.00 -0.00 0.00 0.00 -0.00 0.00 0.00 -0.00 0.00 0.00 -0.00 0.00 0.00 -0.00 0.00 0.00 -0.00 0.00 0.00 -0.00 0.00 0.00 -0.00 0.00 0.00 -0.00 0.00 0.00 -0.00 0.00 0.00 -0.00 0.00 0.00 -0.00 0.00 94.39 0.18 -156.33 0.01 -25.00 0.03 -11.23 0.58 43.47 -20.47 30.26 42.41 0.00 0.00 -0.00 -0.00 -0.00 -90.00 0.00 0.00 -100.00 -0.00 0.00 -80.00 0.00 0.00 -0.00 -0.00 -0.00 -90.00 0.00 0.00 -100.00 -0.00 0.00 -80.00 0.00 0.00 -0.00 -0.00 -0.00 -90.00 0.00 0.00 -100.00 -0.00 0.00 -80.00 0.00 0.00 -0.00 4.00 0.01 -0.08 -0.00 0.11 -1.57 -0.00 0.05 -0.77
-0.0000 0.0177 0.0000 0.00 -0.00 0.00 0.00 -0.00 0.00 0.00 -0.00 0.00 0.00 -0.00 0.00 0.00 -0.00 0.00 0.00 -0.00 0.00 0.00 -0.00 0.00 0.00 -0.00 0.00 0.00 -0.00 0.00 0.00 -0.00 0.00 0.00 -0.00 0.00 0.00 -0.00 0.00 0.00 -0.00 0.00 0.00 -0.00 0.00 0.00 -0.00 0.00 0.00 -0.00 0.00 0.00 -0.00 0.00 0.00 -0.00 0.00 0.00 -0.00 0.00 0.00 -0.00 0.00 0.00 -0.00 0.00 0.00 -0.00 0.00 0.00 -0.00 0.00 0.00 -0.00 0.00 0.00 -0.00 0.00 0.00 -0.00 0.00 0.00 -0.00 0.00 0.00 -0.00 0.00 0.00 -0.00 0.00 0.00 -0.00 0.00 0.00 -0.00 0.00 0.00 -0.00 0.00 0.00 -0.00 0.00 0.00 -0.00 0.00 0.00 -0.00 0.00 0.00 -0.00 0.00 0.00 -0.00 0.00 0.00 -0.00 0.00 0.00 -0.00 0.00 0.00 -0.00 0.00 0.00 -0.00 0.00 94.39 0.18 -156.33 0.01 -25.00 0.03 -11.23 0.58 43.47 -20.47 30.26 42.41 0.00 0.00 -0.00 -0.00 -0.00 -90.00 0.00 0.00 -100.00 -0.00 0.00 -80.00 0.00 0.00 -0.00 -0.00 -0.00 -90.00 0.00 0.00 -100.00 -0.00 0.00 -80.00 0.00 0.00 -0.00 -0.00 -0.00 -90.00 0.00 0.00 -100.00 -0.00 0.00 -80.00 0.00 0.00 -0.00 4.00 0.01 -0.08 -0.00 0.11 -1.57 -0.00 0.05 -0.77
-0.0000 0.0168 0.0000 0.00 -0.00 0.00 0.00 -0.00 0.00 0.00 -0.00 0.00 0.00 -0.00 0.00 0.00 -0.00 0.00 0.00 -0.00 0.00 0.00 -0.00 0.00 0.00 -0.00 0.00 0.00 -0.00 0.00 0.00 -0.00 0.00 0.00 -0.00 0.00 0.00 -0.00 0.00 0.00 -0.00 0.00 0.00 -0.00 0.00 0.00 -0.00 0.00 0.00 -0.00 0.00 0.00 -0.00 0.00 0.00 -0.00 0.00 0.00 -0.00 0.00 0.00 -0.00 0.00 0.00 -0.00 0.00 0.00 -0.00 0.00 0.00 -0.00 0.00 0.00 -0.00 0.00 0.00 -0.00 0.00 0.00 -0.00 0.00 0.00 -0.00 0.00 0.00 -0.00 0.00 0.00 -0.00 0.00 0.00 -0.00 0.00 0.00 -0.00 0.00 0.00 -0.00 0.00 0.00 -0.00 0.00 0.00 -0.00 0.00 0.00 -0.00 0.00 0.00 -0.00 0.00 0.00 -0.00 0.00 0.00 -0.00 0.00 0.00 -0.00 0.00 0.00 -0.00 0.00 0.00 -0.00 0.00 94.39 0.18 -156.33 0.01 -25.00 0.03 -11.23 0.58 43.47 -20.47 30.26 42.41 0.00 0.00 -0.00 -0.00 -0.00 -90.00 0.00 0.00 -100.00 -0.00 0.00 -80.00 0.00 0.00 -0.00 -0.00 -0.00 -90.00 0.00 0.00 -100.00 -0.00 0.00 -80.00 0.00 0.00 -0.00 -0.00 -0.00 -90.00 0.00 0.00 -100.00 -0.00 0.00 -80.00 0.00 0.00 -0.00 4.00 0.01 -0.08 -0.00 0.11 -1.57 -0.00 0.05 -0.77
-0.0000 0.0151 0.0000 0.00 -0.00 0.00 0.00 -0.00 0.00 0.00 -0.00 0.00 0.00 -0.00 0.00 0.00 -0.00 0.00 0.00 -0.00 0.00 0.00 -0.00 0.00 0.00 -0.00 0.00 0.00 -0.00 0.00 0.00 -0.00 0.00 0.00 -0.00 0.00 0.00 -0.00 0.00 0.00 -0.00 0.00 0.00 -0.00 0.00 0.00 -0.00 0.00 0.00 -0.00 0.00 0.00 -0.00 0.00 0.00 -0.00 0.00 0.00 -0.00 0.00 0.00 -0.00 0.00 0.00 -0.00 0.00 0.00 -0.00 0.00 0.00 -0.00 0.00 0.00 -0.00 0.00 0.00 -0.00 0.00 0.00 -0.00 0.00 0.00 -0.00 0.00 0.00 -0.00 0.00 0.00 -0.00 0.00 0.00 -0.00 0.00 0.00 -0.00 0.00 0.00 -0.00 0.00 0.00 -0.00 0.00 0.00 -0.00 0.00 0.00 -0.00 0.00 0.00 -0.00 0.00 0.00 -0.00 0.00 0.00 -0.00 0.00 0.00 -0.00 0.00 0.00 -0.00 0.00 0.00 -0.00 0.00 94.39 0.18 -156.33 0.01 -25.00 0.03 -11.23 0.58 43.47 -20.47 30.26 42.41 0.00 0.00 -0.00 -0.00 -0.00 -90.00 0.00 0.00 -100.00 -0.00 0.00 -80.00 0.00 0.00 -0.00 -0.00 -0.00 -90.00 0.00 0.00 -100.00 -0.00 0.00 -80.00 0.00 0.00 -0.00 -0.00 -0.00 -90.00 0.00 0.00 -100.00 -0.00 0.00 -80.00 0.00 0.00 -0.00 4.00 0.01 -0.08 -0.00 0.11 -1.57 -0.00 0.05 -0.77
-0.0000 0.0157 0.0000 0.00 -0.00 0.00 0.00 -0.00 0.00 0.00 -0.00 0.00 0.00 -0.00 0.00 0.00 -0.00 0.00 0.00 -0.00 0.00 0.00 -0.00 0.00 0.00 -0.00 0.00 0.00 -0.00 0.00 0.00 -0.00 0.00 0.00 -0.00 0.00 0.00 -0.00 0.00 0.00 -0.00 0.00 0.00 -0.00 0.00 0.00 -0.00 0.00 0.00 -0.00 0.00 0.00 -0.00 0.00 0.00 -0.00 0.00 0.00 -0.00 0.00 0.00 -0.00 0.00 0.00 -0.00 0.00 0.00 -0.00 0.00 0.00 -0.00 0.00 0.00 -0.00 0.00 0.00 -0.00 0.00 0.00 -0.00 0.00 0.00 -0.00 0.00 0.00 -0.00 0.00 0.00 -0.00 0.00 0.00 -0.00 0.00 0.00 -0.00 0.00 0.00 -0.00 0.00 0.00 -0.00 0.00 0.00 -0.00 0.00 0.00 -0.00 0.00 0.00 -0.00 0.00 0.00 -0.00 0.00 0.00 -0.00 0.00 0.00 -0.00 0.00 0.00 -0.00 0.00 0.00 -0.00 0.00 94.39 0.18 -156.33 0.01 -25.00 0.03 -11.23 0.58 43.47 -20.47 30.26 42.41 0.00 0.00 -0.00 -0.00 -0.00 -90.00 0.00 0.00 -100.00 -0.00 0.00 -80.00 0.00 0.00 -0.00 -0.00 -0.00 -90.00 0.00 0.00 -100.00 -0.00 0.00 -80.00 0.00 0.00 -0.00 -0.00 -0.00 -90.00 0.00 0.00 -100.00 -0.00 0.00 -80.00 0.00 0.00 -0.00 4.00 0.01 -0.08 -0.00 0.11 -1.57 -0.00 0.05 -0.77
-0.0000 0.0160 0.0000 0.00 -0.00 0.00 0.00 -0.00 0.00 0.00 -0.00 0.00 0.00 -0.00 0.00 0.00 -0.00 0.00 0.00 -0.00 0.00 0.00 -0.00 0.00 0.00 -0.00 0.00 0.00 -0.00 0.00 0.00 -0.00 0.00 0.00 -0.00 0.00 0.00 -0.00 0.00 0.00 -0.00 0.00 0.00 -0.00 0.00 0.00 -0.00 0.00 0.00 -0.00 0.00 0.00 -0.00 0.00 0.00 -0.00 0.00 0.00 -0.00 0.00 0.00 -0.00 0.00 0.00 -0.00 0.00 0.00 -0.00 0.00 0.00 -0.00 0.00 0.00 -0.00 0.00 0.00 -0.00 0.00 0.00 -0.00 0.00 0.00 -0.00 0.00 0.00 -0.00 0.00 0.00 -0.00 0.00 0.00 -0.00 0.00 0.00 -0.00 0.00 0.00 -0.00 0.00 0.00 -0.00 0.00 0.00 -0.00 0.00 0.00 -0.00 0.00 0.00 -0.00 0.00 0.00 -0.00 0.00 0.00 -0.00 0.00 0.00 -0.00 0.00 0.00 -0.00 0.00 0.00 -0.00 0.00 94.39 0.18 -156.33 0.01 -25.00 0.03 -11.23 0.58 43.47 -20.47 30.26 42.41 0.00 0.00 -0.00 -0.00 -0.00 -90.00 0.00 0.00 -100.00 -0.00 0.00 -80.00 0.00 0.00 -0.00 -0.00 -0.00 -90.00 0.00 0.00 -100.00 -0.00 0.00 -80.00 0.00 0.00 -0.00 -0.00 -0.00 -90.00 0.00 0.00 -100.00 -0.00 0.00 -80.00 0.00 0.00 -0.00 4.00 0.01 -0.08 -0.00 0.11 -1.57 -0.00 0.05 -0.77
-0.0000 0.0159 0.0000 0.00 -0.00 0.00 0.00 -0.00 0.00 0.00 -0.00 0.00 0.00 -0.00 0.00 0.00 -0.00 0.00 0.00 -0.00 0.00 0.00 -0.00 0.00 0.00 -0.00 0.00 0.00 -0.00 0.00 0.00 -0.00 0.00 0.00 -0.00 0.00 0.00 -0.00 0.00 0.00 -0.00 0.00 0.00 -0.00 0.00 0.00 -0.00 0.00 0.00 -0.00 0.00 0.00 -0.00 0.00 0.00 -0.00 0.00 0.00 -0.00 0.00 0.00 -0.00 0.00 0.00 -0.00 0.00 0.00 -0.00 0.00 0.00 -0.00 0.00 0.00 -0.00 0.00 0.00 -0.00 0.00 0.00 -0.00 0.00 0.00 -0.00 0.00 0.00 -0.00 0.00 0.00 -0.00 0.00 0.00 -0.00 0.00 0.00 -0.00 0.00 0.00 -0.00 0.00 0.00 -0.00 0.00 0.00 -0.00 0.00 0.00 -0.00 0.00 0.00 -0.00 0.00 0.00 -0.00 0.00 0.00 -0.00 0.00 0.00 -0.00 0.00 0.00 -0.00 0.00 0.00 -0.00 0.00 94.39 0.18 -156.33 0.01 -25.00 0.03 -11.23 0.58 43.47 -20.47 30.26 42.41 0.00 0.00 -0.00 -0.00 -0.00 -90.00 0.00 0.00 -100.00 -0.00 0.00 -80.00 0.00 0.00 -0.00 -0.00 -0.00 -90.00 0.00 0.00 -100.00 -0.00 0.00 -80.00 0.00 0.00 -0.00 -0.00 -0.00 -90.00 0.00 0.00 -100.00 -0.00 0.00 -80.00 0.00 0.00 -0.00 4.00 0.01 -0.08 -0.00 0.11 -1.57 -0.00 0.05 -0.77
-0.0000 0.0158 0.0000 0.00 -0.00 0.00 0.00 -0.00 0.00 0.00 -0.00 0.00 0.00 -0.00 0.00 0.00 -0.00 0.00 0.00 -0.00 0.00 0.00 -0.00 0.00 0.00 -0.00 0.00 0.00 -0.00 0.00 0.00 -0.00 0.00 0.00 -0.00 0.00 0.00 -0.00 0.00 0.00 -0.00 0.00 0.00 -0.00 0.00 0.00 -0.00 0.00 0.00 -0.00 0.00 0.00 -0.00 0.00 0.00 -0.00 0.00 0.00 -0.00 0.00 0.00 -0.00 0.00 0.00 -0.00 0.00 0.00 -0.00 0.00 0.00 -0.00 0.00 0.00 -0.00 0.00 0.00 -0.00 0.00 0.00 -0.00 0.00 0.00 -0.00 0.00 0.00 -0.00 0.00 0.00 -0.00 0.00 0.00 -0.00 0.00 0.00 -0.00 0.00 0.00 -0.00 0.00 0.00 -0.00 0.00 0.00 -0.00 0.00 0.00 -0.00 0.00 0.00 -0.00 0.00 0.00 -0.00 0.00 0.00 -0.00 0.00 0.00 -0.00 0.00 0.00 -0.00 0.00 0.00 -0.00 0.00 94.39 0.18 -156.33 0.01 -25.00 0.03 -11.23 0.58 43.47 -20.47 30.26 42.41 0.00 0.00 -0.00 -0.00 -0.00 -90.00 0.00 0.00 -100.00 -0.00 0.00 -80.00 0.00 0.00 -0.00 -0.00 -0.00 -90.00 0.00 0.00 -100.00 -0.00 0.00 -80.00 0.00 0.00 -0.00 -0.00 -0.00 -90.00 0.00 0.00 -100.00 -0.00 0.00 -80.00 0.00 0.00 -0.00 4.00 0.01 -0.08 -0.00 0.11 -1.57 -0.00 0.05 -0.77
-0.0000 0.0150 0.0000 0.00 -0.00 0.00 0.00 -0.00 0.00 0.00 -0.00 0.00 0.00 -0.00 0.00 0.00 -0.00 0.00 0.00 -0.00 0.00 0.00 -0.00 0.00 0.00 -0.00 0.00 0.00 -0.00 0.00 0.00 -0.00 0.00 0.00 -0.00 0.00 0.00 -0.00 0.00 0.00 -0.00 0.00 0.00 -0.00 0.00 0.00 -0.00 0.00 0.00 -0.00 0.00 0.00 -0.00 0.00 0.00 -0.00 0.00 0.00 -0.00 0.00 0.00 -0.00 0.00 0.00 -0.00 0.00 0.00 -0.00 0.00 0.00 -0.00 0.00 0.00 -0.00 0.00 0.00 -0.00 0.00 0.00 -0.00 0.00 0.00 -0.00 0.00 0.00 -0.00 0.00 0.00 -0.00 0.00 0.00 -0.00 0.00 0.00 -0.00 0.00 0.00 -0.00 0.00 0.00 -0.00 0.00 0.00 -0.00 0.00 0.00 -0.00 0.00 0.00 -0.00 0.00 0.00 -0.00 0.00 0.00 -0.00 0.00 0.00 -0.00 0.00 0.00 -0.00 0.00 0.00 -0.00 0.00 94.39 0.18 -156.33 0.01 -25.00 0.03 -11.23 0.58 43.47 -20.47 30.26 42.41 0.00 0.00 -0.00 -0.00 -0.00 -90.00 0.00 0.00 -100.00 -0.00 0.00 -80.00 0.00 0.00 -0.00 -0.00 -0.00 -90.00 0.00 0.00 -100.00 -0.00 0.00 -80.00 0.00 0.00 -0.00 -0.00 -0.00 -90.00 0.00 0.00 -100.00 -0.00 0.00 -80.00 0.00 0.00 -0.00 4.00 0.01 -0.08 -0.00 0.11 -1.57 -0.00 0.05 -0.77
-0.0000 0.0150 0.0000 0.00 -0.00 0.00 0.00 -0.00 0.00 0.00 -0.00 0.00 0.00 -0.00 0.00 0.00 -0.00 0.00 0.00 -0.00 0.00 0.00 -0.00 0.00 0.00 -0.00 0.00 0.00 -0.00 0.00 0.00 -0.00 0.00 0.00 -0.00 0.00 0.00 -0.00 0.00 0.00 -0.00 0.00 0.00 -0.00 0.00 0.00 -0.00 0.00 0.00 -0.00 0.00 0.00 -0.00 0.00 0.00 -0.00 0.00 0.00 -0.00 0.00 0.00 -0.00 0.00 0.00 -0.00 0.00 0.00 -0.00 0.00 0.00 -0.00 0.00 0.00 -0.00 0.00 0.00 -0.00 0.00 0.00 -0.00 0.00 0.00 -0.00 0.00 0.00 -0.00 0.00 0.00 -0.00 0.00 0.00 -0.00 0.00 0.00 -0.00 0.00 0.00 -0.00 0.00 0.00 -0.00 0.00 0.00 -0.00 0.00 0.00 -0.00 0.00 0.00 -0.00 0.00 0.00 -0.00 0.00 0.00 -0.00 0.00 0.00 -0.00 0.00 0.00 -0.00 0.00 0.00 -0.00 0.00 94.39 0.18 -156.33 0.01 -25.00 0.03 -11.23 0.58 43.47 -20.47 30.26 42.41 0.00 0.00 -0.00 -0.00 -0.00 -90.00 0.00 0.00 -100.00 -0.00 0.00 -80.00 0.00 0.00 -0.00 -0.00 -0.00 -90.00 0.00 0.00 -100.00 -0.00 0.00 -80.00 0.00 0.00 -0.00 -0.00 -0.00 -90.00 0.00 0.00 -100.00 -0.00 0.00 -80.00 0.00 0.00 -0.00 4.00 0.01 -0.08 -0.00 0.11 -1.57 -0.00 0.05 -0.77
-0.0000 0.0157 0.0000 0.00 -0.00 0.00 0.00 -0.00 0.00 0.00 -0.00 0.00 0.00 -0.00 0.00 0.00 -0.00 0.00 0.00 -0.00 0.00 0.00 -0.00 0.00 0.00 -0.00 0.00 0.00 -0.00 0.00 0.00 -0.00 0.00 0.00 -0.00 0.00 0.00 -0.00 0.00 0.00 -0.00 0.00 0.00 -0.00 0.00 0.00 -0.00 0.00 0.00 -0.00 0.00 0.00 -0.00 0.00 0.00 -0.00 0.00 0.00 -0.00 0.00 0.00 -0.00 0.00 0.00 -0.00 0.00 0.00 -0.00 0.00 0.00 -0.00 0.00 0.00 -0.00 0.00 0.00 -0.00 0.00 0.00 -0.00 0.00 0.00 -0.00 0.00 0.00 -0.00 0.00 0.00 -0.00 0.00 0.00 -0.00 0.00 0.00 -0.00 0.00 0.00 -0.00 0.00 0.00 -0.00 0.00 0.00 -0.00 0.00 0.00 -0.00 0.00 0.00 -0.00 0.00 0.00 -0.00 0.00 0.00 -0.00 0.00 0.00 -0.00 0.00 0.00 -0.00 0.00 0.00 -0.00 0.00 94.39 0.18 -156.33 0.01 -25.00 0.03 -11.23 0.58 43.47 -20.47 30.26 42.41 0.00 0.00 -0.00 -0.00 -0.00 -90.00 0.00 0.00 -100.00 -0.00 0.00 -80.00 0.00 0.00 -0.00 -0.00 -0.00 -90.00 0.00 0.00 -100.00 -0.00 0.00 -80.00 0.00 0.00 -0.00 -0.00 -0.00 -90.00 0.00 0.00 -100.00 -0.00 0.00 -80.00 0.00 0.00 -0.00 4.00 0.01 -0.08 -0.00 0.11 -1.57 -0.00 0.05 -0.77
-0.0000 0.0156 0.0000 0.00 -0.00 0.00 0.00 -0.00 0.00 0.00 -0.00 0.00 0.00 -0.00 0.00 0.00 -0.00 0.00 0.00 -0.00 0.00 0.00 -0.00 0.00 0.00 -0.00 0.00 0.00 -0.00 0.00 0.00 -0.00 0.00 0.00 -0.00 0.00 0.00 -0.00 0.00 0.00 -0.00 0.00 0.00 -0.00 0.00 0.00 -0.00 0.00 0.00 -0.00 0.00 0.00 -0.00 0.00 0.00 -0.00 0.00 0.00 -0.00 0.00 0.00 -0.00 0.00 0.00 -0.00 0.00 0.00 -0.00 0.00 0.00 -0.00 0.00 0.00 -0.00 0.00 0.00 -0.00 0.00 0.00 -0.00 0.00 0.00 -0.00 0.00 0.00 -0.00 0.00 0.00 -0.00 0.00 0.00 -0.00 0.00 0.00 -0.00 0.00 0.00 -0.00 0.00 0.00 -0.00 0.00 0.00 -0.00 0.00 0.00 -0.00 0.00 0.00 -0.00 0.00 0.00 -0.00 0.00 0.00 -0.00 0.00 0.00 -0.00 0.00 0.00 -0.00 0.00 0.00 -0.00 0.00 94.39 0.18 -156.33 0.01 -25.00 0.03 -11.23 0.58 43.47 -20.47 30.26 42.41 0.00 0.00 -0.00 -0.00 -0.00 -90.00 0.00 0.00 -100.00 -0.00 0.00 -80.00 0.00 0.00 -0.00 -0.00 -0.00 -90.00 0.00 0.00 -100.00 -0.00 0.00 -80.00 0.00 0.00 -0.00 -0.00 -0.00 -90.00 0.00 0.00 -100.00 -0.00 0.00 -80.00 0.00 0.00 -0.00 4.00 0.01 -0.08 -0.00 0.11 -1.57 -0.00 0.05 -0.77
-0.0000 0.0157 0.0000 0.00 -0.00 0.00 0.00 -0.00 0.00 0.00 -0.00 0.00 0.00 -0.00 0.00 0.00 -0.00 0.00 0.00 -0.00 0.00 0.00 -0.00 0.00 0.00 -0.00 0.00 0.00 -0.00 0.00 0.00 -0.00 0.00 0.00 -0.00 0.00 0.00 -0.00 0.00 0.00 -0.00 0.00 0.00 -0.00 0.00 0.00 -0.00 0.00 0.00 -0.00 0.00 0.00 -0.00 0.00 0.00 -0.00 0.00 0.00 -0.00 0.00 0.00 -0.00 0.00 0.00 -0.00 0.00 0.00 -0.00 0.00 0.00 -0.00 0.00 0.00 -0.00 0.00 0.00 -0.00 0.00 0.00 -0.00 0.00 0.00 -0.00 0.00 0.00 -0.00 0.00 0.00 -0.00 0.00 0.00 -0.00 0.00 0.00 -0.00 0.00 0.00 -0.00 0.00 0.00 -0.00 0.00 0.00 -0.00 0.00 0.00 -0.00 0.00 0.00 -0.00 0.00 0.00 -0.00 0.00 0.00 -0.00 0.00 0.00 -0.00 0.00 0.00 -0.00 0.00 0.00 -0.00 0.00 94.39 0.18 -156.33 0.01 -25.00 0.03 -11.23 0.58 43.47 -20.47 30.26 42.41 0.00 0.00 -0.00 -0.00 -0.00 -90.00 0.00 0.00 -100.00 -0.00 0.00 -80.00 0.00 0.00 -0.00 -0.00 -0.00 -90.00 0.00 0.00 -100.00 -0.00 0.00 -80.00 0.00 0.00 -0.00 -0.00 -0.00 -90.00 0.00 0.00 -100.00 -0.00 0.00 -80.00 0.00 0.00 -0.00 4.00 0.01 -0.08 -0.00 0.11 -1.57 -0.00 0.05 -0.77
-0.0000 0.0163 0.0000 0.00 -0.00 0.00 0.00 -0.00 0.00 0.00 -0.00 0.00 0.00 -0.00 0.00 0.00 -0.00 0.00 0.00 -0.00 0.00 0.00 -0.00 0.00 0.00 -0.00 0.00 0.00 -0.00 0.00 0.00 -0.00 0.00 0.00 -0.00 0.00 0.00 -0.00 0.00 0.00 -0.00 0.00 0.00 -0.00 0.00 0.00 -0.00 0.00 0.00 -0.00 0.00 0.00 -0.00 0.00 0.00 -0.00 0.00 0.00 -0.00 0.00 0.00 -0.00 0.00 0.00 -0.00 0.00 0.00 -0.00 0.00 0.00 -0.00 0.00 0.00 -0.00 0.00 0.00 -0.00 0.00 0.00 -0.00 0.00 0.00 -0.00 0.00 0.00 -0.00 0.00 0.00 -0.00 0.00 0.00 -0.00 0.00 0.00 -0.00 0.00 0.00 -0.00 0.00 0.00 -0.00 0.00 0.00 -0.00 0.00 0.00 -0.00 0.00 0.00 -0.00 0.00 0.00 -0.00 0.00 0.00 -0.00 0.00 0.00 -0.00 0.00 0.00 -0.00 0.00 0.00 -0.00 0.00 94.39 0.18 -156.33 0.01 -25.00 0.03 -11.23 0.58 43.47 -20.47 30.26 42.41 0.00 0.00 -0.00 -0.00 -0.00 -90.00 0.00 0.00 -100.00 -0.00 0.00 -80.00 0.00 0.00 -0.00 -0.00 -0.00 -90.00 0.00 0.00 -100.00 -0.00 0.00 -80.00 0.00 0.00 -0.00 -0.00 -0.00 -90.00 0.00 0.00 -100.00 -0.00 0.00 -80.00 0.00 0.00 -0.00 4.00 0.01 -0.08 -0.00 0.11 -1.57 -0.00 0.05 -0.77
-0.0000 0.0157 0.0000 0.00 -0.00 0.00 0.00 -0.00 0.00 0.00 -0.00 0.00 0.00 -0.00 0.00 0.00 -0.00 0.00 0.00 -0.00 0.00 0.00 -0.00 0.00 0.00 -0.00 0.00 0.00 -0.00 0.00 0.00 -0.00 0.00 0.00 -0.00 0.00 0.00 -0.00 0.00 0.00 -0.00 0.00 0.00 -0.00 0.00 0.00 -0.00 0.00 0.00 -0.00 0.00 0.00 -0.00 0.00 0.00 -0.00 0.00 0.00 -0.00 0.00 0.00 -0.00 0.00 0.00 -0.00 0.00 0.00 -0.00 0.00 0.00 -0.00 0.00 0.00 -0.00 0.00 0.00 -0.00 0.00 0.00 -0.00 0.00 0.00 -0.00 0.00 0.00 -0.00 0.00 0.00 -0.00 0.00 0.00 -0.00 0.00 0.00 -0.00 0.00 0.00 -0.00 0.00 0.00 -0.00 0.00 0.00 -0.00 0.00 0.00 -0.00 0.00 0.00 -0.00 0.00 0.00 -0.00 0.00 0.00 -0.00 0.00 0.00 -0.00 0.00 0.00 -0.00 0.00 0.00 -0.00 0.00 94.39 0.18 -156.33 0.01 -25.00 0.03 -11.23 0.58 43.47 -20.47 30.26 42.41 0.00 0.00 -0.00 -0.00 -0.00 -90.00 0.00 0.00 -100.00 -0.00 0.00 -80.00 0.00 0.00 -0.00 -0.00 -0.00 -90.00 0.00 0.00 -100.00 -0.00 0.00 -80.00 0.00 0.00 -0.00 -0.00 -0.00 -90.00 0.00 0.00 -100.00 -0.00 0.00 -80.00 0.00 0.00 -0.00 4.00 0.01 -0.08 -0.00 0.11 -1.57 -0.00 0.05 -0.77
-0.0000 0.0157 0.0000 0.00 -0.00 0.00 0.00 -0.00 0.00 0.00 -0.00 0.00 0.00 -0.00 0.00 0.00 -0.00 0.00 0.00 -0.00 0.00 0.00 -0.00 0.00 0.00 -0.00 0.00 0.00 -0.00 0.00 0.00 -0.00 0.00 0.00 -0.00 0.00 0.00 -0.00 0.00 0.00 -0.00 0.00 0.00 -0.00 0.00 0.00 -0.00 0.00 0.00 -0.00 0.00 0.00 -0.00 0.00 0.00 -0.00 0.00 0.00 -0.00 0.00 0.00 -0.00 0.00 0.00 -0.00 0.00 0.00 -0.00 0.00 0.00 -0.00 0.00 0.00 -0.00 0.00 0.00 -0.00 0.00 0.00 -0.00 0.00 0.00 -0.00 0.00 0.00 -0.00 0.00 0.00 -0.00 0.00 0.00 -0.00 0.00 0.00 -0.00 0.00 0.00 -0.00 0.00 0.00 -0.00 0.00 0.00 -0.00 0.00 0.00 -0.00 0.00 0.00 -0.00 0.00 0.00 -0.00 0.00 0.00 -0.00 0.00 0.00 -0.00 0.00 0.00 -0.00 0.00 0.00 -0.00 0.00 94.39 0.18 -156.33 0.01 -25.00 0.03 -11.23 0.58 43.47 -20.47 30.26 42.41 0.00 0.00 -0.00 -0.00 -0.00 -90.00 0.00 0.00 -100.00 -0.00 0.00 -80.00 0.00 0.00 -0.00 -0.00 -0.00 -90.00 0.00 0.00 -100.00 -0.00 0.00 -80.00 0.00 0.00 -0.00 -0.00 -0.00 -90.00 0.00 0.00 -100.00 -0.00 0.00 -80.00 0.00 0.00 -0.00 4.00 0.01 -0.08 -0.00 0.11 -1.57 -0.00 0.05 -0.77
-0.0000 0.0157 0.0000 0.00 -0.00 0.00 0.00 -0.00 0.00 0.00 -0.00 0.00 0.00 -0.00 0.00 0.00 -0.00 0.00 0.00 -0.00 0.00 0.00 -0.00 0.00 0.00 -0.00 0.00 0.00 -0.00 0.00 0.00 -0.00 0.00 0.00 -0.00 0.00 0.00 -0.00 0.00 0.00 -0.00 0.00 0.00 -0.00 0.00 0.00 -0.00 0.00 0.00 -0.00 0.00 0.00 -0.00 0.00 0.00 -0.00 0.00 0.00 -0.00 0.00 0.00 -0.00 0.00 0.00 -0.00 0.00 0.00 -0.00 0.00 0.00 -0.00 0.00 0.00 -0.00 0.00 0.00 -0.00 0.00 0.00 -0.00 0.00 0.00 -0.00 0.00 0.00 -0.00 0.00 0.00 -0.00 0.00 0.00 -0.00 0.00 0.00 -0.00 0.00 0.00 -0.00 0.00 0.00 -0.00 0.00 0.00 -0.00 0.00 0.00 -0.00 0.00 0.00 -0.00 0.00 0.00 -0.00 0.00 0.00 -0.00 0.00 0.00 -0.00 0.00 0.00 -0.00 0.00 0.00 -0.00 0.00 94.39 0.18 -156.33 0.01 -25.00 0.03 -11.23 0.58 43.47 -20.47 30.26 42.41 0.00 0.00 -0.00 -0.00 -0.00 -90.00 0.00 0.00 -100.00 -0.00 0.00 -80.00 0.00 0.00 -0.00 -0.00 -0.00 -90.00 0.00 0.00 -100.00 -0.00 0.00 -80.00 0.00 0.00 -0.00 -0.00 -0.00 -90.00 0.00 0.00 -100.00 -0.00 0.00 -80.00 0.00 0.00 -0.00 4.00 0.01 -0.08 -0.00 0.11 -1.57 -0.00 0.05 -0.77
-0.0000 0.0159 0.0000 0.00 -0.00 0.00 0.00 -0.00 0.00 0.00 -0.00 0.00 0.00 -0.00 0.00 0.00 -0.00 0.00 0.00 -0.00 0.00 0.00 -0.00 0.00 0.00 -0.00 0.00 0.00 -0.00 0.00 0.00 -0.00 0.00 0.00 -0.00 0.00 0.00 -0.00 0.00 0.00 -0.00 0.00 0.00 -0.00 0.00 0.00 -0.00 0.00 0.00 -0.00 0.00 0.00 -0.00 0.00 0.00 -0.00 0.00 0.00 -0.00 0.00 0.00 -0.00 0.00 0.00 -0.00 0.00 0.00 -0.00 0.00 0.00 -0.00 0.00 0.00 -0.00 0.00 0.00 -0.00 0.00 0.00 -0.00 0.00 0.00 -0.00 0.00 0.00 -0.00 0.00 0.00 -0.00 0.00 0.00 -0.00 0.00 0.00 -0.00 0.00 0.00 -0.00 0.00 0.00 -0.00 0.00 0.00 -0.00 0.00 0.00 -0.00 0.00 0.00 -0.00 0.00 0.00 -0.00 0.00 0.00 -0.00 0.00 0.00 -0.00 0.00 0.00 -0.00 0.00 0.00 -0.00 0.00 94.39 0.18 -156.33 0.01 -25.00 0.03 -11.23 0.58 43.47 -20.47 30.26 42.41 0.00 0.00 -0.00 -0.00 -0.00 -90.00 0.00 0.00 -100.00 -0.00 0.00 -80.00 0.00 0.00 -0.00 -0.00 -0.00 -90.00 0.00 0.00 -100.00 -0.00 0.00 -80.00 0.00 0.00 -0.00 -0.00 -0.00 -90.00 0.00 0.00 -100.00 -0.00 0.00 -80.00 0.00 0.00 -0.00 4.00 0.01 -0.08 -0.00 0.11 -1.57 -0.00 0.05 -0.77
-0.0000 0.0159 0.0000 0.00 -0.00 0.00 0.00 -0.00 0.00 0.00 -0.00 0.00 0.00 -0.00 0.00 0.00 -0.00 0.00 0.00 -0.00 0.00 0.00 -0.00 0.00 0.00 -0.00 0.00 0.00 -0.00 0.00 0.00 -0.00 0.00 0.00 -0.00 0.00 0.00 -0.00 0.00 0.00 -0.00 0.00 0.00 -0.00 0.00 0.00 -0.00 0.00 0.00 -0.00 0.00 0.00 -0.00 0.00 0.00 -0.00 0.00 0.00 -0.00 0.00 0.00 -0.00 0.00 0.00 -0.00 0.00 0.00 -0.00 0.00 0.00 -0.00 0.00 0.00 -0.00 0.00 0.00 -0.00 0.00 0.00 -0.00 0.00 0.00 -0.00 0.00 0.00 -0.00 0.00 0.00 -0.00 0.00 0.00 -0.00 0.00 0.00 -0.00 0.00 0.00 -0.00 0.00 0.00 -0.00 0.00 0.00 -0.00 0.00 0.00 -0.00 0.00 0.00 -0.00 0.00 0.00 -0.00 0.00 0.00 -0.00 0.00 0.00 -0.00 0.00 0.00 -0.00 0.00 0.00 -0.00 0.00 94.39 0.18 -156.33 0.01 -25.00 0.03 -11.23 0.58 43.47 -20.47 30.26 42.41 0.00 0.00 -0.00 -0.00 -0.00 -90.00 0.00 0.00 -100.00 -0.00 0.00 -80.00 0.00 0.00 -0.00 -0.00 -0.00 -90.00 0.00 0.00 -100.00 -0.00 0.00 -80.00 0.00 0.00 -0.00 -0.00 -0.00 -90.00 0.00 0.00 -100.00 -0.00 0.00 -80.00 0.00 0.00 -0.00 4.00 0.01 -0.08 -0.00 0.11 -1.57 -0.00 0.05 -0.77
-0.0000 0.0155 0.0000 0.00 -0.00 0.00 0.00 -0.00 0.00 0.00 -0.00 0.00 0.00 -0.00 0.00 0.00 -0.00 0.00 0.00 -0.00 0.00 0.00 -0.00 0.00 0.00 -0.00 0.00 0.00 -0.00 0.00 0.00 -0.00 0.00 0.00 -0.00 0.00 0.00 -0.00 0.00 0.00 -0.00 0.00 0.00 -0.00 0.00 0.00 -0.00 0.00 0.00 -0.00 0.00 0.00 -0.00 0.00 0.00 -0.00 0.00 0.00 -0.00 0.00 0.00 -0.00 0.00 0.00 -0.00 0.00 0.00 -0.00 0.00 0.00 -0.00 0.00 0.00 -0.00 0.00 0.00 -0.00 0.00 0.00 -0.00 0.00 0.00 -0.00 0.00 0.00 -0.00 0.00 0.00 -0.00 0.00 0.00 -0.00 0.00 0.00 -0.00 0.00 0.00 -0.00 0.00 0.00 -0.00 0.00 0.00 -0.00 0.00 0.00 -0.00 0.00 0.00 -0.00 0.00 0.00 -0.00 0.00 0.00 -0.00 0.00 0.00 -0.00 0.00 0.00 -0.00 0.00 0.00 -0.00 0.00 94.39 0.18 -156.33 0.01 -25.00 0.03 -11.23 0.58 43.47 -20.47 30.26 42.41 0.00 0.00 -0.00 -0.00 -0.00 -90.00 0.00 0.00 -100.00 -0.00 0.00 -80.00 0.00 0.00 -0.00 -0.00 -0.00 -90.00 0.00 0.00 -100.00 -0.00 0.00 -80.00 0.00 0.00 -0.00 -0.00 -0.00 -90.00 0.00 0.00 -100.00 -0.00 0.00 -80.00 0.00 0.00 -0.00 4.00 0.01 -0.08 -0.00 0.11 -1.57 -0.00 0.05 -0.77
-0.0000 0.0150 0.0000 0.00 -0.00 0.00 0.00 -0.00 0.00 0.00 -0.00 0.00 0.00 -0.00 0.00 0.00 -0.00 0.00 0.00 -0.00 0.00 0.00 -0.00 0.00 0.00 -0.00 0.00 0.00 -0.00 0.00 0.00 -0.00 0.00 0.00 -0.00 0.00 0.00 -0.00 0.00 0.00 -0.00 0.00 0.00 -0.00 0.00 0.00 -0.00 0.00 0.00 -0.00 0.00 0.00 -0.00 0.00 0.00 -0.00 0.00 0.00 -0.00 0.00 0.00 -0.00 0.00 0.00 -0.00 0.00 0.00 -0.00 0.00 0.00 -0.00 0.00 0.00 -0.00 0.00 0.00 -0.00 0.00 0.00 -0.00 0.00 0.00 -0.00 0.00 0.00 -0.00 0.00 0.00 -0.00 0.00 0.00 -0.00 0.00 0.00 -0.00 0.00 0.00 -0.00 0.00 0.00 -0.00 0.00 0.00 -0.00 0.00 0.00 -0.00 0.00 0.00 -0.00 0.00 0.00 -0.00 0.00 0.00 -0.00 0.00 0.00 -0.00 0.00 0.00 -0.00 0.00 0.00 -0.00 0.00 94.39 0.18 -156.33 0.01 -25.00 0.03 -11.23 0.58 43.47 -20.47 30.26 42.41 0.00 0.00 -0.00 -0.00 -0.00 -90.00 0.00 0.00 -100.00 -0.00 0.00 -80.00 0.00 0.00 -0.00 -0.00 -0.00 -90.00 0.00 0.00 -100.00 -0.00 0.00 -80.00 0.00 0.00 -0.00 -0.00 -0.00 -90.00 0.00 0.00 -100.00 -0.00 0.00 -80.00 0.00 0.00 -0.00 4.00 0.01 -0.08 -0.00 0.11 -1.57 -0.00 0.05 -0.77
-0.0000 0.0149 0.0000 0.00 -0.00 0.00 0.00 -0.00 0.00 0.00 -0.00 0.00 0.00 -0.00 0.00 0.00 -0.00 0.00 0.00 -0.00 0.00 0.00 -0.00 0.00 0.00 -0.00 0.00 0.00 -0.00 0.00 0.00 -0.00 0.00 0.00 -0.00 0.00 0.00 -0.00 0.00 0.00 -0.00 0.00 0.00 -0.00 0.00 0.00 -0.00 0.00 0.00 -0.00 0.00 0.00 -0.00 0.00 0.00 -0.00 0.00 0.00 -0.00 0.00 0.00 -0.00 0.00 0.00 -0.00 0.00 0.00 -0.00 0.00 0.00 -0.00 0.00 0.00 -0.00 0.00 0.00 -0.00 0.00 0.00 -0.00 0.00 0.00 -0.00 0.00 0.00 -0.00 0.00 0.00 -0.00 0.00 0.00 -0.00 0.00 0.00 -0.00 0.00 0.00 -0.00 0.00 0.00 -0.00 0.00 0.00 -0.00 0.00 0.00 -0.00 0.00 0.00 -0.00 0.00 0.00 -0.00 0.00 0.00 -0.00 0.00 0.00 -0.00 0.00 0.00 -0.00 0.00 0.00 -0.00 0.00 94.39 0.18 -156.33 0.01 -25.00 0.03 -11.23 0.58 43.47 -20.47 30.26 42.41 0.00 0.00 -0.00 -0.00 -0.00 -90.00 0.00 0.00 -100.00 -0.00 0.00 -80.00 0.00 0.00 -0.00 -0.00 -0.00 -90.00 0.00 0.00 -100.00 -0.00 0.00 -80.00 0.00 0.00 -0.00 -0.00 -0.00 -90.00 0.00 0.00 -100.00 -0.00 0.00 -80.00 0.00 0.00 -0.00 4.00 0.01 -0.08 -0.00 0.11 -1.57 -0.00 0.05 -0.77
-0.0000 0.0155 0.0000 0.00 -0.00 0.00 0.00 -0.00 0.00 0.00 -0.00 0.00 0.00 -0.00 0.00 0.00 -0.00 0.00 0.00 -0.00 0.00 0.00 -0.00 0.00 0.00 -0.00 0.00 0.00 -0.00 0.00 0.00 -0.00 0.00 0.00 -0.00 0.00 0.00 -0.00 0.00 0.00 -0.00 0.00 0.00 -0.00 0.00 0.00 -0.00 0.00 0.00 -0.00 0.00 0.00 -0.00 0.00 0.00 -0.00 0.00 0.00 -0.00 0.00 0.00 -0.00 0.00 0.00 -0.00 0.00 0.00 -0.00 0.00 0.00 -0.00 0.00 0.00 -0.00 0.00 0.00 -0.00 0.00 0.00 -0.00 0.00 0.00 -0.00 0.00 0.00 -0.00 0.00 0.00 -0.00 0.00 0.00 -0.00 0.00 0.00 -0.00 0.00 0.00 -0.00 0.00 0.00 -0.00 0.00 0.00 -0.00 0.00 0.00 -0.00 0.00 0.00 -0.00 0.00 0.00 -0.00 0.00 0.00 -0.00 0.00 0.00 -0.00 0.00 0.00 -0.00 0.00 0.00 -0.00 0.00 94.39 0.18 -156.33 0.01 -25.00 0.03 -11.23 0.58 43.47 -20.47 30.26 42.41 0.00 0.00 -0.00 -0.00 -0.00 -90.00 0.00 0.00 -100.00 -0.00 0.00 -80.00 0.00 0.00 -0.00 -0.00 -0.00 -90.00 0.00 0.00 -100.00 -0.00 0.00 -80.00 0.00 0.00 -0.00 -0.00 -0.00 -90.00 0.00 0.00 -100.00 -0.00 0.00 -80.00 0.00 0.00 -0.00 4.00 0.01 -0.08 -0.00 0.11 -1.57 -0.00 0.05 -0.77
-0.0000 0.0146 0.0000 0.00 -0.00 0.00 0.00 -0.00 0.00 0.00 -0.00 0.00 0.00 -0.00 0.00 0.00 -0.00 0.00 0.00 -0.00 0.00 0.00 -0.00 0.00 0.00 -0.00 0.00 0.00 -0.00 0.00 0.00 -0.00 0.00 0.00 -0.00 0.00 0.00 -0.00 0.00 0.00 -0.00 0.00 0.00 -0.00 0.00 0.00 -0.00 0.00 0.00 -0.00 0.00 0.00 -0.00 0.00 0.00 -0.00 0.00 0.00 -0.00 0.00 0.00 -0.00 0.00 0.00 -0.00 0.00 0.00 -0.00 0.00 0.00 -0.00 0.00 0.00 -0.00 0.00 0.00 -0.00 0.00 0.00 -0.00 0.00 0.00 -0.00 0.00 0.00 -0.00 0.00 0.00 -0.00 0.00 0.00 -0.00 0.00 0.00 -0.00 0.00 0.00 -0.00 0.00 0.00 -0.00 0.00 0.00 -0.00 0.00 0.00 -0.00 0.00 0.00 -0.00 0.00 0.00 -0.00 0.00 0.00 -0.00 0.00 0.00 -0.00 0.00 0.00 -0.00 0.00 0.00 -0.00 0.00 94.39 0.18 -156.33 0.01 -25.00 0.03 -11.23 0.58 43.47 -20.47 30.26 42.41 0.00 0.00 -0.00 -0.00 -0.00 -90.00 0.00 0.00 -100.00 -0.00 0.00 -80.00 0.00 0.00 -0.00 -0.00 -0.00 -90.00 0.00 0.00 -100.00 -0.00 0.00 -80.00 0.00 0.00 -0.00 -0.00 -0.00 -90.00 0.00 0.00 -100.00 -0.00 0.00 -80.00 0.00 0.00 -0.00 4.00 0.01 -0.08 -0.00 0.11 -1.57 -0.00 0.05 -0.77
-0.0000 0.0146 0.0000 0.00 -0.00 0.00 0.00 -0.00 0.00 0.00 -0.00 0.00 0.00 -0.00 0.00 0.00 -0.00 0.00 0.00 -0.00 0.00 0.00 -0.00 0.00 0.00 -0.00 0.00 0.00 -0.00 0.00 0.00 -0.00 0.00 0.00 -0.00 0.00 0.00 -0.00 0.00 0.00 -0.00 0.00 0.00 -0.00 0.00 0.00 -0.00 0.00 0.00 -0.00 0.00 0.00 -0.00 0.00 0.00 -0.00 0.00 0.00 -0.00 0.00 0.00 -0.00 0.00 0.00 -0.00 0.00 0.00 -0.00 0.00 0.00 -0.00 0.00 0.00 -0.00 0.00 0.00 -0.00 0.00 0.00 -0.00 0.00 0.00 -0.00 0.00 0.00 -0.00 0.00 0.00 -0.00 0.00 0.00 -0.00 0.00 0.00 -0.00 0.00 0.00 -0.00 0.00 0.00 -0.00 0.00 0.00 -0.00 0.00 0.00 -0.00 0.00 0.00 -0.00 0.00 0.00 -0.00 0.00 0.00 -0.00 0.00 0.00 -0.00 0.00 0.00 -0.00 0.00 0.00 -0.00 0.00 94.39 0.18 -156.33 0.01 -25.00 0.03 -11.23 0.58 43.47 -20.47 30.26 42.41 0.00 0.00 -0.00 -0.00 -0.00 -90.00 0.00 0.00 -100.00 -0.00 0.00 -80.00 0.00 0.00 -0.00 -0.00 -0.00 -90.00 0.00 0.00 -100.00 -0.00 0.00 -80.00 0.00 0.00 -0.00 -0.00 -0.00 -90.00 0.00 0.00 -100.00 -0.00 0.00 -80.00 0.00 0.00 -0.00 4.00 0.01 -0.08 -0.00 0.11 -1.57 -0.00 0.05 -0.77
-0.0000 0.0150 0.0000 0.00 -0.00 0.00 0.00 -0.00 0.00 0.00 -0.00 0.00 0.00 -0.00 0.00 0.00 -0.00 0.00 0.00 -0.00 0.00 0.00 -0.00 0.00 0.00 -0.00 0.00 0.00 -0.00 0.00 0.00 -0.00 0.00 0.00 -0.00 0.00 0.00 -0.00 0.00 0.00 -0.00 0.00 0.00 -0.00 0.00 0.00 -0.00 0.00 0.00 -0.00 0.00 0.00 -0.00 0.00 0.00 -0.00 0.00 0.00 -0.00 0.00 0.00 -0.00 0.00 0.00 -0.00 0.00 0.00 -0.00 0.00 0.00 -0.00 0.00 0.00 -0.00 0.00 0.00 -0.00 0.00 0.00 -0.00 0.00 0.00 -0.00 0.00 0.00 -0.00 0.00 0.00 -0.00 0.00 0.00 -0.00 0.00 0.00 -0.00 0.00 0.00 -0.00 0.00 0.00 -0.00 0.00 0.00 -0.00 0.00 0.00 -0.00 0.00 0.00 -0.00 0.00 0.00 -0.00 0.00 0.00 -0.00 0.00 0.00 -0.00 0.00 0.00 -0.00 0.00 0.00 -0.00 0.00 94.39 0.18 -156.33 0.01 -25.00 0.03 -11.23 0.58 43.47 -20.47 30.26 42.41 0.00 0.00 -0.00 -0.00 -0.00 -90.00 0.00 0.00 -100.00 -0.00 0.00 -80.00 0.00 0.00 -0.00 -0.00 -0.00 -90.00 0.00 0.00 -100.00 -0.00 0.00 -80.00 0.00 0.00 -0.00 -0.00 -0.00 -90.00 0.00 0.00 -100.00 -0.00 0.00 -80.00 0.00 0.00 -0.00 4.00 0.01 -0.08 -0.00 0.11 -1.57 -0.00 0.05 -0.77
-0.0000 0.0151 0.0000 0.00 -0.00 0.00 0.00 -0.00 0.00 0.00 -0.00 0.00 0.00 -0.00 0.00 0.00 -0.00 0.00 0.00 -0.00 0.00 0.00 -0.00 0.00 0.00 -0.00 0.00 0.00 -0.00 0.00 0.00 -0.00 0.00 0.00 -0.00 0.00 0.00 -0.00 0.00 0.00 -0.00 0.00 0.00 -0.00 0.00 0.00 -0.00 0.00 0.00 -0.00 0.00 0.00 -0.00 0.00 0.00 -0.00 0.00 0.00 -0.00 0.00 0.00 -0.00 0.00 0.00 -0.00 0.00 0.00 -0.00 0.00 0.00 -0.00 0.00 0.00 -0.00 0.00 0.00 -0.00 0.00 0.00 -0.00 0.00 0.00 -0.00 0.00 0.00 -0.00 0.00 0.00 -0.00 0.00 0.00 -0.00 0.00 0.00 -0.00 0.00 0.00 -0.00 0.00 0.00 -0.00 0.00 0.00 -0.00 0.00 0.00 -0.00 0.00 0.00 -0.00 0.00 0.00 -0.00 0.00 0.00 -0.00 0.00 0.00 -0.00 0.00 0.00 -0.00 0.00 0.00 -0.00 0.00 94.39 0.18 -156.33 0.01 -25.00 0.03 -11.23 0.58 43.47 -20.47 30.26 42.41 0.00 0.00 -0.00 -0.00 -0.00 -90.00 0.00 0.00 -100.00 -0.00 0.00 -80.00 0.00 0.00 -0.00 -0.00 -0.00 -90.00 0.00 0.00 -100.00 -0.00 0.00 -80.00 0.00 0.00 -0.00 -0.00 -0.00 -90.00 0.00 0.00 -100.00 -0.00 0.00 -80.00 0.00 0.00 -0.00 4.00 0.01 -0.08 -0.00 0.11 -1.57 -0.00 0.05 -0.77
-0.0000 0.0152 0.0000 0.00 -0.00 0.00 0.00 -0.00 0.00 0.00 -0.00 0.00 0.00 -0.00 0.00 0.00 -0.00 0.00 0.00 -0.00 0.00 0.00 -0.00 0.00 0.00 -0.00 0.00 0.00 -0.00 0.00 0.00 -0.00 0.00 0.00 -0.00 0.00 0.00 -0.00 0.00 0.00 -0.00 0.00 0.00 -0.00 0.00 0.00 -0.00 0.00 0.00 -0.00 0.00 0.00 -0.00 0.00 0.00 -0.00 0.00 0.00 -0.00 0.00 0.00 -0.00 0.00 0.00 -0.00 0.00 0.00 -0.00 0.00 0.00 -0.00 0.00 0.00 -0.00 0.00 0.00 -0.00 0.00 0.00 -0.00 0.00 0.00 -0.00 0.00 0.00 -0.00 0.00 0.00 -0.00 0.00 0.00 -0.00 0.00 0.00 -0.00 0.00 0.00 -0.00 0.00 0.00 -0.00 0.00 0.00 -0.00 0.00 0.00 -0.00 0.00 0.00 -0.00 0.00 0.00 -0.00 0.00 0.00 -0.00 0.00 0.00 -0.00 0.00 0.00 -0.00 0.00 0.00 -0.00 0.00 94.39 0.18 -156.33 0.01 -25.00 0.03 -11.23 0.58 43.47 -20.47 30.26 42.41 0.00 0.00 -0.00 -0.00 -0.00 -90.00 0.00 0.00 -100.00 -0.00 0.00 -80.00 0.00 0.00 -0.00 -0.00 -0.00 -90.00 0.00 0.00 -100.00 -0.00 0.00 -80.00 0.00 0.00 -0.00 -0.00 -0.00 -90.00 0.00 0.00 -100.00 -0.00 0.00 -80.00 0.00 0.00 -0.00 4.00 0.01 -0.08 -0.00 0.11 -1.57 -0.00 0.05 -0.77
-0.0000 0.0153 0.0000 0.00 -0.00 0.00 0.00 -0.00 0.00 0.00 -0.00 0.00 0.00 -0.00 0.00 0.00 -0.00 0.00 0.00 -0.00 0.00 0.00 -0.00 0.00 0.00 -0.00 0.00 0.00 -0.00 0.00 0.00 -0.00 0.00 0.00 -0.00 0.00 0.00 -0.00 0.00 0.00 -0.00 0.00 0.00 -0.00 0.00 0.00 -0.00 0.00 0.00 -0.00 0.00 0.00 -0.00 0.00 0.00 -0.00 0.00 0.00 -0.00 0.00 0.00 -0.00 0.00 0.00 -0.00 0.00 0.00 -0.00 0.00 0.00 -0.00 0.00 0.00 -0.00 0.00 0.00 -0.00 0.00 0.00 -0.00 0.00 0.00 -0.00 0.00 0.00 -0.00 0.00 0.00 -0.00 0.00 0.00 -0.00 0.00 0.00 -0.00 0.00 0.00 -0.00 0.00 0.00 -0.00 0.00 0.00 -0.00 0.00 0.00 -0.00 0.00 0.00 -0.00 0.00 0.00 -0.00 0.00 0.00 -0.00 0.00 0.00 -0.00 0.00 0.00 -0.00 0.00 0.00 -0.00 0.00 94.39 0.18 -156.33 0.01 -25.00 0.03 -11.23 0.58 43.47 -20.47 30.26 42.41 0.00 0.00 -0.00 -0.00 -0.00 -90.00 0.00 0.00 -100.00 -0.00 0.00 -80.00 0.00 0.00 -0.00 -0.00 -0.00 -90.00 0.00 0.00 -100.00 -0.00 0.00 -80.00 0.00 0.00 -0.00 -0.00 -0.00 -90.00 0.00 0.00 -100.00 -0.00 0.00 -80.00 0.00 0.00 -0.00 4.00 0.01 -0.08 -0.00 0.11 -1.57 -0.00 0.05 -0.77
-0.0000 0.0149 0.0000 0.00 -0.00 0.00 0.00 -0.00 0.00 0.00 -0.00 0.00 0.00 -0.00 0.00 0.00 -0.00 0.00 0.00 -0.00 0.00 0.00 -0.00 0.00 0.00 -0.00 0.00 0.00 -0.00 0.00 0.00 -0.00 0.00 0.00 -0.00 0.00 0.00 -0.00 0.00 0.00 -0.00 0.00 0.00 -0.00 0.00 0.00 -0.00 0.00 0.00 -0.00 0.00 0.00 -0.00 0.00 0.00 -0.00 0.00 0.00 -0.00 0.00 0.00 -0.00 0.00 0.00 -0.00 0.00 0.00 -0.00 0.00 0.00 -0.00 0.00 0.00 -0.00 0.00 0.00 -0.00 0.00 0.00 -0.00 0.00 0.00 -0.00 0.00 0.00 -0.00 0.00 0.00 -0.00 0.00 0.00 -0.00 0.00 0.00 -0.00 0.00 0.00 -0.00 0.00 0.00 -0.00 0.00 0.00 -0.00 0.00 0.00 -0.00 0.00 0.00 -0.00 0.00 0.00 -0.00 0.00 0.00 -0.00 0.00 0.00 -0.00 0.00 0.00 -0.00 0.00 0.00 -0.00 0.00 94.39 0.18 -156.33 0.01 -25.00 0.03 -11.23 0.58 43.47 -20.47 30.26 42.41 0.00 0.00 -0.00 -0.00 -0.00 -90.00 0.00 0.00 -100.00 -0.00 0.00 -80.00 0.00 0.00 -0.00 -0.00 -0.00 -90.00 0.00 0.00 -100.00 -0.00 0.00 -80.00 0.00 0.00 -0.00 -0.00 -0.00 -90.00 0.00 0.00 -100.00 -0.00 0.00 -80.00 0.00 0.00 -0.00 4.00 0.01 -0.08 -0.00 0.11 -1.57 -0.00 0.05 -0.77
-0.0000 0.0155 0.0000 0.00 -0.00 0.00 0.00 -0.00 0.00 0.00 -0.00 0.00 0.00 -0.00 0.00 0.00 -0.00 0.00 0.00 -0.00 0.00 0.00 -0.00 0.00 0.00 -0.00 0.00 0.00 -0.00 0.00 0.00 -0.00 0.00 0.00 -0.00 0.00 0.00 -0.00 0.00 0.00 -0.00 0.00 0.00 -0.00 0.00 0.00 -0.00 0.00 0.00 -0.00 0.00 0.00 -0.00 0.00 0.00 -0.00 0.00 0.00 -0.00 0.00 0.00 -0.00 0.00 0.00 -0.00 0.00 0.00 -0.00 0.00 0.00 -0.00 0.00 0.00 -0.00 0.00 0.00 -0.00 0.00 0.00 -0.00 0.00 0.00 -0.00 0.00 0.00 -0.00 0.00 0.00 -0.00 0.00 0.00 -0.00 0.00 0.00 -0.00 0.00 0.00 -0.00 0.00 0.00 -0.00 0.00 0.00 -0.00 0.00 0.00 -0.00 0.00 0.00 -0.00 0.00 0.00 -0.00 0.00 0.00 -0.00 0.00 0.00 -0.00 0.00 0.00 -0.00 0.00 0.00 -0.00 0.00 94.39 0.18 -156.33 0.01 -25.00 0.03 -11.23 0.58 43.47 -20.47 30.26 42.41 0.00 0.00 -0.00 -0.00 -0.00 -90.00 0.00 0.00 -100.00 -0.00 0.00 -80.00 0.00 0.00 -0.00 -0.00 -0.00 -90.00 0.00 0.00 -100.00 -0.00 0.00 -80.00 0.00 0.00 -0.00 -0.00 -0.00 -90.00 0.00 0.00 -100.00 -0.00 0.00 -80.00 0.00 0.00 -0.00 4.00 0.01 -0.08 -0.00 0.11 -1.57 -0.00 0.05 -0.77
-0.0000 0.0162 0.0000 0.00 -0.00 0.00 0.00 -0.00 0.00 0.00 -0.00 0.00 0.00 -0.00 0.00 0.00 -0.00 0.00 0.00 -0.00 0.00 0.00 -0.00 0.00 0.00 -0.00 0.00 0.00 -0.00 0.00 0.00 -0.00 0.00 0.00 -0.00 0.00 0.00 -0.00 0.00 0.00 -0.00 0.00 0.00 -0.00 0.00 0.00 -0.00 0.00 0.00 -0.00 0.00 0.00 -0.00 0.00 0.00 -0.00 0.00 0.00 -0.00 0.00 0.00 -0.00 0.00 0.00 -0.00 0.00 0.00 -0.00 0.00 0.00 -0.00 0.00 0.00 -0.00 0.00 0.00 -0.00 0.00 0.00 -0.00 0.00 0.00 -0.00 0.00 0.00 -0.00 0.00 0.00 -0.00 0.00 0.00 -0.00 0.00 0.00 -0.00 0.00 0.00 -0.00 0.00 0.00 -0.00 0.00 0.00 -0.00 0.00 0.00 -0.00 0.00 0.00 -0.00 0.00 0.00 -0.00 0.00 0.00 -0.00 0.00 0.00 -0.00 0.00 0.00 -0.00 0.00 0.00 -0.00 0.00 94.39 0.18 -156.33 0.01 -25.00 0.03 -11.23 0.58 43.47 -20.47 30.26 42.41 0.00 0.00 -0.00 -0.00 -0.00 -90.00 0.00 0.00 -100.00 -0.00 0.00 -80.00 0.00 0.00 -0.00 -0.00 -0.00 -90.00 0.00 0.00 -100.00 -0.00 0.00 -80.00 0.00 0.00 -0.00 -0.00 -0.00 -90.00 0.00 0.00 -100.00 -0.00 0.00 -80.00 0.00 0.00 -0.00 4.00 0.01 -0.08 -0.00 0.11 -1.57 -0.00 0.05 -0.77
-0.0000 0.0159 0.0000 0.00 -0.00 0.00 0.00 -0.00 0.00 0.00 -0.00 0.00 0.00 -0.00 0.00 0.00 -0.00 0.00 0.00 -0.00 0.00 0.00 -0.00 0.00 0.00 -0.00 0.00 0.00 -0.00 0.00 0.00 -0.00 0.00 0.00 -0.00 0.00 0.00 -0.00 0.00 0.00 -0.00 0.00 0.00 -0.00 0.00 0.00 -0.00 0.00 0.00 -0.00 0.00 0.00 -0.00 0.00 0.00 -0.00 0.00 0.00 -0.00 0.00 0.00 -0.00 0.00 0.00 -0.00 0.00 0.00 -0.00 0.00 0.00 -0.00 0.00 0.00 -0.00 0.00 0.00 -0.00 0.00 0.00 -0.00 0.00 0.00 -0.00 0.00 0.00 -0.00 0.00 0.00 -0.00 0.00 0.00 -0.00 0.00 0.00 -0.00 0.00 0.00 -0.00 0.00 0.00 -0.00 0.00 0.00 -0.00 0.00 0.00 -0.00 0.00 0.00 -0.00 0.00 0.00 -0.00 0.00 0.00 -0.00 0.00 0.00 -0.00 0.00 0.00 -0.00 0.00 0.00 -0.00 0.00 94.39 0.18 -156.33 0.01 -25.00 0.03 -11.23 0.58 43.47 -20.47 30.26 42.41 0.00 0.00 -0.00 -0.00 -0.00 -90.00 0.00 0.00 -100.00 -0.00 0.00 -80.00 0.00 0.00 -0.00 -0.00 -0.00 -90.00 0.00 0.00 -100.00 -0.00 0.00 -80.00 0.00 0.00 -0.00 -0.00 -0.00 -90.00 0.00 0.00 -100.00 -0.00 0.00 -80.00 0.00 0.00 -0.00 4.00 0.01 -0.08 -0.00 0.11 -1.57 -0.00 0.05 -0.77
-0.0000 0.0162 0.0000 0.00 -0.00 0.00 0.00 -0.00 0.00 0.00 -0.00 0.00 0.00 -0.00 0.00 0.00 -0.00 0.00 0.00 -0.00 0.00 0.00 -0.00 0.00 0.00 -0.00 0.00 0.00 -0.00 0.00 0.00 -0.00 0.00 0.00 -0.00 0.00 0.00 -0.00 0.00 0.00 -0.00 0.00 0.00 -0.00 0.00 0.00 -0.00 0.00 0.00 -0.00 0.00 0.00 -0.00 0.00 0.00 -0.00 0.00 0.00 -0.00 0.00 0.00 -0.00 0.00 0.00 -0.00 0.00 0.00 -0.00 0.00 0.00 -0.00 0.00 0.00 -0.00 0.00 0.00 -0.00 0.00 0.00 -0.00 0.00 0.00 -0.00 0.00 0.00 -0.00 0.00 0.00 -0.00 0.00 0.00 -0.00 0.00 0.00 -0.00 0.00 0.00 -0.00 0.00 0.00 -0.00 0.00 0.00 -0.00 0.00 0.00 -0.00 0.00 0.00 -0.00 0.00 0.00 -0.00 0.00 0.00 -0.00 0.00 0.00 -0.00 0.00 0.00 -0.00 0.00 0.00 -0.00 0.00 94.39 0.18 -156.33 0.01 -25.00 0.03 -11.23 0.58 43.47 -20.47 30.26 42.41 0.00 0.00 -0.00 -0.00 -0.00 -90.00 0.00 0.00 -100.00 -0.00 0.00 -80.00 0.00 0.00 -0.00 -0.00 -0.00 -90.00 0.00 0.00 -100.00 -0.00 0.00 -80.00 0.00 0.00 -0.00 -0.00 -0.00 -90.00 0.00 0.00 -100.00 -0.00 0.00 -80.00 0.00 0.00 -0.00 4.00 0.01 -0.08 -0.00 0.11 -1.57 -0.00 0.05 -0.77
-0.0000 0.0156 0.0000 0.00 -0.00 0.00 0.00 -0.00 0.00 0.00 -0.00 0.00 0.00 -0.00 0.00 0.00 -0.00 0.00 0.00 -0.00 0.00 0.00 -0.00 0.00 0.00 -0.00 0.00 0.00 -0.00 0.00 0.00 -0.00 0.00 0.00 -0.00 0.00 0.00 -0.00 0.00 0.00 -0.00 0.00 0.00 -0.00 0.00 0.00 -0.00 0.00 0.00 -0.00 0.00 0.00 -0.00 0.00 0.00 -0.00 0.00 0.00 -0.00 0.00 0.00 -0.00 0.00 0.00 -0.00 0.00 0.00 -0.00 0.00 0.00 -0.00 0.00 0.00 -0.00 0.00 0.00 -0.00 0.00 0.00 -0.00 0.00 0.00 -0.00 0.00 0.00 -0.00 0.00 0.00 -0.00 0.00 0.00 -0.00 0.00 0.00 -0.00 0.00 0.00 -0.00 0.00 0.00 -0.00 0.00 0.00 -0.00 0.00 0.00 -0.00 0.00 0.00 -0.00 0.00 0.00 -0.00 0.00 0.00 -0.00 0.00 0.00 -0.00 0.00 0.00 -0.00 0.00 0.00 -0.00 0.00 94.39 0.18 -156.33 0.01 -25.00 0.03 -11.23 0.58 43.47 -20.47 30.26 42.41 0.00 0.00 -0.00 -0.00 -0.00 -90.00 0.00 0.00 -100.00 -0.00 0.00 -80.00 0.00 0.00 -0.00 -0.00 -0.00 -90.00 0.00 0.00 -100.00 -0.00 0.00 -80.00 0.00 0.00 -0.00 -0.00 -0.00 -90.00 0.00 0.00 -100.00 -0.00 0.00 -80.00 0.00 0.00 -0.00 4.00 0.01 -0.08 -0.00 0.11 -1.57 -0.00 0.05 -0.77
-0.0000 0.0157 0.0000 0.00 -0.00 0.00 0.00 -0.00 0.00 0.00 -0.00 0.00 0.00 -0.00 0.00 0.00 -0.00 0.00 0.00 -0.00 0.00 0.00 -0.00 0.00 0.00 -0.00 0.00 0.00 -0.00 0.00 0.00 -0.00 0.00 0.00 -0.00 0.00 0.00 -0.00 0.00 0.00 -0.00 0.00 0.00 -0.00 0.00 0.00 -0.00 0.00 0.00 -0.00 0.00 0.00 -0.00 0.00 0.00 -0.00 0.00 0.00 -0.00 0.00 0.00 -0.00 0.00 0.00 -0.00 0.00 0.00 -0.00 0.00 0.00 -0.00 0.00 0.00 -0.00 0.00 0.00 -0.00 0.00 0.00 -0.00 0.00 0.00 -0.00 0.00 0.00 -0.00 0.00 0.00 -0.00 0.00 0.00 -0.00 0.00 0.00 -0.00 0.00 0.00 -0.00 0.00 0.00 -0.00 0.00 0.00 -0.00 0.00 0.00 -0.00 0.00 0.00 -0.00 0.00 0.00 -0.00 0.00 0.00 -0.00 0.00 0.00 -0.00 0.00 0.00 -0.00 0.00 0.00 -0.00 0.00 94.39 0.18 -156.33 0.01 -25.00 0.03 -11.23 0.58 43.47 -20.47 30.26 42.41 0.00 0.00 -0.00 -0.00 -0.00 -90.00 0.00 0.00 -100.00 -0.00 0.00 -80.00 0.00 0.00 -0.00 -0.00 -0.00 -90.00 0.00 0.00 -100.00 -0.00 0.00 -80.00 0.00 0.00 -0.00 -0.00 -0.00 -90.00 0.00 0.00 -100.00 -0.00 0.00 -80.00 0.00 0.00 -0.00 4.00 0.01 -0.08 -0.00 0.11 -1.57 -0.00 0.05 -0.77
-0.0000 0.0163 0.0000 0.00 -0.00 0.00 0.00 -0.00 0.00 0.00 -0.00 0.00 0.00 -0.00 0.00 0.00 -0.00 0.00 0.00 -0.00 0.00 0.00 -0.00 0.00 0.00 -0.00 0.00 0.00 -0.00 0.00 0.00 -0.00 0.00 0.00 -0.00 0.00 0.00 -0.00 0.00 0.00 -0.00 0.00 0.00 -0.00 0.00 0.00 -0.00 0.00 0.00 -0.00 0.00 0.00 -0.00 0.00 0.00 -0.00 0.00 0.00 -0.00 0.00 0.00 -0.00 0.00 0.00 -0.00 0.00 0.00 -0.00 0.00 0.00 -0.00 0.00 0.00 -0.00 0.00 0.00 -0.00 0.00 0.00 -0.00 0.00 0.00 -0.00 0.00 0.00 -0.00 0.00 0.00 -0.00 0.00 0.00 -0.00 0.00 0.00 -0.00 0.00 0.00 -0.00 0.00 0.00 -0.00 0.00 0.00 -0.00 0.00 0.00 -0.00 0.00 0.00 -0.00 0.00 0.00 -0.00 0.00 0.00 -0.00 0.00 0.00 -0.00 0.00 0.00 -0.00 0.00 0.00 -0.00 0.00 94.39 0.18 -156.33 0.01 -25.00 0.03 -11.23 0.58 43.47 -20.47 30.26 42.41 0.00 0.00 -0.00 -0.00 -0.00 -90.00 0.00 0.00 -100.00 -0.00 0.00 -80.00 0.00 0.00 -0.00 -0.00 -0.00 -90.00 0.00 0.00 -100.00 -0.00 0.00 -80.00 0.00 0.00 -0.00 -0.00 -0.00 -90.00 0.00 0.00 -100.00 -0.00 0.00 -80.00 0.00 0.00 -0.00 4.00 0.01 -0.08 -0.00 0.11 -1.57 -0.00 0.05 -0.77
-0.0000 0.0168 0.0000 0.00 -0.00 0.00 0.00 -0.00 0.00 0.00 -0.00 0.00 0.00 -0.00 0.00 0.00 -0.00 0.00 0.00 -0.00 0.00 0.00 -0.00 0.00 0.00 -0.00 0.00 0.00 -0.00 0.00 0.00 -0.00 0.00 0.00 -0.00 0.00 0.00 -0.00 0.00 0.00 -0.00 0.00 0.00 -0.00 0.00 0.00 -0.00 0.00 0.00 -0.00 0.00 0.00 -0.00 0.00 0.00 -0.00 0.00 0.00 -0.00 0.00 0.00 -0.00 0.00 0.00 -0.00 0.00 0.00 -0.00 0.00 0.00 -0.00 0.00 0.00 -0.00 0.00 0.00 -0.00 0.00 0.00 -0.00 0.00 0.00 -0.00 0.00 0.00 -0.00 0.00 0.00 -0.00 0.00 0.00 -0.00 0.00 0.00 -0.00 0.00 0.00 -0.00 0.00 0.00 -0.00 0.00 0.00 -0.00 0.00 0.00 -0.00 0.00 0.00 -0.00 0.00 0.00 -0.00 0.00 0.00 -0.00 0.00 0.00 -0.00 0.00 0.00 -0.00 0.00 0.00 -0.00 0.00 94.39 0.18 -156.33 0.01 -25.00 0.03 -11.23 0.58 43.47 -20.47 30.26 42.41 0.00 0.00 -0.00 -0.00 -0.00 -90.00 0.00 0.00 -100.00 -0.00 0.00 -80.00 0.00 0.00 -0.00 -0.00 -0.00 -90.00 0.00 0.00 -100.00 -0.00 0.00 -80.00 0.00 0.00 -0.00 -0.00 -0.00 -90.00 0.00 0.00 -100.00 -0.00 0.00 -80.00 0.00 0.00 -0.00 4.00 0.01 -0.08 -0.00 0.11 -1.57 -0.00 0.05 -0.77
-0.0000 0.0165 0.0000 0.00 -0.00 0.00 0.00 -0.00 0.00 0.00 -0.00 0.00 0.00 -0.00 0.00 0.00 -0.00 0.00 0.00 -0.00 0.00 0.00 -0.00 0.00 0.00 -0.00 0.00 0.00 -0.00 0.00 0.00 -0.00 0.00 0.00 -0.00 0.00 0.00 -0.00 0.00 0.00 -0.00 0.00 0.00 -0.00 0.00 0.00 -0.00 0.00 0.00 -0.00 0.00 0.00 -0.00 0.00 0.00 -0.00 0.00 0.00 -0.00 0.00 0.00 -0.00 0.00 0.00 -0.00 0.00 0.00 -0.00 0.00 0.00 -0.00 0.00 0.00 -0.00 0.00 0.00 -0.00 0.00 0.00 -0.00 0.00 0.00 -0.00 0.00 0.00 -0.00 0.00 0.00 -0.00 0.00 0.00 -0.00 0.00 0.00 -0.00 0.00 0.00 -0.00 0.00 0.00 -0.00 0.00 0.00 -0.00 0.00 0.00 -0.00 0.00 0.00 -0.00 0.00 0.00 -0.00 0.00 0.00 -0.00 0.00 0.00 -0.00 0.00 0.00 -0.00 0.00 0.00 -0.00 0.00 94.39 0.18 -156.33 0.01 -25.00 0.03 -11.23 0.58 43.47 -20.47 30.26 42.41 0.00 0.00 -0.00 -0.00 -0.00 -90.00 0.00 0.00 -100.00 -0.00 0.00 -80.00 0.00 0.00 -0.00 -0.00 -0.00 -90.00 0.00 0.00 -100.00 -0.00 0.00 -80.00 0.00 0.00 -0.00 -0.00 -0.00 -90.00 0.00 0.00 -100.00 -0.00 0.00 -80.00 0.00 0.00 -0.00 4.00 0.01 -0.08 -0.00 0.11 -1.57 -0.00 0.05 -0.77
-0.0000 0.0160 0.0000 0.00 -0.00 0.00 0.00 -0.00 0.00 0.00 -0.00 0.00 0.00 -0.00 0.00 0.00 -0.00 0.00 0.00 -0.00 0.00 0.00 -0.00 0.00 0.00 -0.00 0.00 0.00 -0.00 0.00 0.00 -0.00 0.00 0.00 -0.00 0.00 0.00 -0.00 0.00 0.00 -0.00 0.00 0.00 -0.00 0.00 0.00 -0.00 0.00 0.00 -0.00 0.00 0.00 -0.00 0.00 0.00 -0.00 0.00 0.00 -0.00 0.00 0.00 -0.00 0.00 0.00 -0.00 0.00 0.00 -0.00 0.00 0.00 -0.00 0.00 0.00 -0.00 0.00 0.00 -0.00 0.00 0.00 -0.00 0.00 0.00 -0.00 0.00 0.00 -0.00 0.00 0.00 -0.00 0.00 0.00 -0.00 0.00 0.00 -0.00 0.00 0.00 -0.00 0.00 0.00 -0.00 0.00 0.00 -0.00 0.00 0.00 -0.00 0.00 0.00 -0.00 0.00 0.00 -0.00 0.00 0.00 -0.00 0.00 0.00 -0.00 0.00 0.00 -0.00 0.00 0.00 -0.00 0.00 94.39 0.18 -156.33 0.01 -25.00 0.03 -11.23 0.58 43.47 -20.47 30.26 42.41 0.00 0.00 -0.00 -0.00 -0.00 -90.00 0.00 0.00 -100.00 -0.00 0.00 -80.00 0.00 0.00 -0.00 -0.00 -0.00 -90.00 0.00 0.00 -100.00 -0.00 0.00 -80.00 0.00 0.00 -0.00 -0.00 -0.00 -90.00 0.00 0.00 -100.00 -0.00 0.00 -80.00 0.00 0.00 -0.00 4.00 0.01 -0.08 -0.00 0.11 -1.57 -0.00 0.05 -0.77
-0.0000 0.0160 0.0000 0.00 -0.00 0.00 0.00 -0.00 0.00 0.00 -0.00 0.00 0.00 -0.00 0.00 0.00 -0.00 0.00 0.00 -0.00 0.00 0.00 -0.00 0.00 0.00 -0.00 0.00 0.00 -0.00 0.00 0.00 -0.00 0.00 0.00 -0.00 0.00 0.00 -0.00 0.00 0.00 -0.00 0.00 0.00 -0.00 0.00 0.00 -0.00 0.00 0.00 -0.00 0.00 0.00 -0.00 0.00 0.00 -0.00 0.00 0.00 -0.00 0.00 0.00 -0.00 0.00 0.00 -0.00 0.00 0.00 -0.00 0.00 0.00 -0.00 0.00 0.00 -0.00 0.00 0.00 -0.00 0.00 0.00 -0.00 0.00 0.00 -0.00 0.00 0.00 -0.00 0.00 0.00 -0.00 0.00 0.00 -0.00 0.00 0.00 -0.00 0.00 0.00 -0.00 0.00 0.00 -0.00 0.00 0.00 -0.00 0.00 0.00 -0.00 0.00 0.00 -0.00 0.00 0.00 -0.00 0.00 0.00 -0.00 0.00 0.00 -0.00 0.00 0.00 -0.00 0.00 0.00 -0.00 0.00 94.39 0.18 -156.33 0.01 -25.00 0.03 -11.23 0.58 43.47 -20.47 30.26 42.41 0.00 0.00 -0.00 -0.00 -0.00 -90.00 0.00 0.00 -100.00 -0.00 0.00 -80.00 0.00 0.00 -0.00 -0.00 -0.00 -90.00 0.00 0.00 -100.00 -0.00 0.00 -80.00 0.00 0.00 -0.00 -0.00 -0.00 -90.00 0.00 0.00 -100.00 -0.00 0.00 -80.00 0.00 0.00 -0.00 4.00 0.01 -0.08 -0.00 0.11 -1.57 -0.00 0.05 -0.77
-0.0000 0.0157 0.0000 0.00 -0.00 0.00 0.00 -0.00 0.00 0.00 -0.00 0.00 0.00 -0.00 0.00 0.00 -0.00 0.00 0.00 -0.00 0.00 0.00 -0.00 0.00 0.00 -0.00 0.00 0.00 -0.00 0.00 0.00 -0.00 0.00 0.00 -0.00 0.00 0.00 -0.00 0.00 0.00 -0.00 0.00 0.00 -0.00 0.00 0.00 -0.00 0.00 0.00 -0.00 0.00 0.00 -0.00 0.00 0.00 -0.00 0.00 0.00 -0.00 0.00 0.00 -0.00 0.00 0.00 -0.00 0.00 0.00 -0.00 0.00 0.00 -0.00 0.00 0.00 -0.00 0.00 0.00 -0.00 0.00 0.00 -0.00 0.00 0.00 -0.00 0.00 0.00 -0.00 0.00 0.00 -0.00 0.00 0.00 -0.00 0.00 0.00 -0.00 0.00 0.00 -0.00 0.00 0.00 -0.00 0.00 0.00 -0.00 0.00 0.00 -0.00 0.00 0.00 -0.00 0.00 0.00 -0.00 0.00 0.00 -0.00 0.00 0.00 -0.00 0.00 0.00 -0.00 0.00 0.00 -0.00 0.00 94.39 0.18 -156.33 0.01 -25.00 0.03 -11.23 0.58 43.47 -20.47 30.26 42.41 0.00 0.00 -0.00 -0.00 -0.00 -90.00 0.00 0.00 -100.00 -0.00 0.00 -80.00 0.00 0.00 -0.00 -0.00 -0.00 -90.00 0.00 0.00 -100.00 -0.00 0.00 -80.00 0.00 0.00 -0.00 -0.00 -0.00 -90.00 0.00 0.00 -100.00 -0.00 0.00 -80.00 0.00 0.00 -0.00 4.00 0.01 -0.08 -0.00 0.11 -1.57 -0.00 0.05 -0.77
-0.0000 0.0158 0.0000 0.00 -0.00 0.00 0.00 -0.00 0.00 0.00 -0.00 0.00 0.00 -0.00 0.00 0.00 -0.00 0.00 0.00 -0.00 0.00 0.00 -0.00 0.00 0.00 -0.00 0.00 0.00 -0.00 0.00 0.00 -0.00 0.00 0.00 -0.00 0.00 0.00 -0.00 0.00 0.00 -0.00 0.00 0.00 -0.00 0.00 0.00 -0.00 0.00 0.00 -0.00 0.00 0.00 -0.00 0.00 0.00 -0.00 0.00 0.00 -0.00 0.00 0.00 -0.00 0.00 0.00 -0.00 0.00 0.00 -0.00 0.00 0.00 -0.00 0.00 0.00 -0.00 0.00 0.00 -0.00 0.00 0.00 -0.00 0.00 0.00 -0.00 0.00 0.00 -0.00 0.00 0.00 -0.00 0.00 0.00 -0.00 0.00 0.00 -0.00 0.00 0.00 -0.00 0.00 0.00 -0.00 0.00 0.00 -0.00 0.00 0.00 -0.00 0.00 0.00 -0.00 0.00 0.00 -0.00 0.00 0.00 -0.00 0.00 0.00 -0.00 0.00 0.00 -0.00 0.00 0.00 -0.00 0.00 94.39 0.18 -156.33 0.01 -25.00 0.03 -11.23 0.58 43.47 -20.47 30.26 42.41 0.00 0.00 -0.00 -0.00 -0.00 -90.00 0.00 0.00 -100.00 -0.00 0.00 -80.00 0.00 0.00 -0.00 -0.00 -0.00 -90.00 0.00 0.00 -100.00 -0.00 0.00 -80.00 0.00 0.00 -0.00 -0.00 -0.00 -90.00 0.00 0.00 -100.00 -0.00 0.00 -80.00 0.00 0.00 -0.00 4.00 0.01 -0.08 -0.00 0.11 -1.57 -0.00 0.05 -0.77
-0.0000 0.0163 0.0000 0.00 -0.00 0.00 0.00 -0.00 0.00 0.00 -0.00 0.00 0.00 -0.00 0.00 0.00 -0.00 0.00 0.00 -0.00 0.00 0.00 -0.00 0.00 0.00 -0.00 0.00 0.00 -0.00 0.00 0.00 -0.00 0.00 0.00 -0.00 0.00 0.00 -0.00 0.00 0.00 -0.00 0.00 0.00 -0.00 0.00 0.00 -0.00 0.00 0.00 -0.00 0.00 0.00 -0.00 0.00 0.00 -0.00 0.00 0.00 -0.00 0.00 0.00 -0.00 0.00 0.00 -0.00 0.00 0.00 -0.00 0.00 0.00 -0.00 0.00 0.00 -0.00 0.00 0.00 -0.00 0.00 0.00 -0.00 0.00 0.00 -0.00 0.00 0.00 -0.00 0.00 0.00 -0.00 0.00 0.00 -0.00 0.00 0.00 -0.00 0.00 0.00 -0.00 0.00 0.00 -0.00 0.00 0.00 -0.00 0.00 0.00 -0.00 0.00 0.00 -0.00 0.00 0.00 -0.00 0.00 0.00 -0.00 0.00 0.00 -0.00 0.00 0.00 -0.00 0.00 0.00 -0.00 0.00 94.39 0.18 -156.33 0.01 -25.00 0.03 -11.23 0.58 43.47 -20.47 30.26 42.41 0.00 0.00 -0.00 -0.00 -0.00 -90.00 0.00 0.00 -100.00 -0.00 0.00 -80.00 0.00 0.00 -0.00 -0.00 -0.00 -90.00 0.00 0.00 -100.00 -0.00 0.00 -80.00 0.00 0.00 -0.00 -0.00 -0.00 -90.00 0.00 0.00 -100.00 -0.00 0.00 -80.00 0.00 0.00 -0.00 4.00 0.01 -0.08 -0.00 0.11 -1.57 -0.00 0.05 -0.77
-0.0000 0.0162 0.0000 0.00 -0.00 0.00 0.00 -0.00 0.00 0.00 -0.00 0.00 0.00 -0.00 0.00 0.00 -0.00 0.00 0.00 -0.00 0.00 0.00 -0.00 0.00 0.00 -0.00 0.00 0.00 -0.00 0.00 0.00 -0.00 0.00 0.00 -0.00 0.00 0.00 -0.00 0.00 0.00 -0.00 0.00 0.00 -0.00 0.00 0.00 -0.00 0.00 0.00 -0.00 0.00 0.00 -0.00 0.00 0.00 -0.00 0.00 0.00 -0.00 0.00 0.00 -0.00 0.00 0.00 -0.00 0.00 0.00 -0.00 0.00 0.00 -0.00 0.00 0.00 -0.00 0.00 0.00 -0.00 0.00 0.00 -0.00 0.00 0.00 -0.00 0.00 0.00 -0.00 0.00 0.00 -0.00 0.00 0.00 -0.00 0.00 0.00 -0.00 0.00 0.00 -0.00 0.00 0.00 -0.00 0.00 0.00 -0.00 0.00 0.00 -0.00 0.00 0.00 -0.00 0.00 0.00 -0.00 0.00 0.00 -0.00 0.00 0.00 -0.00 0.00 0.00 -0.00 0.00 0.00 -0.00 0.00 94.39 0.18 -156.33 0.01 -25.00 0.03 -11.23 0.58 43.47 -20.47 30.26 42.41 0.00 0.00 -0.00 -0.00 -0.00 -90.00 0.00 0.00 -100.00 -0.00 0.00 -80.00 0.00 0.00 -0.00 -0.00 -0.00 -90.00 0.00 0.00 -100.00 -0.00 0.00 -80.00 0.00 0.00 -0.00 -0.00 -0.00 -90.00 0.00 0.00 -100.00 -0.00 0.00 -80.00 0.00 0.00 -0.00 4.00 0.01 -0.08 -0.00 0.11 -1.57 -0.00 0.05 -0.77
-0.0000 0.0157 0.0000 0.00 -0.00 0.00 0.00 -0.00 0.00 0.00 -0.00 0.00 0.00 -0.00 0.00 0.00 -0.00 0.00 0.00 -0.00 0.00 0.00 -0.00 0.00 0.00 -0.00 0.00 0.00 -0.00 0.00 0.00 -0.00 0.00 0.00 -0.00 0.00 0.00 -0.00 0.00 0.00 -0.00 0.00 0.00 -0.00 0.00 0.00 -0.00 0.00 0.00 -0.00 0.00 0.00 -0.00 0.00 0.00 -0.00 0.00 0.00 -0.00 0.00 0.00 -0.00 0.00 0.00 -0.00 0.00 0.00 -0.00 0.00 0.00 -0.00 0.00 0.00 -0.00 0.00 0.00 -0.00 0.00 0.00 -0.00 0.00 0.00 -0.00 0.00 0.00 -0.00 0.00 0.00 -0.00 0.00 0.00 -0.00 0.00 0.00 -0.00 0.00 0.00 -0.00 0.00 0.00 -0.00 0.00 0.00 -0.00 0.00 0.00 -0.00 0.00 0.00 -0.00 0.00 0.00 -0.00 0.00 0.00 -0.00 0.00 0.00 -0.00 0.00 0.00 -0.00 0.00 0.00 -0.00 0.00 94.39 0.18 -156.33 0.01 -25.00 0.03 -11.23 0.58 43.47 -20.47 30.26 42.41 0.00 0.00 -0.00 -0.00 -0.00 -90.00 0.00 0.00 -100.00 -0.00 0.00 -80.00 0.00 0.00 -0.00 -0.00 -0.00 -90.00 0.00 0.00 -100.00 -0.00 0.00 -80.00 0.00 0.00 -0.00 -0.00 -0.00 -90.00 0.00 0.00 -100.00 -0.00 0.00 -80.00 0.00 0.00 -0.00 4.00 0.01 -0.08 -0.00 0.11 -1.57 -0.00 0.05 -0.77
-0.0000 0.0155 0.0000 0.00 -0.00 0.00 0.00 -0.00 0.00 0.00 -0.00 0.00 0.00 -0.00 0.00 0.00 -0.00 0.00 0.00 -0.00 0.00 0.00 -0.00 0.00 0.00 -0.00 0.00 0.00 -0.00 0.00 0.00 -0.00 0.00 0.00 -0.00 0.00 0.00 -0.00 0.00 0.00 -0.00 0.00 0.00 -0.00 0.00 0.00 -0.00 0.00 0.00 -0.00 0.00 0.00 -0.00 0.00 0.00 -0.00 0.00 0.00 -0.00 0.00 0.00 -0.00 0.00 0.00 -0.00 0.00 0.00 -0.00 0.00 0.00 -0.00 0.00 0.00 -0.00 0.00 0.00 -0.00 0.00 0.00 -0.00 0.00 0.00 -0.00 0.00 0.00 -0.00 0.00 0.00 -0.00 0.00 0.00 -0.00 0.00 0.00 -0.00 0.00 0.00 -0.00 0.00 0.00 -0.00 0.00 0.00 -0.00 0.00 0.00 -0.00 0.00 0.00 -0.00 0.00 0.00 -0.00 0.00 0.00 -0.00 0.00 0.00 -0.00 0.00 0.00 -0.00 0.00 0.00 -0.00 0.00 94.39 0.18 -156.33 0.01 -25.00 0.03 -11.23 0.58 43.47 -20.47 30.26 42.41 0.00 0.00 -0.00 -0.00 -0.00 -90.00 0.00 0.00 -100.00 -0.00 0.00 -80.00 0.00 0.00 -0.00 -0.00 -0.00 -90.00 0.00 0.00 -100.00 -0.00 0.00 -80.00 0.00 0.00 -0.00 -0.00 -0.00 -90.00 0.00 0.00 -100.00 -0.00 0.00 -80.00 0.00 0.00 -0.00 4.00 0.01 -0.08 -0.00 0.11 -1.57 -0.00 0.05 -0.77
-0.0000 0.0153 0.0000 0.00 -0.00 0.00 0.00 -0.00 0.00 0.00 -0.00 0.00 0.00 -0.00 0.00 0.00 -0.00 0.00 0.00 -0.00 0.00 0.00 -0.00 0.00 0.00 -0.00 0.00 0.00 -0.00 0.00 0.00 -0.00 0.00 0.00 -0.00 0.00 0.00 -0.00 0.00 0.00 -0.00 0.00 0.00 -0.00 0.00 0.00 -0.00 0.00 0.00 -0.00 0.00 0.00 -0.00 0.00 0.00 -0.00 0.00 0.00 -0.00 0.00 0.00 -0.00 0.00 0.00 -0.00 0.00 0.00 -0.00 0.00 0.00 -0.00 0.00 0.00 -0.00 0.00 0.00 -0.00 0.00 0.00 -0.00 0.00 0.00 -0.00 0.00 0.00 -0.00 0.00 0.00 -0.00 0.00 0.00 -0.00 0.00 0.00 -0.00 0.00 0.00 -0.00 0.00 0.00 -0.00 0.00 0.00 -0.00 0.00 0.00 -0.00 0.00 0.00 -0.00 0.00 0.00 -0.00 0.00 0.00 -0.00 0.00 0.00 -0.00 0.00 0.00 -0.00 0.00 0.00 -0.00 0.00 94.39 0.18 -156.33 0.01 -25.00 0.03 -11.23 0.58 43.47 -20.47 30.26 42.41 0.00 0.00 -0.00 -0.00 -0.00 -90.00 0.00 0.00 -100.00 -0.00 0.00 -80.00 0.00 0.00 -0.00 -0.00 -0.00 -90.00 0.00 0.00 -100.00 -0.00 0.00 -80.00 0.00 0.00 -0.00 -0.00 -0.00 -90.00 0.00 0.00 -100.00 -0.00 0.00 -80.00 0.00 0.00 -0.00 4.00 0.01 -0.08 -0.00 0.11 -1.57 -0.00 0.05 -0.77
-0.0000 0.0161 0.0000 0.00 -0.00 0.00 0.00 -0.00 0.00 0.00 -0.00 0.00 0.00 -0.00 0.00 0.00 -0.00 0.00 0.00 -0.00 0.00 0.00 -0.00 0.00 0.00 -0.00 0.00 0.00 -0.00 0.00 0.00 -0.00 0.00 0.00 -0.00 0.00 0.00 -0.00 0.00 0.00 -0.00 0.00 0.00 -0.00 0.00 0.00 -0.00 0.00 0.00 -0.00 0.00 0.00 -0.00 0.00 0.00 -0.00 0.00 0.00 -0.00 0.00 0.00 -0.00 0.00 0.00 -0.00 0.00 0.00 -0.00 0.00 0.00 -0.00 0.00 0.00 -0.00 0.00 0.00 -0.00 0.00 0.00 -0.00 0.00 0.00 -0.00 0.00 0.00 -0.00 0.00 0.00 -0.00 0.00 0.00 -0.00 0.00 0.00 -0.00 0.00 0.00 -0.00 0.00 0.00 -0.00 0.00 0.00 -0.00 0.00 0.00 -0.00 0.00 0.00 -0.00 0.00 0.00 -0.00 0.00 0.00 -0.00 0.00 0.00 -0.00 0.00 0.00 -0.00 0.00 0.00 -0.00 0.00 94.39 0.18 -156.33 0.01 -25.00 0.03 -11.23 0.58 43.47 -20.47 30.26 42.41 0.00 0.00 -0.00 -0.00 -0.00 -90.00 0.00 0.00 -100.00 -0.00 0.00 -80.00 0.00 0.00 -0.00 -0.00 -0.00 -90.00 0.00 0.00 -100.00 -0.00 0.00 -80.00 0.00 0.00 -0.00 -0.00 -0.00 -90.00 0.00 0.00 -100.00 -0.00 0.00 -80.00 0.00 0.00 -0.00 4.00 0.01 -0.08 -0.00 0.11 -1.57 -0.00 0.05 -0.77
-0.0000 0.0164 0.0000 0.00 -0.00 0.00 0.00 -0.00 0.00 0.00 -0.00 0.00 0.00 -0.00 0.00 0.00 -0.00 0.00 0.00 -0.00 0.00 0.00 -0.00 0.00 0.00 -0.00 0.00 0.00 -0.00 0.00 0.00 -0.00 0.00 0.00 -0.00 0.00 0.00 -0.00 0.00 0.00 -0.00 0.00 0.00 -0.00 0.00 0.00 -0.00 0.00 0.00 -0.00 0.00 0.00 -0.00 0.00 0.00 -0.00 0.00 0.00 -0.00 0.00 0.00 -0.00 0.00 0.00 -0.00 0.00 0.00 -0.00 0.00 0.00 -0.00 0.00 0.00 -0.00 0.00 0.00 -0.00 0.00 0.00 -0.00 0.00 0.00 -0.00 0.00 0.00 -0.00 0.00 0.00 -0.00 0.00 0.00 -0.00 0.00 0.00 -0.00 0.00 0.00 -0.00 0.00 0.00 -0.00 0.00 0.00 -0.00 0.00 0.00 -0.00 0.00 0.00 -0.00 0.00 0.00 -0.00 0.00 0.00 -0.00 0.00 0.00 -0.00 0.00 0.00 -0.00 0.00 0.00 -0.00 0.00 94.39 0.18 -156.33 0.01 -25.00 0.03 -11.23 0.58 43.47 -20.47 30.26 42.41 0.00 0.00 -0.00 -0.00 -0.00 -90.00 0.00 0.00 -100.00 -0.00 0.00 -80.00 0.00 0.00 -0.00 -0.00 -0.00 -90.00 0.00 0.00 -100.00 -0.00 0.00 -80.00 0.00 0.00 -0.00 -0.00 -0.00 -90.00 0.00 0.00 -100.00 -0.00 0.00 -80.00 0.00 0.00 -0.00 4.00 0.01 -0.08 -0.00 0.11 -1.57 -0.00 0.05 -0.77
-0.0000 0.0154 0.0000 0.00 -0.00 0.00 0.00 -0.00 0.00 0.00 -0.00 0.00 0.00 -0.00 0.00 0.00 -0.00 0.00 0.00 -0.00 0.00 0.00 -0.00 0.00 0.00 -0.00 0.00 0.00 -0.00 0.00 0.00 -0.00 0.00 0.00 -0.00 0.00 0.00 -0.00 0.00 0.00 -0.00 0.00 0.00 -0.00 0.00 0.00 -0.00 0.00 0.00 -0.00 0.00 0.00 -0.00 0.00 0.00 -0.00 0.00 0.00 -0.00 0.00 0.00 -0.00 0.00 0.00 -0.00 0.00 0.00 -0.00 0.00 0.00 -0.00 0.00 0.00 -0.00 0.00 0.00 -0.00 0.00 0.00 -0.00 0.00 0.00 -0.00 0.00 0.00 -0.00 0.00 0.00 -0.00 0.00 0.00 -0.00 0.00 0.00 -0.00 0.00 0.00 -0.00 0.00 0.00 -0.00 0.00 0.00 -0.00 0.00 0.00 -0.00 0.00 0.00 -0.00 0.00 0.00 -0.00 0.00 0.00 -0.00 0.00 0.00 -0.00 0.00 0.00 -0.00 0.00 0.00 -0.00 0.00 94.39 0.18 -156.33 0.01 -25.00 0.03 -11.23 0.58 43.47 -20.47 30.26 42.41 0.00 0.00 -0.00 -0.00 -0.00 -90.00 0.00 0.00 -100.00 -0.00 0.00 -80.00 0.00 0.00 -0.00 -0.00 -0.00 -90.00 0.00 0.00 -100.00 -0.00 0.00 -80.00 0.00 0.00 -0.00 -0.00 -0.00 -90.00 0.00 0.00 -100.00 -0.00 0.00 -80.00 0.00 0.00 -0.00 4.00 0.01 -0.08 -0.00 0.11 -1.57 -0.00 0.05 -0.77
-0.0000 0.0156 0.0000 0.00 -0.00 0.00 0.00 -0.00 0.00 0.00 -0.00 0.00 0.00 -0.00 0.00 0.00 -0.00 0.00 0.00 -0.00 0.00 0.00 -0.00 0.00 0.00 -0.00 0.00 0.00 -0.00 0.00 0.00 -0.00 0.00 0.00 -0.00 0.00 0.00 -0.00 0.00 0.00 -0.00 0.00 0.00 -0.00 0.00 0.00 -0.00 0.00 0.00 -0.00 0.00 0.00 -0.00 0.00 0.00 -0.00 0.00 0.00 -0.00 0.00 0.00 -0.00 0.00 0.00 -0.00 0.00 0.00 -0.00 0.00 0.00 -0.00 0.00 0.00 -0.00 0.00 0.00 -0.00 0.00 0.00 -0.00 0.00 0.00 -0.00 0.00 0.00 -0.00 0.00 0.00 -0.00 0.00 0.00 -0.00 0.00 0.00 -0.00 0.00 0.00 -0.00 0.00 0.00 -0.00 0.00 0.00 -0.00 0.00 0.00 -0.00 0.00 0.00 -0.00 0.00 0.00 -0.00 0.00 0.00 -0.00 0.00 0.00 -0.00 0.00 0.00 -0.00 0.00 0.00 -0.00 0.00 94.39 0.18 -156.33 0.01 -25.00 0.03 -11.23 0.58 43.47 -20.47 30.26 42.41 0.00 0.00 -0.00 -0.00 -0.00 -90.00 0.00 0.00 -100.00 -0.00 0.00 -80.00 0.00 0.00 -0.00 -0.00 -0.00 -90.00 0.00 0.00 -100.00 -0.00 0.00 -80.00 0.00 0.00 -0.00 -0.00 -0.00 -90.00 0.00 0.00 -100.00 -0.00 0.00 -80.00 0.00 0.00 -0.00 4.00 0.01 -0.08 -0.00 0.11 -1.57 -0.00 0.05 -0.77
-0.0000 0.0161 0.0000 0.00 -0.00 0.00 0.00 -0.00 0.00 0.00 -0.00 0.00 0.00 -0.00 0.00 0.00 -0.00 0.00 0.00 -0.00 0.00 0.00 -0.00 0.00 0.00 -0.00 0.00 0.00 -0.00 0.00 0.00 -0.00 0.00 0.00 -0.00 0.00 0.00 -0.00 0.00 0.00 -0.00 0.00 0.00 -0.00 0.00 0.00 -0.00 0.00 0.00 -0.00 0.00 0.00 -0.00 0.00 0.00 -0.00 0.00 0.00 -0.00 0.00 0.00 -0.00 0.00 0.00 -0.00 0.00 0.00 -0.00 0.00 0.00 -0.00 0.00 0.00 -0.00 0.00 0.00 -0.00 0.00 0.00 -0.00 0.00 0.00 -0.00 0.00 0.00 -0.00 0.00 0.00 -0.00 0.00 0.00 -0.00 0.00 0.00 -0.00 0.00 0.00 -0.00 0.00 0.00 -0.00 0.00 0.00 -0.00 0.00 0.00 -0.00 0.00 0.00 -0.00 0.00 0.00 -0.00 0.00 0.00 -0.00 0.00 0.00 -0.00 0.00 0.00 -0.00 0.00 0.00 -0.00 0.00 94.39 0.18 -156.33 0.01 -25.00 0.03 -11.23 0.58 43.47 -20.47 30.26 42.41 0.00 0.00 -0.00 -0.00 -0.00 -90.00 0.00 0.00 -100.00 -0.00 0.00 -80.00 0.00 0.00 -0.00 -0.00 -0.00 -90.00 0.00 0.00 -100.00 -0.00 0.00 -80.00 0.00 0.00 -0.00 -0.00 -0.00 -90.00 0.00 0.00 -100.00 -0.00 0.00 -80.00 0.00 0.00 -0.00 4.00 0.01 -0.08 -0.00 0.11 -1.57 -0.00 0.05 -0.77
-0.0000 0.0164 0.0000 0.00 -0.00 0.00 0.00 -0.00 0.00 0.00 -0.00 0.00 0.00 -0.00 0.00 0.00 -0.00 0.00 0.00 -0.00 0.00 0.00 -0.00 0.00 0.00 -0.00 0.00 0.00 -0.00 0.00 0.00 -0.00 0.00 0.00 -0.00 0.00 0.00 -0.00 0.00 0.00 -0.00 0.00 0.00 -0.00 0.00 0.00 -0.00 0.00 0.00 -0.00 0.00 0.00 -0.00 0.00 0.00 -0.00 0.00 0.00 -0.00 0.00 0.00 -0.00 0.00 0.00 -0.00 0.00 0.00 -0.00 0.00 0.00 -0.00 0.00 0.00 -0.00 0.00 0.00 -0.00 0.00 0.00 -0.00 0.00 0.00 -0.00 0.00 0.00 -0.00 0.00 0.00 -0.00 0.00 0.00 -0.00 0.00 0.00 -0.00 0.00 0.00 -0.00 0.00 0.00 -0.00 0.00 0.00 -0.00 0.00 0.00 -0.00 0.00 0.00 -0.00 0.00 0.00 -0.00 0.00 0.00 -0.00 0.00 0.00 -0.00 0.00 0.00 -0.00 0.00 0.00 -0.00 0.00 94.39 0.18 -156.33 0.01 -25.00 0.03 -11.23 0.58 43.47 -20.47 30.26 42.41 0.00 0.00 -0.00 -0.00 -0.00 -90.00 0.00 0.00 -100.00 -0.00 0.00 -80.00 0.00 0.00 -0.00 -0.00 -0.00 -90.00 0.00 0.00 -100.00 -0.00 0.00 -80.00 0.00 0.00 -0.00 -0.00 -0.00 -90.00 0.00 0.00 -100.00 -0.00 0.00 -80.00 0.00 0.00 -0.00 4.00 0.01 -0.08 -0.00 0.11 -1.57 -0.00 0.05 -0.77
-0.0000 0.0160 0.0000 0.00 -0.00 0.00 0.00 -0.00 0.00 0.00 -0.00 0.00 0.00 -0.00 0.00 0.00 -0.00 0.00 0.00 -0.00 0.00 0.00 -0.00 0.00 0.00 -0.00 0.00 0.00 -0.00 0.00 0.00 -0.00 0.00 0.00 -0.00 0.00 0.00 -0.00 0.00 0.00 -0.00 0.00 0.00 -0.00 0.00 0.00 -0.00 0.00 0.00 -0.00 0.00 0.00 -0.00 0.00 0.00 -0.00 0.00 0.00 -0.00 0.00 0.00 -0.00 0.00 0.00 -0.00 0.00 0.00 -0.00 0.00 0.00 -0.00 0.00 0.00 -0.00 0.00 0.00 -0.00 0.00 0.00 -0.00 0.00 0.00 -0.00 0.00 0.00 -0.00 0.00 0.00 -0.00 0.00 0.00 -0.00 0.00 0.00 -0.00 0.00 0.00 -0.00 0.00 0.00 -0.00 0.00 0.00 -0.00 0.00 0.00 -0.00 0.00 0.00 -0.00 0.00 0.00 -0.00 0.00 0.00 -0.00 0.00 0.00 -0.00 0.00 0.00 -0.00 0.00 0.00 -0.00 0.00 94.39 0.18 -156.33 0.01 -25.00 0.03 -11.23 0.58 43.47 -20.47 30.26 42.41 0.00 0.00 -0.00 -0.00 -0.00 -90.00 0.00 0.00 -100.00 -0.00 0.00 -80.00 0.00 0.00 -0.00 -0.00 -0.00 -90.00 0.00 0.00 -100.00 -0.00 0.00 -80.00 0.00 0.00 -0.00 -0.00 -0.00 -90.00 0.00 0.00 -100.00 -0.00 0.00 -80.00 0.00 0.00 -0.00 4.00 0.01 -0.08 -0.00 0.11 -1.57 -0.00 0.05 -0.77
-0.0000 0.0164 0.0000 0.00 -0.00 0.00 0.00 -0.00 0.00 0.00 -0.00 0.00 0.00 -0.00 0.00 0.00 -0.00 0.00 0.00 -0.00 0.00 0.00 -0.00 0.00 0.00 -0.00 0.00 0.00 -0.00 0.00 0.00 -0.00 0.00 0.00 -0.00 0.00 0.00 -0.00 0.00 0.00 -0.00 0.00 0.00 -0.00 0.00 0.00 -0.00 0.00 0.00 -0.00 0.00 0.00 -0.00 0.00 0.00 -0.00 0.00 0.00 -0.00 0.00 0.00 -0.00 0.00 0.00 -0.00 0.00 0.00 -0.00 0.00 0.00 -0.00 0.00 0.00 -0.00 0.00 0.00 -0.00 0.00 0.00 -0.00 0.00 0.00 -0.00 0.00 0.00 -0.00 0.00 0.00 -0.00 0.00 0.00 -0.00 0.00 0.00 -0.00 0.00 0.00 -0.00 0.00 0.00 -0.00 0.00 0.00 -0.00 0.00 0.00 -0.00 0.00 0.00 -0.00 0.00 0.00 -0.00 0.00 0.00 -0.00 0.00 0.00 -0.00 0.00 0.00 -0.00 0.00 0.00 -0.00 0.00 94.39 0.18 -156.33 0.01 -25.00 0.03 -11.23 0.58 43.47 -20.47 30.26 42.41 0.00 0.00 -0.00 -0.00 -0.00 -90.00 0.00 0.00 -100.00 -0.00 0.00 -80.00 0.00 0.00 -0.00 -0.00 -0.00 -90.00 0.00 0.00 -100.00 -0.00 0.00 -80.00 0.00 0.00 -0.00 -0.00 -0.00 -90.00 0.00 0.00 -100.00 -0.00 0.00 -80.00 0.00 0.00 -0.00 4.00 0.01 -0.08 -0.00 0.11 -1.57 -0.00 0.05 -0.77
-0.0000 0.0163 0.0000 0.00 -0.00 0.00 0.00 -0.00 0.00 0.00 -0.00 0.00 0.00 -0.00 0.00 0.00 -0.00 0.00 0.00 -0.00 0.00 0.00 -0.00 0.00 0.00 -0.00 0.00 0.00 -0.00 0.00 0.00 -0.00 0.00 0.00 -0.00 0.00 0.00 -0.00 0.00 0.00 -0.00 0.00 0.00 -0.00 0.00 0.00 -0.00 0.00 0.00 -0.00 0.00 0.00 -0.00 0.00 0.00 -0.00 0.00 0.00 -0.00 0.00 0.00 -0.00 0.00 0.00 -0.00 0.00 0.00 -0.00 0.00 0.00 -0.00 0.00 0.00 -0.00 0.00 0.00 -0.00 0.00 0.00 -0.00 0.00 0.00 -0.00 0.00 0.00 -0.00 0.00 0.00 -0.00 0.00 0.00 -0.00 0.00 0.00 -0.00 0.00 0.00 -0.00 0.00 0.00 -0.00 0.00 0.00 -0.00 0.00 0.00 -0.00 0.00 0.00 -0.00 0.00 0.00 -0.00 0.00 0.00 -0.00 0.00 0.00 -0.00 0.00 0.00 -0.00 0.00 0.00 -0.00 0.00 94.39 0.18 -156.33 0.01 -25.00 0.03 -11.23 0.58 43.47 -20.47 30.26 42.41 0.00 0.00 -0.00 -0.00 -0.00 -90.00 0.00 0.00 -100.00 -0.00 0.00 -80.00 0.00 0.00 -0.00 -0.00 -0.00 -90.00 0.00 0.00 -100.00 -0.00 0.00 -80.00 0.00 0.00 -0.00 -0.00 -0.00 -90.00 0.00 0.00 -100.00 -0.00 0.00 -80.00 0.00 0.00 -0.00 4.00 0.01 -0.08 -0.00 0.11 -1.57 -0.00 0.05 -0.77
-0.0000 0.0168 0.0000 0.00 -0.00 0.00 0.00 -0.00 0.00 0.00 -0.00 0.00 0.00 -0.00 0.00 0.00 -0.00 0.00 0.00 -0.00 0.00 0.00 -0.00 0.00 0.00 -0.00 0.00 0.00 -0.00 0.00 0.00 -0.00 0.00 0.00 -0.00 0.00 0.00 -0.00 0.00 0.00 -0.00 0.00 0.00 -0.00 0.00 0.00 -0.00 0.00 0.00 -0.00 0.00 0.00 -0.00 0.00 0.00 -0.00 0.00 0.00 -0.00 0.00 0.00 -0.00 0.00 0.00 -0.00 0.00 0.00 -0.00 0.00 0.00 -0.00 0.00 0.00 -0.00 0.00 0.00 -0.00 0.00 0.00 -0.00 0.00 0.00 -0.00 0.00 0.00 -0.00 0.00 0.00 -0.00 0.00 0.00 -0.00 0.00 0.00 -0.00 0.00 0.00 -0.00 0.00 0.00 -0.00 0.00 0.00 -0.00 0.00 0.00 -0.00 0.00 0.00 -0.00 0.00 0.00 -0.00 0.00 0.00 -0.00 0.00 0.00 -0.00 0.00 0.00 -0.00 0.00 0.00 -0.00 0.00 94.39 0.18 -156.33 0.01 -25.00 0.03 -11.23 0.58 43.47 -20.47 30.26 42.41 0.00 0.00 -0.00 -0.00 -0.00 -90.00 0.00 0.00 -100.00 -0.00 0.00 -80.00 0.00 0.00 -0.00 -0.00 -0.00 -90.00 0.00 0.00 -100.00 -0.00 0.00 -80.00 0.00 0.00 -0.00 -0.00 -0.00 -90.00 0.00 0.00 -100.00 -0.00 0.00 -80.00 0.00 0.00 -0.00 4.00 0.01 -0.08 -0.00 0.11 -1.57 -0.00 0.05 -0.77
-0.0000 0.0172 0.0000 0.00 -0.00 0.00 0.00 -0.00 0.00 0.00 -0.00 0.00 0.00 -0.00 0.00 0.00 -0.00 0.00 0.00 -0.00 0.00 0.00 -0.00 0.00 0.00 -0.00 0.00 0.00 -0.00 0.00 0.00 -0.00 0.00 0.00 -0.00 0.00 0.00 -0.00 0.00 0.00 -0.00 0.00 0.00 -0.00 0.00 0.00 -0.00 0.00 0.00 -0.00 0.00 0.00 -0.00 0.00 0.00 -0.00 0.00 0.00 -0.00 0.00 0.00 -0.00 0.00 0.00 -0.00 0.00 0.00 -0.00 0.00 0.00 -0.00 0.00 0.00 -0.00 0.00 0.00 -0.00 0.00 0.00 -0.00 0.00 0.00 -0.00 0.00 0.00 -0.00 0.00 0.00 -0.00 0.00 0.00 -0.00 0.00 0.00 -0.00 0.00 0.00 -0.00 0.00 0.00 -0.00 0.00 0.00 -0.00 0.00 0.00 -0.00 0.00 0.00 -0.00 0.00 0.00 -0.00 0.00 0.00 -0.00 0.00 0.00 -0.00 0.00 0.00 -0.00 0.00 0.00 -0.00 0.00 94.39 0.18 -156.33 0.01 -25.00 0.03 -11.23 0.58 43.47 -20.47 30.26 42.41 0.00 0.00 -0.00 -0.00 -0.00 -90.00 0.00 0.00 -100.00 -0.00 0.00 -80.00 0.00 0.00 -0.00 -0.00 -0.00 -90.00 0.00 0.00 -100.00 -0.00 0.00 -80.00 0.00 0.00 -0.00 -0.00 -0.00 -90.00 0.00 0.00 -100.00 -0.00 0.00 -80.00 0.00 0.00 -0.00 4.00 0.01 -0.08 -0.00 0.11 -1.57 -0.00 0.05 -0.77
-0.0000 0.0168 0.0000 0.00 -0.00 0.00 0.00 -0.00 0.00 0.00 -0.00 0.00 0.00 -0.00 0.00 0.00 -0.00 0.00 0.00 -0.00 0.00 0.00 -0.00 0.00 0.00 -0.00 0.00 0.00 -0.00 0.00 0.00 -0.00 0.00 0.00 -0.00 0.00 0.00 -0.00 0.00 0.00 -0.00 0.00 0.00 -0.00 0.00 0.00 -0.00 0.00 0.00 -0.00 0.00 0.00 -0.00 0.00 0.00 -0.00 0.00 0.00 -0.00 0.00 0.00 -0.00 0.00 0.00 -0.00 0.00 0.00 -0.00 0.00 0.00 -0.00 0.00 0.00 -0.00 0.00 0.00 -0.00 0.00 0.00 -0.00 0.00 0.00 -0.00 0.00 0.00 -0.00 0.00 0.00 -0.00 0.00 0.00 -0.00 0.00 0.00 -0.00 0.00 0.00 -0.00 0.00 0.00 -0.00 0.00 0.00 -0.00 0.00 0.00 -0.00 0.00 0.00 -0.00 0.00 0.00 -0.00 0.00 0.00 -0.00 0.00 0.00 -0.00 0.00 0.00 -0.00 0.00 0.00 -0.00 0.00 94.39 0.18 -156.33 0.01 -25.00 0.03 -11.23 0.58 43.47 -20.47 30.26 42.41 0.00 0.00 -0.00 -0.00 -0.00 -90.00 0.00 0.00 -100.00 -0.00 0.00 -80.00 0.00 0.00 -0.00 -0.00 -0.00 -90.00 0.00 0.00 -100.00 -0.00 0.00 -80.00 0.00 0.00 -0.00 -0.00 -0.00 -90.00 0.00 0.00 -100.00 -0.00 0.00 -80.00 0.00 0.00 -0.00 4.00 0.01 -0.08 -0.00 0.11 -1.57 -0.00 0.05 -0.77
-0.0000 0.0170 0.0000 0.00 -0.00 0.00 0.00 -0.00 0.00 0.00 -0.00 0.00 0.00 -0.00 0.00 0.00 -0.00 0.00 0.00 -0.00 0.00 0.00 -0.00 0.00 0.00 -0.00 0.00 0.00 -0.00 0.00 0.00 -0.00 0.00 0.00 -0.00 0.00 0.00 -0.00 0.00 0.00 -0.00 0.00 0.00 -0.00 0.00 0.00 -0.00 0.00 0.00 -0.00 0.00 0.00 -0.00 0.00 0.00 -0.00 0.00 0.00 -0.00 0.00 0.00 -0.00 0.00 0.00 -0.00 0.00 0.00 -0.00 0.00 0.00 -0.00 0.00 0.00 -0.00 0.00 0.00 -0.00 0.00 0.00 -0.00 0.00 0.00 -0.00 0.00 0.00 -0.00 0.00 0.00 -0.00 0.00 0.00 -0.00 0.00 0.00 -0.00 0.00 0.00 -0.00 0.00 0.00 -0.00 0.00 0.00 -0.00 0.00 0.00 -0.00 0.00 0.00 -0.00 0.00 0.00 -0.00 0.00 0.00 -0.00 0.00 0.00 -0.00 0.00 0.00 -0.00 0.00 0.00 -0.00 0.00 94.39 0.18 -156.33 0.01 -25.00 0.03 -11.23 0.58 43.47 -20.47 30.26 42.41 0.00 0.00 -0.00 -0.00 -0.00 -90.00 0.00 0.00 -100.00 -0.00 0.00 -80.00 0.00 0.00 -0.00 -0.00 -0.00 -90.00 0.00 0.00 -100.00 -0.00 0.00 -80.00 0.00 0.00 -0.00 -0.00 -0.00 -90.00 0.00 0.00 -100.00 -0.00 0.00 -80.00 0.00 0.00 -0.00 4.00 0.01 -0.08 -0.00 0.11 -1.57 -0.00 0.05 -0.77
-0.0000 0.0180 0.0000 0.00 -0.00 0.00 0.00 -0.00 0.00 0.00 -0.00 0.00 0.00 -0.00 0.00 0.00 -0.00 0.00 0.00 -0.00 0.00 0.00 -0.00 0.00 0.00 -0.00 0.00 0.00 -0.00 0.00 0.00 -0.00 0.00 0.00 -0.00 0.00 0.00 -0.00 0.00 0.00 -0.00 0.00 0.00 -0.00 0.00 0.00 -0.00 0.00 0.00 -0.00 0.00 0.00 -0.00 0.00 0.00 -0.00 0.00 0.00 -0.00 0.00 0.00 -0.00 0.00 0.00 -0.00 0.00 0.00 -0.00 0.00 0.00 -0.00 0.00 0.00 -0.00 0.00 0.00 -0.00 0.00 0.00 -0.00 0.00 0.00 -0.00 0.00 0.00 -0.00 0.00 0.00 -0.00 0.00 0.00 -0.00 0.00 0.00 -0.00 0.00 0.00 -0.00 0.00 0.00 -0.00 0.00 0.00 -0.00 0.00 0.00 -0.00 0.00 0.00 -0.00 0.00 0.00 -0.00 0.00 0.00 -0.00 0.00 0.00 -0.00 0.00 0.00 -0.00 0.00 0.00 -0.00 0.00 94.39 0.18 -156.33 0.01 -25.00 0.03 -11.23 0.58 43.47 -20.47 30.26 42.41 0.00 0.00 -0.00 -0.00 -0.00 -90.00 0.00 0.00 -100.00 -0.00 0.00 -80.00 0.00 0.00 -0.00 -0.00 -0.00 -90.00 0.00 0.00 -100.00 -0.00 0.00 -80.00 0.00 0.00 -0.00 -0.00 -0.00 -90.00 0.00 0.00 -100.00 -0.00 0.00 -80.00 0.00 0.00 -0.00 4.00 0.01 -0.08 -0.00 0.11 -1.57 -0.00 0.05 -0.77
-0.0000 0.0177 0.0000 0.00 -0.00 0.00 0.00 -0.00 0.00 0.00 -0.00 0.00 0.00 -0.00 0.00 0.00 -0.00 0.00 0.00 -0.00 0.00 0.00 -0.00 0.00 0.00 -0.00 0.00 0.00 -0.00 0.00 0.00 -0.00 0.00 0.00 -0.00 0.00 0.00 -0.00 0.00 0.00 -0.00 0.00 0.00 -0.00 0.00 0.00 -0.00 0.00 0.00 -0.00 0.00 0.00 -0.00 0.00 0.00 -0.00 0.00 0.00 -0.00 0.00 0.00 -0.00 0.00 0.00 -0.00 0.00 0.00 -0.00 0.00 0.00 -0.00 0.00 0.00 -0.00 0.00 0.00 -0.00 0.00 0.00 -0.00 0.00 0.00 -0.00 0.00 0.00 -0.00 0.00 0.00 -0.00 0.00 0.00 -0.00 0.00 0.00 -0.00 0.00 0.00 -0.00 0.00 0.00 -0.00 0.00 0.00 -0.00 0.00 0.00 -0.00 0.00 0.00 -0.00 0.00 0.00 -0.00 0.00 0.00 -0.00 0.00 0.00 -0.00 0.00 0.00 -0.00 0.00 0.00 -0.00 0.00 94.39 0.18 -156.33 0.01 -25.00 0.03 -11.23 0.58 43.47 -20.47 30.26 42.41 0.00 0.00 -0.00 -0.00 -0.00 -90.00 0.00 0.00 -100.00 -0.00 0.00 -80.00 0.00 0.00 -0.00 -0.00 -0.00 -90.00 0.00 0.00 -100.00 -0.00 0.00 -80.00 0.00 0.00 -0.00 -0.00 -0.00 -90.00 0.00 0.00 -100.00 -0.00 0.00 -80.00 0.00 0.00 -0.00 4.00 0.01 -0.08 -0.00 0.11 -1.57 -0.00 0.05 -0.77
-0.0000 0.0173 0.0000 0.00 -0.00 0.00 0.00 -0.00 0.00 0.00 -0.00 0.00 0.00 -0.00 0.00 0.00 -0.00 0.00 0.00 -0.00 0.00 0.00 -0.00 0.00 0.00 -0.00 0.00 0.00 -0.00 0.00 0.00 -0.00 0.00 0.00 -0.00 0.00 0.00 -0.00 0.00 0.00 -0.00 0.00 0.00 -0.00 0.00 0.00 -0.00 0.00 0.00 -0.00 0.00 0.00 -0.00 0.00 0.00 -0.00 0.00 0.00 -0.00 0.00 0.00 -0.00 0.00 0.00 -0.00 0.00 0.00 -0.00 0.00 0.00 -0.00 0.00 0.00 -0.00 0.00 0.00 -0.00 0.00 0.00 -0.00 0.00 0.00 -0.00 0.00 0.00 -0.00 0.00 0.00 -0.00 0.00 0.00 -0.00 0.00 0.00 -0.00 0.00 0.00 -0.00 0.00 0.00 -0.00 0.00 0.00 -0.00 0.00 0.00 -0.00 0.00 0.00 -0.00 0.00 0.00 -0.00 0.00 0.00 -0.00 0.00 0.00 -0.00 0.00 0.00 -0.00 0.00 0.00 -0.00 0.00 94.39 0.18 -156.33 0.01 -25.00 0.03 -11.23 0.58 43.47 -20.47 30.26 42.41 0.00 0.00 -0.00 -0.00 -0.00 -90.00 0.00 0.00 -100.00 -0.00 0.00 -80.00 0.00 0.00 -0.00 -0.00 -0.00 -90.00 0.00 0.00 -100.00 -0.00 0.00 -80.00 0.00 0.00 -0.00 -0.00 -0.00 -90.00 0.00 0.00 -100.00 -0.00 0.00 -80.00 0.00 0.00 -0.00 4.00 0.01 -0.08 -0.00 0.11 -1.57 -0.00 0.05 -0.77
-0.0000 0.0173 0.0000 0.00 -0.00 0.00 0.00 -0.00 0.00 0.00 -0.00 0.00 0.00 -0.00 0.00 0.00 -0.00 0.00 0.00 -0.00 0.00 0.00 -0.00 0.00 0.00 -0.00 0.00 0.00 -0.00 0.00 0.00 -0.00 0.00 0.00 -0.00 0.00 0.00 -0.00 0.00 0.00 -0.00 0.00 0.00 -0.00 0.00 0.00 -0.00 0.00 0.00 -0.00 0.00 0.00 -0.00 0.00 0.00 -0.00 0.00 0.00 -0.00 0.00 0.00 -0.00 0.00 0.00 -0.00 0.00 0.00 -0.00 0.00 0.00 -0.00 0.00 0.00 -0.00 0.00 0.00 -0.00 0.00 0.00 -0.00 0.00 0.00 -0.00 0.00 0.00 -0.00 0.00 0.00 -0.00 0.00 0.00 -0.00 0.00 0.00 -0.00 0.00 0.00 -0.00 0.00 0.00 -0.00 0.00 0.00 -0.00 0.00 0.00 -0.00 0.00 0.00 -0.00 0.00 0.00 -0.00 0.00 0.00 -0.00 0.00 0.00 -0.00 0.00 0.00 -0.00 0.00 0.00 -0.00 0.00 94.39 0.18 -156.33 0.01 -25.00 0.03 -11.23 0.58 43.47 -20.47 30.26 42.41 0.00 0.00 -0.00 -0.00 -0.00 -90.00 0.00 0.00 -100.00 -0.00 0.00 -80.00 0.00 0.00 -0.00 -0.00 -0.00 -90.00 0.00 0.00 -100.00 -0.00 0.00 -80.00 0.00 0.00 -0.00 -0.00 -0.00 -90.00 0.00 0.00 -100.00 -0.00 0.00 -80.00 0.00 0.00 -0.00 4.00 0.01 -0.08 -0.00 0.11 -1.57 -0.00 0.05 -0.77
-0.0000 0.0166 0.0000 0.00 -0.00 0.00 0.00 -0.00 0.00 0.00 -0.00 0.00 0.00 -0.00 0.00 0.00 -0.00 0.00 0.00 -0.00 0.00 0.00 -0.00 0.00 0.00 -0.00 0.00 0.00 -0.00 0.00 0.00 -0.00 0.00 0.00 -0.00 0.00 0.00 -0.00 0.00 0.00 -0.00 0.00 0.00 -0.00 0.00 0.00 -0.00 0.00 0.00 -0.00 0.00 0.00 -0.00 0.00 0.00 -0.00 0.00 0.00 -0.00 0.00 0.00 -0.00 0.00 0.00 -0.00 0.00 0.00 -0.00 0.00 0.00 -0.00 0.00 0.00 -0.00 0.00 0.00 -0.00 0.00 0.00 -0.00 0.00 0.00 -0.00 0.00 0.00 -0.00 0.00 0.00 -0.00 0.00 0.00 -0.00 0.00 0.00 -0.00 0.00 0.00 -0.00 0.00 0.00 -0.00 0.00 0.00 -0.00 0.00 0.00 -0.00 0.00 0.00 -0.00 0.00 0.00 -0.00 0.00 0.00 -0.00 0.00 0.00 -0.00 0.00 0.00 -0.00 0.00 0.00 -0.00 0.00 94.39 0.18 -156.33 0.01 -25.00 0.03 -11.23 0.58 43.47 -20.47 30.26 42.41 0.00 0.00 -0.00 -0.00 -0.00 -90.00 0.00 0.00 -100.00 -0.00 0.00 -80.00 0.00 0.00 -0.00 -0.00 -0.00 -90.00 0.00 0.00 -100.00 -0.00 0.00 -80.00 0.00 0.00 -0.00 -0.00 -0.00 -90.00 0.00 0.00 -100.00 -0.00 0.00 -80.00 0.00 0.00 -0.00 4.00 0.01 -0.08 -0.00 0.11 -1.57 -0.00 0.05 -0.77
-0.0000 0.0173 0.0000 0.00 -0.00 0.00 0.00 -0.00 0.00 0.00 -0.00 0.00 0.00 -0.00 0.00 0.00 -0.00 0.00 0.00 -0.00 0.00 0.00 -0.00 0.00 0.00 -0.00 0.00 0.00 -0.00 0.00 0.00 -0.00 0.00 0.00 -0.00 0.00 0.00 -0.00 0.00 0.00 -0.00 0.00 0.00 -0.00 0.00 0.00 -0.00 0.00 0.00 -0.00 0.00 0.00 -0.00 0.00 0.00 -0.00 0.00 0.00 -0.00 0.00 0.00 -0.00 0.00 0.00 -0.00 0.00 0.00 -0.00 0.00 0.00 -0.00 0.00 0.00 -0.00 0.00 0.00 -0.00 0.00 0.00 -0.00 0.00 0.00 -0.00 0.00 0.00 -0.00 0.00 0.00 -0.00 0.00 0.00 -0.00 0.00 0.00 -0.00 0.00 0.00 -0.00 0.00 0.00 -0.00 0.00 0.00 -0.00 0.00 0.00 -0.00 0.00 0.00 -0.00 0.00 0.00 -0.00 0.00 0.00 -0.00 0.00 0.00 -0.00 0.00 0.00 -0.00 0.00 0.00 -0.00 0.00 94.39 0.18 -156.33 0.01 -25.00 0.03 -11.23 0.58 43.47 -20.47 30.26 42.41 0.00 0.00 -0.00 -0.00 -0.00 -90.00 0.00 0.00 -100.00 -0.00 0.00 -80.00 0.00 0.00 -0.00 -0.00 -0.00 -90.00 0.00 0.00 -100.00 -0.00 0.00 -80.00 0.00 0.00 -0.00 -0.00 -0.00 -90.00 0.00 0.00 -100.00 -0.00 0.00 -80.00 0.00 0.00 -0.00 4.00 0.01 -0.08 -0.00 0.11 -1.57 -0.00 0.05 -0.77
-0.0000 0.0176 0.0000 0.00 -0.00 0.00 0.00 -0.00 0.00 0.00 -0.00 0.00 0.00 -0.00 0.00 0.00 -0.00 0.00 0.00 -0.00 0.00 0.00 -0.00 0.00 0.00 -0.00 0.00 0.00 -0.00 0.00 0.00 -0.00 0.00 0.00 -0.00 0.00 0.00 -0.00 0.00 0.00 -0.00 0.00 0.00 -0.00 0.00 0.00 -0.00 0.00 0.00 -0.00 0.00 0.00 -0.00 0.00 0.00 -0.00 0.00 0.00 -0.00 0.00 0.00 -0.00 0.00 0.00 -0.00 0.00 0.00 -0.00 0.00 0.00 -0.00 0.00 0.00 -0.00 0.00 0.00 -0.00 0.00 0.00 -0.00 0.00 0.00 -0.00 0.00 0.00 -0.00 0.00 0.00 -0.00 0.00 0.00 -0.00 0.00 0.00 -0.00 0.00 0.00 -0.00 0.00 0.00 -0.00 0.00 0.00 -0.00 0.00 0.00 -0.00 0.00 0.00 -0.00 0.00 0.00 -0.00 0.00 0.00 -0.00 0.00 0.00 -0.00 0.00 0.00 -0.00 0.00 0.00 -0.00 0.00 94.39 0.18 -156.33 0.01 -25.00 0.03 -11.23 0.58 43.47 -20.47 30.26 42.41 0.00 0.00 -0.00 -0.00 -0.00 -90.00 0.00 0.00 -100.00 -0.00 0.00 -80.00 0.00 0.00 -0.00 -0.00 -0.00 -90.00 0.00 0.00 -100.00 -0.00 0.00 -80.00 0.00 0.00 -0.00 -0.00 -0.00 -90.00 0.00 0.00 -100.00 -0.00 0.00 -80.00 0.00 0.00 -0.00 4.00 0.01 -0.08 -0.00 0.11 -1.57 -0.00 0.05 -0.77
-0.0000 0.0171 0.0000 0.00 -0.00 0.00 0.00 -0.00 0.00 0.00 -0.00 0.00 0.00 -0.00 0.00 0.00 -0.00 0.00 0.00 -0.00 0.00 0.00 -0.00 0.00 0.00 -0.00 0.00 0.00 -0.00 0.00 0.00 -0.00 0.00 0.00 -0.00 0.00 0.00 -0.00 0.00 0.00 -0.00 0.00 0.00 -0.00 0.00 0.00 -0.00 0.00 0.00 -0.00 0.00 0.00 -0.00 0.00 0.00 -0.00 0.00 0.00 -0.00 0.00 0.00 -0.00 0.00 0.00 -0.00 0.00 0.00 -0.00 0.00 0.00 -0.00 0.00 0.00 -0.00 0.00 0.00 -0.00 0.00 0.00 -0.00 0.00 0.00 -0.00 0.00 0.00 -0.00 0.00 0.00 -0.00 0.00 0.00 -0.00 0.00 0.00 -0.00 0.00 0.00 -0.00 0.00 0.00 -0.00 0.00 0.00 -0.00 0.00 0.00 -0.00 0.00 0.00 -0.00 0.00 0.00 -0.00 0.00 0.00 -0.00 0.00 0.00 -0.00 0.00 0.00 -0.00 0.00 0.00 -0.00 0.00 94.39 0.18 -156.33 0.01 -25.00 0.03 -11.23 0.58 43.47 -20.47 30.26 42.41 0.00 0.00 -0.00 -0.00 -0.00 -90.00 0.00 0.00 -100.00 -0.00 0.00 -80.00 0.00 0.00 -0.00 -0.00 -0.00 -90.00 0.00 0.00 -100.00 -0.00 0.00 -80.00 0.00 0.00 -0.00 -0.00 -0.00 -90.00 0.00 0.00 -100.00 -0.00 0.00 -80.00 0.00 0.00 -0.00 4.00 0.01 -0.08 -0.00 0.11 -1.57 -0.00 0.05 -0.77
-0.0000 0.0166 0.0000 0.00 -0.00 0.00 0.00 -0.00 0.00 0.00 -0.00 0.00 0.00 -0.00 0.00 0.00 -0.00 0.00 0.00 -0.00 0.00 0.00 -0.00 0.00 0.00 -0.00 0.00 0.00 -0.00 0.00 0.00 -0.00 0.00 0.00 -0.00 0.00 0.00 -0.00 0.00 0.00 -0.00 0.00 0.00 -0.00 0.00 0.00 -0.00 0.00 0.00 -0.00 0.00 0.00 -0.00 0.00 0.00 -0.00 0.00 0.00 -0.00 0.00 0.00 -0.00 0.00 0.00 -0.00 0.00 0.00 -0.00 0.00 0.00 -0.00 0.00 0.00 -0.00 0.00 0.00 -0.00 0.00 0.00 -0.00 0.00 0.00 -0.00 0.00 0.00 -0.00 0.00 0.00 -0.00 0.00 0.00 -0.00 0.00 0.00 -0.00 0.00 0.00 -0.00 0.00 0.00 -0.00 0.00 0.00 -0.00 0.00 0.00 -0.00 0.00 0.00 -0.00 0.00 0.00 -0.00 0.00 0.00 -0.00 0.00 0.00 -0.00 0.00 0.00 -0.00 0.00 0.00 -0.00 0.00 94.39 0.18 -156.33 0.01 -25.00 0.03 -11.23 0.58 43.47 -20.47 30.26 42.41 0.00 0.00 -0.00 -0.00 -0.00 -90.00 0.00 0.00 -100.00 -0.00 0.00 -80.00 0.00 0.00 -0.00 -0.00 -0.00 -90.00 0.00 0.00 -100.00 -0.00 0.00 -80.00 0.00 0.00 -0.00 -0.00 -0.00 -90.00 0.00 0.00 -100.00 -0.00 0.00 -80.00 0.00 0.00 -0.00 4.00 0.01 -0.08 -0.00 0.11 -1.57 -0.00 0.05 -0.77
-0.0000 0.0162 0.0000 0.00 -0.00 0.00 0.00 -0.00 0.00 0.00 -0.00 0.00 0.00 -0.00 0.00 0.00 -0.00 0.00 0.00 -0.00 0.00 0.00 -0.00 0.00 0.00 -0.00 0.00 0.00 -0.00 0.00 0.00 -0.00 0.00 0.00 -0.00 0.00 0.00 -0.00 0.00 0.00 -0.00 0.00 0.00 -0.00 0.00 0.00 -0.00 0.00 0.00 -0.00 0.00 0.00 -0.00 0.00 0.00 -0.00 0.00 0.00 -0.00 0.00 0.00 -0.00 0.00 0.00 -0.00 0.00 0.00 -0.00 0.00 0.00 -0.00 0.00 0.00 -0.00 0.00 0.00 -0.00 0.00 0.00 -0.00 0.00 0.00 -0.00 0.00 0.00 -0.00 0.00 0.00 -0.00 0.00 0.00 -0.00 0.00 0.00 -0.00 0.00 0.00 -0.00 0.00 0.00 -0.00 0.00 0.00 -0.00 0.00 0.00 -0.00 0.00 0.00 -0.00 0.00 0.00 -0.00 0.00 0.00 -0.00 0.00 0.00 -0.00 0.00 0.00 -0.00 0.00 0.00 -0.00 0.00 94.39 0.18 -156.33 0.01 -25.00 0.03 -11.23 0.58 43.47 -20.47 30.26 42.41 0.00 0.00 -0.00 -0.00 -0.00 -90.00 0.00 0.00 -100.00 -0.00 0.00 -80.00 0.00 0.00 -0.00 -0.00 -0.00 -90.00 0.00 0.00 -100.00 -0.00 0.00 -80.00 0.00 0.00 -0.00 -0.00 -0.00 -90.00 0.00 0.00 -100.00 -0.00 0.00 -80.00 0.00 0.00 -0.00 4.00 0.01 -0.08 -0.00 0.11 -1.57 -0.00 0.05 -0.77
-0.0000 0.0166 0.0000 0.00 -0.00 0.00 0.00 -0.00 0.00 0.00 -0.00 0.00 0.00 -0.00 0.00 0.00 -0.00 0.00 0.00 -0.00 0.00 0.00 -0.00 0.00 0.00 -0.00 0.00 0.00 -0.00 0.00 0.00 -0.00 0.00 0.00 -0.00 0.00 0.00 -0.00 0.00 0.00 -0.00 0.00 0.00 -0.00 0.00 0.00 -0.00 0.00 0.00 -0.00 0.00 0.00 -0.00 0.00 0.00 -0.00 0.00 0.00 -0.00 0.00 0.00 -0.00 0.00 0.00 -0.00 0.00 0.00 -0.00 0.00 0.00 -0.00 0.00 0.00 -0.00 0.00 0.00 -0.00 0.00 0.00 -0.00 0.00 0.00 -0.00 0.00 0.00 -0.00 0.00 0.00 -0.00 0.00 0.00 -0.00 0.00 0.00 -0.00 0.00 0.00 -0.00 0.00 0.00 -0.00 0.00 0.00 -0.00 0.00 0.00 -0.00 0.00 0.00 -0.00 0.00 0.00 -0.00 0.00 0.00 -0.00 0.00 0.00 -0.00 0.00 0.00 -0.00 0.00 0.00 -0.00 0.00 94.39 0.18 -156.33 0.01 -25.00 0.03 -11.23 0.58 43.47 -20.47 30.26 42.41 0.00 0.00 -0.00 -0.00 -0.00 -90.00 0.00 0.00 -100.00 -0.00 0.00 -80.00 0.00 0.00 -0.00 -0.00 -0.00 -90.00 0.00 0.00 -100.00 -0.00 0.00 -80.00 0.00 0.00 -0.00 -0.00 -0.00 -90.00 0.00 0.00 -100.00 -0.00 0.00 -80.00 0.00 0.00 -0.00 4.00 0.01 -0.08 -0.00 0.11 -1.57 -0.00 0.05 -0.77
-0.0000 0.0171 0.0000 0.00 -0.00 0.00 0.00 -0.00 0.00 0.00 -0.00 0.00 0.00 -0.00 0.00 0.00 -0.00 0.00 0.00 -0.00 0.00 0.00 -0.00 0.00 0.00 -0.00 0.00 0.00 -0.00 0.00 0.00 -0.00 0.00 0.00 -0.00 0.00 0.00 -0.00 0.00 0.00 -0.00 0.00 0.00 -0.00 0.00 0.00 -0.00 0.00 0.00 -0.00 0.00 0.00 -0.00 0.00 0.00 -0.00 0.00 0.00 -0.00 0.00 0.00 -0.00 0.00 0.00 -0.00 0.00 0.00 -0.00 0.00 0.00 -0.00 0.00 0.00 -0.00 0.00 0.00 -0.00 0.00 0.00 -0.00 0.00 0.00 -0.00 0.00 0.00 -0.00 0.00 0.00 -0.00 0.00 0.00 -0.00 0.00 0.00 -0.00 0.00 0.00 -0.00 0.00 0.00 -0.00 0.00 0.00 -0.00 0.00 0.00 -0.00 0.00 0.00 -0.00 0.00 0.00 -0.00 0.00 0.00 -0.00 0.00 0.00 -0.00 0.00 0.00 -0.00 0.00 0.00 -0.00 0.00 94.39 0.18 -156.33 0.01 -25.00 0.03 -11.23 0.58 43.47 -20.47 30.26 42.41 0.00 0.00 -0.00 -0.00 -0.00 -90.00 0.00 0.00 -100.00 -0.00 0.00 -80.00 0.00 0.00 -0.00 -0.00 -0.00 -90.00 0.00 0.00 -100.00 -0.00 0.00 -80.00 0.00 0.00 -0.00 -0.00 -0.00 -90.00 0.00 0.00 -100.00 -0.00 0.00 -80.00 0.00 0.00 -0.00 4.00 0.01 -0.08 -0.00 0.11 -1.57 -0.00 0.05 -0.77
-0.0000 0.0177 0.0000 0.00 -0.00 0.00 0.00 -0.00 0.00 0.00 -0.00 0.00 0.00 -0.00 0.00 0.00 -0.00 0.00 0.00 -0.00 0.00 0.00 -0.00 0.00 0.00 -0.00 0.00 0.00 -0.00 0.00 0.00 -0.00 0.00 0.00 -0.00 0.00 0.00 -0.00 0.00 0.00 -0.00 0.00 0.00 -0.00 0.00 0.00 -0.00 0.00 0.00 -0.00 0.00 0.00 -0.00 0.00 0.00 -0.00 0.00 0.00 -0.00 0.00 0.00 -0.00 0.00 0.00 -0.00 0.00 0.00 -0.00 0.00 0.00 -0.00 0.00 0.00 -0.00 0.00 0.00 -0.00 0.00 0.00 -0.00 0.00 0.00 -0.00 0.00 0.00 -0.00 0.00 0.00 -0.00 0.00 0.00 -0.00 0.00 0.00 -0.00 0.00 0.00 -0.00 0.00 0.00 -0.00 0.00 0.00 -0.00 0.00 0.00 -0.00 0.00 0.00 -0.00 0.00 0.00 -0.00 0.00 0.00 -0.00 0.00 0.00 -0.00 0.00 0.00 -0.00 0.00 0.00 -0.00 0.00 94.39 0.18 -156.33 0.01 -25.00 0.03 -11.23 0.58 43.47 -20.47 30.26 42.41 0.00 0.00 -0.00 -0.00 -0.00 -90.00 0.00 0.00 -100.00 -0.00 0.00 -80.00 0.00 0.00 -0.00 -0.00 -0.00 -90.00 0.00 0.00 -100.00 -0.00 0.00 -80.00 0.00 0.00 -0.00 -0.00 -0.00 -90.00 0.00 0.00 -100.00 -0.00 0.00 -80.00 0.00 0.00 -0.00 4.00 0.01 -0.08 -0.00 0.11 -1.57 -0.00 0.05 -0.77
-0.0000 0.0170 0.0000 0.00 -0.00 0.00 0.00 -0.00 0.00 0.00 -0.00 0.00 0.00 -0.00 0.00 0.00 -0.00 0.00 0.00 -0.00 0.00 0.00 -0.00 0.00 0.00 -0.00 0.00 0.00 -0.00 0.00 0.00 -0.00 0.00 0.00 -0.00 0.00 0.00 -0.00 0.00 0.00 -0.00 0.00 0.00 -0.00 0.00 0.00 -0.00 0.00 0.00 -0.00 0.00 0.00 -0.00 0.00 0.00 -0.00 0.00 0.00 -0.00 0.00 0.00 -0.00 0.00 0.00 -0.00 0.00 0.00 -0.00 0.00 0.00 -0.00 0.00 0.00 -0.00 0.00 0.00 -0.00 0.00 0.00 -0.00 0.00 0.00 -0.00 0.00 0.00 -0.00 0.00 0.00 -0.00 0.00 0.00 -0.00 0.00 0.00 -0.00 0.00 0.00 -0.00 0.00 0.00 -0.00 0.00 0.00 -0.00 0.00 0.00 -0.00 0.00 0.00 -0.00 0.00 0.00 -0.00 0.00 0.00 -0.00 0.00 0.00 -0.00 0.00 0.00 -0.00 0.00 0.00 -0.00 0.00 94.39 0.18 -156.33 0.01 -25.00 0.03 -11.23 0.58 43.47 -20.47 30.26 42.41 0.00 0.00 -0.00 -0.00 -0.00 -90.00 0.00 0.00 -100.00 -0.00 0.00 -80.00 0.00 0.00 -0.00 -0.00 -0.00 -90.00 0.00 0.00 -100.00 -0.00 0.00 -80.00 0.00 0.00 -0.00 -0.00 -0.00 -90.00 0.00 0.00 -100.00 -0.00 0.00 -80.00 0.00 0.00 -0.00 4.00 0.01 -0.08 -0.00 0.11 -1.57 -0.00 0.05 -0.77
-0.0000 0.0170 0.0000 0.00 -0.00 0.00 0.00 -0.00 0.00 0.00 -0.00 0.00 0.00 -0.00 0.00 0.00 -0.00 0.00 0.00 -0.00 0.00 0.00 -0.00 0.00 0.00 -0.00 0.00 0.00 -0.00 0.00 0.00 -0.00 0.00 0.00 -0.00 0.00 0.00 -0.00 0.00 0.00 -0.00 0.00 0.00 -0.00 0.00 0.00 -0.00 0.00 0.00 -0.00 0.00 0.00 -0.00 0.00 0.00 -0.00 0.00 0.00 -0.00 0.00 0.00 -0.00 0.00 0.00 -0.00 0.00 0.00 -0.00 0.00 0.00 -0.00 0.00 0.00 -0.00 0.00 0.00 -0.00 0.00 0.00 -0.00 0.00 0.00 -0.00 0.00 0.00 -0.00 0.00 0.00 -0.00 0.00 0.00 -0.00 0.00 0.00 -0.00 0.00 0.00 -0.00 0.00 0.00 -0.00 0.00 0.00 -0.00 0.00 0.00 -0.00 0.00 0.00 -0.00 0.00 0.00 -0.00 0.00 0.00 -0.00 0.00 0.00 -0.00 0.00 0.00 -0.00 0.00 0.00 -0.00 0.00 94.39 0.18 -156.33 0.01 -25.00 0.03 -11.23 0.58 43.47 -20.47 30.26 42.41 0.00 0.00 -0.00 -0.00 -0.00 -90.00 0.00 0.00 -100.00 -0.00 0.00 -80.00 0.00 0.00 -0.00 -0.00 -0.00 -90.00 0.00 0.00 -100.00 -0.00 0.00 -80.00 0.00 0.00 -0.00 -0.00 -0.00 -90.00 0.00 0.00 -100.00 -0.00 0.00 -80.00 0.00 0.00 -0.00 4.00 0.01 -0.08 -0.00 0.11 -1.57 -0.00 0.05 -0.77
-0.0000 0.0173 0.0000 0.00 -0.00 0.00 0.00 -0.00 0.00 0.00 -0.00 0.00 0.00 -0.00 0.00 0.00 -0.00 0.00 0.00 -0.00 0.00 0.00 -0.00 0.00 0.00 -0.00 0.00 0.00 -0.00 0.00 0.00 -0.00 0.00 0.00 -0.00 0.00 0.00 -0.00 0.00 0.00 -0.00 0.00 0.00 -0.00 0.00 0.00 -0.00 0.00 0.00 -0.00 0.00 0.00 -0.00 0.00 0.00 -0.00 0.00 0.00 -0.00 0.00 0.00 -0.00 0.00 0.00 -0.00 0.00 0.00 -0.00 0.00 0.00 -0.00 0.00 0.00 -0.00 0.00 0.00 -0.00 0.00 0.00 -0.00 0.00 0.00 -0.00 0.00 0.00 -0.00 0.00 0.00 -0.00 0.00 0.00 -0.00 0.00 0.00 -0.00 0.00 0.00 -0.00 0.00 0.00 -0.00 0.00 0.00 -0.00 0.00 0.00 -0.00 0.00 0.00 -0.00 0.00 0.00 -0.00 0.00 0.00 -0.00 0.00 0.00 -0.00 0.00 0.00 -0.00 0.00 0.00 -0.00 0.00 94.39 0.18 -156.33 0.01 -25.00 0.03 -11.23 0.58 43.47 -20.47 30.26 42.41 0.00 0.00 -0.00 -0.00 -0.00 -90.00 0.00 0.00 -100.00 -0.00 0.00 -80.00 0.00 0.00 -0.00 -0.00 -0.00 -90.00 0.00 0.00 -100.00 -0.00 0.00 -80.00 0.00 0.00 -0.00 -0.00 -0.00 -90.00 0.00 0.00 -100.00 -0.00 0.00 -80.00 0.00 0.00 -0.00 4.00 0.01 -0.08 -0.00 0.11 -1.57 -0.00 0.05 -0.77
-0.0000 0.0172 0.0000 0.00 -0.00 0.00 0.00 -0.00 0.00 0.00 -0.00 0.00 0.00 -0.00 0.00 0.00 -0.00 0.00 0.00 -0.00 0.00 0.00 -0.00 0.00 0.00 -0.00 0.00 0.00 -0.00 0.00 0.00 -0.00 0.00 0.00 -0.00 0.00 0.00 -0.00 0.00 0.00 -0.00 0.00 0.00 -0.00 0.00 0.00 -0.00 0.00 0.00 -0.00 0.00 0.00 -0.00 0.00 0.00 -0.00 0.00 0.00 -0.00 0.00 0.00 -0.00 0.00 0.00 -0.00 0.00 0.00 -0.00 0.00 0.00 -0.00 0.00 0.00 -0.00 0.00 0.00 -0.00 0.00 0.00 -0.00 0.00 0.00 -0.00 0.00 0.00 -0.00 0.00 0.00 -0.00 0.00 0.00 -0.00 0.00 0.00 -0.00 0.00 0.00 -0.00 0.00 0.00 -0.00 0.00 0.00 -0.00 0.00 0.00 -0.00 0.00 0.00 -0.00 0.00 0.00 -0.00 0.00 0.00 -0.00 0.00 0.00 -0.00 0.00 0.00 -0.00 0.00 0.00 -0.00 0.00 94.39 0.18 -156.33 0.01 -25.00 0.03 -11.23 0.58 43.47 -20.47 30.26 42.41 0.00 0.00 -0.00 -0.00 -0.00 -90.00 0.00 0.00 -100.00 -0.00 0.00 -80.00 0.00 0.00 -0.00 -0.00 -0.00 -90.00 0.00 0.00 -100.00 -0.00 0.00 -80.00 0.00 0.00 -0.00 -0.00 -0.00 -90.00 0.00 0.00 -100.00 -0.00 0.00 -80.00 0.00 0.00 -0.00 4.00 0.01 -0.08 -0.00 0.11 -1.57 -0.00 0.05 -0.77
-0.0000 0.0179 0.0000 0.00 -0.00 0.00 0.00 -0.00 0.00 0.00 -0.00 0.00 0.00 -0.00 0.00 0.00 -0.00 0.00 0.00 -0.00 0.00 0.00 -0.00 0.00 0.00 -0.00 0.00 0.00 -0.00 0.00 0.00 -0.00 0.00 0.00 -0.00 0.00 0.00 -0.00 0.00 0.00 -0.00 0.00 0.00 -0.00 0.00 0.00 -0.00 0.00 0.00 -0.00 0.00 0.00 -0.00 0.00 0.00 -0.00 0.00 0.00 -0.00 0.00 0.00 -0.00 0.00 0.00 -0.00 0.00 0.00 -0.00 0.00 0.00 -0.00 0.00 0.00 -0.00 0.00 0.00 -0.00 0.00 0.00 -0.00 0.00 0.00 -0.00 0.00 0.00 -0.00 0.00 0.00 -0.00 0.00 0.00 -0.00 0.00 0.00 -0.00 0.00 0.00 -0.00 0.00 0.00 -0.00 0.00 0.00 -0.00 0.00 0.00 -0.00 0.00 0.00 -0.00 0.00 0.00 -0.00 0.00 0.00 -0.00 0.00 0.00 -0.00 0.00 0.00 -0.00 0.00 0.00 -0.00 0.00 94.39 0.18 -156.33 0.01 -25.00 0.03 -11.23 0.58 43.47 -20.47 30.26 42.41 0.00 0.00 -0.00 -0.00 -0.00 -90.00 0.00 0.00 -100.00 -0.00 0.00 -80.00 0.00 0.00 -0.00 -0.00 -0.00 -90.00 0.00 0.00 -100.00 -0.00 0.00 -80.00 0.00 0.00 -0.00 -0.00 -0.00 -90.00 0.00 0.00 -100.00 -0.00 0.00 -80.00 0.00 0.00 -0.00 4.00 0.01 -0.08 -0.00 0.11 -1.57 -0.00 0.05 -0.77
-0.0000 0.0182 0.0000 0.00 -0.00 0.00 0.00 -0.00 0.00 0.00 -0.00 0.00 0.00 -0.00 0.00 0.00 -0.00 0.00 0.00 -0.00 0.00 0.00 -0.00 0.00 0.00 -0.00 0.00 0.00 -0.00 0.00 0.00 -0.00 0.00 0.00 -0.00 0.00 0.00 -0.00 0.00 0.00 -0.00 0.00 0.00 -0.00 0.00 0.00 -0.00 0.00 0.00 -0.00 0.00 0.00 -0.00 0.00 0.00 -0.00 0.00 0.00 -0.00 0.00 0.00 -0.00 0.00 0.00 -0.00 0.00 0.00 -0.00 0.00 0.00 -0.00 0.00 0.00 -0.00 0.00 0.00 -0.00 0.00 0.00 -0.00 0.00 0.00 -0.00 0.00 0.00 -0.00 0.00 0.00 -0.00 0.00 0.00 -0.00 0.00 0.00 -0.00 0.00 0.00 -0.00 0.00 0.00 -0.00 0.00 0.00 -0.00 0.00 0.00 -0.00 0.00 0.00 -0.00 0.00 0.00 -0.00 0.00 0.00 -0.00 0.00 0.00 -0.00 0.00 0.00 -0.00 0.00 0.00 -0.00 0.00 94.39 0.18 -156.33 0.01 -25.00 0.03 -11.23 0.58 43.47 -20.47 30.26 42.41 0.00 0.00 -0.00 -0.00 -0.00 -90.00 0.00 0.00 -100.00 -0.00 0.00 -80.00 0.00 0.00 -0.00 -0.00 -0.00 -90.00 0.00 0.00 -100.00 -0.00 0.00 -80.00 0.00 0.00 -0.00 -0.00 -0.00 -90.00 0.00 0.00 -100.00 -0.00 0.00 -80.00 0.00 0.00 -0.00 4.00 0.01 -0.08 -0.00 0.11 -1.57 -0.00 0.05 -0.77
-0.0000 0.0181 0.0000 0.00 -0.00 0.00 0.00 -0.00 0.00 0.00 -0.00 0.00 0.00 -0.00 0.00 0.00 -0.00 0.00 0.00 -0.00 0.00 0.00 -0.00 0.00 0.00 -0.00 0.00 0.00 -0.00 0.00 0.00 -0.00 0.00 0.00 -0.00 0.00 0.00 -0.00 0.00 0.00 -0.00 0.00 0.00 -0.00 0.00 0.00 -0.00 0.00 0.00 -0.00 0.00 0.00 -0.00 0.00 0.00 -0.00 0.00 0.00 -0.00 0.00 0.00 -0.00 0.00 0.00 -0.00 0.00 0.00 -0.00 0.00 0.00 -0.00 0.00 0.00 -0.00 0.00 0.00 -0.00 0.00 0.00 -0.00 0.00 0.00 -0.00 0.00 0.00 -0.00 0.00 0.00 -0.00 0.00 0.00 -0.00 0.00 0.00 -0.00 0.00 0.00 -0.00 0.00 0.00 -0.00 0.00 0.00 -0.00 0.00 0.00 -0.00 0.00 0.00 -0.00 0.00 0.00 -0.00 0.00 0.00 -0.00 0.00 0.00 -0.00 0.00 0.00 -0.00 0.00 0.00 -0.00 0.00 94.39 0.18 -156.33 0.01 -25.00 0.03 -11.23 0.58 43.47 -20.47 30.26 42.41 0.00 0.00 -0.00 -0.00 -0.00 -90.00 0.00 0.00 -100.00 -0.00 0.00 -80.00 0.00 0.00 -0.00 -0.00 -0.00 -90.00 0.00 0.00 -100.00 -0.00 0.00 -80.00 0.00 0.00 -0.00 -0.00 -0.00 -90.00 0.00 0.00 -100.00 -0.00 0.00 -80.00 0.00 0.00 -0.00 4.00 0.01 -0.08 -0.00 0.11 -1.57 -0.00 0.05 -0.77
-0.0000 0.0173 0.0000 0.00 -0.00 0.00 0.00 -0.00 0.00 0.00 -0.00 0.00 0.00 -0.00 0.00 0.00 -0.00 0.00 0.00 -0.00 0.00 0.00 -0.00 0.00 0.00 -0.00 0.00 0.00 -0.00 0.00 0.00 -0.00 0.00 0.00 -0.00 0.00 0.00 -0.00 0.00 0.00 -0.00 0.00 0.00 -0.00 0.00 0.00 -0.00 0.00 0.00 -0.00 0.00 0.00 -0.00 0.00 0.00 -0.00 0.00 0.00 -0.00 0.00 0.00 -0.00 0.00 0.00 -0.00 0.00 0.00 -0.00 0.00 0.00 -0.00 0.00 0.00 -0.00 0.00 0.00 -0.00 0.00 0.00 -0.00 0.00 0.00 -0.00 0.00 0.00 -0.00 0.00 0.00 -0.00 0.00 0.00 -0.00 0.00 0.00 -0.00 0.00 0.00 -0.00 0.00 0.00 -0.00 0.00 0.00 -0.00 0.00 0.00 -0.00 0.00 0.00 -0.00 0.00 0.00 -0.00 0.00 0.00 -0.00 0.00 0.00 -0.00 0.00 0.00 -0.00 0.00 0.00 -0.00 0.00 94.39 0.18 -156.33 0.01 -25.00 0.03 -11.23 0.58 43.47 -20.47 30.26 42.41 0.00 0.00 -0.00 -0.00 -0.00 -90.00 0.00 0.00 -100.00 -0.00 0.00 -80.00 0.00 0.00 -0.00 -0.00 -0.00 -90.00 0.00 0.00 -100.00 -0.00 0.00 -80.00 0.00 0.00 -0.00 -0.00 -0.00 -90.00 0.00 0.00 -100.00 -0.00 0.00 -80.00 0.00 0.00 -0.00 4.00 0.01 -0.08 -0.00 0.11 -1.57 -0.00 0.05 -0.77
-0.0000 0.0181 0.0000 0.00 -0.00 0.00 0.00 -0.00 0.00 0.00 -0.00 0.00 0.00 -0.00 0.00 0.00 -0.00 0.00 0.00 -0.00 0.00 0.00 -0.00 0.00 0.00 -0.00 0.00 0.00 -0.00 0.00 0.00 -0.00 0.00 0.00 -0.00 0.00 0.00 -0.00 0.00 0.00 -0.00 0.00 0.00 -0.00 0.00 0.00 -0.00 0.00 0.00 -0.00 0.00 0.00 -0.00 0.00 0.00 -0.00 0.00 0.00 -0.00 0.00 0.00 -0.00 0.00 0.00 -0.00 0.00 0.00 -0.00 0.00 0.00 -0.00 0.00 0.00 -0.00 0.00 0.00 -0.00 0.00 0.00 -0.00 0.00 0.00 -0.00 0.00 0.00 -0.00 0.00 0.00 -0.00 0.00 0.00 -0.00 0.00 0.00 -0.00 0.00 0.00 -0.00 0.00 0.00 -0.00 0.00 0.00 -0.00 0.00 0.00 -0.00 0.00 0.00 -0.00 0.00 0.00 -0.00 0.00 0.00 -0.00 0.00 0.00 -0.00 0.00 0.00 -0.00 0.00 0.00 -0.00 0.00 94.39 0.18 -156.33 0.01 -25.00 0.03 -11.23 0.58 43.47 -20.47 30.26 42.41 0.00 0.00 -0.00 -0.00 -0.00 -90.00 0.00 0.00 -100.00 -0.00 0.00 -80.00 0.00 0.00 -0.00 -0.00 -0.00 -90.00 0.00 0.00 -100.00 -0.00 0.00 -80.00 0.00 0.00 -0.00 -0.00 -0.00 -90.00 0.00 0.00 -100.00 -0.00 0.00 -80.00 0.00 0.00 -0.00 4.00 0.01 -0.08 -0.00 0.11 -1.57 -0.00 0.05 -0.77
-0.0000 0.0181 0.0000 0.00 -0.00 0.00 0.00 -0.00 0.00 0.00 -0.00 0.00 0.00 -0.00 0.00 0.00 -0.00 0.00 0.00 -0.00 0.00 0.00 -0.00 0.00 0.00 -0.00 0.00 0.00 -0.00 0.00 0.00 -0.00 0.00 0.00 -0.00 0.00 0.00 -0.00 0.00 0.00 -0.00 0.00 0.00 -0.00 0.00 0.00 -0.00 0.00 0.00 -0.00 0.00 0.00 -0.00 0.00 0.00 -0.00 0.00 0.00 -0.00 0.00 0.00 -0.00 0.00 0.00 -0.00 0.00 0.00 -0.00 0.00 0.00 -0.00 0.00 0.00 -0.00 0.00 0.00 -0.00 0.00 0.00 -0.00 0.00 0.00 -0.00 0.00 0.00 -0.00 0.00 0.00 -0.00 0.00 0.00 -0.00 0.00 0.00 -0.00 0.00 0.00 -0.00 0.00 0.00 -0.00 0.00 0.00 -0.00 0.00 0.00 -0.00 0.00 0.00 -0.00 0.00 0.00 -0.00 0.00 0.00 -0.00 0.00 0.00 -0.00 0.00 0.00 -0.00 0.00 0.00 -0.00 0.00 94.39 0.18 -156.33 0.01 -25.00 0.03 -11.23 0.58 43.47 -20.47 30.26 42.41 0.00 0.00 -0.00 -0.00 -0.00 -90.00 0.00 0.00 -100.00 -0.00 0.00 -80.00 0.00 0.00 -0.00 -0.00 -0.00 -90.00 0.00 0.00 -100.00 -0.00 0.00 -80.00 0.00 0.00 -0.00 -0.00 -0.00 -90.00 0.00 0.00 -100.00 -0.00 0.00 -80.00 0.00 0.00 -0.00 4.00 0.01 -0.08 -0.00 0.11 -1.57 -0.00 0.05 -0.77
-0.0000 0.0180 0.0000 0.00 -0.00 0.00 0.00 -0.00 0.00 0.00 -0.00 0.00 0.00 -0.00 0.00 0.00 -0.00 0.00 0.00 -0.00 0.00 0.00 -0.00 0.00 0.00 -0.00 0.00 0.00 -0.00 0.00 0.00 -0.00 0.00 0.00 -0.00 0.00 0.00 -0.00 0.00 0.00 -0.00 0.00 0.00 -0.00 0.00 0.00 -0.00 0.00 0.00 -0.00 0.00 0.00 -0.00 0.00 0.00 -0.00 0.00 0.00 -0.00 0.00 0.00 -0.00 0.00 0.00 -0.00 0.00 0.00 -0.00 0.00 0.00 -0.00 0.00 0.00 -0.00 0.00 0.00 -0.00 0.00 0.00 -0.00 0.00 0.00 -0.00 0.00 0.00 -0.00 0.00 0.00 -0.00 0.00 0.00 -0.00 0.00 0.00 -0.00 0.00 0.00 -0.00 0.00 0.00 -0.00 0.00 0.00 -0.00 0.00 0.00 -0.00 0.00 0.00 -0.00 0.00 0.00 -0.00 0.00 0.00 -0.00 0.00 0.00 -0.00 0.00 0.00 -0.00 0.00 0.00 -0.00 0.00 94.39 0.18 -156.33 0.01 -25.00 0.03 -11.23 0.58 43.47 -20.47 30.26 42.41 0.00 0.00 -0.00 -0.00 -0.00 -90.00 0.00 0.00 -100.00 -0.00 0.00 -80.00 0.00 0.00 -0.00 -0.00 -0.00 -90.00 0.00 0.00 -100.00 -0.00 0.00 -80.00 0.00 0.00 -0.00 -0.00 -0.00 -90.00 0.00 0.00 -100.00 -0.00 0.00 -80.00 0.00 0.00 -0.00 4.00 0.01 -0.08 -0.00 0.11 -1.57 -0.00 0.05 -0.77
-0.0000 0.0170 0.0000 0.00 -0.00 0.00 0.00 -0.00 0.00 0.00 -0.00 0.00 0.00 -0.00 0.00 0.00 -0.00 0.00 0.00 -0.00 0.00 0.00 -0.00 0.00 0.00 -0.00 0.00 0.00 -0.00 0.00 0.00 -0.00 0.00 0.00 -0.00 0.00 0.00 -0.00 0.00 0.00 -0.00 0.00 0.00 -0.00 0.00 0.00 -0.00 0.00 0.00 -0.00 0.00 0.00 -0.00 0.00 0.00 -0.00 0.00 0.00 -0.00 0.00 0.00 -0.00 0.00 0.00 -0.00 0.00 0.00 -0.00 0.00 0.00 -0.00 0.00 0.00 -0.00 0.00 0.00 -0.00 0.00 0.00 -0.00 0.00 0.00 -0.00 0.00 0.00 -0.00 0.00 0.00 -0.00 0.00 0.00 -0.00 0.00 0.00 -0.00 0.00 0.00 -0.00 0.00 0.00 -0.00 0.00 0.00 -0.00 0.00 0.00 -0.00 0.00 0.00 -0.00 0.00 0.00 -0.00 0.00 0.00 -0.00 0.00 0.00 -0.00 0.00 0.00 -0.00 0.00 0.00 -0.00 0.00 94.39 0.18 -156.33 0.01 -25.00 0.03 -11.23 0.58 43.47 -20.47 30.26 42.41 0.00 0.00 -0.00 -0.00 -0.00 -90.00 0.00 0.00 -100.00 -0.00 0.00 -80.00 0.00 0.00 -0.00 -0.00 -0.00 -90.00 0.00 0.00 -100.00 -0.00 0.00 -80.00 0.00 0.00 -0.00 -0.00 -0.00 -90.00 0.00 0.00 -100.00 -0.00 0.00 -80.00 0.00 0.00 -0.00 4.00 0.01 -0.08 -0.00 0.11 -1.57 -0.00 0.05 -0.77
-0.0000 0.0161 0.0000 0.00 -0.00 0.00 0.00 -0.00 0.00 0.00 -0.00 0.00 0.00 -0.00 0.00 0.00 -0.00 0.00 0.00 -0.00 0.00 0.00 -0.00 0.00 0.00 -0.00 0.00 0.00 -0.00 0.00 0.00 -0.00 0.00 0.00 -0.00 0.00 0.00 -0.00 0.00 0.00 -0.00 0.00 0.00 -0.00 0.00 0.00 -0.00 0.00 0.00 -0.00 0.00 0.00 -0.00 0.00 0.00 -0.00 0.00 0.00 -0.00 0.00 0.00 -0.00 0.00 0.00 -0.00 0.00 0.00 -0.00 0.00 0.00 -0.00 0.00 0.00 -0.00 0.00 0.00 -0.00 0.00 0.00 -0.00 0.00 0.00 -0.00 0.00 0.00 -0.00 0.00 0.00 -0.00 0.00 0.00 -0.00 0.00 0.00 -0.00 0.00 0.00 -0.00 0.00 0.00 -0.00 0.00 0.00 -0.00 0.00 0.00 -0.00 0.00 0.00 -0.00 0.00 0.00 -0.00 0.00 0.00 -0.00 0.00 0.00 -0.00 0.00 0.00 -0.00 0.00 0.00 -0.00 0.00 94.39 0.18 -156.33 0.01 -25.00 0.03 -11.23 0.58 43.47 -20.47 30.26 42.41 0.00 0.00 -0.00 -0.00 -0.00 -90.00 0.00 0.00 -100.00 -0.00 0.00 -80.00 0.00 0.00 -0.00 -0.00 -0.00 -90.00 0.00 0.00 -100.00 -0.00 0.00 -80.00 0.00 0.00 -0.00 -0.00 -0.00 -90.00 0.00 0.00 -100.00 -0.00 0.00 -80.00 0.00 0.00 -0.00 4.00 0.01 -0.08 -0.00 0.11 -1.57 -0.00 0.05 -0.77
-0.0000 0.0168 0.0000 0.00 -0.00 0.00 0.00 -0.00 0.00 0.00 -0.00 0.00 0.00 -0.00 0.00 0.00 -0.00 0.00 0.00 -0.00 0.00 0.00 -0.00 0.00 0.00 -0.00 0.00 0.00 -0.00 0.00 0.00 -0.00 0.00 0.00 -0.00 0.00 0.00 -0.00 0.00 0.00 -0.00 0.00 0.00 -0.00 0.00 0.00 -0.00 0.00 0.00 -0.00 0.00 0.00 -0.00 0.00 0.00 -0.00 0.00 0.00 -0.00 0.00 0.00 -0.00 0.00 0.00 -0.00 0.00 0.00 -0.00 0.00 0.00 -0.00 0.00 0.00 -0.00 0.00 0.00 -0.00 0.00 0.00 -0.00 0.00 0.00 -0.00 0.00 0.00 -0.00 0.00 0.00 -0.00 0.00 0.00 -0.00 0.00 0.00 -0.00 0.00 0.00 -0.00 0.00 0.00 -0.00 0.00 0.00 -0.00 0.00 0.00 -0.00 0.00 0.00 -0.00 0.00 0.00 -0.00 0.00 0.00 -0.00 0.00 0.00 -0.00 0.00 0.00 -0.00 0.00 0.00 -0.00 0.00 94.39 0.18 -156.33 0.01 -25.00 0.03 -11.23 0.58 43.47 -20.47 30.26 42.41 0.00 0.00 -0.00 -0.00 -0.00 -90.00 0.00 0.00 -100.00 -0.00 0.00 -80.00 0.00 0.00 -0.00 -0.00 -0.00 -90.00 0.00 0.00 -100.00 -0.00 0.00 -80.00 0.00 0.00 -0.00 -0.00 -0.00 -90.00 0.00 0.00 -100.00 -0.00 0.00 -80.00 0.00 0.00 -0.00 4.00 0.01 -0.08 -0.00 0.11 -1.57 -0.00 0.05 -0.77
-0.0000 0.0176 0.0000 0.00 -0.00 0.00 0.00 -0.00 0.00 0.00 -0.00 0.00 0.00 -0.00 0.00 0.00 -0.00 0.00 0.00 -0.00 0.00 0.00 -0.00 0.00 0.00 -0.00 0.00 0.00 -0.00 0.00 0.00 -0.00 0.00 0.00 -0.00 0.00 0.00 -0.00 0.00 0.00 -0.00 0.00 0.00 -0.00 0.00 0.00 -0.00 0.00 0.00 -0.00 0.00 0.00 -0.00 0.00 0.00 -0.00 0.00 0.00 -0.00 0.00 0.00 -0.00 0.00 0.00 -0.00 0.00 0.00 -0.00 0.00 0.00 -0.00 0.00 0.00 -0.00 0.00 0.00 -0.00 0.00 0.00 -0.00 0.00 0.00 -0.00 0.00 0.00 -0.00 0.00 0.00 -0.00 0.00 0.00 -0.00 0.00 0.00 -0.00 0.00 0.00 -0.00 0.00 0.00 -0.00 0.00 0.00 -0.00 0.00 0.00 -0.00 0.00 0.00 -0.00 0.00 0.00 -0.00 0.00 0.00 -0.00 0.00 0.00 -0.00 0.00 0.00 -0.00 0.00 0.00 -0.00 0.00 94.39 0.18 -156.33 0.01 -25.00 0.03 -11.23 0.58 43.47 -20.47 30.26 42.41 0.00 0.00 -0.00 -0.00 -0.00 -90.00 0.00 0.00 -100.00 -0.00 0.00 -80.00 0.00 0.00 -0.00 -0.00 -0.00 -90.00 0.00 0.00 -100.00 -0.00 0.00 -80.00 0.00 0.00 -0.00 -0.00 -0.00 -90.00 0.00 0.00 -100.00 -0.00 0.00 -80.00 0.00 0.00 -0.00 4.00 0.01 -0.08 -0.00 0.11 -1.57 -0.00 0.05 -0.77
-0.0000 0.0163 0.0000 0.00 -0.00 0.00 0.00 -0.00 0.00 0.00 -0.00 0.00 0.00 -0.00 0.00 0.00 -0.00 0.00 0.00 -0.00 0.00 0.00 -0.00 0.00 0.00 -0.00 0.00 0.00 -0.00 0.00 0.00 -0.00 0.00 0.00 -0.00 0.00 0.00 -0.00 0.00 0.00 -0.00 0.00 0.00 -0.00 0.00 0.00 -0.00 0.00 0.00 -0.00 0.00 0.00 -0.00 0.00 0.00 -0.00 0.00 0.00 -0.00 0.00 0.00 -0.00 0.00 0.00 -0.00 0.00 0.00 -0.00 0.00 0.00 -0.00 0.00 0.00 -0.00 0.00 0.00 -0.00 0.00 0.00 -0.00 0.00 0.00 -0.00 0.00 0.00 -0.00 0.00 0.00 -0.00 0.00 0.00 -0.00 0.00 0.00 -0.00 0.00 0.00 -0.00 0.00 0.00 -0.00 0.00 0.00 -0.00 0.00 0.00 -0.00 0.00 0.00 -0.00 0.00 0.00 -0.00 0.00 0.00 -0.00 0.00 0.00 -0.00 0.00 0.00 -0.00 0.00 0.00 -0.00 0.00 94.39 0.18 -156.33 0.01 -25.00 0.03 -11.23 0.58 43.47 -20.47 30.26 42.41 0.00 0.00 -0.00 -0.00 -0.00 -90.00 0.00 0.00 -100.00 -0.00 0.00 -80.00 0.00 0.00 -0.00 -0.00 -0.00 -90.00 0.00 0.00 -100.00 -0.00 0.00 -80.00 0.00 0.00 -0.00 -0.00 -0.00 -90.00 0.00 0.00 -100.00 -0.00 0.00 -80.00 0.00 0.00 -0.00 4.00 0.01 -0.08 -0.00 0.11 -1.57 -0.00 0.05 -0.77
-0.0000 0.0154 0.0000 0.00 -0.00 0.00 0.00 -0.00 0.00 0.00 -0.00 0.00 0.00 -0.00 0.00 0.00 -0.00 0.00 0.00 -0.00 0.00 0.00 -0.00 0.00 0.00 -0.00 0.00 0.00 -0.00 0.00 0.00 -0.00 0.00 0.00 -0.00 0.00 0.00 -0.00 0.00 0.00 -0.00 0.00 0.00 -0.00 0.00 0.00 -0.00 0.00 0.00 -0.00 0.00 0.00 -0.00 0.00 0.00 -0.00 0.00 0.00 -0.00 0.00 0.00 -0.00 0.00 0.00 -0.00 0.00 0.00 -0.00 0.00 0.00 -0.00 0.00 0.00 -0.00 0.00 0.00 -0.00 0.00 0.00 -0.00 0.00 0.00 -0.00 0.00 0.00 -0.00 0.00 0.00 -0.00 0.00 0.00 -0.00 0.00 0.00 -0.00 0.00 0.00 -0.00 0.00 0.00 -0.00 0.00 0.00 -0.00 0.00 0.00 -0.00 0.00 0.00 -0.00 0.00 0.00 -0.00 0.00 0.00 -0.00 0.00 0.00 -0.00 0.00 0.00 -0.00 0.00 0.00 -0.00 0.00 94.39 0.18 -156.33 0.01 -25.00 0.03 -11.23 0.58 43.47 -20.47 30.26 42.41 0.00 0.00 -0.00 -0.00 -0.00 -90.00 0.00 0.00 -100.00 -0.00 0.00 -80.00 0.00 0.00 -0.00 -0.00 -0.00 -90.00 0.00 0.00 -100.00 -0.00 0.00 -80.00 0.00 0.00 -0.00 -0.00 -0.00 -90.00 0.00 0.00 -100.00 -0.00 0.00 -80.00 0.00 0.00 -0.00 4.00 0.01 -0.08 -0.00 0.11 -1.57 -0.00 0.05 -0.77
-0.0000 0.0151 0.0000 0.00 -0.00 0.00 0.00 -0.00 0.00 0.00 -0.00 0.00 0.00 -0.00 0.00 0.00 -0.00 0.00 0.00 -0.00 0.00 0.00 -0.00 0.00 0.00 -0.00 0.00 0.00 -0.00 0.00 0.00 -0.00 0.00 0.00 -0.00 0.00 0.00 -0.00 0.00 0.00 -0.00 0.00 0.00 -0.00 0.00 0.00 -0.00 0.00 0.00 -0.00 0.00 0.00 -0.00 0.00 0.00 -0.00 0.00 0.00 -0.00 0.00 0.00 -0.00 0.00 0.00 -0.00 0.00 0.00 -0.00 0.00 0.00 -0.00 0.00 0.00 -0.00 0.00 0.00 -0.00 0.00 0.00 -0.00 0.00 0.00 -0.00 0.00 0.00 -0.00 0.00 0.00 -0.00 0.00 0.00 -0.00 0.00 0.00 -0.00 0.00 0.00 -0.00 0.00 0.00 -0.00 0.00 0.00 -0.00 0.00 0.00 -0.00 0.00 0.00 -0.00 0.00 0.00 -0.00 0.00 0.00 -0.00 0.00 0.00 -0.00 0.00 0.00 -0.00 0.00 0.00 -0.00 0.00 94.39 0.18 -156.33 0.01 -25.00 0.03 -11.23 0.58 43.47 -20.47 30.26 42.41 0.00 0.00 -0.00 -0.00 -0.00 -90.00 0.00 0.00 -100.00 -0.00 0.00 -80.00 0.00 0.00 -0.00 -0.00 -0.00 -90.00 0.00 0.00 -100.00 -0.00 0.00 -80.00 0.00 0.00 -0.00 -0.00 -0.00 -90.00 0.00 0.00 -100.00 -0.00 0.00 -80.00 0.00 0.00 -0.00 4.00 0.01 -0.08 -0.00 0.11 -1.57 -0.00 0.05 -0.77
-0.0000 0.0156 0.0000 0.00 -0.00 0.00 0.00 -0.00 0.00 0.00 -0.00 0.00 0.00 -0.00 0.00 0.00 -0.00 0.00 0.00 -0.00 0.00 0.00 -0.00 0.00 0.00 -0.00 0.00 0.00 -0.00 0.00 0.00 -0.00 0.00 0.00 -0.00 0.00 0.00 -0.00 0.00 0.00 -0.00 0.00 0.00 -0.00 0.00 0.00 -0.00 0.00 0.00 -0.00 0.00 0.00 -0.00 0.00 0.00 -0.00 0.00 0.00 -0.00 0.00 0.00 -0.00 0.00 0.00 -0.00 0.00 0.00 -0.00 0.00 0.00 -0.00 0.00 0.00 -0.00 0.00 0.00 -0.00 0.00 0.00 -0.00 0.00 0.00 -0.00 0.00 0.00 -0.00 0.00 0.00 -0.00 0.00 0.00 -0.00 0.00 0.00 -0.00 0.00 0.00 -0.00 0.00 0.00 -0.00 0.00 0.00 -0.00 0.00 0.00 -0.00 0.00 0.00 -0.00 0.00 0.00 -0.00 0.00 0.00 -0.00 0.00 0.00 -0.00 0.00 0.00 -0.00 0.00 0.00 -0.00 0.00 94.39 0.18 -156.33 0.01 -25.00 0.03 -11.23 0.58 43.47 -20.47 30.26 42.41 0.00 0.00 -0.00 -0.00 -0.00 -90.00 0.00 0.00 -100.00 -0.00 0.00 -80.00 0.00 0.00 -0.00 -0.00 -0.00 -90.00 0.00 0.00 -100.00 -0.00 0.00 -80.00 0.00 0.00 -0.00 -0.00 -0.00 -90.00 0.00 0.00 -100.00 -0.00 0.00 -80.00 0.00 0.00 -0.00 4.00 0.01 -0.08 -0.00 0.11 -1.57 -0.00 0.05 -0.77
-0.0000 0.0155 0.0000 0.00 -0.00 0.00 0.00 -0.00 0.00 0.00 -0.00 0.00 0.00 -0.00 0.00 0.00 -0.00 0.00 0.00 -0.00 0.00 0.00 -0.00 0.00 0.00 -0.00 0.00 0.00 -0.00 0.00 0.00 -0.00 0.00 0.00 -0.00 0.00 0.00 -0.00 0.00 0.00 -0.00 0.00 0.00 -0.00 0.00 0.00 -0.00 0.00 0.00 -0.00 0.00 0.00 -0.00 0.00 0.00 -0.00 0.00 0.00 -0.00 0.00 0.00 -0.00 0.00 0.00 -0.00 0.00 0.00 -0.00 0.00 0.00 -0.00 0.00 0.00 -0.00 0.00 0.00 -0.00 0.00 0.00 -0.00 0.00 0.00 -0.00 0.00 0.00 -0.00 0.00 0.00 -0.00 0.00 0.00 -0.00 0.00 0.00 -0.00 0.00 0.00 -0.00 0.00 0.00 -0.00 0.00 0.00 -0.00 0.00 0.00 -0.00 0.00 0.00 -0.00 0.00 0.00 -0.00 0.00 0.00 -0.00 0.00 0.00 -0.00 0.00 0.00 -0.00 0.00 0.00 -0.00 0.00 94.39 0.18 -156.33 0.01 -25.00 0.03 -11.23 0.58 43.47 -20.47 30.26 42.41 0.00 0.00 -0.00 -0.00 -0.00 -90.00 0.00 0.00 -100.00 -0.00 0.00 -80.00 0.00 0.00 -0.00 -0.00 -0.00 -90.00 0.00 0.00 -100.00 -0.00 0.00 -80.00 0.00 0.00 -0.00 -0.00 -0.00 -90.00 0.00 0.00 -100.00 -0.00 0.00 -80.00 0.00 0.00 -0.00 4.00 0.01 -0.08 -0.00 0.11 -1.57 -0.00 0.05 -0.77
-0.0000 0.0156 0.0000 0.00 -0.00 0.00 0.00 -0.00 0.00 0.00 -0.00 0.00 0.00 -0.00 0.00 0.00 -0.00 0.00 0.00 -0.00 0.00 0.00 -0.00 0.00 0.00 -0.00 0.00 0.00 -0.00 0.00 0.00 -0.00 0.00 0.00 -0.00 0.00 0.00 -0.00 0.00 0.00 -0.00 0.00 0.00 -0.00 0.00 0.00 -0.00 0.00 0.00 -0.00 0.00 0.00 -0.00 0.00 0.00 -0.00 0.00 0.00 -0.00 0.00 0.00 -0.00 0.00 0.00 -0.00 0.00 0.00 -0.00 0.00 0.00 -0.00 0.00 0.00 -0.00 0.00 0.00 -0.00 0.00 0.00 -0.00 0.00 0.00 -0.00 0.00 0.00 -0.00 0.00 0.00 -0.00 0.00 0.00 -0.00 0.00 0.00 -0.00 0.00 0.00 -0.00 0.00 0.00 -0.00 0.00 0.00 -0.00 0.00 0.00 -0.00 0.00 0.00 -0.00 0.00 0.00 -0.00 0.00 0.00 -0.00 0.00 0.00 -0.00 0.00 0.00 -0.00 0.00 0.00 -0.00 0.00 94.39 0.18 -156.33 0.01 -25.00 0.03 -11.23 0.58 43.47 -20.47 30.26 42.41 0.00 0.00 -0.00 -0.00 -0.00 -90.00 0.00 0.00 -100.00 -0.00 0.00 -80.00 0.00 0.00 -0.00 -0.00 -0.00 -90.00 0.00 0.00 -100.00 -0.00 0.00 -80.00 0.00 0.00 -0.00 -0.00 -0.00 -90.00 0.00 0.00 -100.00 -0.00 0.00 -80.00 0.00 0.00 -0.00 4.00 0.01 -0.08 -0.00 0.11 -1.57 -0.00 0.05 -0.77
-0.0000 0.0152 0.0000 0.00 -0.00 0.00 0.00 -0.00 0.00 0.00 -0.00 0.00 0.00 -0.00 0.00 0.00 -0.00 0.00 0.00 -0.00 0.00 0.00 -0.00 0.00 0.00 -0.00 0.00 0.00 -0.00 0.00 0.00 -0.00 0.00 0.00 -0.00 0.00 0.00 -0.00 0.00 0.00 -0.00 0.00 0.00 -0.00 0.00 0.00 -0.00 0.00 0.00 -0.00 0.00 0.00 -0.00 0.00 0.00 -0.00 0.00 0.00 -0.00 0.00 0.00 -0.00 0.00 0.00 -0.00 0.00 0.00 -0.00 0.00 0.00 -0.00 0.00 0.00 -0.00 0.00 0.00 -0.00 0.00 0.00 -0.00 0.00 0.00 -0.00 0.00 0.00 -0.00 0.00 0.00 -0.00 0.00 0.00 -0.00 0.00 0.00 -0.00 0.00 0.00 -0.00 0.00 0.00 -0.00 0.00 0.00 -0.00 0.00 0.00 -0.00 0.00 0.00 -0.00 0.00 0.00 -0.00 0.00 0.00 -0.00 0.00 0.00 -0.00 0.00 0.00 -0.00 0.00 0.00 -0.00 0.00 94.39 0.18 -156.33 0.01 -25.00 0.03 -11.23 0.58 43.47 -20.47 30.26 42.41 0.00 0.00 -0.00 -0.00 -0.00 -90.00 0.00 0.00 -100.00 -0.00 0.00 -80.00 0.00 0.00 -0.00 -0.00 -0.00 -90.00 0.00 0.00 -100.00 -0.00 0.00 -80.00 0.00 0.00 -0.00 -0.00 -0.00 -90.00 0.00 0.00 -100.00 -0.00 0.00 -80.00 0.00 0.00 -0.00 4.00 0.01 -0.08 -0.00 0.11 -1.57 -0.00 0.05 -0.77
-0.0000 0.0147 0.0000 0.00 -0.00 0.00 0.00 -0.00 0.00 0.00 -0.00 0.00 0.00 -0.00 0.00 0.00 -0.00 0.00 0.00 -0.00 0.00 0.00 -0.00 0.00 0.00 -0.00 0.00 0.00 -0.00 0.00 0.00 -0.00 0.00 0.00 -0.00 0.00 0.00 -0.00 0.00 0.00 -0.00 0.00 0.00 -0.00 0.00 0.00 -0.00 0.00 0.00 -0.00 0.00 0.00 -0.00 0.00 0.00 -0.00 0.00 0.00 -0.00 0.00 0.00 -0.00 0.00 0.00 -0.00 0.00 0.00 -0.00 0.00 0.00 -0.00 0.00 0.00 -0.00 0.00 0.00 -0.00 0.00 0.00 -0.00 0.00 0.00 -0.00 0.00 0.00 -0.00 0.00 0.00 -0.00 0.00 0.00 -0.00 0.00 0.00 -0.00 0.00 0.00 -0.00 0.00 0.00 -0.00 0.00 0.00 -0.00 0.00 0.00 -0.00 0.00 0.00 -0.00 0.00 0.00 -0.00 0.00 0.00 -0.00 0.00 0.00 -0.00 0.00 0.00 -0.00 0.00 0.00 -0.00 0.00 94.39 0.18 -156.33 0.01 -25.00 0.03 -11.23 0.58 43.47 -20.47 30.26 42.41 0.00 0.00 -0.00 -0.00 -0.00 -90.00 0.00 0.00 -100.00 -0.00 0.00 -80.00 0.00 0.00 -0.00 -0.00 -0.00 -90.00 0.00 0.00 -100.00 -0.00 0.00 -80.00 0.00 0.00 -0.00 -0.00 -0.00 -90.00 0.00 0.00 -100.00 -0.00 0.00 -80.00 0.00 0.00 -0.00 4.00 0.01 -0.08 -0.00 0.11 -1.57 -0.00 0.05 -0.77
-0.0000 0.0150 0.0000 0.00 -0.00 0.00 0.00 -0.00 0.00 0.00 -0.00 0.00 0.00 -0.00 0.00 0.00 -0.00 0.00 0.00 -0.00 0.00 0.00 -0.00 0.00 0.00 -0.00 0.00 0.00 -0.00 0.00 0.00 -0.00 0.00 0.00 -0.00 0.00 0.00 -0.00 0.00 0.00 -0.00 0.00 0.00 -0.00 0.00 0.00 -0.00 0.00 0.00 -0.00 0.00 0.00 -0.00 0.00 0.00 -0.00 0.00 0.00 -0.00 0.00 0.00 -0.00 0.00 0.00 -0.00 0.00 0.00 -0.00 0.00 0.00 -0.00 0.00 0.00 -0.00 0.00 0.00 -0.00 0.00 0.00 -0.00 0.00 0.00 -0.00 0.00 0.00 -0.00 0.00 0.00 -0.00 0.00 0.00 -0.00 0.00 0.00 -0.00 0.00 0.00 -0.00 0.00 0.00 -0.00 0.00 0.00 -0.00 0.00 0.00 -0.00 0.00 0.00 -0.00 0.00 0.00 -0.00 0.00 0.00 -0.00 0.00 0.00 -0.00 0.00 0.00 -0.00 0.00 0.00 -0.00 0.00 94.39 0.18 -156.33 0.01 -25.00 0.03 -11.23 0.58 43.47 -20.47 30.26 42.41 0.00 0.00 -0.00 -0.00 -0.00 -90.00 0.00 0.00 -100.00 -0.00 0.00 -80.00 0.00 0.00 -0.00 -0.00 -0.00 -90.00 0.00 0.00 -100.00 -0.00 0.00 -80.00 0.00 0.00 -0.00 -0.00 -0.00 -90.00 0.00 0.00 -100.00 -0.00 0.00 -80.00 0.00 0.00 -0.00 4.00 0.01 -0.08 -0.00 0.11 -1.57 -0.00 0.05 -0.77
-0.0000 0.0148 0.0000 0.00 -0.00 0.00 0.00 -0.00 0.00 0.00 -0.00 0.00 0.00 -0.00 0.00 0.00 -0.00 0.00 0.00 -0.00 0.00 0.00 -0.00 0.00 0.00 -0.00 0.00 0.00 -0.00 0.00 0.00 -0.00 0.00 0.00 -0.00 0.00 0.00 -0.00 0.00 0.00 -0.00 0.00 0.00 -0.00 0.00 0.00 -0.00 0.00 0.00 -0.00 0.00 0.00 -0.00 0.00 0.00 -0.00 0.00 0.00 -0.00 0.00 0.00 -0.00 0.00 0.00 -0.00 0.00 0.00 -0.00 0.00 0.00 -0.00 0.00 0.00 -0.00 0.00 0.00 -0.00 0.00 0.00 -0.00 0.00 0.00 -0.00 0.00 0.00 -0.00 0.00 0.00 -0.00 0.00 0.00 -0.00 0.00 0.00 -0.00 0.00 0.00 -0.00 0.00 0.00 -0.00 0.00 0.00 -0.00 0.00 0.00 -0.00 0.00 0.00 -0.00 0.00 0.00 -0.00 0.00 0.00 -0.00 0.00 0.00 -0.00 0.00 0.00 -0.00 0.00 0.00 -0.00 0.00 94.39 0.18 -156.33 0.01 -25.00 0.03 -11.23 0.58 43.47 -20.47 30.26 42.41 0.00 0.00 -0.00 -0.00 -0.00 -90.00 0.00 0.00 -100.00 -0.00 0.00 -80.00 0.00 0.00 -0.00 -0.00 -0.00 -90.00 0.00 0.00 -100.00 -0.00 0.00 -80.00 0.00 0.00 -0.00 -0.00 -0.00 -90.00 0.00 0.00 -100.00 -0.00 0.00 -80.00 0.00 0.00 -0.00 4.00 0.01 -0.08 -0.00 0.11 -1.57 -0.00 0.05 -0.77
-0.0000 0.0155 0.0000 0.00 -0.00 0.00 0.00 -0.00 0.00 0.00 -0.00 0.00 0.00 -0.00 0.00 0.00 -0.00 0.00 0.00 -0.00 0.00 0.00 -0.00 0.00 0.00 -0.00 0.00 0.00 -0.00 0.00 0.00 -0.00 0.00 0.00 -0.00 0.00 0.00 -0.00 0.00 0.00 -0.00 0.00 0.00 -0.00 0.00 0.00 -0.00 0.00 0.00 -0.00 0.00 0.00 -0.00 0.00 0.00 -0.00 0.00 0.00 -0.00 0.00 0.00 -0.00 0.00 0.00 -0.00 0.00 0.00 -0.00 0.00 0.00 -0.00 0.00 0.00 -0.00 0.00 0.00 -0.00 0.00 0.00 -0.00 0.00 0.00 -0.00 0.00 0.00 -0.00 0.00 0.00 -0.00 0.00 0.00 -0.00 0.00 0.00 -0.00 0.00 0.00 -0.00 0.00 0.00 -0.00 0.00 0.00 -0.00 0.00 0.00 -0.00 0.00 0.00 -0.00 0.00 0.00 -0.00 0.00 0.00 -0.00 0.00 0.00 -0.00 0.00 0.00 -0.00 0.00 0.00 -0.00 0.00 94.39 0.18 -156.33 0.01 -25.00 0.03 -11.23 0.58 43.47 -20.47 30.26 42.41 0.00 0.00 -0.00 -0.00 -0.00 -90.00 0.00 0.00 -100.00 -0.00 0.00 -80.00 0.00 0.00 -0.00 -0.00 -0.00 -90.00 0.00 0.00 -100.00 -0.00 0.00 -80.00 0.00 0.00 -0.00 -0.00 -0.00 -90.00 0.00 0.00 -100.00 -0.00 0.00 -80.00 0.00 0.00 -0.00 4.00 0.01 -0.08 -0.00 0.11 -1.57 -0.00 0.05 -0.77
-0.0000 0.0155 0.0000 0.00 -0.00 0.00 0.00 -0.00 0.00 0.00 -0.00 0.00 0.00 -0.00 0.00 0.00 -0.00 0.00 0.00 -0.00 0.00 0.00 -0.00 0.00 0.00 -0.00 0.00 0.00 -0.00 0.00 0.00 -0.00 0.00 0.00 -0.00 0.00 0.00 -0.00 0.00 0.00 -0.00 0.00 0.00 -0.00 0.00 0.00 -0.00 0.00 0.00 -0.00 0.00 0.00 -0.00 0.00 0.00 -0.00 0.00 0.00 -0.00 0.00 0.00 -0.00 0.00 0.00 -0.00 0.00 0.00 -0.00 0.00 0.00 -0.00 0.00 0.00 -0.00 0.00 0.00 -0.00 0.00 0.00 -0.00 0.00 0.00 -0.00 0.00 0.00 -0.00 0.00 0.00 -0.00 0.00 0.00 -0.00 0.00 0.00 -0.00 0.00 0.00 -0.00 0.00 0.00 -0.00 0.00 0.00 -0.00 0.00 0.00 -0.00 0.00 0.00 -0.00 0.00 0.00 -0.00 0.00 0.00 -0.00 0.00 0.00 -0.00 0.00 0.00 -0.00 0.00 0.00 -0.00 0.00 94.39 0.18 -156.33 0.01 -25.00 0.03 -11.23 0.58 43.47 -20.47 30.26 42.41 0.00 0.00 -0.00 -0.00 -0.00 -90.00 0.00 0.00 -100.00 -0.00 0.00 -80.00 0.00 0.00 -0.00 -0.00 -0.00 -90.00 0.00 0.00 -100.00 -0.00 0.00 -80.00 0.00 0.00 -0.00 -0.00 -0.00 -90.00 0.00 0.00 -100.00 -0.00 0.00 -80.00 0.00 0.00 -0.00 4.00 0.01 -0.08 -0.00 0.11 -1.57 -0.00 0.05 -0.77
-0.0000 0.0148 0.0000 0.00 -0.00 0.00 0.00 -0.00 0.00 0.00 -0.00 0.00 0.00 -0.00 0.00 0.00 -0.00 0.00 0.00 -0.00 0.00 0.00 -0.00 0.00 0.00 -0.00 0.00 0.00 -0.00 0.00 0.00 -0.00 0.00 0.00 -0.00 0.00 0.00 -0.00 0.00 0.00 -0.00 0.00 0.00 -0.00 0.00 0.00 -0.00 0.00 0.00 -0.00 0.00 0.00 -0.00 0.00 0.00 -0.00 0.00 0.00 -0.00 0.00 0.00 -0.00 0.00 0.00 -0.00 0.00 0.00 -0.00 0.00 0.00 -0.00 0.00 0.00 -0.00 0.00 0.00 -0.00 0.00 0.00 -0.00 0.00 0.00 -0.00 0.00 0.00 -0.00 0.00 0.00 -0.00 0.00 0.00 -0.00 0.00 0.00 -0.00 0.00 0.00 -0.00 0.00 0.00 -0.00 0.00 0.00 -0.00 0.00 0.00 -0.00 0.00 0.00 -0.00 0.00 0.00 -0.00 0.00 0.00 -0.00 0.00 0.00 -0.00 0.00 0.00 -0.00 0.00 0.00 -0.00 0.00 94.39 0.18 -156.33 0.01 -25.00 0.03 -11.23 0.58 43.47 -20.47 30.26 42.41 0.00 0.00 -0.00 -0.00 -0.00 -90.00 0.00 0.00 -100.00 -0.00 0.00 -80.00 0.00 0.00 -0.00 -0.00 -0.00 -90.00 0.00 0.00 -100.00 -0.00 0.00 -80.00 0.00 0.00 -0.00 -0.00 -0.00 -90.00 0.00 0.00 -100.00 -0.00 0.00 -80.00 0.00 0.00 -0.00 4.00 0.01 -0.08 -0.00 0.11 -1.57 -0.00 0.05 -0.77
-0.0000 0.0148 0.0000 0.00 -0.00 0.00 0.00 -0.00 0.00 0.00 -0.00 0.00 0.00 -0.00 0.00 0.00 -0.00 0.00 0.00 -0.00 0.00 0.00 -0.00 0.00 0.00 -0.00 0.00 0.00 -0.00 0.00 0.00 -0.00 0.00 0.00 -0.00 0.00 0.00 -0.00 0.00 0.00 -0.00 0.00 0.00 -0.00 0.00 0.00 -0.00 0.00 0.00 -0.00 0.00 0.00 -0.00 0.00 0.00 -0.00 0.00 0.00 -0.00 0.00 0.00 -0.00 0.00 0.00 -0.00 0.00 0.00 -0.00 0.00 0.00 -0.00 0.00 0.00 -0.00 0.00 0.00 -0.00 0.00 0.00 -0.00 0.00 0.00 -0.00 0.00 0.00 -0.00 0.00 0.00 -0.00 0.00 0.00 -0.00 0.00 0.00 -0.00 0.00 0.00 -0.00 0.00 0.00 -0.00 0.00 0.00 -0.00 0.00 0.00 -0.00 0.00 0.00 -0.00 0.00 0.00 -0.00 0.00 0.00 -0.00 0.00 0.00 -0.00 0.00 0.00 -0.00 0.00 0.00 -0.00 0.00 94.39 0.18 -156.33 0.01 -25.00 0.03 -11.23 0.58 43.47 -20.47 30.26 42.41 0.00 0.00 -0.00 -0.00 -0.00 -90.00 0.00 0.00 -100.00 -0.00 0.00 -80.00 0.00 0.00 -0.00 -0.00 -0.00 -90.00 0.00 0.00 -100.00 -0.00 0.00 -80.00 0.00 0.00 -0.00 -0.00 -0.00 -90.00 0.00 0.00 -100.00 -0.00 0.00 -80.00 0.00 0.00 -0.00 4.00 0.01 -0.08 -0.00 0.11 -1.57 -0.00 0.05 -0.77
-0.0000 0.0156 0.0000 0.00 -0.00 0.00 0.00 -0.00 0.00 0.00 -0.00 0.00 0.00 -0.00 0.00 0.00 -0.00 0.00 0.00 -0.00 0.00 0.00 -0.00 0.00 0.00 -0.00 0.00 0.00 -0.00 0.00 0.00 -0.00 0.00 0.00 -0.00 0.00 0.00 -0.00 0.00 0.00 -0.00 0.00 0.00 -0.00 0.00 0.00 -0.00 0.00 0.00 -0.00 0.00 0.00 -0.00 0.00 0.00 -0.00 0.00 0.00 -0.00 0.00 0.00 -0.00 0.00 0.00 -0.00 0.00 0.00 -0.00 0.00 0.00 -0.00 0.00 0.00 -0.00 0.00 0.00 -0.00 0.00 0.00 -0.00 0.00 0.00 -0.00 0.00 0.00 -0.00 0.00 0.00 -0.00 0.00 0.00 -0.00 0.00 0.00 -0.00 0.00 0.00 -0.00 0.00 0.00 -0.00 0.00 0.00 -0.00 0.00 0.00 -0.00 0.00 0.00 -0.00 0.00 0.00 -0.00 0.00 0.00 -0.00 0.00 0.00 -0.00 0.00 0.00 -0.00 0.00 0.00 -0.00 0.00 94.39 0.18 -156.33 0.01 -25.00 0.03 -11.23 0.58 43.47 -20.47 30.26 42.41 0.00 0.00 -0.00 -0.00 -0.00 -90.00 0.00 0.00 -100.00 -0.00 0.00 -80.00 0.00 0.00 -0.00 -0.00 -0.00 -90.00 0.00 0.00 -100.00 -0.00 0.00 -80.00 0.00 0.00 -0.00 -0.00 -0.00 -90.00 0.00 0.00 -100.00 -0.00 0.00 -80.00 0.00 0.00 -0.00 4.00 0.01 -0.08 -0.00 0.11 -1.57 -0.00 0.05 -0.77
-0.0000 0.0155 0.0000 0.00 -0.00 0.00 0.00 -0.00 0.00 0.00 -0.00 0.00 0.00 -0.00 0.00 0.00 -0.00 0.00 0.00 -0.00 0.00 0.00 -0.00 0.00 0.00 -0.00 0.00 0.00 -0.00 0.00 0.00 -0.00 0.00 0.00 -0.00 0.00 0.00 -0.00 0.00 0.00 -0.00 0.00 0.00 -0.00 0.00 0.00 -0.00 0.00 0.00 -0.00 0.00 0.00 -0.00 0.00 0.00 -0.00 0.00 0.00 -0.00 0.00 0.00 -0.00 0.00 0.00 -0.00 0.00 0.00 -0.00 0.00 0.00 -0.00 0.00 0.00 -0.00 0.00 0.00 -0.00 0.00 0.00 -0.00 0.00 0.00 -0.00 0.00 0.00 -0.00 0.00 0.00 -0.00 0.00 0.00 -0.00 0.00 0.00 -0.00 0.00 0.00 -0.00 0.00 0.00 -0.00 0.00 0.00 -0.00 0.00 0.00 -0.00 0.00 0.00 -0.00 0.00 0.00 -0.00 0.00 0.00 -0.00 0.00 0.00 -0.00 0.00 0.00 -0.00 0.00 0.00 -0.00 0.00 94.39 0.18 -156.33 0.01 -25.00 0.03 -11.23 0.58 43.47 -20.47 30.26 42.41 0.00 0.00 -0.00 -0.00 -0.00 -90.00 0.00 0.00 -100.00 -0.00 0.00 -80.00 0.00 0.00 -0.00 -0.00 -0.00 -90.00 0.00 0.00 -100.00 -0.00 0.00 -80.00 0.00 0.00 -0.00 -0.00 -0.00 -90.00 0.00 0.00 -100.00 -0.00 0.00 -80.00 0.00 0.00 -0.00 4.00 0.01 -0.08 -0.00 0.11 -1.57 -0.00 0.05 -0.77
-0.0000 0.0153 0.0000 0.00 -0.00 0.00 0.00 -0.00 0.00 0.00 -0.00 0.00 0.00 -0.00 0.00 0.00 -0.00 0.00 0.00 -0.00 0.00 0.00 -0.00 0.00 0.00 -0.00 0.00 0.00 -0.00 0.00 0.00 -0.00 0.00 0.00 -0.00 0.00 0.00 -0.00 0.00 0.00 -0.00 0.00 0.00 -0.00 0.00 0.00 -0.00 0.00 0.00 -0.00 0.00 0.00 -0.00 0.00 0.00 -0.00 0.00 0.00 -0.00 0.00 0.00 -0.00 0.00 0.00 -0.00 0.00 0.00 -0.00 0.00 0.00 -0.00 0.00 0.00 -0.00 0.00 0.00 -0.00 0.00 0.00 -0.00 0.00 0.00 -0.00 0.00 0.00 -0.00 0.00 0.00 -0.00 0.00 0.00 -0.00 0.00 0.00 -0.00 0.00 0.00 -0.00 0.00 0.00 -0.00 0.00 0.00 -0.00 0.00 0.00 -0.00 0.00 0.00 -0.00 0.00 0.00 -0.00 0.00 0.00 -0.00 0.00 0.00 -0.00 0.00 0.00 -0.00 0.00 0.00 -0.00 0.00 94.39 0.18 -156.33 0.01 -25.00 0.03 -11.23 0.58 43.47 -20.47 30.26 42.41 0.00 0.00 -0.00 -0.00 -0.00 -90.00 0.00 0.00 -100.00 -0.00 0.00 -80.00 0.00 0.00 -0.00 -0.00 -0.00 -90.00 0.00 0.00 -100.00 -0.00 0.00 -80.00 0.00 0.00 -0.00 -0.00 -0.00 -90.00 0.00 0.00 -100.00 -0.00 0.00 -80.00 0.00 0.00 -0.00 4.00 0.01 -0.08 -0.00 0.11 -1.57 -0.00 0.05 -0.77
-0.0000 0.0159 0.0000 0.00 -0.00 0.00 0.00 -0.00 0.00 0.00 -0.00 0.00 0.00 -0.00 0.00 0.00 -0.00 0.00 0.00 -0.00 0.00 0.00 -0.00 0.00 0.00 -0.00 0.00 0.00 -0.00 0.00 0.00 -0.00 0.00 0.00 -0.00 0.00 0.00 -0.00 0.00 0.00 -0.00 0.00 0.00 -0.00 0.00 0.00 -0.00 0.00 0.00 -0.00 0.00 0.00 -0.00 0.00 0.00 -0.00 0.00 0.00 -0.00 0.00 0.00 -0.00 0.00 0.00 -0.00 0.00 0.00 -0.00 0.00 0.00 -0.00 0.00 0.00 -0.00 0.00 0.00 -0.00 0.00 0.00 -0.00 0.00 0.00 -0.00 0.00 0.00 -0.00 0.00 0.00 -0.00 0.00 0.00 -0.00 0.00 0.00 -0.00 0.00 0.00 -0.00 0.00 0.00 -0.00 0.00 0.00 -0.00 0.00 0.00 -0.00 0.00 0.00 -0.00 0.00 0.00 -0.00 0.00 0.00 -0.00 0.00 0.00 -0.00 0.00 0.00 -0.00 0.00 0.00 -0.00 0.00 94.39 0.18 -156.33 0.01 -25.00 0.03 -11.23 0.58 43.47 -20.47 30.26 42.41 0.00 0.00 -0.00 -0.00 -0.00 -90.00 0.00 0.00 -100.00 -0.00 0.00 -80.00 0.00 0.00 -0.00 -0.00 -0.00 -90.00 0.00 0.00 -100.00 -0.00 0.00 -80.00 0.00 0.00 -0.00 -0.00 -0.00 -90.00 0.00 0.00 -100.00 -0.00 0.00 -80.00 0.00 0.00 -0.00 4.00 0.01 -0.08 -0.00 0.11 -1.57 -0.00 0.05 -0.77
-0.0000 0.0153 0.0000 0.00 -0.00 0.00 0.00 -0.00 0.00 0.00 -0.00 0.00 0.00 -0.00 0.00 0.00 -0.00 0.00 0.00 -0.00 0.00 0.00 -0.00 0.00 0.00 -0.00 0.00 0.00 -0.00 0.00 0.00 -0.00 0.00 0.00 -0.00 0.00 0.00 -0.00 0.00 0.00 -0.00 0.00 0.00 -0.00 0.00 0.00 -0.00 0.00 0.00 -0.00 0.00 0.00 -0.00 0.00 0.00 -0.00 0.00 0.00 -0.00 0.00 0.00 -0.00 0.00 0.00 -0.00 0.00 0.00 -0.00 0.00 0.00 -0.00 0.00 0.00 -0.00 0.00 0.00 -0.00 0.00 0.00 -0.00 0.00 0.00 -0.00 0.00 0.00 -0.00 0.00 0.00 -0.00 0.00 0.00 -0.00 0.00 0.00 -0.00 0.00 0.00 -0.00 0.00 0.00 -0.00 0.00 0.00 -0.00 0.00 0.00 -0.00 0.00 0.00 -0.00 0.00 0.00 -0.00 0.00 0.00 -0.00 0.00 0.00 -0.00 0.00 0.00 -0.00 0.00 0.00 -0.00 0.00 94.39 0.18 -156.33 0.01 -25.00 0.03 -11.23 0.58 43.47 -20.47 30.26 42.41 0.00 0.00 -0.00 -0.00 -0.00 -90.00 0.00 0.00 -100.00 -0.00 0.00 -80.00 0.00 0.00 -0.00 -0.00 -0.00 -90.00 0.00 0.00 -100.00 -0.00 0.00 -80.00 0.00 0.00 -0.00 -0.00 -0.00 -90.00 0.00 0.00 -100.00 -0.00 0.00 -80.00 0.00 0.00 -0.00 4.00 0.01 -0.08 -0.00 0.11 -1.57 -0.00 0.05 -0.77
-0.0000 0.0155 0.0000 0.00 -0.00 0.00 0.00 -0.00 0.00 0.00 -0.00 0.00 0.00 -0.00 0.00 0.00 -0.00 0.00 0.00 -0.00 0.00 0.00 -0.00 0.00 0.00 -0.00 0.00 0.00 -0.00 0.00 0.00 -0.00 0.00 0.00 -0.00 0.00 0.00 -0.00 0.00 0.00 -0.00 0.00 0.00 -0.00 0.00 0.00 -0.00 0.00 0.00 -0.00 0.00 0.00 -0.00 0.00 0.00 -0.00 0.00 0.00 -0.00 0.00 0.00 -0.00 0.00 0.00 -0.00 0.00 0.00 -0.00 0.00 0.00 -0.00 0.00 0.00 -0.00 0.00 0.00 -0.00 0.00 0.00 -0.00 0.00 0.00 -0.00 0.00 0.00 -0.00 0.00 0.00 -0.00 0.00 0.00 -0.00 0.00 0.00 -0.00 0.00 0.00 -0.00 0.00 0.00 -0.00 0.00 0.00 -0.00 0.00 0.00 -0.00 0.00 0.00 -0.00 0.00 0.00 -0.00 0.00 0.00 -0.00 0.00 0.00 -0.00 0.00 0.00 -0.00 0.00 0.00 -0.00 0.00 94.39 0.18 -156.33 0.01 -25.00 0.03 -11.23 0.58 43.47 -20.47 30.26 42.41 0.00 0.00 -0.00 -0.00 -0.00 -90.00 0.00 0.00 -100.00 -0.00 0.00 -80.00 0.00 0.00 -0.00 -0.00 -0.00 -90.00 0.00 0.00 -100.00 -0.00 0.00 -80.00 0.00 0.00 -0.00 -0.00 -0.00 -90.00 0.00 0.00 -100.00 -0.00 0.00 -80.00 0.00 0.00 -0.00 4.00 0.01 -0.08 -0.00 0.11 -1.57 -0.00 0.05 -0.77
-0.0000 0.0161 0.0000 0.00 -0.00 0.00 0.00 -0.00 0.00 0.00 -0.00 0.00 0.00 -0.00 0.00 0.00 -0.00 0.00 0.00 -0.00 0.00 0.00 -0.00 0.00 0.00 -0.00 0.00 0.00 -0.00 0.00 0.00 -0.00 0.00 0.00 -0.00 0.00 0.00 -0.00 0.00 0.00 -0.00 0.00 0.00 -0.00 0.00 0.00 -0.00 0.00 0.00 -0.00 0.00 0.00 -0.00 0.00 0.00 -0.00 0.00 0.00 -0.00 0.00 0.00 -0.00 0.00 0.00 -0.00 0.00 0.00 -0.00 0.00 0.00 -0.00 0.00 0.00 -0.00 0.00 0.00 -0.00 0.00 0.00 -0.00 0.00 0.00 -0.00 0.00 0.00 -0.00 0.00 0.00 -0.00 0.00 0.00 -0.00 0.00 0.00 -0.00 0.00 0.00 -0.00 0.00 0.00 -0.00 0.00 0.00 -0.00 0.00 0.00 -0.00 0.00 0.00 -0.00 0.00 0.00 -0.00 0.00 0.00 -0.00 0.00 0.00 -0.00 0.00 0.00 -0.00 0.00 0.00 -0.00 0.00 94.39 0.18 -156.33 0.01 -25.00 0.03 -11.23 0.58 43.47 -20.47 30.26 42.41 0.00 0.00 -0.00 -0.00 -0.00 -90.00 0.00 0.00 -100.00 -0.00 0.00 -80.00 0.00 0.00 -0.00 -0.00 -0.00 -90.00 0.00 0.00 -100.00 -0.00 0.00 -80.00 0.00 0.00 -0.00 -0.00 -0.00 -90.00 0.00 0.00 -100.00 -0.00 0.00 -80.00 0.00 0.00 -0.00 4.00 0.01 -0.08 -0.00 0.11 -1.57 -0.00 0.05 -0.77
-0.0000 0.0158 0.0000 0.00 -0.00 0.00 0.00 -0.00 0.00 0.00 -0.00 0.00 0.00 -0.00 0.00 0.00 -0.00 0.00 0.00 -0.00 0.00 0.00 -0.00 0.00 0.00 -0.00 0.00 0.00 -0.00 0.00 0.00 -0.00 0.00 0.00 -0.00 0.00 0.00 -0.00 0.00 0.00 -0.00 0.00 0.00 -0.00 0.00 0.00 -0.00 0.00 0.00 -0.00 0.00 0.00 -0.00 0.00 0.00 -0.00 0.00 0.00 -0.00 0.00 0.00 -0.00 0.00 0.00 -0.00 0.00 0.00 -0.00 0.00 0.00 -0.00 0.00 0.00 -0.00 0.00 0.00 -0.00 0.00 0.00 -0.00 0.00 0.00 -0.00 0.00 0.00 -0.00 0.00 0.00 -0.00 0.00 0.00 -0.00 0.00 0.00 -0.00 0.00 0.00 -0.00 0.00 0.00 -0.00 0.00 0.00 -0.00 0.00 0.00 -0.00 0.00 0.00 -0.00 0.00 0.00 -0.00 0.00 0.00 -0.00 0.00 0.00 -0.00 0.00 0.00 -0.00 0.00 0.00 -0.00 0.00 94.39 0.18 -156.33 0.01 -25.00 0.03 -11.23 0.58 43.47 -20.47 30.26 42.41 0.00 0.00 -0.00 -0.00 -0.00 -90.00 0.00 0.00 -100.00 -0.00 0.00 -80.00 0.00 0.00 -0.00 -0.00 -0.00 -90.00 0.00 0.00 -100.00 -0.00 0.00 -80.00 0.00 0.00 -0.00 -0.00 -0.00 -90.00 0.00 0.00 -100.00 -0.00 0.00 -80.00 0.00 0.00 -0.00 4.00 0.01 -0.08 -0.00 0.11 -1.57 -0.00 0.05 -0.77
-0.0000 0.0159 0.0000 0.00 -0.00 0.00 0.00 -0.00 0.00 0.00 -0.00 0.00 0.00 -0.00 0.00 0.00 -0.00 0.00 0.00 -0.00 0.00 0.00 -0.00 0.00 0.00 -0.00 0.00 0.00 -0.00 0.00 0.00 -0.00 0.00 0.00 -0.00 0.00 0.00 -0.00 0.00 0.00 -0.00 0.00 0.00 -0.00 0.00 0.00 -0.00 0.00 0.00 -0.00 0.00 0.00 -0.00 0.00 0.00 -0.00 0.00 0.00 -0.00 0.00 0.00 -0.00 0.00 0.00 -0.00 0.00 0.00 -0.00 0.00 0.00 -0.00 0.00 0.00 -0.00 0.00 0.00 -0.00 0.00 0.00 -0.00 0.00 0.00 -0.00 0.00 0.00 -0.00 0.00 0.00 -0.00 0.00 0.00 -0.00 0.00 0.00 -0.00 0.00 0.00 -0.00 0.00 0.00 -0.00 0.00 0.00 -0.00 0.00 0.00 -0.00 0.00 0.00 -0.00 0.00 0.00 -0.00 0.00 0.00 -0.00 0.00 0.00 -0.00 0.00 0.00 -0.00 0.00 0.00 -0.00 0.00 94.39 0.18 -156.33 0.01 -25.00 0.03 -11.23 0.58 43.47 -20.47 30.26 42.41 0.00 0.00 -0.00 -0.00 -0.00 -90.00 0.00 0.00 -100.00 -0.00 0.00 -80.00 0.00 0.00 -0.00 -0.00 -0.00 -90.00 0.00 0.00 -100.00 -0.00 0.00 -80.00 0.00 0.00 -0.00 -0.00 -0.00 -90.00 0.00 0.00 -100.00 -0.00 0.00 -80.00 0.00 0.00 -0.00 4.00 0.01 -0.08 -0.00 0.11 -1.57 -0.00 0.05 -0.77
-0.0000 0.0157 0.0000 0.00 -0.00 0.00 0.00 -0.00 0.00 0.00 -0.00 0.00 0.00 -0.00 0.00 0.00 -0.00 0.00 0.00 -0.00 0.00 0.00 -0.00 0.00 0.00 -0.00 0.00 0.00 -0.00 0.00 0.00 -0.00 0.00 0.00 -0.00 0.00 0.00 -0.00 0.00 0.00 -0.00 0.00 0.00 -0.00 0.00 0.00 -0.00 0.00 0.00 -0.00 0.00 0.00 -0.00 0.00 0.00 -0.00 0.00 0.00 -0.00 0.00 0.00 -0.00 0.00 0.00 -0.00 0.00 0.00 -0.00 0.00 0.00 -0.00 0.00 0.00 -0.00 0.00 0.00 -0.00 0.00 0.00 -0.00 0.00 0.00 -0.00 0.00 0.00 -0.00 0.00 0.00 -0.00 0.00 0.00 -0.00 0.00 0.00 -0.00 0.00 0.00 -0.00 0.00 0.00 -0.00 0.00 0.00 -0.00 0.00 0.00 -0.00 0.00 0.00 -0.00 0.00 0.00 -0.00 0.00 0.00 -0.00 0.00 0.00 -0.00 0.00 0.00 -0.00 0.00 0.00 -0.00 0.00 94.39 0.18 -156.33 0.01 -25.00 0.03 -11.23 0.58 43.47 -20.47 30.26 42.41 0.00 0.00 -0.00 -0.00 -0.00 -90.00 0.00 0.00 -100.00 -0.00 0.00 -80.00 0.00 0.00 -0.00 -0.00 -0.00 -90.00 0.00 0.00 -100.00 -0.00 0.00 -80.00 0.00 0.00 -0.00 -0.00 -0.00 -90.00 0.00 0.00 -100.00 -0.00 0.00 -80.00 0.00 0.00 -0.00 4.00 0.01 -0.08 -0.00 0.11 -1.57 -0.00 0.05 -0.77
-0.0000 0.0154 0.0000 0.00 -0.00 0.00 0.00 -0.00 0.00 0.00 -0.00 0.00 0.00 -0.00 0.00 0.00 -0.00 0.00 0.00 -0.00 0.00 0.00 -0.00 0.00 0.00 -0.00 0.00 0.00 -0.00 0.00 0.00 -0.00 0.00 0.00 -0.00 0.00 0.00 -0.00 0.00 0.00 -0.00 0.00 0.00 -0.00 0.00 0.00 -0.00 0.00 0.00 -0.00 0.00 0.00 -0.00 0.00 0.00 -0.00 0.00 0.00 -0.00 0.00 0.00 -0.00 0.00 0.00 -0.00 0.00 0.00 -0.00 0.00 0.00 -0.00 0.00 0.00 -0.00 0.00 0.00 -0.00 0.00 0.00 -0.00 0.00 0.00 -0.00 0.00 0.00 -0.00 0.00 0.00 -0.00 0.00 0.00 -0.00 0.00 0.00 -0.00 0.00 0.00 -0.00 0.00 0.00 -0.00 0.00 0.00 -0.00 0.00 0.00 -0.00 0.00 0.00 -0.00 0.00 0.00 -0.00 0.00 0.00 -0.00 0.00 0.00 -0.00 0.00 0.00 -0.00 0.00 0.00 -0.00 0.00 94.39 0.18 -156.33 0.01 -25.00 0.03 -11.23 0.58 43.47 -20.47 30.26 42.41 0.00 0.00 -0.00 -0.00 -0.00 -90.00 0.00 0.00 -100.00 -0.00 0.00 -80.00 0.00 0.00 -0.00 -0.00 -0.00 -90.00 0.00 0.00 -100.00 -0.00 0.00 -80.00 0.00 0.00 -0.00 -0.00 -0.00 -90.00 0.00 0.00 -100.00 -0.00 0.00 -80.00 0.00 0.00 -0.00 4.00 0.01 -0.08 -0.00 0.11 -1.57 -0.00 0.05 -0.77
-0.0000 0.0158 0.0000 0.00 -0.00 0.00 0.00 -0.00 0.00 0.00 -0.00 0.00 0.00 -0.00 0.00 0.00 -0.00 0.00 0.00 -0.00 0.00 0.00 -0.00 0.00 0.00 -0.00 0.00 0.00 -0.00 0.00 0.00 -0.00 0.00 0.00 -0.00 0.00 0.00 -0.00 0.00 0.00 -0.00 0.00 0.00 -0.00 0.00 0.00 -0.00 0.00 0.00 -0.00 0.00 0.00 -0.00 0.00 0.00 -0.00 0.00 0.00 -0.00 0.00 0.00 -0.00 0.00 0.00 -0.00 0.00 0.00 -0.00 0.00 0.00 -0.00 0.00 0.00 -0.00 0.00 0.00 -0.00 0.00 0.00 -0.00 0.00 0.00 -0.00 0.00 0.00 -0.00 0.00 0.00 -0.00 0.00 0.00 -0.00 0.00 0.00 -0.00 0.00 0.00 -0.00 0.00 0.00 -0.00 0.00 0.00 -0.00 0.00 0.00 -0.00 0.00 0.00 -0.00 0.00 0.00 -0.00 0.00 0.00 -0.00 0.00 0.00 -0.00 0.00 0.00 -0.00 0.00 0.00 -0.00 0.00 94.39 0.18 -156.33 0.01 -25.00 0.03 -11.23 0.58 43.47 -20.47 30.26 42.41 0.00 0.00 -0.00 -0.00 -0.00 -90.00 0.00 0.00 -100.00 -0.00 0.00 -80.00 0.00 0.00 -0.00 -0.00 -0.00 -90.00 0.00 0.00 -100.00 -0.00 0.00 -80.00 0.00 0.00 -0.00 -0.00 -0.00 -90.00 0.00 0.00 -100.00 -0.00 0.00 -80.00 0.00 0.00 -0.00 4.00 0.01 -0.08 -0.00 0.11 -1.57 -0.00 0.05 -0.77
-0.0000 0.0161 0.0000 0.00 -0.00 0.00 0.00 -0.00 0.00 0.00 -0.00 0.00 0.00 -0.00 0.00 0.00 -0.00 0.00 0.00 -0.00 0.00 0.00 -0.00 0.00 0.00 -0.00 0.00 0.00 -0.00 0.00 0.00 -0.00 0.00 0.00 -0.00 0.00 0.00 -0.00 0.00 0.00 -0.00 0.00 0.00 -0.00 0.00 0.00 -0.00 0.00 0.00 -0.00 0.00 0.00 -0.00 0.00 0.00 -0.00 0.00 0.00 -0.00 0.00 0.00 -0.00 0.00 0.00 -0.00 0.00 0.00 -0.00 0.00 0.00 -0.00 0.00 0.00 -0.00 0.00 0.00 -0.00 0.00 0.00 -0.00 0.00 0.00 -0.00 0.00 0.00 -0.00 0.00 0.00 -0.00 0.00 0.00 -0.00 0.00 0.00 -0.00 0.00 0.00 -0.00 0.00 0.00 -0.00 0.00 0.00 -0.00 0.00 0.00 -0.00 0.00 0.00 -0.00 0.00 0.00 -0.00 0.00 0.00 -0.00 0.00 0.00 -0.00 0.00 0.00 -0.00 0.00 0.00 -0.00 0.00 94.39 0.18 -156.33 0.01 -25.00 0.03 -11.23 0.58 43.47 -20.47 30.26 42.41 0.00 0.00 -0.00 -0.00 -0.00 -90.00 0.00 0.00 -100.00 -0.00 0.00 -80.00 0.00 0.00 -0.00 -0.00 -0.00 -90.00 0.00 0.00 -100.00 -0.00 0.00 -80.00 0.00 0.00 -0.00 -0.00 -0.00 -90.00 0.00 0.00 -100.00 -0.00 0.00 -80.00 0.00 0.00 -0.00 4.00 0.01 -0.08 -0.00 0.11 -1.57 -0.00 0.05 -0.77
-0.0000 0.0152 0.0000 0.00 -0.00 0.00 0.00 -0.00 0.00 0.00 -0.00 0.00 0.00 -0.00 0.00 0.00 -0.00 0.00 0.00 -0.00 0.00 0.00 -0.00 0.00 0.00 -0.00 0.00 0.00 -0.00 0.00 0.00 -0.00 0.00 0.00 -0.00 0.00 0.00 -0.00 0.00 0.00 -0.00 0.00 0.00 -0.00 0.00 0.00 -0.00 0.00 0.00 -0.00 0.00 0.00 -0.00 0.00 0.00 -0.00 0.00 0.00 -0.00 0.00 0.00 -0.00 0.00 0.00 -0.00 0.00 0.00 -0.00 0.00 0.00 -0.00 0.00 0.00 -0.00 0.00 0.00 -0.00 0.00 0.00 -0.00 0.00 0.00 -0.00 0.00 0.00 -0.00 0.00 0.00 -0.00 0.00 0.00 -0.00 0.00 0.00 -0.00 0.00 0.00 -0.00 0.00 0.00 -0.00 0.00 0.00 -0.00 0.00 0.00 -0.00 0.00 0.00 -0.00 0.00 0.00 -0.00 0.00 0.00 -0.00 0.00 0.00 -0.00 0.00 0.00 -0.00 0.00 0.00 -0.00 0.00 94.39 0.18 -156.33 0.01 -25.00 0.03 -11.23 0.58 43.47 -20.47 30.26 42.41 0.00 0.00 -0.00 -0.00 -0.00 -90.00 0.00 0.00 -100.00 -0.00 0.00 -80.00 0.00 0.00 -0.00 -0.00 -0.00 -90.00 0.00 0.00 -100.00 -0.00 0.00 -80.00 0.00 0.00 -0.00 -0.00 -0.00 -90.00 0.00 0.00 -100.00 -0.00 0.00 -80.00 0.00 0.00 -0.00 4.00 0.01 -0.08 -0.00 0.11 -1.57 -0.00 0.05 -0.77
-0.0000 0.0155 0.0000 0.00 -0.00 0.00 0.00 -0.00 0.00 0.00 -0.00 0.00 0.00 -0.00 0.00 0.00 -0.00 0.00 0.00 -0.00 0.00 0.00 -0.00 0.00 0.00 -0.00 0.00 0.00 -0.00 0.00 0.00 -0.00 0.00 0.00 -0.00 0.00 0.00 -0.00 0.00 0.00 -0.00 0.00 0.00 -0.00 0.00 0.00 -0.00 0.00 0.00 -0.00 0.00 0.00 -0.00 0.00 0.00 -0.00 0.00 0.00 -0.00 0.00 0.00 -0.00 0.00 0.00 -0.00 0.00 0.00 -0.00 0.00 0.00 -0.00 0.00 0.00 -0.00 0.00 0.00 -0.00 0.00 0.00 -0.00 0.00 0.00 -0.00 0.00 0.00 -0.00 0.00 0.00 -0.00 0.00 0.00 -0.00 0.00 0.00 -0.00 0.00 0.00 -0.00 0.00 0.00 -0.00 0.00 0.00 -0.00 0.00 0.00 -0.00 0.00 0.00 -0.00 0.00 0.00 -0.00 0.00 0.00 -0.00 0.00 0.00 -0.00 0.00 0.00 -0.00 0.00 0.00 -0.00 0.00 94.39 0.18 -156.33 0.01 -25.00 0.03 -11.23 0.58 43.47 -20.47 30.26 42.41 0.00 0.00 -0.00 -0.00 -0.00 -90.00 0.00 0.00 -100.00 -0.00 0.00 -80.00 0.00 0.00 -0.00 -0.00 -0.00 -90.00 0.00 0.00 -100.00 -0.00 0.00 -80.00 0.00 0.00 -0.00 -0.00 -0.00 -90.00 0.00 0.00 -100.00 -0.00 0.00 -80.00 0.00 0.00 -0.00 4.00 0.01 -0.08 -0.00 0.11 -1.57 -0.00 0.05 -0.77
-0.0000 0.0162 0.0000 0.00 -0.00 0.00 0.00 -0.00 0.00 0.00 -0.00 0.00 0.00 -0.00 0.00 0.00 -0.00 0.00 0.00 -0.00 0.00 0.00 -0.00 0.00 0.00 -0.00 0.00 0.00 -0.00 0.00 0.00 -0.00 0.00 0.00 -0.00 0.00 0.00 -0.00 0.00 0.00 -0.00 0.00 0.00 -0.00 0.00 0.00 -0.00 0.00 0.00 -0.00 0.00 0.00 -0.00 0.00 0.00 -0.00 0.00 0.00 -0.00 0.00 0.00 -0.00 0.00 0.00 -0.00 0.00 0.00 -0.00 0.00 0.00 -0.00 0.00 0.00 -0.00 0.00 0.00 -0.00 0.00 0.00 -0.00 0.00 0.00 -0.00 0.00 0.00 -0.00 0.00 0.00 -0.00 0.00 0.00 -0.00 0.00 0.00 -0.00 0.00 0.00 -0.00 0.00 0.00 -0.00 0.00 0.00 -0.00 0.00 0.00 -0.00 0.00 0.00 -0.00 0.00 0.00 -0.00 0.00 0.00 -0.00 0.00 0.00 -0.00 0.00 0.00 -0.00 0.00 0.00 -0.00 0.00 94.39 0.18 -156.33 0.01 -25.00 0.03 -11.23 0.58 43.47 -20.47 30.26 42.41 0.00 0.00 -0.00 -0.00 -0.00 -90.00 0.00 0.00 -100.00 -0.00 0.00 -80.00 0.00 0.00 -0.00 -0.00 -0.00 -90.00 0.00 0.00 -100.00 -0.00 0.00 -80.00 0.00 0.00 -0.00 -0.00 -0.00 -90.00 0.00 0.00 -100.00 -0.00 0.00 -80.00 0.00 0.00 -0.00 4.00 0.01 -0.08 -0.00 0.11 -1.57 -0.00 0.05 -0.77
-0.0000 0.0160 0.0000 0.00 -0.00 0.00 0.00 -0.00 0.00 0.00 -0.00 0.00 0.00 -0.00 0.00 0.00 -0.00 0.00 0.00 -0.00 0.00 0.00 -0.00 0.00 0.00 -0.00 0.00 0.00 -0.00 0.00 0.00 -0.00 0.00 0.00 -0.00 0.00 0.00 -0.00 0.00 0.00 -0.00 0.00 0.00 -0.00 0.00 0.00 -0.00 0.00 0.00 -0.00 0.00 0.00 -0.00 0.00 0.00 -0.00 0.00 0.00 -0.00 0.00 0.00 -0.00 0.00 0.00 -0.00 0.00 0.00 -0.00 0.00 0.00 -0.00 0.00 0.00 -0.00 0.00 0.00 -0.00 0.00 0.00 -0.00 0.00 0.00 -0.00 0.00 0.00 -0.00 0.00 0.00 -0.00 0.00 0.00 -0.00 0.00 0.00 -0.00 0.00 0.00 -0.00 0.00 0.00 -0.00 0.00 0.00 -0.00 0.00 0.00 -0.00 0.00 0.00 -0.00 0.00 0.00 -0.00 0.00 0.00 -0.00 0.00 0.00 -0.00 0.00 0.00 -0.00 0.00 0.00 -0.00 0.00 94.39 0.18 -156.33 0.01 -25.00 0.03 -11.23 0.58 43.47 -20.47 30.26 42.41 0.00 0.00 -0.00 -0.00 -0.00 -90.00 0.00 0.00 -100.00 -0.00 0.00 -80.00 0.00 0.00 -0.00 -0.00 -0.00 -90.00 0.00 0.00 -100.00 -0.00 0.00 -80.00 0.00 0.00 -0.00 -0.00 -0.00 -90.00 0.00 0.00 -100.00 -0.00 0.00 -80.00 0.00 0.00 -0.00 4.00 0.01 -0.08 -0.00 0.11 -1.57 -0.00 0.05 -0.77
-0.0000 0.0157 0.0000 0.00 -0.00 0.00 0.00 -0.00 0.00 0.00 -0.00 0.00 0.00 -0.00 0.00 0.00 -0.00 0.00 0.00 -0.00 0.00 0.00 -0.00 0.00 0.00 -0.00 0.00 0.00 -0.00 0.00 0.00 -0.00 0.00 0.00 -0.00 0.00 0.00 -0.00 0.00 0.00 -0.00 0.00 0.00 -0.00 0.00 0.00 -0.00 0.00 0.00 -0.00 0.00 0.00 -0.00 0.00 0.00 -0.00 0.00 0.00 -0.00 0.00 0.00 -0.00 0.00 0.00 -0.00 0.00 0.00 -0.00 0.00 0.00 -0.00 0.00 0.00 -0.00 0.00 0.00 -0.00 0.00 0.00 -0.00 0.00 0.00 -0.00 0.00 0.00 -0.00 0.00 0.00 -0.00 0.00 0.00 -0.00 0.00 0.00 -0.00 0.00 0.00 -0.00 0.00 0.00 -0.00 0.00 0.00 -0.00 0.00 0.00 -0.00 0.00 0.00 -0.00 0.00 0.00 -0.00 0.00 0.00 -0.00 0.00 0.00 -0.00 0.00 0.00 -0.00 0.00 0.00 -0.00 0.00 94.39 0.18 -156.33 0.01 -25.00 0.03 -11.23 0.58 43.47 -20.47 30.26 42.41 0.00 0.00 -0.00 -0.00 -0.00 -90.00 0.00 0.00 -100.00 -0.00 0.00 -80.00 0.00 0.00 -0.00 -0.00 -0.00 -90.00 0.00 0.00 -100.00 -0.00 0.00 -80.00 0.00 0.00 -0.00 -0.00 -0.00 -90.00 0.00 0.00 -100.00 -0.00 0.00 -80.00 0.00 0.00 -0.00 4.00 0.01 -0.08 -0.00 0.11 -1.57 -0.00 0.05 -0.77
-0.0000 0.0162 0.0000 0.00 -0.00 0.00 0.00 -0.00 0.00 0.00 -0.00 0.00 0.00 -0.00 0.00 0.00 -0.00 0.00 0.00 -0.00 0.00 0.00 -0.00 0.00 0.00 -0.00 0.00 0.00 -0.00 0.00 0.00 -0.00 0.00 0.00 -0.00 0.00 0.00 -0.00 0.00 0.00 -0.00 0.00 0.00 -0.00 0.00 0.00 -0.00 0.00 0.00 -0.00 0.00 0.00 -0.00 0.00 0.00 -0.00 0.00 0.00 -0.00 0.00 0.00 -0.00 0.00 0.00 -0.00 0.00 0.00 -0.00 0.00 0.00 -0.00 0.00 0.00 -0.00 0.00 0.00 -0.00 0.00 0.00 -0.00 0.00 0.00 -0.00 0.00 0.00 -0.00 0.00 0.00 -0.00 0.00 0.00 -0.00 0.00 0.00 -0.00 0.00 0.00 -0.00 0.00 0.00 -0.00 0.00 0.00 -0.00 0.00 0.00 -0.00 0.00 0.00 -0.00 0.00 0.00 -0.00 0.00 0.00 -0.00 0.00 0.00 -0.00 0.00 0.00 -0.00 0.00 0.00 -0.00 0.00 94.39 0.18 -156.33 0.01 -25.00 0.03 -11.23 0.58 43.47 -20.47 30.26 42.41 0.00 0.00 -0.00 -0.00 -0.00 -90.00 0.00 0.00 -100.00 -0.00 0.00 -80.00 0.00 0.00 -0.00 -0.00 -0.00 -90.00 0.00 0.00 -100.00 -0.00 0.00 -80.00 0.00 0.00 -0.00 -0.00 -0.00 -90.00 0.00 0.00 -100.00 -0.00 0.00 -80.00 0.00 0.00 -0.00 4.00 0.01 -0.08 -0.00 0.11 -1.57 -0.00 0.05 -0.77
-0.0000 0.0161 0.0000 0.00 -0.00 0.00 0.00 -0.00 0.00 0.00 -0.00 0.00 0.00 -0.00 0.00 0.00 -0.00 0.00 0.00 -0.00 0.00 0.00 -0.00 0.00 0.00 -0.00 0.00 0.00 -0.00 0.00 0.00 -0.00 0.00 0.00 -0.00 0.00 0.00 -0.00 0.00 0.00 -0.00 0.00 0.00 -0.00 0.00 0.00 -0.00 0.00 0.00 -0.00 0.00 0.00 -0.00 0.00 0.00 -0.00 0.00 0.00 -0.00 0.00 0.00 -0.00 0.00 0.00 -0.00 0.00 0.00 -0.00 0.00 0.00 -0.00 0.00 0.00 -0.00 0.00 0.00 -0.00 0.00 0.00 -0.00 0.00 0.00 -0.00 0.00 0.00 -0.00 0.00 0.00 -0.00 0.00 0.00 -0.00 0.00 0.00 -0.00 0.00 0.00 -0.00 0.00 0.00 -0.00 0.00 0.00 -0.00 0.00 0.00 -0.00 0.00 0.00 -0.00 0.00 0.00 -0.00 0.00 0.00 -0.00 0.00 0.00 -0.00 0.00 0.00 -0.00 0.00 0.00 -0.00 0.00 94.39 0.18 -156.33 0.01 -25.00 0.03 -11.23 0.58 43.47 -20.47 30.26 42.41 0.00 0.00 -0.00 -0.00 -0.00 -90.00 0.00 0.00 -100.00 -0.00 0.00 -80.00 0.00 0.00 -0.00 -0.00 -0.00 -90.00 0.00 0.00 -100.00 -0.00 0.00 -80.00 0.00 0.00 -0.00 -0.00 -0.00 -90.00 0.00 0.00 -100.00 -0.00 0.00 -80.00 0.00 0.00 -0.00 4.00 0.01 -0.08 -0.00 0.11 -1.57 -0.00 0.05 -0.77
-0.0000 0.0167 0.0000 0.00 -0.00 0.00 0.00 -0.00 0.00 0.00 -0.00 0.00 0.00 -0.00 0.00 0.00 -0.00 0.00 0.00 -0.00 0.00 0.00 -0.00 0.00 0.00 -0.00 0.00 0.00 -0.00 0.00 0.00 -0.00 0.00 0.00 -0.00 0.00 0.00 -0.00 0.00 0.00 -0.00 0.00 0.00 -0.00 0.00 0.00 -0.00 0.00 0.00 -0.00 0.00 0.00 -0.00 0.00 0.00 -0.00 0.00 0.00 -0.00 0.00 0.00 -0.00 0.00 0.00 -0.00 0.00 0.00 -0.00 0.00 0.00 -0.00 0.00 0.00 -0.00 0.00 0.00 -0.00 0.00 0.00 -0.00 0.00 0.00 -0.00 0.00 0.00 -0.00 0.00 0.00 -0.00 0.00 0.00 -0.00 0.00 0.00 -0.00 0.00 0.00 -0.00 0.00 0.00 -0.00 0.00 0.00 -0.00 0.00 0.00 -0.00 0.00 0.00 -0.00 0.00 0.00 -0.00 0.00 0.00 -0.00 0.00 0.00 -0.00 0.00 0.00 -0.00 0.00 0.00 -0.00 0.00 94.39 0.18 -156.33 0.01 -25.00 0.03 -11.23 0.58 43.47 -20.47 30.26 42.41 0.00 0.00 -0.00 -0.00 -0.00 -90.00 0.00 0.00 -100.00 -0.00 0.00 -80.00 0.00 0.00 -0.00 -0.00 -0.00 -90.00 0.00 0.00 -100.00 -0.00 0.00 -80.00 0.00 0.00 -0.00 -0.00 -0.00 -90.00 0.00 0.00 -100.00 -0.00 0.00 -80.00 0.00 0.00 -0.00 4.00 0.01 -0.08 -0.00 0.11 -1.57 -0.00 0.05 -0.77
-0.0000 0.0171 0.0000 0.00 -0.00 0.00 0.00 -0.00 0.00 0.00 -0.00 0.00 0.00 -0.00 0.00 0.00 -0.00 0.00 0.00 -0.00 0.00 0.00 -0.00 0.00 0.00 -0.00 0.00 0.00 -0.00 0.00 0.00 -0.00 0.00 0.00 -0.00 0.00 0.00 -0.00 0.00 0.00 -0.00 0.00 0.00 -0.00 0.00 0.00 -0.00 0.00 0.00 -0.00 0.00 0.00 -0.00 0.00 0.00 -0.00 0.00 0.00 -0.00 0.00 0.00 -0.00 0.00 0.00 -0.00 0.00 0.00 -0.00 0.00 0.00 -0.00 0.00 0.00 -0.00 0.00 0.00 -0.00 0.00 0.00 -0.00 0.00 0.00 -0.00 0.00 0.00 -0.00 0.00 0.00 -0.00 0.00 0.00 -0.00 0.00 0.00 -0.00 0.00 0.00 -0.00 0.00 0.00 -0.00 0.00 0.00 -0.00 0.00 0.00 -0.00 0.00 0.00 -0.00 0.00 0.00 -0.00 0.00 0.00 -0.00 0.00 0.00 -0.00 0.00 0.00 -0.00 0.00 0.00 -0.00 0.00 94.39 0.18 -156.33 0.01 -25.00 0.03 -11.23 0.58 43.47 -20.47 30.26 42.41 0.00 0.00 -0.00 -0.00 -0.00 -90.00 0.00 0.00 -100.00 -0.00 0.00 -80.00 0.00 0.00 -0.00 -0.00 -0.00 -90.00 0.00 0.00 -100.00 -0.00 0.00 -80.00 0.00 0.00 -0.00 -0.00 -0.00 -90.00 0.00 0.00 -100.00 -0.00 0.00 -80.00 0.00 0.00 -0.00 4.00 0.01 -0.08 -0.00 0.11 -1.57 -0.00 0.05 -0.77
-0.0000 0.0167 0.0000 0.00 -0.00 0.00 0.00 -0.00 0.00 0.00 -0.00 0.00 0.00 -0.00 0.00 0.00 -0.00 0.00 0.00 -0.00 0.00 0.00 -0.00 0.00 0.00 -0.00 0.00 0.00 -0.00 0.00 0.00 -0.00 0.00 0.00 -0.00 0.00 0.00 -0.00 0.00 0.00 -0.00 0.00 0.00 -0.00 0.00 0.00 -0.00 0.00 0.00 -0.00 0.00 0.00 -0.00 0.00 0.00 -0.00 0.00 0.00 -0.00 0.00 0.00 -0.00 0.00 0.00 -0.00 0.00 0.00 -0.00 0.00 0.00 -0.00 0.00 0.00 -0.00 0.00 0.00 -0.00 0.00 0.00 -0.00 0.00 0.00 -0.00 0.00 0.00 -0.00 0.00 0.00 -0.00 0.00 0.00 -0.00 0.00 0.00 -0.00 0.00 0.00 -0.00 0.00 0.00 -0.00 0.00 0.00 -0.00 0.00 0.00 -0.00 0.00 0.00 -0.00 0.00 0.00 -0.00 0.00 0.00 -0.00 0.00 0.00 -0.00 0.00 0.00 -0.00 0.00 0.00 -0.00 0.00 94.39 0.18 -156.33 0.01 -25.00 0.03 -11.23 0.58 43.47 -20.47 30.26 42.41 0.00 0.00 -0.00 -0.00 -0.00 -90.00 0.00 0.00 -100.00 -0.00 0.00 -80.00 0.00 0.00 -0.00 -0.00 -0.00 -90.00 0.00 0.00 -100.00 -0.00 0.00 -80.00 0.00 0.00 -0.00 -0.00 -0.00 -90.00 0.00 0.00 -100.00 -0.00 0.00 -80.00 0.00 0.00 -0.00 4.00 0.01 -0.08 -0.00 0.11 -1.57 -0.00 0.05 -0.77
-0.0000 0.0170 0.0000 0.00 -0.00 0.00 0.00 -0.00 0.00 0.00 -0.00 0.00 0.00 -0.00 0.00 0.00 -0.00 0.00 0.00 -0.00 0.00 0.00 -0.00 0.00 0.00 -0.00 0.00 0.00 -0.00 0.00 0.00 -0.00 0.00 0.00 -0.00 0.00 0.00 -0.00 0.00 0.00 -0.00 0.00 0.00 -0.00 0.00 0.00 -0.00 0.00 0.00 -0.00 0.00 0.00 -0.00 0.00 0.00 -0.00 0.00 0.00 -0.00 0.00 0.00 -0.00 0.00 0.00 -0.00 0.00 0.00 -0.00 0.00 0.00 -0.00 0.00 0.00 -0.00 0.00 0.00 -0.00 0.00 0.00 -0.00 0.00 0.00 -0.00 0.00 0.00 -0.00 0.00 0.00 -0.00 0.00 0.00 -0.00 0.00 0.00 -0.00 0.00 0.00 -0.00 0.00 0.00 -0.00 0.00 0.00 -0.00 0.00 0.00 -0.00 0.00 0.00 -0.00 0.00 0.00 -0.00 0.00 0.00 -0.00 0.00 0.00 -0.00 0.00 0.00 -0.00 0.00 0.00 -0.00 0.00 94.39 0.18 -156.33 0.01 -25.00 0.03 -11.23 0.58 43.47 -20.47 30.26 42.41 0.00 0.00 -0.00 -0.00 -0.00 -90.00 0.00 0.00 -100.00 -0.00 0.00 -80.00 0.00 0.00 -0.00 -0.00 -0.00 -90.00 0.00 0.00 -100.00 -0.00 0.00 -80.00 0.00 0.00 -0.00 -0.00 -0.00 -90.00 0.00 0.00 -100.00 -0.00 0.00 -80.00 0.00 0.00 -0.00 4.00 0.01 -0.08 -0.00 0.11 -1.57 -0.00 0.05 -0.77
-0.0000 0.0173 0.0000 0.00 -0.00 0.00 0.00 -0.00 0.00 0.00 -0.00 0.00 0.00 -0.00 0.00 0.00 -0.00 0.00 0.00 -0.00 0.00 0.00 -0.00 0.00 0.00 -0.00 0.00 0.00 -0.00 0.00 0.00 -0.00 0.00 0.00 -0.00 0.00 0.00 -0.00 0.00 0.00 -0.00 0.00 0.00 -0.00 0.00 0.00 -0.00 0.00 0.00 -0.00 0.00 0.00 -0.00 0.00 0.00 -0.00 0.00 0.00 -0.00 0.00 0.00 -0.00 0.00 0.00 -0.00 0.00 0.00 -0.00 0.00 0.00 -0.00 0.00 0.00 -0.00 0.00 0.00 -0.00 0.00 0.00 -0.00 0.00 0.00 -0.00 0.00 0.00 -0.00 0.00 0.00 -0.00 0.00 0.00 -0.00 0.00 0.00 -0.00 0.00 0.00 -0.00 0.00 0.00 -0.00 0.00 0.00 -0.00 0.00 0.00 -0.00 0.00 0.00 -0.00 0.00 0.00 -0.00 0.00 0.00 -0.00 0.00 0.00 -0.00 0.00 0.00 -0.00 0.00 0.00 -0.00 0.00 94.39 0.18 -156.33 0.01 -25.00 0.03 -11.23 0.58 43.47 -20.47 30.26 42.41 0.00 0.00 -0.00 -0.00 -0.00 -90.00 0.00 0.00 -100.00 -0.00 0.00 -80.00 0.00 0.00 -0.00 -0.00 -0.00 -90.00 0.00 0.00 -100.00 -0.00 0.00 -80.00 0.00 0.00 -0.00 -0.00 -0.00 -90.00 0.00 0.00 -100.00 -0.00 0.00 -80.00 0.00 0.00 -0.00 4.00 0.01 -0.08 -0.00 0.11 -1.57 -0.00 0.05 -0.77
-0.0000 0.0173 0.0000 0.00 -0.00 0.00 0.00 -0.00 0.00 0.00 -0.00 0.00 0.00 -0.00 0.00 0.00 -0.00 0.00 0.00 -0.00 0.00 0.00 -0.00 0.00 0.00 -0.00 0.00 0.00 -0.00 0.00 0.00 -0.00 0.00 0.00 -0.00 0.00 0.00 -0.00 0.00 0.00 -0.00 0.00 0.00 -0.00 0.00 0.00 -0.00 0.00 0.00 -0.00 0.00 0.00 -0.00 0.00 0.00 -0.00 0.00 0.00 -0.00 0.00 0.00 -0.00 0.00 0.00 -0.00 0.00 0.00 -0.00 0.00 0.00 -0.00 0.00 0.00 -0.00 0.00 0.00 -0.00 0.00 0.00 -0.00 0.00 0.00 -0.00 0.00 0.00 -0.00 0.00 0.00 -0.00 0.00 0.00 -0.00 0.00 0.00 -0.00 0.00 0.00 -0.00 0.00 0.00 -0.00 0.00 0.00 -0.00 0.00 0.00 -0.00 0.00 0.00 -0.00 0.00 0.00 -0.00 0.00 0.00 -0.00 0.00 0.00 -0.00 0.00 0.00 -0.00 0.00 0.00 -0.00 0.00 94.39 0.18 -156.33 0.01 -25.00 0.03 -11.23 0.58 43.47 -20.47 30.26 42.41 0.00 0.00 -0.00 -0.00 -0.00 -90.00 0.00 0.00 -100.00 -0.00 0.00 -80.00 0.00 0.00 -0.00 -0.00 -0.00 -90.00 0.00 0.00 -100.00 -0.00 0.00 -80.00 0.00 0.00 -0.00 -0.00 -0.00 -90.00 0.00 0.00 -100.00 -0.00 0.00 -80.00 0.00 0.00 -0.00 4.00 0.01 -0.08 -0.00 0.11 -1.57 -0.00 0.05 -0.77
-0.0000 0.0173 0.0000 0.00 -0.00 0.00 0.00 -0.00 0.00 0.00 -0.00 0.00 0.00 -0.00 0.00 0.00 -0.00 0.00 0.00 -0.00 0.00 0.00 -0.00 0.00 0.00 -0.00 0.00 0.00 -0.00 0.00 0.00 -0.00 0.00 0.00 -0.00 0.00 0.00 -0.00 0.00 0.00 -0.00 0.00 0.00 -0.00 0.00 0.00 -0.00 0.00 0.00 -0.00 0.00 0.00 -0.00 0.00 0.00 -0.00 0.00 0.00 -0.00 0.00 0.00 -0.00 0.00 0.00 -0.00 0.00 0.00 -0.00 0.00 0.00 -0.00 0.00 0.00 -0.00 0.00 0.00 -0.00 0.00 0.00 -0.00 0.00 0.00 -0.00 0.00 0.00 -0.00 0.00 0.00 -0.00 0.00 0.00 -0.00 0.00 0.00 -0.00 0.00 0.00 -0.00 0.00 0.00 -0.00 0.00 0.00 -0.00 0.00 0.00 -0.00 0.00 0.00 -0.00 0.00 0.00 -0.00 0.00 0.00 -0.00 0.00 0.00 -0.00 0.00 0.00 -0.00 0.00 0.00 -0.00 0.00 94.39 0.18 -156.33 0.01 -25.00 0.03 -11.23 0.58 43.47 -20.47 30.26 42.41 0.00 0.00 -0.00 -0.00 -0.00 -90.00 0.00 0.00 -100.00 -0.00 0.00 -80.00 0.00 0.00 -0.00 -0.00 -0.00 -90.00 0.00 0.00 -100.00 -0.00 0.00 -80.00 0.00 0.00 -0.00 -0.00 -0.00 -90.00 0.00 0.00 -100.00 -0.00 0.00 -80.00 0.00 0.00 -0.00 4.00 0.01 -0.08 -0.00 0.11 -1.57 -0.00 0.05 -0.77
-0.0000 0.0183 0.0000 0.00 -0.00 0.00 0.00 -0.00 0.00 0.00 -0.00 0.00 0.00 -0.00 0.00 0.00 -0.00 0.00 0.00 -0.00 0.00 0.00 -0.00 0.00 0.00 -0.00 0.00 0.00 -0.00 0.00 0.00 -0.00 0.00 0.00 -0.00 0.00 0.00 -0.00 0.00 0.00 -0.00 0.00 0.00 -0.00 0.00 0.00 -0.00 0.00 0.00 -0.00 0.00 0.00 -0.00 0.00 0.00 -0.00 0.00 0.00 -0.00 0.00 0.00 -0.00 0.00 0.00 -0.00 0.00 0.00 -0.00 0.00 0.00 -0.00 0.00 0.00 -0.00 0.00 0.00 -0.00 0.00 0.00 -0.00 0.00 0.00 -0.00 0.00 0.00 -0.00 0.00 0.00 -0.00 0.00 0.00 -0.00 0.00 0.00 -0.00 0.00 0.00 -0.00 0.00 0.00 -0.00 0.00 0.00 -0.00 0.00 0.00 -0.00 0.00 0.00 -0.00 0.00 0.00 -0.00 0.00 0.00 -0.00 0.00 0.00 -0.00 0.00 0.00 -0.00 0.00 0.00 -0.00 0.00 94.39 0.18 -156.33 0.01 -25.00 0.03 -11.23 0.58 43.47 -20.47 30.26 42.41 0.00 0.00 -0.00 -0.00 -0.00 -90.00 0.00 0.00 -100.00 -0.00 0.00 -80.00 0.00 0.00 -0.00 -0.00 -0.00 -90.00 0.00 0.00 -100.00 -0.00 0.00 -80.00 0.00 0.00 -0.00 -0.00 -0.00 -90.00 0.00 0.00 -100.00 -0.00 0.00 -80.00 0.00 0.00 -0.00 4.00 0.01 -0.08 -0.00 0.11 -1.57 -0.00 0.05 -0.77
-0.0000 0.0181 0.0000 0.00 -0.00 0.00 0.00 -0.00 0.00 0.00 -0.00 0.00 0.00 -0.00 0.00 0.00 -0.00 0.00 0.00 -0.00 0.00 0.00 -0.00 0.00 0.00 -0.00 0.00 0.00 -0.00 0.00 0.00 -0.00 0.00 0.00 -0.00 0.00 0.00 -0.00 0.00 0.00 -0.00 0.00 0.00 -0.00 0.00 0.00 -0.00 0.00 0.00 -0.00 0.00 0.00 -0.00 0.00 0.00 -0.00 0.00 0.00 -0.00 0.00 0.00 -0.00 0.00 0.00 -0.00 0.00 0.00 -0.00 0.00 0.00 -0.00 0.00 0.00 -0.00 0.00 0.00 -0.00 0.00 0.00 -0.00 0.00 0.00 -0.00 0.00 0.00 -0.00 0.00 0.00 -0.00 0.00 0.00 -0.00 0.00 0.00 -0.00 0.00 0.00 -0.00 0.00 0.00 -0.00 0.00 0.00 -0.00 0.00 0.00 -0.00 0.00 0.00 -0.00 0.00 0.00 -0.00 0.00 0.00 -0.00 0.00 0.00 -0.00 0.00 0.00 -0.00 0.00 0.00 -0.00 0.00 94.39 0.18 -156.33 0.01 -25.00 0.03 -11.23 0.58 43.47 -20.47 30.26 42.41 0.00 0.00 -0.00 -0.00 -0.00 -90.00 0.00 0.00 -100.00 -0.00 0.00 -80.00 0.00 0.00 -0.00 -0.00 -0.00 -90.00 0.00 0.00 -100.00 -0.00 0.00 -80.00 0.00 0.00 -0.00 -0.00 -0.00 -90.00 0.00 0.00 -100.00 -0.00 0.00 -80.00 0.00 0.00 -0.00 4.00 0.01 -0.08 -0.00 0.11 -1.57 -0.00 0.05 -0.77
-0.0000 0.0171 0.0000 0.00 -0.00 0.00 0.00 -0.00 0.00 0.00 -0.00 0.00 0.00 -0.00 0.00 0.00 -0.00 0.00 0.00 -0.00 0.00 0.00 -0.00 0.00 0.00 -0.00 0.00 0.00 -0.00 0.00 0.00 -0.00 0.00 0.00 -0.00 0.00 0.00 -0.00 0.00 0.00 -0.00 0.00 0.00 -0.00 0.00 0.00 -0.00 0.00 0.00 -0.00 0.00 0.00 -0.00 0.00 0.00 -0.00 0.00 0.00 -0.00 0.00 0.00 -0.00 0.00 0.00 -0.00 0.00 0.00 -0.00 0.00 0.00 -0.00 0.00 0.00 -0.00 0.00 0.00 -0.00 0.00 0.00 -0.00 0.00 0.00 -0.00 0.00 0.00 -0.00 0.00 0.00 -0.00 0.00 0.00 -0.00 0.00 0.00 -0.00 0.00 0.00 -0.00 0.00 0.00 -0.00 0.00 0.00 -0.00 0.00 0.00 -0.00 0.00 0.00 -0.00 0.00 0.00 -0.00 0.00 0.00 -0.00 0.00 0.00 -0.00 0.00 0.00 -0.00 0.00 0.00 -0.00 0.00 94.39 0.18 -156.33 0.01 -25.00 0.03 -11.23 0.58 43.47 -20.47 30.26 42.41 0.00 0.00 -0.00 -0.00 -0.00 -90.00 0.00 0.00 -100.00 -0.00 0.00 -80.00 0.00 0.00 -0.00 -0.00 -0.00 -90.00 0.00 0.00 -100.00 -0.00 0.00 -80.00 0.00 0.00 -0.00 -0.00 -0.00 -90.00 0.00 0.00 -100.00 -0.00 0.00 -80.00 0.00 0.00 -0.00 4.00 0.01 -0.08 -0.00 0.11 -1.57 -0.00 0.05 -0.77
-0.0000 0.0175 0.0000 0.00 -0.00 0.00 0.00 -0.00 0.00 0.00 -0.00 0.00 0.00 -0.00 0.00 0.00 -0.00 0.00 0.00 -0.00 0.00 0.00 -0.00 0.00 0.00 -0.00 0.00 0.00 -0.00 0.00 0.00 -0.00 0.00 0.00 -0.00 0.00 0.00 -0.00 0.00 0.00 -0.00 0.00 0.00 -0.00 0.00 0.00 -0.00 0.00 0.00 -0.00 0.00 0.00 -0.00 0.00 0.00 -0.00 0.00 0.00 -0.00 0.00 0.00 -0.00 0.00 0.00 -0.00 0.00 0.00 -0.00 0.00 0.00 -0.00 0.00 0.00 -0.00 0.00 0.00 -0.00 0.00 0.00 -0.00 0.00 0.00 -0.00 0.00 0.00 -0.00 0.00 0.00 -0.00 0.00 0.00 -0.00 0.00 0.00 -0.00 0.00 0.00 -0.00 0.00 0.00 -0.00 0.00 0.00 -0.00 0.00 0.00 -0.00 0.00 0.00 -0.00 0.00 0.00 -0.00 0.00 0.00 -0.00 0.00 0.00 -0.00 0.00 0.00 -0.00 0.00 0.00 -0.00 0.00 94.39 0.18 -156.33 0.01 -25.00 0.03 -11.23 0.58 43.47 -20.47 30.26 42.41 0.00 0.00 -0.00 -0.00 -0.00 -90.00 0.00 0.00 -100.00 -0.00 0.00 -80.00 0.00 0.00 -0.00 -0.00 -0.00 -90.00 0.00 0.00 -100.00 -0.00 0.00 -80.00 0.00 0.00 -0.00 -0.00 -0.00 -90.00 0.00 0.00 -100.00 -0.00 0.00 -80.00 0.00 0.00 -0.00 4.00 0.01 -0.08 -0.00 0.11 -1.57 -0.00 0.05 -0.77
-0.0000 0.0171 0.0000 0.00 -0.00 0.00 0.00 -0.00 0.00 0.00 -0.00 0.00 0.00 -0.00 0.00 0.00 -0.00 0.00 0.00 -0.00 0.00 0.00 -0.00 0.00 0.00 -0.00 0.00 0.00 -0.00 0.00 0.00 -0.00 0.00 0.00 -0.00 0.00 0.00 -0.00 0.00 0.00 -0.00 0.00 0.00 -0.00 0.00 0.00 -0.00 0.00 0.00 -0.00 0.00 0.00 -0.00 0.00 0.00 -0.00 0.00 0.00 -0.00 0.00 0.00 -0.00 0.00 0.00 -0.00 0.00 0.00 -0.00 0.00 0.00 -0.00 0.00 0.00 -0.00 0.00 0.00 -0.00 0.00 0.00 -0.00 0.00 0.00 -0.00 0.00 0.00 -0.00 0.00 0.00 -0.00 0.00 0.00 -0.00 0.00 0.00 -0.00 0.00 0.00 -0.00 0.00 0.00 -0.00 0.00 0.00 -0.00 0.00 0.00 -0.00 0.00 0.00 -0.00 0.00 0.00 -0.00 0.00 0.00 -0.00 0.00 0.00 -0.00 0.00 0.00 -0.00 0.00 0.00 -0.00 0.00 94.39 0.18 -156.33 0.01 -25.00 0.03 -11.23 0.58 43.47 -20.47 30.26 42.41 0.00 0.00 -0.00 -0.00 -0.00 -90.00 0.00 0.00 -100.00 -0.00 0.00 -80.00 0.00 0.00 -0.00 -0.00 -0.00 -90.00 0.00 0.00 -100.00 -0.00 0.00 -80.00 0.00 0.00 -0.00 -0.00 -0.00 -90.00 0.00 0.00 -100.00 -0.00 0.00 -80.00 0.00 0.00 -0.00 4.00 0.01 -0.08 -0.00 0.11 -1.57 -0.00 0.05 -0.77
-0.0000 0.0178 0.0000 0.00 -0.00 0.00 0.00 -0.00 0.00 0.00 -0.00 0.00 0.00 -0.00 0.00 0.00 -0.00 0.00 0.00 -0.00 0.00 0.00 -0.00 0.00 0.00 -0.00 0.00 0.00 -0.00 0.00 0.00 -0.00 0.00 0.00 -0.00 0.00 0.00 -0.00 0.00 0.00 -0.00 0.00 0.00 -0.00 0.00 0.00 -0.00 0.00 0.00 -0.00 0.00 0.00 -0.00 0.00 0.00 -0.00 0.00 0.00 -0.00 0.00 0.00 -0.00 0.00 0.00 -0.00 0.00 0.00 -0.00 0.00 0.00 -0.00 0.00 0.00 -0.00 0.00 0.00 -0.00 0.00 0.00 -0.00 0.00 0.00 -0.00 0.00 0.00 -0.00 0.00 0.00 -0.00 0.00 0.00 -0.00 0.00 0.00 -0.00 0.00 0.00 -0.00 0.00 0.00 -0.00 0.00 0.00 -0.00 0.00 0.00 -0.00 0.00 0.00 -0.00 0.00 0.00 -0.00 0.00 0.00 -0.00 0.00 0.00 -0.00 0.00 0.00 -0.00 0.00 0.00 -0.00 0.00 94.39 0.18 -156.33 0.01 -25.00 0.03 -11.23 0.58 43.47 -20.47 30.26 42.41 0.00 0.00 -0.00 -0.00 -0.00 -90.00 0.00 0.00 -100.00 -0.00 0.00 -80.00 0.00 0.00 -0.00 -0.00 -0.00 -90.00 0.00 0.00 -100.00 -0.00 0.00 -80.00 0.00 0.00 -0.00 -0.00 -0.00 -90.00 0.00 0.00 -100.00 -0.00 0.00 -80.00 0.00 0.00 -0.00 4.00 0.01 -0.08 -0.00 0.11 -1.57 -0.00 0.05 -0.77
-0.0000 0.0179 0.0000 0.00 -0.00 0.00 0.00 -0.00 0.00 0.00 -0.00 0.00 0.00 -0.00 0.00 0.00 -0.00 0.00 0.00 -0.00 0.00 0.00 -0.00 0.00 0.00 -0.00 0.00 0.00 -0.00 0.00 0.00 -0.00 0.00 0.00 -0.00 0.00 0.00 -0.00 0.00 0.00 -0.00 0.00 0.00 -0.00 0.00 0.00 -0.00 0.00 0.00 -0.00 0.00 0.00 -0.00 0.00 0.00 -0.00 0.00 0.00 -0.00 0.00 0.00 -0.00 0.00 0.00 -0.00 0.00 0.00 -0.00 0.00 0.00 -0.00 0.00 0.00 -0.00 0.00 0.00 -0.00 0.00 0.00 -0.00 0.00 0.00 -0.00 0.00 0.00 -0.00 0.00 0.00 -0.00 0.00 0.00 -0.00 0.00 0.00 -0.00 0.00 0.00 -0.00 0.00 0.00 -0.00 0.00 0.00 -0.00 0.00 0.00 -0.00 0.00 0.00 -0.00 0.00 0.00 -0.00 0.00 0.00 -0.00 0.00 0.00 -0.00 0.00 0.00 -0.00 0.00 0.00 -0.00 0.00 94.39 0.18 -156.33 0.01 -25.00 0.03 -11.23 0.58 43.47 -20.47 30.26 42.41 0.00 0.00 -0.00 -0.00 -0.00 -90.00 0.00 0.00 -100.00 -0.00 0.00 -80.00 0.00 0.00 -0.00 -0.00 -0.00 -90.00 0.00 0.00 -100.00 -0.00 0.00 -80.00 0.00 0.00 -0.00 -0.00 -0.00 -90.00 0.00 0.00 -100.00 -0.00 0.00 -80.00 0.00 0.00 -0.00 4.00 0.01 -0.08 -0.00 0.11 -1.57 -0.00 0.05 -0.77
-0.0000 0.0172 0.0000 0.00 -0.00 0.00 0.00 -0.00 0.00 0.00 -0.00 0.00 0.00 -0.00 0.00 0.00 -0.00 0.00 0.00 -0.00 0.00 0.00 -0.00 0.00 0.00 -0.00 0.00 0.00 -0.00 0.00 0.00 -0.00 0.00 0.00 -0.00 0.00 0.00 -0.00 0.00 0.00 -0.00 0.00 0.00 -0.00 0.00 0.00 -0.00 0.00 0.00 -0.00 0.00 0.00 -0.00 0.00 0.00 -0.00 0.00 0.00 -0.00 0.00 0.00 -0.00 0.00 0.00 -0.00 0.00 0.00 -0.00 0.00 0.00 -0.00 0.00 0.00 -0.00 0.00 0.00 -0.00 0.00 0.00 -0.00 0.00 0.00 -0.00 0.00 0.00 -0.00 0.00 0.00 -0.00 0.00 0.00 -0.00 0.00 0.00 -0.00 0.00 0.00 -0.00 0.00 0.00 -0.00 0.00 0.00 -0.00 0.00 0.00 -0.00 0.00 0.00 -0.00 0.00 0.00 -0.00 0.00 0.00 -0.00 0.00 0.00 -0.00 0.00 0.00 -0.00 0.00 0.00 -0.00 0.00 94.39 0.18 -156.33 0.01 -25.00 0.03 -11.23 0.58 43.47 -20.47 30.26 42.41 0.00 0.00 -0.00 -0.00 -0.00 -90.00 0.00 0.00 -100.00 -0.00 0.00 -80.00 0.00 0.00 -0.00 -0.00 -0.00 -90.00 0.00 0.00 -100.00 -0.00 0.00 -80.00 0.00 0.00 -0.00 -0.00 -0.00 -90.00 0.00 0.00 -100.00 -0.00 0.00 -80.00 0.00 0.00 -0.00 4.00 0.01 -0.08 -0.00 0.11 -1.57 -0.00 0.05 -0.77
-0.0000 0.0173 0.0000 0.00 -0.00 0.00 0.00 -0.00 0.00 0.00 -0.00 0.00 0.00 -0.00 0.00 0.00 -0.00 0.00 0.00 -0.00 0.00 0.00 -0.00 0.00 0.00 -0.00 0.00 0.00 -0.00 0.00 0.00 -0.00 0.00 0.00 -0.00 0.00 0.00 -0.00 0.00 0.00 -0.00 0.00 0.00 -0.00 0.00 0.00 -0.00 0.00 0.00 -0.00 0.00 0.00 -0.00 0.00 0.00 -0.00 0.00 0.00 -0.00 0.00 0.00 -0.00 0.00 0.00 -0.00 0.00 0.00 -0.00 0.00 0.00 -0.00 0.00 0.00 -0.00 0.00 0.00 -0.00 0.00 0.00 -0.00 0.00 0.00 -0.00 0.00 0.00 -0.00 0.00 0.00 -0.00 0.00 0.00 -0.00 0.00 0.00 -0.00 0.00 0.00 -0.00 0.00 0.00 -0.00 0.00 0.00 -0.00 0.00 0.00 -0.00 0.00 0.00 -0.00 0.00 0.00 -0.00 0.00 0.00 -0.00 0.00 0.00 -0.00 0.00 0.00 -0.00 0.00 0.00 -0.00 0.00 94.39 0.18 -156.33 0.01 -25.00 0.03 -11.23 0.58 43.47 -20.47 30.26 42.41 0.00 0.00 -0.00 -0.00 -0.00 -90.00 0.00 0.00 -100.00 -0.00 0.00 -80.00 0.00 0.00 -0.00 -0.00 -0.00 -90.00 0.00 0.00 -100.00 -0.00 0.00 -80.00 0.00 0.00 -0.00 -0.00 -0.00 -90.00 0.00 0.00 -100.00 -0.00 0.00 -80.00 0.00 0.00 -0.00 4.00 0.01 -0.08 -0.00 0.11 -1.57 -0.00 0.05 -0.77
-0.0000 0.0174 0.0000 0.00 -0.00 0.00 0.00 -0.00 0.00 0.00 -0.00 0.00 0.00 -0.00 0.00 0.00 -0.00 0.00 0.00 -0.00 0.00 0.00 -0.00 0.00 0.00 -0.00 0.00 0.00 -0.00 0.00 0.00 -0.00 0.00 0.00 -0.00 0.00 0.00 -0.00 0.00 0.00 -0.00 0.00 0.00 -0.00 0.00 0.00 -0.00 0.00 0.00 -0.00 0.00 0.00 -0.00 0.00 0.00 -0.00 0.00 0.00 -0.00 0.00 0.00 -0.00 0.00 0.00 -0.00 0.00 0.00 -0.00 0.00 0.00 -0.00 0.00 0.00 -0.00 0.00 0.00 -0.00 0.00 0.00 -0.00 0.00 0.00 -0.00 0.00 0.00 -0.00 0.00 0.00 -0.00 0.00 0.00 -0.00 0.00 0.00 -0.00 0.00 0.00 -0.00 0.00 0.00 -0.00 0.00 0.00 -0.00 0.00 0.00 -0.00 0.00 0.00 -0.00 0.00 0.00 -0.00 0.00 0.00 -0.00 0.00 0.00 -0.00 0.00 0.00 -0.00 0.00 0.00 -0.00 0.00 94.39 0.18 -156.33 0.01 -25.00 0.03 -11.23 0.58 43.47 -20.47 30.26 42.41 0.00 0.00 -0.00 -0.00 -0.00 -90.00 0.00 0.00 -100.00 -0.00 0.00 -80.00 0.00 0.00 -0.00 -0.00 -0.00 -90.00 0.00 0.00 -100.00 -0.00 0.00 -80.00 0.00 0.00 -0.00 -0.00 -0.00 -90.00 0.00 0.00 -100.00 -0.00 0.00 -80.00 0.00 0.00 -0.00 4.00 0.01 -0.08 -0.00 0.11 -1.57 -0.00 0.05 -0.77
-0.0000 0.0172 0.0000 0.00 -0.00 0.00 0.00 -0.00 0.00 0.00 -0.00 0.00 0.00 -0.00 0.00 0.00 -0.00 0.00 0.00 -0.00 0.00 0.00 -0.00 0.00 0.00 -0.00 0.00 0.00 -0.00 0.00 0.00 -0.00 0.00 0.00 -0.00 0.00 0.00 -0.00 0.00 0.00 -0.00 0.00 0.00 -0.00 0.00 0.00 -0.00 0.00 0.00 -0.00 0.00 0.00 -0.00 0.00 0.00 -0.00 0.00 0.00 -0.00 0.00 0.00 -0.00 0.00 0.00 -0.00 0.00 0.00 -0.00 0.00 0.00 -0.00 0.00 0.00 -0.00 0.00 0.00 -0.00 0.00 0.00 -0.00 0.00 0.00 -0.00 0.00 0.00 -0.00 0.00 0.00 -0.00 0.00 0.00 -0.00 0.00 0.00 -0.00 0.00 0.00 -0.00 0.00 0.00 -0.00 0.00 0.00 -0.00 0.00 0.00 -0.00 0.00 0.00 -0.00 0.00 0.00 -0.00 0.00 0.00 -0.00 0.00 0.00 -0.00 0.00 0.00 -0.00 0.00 0.00 -0.00 0.00 94.39 0.18 -156.33 0.01 -25.00 0.03 -11.23 0.58 43.47 -20.47 30.26 42.41 0.00 0.00 -0.00 -0.00 -0.00 -90.00 0.00 0.00 -100.00 -0.00 0.00 -80.00 0.00 0.00 -0.00 -0.00 -0.00 -90.00 0.00 0.00 -100.00 -0.00 0.00 -80.00 0.00 0.00 -0.00 -0.00 -0.00 -90.00 0.00 0.00 -100.00 -0.00 0.00 -80.00 0.00 0.00 -0.00 4.00 0.01 -0.08 -0.00 0.11 -1.57 -0.00 0.05 -0.77
-0.0000 0.0173 0.0000 0.00 -0.00 0.00 0.00 -0.00 0.00 0.00 -0.00 0.00 0.00 -0.00 0.00 0.00 -0.00 0.00 0.00 -0.00 0.00 0.00 -0.00 0.00 0.00 -0.00 0.00 0.00 -0.00 0.00 0.00 -0.00 0.00 0.00 -0.00 0.00 0.00 -0.00 0.00 0.00 -0.00 0.00 0.00 -0.00 0.00 0.00 -0.00 0.00 0.00 -0.00 0.00 0.00 -0.00 0.00 0.00 -0.00 0.00 0.00 -0.00 0.00 0.00 -0.00 0.00 0.00 -0.00 0.00 0.00 -0.00 0.00 0.00 -0.00 0.00 0.00 -0.00 0.00 0.00 -0.00 0.00 0.00 -0.00 0.00 0.00 -0.00 0.00 0.00 -0.00 0.00 0.00 -0.00 0.00 0.00 -0.00 0.00 0.00 -0.00 0.00 0.00 -0.00 0.00 0.00 -0.00 0.00 0.00 -0.00 0.00 0.00 -0.00 0.00 0.00 -0.00 0.00 0.00 -0.00 0.00 0.00 -0.00 0.00 0.00 -0.00 0.00 0.00 -0.00 0.00 0.00 -0.00 0.00 94.39 0.18 -156.33 0.01 -25.00 0.03 -11.23 0.58 43.47 -20.47 30.26 42.41 0.00 0.00 -0.00 -0.00 -0.00 -90.00 0.00 0.00 -100.00 -0.00 0.00 -80.00 0.00 0.00 -0.00 -0.00 -0.00 -90.00 0.00 0.00 -100.00 -0.00 0.00 -80.00 0.00 0.00 -0.00 -0.00 -0.00 -90.00 0.00 0.00 -100.00 -0.00 0.00 -80.00 0.00 0.00 -0.00 4.00 0.01 -0.08 -0.00 0.11 -1.57 -0.00 0.05 -0.77
-0.0000 0.0174 0.0000 0.00 -0.00 0.00 0.00 -0.00 0.00 0.00 -0.00 0.00 0.00 -0.00 0.00 0.00 -0.00 0.00 0.00 -0.00 0.00 0.00 -0.00 0.00 0.00 -0.00 0.00 0.00 -0.00 0.00 0.00 -0.00 0.00 0.00 -0.00 0.00 0.00 -0.00 0.00 0.00 -0.00 0.00 0.00 -0.00 0.00 0.00 -0.00 0.00 0.00 -0.00 0.00 0.00 -0.00 0.00 0.00 -0.00 0.00 0.00 -0.00 0.00 0.00 -0.00 0.00 0.00 -0.00 0.00 0.00 -0.00 0.00 0.00 -0.00 0.00 0.00 -0.00 0.00 0.00 -0.00 0.00 0.00 -0.00 0.00 0.00 -0.00 0.00 0.00 -0.00 0.00 0.00 -0.00 0.00 0.00 -0.00 0.00 0.00 -0.00 0.00 0.00 -0.00 0.00 0.00 -0.00 0.00 0.00 -0.00 0.00 0.00 -0.00 0.00 0.00 -0.00 0.00 0.00 -0.00 0.00 0.00 -0.00 0.00 0.00 -0.00 0.00 0.00 -0.00 0.00 0.00 -0.00 0.00 94.39 0.18 -156.33 0.01 -25.00 0.03 -11.23 0.58 43.47 -20.47 30.26 42.41 0.00 0.00 -0.00 -0.00 -0.00 -90.00 0.00 0.00 -100.00 -0.00 0.00 -80.00 0.00 0.00 -0.00 -0.00 -0.00 -90.00 0.00 0.00 -100.00 -0.00 0.00 -80.00 0.00 0.00 -0.00 -0.00 -0.00 -90.00 0.00 0.00 -100.00 -0.00 0.00 -80.00 0.00 0.00 -0.00 4.00 0.01 -0.08 -0.00 0.11 -1.57 -0.00 0.05 -0.77
-0.0000 0.0175 0.0000 0.00 -0.00 0.00 0.00 -0.00 0.00 0.00 -0.00 0.00 0.00 -0.00 0.00 0.00 -0.00 0.00 0.00 -0.00 0.00 0.00 -0.00 0.00 0.00 -0.00 0.00 0.00 -0.00 0.00 0.00 -0.00 0.00 0.00 -0.00 0.00 0.00 -0.00 0.00 0.00 -0.00 0.00 0.00 -0.00 0.00 0.00 -0.00 0.00 0.00 -0.00 0.00 0.00 -0.00 0.00 0.00 -0.00 0.00 0.00 -0.00 0.00 0.00 -0.00 0.00 0.00 -0.00 0.00 0.00 -0.00 0.00 0.00 -0.00 0.00 0.00 -0.00 0.00 0.00 -0.00 0.00 0.00 -0.00 0.00 0.00 -0.00 0.00 0.00 -0.00 0.00 0.00 -0.00 0.00 0.00 -0.00 0.00 0.00 -0.00 0.00 0.00 -0.00 0.00 0.00 -0.00 0.00 0.00 -0.00 0.00 0.00 -0.00 0.00 0.00 -0.00 0.00 0.00 -0.00 0.00 0.00 -0.00 0.00 0.00 -0.00 0.00 0.00 -0.00 0.00 0.00 -0.00 0.00 94.39 0.18 -156.33 0.01 -25.00 0.03 -11.23 0.58 43.47 -20.47 30.26 42.41 0.00 0.00 -0.00 -0.00 -0.00 -90.00 0.00 0.00 -100.00 -0.00 0.00 -80.00 0.00 0.00 -0.00 -0.00 -0.00 -90.00 0.00 0.00 -100.00 -0.00 0.00 -80.00 0.00 0.00 -0.00 -0.00 -0.00 -90.00 0.00 0.00 -100.00 -0.00 0.00 -80.00 0.00 0.00 -0.00 4.00 0.01 -0.08 -0.00 0.11 -1.57 -0.00 0.05 -0.77
-0.0000 0.0177 0.0000 0.00 -0.00 0.00 0.00 -0.00 0.00 0.00 -0.00 0.00 0.00 -0.00 0.00 0.00 -0.00 0.00 0.00 -0.00 0.00 0.00 -0.00 0.00 0.00 -0.00 0.00 0.00 -0.00 0.00 0.00 -0.00 0.00 0.00 -0.00 0.00 0.00 -0.00 0.00 0.00 -0.00 0.00 0.00 -0.00 0.00 0.00 -0.00 0.00 0.00 -0.00 0.00 0.00 -0.00 0.00 0.00 -0.00 0.00 0.00 -0.00 0.00 0.00 -0.00 0.00 0.00 -0.00 0.00 0.00 -0.00 0.00 0.00 -0.00 0.00 0.00 -0.00 0.00 0.00 -0.00 0.00 0.00 -0.00 0.00 0.00 -0.00 0.00 0.00 -0.00 0.00 0.00 -0.00 0.00 0.00 -0.00 0.00 0.00 -0.00 0.00 0.00 -0.00 0.00 0.00 -0.00 0.00 0.00 -0.00 0.00 0.00 -0.00 0.00 0.00 -0.00 0.00 0.00 -0.00 0.00 0.00 -0.00 0.00 0.00 -0.00 0.00 0.00 -0.00 0.00 0.00 -0.00 0.00 94.39 0.18 -156.33 0.01 -25.00 0.03 -11.23 0.58 43.47 -20.47 30.26 42.41 0.00 0.00 -0.00 -0.00 -0.00 -90.00 0.00 0.00 -100.00 -0.00 0.00 -80.00 0.00 0.00 -0.00 -0.00 -0.00 -90.00 0.00 0.00 -100.00 -0.00 0.00 -80.00 0.00 0.00 -0.00 -0.00 -0.00 -90.00 0.00 0.00 -100.00 -0.00 0.00 -80.00 0.00 0.00 -0.00 4.00 0.01 -0.08 -0.00 0.11 -1.57 -0.00 0.05 -0.77
-0.0000 0.0177 0.0000 0.00 -0.00 0.00 0.00 -0.00 0.00 0.00 -0.00 0.00 0.00 -0.00 0.00 0.00 -0.00 0.00 0.00 -0.00 0.00 0.00 -0.00 0.00 0.00 -0.00 0.00 0.00 -0.00 0.00 0.00 -0.00 0.00 0.00 -0.00 0.00 0.00 -0.00 0.00 0.00 -0.00 0.00 0.00 -0.00 0.00 0.00 -0.00 0.00 0.00 -0.00 0.00 0.00 -0.00 0.00 0.00 -0.00 0.00 0.00 -0.00 0.00 0.00 -0.00 0.00 0.00 -0.00 0.00 0.00 -0.00 0.00 0.00 -0.00 0.00 0.00 -0.00 0.00 0.00 -0.00 0.00 0.00 -0.00 0.00 0.00 -0.00 0.00 0.00 -0.00 0.00 0.00 -0.00 0.00 0.00 -0.00 0.00 0.00 -0.00 0.00 0.00 -0.00 0.00 0.00 -0.00 0.00 0.00 -0.00 0.00 0.00 -0.00 0.00 0.00 -0.00 0.00 0.00 -0.00 0.00 0.00 -0.00 0.00 0.00 -0.00 0.00 0.00 -0.00 0.00 0.00 -0.00 0.00 94.39 0.18 -156.33 0.01 -25.00 0.03 -11.23 0.58 43.47 -20.47 30.26 42.41 0.00 0.00 -0.00 -0.00 -0.00 -90.00 0.00 0.00 -100.00 -0.00 0.00 -80.00 0.00 0.00 -0.00 -0.00 -0.00 -90.00 0.00 0.00 -100.00 -0.00 0.00 -80.00 0.00 0.00 -0.00 -0.00 -0.00 -90.00 0.00 0.00 -100.00 -0.00 0.00 -80.00 0.00 0.00 -0.00 4.00 0.01 -0.08 -0.00 0.11 -1.57 -0.00 0.05 -0.77
-0.0000 0.0174 0.0000 0.00 -0.00 0.00 0.00 -0.00 0.00 0.00 -0.00 0.00 0.00 -0.00 0.00 0.00 -0.00 0.00 0.00 -0.00 0.00 0.00 -0.00 0.00 0.00 -0.00 0.00 0.00 -0.00 0.00 0.00 -0.00 0.00 0.00 -0.00 0.00 0.00 -0.00 0.00 0.00 -0.00 0.00 0.00 -0.00 0.00 0.00 -0.00 0.00 0.00 -0.00 0.00 0.00 -0.00 0.00 0.00 -0.00 0.00 0.00 -0.00 0.00 0.00 -0.00 0.00 0.00 -0.00 0.00 0.00 -0.00 0.00 0.00 -0.00 0.00 0.00 -0.00 0.00 0.00 -0.00 0.00 0.00 -0.00 0.00 0.00 -0.00 0.00 0.00 -0.00 0.00 0.00 -0.00 0.00 0.00 -0.00 0.00 0.00 -0.00 0.00 0.00 -0.00 0.00 0.00 -0.00 0.00 0.00 -0.00 0.00 0.00 -0.00 0.00 0.00 -0.00 0.00 0.00 -0.00 0.00 0.00 -0.00 0.00 0.00 -0.00 0.00 0.00 -0.00 0.00 0.00 -0.00 0.00 94.39 0.18 -156.33 0.01 -25.00 0.03 -11.23 0.58 43.47 -20.47 30.26 42.41 0.00 0.00 -0.00 -0.00 -0.00 -90.00 0.00 0.00 -100.00 -0.00 0.00 -80.00 0.00 0.00 -0.00 -0.00 -0.00 -90.00 0.00 0.00 -100.00 -0.00 0.00 -80.00 0.00 0.00 -0.00 -0.00 -0.00 -90.00 0.00 0.00 -100.00 -0.00 0.00 -80.00 0.00 0.00 -0.00 4.00 0.01 -0.08 -0.00 0.11 -1.57 -0.00 0.05 -0.77
-0.0000 0.0170 0.0000 0.00 -0.00 0.00 0.00 -0.00 0.00 0.00 -0.00 0.00 0.00 -0.00 0.00 0.00 -0.00 0.00 0.00 -0.00 0.00 0.00 -0.00 0.00 0.00 -0.00 0.00 0.00 -0.00 0.00 0.00 -0.00 0.00 0.00 -0.00 0.00 0.00 -0.00 0.00 0.00 -0.00 0.00 0.00 -0.00 0.00 0.00 -0.00 0.00 0.00 -0.00 0.00 0.00 -0.00 0.00 0.00 -0.00 0.00 0.00 -0.00 0.00 0.00 -0.00 0.00 0.00 -0.00 0.00 0.00 -0.00 0.00 0.00 -0.00 0.00 0.00 -0.00 0.00 0.00 -0.00 0.00 0.00 -0.00 0.00 0.00 -0.00 0.00 0.00 -0.00 0.00 0.00 -0.00 0.00 0.00 -0.00 0.00 0.00 -0.00 0.00 0.00 -0.00 0.00 0.00 -0.00 0.00 0.00 -0.00 0.00 0.00 -0.00 0.00 0.00 -0.00 0.00 0.00 -0.00 0.00 0.00 -0.00 0.00 0.00 -0.00 0.00 0.00 -0.00 0.00 0.00 -0.00 0.00 94.39 0.18 -156.33 0.01 -25.00 0.03 -11.23 0.58 43.47 -20.47 30.26 42.41 0.00 0.00 -0.00 -0.00 -0.00 -90.00 0.00 0.00 -100.00 -0.00 0.00 -80.00 0.00 0.00 -0.00 -0.00 -0.00 -90.00 0.00 0.00 -100.00 -0.00 0.00 -80.00 0.00 0.00 -0.00 -0.00 -0.00 -90.00 0.00 0.00 -100.00 -0.00 0.00 -80.00 0.00 0.00 -0.00 4.00 0.01 -0.08 -0.00 0.11 -1.57 -0.00 0.05 -0.77
-0.0000 0.0178 0.0000 0.00 -0.00 0.00 0.00 -0.00 0.00 0.00 -0.00 0.00 0.00 -0.00 0.00 0.00 -0.00 0.00 0.00 -0.00 0.00 0.00 -0.00 0.00 0.00 -0.00 0.00 0.00 -0.00 0.00 0.00 -0.00 0.00 0.00 -0.00 0.00 0.00 -0.00 0.00 0.00 -0.00 0.00 0.00 -0.00 0.00 0.00 -0.00 0.00 0.00 -0.00 0.00 0.00 -0.00 0.00 0.00 -0.00 0.00 0.00 -0.00 0.00 0.00 -0.00 0.00 0.00 -0.00 0.00 0.00 -0.00 0.00 0.00 -0.00 0.00 0.00 -0.00 0.00 0.00 -0.00 0.00 0.00 -0.00 0.00 0.00 -0.00 0.00 0.00 -0.00 0.00 0.00 -0.00 0.00 0.00 -0.00 0.00 0.00 -0.00 0.00 0.00 -0.00 0.00 0.00 -0.00 0.00 0.00 -0.00 0.00 0.00 -0.00 0.00 0.00 -0.00 0.00 0.00 -0.00 0.00 0.00 -0.00 0.00 0.00 -0.00 0.00 0.00 -0.00 0.00 0.00 -0.00 0.00 94.39 0.18 -156.33 0.01 -25.00 0.03 -11.23 0.58 43.47 -20.47 30.26 42.41 0.00 0.00 -0.00 -0.00 -0.00 -90.00 0.00 0.00 -100.00 -0.00 0.00 -80.00 0.00 0.00 -0.00 -0.00 -0.00 -90.00 0.00 0.00 -100.00 -0.00 0.00 -80.00 0.00 0.00 -0.00 -0.00 -0.00 -90.00 0.00 0.00 -100.00 -0.00 0.00 -80.00 0.00 0.00 -0.00 4.00 0.01 -0.08 -0.00 0.11 -1.57 -0.00 0.05 -0.77
-0.0000 0.0180 0.0000 0.00 -0.00 0.00 0.00 -0.00 0.00 0.00 -0.00 0.00 0.00 -0.00 0.00 0.00 -0.00 0.00 0.00 -0.00 0.00 0.00 -0.00 0.00 0.00 -0.00 0.00 0.00 -0.00 0.00 0.00 -0.00 0.00 0.00 -0.00 0.00 0.00 -0.00 0.00 0.00 -0.00 0.00 0.00 -0.00 0.00 0.00 -0.00 0.00 0.00 -0.00 0.00 0.00 -0.00 0.00 0.00 -0.00 0.00 0.00 -0.00 0.00 0.00 -0.00 0.00 0.00 -0.00 0.00 0.00 -0.00 0.00 0.00 -0.00 0.00 0.00 -0.00 0.00 0.00 -0.00 0.00 0.00 -0.00 0.00 0.00 -0.00 0.00 0.00 -0.00 0.00 0.00 -0.00 0.00 0.00 -0.00 0.00 0.00 -0.00 0.00 0.00 -0.00 0.00 0.00 -0.00 0.00 0.00 -0.00 0.00 0.00 -0.00 0.00 0.00 -0.00 0.00 0.00 -0.00 0.00 0.00 -0.00 0.00 0.00 -0.00 0.00 0.00 -0.00 0.00 0.00 -0.00 0.00 94.39 0.18 -156.33 0.01 -25.00 0.03 -11.23 0.58 43.47 -20.47 30.26 42.41 0.00 0.00 -0.00 -0.00 -0.00 -90.00 0.00 0.00 -100.00 -0.00 0.00 -80.00 0.00 0.00 -0.00 -0.00 -0.00 -90.00 0.00 0.00 -100.00 -0.00 0.00 -80.00 0.00 0.00 -0.00 -0.00 -0.00 -90.00 0.00 0.00 -100.00 -0.00 0.00 -80.00 0.00 0.00 -0.00 4.00 0.01 -0.08 -0.00 0.11 -1.57 -0.00 0.05 -0.77
-0.0000 0.0181 0.0000 0.00 -0.00 0.00 0.00 -0.00 0.00 0.00 -0.00 0.00 0.00 -0.00 0.00 0.00 -0.00 0.00 0.00 -0.00 0.00 0.00 -0.00 0.00 0.00 -0.00 0.00 0.00 -0.00 0.00 0.00 -0.00 0.00 0.00 -0.00 0.00 0.00 -0.00 0.00 0.00 -0.00 0.00 0.00 -0.00 0.00 0.00 -0.00 0.00 0.00 -0.00 0.00 0.00 -0.00 0.00 0.00 -0.00 0.00 0.00 -0.00 0.00 0.00 -0.00 0.00 0.00 -0.00 0.00 0.00 -0.00 0.00 0.00 -0.00 0.00 0.00 -0.00 0.00 0.00 -0.00 0.00 0.00 -0.00 0.00 0.00 -0.00 0.00 0.00 -0.00 0.00 0.00 -0.00 0.00 0.00 -0.00 0.00 0.00 -0.00 0.00 0.00 -0.00 0.00 0.00 -0.00 0.00 0.00 -0.00 0.00 0.00 -0.00 0.00 0.00 -0.00 0.00 0.00 -0.00 0.00 0.00 -0.00 0.00 0.00 -0.00 0.00 0.00 -0.00 0.00 0.00 -0.00 0.00 94.39 0.18 -156.33 0.01 -25.00 0.03 -11.23 0.58 43.47 -20.47 30.26 42.41 0.00 0.00 -0.00 -0.00 -0.00 -90.00 0.00 0.00 -100.00 -0.00 0.00 -80.00 0.00 0.00 -0.00 -0.00 -0.00 -90.00 0.00 0.00 -100.00 -0.00 0.00 -80.00 0.00 0.00 -0.00 -0.00 -0.00 -90.00 0.00 0.00 -100.00 -0.00 0.00 -80.00 0.00 0.00 -0.00 4.00 0.01 -0.08 -0.00 0.11 -1.57 -0.00 0.05 -0.77
-0.0000 0.0181 0.0000 0.00 -0.00 0.00 0.00 -0.00 0.00 0.00 -0.00 0.00 0.00 -0.00 0.00 0.00 -0.00 0.00 0.00 -0.00 0.00 0.00 -0.00 0.00 0.00 -0.00 0.00 0.00 -0.00 0.00 0.00 -0.00 0.00 0.00 -0.00 0.00 0.00 -0.00 0.00 0.00 -0.00 0.00 0.00 -0.00 0.00 0.00 -0.00 0.00 0.00 -0.00 0.00 0.00 -0.00 0.00 0.00 -0.00 0.00 0.00 -0.00 0.00 0.00 -0.00 0.00 0.00 -0.00 0.00 0.00 -0.00 0.00 0.00 -0.00 0.00 0.00 -0.00 0.00 0.00 -0.00 0.00 0.00 -0.00 0.00 0.00 -0.00 0.00 0.00 -0.00 0.00 0.00 -0.00 0.00 0.00 -0.00 0.00 0.00 -0.00 0.00 0.00 -0.00 0.00 0.00 -0.00 0.00 0.00 -0.00 0.00 0.00 -0.00 0.00 0.00 -0.00 0.00 0.00 -0.00 0.00 0.00 -0.00 0.00 0.00 -0.00 0.00 0.00 -0.00 0.00 0.00 -0.00 0.00 94.39 0.18 -156.33 0.01 -25.00 0.03 -11.23 0.58 43.47 -20.47 30.26 42.41 0.00 0.00 -0.00 -0.00 -0.00 -90.00 0.00 0.00 -100.00 -0.00 0.00 -80.00 0.00 0.00 -0.00 -0.00 -0.00 -90.00 0.00 0.00 -100.00 -0.00 0.00 -80.00 0.00 0.00 -0.00 -0.00 -0.00 -90.00 0.00 0.00 -100.00 -0.00 0.00 -80.00 0.00 0.00 -0.00 4.00 0.01 -0.08 -0.00 0.11 -1.57 -0.00 0.05 -0.77
-0.0000 0.0173 0.0000 0.00 -0.00 0.00 0.00 -0.00 0.00 0.00 -0.00 0.00 0.00 -0.00 0.00 0.00 -0.00 0.00 0.00 -0.00 0.00 0.00 -0.00 0.00 0.00 -0.00 0.00 0.00 -0.00 0.00 0.00 -0.00 0.00 0.00 -0.00 0.00 0.00 -0.00 0.00 0.00 -0.00 0.00 0.00 -0.00 0.00 0.00 -0.00 0.00 0.00 -0.00 0.00 0.00 -0.00 0.00 0.00 -0.00 0.00 0.00 -0.00 0.00 0.00 -0.00 0.00 0.00 -0.00 0.00 0.00 -0.00 0.00 0.00 -0.00 0.00 0.00 -0.00 0.00 0.00 -0.00 0.00 0.00 -0.00 0.00 0.00 -0.00 0.00 0.00 -0.00 0.00 0.00 -0.00 0.00 0.00 -0.00 0.00 0.00 -0.00 0.00 0.00 -0.00 0.00 0.00 -0.00 0.00 0.00 -0.00 0.00 0.00 -0.00 0.00 0.00 -0.00 0.00 0.00 -0.00 0.00 0.00 -0.00 0.00 0.00 -0.00 0.00 0.00 -0.00 0.00 0.00 -0.00 0.00 94.39 0.18 -156.33 0.01 -25.00 0.03 -11.23 0.58 43.47 -20.47 30.26 42.41 0.00 0.00 -0.00 -0.00 -0.00 -90.00 0.00 0.00 -100.00 -0.00 0.00 -80.00 0.00 0.00 -0.00 -0.00 -0.00 -90.00 0.00 0.00 -100.00 -0.00 0.00 -80.00 0.00 0.00 -0.00 -0.00 -0.00 -90.00 0.00 0.00 -100.00 -0.00 0.00 -80.00 0.00 0.00 -0.00 4.00 0.01 -0.08 -0.00 0.11 -1.57 -0.00 0.05 -0.77
-0.0000 0.0179 0.0000 0.00 -0.00 0.00 0.00 -0.00 0.00 0.00 -0.00 0.00 0.00 -0.00 0.00 0.00 -0.00 0.00 0.00 -0.00 0.00 0.00 -0.00 0.00 0.00 -0.00 0.00 0.00 -0.00 0.00 0.00 -0.00 0.00 0.00 -0.00 0.00 0.00 -0.00 0.00 0.00 -0.00 0.00 0.00 -0.00 0.00 0.00 -0.00 0.00 0.00 -0.00 0.00 0.00 -0.00 0.00 0.00 -0.00 0.00 0.00 -0.00 0.00 0.00 -0.00 0.00 0.00 -0.00 0.00 0.00 -0.00 0.00 0.00 -0.00 0.00 0.00 -0.00 0.00 0.00 -0.00 0.00 0.00 -0.00 0.00 0.00 -0.00 0.00 0.00 -0.00 0.00 0.00 -0.00 0.00 0.00 -0.00 0.00 0.00 -0.00 0.00 0.00 -0.00 0.00 0.00 -0.00 0.00 0.00 -0.00 0.00 0.00 -0.00 0.00 0.00 -0.00 0.00 0.00 -0.00 0.00 0.00 -0.00 0.00 0.00 -0.00 0.00 0.00 -0.00 0.00 0.00 -0.00 0.00 94.39 0.18 -156.33 0.01 -25.00 0.03 -11.23 0.58 43.47 -20.47 30.26 42.41 0.00 0.00 -0.00 -0.00 -0.00 -90.00 0.00 0.00 -100.00 -0.00 0.00 -80.00 0.00 0.00 -0.00 -0.00 -0.00 -90.00 0.00 0.00 -100.00 -0.00 0.00 -80.00 0.00 0.00 -0.00 -0.00 -0.00 -90.00 0.00 0.00 -100.00 -0.00 0.00 -80.00 0.00 0.00 -0.00 4.00 0.01 -0.08 -0.00 0.11 -1.57 -0.00 0.05 -0.77
-0.0000 0.0183 0.0000 0.00 -0.00 0.00 0.00 -0.00 0.00 0.00 -0.00 0.00 0.00 -0.00 0.00 0.00 -0.00 0.00 0.00 -0.00 0.00 0.00 -0.00 0.00 0.00 -0.00 0.00 0.00 -0.00 0.00 0.00 -0.00 0.00 0.00 -0.00 0.00 0.00 -0.00 0.00 0.00 -0.00 0.00 0.00 -0.00 0.00 0.00 -0.00 0.00 0.00 -0.00 0.00 0.00 -0.00 0.00 0.00 -0.00 0.00 0.00 -0.00 0.00 0.00 -0.00 0.00 0.00 -0.00 0.00 0.00 -0.00 0.00 0.00 -0.00 0.00 0.00 -0.00 0.00 0.00 -0.00 0.00 0.00 -0.00 0.00 0.00 -0.00 0.00 0.00 -0.00 0.00 0.00 -0.00 0.00 0.00 -0.00 0.00 0.00 -0.00 0.00 0.00 -0.00 0.00 0.00 -0.00 0.00 0.00 -0.00 0.00 0.00 -0.00 0.00 0.00 -0.00 0.00 0.00 -0.00 0.00 0.00 -0.00 0.00 0.00 -0.00 0.00 0.00 -0.00 0.00 0.00 -0.00 0.00 94.39 0.18 -156.33 0.01 -25.00 0.03 -11.23 0.58 43.47 -20.47 30.26 42.41 0.00 0.00 -0.00 -0.00 -0.00 -90.00 0.00 0.00 -100.00 -0.00 0.00 -80.00 0.00 0.00 -0.00 -0.00 -0.00 -90.00 0.00 0.00 -100.00 -0.00 0.00 -80.00 0.00 0.00 -0.00 -0.00 -0.00 -90.00 0.00 0.00 -100.00 -0.00 0.00 -80.00 0.00 0.00 -0.00 4.00 0.01 -0.08 -0.00 0.11 -1.57 -0.00 0.05 -0.77
-0.0000 0.0176 0.0000 0.00 -0.00 0.00 0.00 -0.00 0.00 0.00 -0.00 0.00 0.00 -0.00 0.00 0.00 -0.00 0.00 0.00 -0.00 0.00 0.00 -0.00 0.00 0.00 -0.00 0.00 0.00 -0.00 0.00 0.00 -0.00 0.00 0.00 -0.00 0.00 0.00 -0.00 0.00 0.00 -0.00 0.00 0.00 -0.00 0.00 0.00 -0.00 0.00 0.00 -0.00 0.00 0.00 -0.00 0.00 0.00 -0.00 0.00 0.00 -0.00 0.00 0.00 -0.00 0.00 0.00 -0.00 0.00 0.00 -0.00 0.00 0.00 -0.00 0.00 0.00 -0.00 0.00 0.00 -0.00 0.00 0.00 -0.00 0.00 0.00 -0.00 0.00 0.00 -0.00 0.00 0.00 -0.00 0.00 0.00 -0.00 0.00 0.00 -0.00 0.00 0.00 -0.00 0.00 0.00 -0.00 0.00 0.00 -0.00 0.00 0.00 -0.00 0.00 0.00 -0.00 0.00 0.00 -0.00 0.00 0.00 -0.00 0.00 0.00 -0.00 0.00 0.00 -0.00 0.00 0.00 -0.00 0.00 94.39 0.18 -156.33 0.01 -25.00 0.03 -11.23 0.58 43.47 -20.47 30.26 42.41 0.00 0.00 -0.00 -0.00 -0.00 -90.00 0.00 0.00 -100.00 -0.00 0.00 -80.00 0.00 0.00 -0.00 -0.00 -0.00 -90.00 0.00 0.00 -100.00 -0.00 0.00 -80.00 0.00 0.00 -0.00 -0.00 -0.00 -90.00 0.00 0.00 -100.00 -0.00 0.00 -80.00 0.00 0.00 -0.00 4.00 0.01 -0.08 -0.00 0.11 -1.57 -0.00 0.05 -0.77
-0.0000 0.0173 0.0000 0.00 -0.00 0.00 0.00 -0.00 0.00 0.00 -0.00 0.00 0.00 -0.00 0.00 0.00 -0.00 0.00 0.00 -0.00 0.00 0.00 -0.00 0.00 0.00 -0.00 0.00 0.00 -0.00 0.00 0.00 -0.00 0.00 0.00 -0.00 0.00 0.00 -0.00 0.00 0.00 -0.00 0.00 0.00 -0.00 0.00 0.00 -0.00 0.00 0.00 -0.00 0.00 0.00 -0.00 0.00 0.00 -0.00 0.00 0.00 -0.00 0.00 0.00 -0.00 0.00 0.00 -0.00 0.00 0.00 -0.00 0.00 0.00 -0.00 0.00 0.00 -0.00 0.00 0.00 -0.00 0.00 0.00 -0.00 0.00 0.00 -0.00 0.00 0.00 -0.00 0.00 0.00 -0.00 0.00 0.00 -0.00 0.00 0.00 -0.00 0.00 0.00 -0.00 0.00 0.00 -0.00 0.00 0.00 -0.00 0.00 0.00 -0.00 0.00 0.00 -0.00 0.00 0.00 -0.00 0.00 0.00 -0.00 0.00 0.00 -0.00 0.00 0.00 -0.00 0.00 0.00 -0.00 0.00 94.39 0.18 -156.33 0.01 -25.00 0.03 -11.23 0.58 43.47 -20.47 30.26 42.41 0.00 0.00 -0.00 -0.00 -0.00 -90.00 0.00 0.00 -100.00 -0.00 0.00 -80.00 0.00 0.00 -0.00 -0.00 -0.00 -90.00 0.00 0.00 -100.00 -0.00 0.00 -80.00 0.00 0.00 -0.00 -0.00 -0.00 -90.00 0.00 0.00 -100.00 -0.00 0.00 -80.00 0.00 0.00 -0.00 4.00 0.01 -0.08 -0.00 0.11 -1.57 -0.00 0.05 -0.77
-0.0000 0.0175 0.0000 0.00 -0.00 0.00 0.00 -0.00 0.00 0.00 -0.00 0.00 0.00 -0.00 0.00 0.00 -0.00 0.00 0.00 -0.00 0.00 0.00 -0.00 0.00 0.00 -0.00 0.00 0.00 -0.00 0.00 0.00 -0.00 0.00 0.00 -0.00 0.00 0.00 -0.00 0.00 0.00 -0.00 0.00 0.00 -0.00 0.00 0.00 -0.00 0.00 0.00 -0.00 0.00 0.00 -0.00 0.00 0.00 -0.00 0.00 0.00 -0.00 0.00 0.00 -0.00 0.00 0.00 -0.00 0.00 0.00 -0.00 0.00 0.00 -0.00 0.00 0.00 -0.00 0.00 0.00 -0.00 0.00 0.00 -0.00 0.00 0.00 -0.00 0.00 0.00 -0.00 0.00 0.00 -0.00 0.00 0.00 -0.00 0.00 0.00 -0.00 0.00 0.00 -0.00 0.00 0.00 -0.00 0.00 0.00 -0.00 0.00 0.00 -0.00 0.00 0.00 -0.00 0.00 0.00 -0.00 0.00 0.00 -0.00 0.00 0.00 -0.00 0.00 0.00 -0.00 0.00 0.00 -0.00 0.00 94.39 0.18 -156.33 0.01 -25.00 0.03 -11.23 0.58 43.47 -20.47 30.26 42.41 0.00 0.00 -0.00 -0.00 -0.00 -90.00 0.00 0.00 -100.00 -0.00 0.00 -80.00 0.00 0.00 -0.00 -0.00 -0.00 -90.00 0.00 0.00 -100.00 -0.00 0.00 -80.00 0.00 0.00 -0.00 -0.00 -0.00 -90.00 0.00 0.00 -100.00 -0.00 0.00 -80.00 0.00 0.00 -0.00 4.00 0.01 -0.08 -0.00 0.11 -1.57 -0.00 0.05 -0.77
-0.0000 0.0167 0.0000 0.00 -0.00 0.00 0.00 -0.00 0.00 0.00 -0.00 0.00 0.00 -0.00 0.00 0.00 -0.00 0.00 0.00 -0.00 0.00 0.00 -0.00 0.00 0.00 -0.00 0.00 0.00 -0.00 0.00 0.00 -0.00 0.00 0.00 -0.00 0.00 0.00 -0.00 0.00 0.00 -0.00 0.00 0.00 -0.00 0.00 0.00 -0.00 0.00 0.00 -0.00 0.00 0.00 -0.00 0.00 0.00 -0.00 0.00 0.00 -0.00 0.00 0.00 -0.00 0.00 0.00 -0.00 0.00 0.00 -0.00 0.00 0.00 -0.00 0.00 0.00 -0.00 0.00 0.00 -0.00 0.00 0.00 -0.00 0.00 0.00 -0.00 0.00 0.00 -0.00 0.00 0.00 -0.00 0.00 0.00 -0.00 0.00 0.00 -0.00 0.00 0.00 -0.00 0.00 0.00 -0.00 0.00 0.00 -0.00 0.00 0.00 -0.00 0.00 0.00 -0.00 0.00 0.00 -0.00 0.00 0.00 -0.00 0.00 0.00 -0.00 0.00 0.00 -0.00 0.00 0.00 -0.00 0.00 94.39 0.18 -156.33 0.01 -25.00 0.03 -11.23 0.58 43.47 -20.47 30.26 42.41 0.00 0.00 -0.00 -0.00 -0.00 -90.00 0.00 0.00 -100.00 -0.00 0.00 -80.00 0.00 0.00 -0.00 -0.00 -0.00 -90.00 0.00 0.00 -100.00 -0.00 0.00 -80.00 0.00 0.00 -0.00 -0.00 -0.00 -90.00 0.00 0.00 -100.00 -0.00 0.00 -80.00 0.00 0.00 -0.00 4.00 0.01 -0.08 -0.00 0.11 -1.57 -0.00 0.05 -0.77
-0.0000 0.0167 0.0000 0.00 -0.00 0.00 0.00 -0.00 0.00 0.00 -0.00 0.00 0.00 -0.00 0.00 0.00 -0.00 0.00 0.00 -0.00 0.00 0.00 -0.00 0.00 0.00 -0.00 0.00 0.00 -0.00 0.00 0.00 -0.00 0.00 0.00 -0.00 0.00 0.00 -0.00 0.00 0.00 -0.00 0.00 0.00 -0.00 0.00 0.00 -0.00 0.00 0.00 -0.00 0.00 0.00 -0.00 0.00 0.00 -0.00 0.00 0.00 -0.00 0.00 0.00 -0.00 0.00 0.00 -0.00 0.00 0.00 -0.00 0.00 0.00 -0.00 0.00 0.00 -0.00 0.00 0.00 -0.00 0.00 0.00 -0.00 0.00 0.00 -0.00 0.00 0.00 -0.00 0.00 0.00 -0.00 0.00 0.00 -0.00 0.00 0.00 -0.00 0.00 0.00 -0.00 0.00 0.00 -0.00 0.00 0.00 -0.00 0.00 0.00 -0.00 0.00 0.00 -0.00 0.00 0.00 -0.00 0.00 0.00 -0.00 0.00 0.00 -0.00 0.00 0.00 -0.00 0.00 0.00 -0.00 0.00 94.39 0.18 -156.33 0.01 -25.00 0.03 -11.23 0.58 43.47 -20.47 30.26 42.41 0.00 0.00 -0.00 -0.00 -0.00 -90.00 0.00 0.00 -100.00 -0.00 0.00 -80.00 0.00 0.00 -0.00 -0.00 -0.00 -90.00 0.00 0.00 -100.00 -0.00 0.00 -80.00 0.00 0.00 -0.00 -0.00 -0.00 -90.00 0.00 0.00 -100.00 -0.00 0.00 -80.00 0.00 0.00 -0.00 4.00 0.01 -0.08 -0.00 0.11 -1.57 -0.00 0.05 -0.77
-0.0000 0.0162 0.0000 0.00 -0.00 0.00 0.00 -0.00 0.00 0.00 -0.00 0.00 0.00 -0.00 0.00 0.00 -0.00 0.00 0.00 -0.00 0.00 0.00 -0.00 0.00 0.00 -0.00 0.00 0.00 -0.00 0.00 0.00 -0.00 0.00 0.00 -0.00 0.00 0.00 -0.00 0.00 0.00 -0.00 0.00 0.00 -0.00 0.00 0.00 -0.00 0.00 0.00 -0.00 0.00 0.00 -0.00 0.00 0.00 -0.00 0.00 0.00 -0.00 0.00 0.00 -0.00 0.00 0.00 -0.00 0.00 0.00 -0.00 0.00 0.00 -0.00 0.00 0.00 -0.00 0.00 0.00 -0.00 0.00 0.00 -0.00 0.00 0.00 -0.00 0.00 0.00 -0.00 0.00 0.00 -0.00 0.00 0.00 -0.00 0.00 0.00 -0.00 0.00 0.00 -0.00 0.00 0.00 -0.00 0.00 0.00 -0.00 0.00 0.00 -0.00 0.00 0.00 -0.00 0.00 0.00 -0.00 0.00 0.00 -0.00 0.00 0.00 -0.00 0.00 0.00 -0.00 0.00 0.00 -0.00 0.00 94.39 0.18 -156.33 0.01 -25.00 0.03 -11.23 0.58 43.47 -20.47 30.26 42.41 0.00 0.00 -0.00 -0.00 -0.00 -90.00 0.00 0.00 -100.00 -0.00 0.00 -80.00 0.00 0.00 -0.00 -0.00 -0.00 -90.00 0.00 0.00 -100.00 -0.00 0.00 -80.00 0.00 0.00 -0.00 -0.00 -0.00 -90.00 0.00 0.00 -100.00 -0.00 0.00 -80.00 0.00 0.00 -0.00 4.00 0.01 -0.08 -0.00 0.11 -1.57 -0.00 0.05 -0.77
-0.0000 0.0165 0.0000 0.00 -0.00 0.00 0.00 -0.00 0.00 0.00 -0.00 0.00 0.00 -0.00 0.00 0.00 -0.00 0.00 0.00 -0.00 0.00 0.00 -0.00 0.00 0.00 -0.00 0.00 0.00 -0.00 0.00 0.00 -0.00 0.00 0.00 -0.00 0.00 0.00 -0.00 0.00 0.00 -0.00 0.00 0.00 -0.00 0.00 0.00 -0.00 0.00 0.00 -0.00 0.00 0.00 -0.00 0.00 0.00 -0.00 0.00 0.00 -0.00 0.00 0.00 -0.00 0.00 0.00 -0.00 0.00 0.00 -0.00 0.00 0.00 -0.00 0.00 0.00 -0.00 0.00 0.00 -0.00 0.00 0.00 -0.00 0.00 0.00 -0.00 0.00 0.00 -0.00 0.00 0.00 -0.00 0.00 0.00 -0.00 0.00 0.00 -0.00 0.00 0.00 -0.00 0.00 0.00 -0.00 0.00 0.00 -0.00 0.00 0.00 -0.00 0.00 0.00 -0.00 0.00 0.00 -0.00 0.00 0.00 -0.00 0.00 0.00 -0.00 0.00 0.00 -0.00 0.00 0.00 -0.00 0.00 94.39 0.18 -156.33 0.01 -25.00 0.03 -11.23 0.58 43.47 -20.47 30.26 42.41 0.00 0.00 -0.00 -0.00 -0.00 -90.00 0.00 0.00 -100.00 -0.00 0.00 -80.00 0.00 0.00 -0.00 -0.00 -0.00 -90.00 0.00 0.00 -100.00 -0.00 0.00 -80.00 0.00 0.00 -0.00 -0.00 -0.00 -90.00 0.00 0.00 -100.00 -0.00 0.00 -80.00 0.00 0.00 -0.00 4.00 0.01 -0.08 -0.00 0.11 -1.57 -0.00 0.05 -0.77
-0.0000 0.0160 0.0000 0.00 -0.00 0.00 0.00 -0.00 0.00 0.00 -0.00 0.00 0.00 -0.00 0.00 0.00 -0.00 0.00 0.00 -0.00 0.00 0.00 -0.00 0.00 0.00 -0.00 0.00 0.00 -0.00 0.00 0.00 -0.00 0.00 0.00 -0.00 0.00 0.00 -0.00 0.00 0.00 -0.00 0.00 0.00 -0.00 0.00 0.00 -0.00 0.00 0.00 -0.00 0.00 0.00 -0.00 0.00 0.00 -0.00 0.00 0.00 -0.00 0.00 0.00 -0.00 0.00 0.00 -0.00 0.00 0.00 -0.00 0.00 0.00 -0.00 0.00 0.00 -0.00 0.00 0.00 -0.00 0.00 0.00 -0.00 0.00 0.00 -0.00 0.00 0.00 -0.00 0.00 0.00 -0.00 0.00 0.00 -0.00 0.00 0.00 -0.00 0.00 0.00 -0.00 0.00 0.00 -0.00 0.00 0.00 -0.00 0.00 0.00 -0.00 0.00 0.00 -0.00 0.00 0.00 -0.00 0.00 0.00 -0.00 0.00 0.00 -0.00 0.00 0.00 -0.00 0.00 0.00 -0.00 0.00 94.39 0.18 -156.33 0.01 -25.00 0.03 -11.23 0.58 43.47 -20.47 30.26 42.41 0.00 0.00 -0.00 -0.00 -0.00 -90.00 0.00 0.00 -100.00 -0.00 0.00 -80.00 0.00 0.00 -0.00 -0.00 -0.00 -90.00 0.00 0.00 -100.00 -0.00 0.00 -80.00 0.00 0.00 -0.00 -0.00 -0.00 -90.00 0.00 0.00 -100.00 -0.00 0.00 -80.00 0.00 0.00 -0.00 4.00 0.01 -0.08 -0.00 0.11 -1.57 -0.00 0.05 -0.77
-0.0000 0.0149 0.0000 0.00 -0.00 0.00 0.00 -0.00 0.00 0.00 -0.00 0.00 0.00 -0.00 0.00 0.00 -0.00 0.00 0.00 -0.00 0.00 0.00 -0.00 0.00 0.00 -0.00 0.00 0.00 -0.00 0.00 0.00 -0.00 0.00 0.00 -0.00 0.00 0.00 -0.00 0.00 0.00 -0.00 0.00 0.00 -0.00 0.00 0.00 -0.00 0.00 0.00 -0.00 0.00 0.00 -0.00 0.00 0.00 -0.00 0.00 0.00 -0.00 0.00 0.00 -0.00 0.00 0.00 -0.00 0.00 0.00 -0.00 0.00 0.00 -0.00 0.00 0.00 -0.00 0.00 0.00 -0.00 0.00 0.00 -0.00 0.00 0.00 -0.00 0.00 0.00 -0.00 0.00 0.00 -0.00 0.00 0.00 -0.00 0.00 0.00 -0.00 0.00 0.00 -0.00 0.00 0.00 -0.00 0.00 0.00 -0.00 0.00 0.00 -0.00 0.00 0.00 -0.00 0.00 0.00 -0.00 0.00 0.00 -0.00 0.00 0.00 -0.00 0.00 0.00 -0.00 0.00 0.00 -0.00 0.00 94.39 0.18 -156.33 0.01 -25.00 0.03 -11.23 0.58 43.47 -20.47 30.26 42.41 0.00 0.00 -0.00 -0.00 -0.00 -90.00 0.00 0.00 -100.00 -0.00 0.00 -80.00 0.00 0.00 -0.00 -0.00 -0.00 -90.00 0.00 0.00 -100.00 -0.00 0.00 -80.00 0.00 0.00 -0.00 -0.00 -0.00 -90.00 0.00 0.00 -100.00 -0.00 0.00 -80.00 0.00 0.00 -0.00 4.00 0.01 -0.08 -0.00 0.11 -1.57 -0.00 0.05 -0.77
-0.0000 0.0153 0.0000 0.00 -0.00 0.00 0.00 -0.00 0.00 0.00 -0.00 0.00 0.00 -0.00 0.00 0.00 -0.00 0.00 0.00 -0.00 0.00 0.00 -0.00 0.00 0.00 -0.00 0.00 0.00 -0.00 0.00 0.00 -0.00 0.00 0.00 -0.00 0.00 0.00 -0.00 0.00 0.00 -0.00 0.00 0.00 -0.00 0.00 0.00 -0.00 0.00 0.00 -0.00 0.00 0.00 -0.00 0.00 0.00 -0.00 0.00 0.00 -0.00 0.00 0.00 -0.00 0.00 0.00 -0.00 0.00 0.00 -0.00 0.00 0.00 -0.00 0.00 0.00 -0.00 0.00 0.00 -0.00 0.00 0.00 -0.00 0.00 0.00 -0.00 0.00 0.00 -0.00 0.00 0.00 -0.00 0.00 0.00 -0.00 0.00 0.00 -0.00 0.00 0.00 -0.00 0.00 0.00 -0.00 0.00 0.00 -0.00 0.00 0.00 -0.00 0.00 0.00 -0.00 0.00 0.00 -0.00 0.00 0.00 -0.00 0.00 0.00 -0.00 0.00 0.00 -0.00 0.00 0.00 -0.00 0.00 94.39 0.18 -156.33 0.01 -25.00 0.03 -11.23 0.58 43.47 -20.47 30.26 42.41 0.00 0.00 -0.00 -0.00 -0.00 -90.00 0.00 0.00 -100.00 -0.00 0.00 -80.00 0.00 0.00 -0.00 -0.00 -0.00 -90.00 0.00 0.00 -100.00 -0.00 0.00 -80.00 0.00 0.00 -0.00 -0.00 -0.00 -90.00 0.00 0.00 -100.00 -0.00 0.00 -80.00 0.00 0.00 -0.00 4.00 0.01 -0.08 -0.00 0.11 -1.57 -0.00 0.05 -0.77
-0.0000 0.0153 0.0000 0.00 -0.00 0.00 0.00 -0.00 0.00 0.00 -0.00 0.00 0.00 -0.00 0.00 0.00 -0.00 0.00 0.00 -0.00 0.00 0.00 -0.00 0.00 0.00 -0.00 0.00 0.00 -0.00 0.00 0.00 -0.00 0.00 0.00 -0.00 0.00 0.00 -0.00 0.00 0.00 -0.00 0.00 0.00 -0.00 0.00 0.00 -0.00 0.00 0.00 -0.00 0.00 0.00 -0.00 0.00 0.00 -0.00 0.00 0.00 -0.00 0.00 0.00 -0.00 0.00 0.00 -0.00 0.00 0.00 -0.00 0.00 0.00 -0.00 0.00 0.00 -0.00 0.00 0.00 -0.00 0.00 0.00 -0.00 0.00 0.00 -0.00 0.00 0.00 -0.00 0.00 0.00 -0.00 0.00 0.00 -0.00 0.00 0.00 -0.00 0.00 0.00 -0.00 0.00 0.00 -0.00 0.00 0.00 -0.00 0.00 0.00 -0.00 0.00 0.00 -0.00 0.00 0.00 -0.00 0.00 0.00 -0.00 0.00 0.00 -0.00 0.00 0.00 -0.00 0.00 0.00 -0.00 0.00 94.39 0.18 -156.33 0.01 -25.00 0.03 -11.23 0.58 43.47 -20.47 30.26 42.41 0.00 0.00 -0.00 -0.00 -0.00 -90.00 0.00 0.00 -100.00 -0.00 0.00 -80.00 0.00 0.00 -0.00 -0.00 -0.00 -90.00 0.00 0.00 -100.00 -0.00 0.00 -80.00 0.00 0.00 -0.00 -0.00 -0.00 -90.00 0.00 0.00 -100.00 -0.00 0.00 -80.00 0.00 0.00 -0.00 4.00 0.01 -0.08 -0.00 0.11 -1.57 -0.00 0.05 -0.77
-0.0000 0.0158 0.0000 0.00 -0.00 0.00 0.00 -0.00 0.00 0.00 -0.00 0.00 0.00 -0.00 0.00 0.00 -0.00 0.00 0.00 -0.00 0.00 0.00 -0.00 0.00 0.00 -0.00 0.00 0.00 -0.00 0.00 0.00 -0.00 0.00 0.00 -0.00 0.00 0.00 -0.00 0.00 0.00 -0.00 0.00 0.00 -0.00 0.00 0.00 -0.00 0.00 0.00 -0.00 0.00 0.00 -0.00 0.00 0.00 -0.00 0.00 0.00 -0.00 0.00 0.00 -0.00 0.00 0.00 -0.00 0.00 0.00 -0.00 0.00 0.00 -0.00 0.00 0.00 -0.00 0.00 0.00 -0.00 0.00 0.00 -0.00 0.00 0.00 -0.00 0.00 0.00 -0.00 0.00 0.00 -0.00 0.00 0.00 -0.00 0.00 0.00 -0.00 0.00 0.00 -0.00 0.00 0.00 -0.00 0.00 0.00 -0.00 0.00 0.00 -0.00 0.00 0.00 -0.00 0.00 0.00 -0.00 0.00 0.00 -0.00 0.00 0.00 -0.00 0.00 0.00 -0.00 0.00 0.00 -0.00 0.00 94.39 0.18 -156.33 0.01 -25.00 0.03 -11.23 0.58 43.47 -20.47 30.26 42.41 0.00 0.00 -0.00 -0.00 -0.00 -90.00 0.00 0.00 -100.00 -0.00 0.00 -80.00 0.00 0.00 -0.00 -0.00 -0.00 -90.00 0.00 0.00 -100.00 -0.00 0.00 -80.00 0.00 0.00 -0.00 -0.00 -0.00 -90.00 0.00 0.00 -100.00 -0.00 0.00 -80.00 0.00 0.00 -0.00 4.00 0.01 -0.08 -0.00 0.11 -1.57 -0.00 0.05 -0.77
-0.0000 0.0147 0.0000 0.00 -0.00 0.00 0.00 -0.00 0.00 0.00 -0.00 0.00 0.00 -0.00 0.00 0.00 -0.00 0.00 0.00 -0.00 0.00 0.00 -0.00 0.00 0.00 -0.00 0.00 0.00 -0.00 0.00 0.00 -0.00 0.00 0.00 -0.00 0.00 0.00 -0.00 0.00 0.00 -0.00 0.00 0.00 -0.00 0.00 0.00 -0.00 0.00 0.00 -0.00 0.00 0.00 -0.00 0.00 0.00 -0.00 0.00 0.00 -0.00 0.00 0.00 -0.00 0.00 0.00 -0.00 0.00 0.00 -0.00 0.00 0.00 -0.00 0.00 0.00 -0.00 0.00 0.00 -0.00 0.00 0.00 -0.00 0.00 0.00 -0.00 0.00 0.00 -0.00 0.00 0.00 -0.00 0.00 0.00 -0.00 0.00 0.00 -0.00 0.00 0.00 -0.00 0.00 0.00 -0.00 0.00 0.00 -0.00 0.00 0.00 -0.00 0.00 0.00 -0.00 0.00 0.00 -0.00 0.00 0.00 -0.00 0.00 0.00 -0.00 0.00 0.00 -0.00 0.00 0.00 -0.00 0.00 94.39 0.18 -156.33 0.01 -25.00 0.03 -11.23 0.58 43.47 -20.47 30.26 42.41 0.00 0.00 -0.00 -0.00 -0.00 -90.00 0.00 0.00 -100.00 -0.00 0.00 -80.00 0.00 0.00 -0.00 -0.00 -0.00 -90.00 0.00 0.00 -100.00 -0.00 0.00 -80.00 0.00 0.00 -0.00 -0.00 -0.00 -90.00 0.00 0.00 -100.00 -0.00 0.00 -80.00 0.00 0.00 -0.00 4.00 0.01 -0.08 -0.00 0.11 -1.57 -0.00 0.05 -0.77
-0.0000 0.0146 0.0000 0.00 -0.00 0.00 0.00 -0.00 0.00 0.00 -0.00 0.00 0.00 -0.00 0.00 0.00 -0.00 0.00 0.00 -0.00 0.00 0.00 -0.00 0.00 0.00 -0.00 0.00 0.00 -0.00 0.00 0.00 -0.00 0.00 0.00 -0.00 0.00 0.00 -0.00 0.00 0.00 -0.00 0.00 0.00 -0.00 0.00 0.00 -0.00 0.00 0.00 -0.00 0.00 0.00 -0.00 0.00 0.00 -0.00 0.00 0.00 -0.00 0.00 0.00 -0.00 0.00 0.00 -0.00 0.00 0.00 -0.00 0.00 0.00 -0.00 0.00 0.00 -0.00 0.00 0.00 -0.00 0.00 0.00 -0.00 0.00 0.00 -0.00 0.00 0.00 -0.00 0.00 0.00 -0.00 0.00 0.00 -0.00 0.00 0.00 -0.00 0.00 0.00 -0.00 0.00 0.00 -0.00 0.00 0.00 -0.00 0.00 0.00 -0.00 0.00 0.00 -0.00 0.00 0.00 -0.00 0.00 0.00 -0.00 0.00 0.00 -0.00 0.00 0.00 -0.00 0.00 0.00 -0.00 0.00 94.39 0.18 -156.33 0.01 -25.00 0.03 -11.23 0.58 43.47 -20.47 30.26 42.41 0.00 0.00 -0.00 -0.00 -0.00 -90.00 0.00 0.00 -100.00 -0.00 0.00 -80.00 0.00 0.00 -0.00 -0.00 -0.00 -90.00 0.00 0.00 -100.00 -0.00 0.00 -80.00 0.00 0.00 -0.00 -0.00 -0.00 -90.00 0.00 0.00 -100.00 -0.00 0.00 -80.00 0.00 0.00 -0.00 4.00 0.01 -0.08 -0.00 0.11 -1.57 -0.00 0.05 -0.77
-0.0000 0.0154 0.0000 0.00 -0.00 0.00 0.00 -0.00 0.00 0.00 -0.00 0.00 0.00 -0.00 0.00 0.00 -0.00 0.00 0.00 -0.00 0.00 0.00 -0.00 0.00 0.00 -0.00 0.00 0.00 -0.00 0.00 0.00 -0.00 0.00 0.00 -0.00 0.00 0.00 -0.00 0.00 0.00 -0.00 0.00 0.00 -0.00 0.00 0.00 -0.00 0.00 0.00 -0.00 0.00 0.00 -0.00 0.00 0.00 -0.00 0.00 0.00 -0.00 0.00 0.00 -0.00 0.00 0.00 -0.00 0.00 0.00 -0.00 0.00 0.00 -0.00 0.00 0.00 -0.00 0.00 0.00 -0.00 0.00 0.00 -0.00 0.00 0.00 -0.00 0.00 0.00 -0.00 0.00 0.00 -0.00 0.00 0.00 -0.00 0.00 0.00 -0.00 0.00 0.00 -0.00 0.00 0.00 -0.00 0.00 0.00 -0.00 0.00 0.00 -0.00 0.00 0.00 -0.00 0.00 0.00 -0.00 0.00 0.00 -0.00 0.00 0.00 -0.00 0.00 0.00 -0.00 0.00 0.00 -0.00 0.00 94.39 0.18 -156.33 0.01 -25.00 0.03 -11.23 0.58 43.47 -20.47 30.26 42.41 0.00 0.00 -0.00 -0.00 -0.00 -90.00 0.00 0.00 -100.00 -0.00 0.00 -80.00 0.00 0.00 -0.00 -0.00 -0.00 -90.00 0.00 0.00 -100.00 -0.00 0.00 -80.00 0.00 0.00 -0.00 -0.00 -0.00 -90.00 0.00 0.00 -100.00 -0.00 0.00 -80.00 0.00 0.00 -0.00 4.00 0.01 -0.08 -0.00 0.11 -1.57 -0.00 0.05 -0.77
-0.0000 0.0155 0.0000 0.00 -0.00 0.00 0.00 -0.00 0.00 0.00 -0.00 0.00 0.00 -0.00 0.00 0.00 -0.00 0.00 0.00 -0.00 0.00 0.00 -0.00 0.00 0.00 -0.00 0.00 0.00 -0.00 0.00 0.00 -0.00 0.00 0.00 -0.00 0.00 0.00 -0.00 0.00 0.00 -0.00 0.00 0.00 -0.00 0.00 0.00 -0.00 0.00 0.00 -0.00 0.00 0.00 -0.00 0.00 0.00 -0.00 0.00 0.00 -0.00 0.00 0.00 -0.00 0.00 0.00 -0.00 0.00 0.00 -0.00 0.00 0.00 -0.00 0.00 0.00 -0.00 0.00 0.00 -0.00 0.00 0.00 -0.00 0.00 0.00 -0.00 0.00 0.00 -0.00 0.00 0.00 -0.00 0.00 0.00 -0.00 0.00 0.00 -0.00 0.00 0.00 -0.00 0.00 0.00 -0.00 0.00 0.00 -0.00 0.00 0.00 -0.00 0.00 0.00 -0.00 0.00 0.00 -0.00 0.00 0.00 -0.00 0.00 0.00 -0.00 0.00 0.00 -0.00 0.00 0.00 -0.00 0.00 94.39 0.18 -156.33 0.01 -25.00 0.03 -11.23 0.58 43.47 -20.47 30.26 42.41 0.00 0.00 -0.00 -0.00 -0.00 -90.00 0.00 0.00 -100.00 -0.00 0.00 -80.00 0.00 0.00 -0.00 -0.00 -0.00 -90.00 0.00 0.00 -100.00 -0.00 0.00 -80.00 0.00 0.00 -0.00 -0.00 -0.00 -90.00 0.00 0.00 -100.00 -0.00 0.00 -80.00 0.00 0.00 -0.00 4.00 0.01 -0.08 -0.00 0.11 -1.57 -0.00 0.05 -0.77
-0.0000 0.0154 0.0000 0.00 -0.00 0.00 0.00 -0.00 0.00 0.00 -0.00 0.00 0.00 -0.00 0.00 0.00 -0.00 0.00 0.00 -0.00 0.00 0.00 -0.00 0.00 0.00 -0.00 0.00 0.00 -0.00 0.00 0.00 -0.00 0.00 0.00 -0.00 0.00 0.00 -0.00 0.00 0.00 -0.00 0.00 0.00 -0.00 0.00 0.00 -0.00 0.00 0.00 -0.00 0.00 0.00 -0.00 0.00 0.00 -0.00 0.00 0.00 -0.00 0.00 0.00 -0.00 0.00 0.00 -0.00 0.00 0.00 -0.00 0.00 0.00 -0.00 0.00 0.00 -0.00 0.00 0.00 -0.00 0.00 0.00 -0.00 0.00 0.00 -0.00 0.00 0.00 -0.00 0.00 0.00 -0.00 0.00 0.00 -0.00 0.00 0.00 -0.00 0.00 0.00 -0.00 0.00 0.00 -0.00 0.00 0.00 -0.00 0.00 0.00 -0.00 0.00 0.00 -0.00 0.00 0.00 -0.00 0.00 0.00 -0.00 0.00 0.00 -0.00 0.00 0.00 -0.00 0.00 0.00 -0.00 0.00 94.39 0.18 -156.33 0.01 -25.00 0.03 -11.23 0.58 43.47 -20.47 30.26 42.41 0.00 0.00 -0.00 -0.00 -0.00 -90.00 0.00 0.00 -100.00 -0.00 0.00 -80.00 0.00 0.00 -0.00 -0.00 -0.00 -90.00 0.00 0.00 -100.00 -0.00 0.00 -80.00 0.00 0.00 -0.00 -0.00 -0.00 -90.00 0.00 0.00 -100.00 -0.00 0.00 -80.00 0.00 0.00 -0.00 4.00 0.01 -0.08 -0.00 0.11 -1.57 -0.00 0.05 -0.77
-0.0000 0.0152 0.0000 0.00 -0.00 0.00 0.00 -0.00 0.00 0.00 -0.00 0.00 0.00 -0.00 0.00 0.00 -0.00 0.00 0.00 -0.00 0.00 0.00 -0.00 0.00 0.00 -0.00 0.00 0.00 -0.00 0.00 0.00 -0.00 0.00 0.00 -0.00 0.00 0.00 -0.00 0.00 0.00 -0.00 0.00 0.00 -0.00 0.00 0.00 -0.00 0.00 0.00 -0.00 0.00 0.00 -0.00 0.00 0.00 -0.00 0.00 0.00 -0.00 0.00 0.00 -0.00 0.00 0.00 -0.00 0.00 0.00 -0.00 0.00 0.00 -0.00 0.00 0.00 -0.00 0.00 0.00 -0.00 0.00 0.00 -0.00 0.00 0.00 -0.00 0.00 0.00 -0.00 0.00 0.00 -0.00 0.00 0.00 -0.00 0.00 0.00 -0.00 0.00 0.00 -0.00 0.00 0.00 -0.00 0.00 0.00 -0.00 0.00 0.00 -0.00 0.00 0.00 -0.00 0.00 0.00 -0.00 0.00 0.00 -0.00 0.00 0.00 -0.00 0.00 0.00 -0.00 0.00 0.00 -0.00 0.00 94.39 0.18 -156.33 0.01 -25.00 0.03 -11.23 0.58 43.47 -20.47 30.26 42.41 0.00 0.00 -0.00 -0.00 -0.00 -90.00 0.00 0.00 -100.00 -0.00 0.00 -80.00 0.00 0.00 -0.00 -0.00 -0.00 -90.00 0.00 0.00 -100.00 -0.00 0.00 -80.00 0.00 0.00 -0.00 -0.00 -0.00 -90.00 0.00 0.00 -100.00 -0.00 0.00 -80.00 0.00 0.00 -0.00 4.00 0.01 -0.08 -0.00 0.11 -1.57 -0.00 0.05 -0.77
-0.0000 0.0150 0.0000 0.00 -0.00 0.00 0.00 -0.00 0.00 0.00 -0.00 0.00 0.00 -0.00 0.00 0.00 -0.00 0.00 0.00 -0.00 0.00 0.00 -0.00 0.00 0.00 -0.00 0.00 0.00 -0.00 0.00 0.00 -0.00 0.00 0.00 -0.00 0.00 0.00 -0.00 0.00 0.00 -0.00 0.00 0.00 -0.00 0.00 0.00 -0.00 0.00 0.00 -0.00 0.00 0.00 -0.00 0.00 0.00 -0.00 0.00 0.00 -0.00 0.00 0.00 -0.00 0.00 0.00 -0.00 0.00 0.00 -0.00 0.00 0.00 -0.00 0.00 0.00 -0.00 0.00 0.00 -0.00 0.00 0.00 -0.00 0.00 0.00 -0.00 0.00 0.00 -0.00 0.00 0.00 -0.00 0.00 0.00 -0.00 0.00 0.00 -0.00 0.00 0.00 -0.00 0.00 0.00 -0.00 0.00 0.00 -0.00 0.00 0.00 -0.00 0.00 0.00 -0.00 0.00 0.00 -0.00 0.00 0.00 -0.00 0.00 0.00 -0.00 0.00 0.00 -0.00 0.00 0.00 -0.00 0.00 94.39 0.18 -156.33 0.01 -25.00 0.03 -11.23 0.58 43.47 -20.47 30.26 42.41 0.00 0.00 -0.00 -0.00 -0.00 -90.00 0.00 0.00 -100.00 -0.00 0.00 -80.00 0.00 0.00 -0.00 -0.00 -0.00 -90.00 0.00 0.00 -100.00 -0.00 0.00 -80.00 0.00 0.00 -0.00 -0.00 -0.00 -90.00 0.00 0.00 -100.00 -0.00 0.00 -80.00 0.00 0.00 -0.00 4.00 0.01 -0.08 -0.00 0.11 -1.57 -0.00 0.05 -0.77
-0.0000 0.0154 0.0000 0.00 -0.00 0.00 0.00 -0.00 0.00 0.00 -0.00 0.00 0.00 -0.00 0.00 0.00 -0.00 0.00 0.00 -0.00 0.00 0.00 -0.00 0.00 0.00 -0.00 0.00 0.00 -0.00 0.00 0.00 -0.00 0.00 0.00 -0.00 0.00 0.00 -0.00 0.00 0.00 -0.00 0.00 0.00 -0.00 0.00 0.00 -0.00 0.00 0.00 -0.00 0.00 0.00 -0.00 0.00 0.00 -0.00 0.00 0.00 -0.00 0.00 0.00 -0.00 0.00 0.00 -0.00 0.00 0.00 -0.00 0.00 0.00 -0.00 0.00 0.00 -0.00 0.00 0.00 -0.00 0.00 0.00 -0.00 0.00 0.00 -0.00 0.00 0.00 -0.00 0.00 0.00 -0.00 0.00 0.00 -0.00 0.00 0.00 -0.00 0.00 0.00 -0.00 0.00 0.00 -0.00 0.00 0.00 -0.00 0.00 0.00 -0.00 0.00 0.00 -0.00 0.00 0.00 -0.00 0.00 0.00 -0.00 0.00 0.00 -0.00 0.00 0.00 -0.00 0.00 0.00 -0.00 0.00 94.39 0.18 -156.33 0.01 -25.00 0.03 -11.23 0.58 43.47 -20.47 30.26 42.41 0.00 0.00 -0.00 -0.00 -0.00 -90.00 0.00 0.00 -100.00 -0.00 0.00 -80.00 0.00 0.00 -0.00 -0.00 -0.00 -90.00 0.00 0.00 -100.00 -0.00 0.00 -80.00 0.00 0.00 -0.00 -0.00 -0.00 -90.00 0.00 0.00 -100.00 -0.00 0.00 -80.00 0.00 0.00 -0.00 4.00 0.01 -0.08 -0.00 0.11 -1.57 -0.00 0.05 -0.77
-0.0000 0.0160 0.0000 0.00 -0.00 0.00 0.00 -0.00 0.00 0.00 -0.00 0.00 0.00 -0.00 0.00 0.00 -0.00 0.00 0.00 -0.00 0.00 0.00 -0.00 0.00 0.00 -0.00 0.00 0.00 -0.00 0.00 0.00 -0.00 0.00 0.00 -0.00 0.00 0.00 -0.00 0.00 0.00 -0.00 0.00 0.00 -0.00 0.00 0.00 -0.00 0.00 0.00 -0.00 0.00 0.00 -0.00 0.00 0.00 -0.00 0.00 0.00 -0.00 0.00 0.00 -0.00 0.00 0.00 -0.00 0.00 0.00 -0.00 0.00 0.00 -0.00 0.00 0.00 -0.00 0.00 0.00 -0.00 0.00 0.00 -0.00 0.00 0.00 -0.00 0.00 0.00 -0.00 0.00 0.00 -0.00 0.00 0.00 -0.00 0.00 0.00 -0.00 0.00 0.00 -0.00 0.00 0.00 -0.00 0.00 0.00 -0.00 0.00 0.00 -0.00 0.00 0.00 -0.00 0.00 0.00 -0.00 0.00 0.00 -0.00 0.00 0.00 -0.00 0.00 0.00 -0.00 0.00 0.00 -0.00 0.00 94.39 0.18 -156.33 0.01 -25.00 0.03 -11.23 0.58 43.47 -20.47 30.26 42.41 0.00 0.00 -0.00 -0.00 -0.00 -90.00 0.00 0.00 -100.00 -0.00 0.00 -80.00 0.00 0.00 -0.00 -0.00 -0.00 -90.00 0.00 0.00 -100.00 -0.00 0.00 -80.00 0.00 0.00 -0.00 -0.00 -0.00 -90.00 0.00 0.00 -100.00 -0.00 0.00 -80.00 0.00 0.00 -0.00 4.00 0.01 -0.08 -0.00 0.11 -1.57 -0.00 0.05 -0.77
-0.0000 0.0159 0.0000 0.00 -0.00 0.00 0.00 -0.00 0.00 0.00 -0.00 0.00 0.00 -0.00 0.00 0.00 -0.00 0.00 0.00 -0.00 0.00 0.00 -0.00 0.00 0.00 -0.00 0.00 0.00 -0.00 0.00 0.00 -0.00 0.00 0.00 -0.00 0.00 0.00 -0.00 0.00 0.00 -0.00 0.00 0.00 -0.00 0.00 0.00 -0.00 0.00 0.00 -0.00 0.00 0.00 -0.00 0.00 0.00 -0.00 0.00 0.00 -0.00 0.00 0.00 -0.00 0.00 0.00 -0.00 0.00 0.00 -0.00 0.00 0.00 -0.00 0.00 0.00 -0.00 0.00 0.00 -0.00 0.00 0.00 -0.00 0.00 0.00 -0.00 0.00 0.00 -0.00 0.00 0.00 -0.00 0.00 0.00 -0.00 0.00 0.00 -0.00 0.00 0.00 -0.00 0.00 0.00 -0.00 0.00 0.00 -0.00 0.00 0.00 -0.00 0.00 0.00 -0.00 0.00 0.00 -0.00 0.00 0.00 -0.00 0.00 0.00 -0.00 0.00 0.00 -0.00 0.00 0.00 -0.00 0.00 94.39 0.18 -156.33 0.01 -25.00 0.03 -11.23 0.58 43.47 -20.47 30.26 42.41 0.00 0.00 -0.00 -0.00 -0.00 -90.00 0.00 0.00 -100.00 -0.00 0.00 -80.00 0.00 0.00 -0.00 -0.00 -0.00 -90.00 0.00 0.00 -100.00 -0.00 0.00 -80.00 0.00 0.00 -0.00 -0.00 -0.00 -90.00 0.00 0.00 -100.00 -0.00 0.00 -80.00 0.00 0.00 -0.00 4.00 0.01 -0.08 -0.00 0.11 -1.57 -0.00 0.05 -0.77
-0.0000 0.0156 0.0000 0.00 -0.00 0.00 0.00 -0.00 0.00 0.00 -0.00 0.00 0.00 -0.00 0.00 0.00 -0.00 0.00 0.00 -0.00 0.00 0.00 -0.00 0.00 0.00 -0.00 0.00 0.00 -0.00 0.00 0.00 -0.00 0.00 0.00 -0.00 0.00 0.00 -0.00 0.00 0.00 -0.00 0.00 0.00 -0.00 0.00 0.00 -0.00 0.00 0.00 -0.00 0.00 0.00 -0.00 0.00 0.00 -0.00 0.00 0.00 -0.00 0.00 0.00 -0.00 0.00 0.00 -0.00 0.00 0.00 -0.00 0.00 0.00 -0.00 0.00 0.00 -0.00 0.00 0.00 -0.00 0.00 0.00 -0.00 0.00 0.00 -0.00 0.00 0.00 -0.00 0.00 0.00 -0.00 0.00 0.00 -0.00 0.00 0.00 -0.00 0.00 0.00 -0.00 0.00 0.00 -0.00 0.00 0.00 -0.00 0.00 0.00 -0.00 0.00 0.00 -0.00 0.00 0.00 -0.00 0.00 0.00 -0.00 0.00 0.00 -0.00 0.00 0.00 -0.00 0.00 0.00 -0.00 0.00 94.39 0.18 -156.33 0.01 -25.00 0.03 -11.23 0.58 43.47 -20.47 30.26 42.41 0.00 0.00 -0.00 -0.00 -0.00 -90.00 0.00 0.00 -100.00 -0.00 0.00 -80.00 0.00 0.00 -0.00 -0.00 -0.00 -90.00 0.00 0.00 -100.00 -0.00 0.00 -80.00 0.00 0.00 -0.00 -0.00 -0.00 -90.00 0.00 0.00 -100.00 -0.00 0.00 -80.00 0.00 0.00 -0.00 4.00 0.01 -0.08 -0.00 0.11 -1.57 -0.00 0.05 -0.77
-0.0000 0.0158 0.0000 0.00 -0.00 0.00 0.00 -0.00 0.00 0.00 -0.00 0.00 0.00 -0.00 0.00 0.00 -0.00 0.00 0.00 -0.00 0.00 0.00 -0.00 0.00 0.00 -0.00 0.00 0.00 -0.00 0.00 0.00 -0.00 0.00 0.00 -0.00 0.00 0.00 -0.00 0.00 0.00 -0.00 0.00 0.00 -0.00 0.00 0.00 -0.00 0.00 0.00 -0.00 0.00 0.00 -0.00 0.00 0.00 -0.00 0.00 0.00 -0.00 0.00 0.00 -0.00 0.00 0.00 -0.00 0.00 0.00 -0.00 0.00 0.00 -0.00 0.00 0.00 -0.00 0.00 0.00 -0.00 0.00 0.00 -0.00 0.00 0.00 -0.00 0.00 0.00 -0.00 0.00 0.00 -0.00 0.00 0.00 -0.00 0.00 0.00 -0.00 0.00 0.00 -0.00 0.00 0.00 -0.00 0.00 0.00 -0.00 0.00 0.00 -0.00 0.00 0.00 -0.00 0.00 0.00 -0.00 0.00 0.00 -0.00 0.00 0.00 -0.00 0.00 0.00 -0.00 0.00 0.00 -0.00 0.00 94.39 0.18 -156.33 0.01 -25.00 0.03 -11.23 0.58 43.47 -20.47 30.26 42.41 0.00 0.00 -0.00 -0.00 -0.00 -90.00 0.00 0.00 -100.00 -0.00 0.00 -80.00 0.00 0.00 -0.00 -0.00 -0.00 -90.00 0.00 0.00 -100.00 -0.00 0.00 -80.00 0.00 0.00 -0.00 -0.00 -0.00 -90.00 0.00 0.00 -100.00 -0.00 0.00 -80.00 0.00 0.00 -0.00 4.00 0.01 -0.08 -0.00 0.11 -1.57 -0.00 0.05 -0.77
-0.0000 0.0154 0.0000 0.00 -0.00 0.00 0.00 -0.00 0.00 0.00 -0.00 0.00 0.00 -0.00 0.00 0.00 -0.00 0.00 0.00 -0.00 0.00 0.00 -0.00 0.00 0.00 -0.00 0.00 0.00 -0.00 0.00 0.00 -0.00 0.00 0.00 -0.00 0.00 0.00 -0.00 0.00 0.00 -0.00 0.00 0.00 -0.00 0.00 0.00 -0.00 0.00 0.00 -0.00 0.00 0.00 -0.00 0.00 0.00 -0.00 0.00 0.00 -0.00 0.00 0.00 -0.00 0.00 0.00 -0.00 0.00 0.00 -0.00 0.00 0.00 -0.00 0.00 0.00 -0.00 0.00 0.00 -0.00 0.00 0.00 -0.00 0.00 0.00 -0.00 0.00 0.00 -0.00 0.00 0.00 -0.00 0.00 0.00 -0.00 0.00 0.00 -0.00 0.00 0.00 -0.00 0.00 0.00 -0.00 0.00 0.00 -0.00 0.00 0.00 -0.00 0.00 0.00 -0.00 0.00 0.00 -0.00 0.00 0.00 -0.00 0.00 0.00 -0.00 0.00 0.00 -0.00 0.00 0.00 -0.00 0.00 94.39 0.18 -156.33 0.01 -25.00 0.03 -11.23 0.58 43.47 -20.47 30.26 42.41 0.00 0.00 -0.00 -0.00 -0.00 -90.00 0.00 0.00 -100.00 -0.00 0.00 -80.00 0.00 0.00 -0.00 -0.00 -0.00 -90.00 0.00 0.00 -100.00 -0.00 0.00 -80.00 0.00 0.00 -0.00 -0.00 -0.00 -90.00 0.00 0.00 -100.00 -0.00 0.00 -80.00 0.00 0.00 -0.00 4.00 0.01 -0.08 -0.00 0.11 -1.57 -0.00 0.05 -0.77
-0.0000 0.0160 0.0000 0.00 -0.00 0.00 0.00 -0.00 0.00 0.00 -0.00 0.00 0.00 -0.00 0.00 0.00 -0.00 0.00 0.00 -0.00 0.00 0.00 -0.00 0.00 0.00 -0.00 0.00 0.00 -0.00 0.00 0.00 -0.00 0.00 0.00 -0.00 0.00 0.00 -0.00 0.00 0.00 -0.00 0.00 0.00 -0.00 0.00 0.00 -0.00 0.00 0.00 -0.00 0.00 0.00 -0.00 0.00 0.00 -0.00 0.00 0.00 -0.00 0.00 0.00 -0.00 0.00 0.00 -0.00 0.00 0.00 -0.00 0.00 0.00 -0.00 0.00 0.00 -0.00 0.00 0.00 -0.00 0.00 0.00 -0.00 0.00 0.00 -0.00 0.00 0.00 -0.00 0.00 0.00 -0.00 0.00 0.00 -0.00 0.00 0.00 -0.00 0.00 0.00 -0.00 0.00 0.00 -0.00 0.00 0.00 -0.00 0.00 0.00 -0.00 0.00 0.00 -0.00 0.00 0.00 -0.00 0.00 0.00 -0.00 0.00 0.00 -0.00 0.00 0.00 -0.00 0.00 0.00 -0.00 0.00 94.39 0.18 -156.33 0.01 -25.00 0.03 -11.23 0.58 43.47 -20.47 30.26 42.41 0.00 0.00 -0.00 -0.00 -0.00 -90.00 0.00 0.00 -100.00 -0.00 0.00 -80.00 0.00 0.00 -0.00 -0.00 -0.00 -90.00 0.00 0.00 -100.00 -0.00 0.00 -80.00 0.00 0.00 -0.00 -0.00 -0.00 -90.00 0.00 0.00 -100.00 -0.00 0.00 -80.00 0.00 0.00 -0.00 4.00 0.01 -0.08 -0.00 0.11 -1.57 -0.00 0.05 -0.77
-0.0000 0.0167 0.0000 0.00 -0.00 0.00 0.00 -0.00 0.00 0.00 -0.00 0.00 0.00 -0.00 0.00 0.00 -0.00 0.00 0.00 -0.00 0.00 0.00 -0.00 0.00 0.00 -0.00 0.00 0.00 -0.00 0.00 0.00 -0.00 0.00 0.00 -0.00 0.00 0.00 -0.00 0.00 0.00 -0.00 0.00 0.00 -0.00 0.00 0.00 -0.00 0.00 0.00 -0.00 0.00 0.00 -0.00 0.00 0.00 -0.00 0.00 0.00 -0.00 0.00 0.00 -0.00 0.00 0.00 -0.00 0.00 0.00 -0.00 0.00 0.00 -0.00 0.00 0.00 -0.00 0.00 0.00 -0.00 0.00 0.00 -0.00 0.00 0.00 -0.00 0.00 0.00 -0.00 0.00 0.00 -0.00 0.00 0.00 -0.00 0.00 0.00 -0.00 0.00 0.00 -0.00 0.00 0.00 -0.00 0.00 0.00 -0.00 0.00 0.00 -0.00 0.00 0.00 -0.00 0.00 0.00 -0.00 0.00 0.00 -0.00 0.00 0.00 -0.00 0.00 0.00 -0.00 0.00 0.00 -0.00 0.00 94.39 0.18 -156.33 0.01 -25.00 0.03 -11.23 0.58 43.47 -20.47 30.26 42.41 0.00 0.00 -0.00 -0.00 -0.00 -90.00 0.00 0.00 -100.00 -0.00 0.00 -80.00 0.00 0.00 -0.00 -0.00 -0.00 -90.00 0.00 0.00 -100.00 -0.00 0.00 -80.00 0.00 0.00 -0.00 -0.00 -0.00 -90.00 0.00 0.00 -100.00 -0.00 0.00 -80.00 0.00 0.00 -0.00 4.00 0.01 -0.08 -0.00 0.11 -1.57 -0.00 0.05 -0.77
-0.0000 0.0163 0.0000 0.00 -0.00 0.00 0.00 -0.00 0.00 0.00 -0.00 0.00 0.00 -0.00 0.00 0.00 -0.00 0.00 0.00 -0.00 0.00 0.00 -0.00 0.00 0.00 -0.00 0.00 0.00 -0.00 0.00 0.00 -0.00 0.00 0.00 -0.00 0.00 0.00 -0.00 0.00 0.00 -0.00 0.00 0.00 -0.00 0.00 0.00 -0.00 0.00 0.00 -0.00 0.00 0.00 -0.00 0.00 0.00 -0.00 0.00 0.00 -0.00 0.00 0.00 -0.00 0.00 0.00 -0.00 0.00 0.00 -0.00 0.00 0.00 -0.00 0.00 0.00 -0.00 0.00 0.00 -0.00 0.00 0.00 -0.00 0.00 0.00 -0.00 0.00 0.00 -0.00 0.00 0.00 -0.00 0.00 0.00 -0.00 0.00 0.00 -0.00 0.00 0.00 -0.00 0.00 0.00 -0.00 0.00 0.00 -0.00 0.00 0.00 -0.00 0.00 0.00 -0.00 0.00 0.00 -0.00 0.00 0.00 -0.00 0.00 0.00 -0.00 0.00 0.00 -0.00 0.00 0.00 -0.00 0.00 94.39 0.18 -156.33 0.01 -25.00 0.03 -11.23 0.58 43.47 -20.47 30.26 42.41 0.00 0.00 -0.00 -0.00 -0.00 -90.00 0.00 0.00 -100.00 -0.00 0.00 -80.00 0.00 0.00 -0.00 -0.00 -0.00 -90.00 0.00 0.00 -100.00 -0.00 0.00 -80.00 0.00 0.00 -0.00 -0.00 -0.00 -90.00 0.00 0.00 -100.00 -0.00 0.00 -80.00 0.00 0.00 -0.00 4.00 0.01 -0.08 -0.00 0.11 -1.57 -0.00 0.05 -0.77
-0.0000 0.0162 0.0000 0.00 -0.00 0.00 0.00 -0.00 0.00 0.00 -0.00 0.00 0.00 -0.00 0.00 0.00 -0.00 0.00 0.00 -0.00 0.00 0.00 -0.00 0.00 0.00 -0.00 0.00 0.00 -0.00 0.00 0.00 -0.00 0.00 0.00 -0.00 0.00 0.00 -0.00 0.00 0.00 -0.00 0.00 0.00 -0.00 0.00 0.00 -0.00 0.00 0.00 -0.00 0.00 0.00 -0.00 0.00 0.00 -0.00 0.00 0.00 -0.00 0.00 0.00 -0.00 0.00 0.00 -0.00 0.00 0.00 -0.00 0.00 0.00 -0.00 0.00 0.00 -0.00 0.00 0.00 -0.00 0.00 0.00 -0.00 0.00 0.00 -0.00 0.00 0.00 -0.00 0.00 0.00 -0.00 0.00 0.00 -0.00 0.00 0.00 -0.00 0.00 0.00 -0.00 0.00 0.00 -0.00 0.00 0.00 -0.00 0.00 0.00 -0.00 0.00 0.00 -0.00 0.00 0.00 -0.00 0.00 0.00 -0.00 0.00 0.00 -0.00 0.00 0.00 -0.00 0.00 0.00 -0.00 0.00 94.39 0.18 -156.33 0.01 -25.00 0.03 -11.23 0.58 43.47 -20.47 30.26 42.41 0.00 0.00 -0.00 -0.00 -0.00 -90.00 0.00 0.00 -100.00 -0.00 0.00 -80.00 0.00 0.00 -0.00 -0.00 -0.00 -90.00 0.00 0.00 -100.00 -0.00 0.00 -80.00 0.00 0.00 -0.00 -0.00 -0.00 -90.00 0.00 0.00 -100.00 -0.00 0.00 -80.00 0.00 0.00 -0.00 4.00 0.01 -0.08 -0.00 0.11 -1.57 -0.00 0.05 -0.77
-0.0000 0.0165 0.0000 0.00 -0.00 0.00 0.00 -0.00 0.00 0.00 -0.00 0.00 0.00 -0.00 0.00 0.00 -0.00 0.00 0.00 -0.00 0.00 0.00 -0.00 0.00 0.00 -0.00 0.00 0.00 -0.00 0.00 0.00 -0.00 0.00 0.00 -0.00 0.00 0.00 -0.00 0.00 0.00 -0.00 0.00 0.00 -0.00 0.00 0.00 -0.00 0.00 0.00 -0.00 0.00 0.00 -0.00 0.00 0.00 -0.00 0.00 0.00 -0.00 0.00 0.00 -0.00 0.00 0.00 -0.00 0.00 0.00 -0.00 0.00 0.00 -0.00 0.00 0.00 -0.00 0.00 0.00 -0.00 0.00 0.00 -0.00 0.00 0.00 -0.00 0.00 0.00 -0.00 0.00 0.00 -0.00 0.00 0.00 -0.00 0.00 0.00 -0.00 0.00 0.00 -0.00 0.00 0.00 -0.00 0.00 0.00 -0.00 0.00 0.00 -0.00 0.00 0.00 -0.00 0.00 0.00 -0.00 0.00 0.00 -0.00 0.00 0.00 -0.00 0.00 0.00 -0.00 0.00 0.00 -0.00 0.00 94.39 0.18 -156.33 0.01 -25.00 0.03 -11.23 0.58 43.47 -20.47 30.26 42.41 0.00 0.00 -0.00 -0.00 -0.00 -90.00 0.00 0.00 -100.00 -0.00 0.00 -80.00 0.00 0.00 -0.00 -0.00 -0.00 -90.00 0.00 0.00 -100.00 -0.00 0.00 -80.00 0.00 0.00 -0.00 -0.00 -0.00 -90.00 0.00 0.00 -100.00 -0.00 0.00 -80.00 0.00 0.00 -0.00 4.00 0.01 -0.08 -0.00 0.11 -1.57 -0.00 0.05 -0.77
-0.0000 0.0166 0.0000 0.00 -0.00 0.00 0.00 -0.00 0.00 0.00 -0.00 0.00 0.00 -0.00 0.00 0.00 -0.00 0.00 0.00 -0.00 0.00 0.00 -0.00 0.00 0.00 -0.00 0.00 0.00 -0.00 0.00 0.00 -0.00 0.00 0.00 -0.00 0.00 0.00 -0.00 0.00 0.00 -0.00 0.00 0.00 -0.00 0.00 0.00 -0.00 0.00 0.00 -0.00 0.00 0.00 -0.00 0.00 0.00 -0.00 0.00 0.00 -0.00 0.00 0.00 -0.00 0.00 0.00 -0.00 0.00 0.00 -0.00 0.00 0.00 -0.00 0.00 0.00 -0.00 0.00 0.00 -0.00 0.00 0.00 -0.00 0.00 0.00 -0.00 0.00 0.00 -0.00 0.00 0.00 -0.00 0.00 0.00 -0.00 0.00 0.00 -0.00 0.00 0.00 -0.00 0.00 0.00 -0.00 0.00 0.00 -0.00 0.00 0.00 -0.00 0.00 0.00 -0.00 0.00 0.00 -0.00 0.00 0.00 -0.00 0.00 0.00 -0.00 0.00 0.00 -0.00 0.00 0.00 -0.00 0.00 94.39 0.18 -156.33 0.01 -25.00 0.03 -11.23 0.58 43.47 -20.47 30.26 42.41 0.00 0.00 -0.00 -0.00 -0.00 -90.00 0.00 0.00 -100.00 -0.00 0.00 -80.00 0.00 0.00 -0.00 -0.00 -0.00 -90.00 0.00 0.00 -100.00 -0.00 0.00 -80.00 0.00 0.00 -0.00 -0.00 -0.00 -90.00 0.00 0.00 -100.00 -0.00 0.00 -80.00 0.00 0.00 -0.00 4.00 0.01 -0.08 -0.00 0.11 -1.57 -0.00 0.05 -0.77
-0.0000 0.0166 0.0000 0.00 -0.00 0.00 0.00 -0.00 0.00 0.00 -0.00 0.00 0.00 -0.00 0.00 0.00 -0.00 0.00 0.00 -0.00 0.00 0.00 -0.00 0.00 0.00 -0.00 0.00 0.00 -0.00 0.00 0.00 -0.00 0.00 0.00 -0.00 0.00 0.00 -0.00 0.00 0.00 -0.00 0.00 0.00 -0.00 0.00 0.00 -0.00 0.00 0.00 -0.00 0.00 0.00 -0.00 0.00 0.00 -0.00 0.00 0.00 -0.00 0.00 0.00 -0.00 0.00 0.00 -0.00 0.00 0.00 -0.00 0.00 0.00 -0.00 0.00 0.00 -0.00 0.00 0.00 -0.00 0.00 0.00 -0.00 0.00 0.00 -0.00 0.00 0.00 -0.00 0.00 0.00 -0.00 0.00 0.00 -0.00 0.00 0.00 -0.00 0.00 0.00 -0.00 0.00 0.00 -0.00 0.00 0.00 -0.00 0.00 0.00 -0.00 0.00 0.00 -0.00 0.00 0.00 -0.00 0.00 0.00 -0.00 0.00 0.00 -0.00 0.00 0.00 -0.00 0.00 0.00 -0.00 0.00 94.39 0.18 -156.33 0.01 -25.00 0.03 -11.23 0.58 43.47 -20.47 30.26 42.41 0.00 0.00 -0.00 -0.00 -0.00 -90.00 0.00 0.00 -100.00 -0.00 0.00 -80.00 0.00 0.00 -0.00 -0.00 -0.00 -90.00 0.00 0.00 -100.00 -0.00 0.00 -80.00 0.00 0.00 -0.00 -0.00 -0.00 -90.00 0.00 0.00 -100.00 -0.00 0.00 -80.00 0.00 0.00 -0.00 4.00 0.01 -0.08 -0.00 0.11 -1.57 -0.00 0.05 -0.77
-0.0000 0.0167 0.0000 0.00 -0.00 0.00 0.00 -0.00 0.00 0.00 -0.00 0.00 0.00 -0.00 0.00 0.00 -0.00 0.00 0.00 -0.00 0.00 0.00 -0.00 0.00 0.00 -0.00 0.00 0.00 -0.00 0.00 0.00 -0.00 0.00 0.00 -0.00 0.00 0.00 -0.00 0.00 0.00 -0.00 0.00 0.00 -0.00 0.00 0.00 -0.00 0.00 0.00 -0.00 0.00 0.00 -0.00 0.00 0.00 -0.00 0.00 0.00 -0.00 0.00 0.00 -0.00 0.00 0.00 -0.00 0.00 0.00 -0.00 0.00 0.00 -0.00 0.00 0.00 -0.00 0.00 0.00 -0.00 0.00 0.00 -0.00 0.00 0.00 -0.00 0.00 0.00 -0.00 0.00 0.00 -0.00 0.00 0.00 -0.00 0.00 0.00 -0.00 0.00 0.00 -0.00 0.00 0.00 -0.00 0.00 0.00 -0.00 0.00 0.00 -0.00 0.00 0.00 -0.00 0.00 0.00 -0.00 0.00 0.00 -0.00 0.00 0.00 -0.00 0.00 0.00 -0.00 0.00 0.00 -0.00 0.00 94.39 0.18 -156.33 0.01 -25.00 0.03 -11.23 0.58 43.47 -20.47 30.26 42.41 0.00 0.00 -0.00 -0.00 -0.00 -90.00 0.00 0.00 -100.00 -0.00 0.00 -80.00 0.00 0.00 -0.00 -0.00 -0.00 -90.00 0.00 0.00 -100.00 -0.00 0.00 -80.00 0.00 0.00 -0.00 -0.00 -0.00 -90.00 0.00 0.00 -100.00 -0.00 0.00 -80.00 0.00 0.00 -0.00 4.00 0.01 -0.08 -0.00 0.11 -1.57 -0.00 0.05 -0.77
-0.0000 0.0167 0.0000 0.00 -0.00 0.00 0.00 -0.00 0.00 0.00 -0.00 0.00 0.00 -0.00 0.00 0.00 -0.00 0.00 0.00 -0.00 0.00 0.00 -0.00 0.00 0.00 -0.00 0.00 0.00 -0.00 0.00 0.00 -0.00 0.00 0.00 -0.00 0.00 0.00 -0.00 0.00 0.00 -0.00 0.00 0.00 -0.00 0.00 0.00 -0.00 0.00 0.00 -0.00 0.00 0.00 -0.00 0.00 0.00 -0.00 0.00 0.00 -0.00 0.00 0.00 -0.00 0.00 0.00 -0.00 0.00 0.00 -0.00 0.00 0.00 -0.00 0.00 0.00 -0.00 0.00 0.00 -0.00 0.00 0.00 -0.00 0.00 0.00 -0.00 0.00 0.00 -0.00 0.00 0.00 -0.00 0.00 0.00 -0.00 0.00 0.00 -0.00 0.00 0.00 -0.00 0.00 0.00 -0.00 0.00 0.00 -0.00 0.00 0.00 -0.00 0.00 0.00 -0.00 0.00 0.00 -0.00 0.00 0.00 -0.00 0.00 0.00 -0.00 0.00 0.00 -0.00 0.00 0.00 -0.00 0.00 94.39 0.18 -156.33 0.01 -25.00 0.03 -11.23 0.58 43.47 -20.47 30.26 42.41 0.00 0.00 -0.00 -0.00 -0.00 -90.00 0.00 0.00 -100.00 -0.00 0.00 -80.00 0.00 0.00 -0.00 -0.00 -0.00 -90.00 0.00 0.00 -100.00 -0.00 0.00 -80.00 0.00 0.00 -0.00 -0.00 -0.00 -90.00 0.00 0.00 -100.00 -0.00 0.00 -80.00 0.00 0.00 -0.00 4.00 0.01 -0.08 -0.00 0.11 -1.57 -0.00 0.05 -0.77
-0.0000 0.0164 0.0000 0.00 -0.00 0.00 0.00 -0.00 0.00 0.00 -0.00 0.00 0.00 -0.00 0.00 0.00 -0.00 0.00 0.00 -0.00 0.00 0.00 -0.00 0.00 0.00 -0.00 0.00 0.00 -0.00 0.00 0.00 -0.00 0.00 0.00 -0.00 0.00 0.00 -0.00 0.00 0.00 -0.00 0.00 0.00 -0.00 0.00 0.00 -0.00 0.00 0.00 -0.00 0.00 0.00 -0.00 0.00 0.00 -0.00 0.00 0.00 -0.00 0.00 0.00 -0.00 0.00 0.00 -0.00 0.00 0.00 -0.00 0.00 0.00 -0.00 0.00 0.00 -0.00 0.00 0.00 -0.00 0.00 0.00 -0.00 0.00 0.00 -0.00 0.00 0.00 -0.00 0.00 0.00 -0.00 0.00 0.00 -0.00 0.00 0.00 -0.00 0.00 0.00 -0.00 0.00 0.00 -0.00 0.00 0.00 -0.00 0.00 0.00 -0.00 0.00 0.00 -0.00 0.00 0.00 -0.00 0.00 0.00 -0.00 0.00 0.00 -0.00 0.00 0.00 -0.00 0.00 0.00 -0.00 0.00 94.39 0.18 -156.33 0.01 -25.00 0.03 -11.23 0.58 43.47 -20.47 30.26 42.41 0.00 0.00 -0.00 -0.00 -0.00 -90.00 0.00 0.00 -100.00 -0.00 0.00 -80.00 0.00 0.00 -0.00 -0.00 -0.00 -90.00 0.00 0.00 -100.00 -0.00 0.00 -80.00 0.00 0.00 -0.00 -0.00 -0.00 -90.00 0.00 0.00 -100.00 -0.00 0.00 -80.00 0.00 0.00 -0.00 4.00 0.01 -0.08 -0.00 0.11 -1.57 -0.00 0.05 -0.77
-0.0000 0.0166 0.0000 0.00 -0.00 0.00 0.00 -0.00 0.00 0.00 -0.00 0.00 0.00 -0.00 0.00 0.00 -0.00 0.00 0.00 -0.00 0.00 0.00 -0.00 0.00 0.00 -0.00 0.00 0.00 -0.00 0.00 0.00 -0.00 0.00 0.00 -0.00 0.00 0.00 -0.00 0.00 0.00 -0.00 0.00 0.00 -0.00 0.00 0.00 -0.00 0.00 0.00 -0.00 0.00 0.00 -0.00 0.00 0.00 -0.00 0.00 0.00 -0.00 0.00 0.00 -0.00 0.00 0.00 -0.00 0.00 0.00 -0.00 0.00 0.00 -0.00 0.00 0.00 -0.00 0.00 0.00 -0.00 0.00 0.00 -0.00 0.00 0.00 -0.00 0.00 0.00 -0.00 0.00 0.00 -0.00 0.00 0.00 -0.00 0.00 0.00 -0.00 0.00 0.00 -0.00 0.00 0.00 -0.00 0.00 0.00 -0.00 0.00 0.00 -0.00 0.00 0.00 -0.00 0.00 0.00 -0.00 0.00 0.00 -0.00 0.00 0.00 -0.00 0.00 0.00 -0.00 0.00 0.00 -0.00 0.00 94.39 0.18 -156.33 0.01 -25.00 0.03 -11.23 0.58 43.47 -20.47 30.26 42.41 0.00 0.00 -0.00 -0.00 -0.00 -90.00 0.00 0.00 -100.00 -0.00 0.00 -80.00 0.00 0.00 -0.00 -0.00 -0.00 -90.00 0.00 0.00 -100.00 -0.00 0.00 -80.00 0.00 0.00 -0.00 -0.00 -0.00 -90.00 0.00 0.00 -100.00 -0.00 0.00 -80.00 0.00 0.00 -0.00 4.00 0.01 -0.08 -0.00 0.11 -1.57 -0.00 0.05 -0.77
-0.0000 0.0161 0.0000 0.00 -0.00 0.00 0.00 -0.00 0.00 0.00 -0.00 0.00 0.00 -0.00 0.00 0.00 -0.00 0.00 0.00 -0.00 0.00 0.00 -0.00 0.00 0.00 -0.00 0.00 0.00 -0.00 0.00 0.00 -0.00 0.00 0.00 -0.00 0.00 0.00 -0.00 0.00 0.00 -0.00 0.00 0.00 -0.00 0.00 0.00 -0.00 0.00 0.00 -0.00 0.00 0.00 -0.00 0.00 0.00 -0.00 0.00 0.00 -0.00 0.00 0.00 -0.00 0.00 0.00 -0.00 0.00 0.00 -0.00 0.00 0.00 -0.00 0.00 0.00 -0.00 0.00 0.00 -0.00 0.00 0.00 -0.00 0.00 0.00 -0.00 0.00 0.00 -0.00 0.00 0.00 -0.00 0.00 0.00 -0.00 0.00 0.00 -0.00 0.00 0.00 -0.00 0.00 0.00 -0.00 0.00 0.00 -0.00 0.00 0.00 -0.00 0.00 0.00 -0.00 0.00 0.00 -0.00 0.00 0.00 -0.00 0.00 0.00 -0.00 0.00 0.00 -0.00 0.00 0.00 -0.00 0.00 94.39 0.18 -156.33 0.01 -25.00 0.03 -11.23 0.58 43.47 -20.47 30.26 42.41 0.00 0.00 -0.00 -0.00 -0.00 -90.00 0.00 0.00 -100.00 -0.00 0.00 -80.00 0.00 0.00 -0.00 -0.00 -0.00 -90.00 0.00 0.00 -100.00 -0.00 0.00 -80.00 0.00 0.00 -0.00 -0.00 -0.00 -90.00 0.00 0.00 -100.00 -0.00 0.00 -80.00 0.00 0.00 -0.00 4.00 0.01 -0.08 -0.00 0.11 -1.57 -0.00 0.05 -0.77
-0.0000 0.0166 0.0000 0.00 -0.00 0.00 0.00 -0.00 0.00 0.00 -0.00 0.00 0.00 -0.00 0.00 0.00 -0.00 0.00 0.00 -0.00 0.00 0.00 -0.00 0.00 0.00 -0.00 0.00 0.00 -0.00 0.00 0.00 -0.00 0.00 0.00 -0.00 0.00 0.00 -0.00 0.00 0.00 -0.00 0.00 0.00 -0.00 0.00 0.00 -0.00 0.00 0.00 -0.00 0.00 0.00 -0.00 0.00 0.00 -0.00 0.00 0.00 -0.00 0.00 0.00 -0.00 0.00 0.00 -0.00 0.00 0.00 -0.00 0.00 0.00 -0.00 0.00 0.00 -0.00 0.00 0.00 -0.00 0.00 0.00 -0.00 0.00 0.00 -0.00 0.00 0.00 -0.00 0.00 0.00 -0.00 0.00 0.00 -0.00 0.00 0.00 -0.00 0.00 0.00 -0.00 0.00 0.00 -0.00 0.00 0.00 -0.00 0.00 0.00 -0.00 0.00 0.00 -0.00 0.00 0.00 -0.00 0.00 0.00 -0.00 0.00 0.00 -0.00 0.00 0.00 -0.00 0.00 0.00 -0.00 0.00 94.39 0.18 -156.33 0.01 -25.00 0.03 -11.23 0.58 43.47 -20.47 30.26 42.41 0.00 0.00 -0.00 -0.00 -0.00 -90.00 0.00 0.00 -100.00 -0.00 0.00 -80.00 0.00 0.00 -0.00 -0.00 -0.00 -90.00 0.00 0.00 -100.00 -0.00 0.00 -80.00 0.00 0.00 -0.00 -0.00 -0.00 -90.00 0.00 0.00 -100.00 -0.00 0.00 -80.00 0.00 0.00 -0.00 4.00 0.01 -0.08 -0.00 0.11 -1.57 -0.00 0.05 -0.77
-0.0000 0.0169 0.0000 0.00 -0.00 0.00 0.00 -0.00 0.00 0.00 -0.00 0.00 0.00 -0.00 0.00 0.00 -0.00 0.00 0.00 -0.00 0.00 0.00 -0.00 0.00 0.00 -0.00 0.00 0.00 -0.00 0.00 0.00 -0.00 0.00 0.00 -0.00 0.00 0.00 -0.00 0.00 0.00 -0.00 0.00 0.00 -0.00 0.00 0.00 -0.00 0.00 0.00 -0.00 0.00 0.00 -0.00 0.00 0.00 -0.00 0.00 0.00 -0.00 0.00 0.00 -0.00 0.00 0.00 -0.00 0.00 0.00 -0.00 0.00 0.00 -0.00 0.00 0.00 -0.00 0.00 0.00 -0.00 0.00 0.00 -0.00 0.00 0.00 -0.00 0.00 0.00 -0.00 0.00 0.00 -0.00 0.00 0.00 -0.00 0.00 0.00 -0.00 0.00 0.00 -0.00 0.00 0.00 -0.00 0.00 0.00 -0.00 0.00 0.00 -0.00 0.00 0.00 -0.00 0.00 0.00 -0.00 0.00 0.00 -0.00 0.00 0.00 -0.00 0.00 0.00 -0.00 0.00 0.00 -0.00 0.00 94.39 0.18 -156.33 0.01 -25.00 0.03 -11.23 0.58 43.47 -20.47 30.26 42.41 0.00 0.00 -0.00 -0.00 -0.00 -90.00 0.00 0.00 -100.00 -0.00 0.00 -80.00 0.00 0.00 -0.00 -0.00 -0.00 -90.00 0.00 0.00 -100.00 -0.00 0.00 -80.00 0.00 0.00 -0.00 -0.00 -0.00 -90.00 0.00 0.00 -100.00 -0.00 0.00 -80.00 0.00 0.00 -0.00 4.00 0.01 -0.08 -0.00 0.11 -1.57 -0.00 0.05 -0.77
-0.0000 0.0160 0.0000 0.00 -0.00 0.00 0.00 -0.00 0.00 0.00 -0.00 0.00 0.00 -0.00 0.00 0.00 -0.00 0.00 0.00 -0.00 0.00 0.00 -0.00 0.00 0.00 -0.00 0.00 0.00 -0.00 0.00 0.00 -0.00 0.00 0.00 -0.00 0.00 0.00 -0.00 0.00 0.00 -0.00 0.00 0.00 -0.00 0.00 0.00 -0.00 0.00 0.00 -0.00 0.00 0.00 -0.00 0.00 0.00 -0.00 0.00 0.00 -0.00 0.00 0.00 -0.00 0.00 0.00 -0.00 0.00 0.00 -0.00 0.00 0.00 -0.00 0.00 0.00 -0.00 0.00 0.00 -0.00 0.00 0.00 -0.00 0.00 0.00 -0.00 0.00 0.00 -0.00 0.00 0.00 -0.00 0.00 0.00 -0.00 0.00 0.00 -0.00 0.00 0.00 -0.00 0.00 0.00 -0.00 0.00 0.00 -0.00 0.00 0.00 -0.00 0.00 0.00 -0.00 0.00 0.00 -0.00 0.00 0.00 -0.00 0.00 0.00 -0.00 0.00 0.00 -0.00 0.00 0.00 -0.00 0.00 94.39 0.18 -156.33 0.01 -25.00 0.03 -11.23 0.58 43.47 -20.47 30.26 42.41 0.00 0.00 -0.00 -0.00 -0.00 -90.00 0.00 0.00 -100.00 -0.00 0.00 -80.00 0.00 0.00 -0.00 -0.00 -0.00 -90.00 0.00 0.00 -100.00 -0.00 0.00 -80.00 0.00 0.00 -0.00 -0.00 -0.00 -90.00 0.00 0.00 -100.00 -0.00 0.00 -80.00 0.00 0.00 -0.00 4.00 0.01 -0.08 -0.00 0.11 -1.57 -0.00 0.05 -0.77
-0.0000 0.0165 0.0000 0.00 -0.00 0.00 0.00 -0.00 0.00 0.00 -0.00 0.00 0.00 -0.00 0.00 0.00 -0.00 0.00 0.00 -0.00 0.00 0.00 -0.00 0.00 0.00 -0.00 0.00 0.00 -0.00 0.00 0.00 -0.00 0.00 0.00 -0.00 0.00 0.00 -0.00 0.00 0.00 -0.00 0.00 0.00 -0.00 0.00 0.00 -0.00 0.00 0.00 -0.00 0.00 0.00 -0.00 0.00 0.00 -0.00 0.00 0.00 -0.00 0.00 0.00 -0.00 0.00 0.00 -0.00 0.00 0.00 -0.00 0.00 0.00 -0.00 0.00 0.00 -0.00 0.00 0.00 -0.00 0.00 0.00 -0.00 0.00 0.00 -0.00 0.00 0.00 -0.00 0.00 0.00 -0.00 0.00 0.00 -0.00 0.00 0.00 -0.00 0.00 0.00 -0.00 0.00 0.00 -0.00 0.00 0.00 -0.00 0.00 0.00 -0.00 0.00 0.00 -0.00 0.00 0.00 -0.00 0.00 0.00 -0.00 0.00 0.00 -0.00 0.00 0.00 -0.00 0.00 0.00 -0.00 0.00 94.39 0.18 -156.33 0.01 -25.00 0.03 -11.23 0.58 43.47 -20.47 30.26 42.41 0.00 0.00 -0.00 -0.00 -0.00 -90.00 0.00 0.00 -100.00 -0.00 0.00 -80.00 0.00 0.00 -0.00 -0.00 -0.00 -90.00 0.00 0.00 -100.00 -0.00 0.00 -80.00 0.00 0.00 -0.00 -0.00 -0.00 -90.00 0.00 0.00 -100.00 -0.00 0.00 -80.00 0.00 0.00 -0.00 4.00 0.01 -0.08 -0.00 0.11 -1.57 -0.00 0.05 -0.77
-0.0000 0.0169 0.0000 0.00 -0.00 0.00 0.00 -0.00 0.00 0.00 -0.00 0.00 0.00 -0.00 0.00 0.00 -0.00 0.00 0.00 -0.00 0.00 0.00 -0.00 0.00 0.00 -0.00 0.00 0.00 -0.00 0.00 0.00 -0.00 0.00 0.00 -0.00 0.00 0.00 -0.00 0.00 0.00 -0.00 0.00 0.00 -0.00 0.00 0.00 -0.00 0.00 0.00 -0.00 0.00 0.00 -0.00 0.00 0.00 -0.00 0.00 0.00 -0.00 0.00 0.00 -0.00 0.00 0.00 -0.00 0.00 0.00 -0.00 0.00 0.00 -0.00 0.00 0.00 -0.00 0.00 0.00 -0.00 0.00 0.00 -0.00 0.00 0.00 -0.00 0.00 0.00 -0.00 0.00 0.00 -0.00 0.00 0.00 -0.00 0.00 0.00 -0.00 0.00 0.00 -0.00 0.00 0.00 -0.00 0.00 0.00 -0.00 0.00 0.00 -0.00 0.00 0.00 -0.00 0.00 0.00 -0.00 0.00 0.00 -0.00 0.00 0.00 -0.00 0.00 0.00 -0.00 0.00 0.00 -0.00 0.00 94.39 0.18 -156.33 0.01 -25.00 0.03 -11.23 0.58 43.47 -20.47 30.26 42.41 0.00 0.00 -0.00 -0.00 -0.00 -90.00 0.00 0.00 -100.00 -0.00 0.00 -80.00 0.00 0.00 -0.00 -0.00 -0.00 -90.00 0.00 0.00 -100.00 -0.00 0.00 -80.00 0.00 0.00 -0.00 -0.00 -0.00 -90.00 0.00 0.00 -100.00 -0.00 0.00 -80.00 0.00 0.00 -0.00 4.00 0.01 -0.08 -0.00 0.11 -1.57 -0.00 0.05 -0.77
-0.0000 0.0172 0.0000 0.00 -0.00 0.00 0.00 -0.00 0.00 0.00 -0.00 0.00 0.00 -0.00 0.00 0.00 -0.00 0.00 0.00 -0.00 0.00 0.00 -0.00 0.00 0.00 -0.00 0.00 0.00 -0.00 0.00 0.00 -0.00 0.00 0.00 -0.00 0.00 0.00 -0.00 0.00 0.00 -0.00 0.00 0.00 -0.00 0.00 0.00 -0.00 0.00 0.00 -0.00 0.00 0.00 -0.00 0.00 0.00 -0.00 0.00 0.00 -0.00 0.00 0.00 -0.00 0.00 0.00 -0.00 0.00 0.00 -0.00 0.00 0.00 -0.00 0.00 0.00 -0.00 0.00 0.00 -0.00 0.00 0.00 -0.00 0.00 0.00 -0.00 0.00 0.00 -0.00 0.00 0.00 -0.00 0.00 0.00 -0.00 0.00 0.00 -0.00 0.00 0.00 -0.00 0.00 0.00 -0.00 0.00 0.00 -0.00 0.00 0.00 -0.00 0.00 0.00 -0.00 0.00 0.00 -0.00 0.00 0.00 -0.00 0.00 0.00 -0.00 0.00 0.00 -0.00 0.00 0.00 -0.00 0.00 94.39 0.18 -156.33 0.01 -25.00 0.03 -11.23 0.58 43.47 -20.47 30.26 42.41 0.00 0.00 -0.00 -0.00 -0.00 -90.00 0.00 0.00 -100.00 -0.00 0.00 -80.00 0.00 0.00 -0.00 -0.00 -0.00 -90.00 0.00 0.00 -100.00 -0.00 0.00 -80.00 0.00 0.00 -0.00 -0.00 -0.00 -90.00 0.00 0.00 -100.00 -0.00 0.00 -80.00 0.00 0.00 -0.00 4.00 0.01 -0.08 -0.00 0.11 -1.57 -0.00 0.05 -0.77
-0.0000 0.0168 0.0000 0.00 -0.00 0.00 0.00 -0.00 0.00 0.00 -0.00 0.00 0.00 -0.00 0.00 0.00 -0.00 0.00 0.00 -0.00 0.00 0.00 -0.00 0.00 0.00 -0.00 0.00 0.00 -0.00 0.00 0.00 -0.00 0.00 0.00 -0.00 0.00 0.00 -0.00 0.00 0.00 -0.00 0.00 0.00 -0.00 0.00 0.00 -0.00 0.00 0.00 -0.00 0.00 0.00 -0.00 0.00 0.00 -0.00 0.00 0.00 -0.00 0.00 0.00 -0.00 0.00 0.00 -0.00 0.00 0.00 -0.00 0.00 0.00 -0.00 0.00 0.00 -0.00 0.00 0.00 -0.00 0.00 0.00 -0.00 0.00 0.00 -0.00 0.00 0.00 -0.00 0.00 0.00 -0.00 0.00 0.00 -0.00 0.00 0.00 -0.00 0.00 0.00 -0.00 0.00 0.00 -0.00 0.00 0.00 -0.00 0.00 0.00 -0.00 0.00 0.00 -0.00 0.00 0.00 -0.00 0.00 0.00 -0.00 0.00 0.00 -0.00 0.00 0.00 -0.00 0.00 0.00 -0.00 0.00 94.39 0.18 -156.33 0.01 -25.00 0.03 -11.23 0.58 43.47 -20.47 30.26 42.41 0.00 0.00 -0.00 -0.00 -0.00 -90.00 0.00 0.00 -100.00 -0.00 0.00 -80.00 0.00 0.00 -0.00 -0.00 -0.00 -90.00 0.00 0.00 -100.00 -0.00 0.00 -80.00 0.00 0.00 -0.00 -0.00 -0.00 -90.00 0.00 0.00 -100.00 -0.00 0.00 -80.00 0.00 0.00 -0.00 4.00 0.01 -0.08 -0.00 0.11 -1.57 -0.00 0.05 -0.77
-0.0000 0.0175 0.0000 0.00 -0.00 0.00 0.00 -0.00 0.00 0.00 -0.00 0.00 0.00 -0.00 0.00 0.00 -0.00 0.00 0.00 -0.00 0.00 0.00 -0.00 0.00 0.00 -0.00 0.00 0.00 -0.00 0.00 0.00 -0.00 0.00 0.00 -0.00 0.00 0.00 -0.00 0.00 0.00 -0.00 0.00 0.00 -0.00 0.00 0.00 -0.00 0.00 0.00 -0.00 0.00 0.00 -0.00 0.00 0.00 -0.00 0.00 0.00 -0.00 0.00 0.00 -0.00 0.00 0.00 -0.00 0.00 0.00 -0.00 0.00 0.00 -0.00 0.00 0.00 -0.00 0.00 0.00 -0.00 0.00 0.00 -0.00 0.00 0.00 -0.00 0.00 0.00 -0.00 0.00 0.00 -0.00 0.00 0.00 -0.00 0.00 0.00 -0.00 0.00 0.00 -0.00 0.00 0.00 -0.00 0.00 0.00 -0.00 0.00 0.00 -0.00 0.00 0.00 -0.00 0.00 0.00 -0.00 0.00 0.00 -0.00 0.00 0.00 -0.00 0.00 0.00 -0.00 0.00 0.00 -0.00 0.00 94.39 0.18 -156.33 0.01 -25.00 0.03 -11.23 0.58 43.47 -20.47 30.26 42.41 0.00 0.00 -0.00 -0.00 -0.00 -90.00 0.00 0.00 -100.00 -0.00 0.00 -80.00 0.00 0.00 -0.00 -0.00 -0.00 -90.00 0.00 0.00 -100.00 -0.00 0.00 -80.00 0.00 0.00 -0.00 -0.00 -0.00 -90.00 0.00 0.00 -100.00 -0.00 0.00 -80.00 0.00 0.00 -0.00 4.00 0.01 -0.08 -0.00 0.11 -1.57 -0.00 0.05 -0.77
-0.0000 0.0173 0.0000 0.00 -0.00 0.00 0.00 -0.00 0.00 0.00 -0.00 0.00 0.00 -0.00 0.00 0.00 -0.00 0.00 0.00 -0.00 0.00 0.00 -0.00 0.00 0.00 -0.00 0.00 0.00 -0.00 0.00 0.00 -0.00 0.00 0.00 -0.00 0.00 0.00 -0.00 0.00 0.00 -0.00 0.00 0.00 -0.00 0.00 0.00 -0.00 0.00 0.00 -0.00 0.00 0.00 -0.00 0.00 0.00 -0.00 0.00 0.00 -0.00 0.00 0.00 -0.00 0.00 0.00 -0.00 0.00 0.00 -0.00 0.00 0.00 -0.00 0.00 0.00 -0.00 0.00 0.00 -0.00 0.00 0.00 -0.00 0.00 0.00 -0.00 0.00 0.00 -0.00 0.00 0.00 -0.00 0.00 0.00 -0.00 0.00 0.00 -0.00 0.00 0.00 -0.00 0.00 0.00 -0.00 0.00 0.00 -0.00 0.00 0.00 -0.00 0.00 0.00 -0.00 0.00 0.00 -0.00 0.00 0.00 -0.00 0.00 0.00 -0.00 0.00 0.00 -0.00 0.00 0.00 -0.00 0.00 94.39 0.18 -156.33 0.01 -25.00 0.03 -11.23 0.58 43.47 -20.47 30.26 42.41 0.00 0.00 -0.00 -0.00 -0.00 -90.00 0.00 0.00 -100.00 -0.00 0.00 -80.00 0.00 0.00 -0.00 -0.00 -0.00 -90.00 0.00 0.00 -100.00 -0.00 0.00 -80.00 0.00 0.00 -0.00 -0.00 -0.00 -90.00 0.00 0.00 -100.00 -0.00 0.00 -80.00 0.00 0.00 -0.00 4.00 0.01 -0.08 -0.00 0.11 -1.57 -0.00 0.05 -0.77
-0.0000 0.0169 0.0000 0.00 -0.00 0.00 0.00 -0.00 0.00 0.00 -0.00 0.00 0.00 -0.00 0.00 0.00 -0.00 0.00 0.00 -0.00 0.00 0.00 -0.00 0.00 0.00 -0.00 0.00 0.00 -0.00 0.00 0.00 -0.00 0.00 0.00 -0.00 0.00 0.00 -0.00 0.00 0.00 -0.00 0.00 0.00 -0.00 0.00 0.00 -0.00 0.00 0.00 -0.00 0.00 0.00 -0.00 0.00 0.00 -0.00 0.00 0.00 -0.00 0.00 0.00 -0.00 0.00 0.00 -0.00 0.00 0.00 -0.00 0.00 0.00 -0.00 0.00 0.00 -0.00 0.00 0.00 -0.00 0.00 0.00 -0.00 0.00 0.00 -0.00 0.00 0.00 -0.00 0.00 0.00 -0.00 0.00 0.00 -0.00 0.00 0.00 -0.00 0.00 0.00 -0.00 0.00 0.00 -0.00 0.00 0.00 -0.00 0.00 0.00 -0.00 0.00 0.00 -0.00 0.00 0.00 -0.00 0.00 0.00 -0.00 0.00 0.00 -0.00 0.00 0.00 -0.00 0.00 0.00 -0.00 0.00 94.39 0.18 -156.33 0.01 -25.00 0.03 -11.23 0.58 43.47 -20.47 30.26 42.41 0.00 0.00 -0.00 -0.00 -0.00 -90.00 0.00 0.00 -100.00 -0.00 0.00 -80.00 0.00 0.00 -0.00 -0.00 -0.00 -90.00 0.00 0.00 -100.00 -0.00 0.00 -80.00 0.00 0.00 -0.00 -0.00 -0.00 -90.00 0.00 0.00 -100.00 -0.00 0.00 -80.00 0.00 0.00 -0.00 4.00 0.01 -0.08 -0.00 0.11 -1.57 -0.00 0.05 -0.77
-0.0000 0.0171 0.0000 0.00 -0.00 0.00 0.00 -0.00 0.00 0.00 -0.00 0.00 0.00 -0.00 0.00 0.00 -0.00 0.00 0.00 -0.00 0.00 0.00 -0.00 0.00 0.00 -0.00 0.00 0.00 -0.00 0.00 0.00 -0.00 0.00 0.00 -0.00 0.00 0.00 -0.00 0.00 0.00 -0.00 0.00 0.00 -0.00 0.00 0.00 -0.00 0.00 0.00 -0.00 0.00 0.00 -0.00 0.00 0.00 -0.00 0.00 0.00 -0.00 0.00 0.00 -0.00 0.00 0.00 -0.00 0.00 0.00 -0.00 0.00 0.00 -0.00 0.00 0.00 -0.00 0.00 0.00 -0.00 0.00 0.00 -0.00 0.00 0.00 -0.00 0.00 0.00 -0.00 0.00 0.00 -0.00 0.00 0.00 -0.00 0.00 0.00 -0.00 0.00 0.00 -0.00 0.00 0.00 -0.00 0.00 0.00 -0.00 0.00 0.00 -0.00 0.00 0.00 -0.00 0.00 0.00 -0.00 0.00 0.00 -0.00 0.00 0.00 -0.00 0.00 0.00 -0.00 0.00 0.00 -0.00 0.00 94.39 0.18 -156.33 0.01 -25.00 0.03 -11.23 0.58 43.47 -20.47 30.26 42.41 0.00 0.00 -0.00 -0.00 -0.00 -90.00 0.00 0.00 -100.00 -0.00 0.00 -80.00 0.00 0.00 -0.00 -0.00 -0.00 -90.00 0.00 0.00 -100.00 -0.00 0.00 -80.00 0.00 0.00 -0.00 -0.00 -0.00 -90.00 0.00 0.00 -100.00 -0.00 0.00 -80.00 0.00 0.00 -0.00 4.00 0.01 -0.08 -0.00 0.11 -1.57 -0.00 0.05 -0.77
-0.0000 0.0169 0.0000 0.00 -0.00 0.00 0.00 -0.00 0.00 0.00 -0.00 0.00 0.00 -0.00 0.00 0.00 -0.00 0.00 0.00 -0.00 0.00 0.00 -0.00 0.00 0.00 -0.00 0.00 0.00 -0.00 0.00 0.00 -0.00 0.00 0.00 -0.00 0.00 0.00 -0.00 0.00 0.00 -0.00 0.00 0.00 -0.00 0.00 0.00 -0.00 0.00 0.00 -0.00 0.00 0.00 -0.00 0.00 0.00 -0.00 0.00 0.00 -0.00 0.00 0.00 -0.00 0.00 0.00 -0.00 0.00 0.00 -0.00 0.00 0.00 -0.00 0.00 0.00 -0.00 0.00 0.00 -0.00 0.00 0.00 -0.00 0.00 0.00 -0.00 0.00 0.00 -0.00 0.00 0.00 -0.00 0.00 0.00 -0.00 0.00 0.00 -0.00 0.00 0.00 -0.00 0.00 0.00 -0.00 0.00 0.00 -0.00 0.00 0.00 -0.00 0.00 0.00 -0.00 0.00 0.00 -0.00 0.00 0.00 -0.00 0.00 0.00 -0.00 0.00 0.00 -0.00 0.00 0.00 -0.00 0.00 94.39 0.18 -156.33 0.01 -25.00 0.03 -11.23 0.58 43.47 -20.47 30.26 42.41 0.00 0.00 -0.00 -0.00 -0.00 -90.00 0.00 0.00 -100.00 -0.00 0.00 -80.00 0.00 0.00 -0.00 -0.00 -0.00 -90.00 0.00 0.00 -100.00 -0.00 0.00 -80.00 0.00 0.00 -0.00 -0.00 -0.00 -90.00 0.00 0.00 -100.00 -0.00 0.00 -80.00 0.00 0.00 -0.00 4.00 0.01 -0.08 -0.00 0.11 -1.57 -0.00 0.05 -0.77
-0.0000 0.0168 0.0000 0.00 -0.00 0.00 0.00 -0.00 0.00 0.00 -0.00 0.00 0.00 -0.00 0.00 0.00 -0.00 0.00 0.00 -0.00 0.00 0.00 -0.00 0.00 0.00 -0.00 0.00 0.00 -0.00 0.00 0.00 -0.00 0.00 0.00 -0.00 0.00 0.00 -0.00 0.00 0.00 -0.00 0.00 0.00 -0.00 0.00 0.00 -0.00 0.00 0.00 -0.00 0.00 0.00 -0.00 0.00 0.00 -0.00 0.00 0.00 -0.00 0.00 0.00 -0.00 0.00 0.00 -0.00 0.00 0.00 -0.00 0.00 0.00 -0.00 0.00 0.00 -0.00 0.00 0.00 -0.00 0.00 0.00 -0.00 0.00 0.00 -0.00 0.00 0.00 -0.00 0.00 0.00 -0.00 0.00 0.00 -0.00 0.00 0.00 -0.00 0.00 0.00 -0.00 0.00 0.00 -0.00 0.00 0.00 -0.00 0.00 0.00 -0.00 0.00 0.00 -0.00 0.00 0.00 -0.00 0.00 0.00 -0.00 0.00 0.00 -0.00 0.00 0.00 -0.00 0.00 0.00 -0.00 0.00 94.39 0.18 -156.33 0.01 -25.00 0.03 -11.23 0.58 43.47 -20.47 30.26 42.41 0.00 0.00 -0.00 -0.00 -0.00 -90.00 0.00 0.00 -100.00 -0.00 0.00 -80.00 0.00 0.00 -0.00 -0.00 -0.00 -90.00 0.00 0.00 -100.00 -0.00 0.00 -80.00 0.00 0.00 -0.00 -0.00 -0.00 -90.00 0.00 0.00 -100.00 -0.00 0.00 -80.00 0.00 0.00 -0.00 4.00 0.01 -0.08 -0.00 0.11 -1.57 -0.00 0.05 -0.77
-0.0000 0.0171 0.0000 0.00 -0.00 0.00 0.00 -0.00 0.00 0.00 -0.00 0.00 0.00 -0.00 0.00 0.00 -0.00 0.00 0.00 -0.00 0.00 0.00 -0.00 0.00 0.00 -0.00 0.00 0.00 -0.00 0.00 0.00 -0.00 0.00 0.00 -0.00 0.00 0.00 -0.00 0.00 0.00 -0.00 0.00 0.00 -0.00 0.00 0.00 -0.00 0.00 0.00 -0.00 0.00 0.00 -0.00 0.00 0.00 -0.00 0.00 0.00 -0.00 0.00 0.00 -0.00 0.00 0.00 -0.00 0.00 0.00 -0.00 0.00 0.00 -0.00 0.00 0.00 -0.00 0.00 0.00 -0.00 0.00 0.00 -0.00 0.00 0.00 -0.00 0.00 0.00 -0.00 0.00 0.00 -0.00 0.00 0.00 -0.00 0.00 0.00 -0.00 0.00 0.00 -0.00 0.00 0.00 -0.00 0.00 0.00 -0.00 0.00 0.00 -0.00 0.00 0.00 -0.00 0.00 0.00 -0.00 0.00 0.00 -0.00 0.00 0.00 -0.00 0.00 0.00 -0.00 0.00 0.00 -0.00 0.00 94.39 0.18 -156.33 0.01 -25.00 0.03 -11.23 0.58 43.47 -20.47 30.26 42.41 0.00 0.00 -0.00 -0.00 -0.00 -90.00 0.00 0.00 -100.00 -0.00 0.00 -80.00 0.00 0.00 -0.00 -0.00 -0.00 -90.00 0.00 0.00 -100.00 -0.00 0.00 -80.00 0.00 0.00 -0.00 -0.00 -0.00 -90.00 0.00 0.00 -100.00 -0.00 0.00 -80.00 0.00 0.00 -0.00 4.00 0.01 -0.08 -0.00 0.11 -1.57 -0.00 0.05 -0.77
-0.0000 0.0167 0.0000 0.00 -0.00 0.00 0.00 -0.00 0.00 0.00 -0.00 0.00 0.00 -0.00 0.00 0.00 -0.00 0.00 0.00 -0.00 0.00 0.00 -0.00 0.00 0.00 -0.00 0.00 0.00 -0.00 0.00 0.00 -0.00 0.00 0.00 -0.00 0.00 0.00 -0.00 0.00 0.00 -0.00 0.00 0.00 -0.00 0.00 0.00 -0.00 0.00 0.00 -0.00 0.00 0.00 -0.00 0.00 0.00 -0.00 0.00 0.00 -0.00 0.00 0.00 -0.00 0.00 0.00 -0.00 0.00 0.00 -0.00 0.00 0.00 -0.00 0.00 0.00 -0.00 0.00 0.00 -0.00 0.00 0.00 -0.00 0.00 0.00 -0.00 0.00 0.00 -0.00 0.00 0.00 -0.00 0.00 0.00 -0.00 0.00 0.00 -0.00 0.00 0.00 -0.00 0.00 0.00 -0.00 0.00 0.00 -0.00 0.00 0.00 -0.00 0.00 0.00 -0.00 0.00 0.00 -0.00 0.00 0.00 -0.00 0.00 0.00 -0.00 0.00 0.00 -0.00 0.00 0.00 -0.00 0.00 94.39 0.18 -156.33 0.01 -25.00 0.03 -11.23 0.58 43.47 -20.47 30.26 42.41 0.00 0.00 -0.00 -0.00 -0.00 -90.00 0.00 0.00 -100.00 -0.00 0.00 -80.00 0.00 0.00 -0.00 -0.00 -0.00 -90.00 0.00 0.00 -100.00 -0.00 0.00 -80.00 0.00 0.00 -0.00 -0.00 -0.00 -90.00 0.00 0.00 -100.00 -0.00 0.00 -80.00 0.00 0.00 -0.00 4.00 0.01 -0.08 -0.00 0.11 -1.57 -0.00 0.05 -0.77
-0.0000 0.0165 0.0000 0.00 -0.00 0.00 0.00 -0.00 0.00 0.00 -0.00 0.00 0.00 -0.00 0.00 0.00 -0.00 0.00 0.00 -0.00 0.00 0.00 -0.00 0.00 0.00 -0.00 0.00 0.00 -0.00 0.00 0.00 -0.00 0.00 0.00 -0.00 0.00 0.00 -0.00 0.00 0.00 -0.00 0.00 0.00 -0.00 0.00 0.00 -0.00 0.00 0.00 -0.00 0.00 0.00 -0.00 0.00 0.00 -0.00 0.00 0.00 -0.00 0.00 0.00 -0.00 0.00 0.00 -0.00 0.00 0.00 -0.00 0.00 0.00 -0.00 0.00 0.00 -0.00 0.00 0.00 -0.00 0.00 0.00 -0.00 0.00 0.00 -0.00 0.00 0.00 -0.00 0.00 0.00 -0.00 0.00 0.00 -0.00 0.00 0.00 -0.00 0.00 0.00 -0.00 0.00 0.00 -0.00 0.00 0.00 -0.00 0.00 0.00 -0.00 0.00 0.00 -0.00 0.00 0.00 -0.00 0.00 0.00 -0.00 0.00 0.00 -0.00 0.00 0.00 -0.00 0.00 0.00 -0.00 0.00 94.39 0.18 -156.33 0.01 -25.00 0.03 -11.23 0.58 43.47 -20.47 30.26 42.41 0.00 0.00 -0.00 -0.00 -0.00 -90.00 0.00 0.00 -100.00 -0.00 0.00 -80.00 0.00 0.00 -0.00 -0.00 -0.00 -90.00 0.00 0.00 -100.00 -0.00 0.00 -80.00 0.00 0.00 -0.00 -0.00 -0.00 -90.00 0.00 0.00 -100.00 -0.00 0.00 -80.00 0.00 0.00 -0.00 4.00 0.01 -0.08 -0.00 0.11 -1.57 -0.00 0.05 -0.77
-0.0000 0.0169 0.0000 0.00 -0.00 0.00 0.00 -0.00 0.00 0.00 -0.00 0.00 0.00 -0.00 0.00 0.00 -0.00 0.00 0.00 -0.00 0.00 0.00 -0.00 0.00 0.00 -0.00 0.00 0.00 -0.00 0.00 0.00 -0.00 0.00 0.00 -0.00 0.00 0.00 -0.00 0.00 0.00 -0.00 0.00 0.00 -0.00 0.00 0.00 -0.00 0.00 0.00 -0.00 0.00 0.00 -0.00 0.00 0.00 -0.00 0.00 0.00 -0.00 0.00 0.00 -0.00 0.00 0.00 -0.00 0.00 0.00 -0.00 0.00 0.00 -0.00 0.00 0.00 -0.00 0.00 0.00 -0.00 0.00 0.00 -0.00 0.00 0.00 -0.00 0.00 0.00 -0.00 0.00 0.00 -0.00 0.00 0.00 -0.00 0.00 0.00 -0.00 0.00 0.00 -0.00 0.00 0.00 -0.00 0.00 0.00 -0.00 0.00 0.00 -0.00 0.00 0.00 -0.00 0.00 0.00 -0.00 0.00 0.00 -0.00 0.00 0.00 -0.00 0.00 0.00 -0.00 0.00 0.00 -0.00 0.00 94.39 0.18 -156.33 0.01 -25.00 0.03 -11.23 0.58 43.47 -20.47 30.26 42.41 0.00 0.00 -0.00 -0.00 -0.00 -90.00 0.00 0.00 -100.00 -0.00 0.00 -80.00 0.00 0.00 -0.00 -0.00 -0.00 -90.00 0.00 0.00 -100.00 -0.00 0.00 -80.00 0.00 0.00 -0.00 -0.00 -0.00 -90.00 0.00 0.00 -100.00 -0.00 0.00 -80.00 0.00 0.00 -0.00 4.00 0.01 -0.08 -0.00 0.11 -1.57 -0.00 0.05 -0.77
-0.0000 0.0164 0.0000 0.00 -0.00 0.00 0.00 -0.00 0.00 0.00 -0.00 0.00 0.00 -0.00 0.00 0.00 -0.00 0.00 0.00 -0.00 0.00 0.00 -0.00 0.00 0.00 -0.00 0.00 0.00 -0.00 0.00 0.00 -0.00 0.00 0.00 -0.00 0.00 0.00 -0.00 0.00 0.00 -0.00 0.00 0.00 -0.00 0.00 0.00 -0.00 0.00 0.00 -0.00 0.00 0.00 -0.00 0.00 0.00 -0.00 0.00 0.00 -0.00 0.00 0.00 -0.00 0.00 0.00 -0.00 0.00 0.00 -0.00 0.00 0.00 -0.00 0.00 0.00 -0.00 0.00 0.00 -0.00 0.00 0.00 -0.00 0.00 0.00 -0.00 0.00 0.00 -0.00 0.00 0.00 -0.00 0.00 0.00 -0.00 0.00 0.00 -0.00 0.00 0.00 -0.00 0.00 0.00 -0.00 0.00 0.00 -0.00 0.00 0.00 -0.00 0.00 0.00 -0.00 0.00 0.00 -0.00 0.00 0.00 -0.00 0.00 0.00 -0.00 0.00 0.00 -0.00 0.00 0.00 -0.00 0.00 94.39 0.18 -156.33 0.01 -25.00 0.03 -11.23 0.58 43.47 -20.47 30.26 42.41 0.00 0.00 -0.00 -0.00 -0.00 -90.00 0.00 0.00 -100.00 -0.00 0.00 -80.00 0.00 0.00 -0.00 -0.00 -0.00 -90.00 0.00 0.00 -100.00 -0.00 0.00 -80.00 0.00 0.00 -0.00 -0.00 -0.00 -90.00 0.00 0.00 -100.00 -0.00 0.00 -80.00 0.00 0.00 -0.00 4.00 0.01 -0.08 -0.00 0.11 -1.57 -0.00 0.05 -0.77
-0.0000 0.0167 0.0000 0.00 -0.00 0.00 0.00 -0.00 0.00 0.00 -0.00 0.00 0.00 -0.00 0.00 0.00 -0.00 0.00 0.00 -0.00 0.00 0.00 -0.00 0.00 0.00 -0.00 0.00 0.00 -0.00 0.00 0.00 -0.00 0.00 0.00 -0.00 0.00 0.00 -0.00 0.00 0.00 -0.00 0.00 0.00 -0.00 0.00 0.00 -0.00 0.00 0.00 -0.00 0.00 0.00 -0.00 0.00 0.00 -0.00 0.00 0.00 -0.00 0.00 0.00 -0.00 0.00 0.00 -0.00 0.00 0.00 -0.00 0.00 0.00 -0.00 0.00 0.00 -0.00 0.00 0.00 -0.00 0.00 0.00 -0.00 0.00 0.00 -0.00 0.00 0.00 -0.00 0.00 0.00 -0.00 0.00 0.00 -0.00 0.00 0.00 -0.00 0.00 0.00 -0.00 0.00 0.00 -0.00 0.00 0.00 -0.00 0.00 0.00 -0.00 0.00 0.00 -0.00 0.00 0.00 -0.00 0.00 0.00 -0.00 0.00 0.00 -0.00 0.00 0.00 -0.00 0.00 0.00 -0.00 0.00 94.39 0.18 -156.33 0.01 -25.00 0.03 -11.23 0.58 43.47 -20.47 30.26 42.41 0.00 0.00 -0.00 -0.00 -0.00 -90.00 0.00 0.00 -100.00 -0.00 0.00 -80.00 0.00 0.00 -0.00 -0.00 -0.00 -90.00 0.00 0.00 -100.00 -0.00 0.00 -80.00 0.00 0.00 -0.00 -0.00 -0.00 -90.00 0.00 0.00 -100.00 -0.00 0.00 -80.00 0.00 0.00 -0.00 4.00 0.01 -0.08 -0.00 0.11 -1.57 -0.00 0.05 -0.77
-0.0000 0.0172 0.0000 0.00 -0.00 0.00 0.00 -0.00 0.00 0.00 -0.00 0.00 0.00 -0.00 0.00 0.00 -0.00 0.00 0.00 -0.00 0.00 0.00 -0.00 0.00 0.00 -0.00 0.00 0.00 -0.00 0.00 0.00 -0.00 0.00 0.00 -0.00 0.00 0.00 -0.00 0.00 0.00 -0.00 0.00 0.00 -0.00 0.00 0.00 -0.00 0.00 0.00 -0.00 0.00 0.00 -0.00 0.00 0.00 -0.00 0.00 0.00 -0.00 0.00 0.00 -0.00 0.00 0.00 -0.00 0.00 0.00 -0.00 0.00 0.00 -0.00 0.00 0.00 -0.00 0.00 0.00 -0.00 0.00 0.00 -0.00 0.00 0.00 -0.00 0.00 0.00 -0.00 0.00 0.00 -0.00 0.00 0.00 -0.00 0.00 0.00 -0.00 0.00 0.00 -0.00 0.00 0.00 -0.00 0.00 0.00 -0.00 0.00 0.00 -0.00 0.00 0.00 -0.00 0.00 0.00 -0.00 0.00 0.00 -0.00 0.00 0.00 -0.00 0.00 0.00 -0.00 0.00 0.00 -0.00 0.00 94.39 0.18 -156.33 0.01 -25.00 0.03 -11.23 0.58 43.47 -20.47 30.26 42.41 0.00 0.00 -0.00 -0.00 -0.00 -90.00 0.00 0.00 -100.00 -0.00 0.00 -80.00 0.00 0.00 -0.00 -0.00 -0.00 -90.00 0.00 0.00 -100.00 -0.00 0.00 -80.00 0.00 0.00 -0.00 -0.00 -0.00 -90.00 0.00 0.00 -100.00 -0.00 0.00 -80.00 0.00 0.00 -0.00 4.00 0.01 -0.08 -0.00 0.11 -1.57 -0.00 0.05 -0.77
-0.0000 0.0176 0.0000 0.00 -0.00 0.00 0.00 -0.00 0.00 0.00 -0.00 0.00 0.00 -0.00 0.00 0.00 -0.00 0.00 0.00 -0.00 0.00 0.00 -0.00 0.00 0.00 -0.00 0.00 0.00 -0.00 0.00 0.00 -0.00 0.00 0.00 -0.00 0.00 0.00 -0.00 0.00 0.00 -0.00 0.00 0.00 -0.00 0.00 0.00 -0.00 0.00 0.00 -0.00 0.00 0.00 -0.00 0.00 0.00 -0.00 0.00 0.00 -0.00 0.00 0.00 -0.00 0.00 0.00 -0.00 0.00 0.00 -0.00 0.00 0.00 -0.00 0.00 0.00 -0.00 0.00 0.00 -0.00 0.00 0.00 -0.00 0.00 0.00 -0.00 0.00 0.00 -0.00 0.00 0.00 -0.00 0.00 0.00 -0.00 0.00 0.00 -0.00 0.00 0.00 -0.00 0.00 0.00 -0.00 0.00 0.00 -0.00 0.00 0.00 -0.00 0.00 0.00 -0.00 0.00 0.00 -0.00 0.00 0.00 -0.00 0.00 0.00 -0.00 0.00 0.00 -0.00 0.00 0.00 -0.00 0.00 94.39 0.18 -156.33 0.01 -25.00 0.03 -11.23 0.58 43.47 -20.47 30.26 42.41 0.00 0.00 -0.00 -0.00 -0.00 -90.00 0.00 0.00 -100.00 -0.00 0.00 -80.00 0.00 0.00 -0.00 -0.00 -0.00 -90.00 0.00 0.00 -100.00 -0.00 0.00 -80.00 0.00 0.00 -0.00 -0.00 -0.00 -90.00 0.00 0.00 -100.00 -0.00 0.00 -80.00 0.00 0.00 -0.00 4.00 0.01 -0.08 -0.00 0.11 -1.57 -0.00 0.05 -0.77
-0.0000 0.0174 0.0000 0.00 -0.00 0.00 0.00 -0.00 0.00 0.00 -0.00 0.00 0.00 -0.00 0.00 0.00 -0.00 0.00 0.00 -0.00 0.00 0.00 -0.00 0.00 0.00 -0.00 0.00 0.00 -0.00 0.00 0.00 -0.00 0.00 0.00 -0.00 0.00 0.00 -0.00 0.00 0.00 -0.00 0.00 0.00 -0.00 0.00 0.00 -0.00 0.00 0.00 -0.00 0.00 0.00 -0.00 0.00 0.00 -0.00 0.00 0.00 -0.00 0.00 0.00 -0.00 0.00 0.00 -0.00 0.00 0.00 -0.00 0.00 0.00 -0.00 0.00 0.00 -0.00 0.00 0.00 -0.00 0.00 0.00 -0.00 0.00 0.00 -0.00 0.00 0.00 -0.00 0.00 0.00 -0.00 0.00 0.00 -0.00 0.00 0.00 -0.00 0.00 0.00 -0.00 0.00 0.00 -0.00 0.00 0.00 -0.00 0.00 0.00 -0.00 0.00 0.00 -0.00 0.00 0.00 -0.00 0.00 0.00 -0.00 0.00 0.00 -0.00 0.00 0.00 -0.00 0.00 0.00 -0.00 0.00 94.39 0.18 -156.33 0.01 -25.00 0.03 -11.23 0.58 43.47 -20.47 30.26 42.41 0.00 0.00 -0.00 -0.00 -0.00 -90.00 0.00 0.00 -100.00 -0.00 0.00 -80.00 0.00 0.00 -0.00 -0.00 -0.00 -90.00 0.00 0.00 -100.00 -0.00 0.00 -80.00 0.00 0.00 -0.00 -0.00 -0.00 -90.00 0.00 0.00 -100.00 -0.00 0.00 -80.00 0.00 0.00 -0.00 4.00 0.01 -0.08 -0.00 0.11 -1.57 -0.00 0.05 -0.77
-0.0000 0.0173 0.0000 0.00 -0.00 0.00 0.00 -0.00 0.00 0.00 -0.00 0.00 0.00 -0.00 0.00 0.00 -0.00 0.00 0.00 -0.00 0.00 0.00 -0.00 0.00 0.00 -0.00 0.00 0.00 -0.00 0.00 0.00 -0.00 0.00 0.00 -0.00 0.00 0.00 -0.00 0.00 0.00 -0.00 0.00 0.00 -0.00 0.00 0.00 -0.00 0.00 0.00 -0.00 0.00 0.00 -0.00 0.00 0.00 -0.00 0.00 0.00 -0.00 0.00 0.00 -0.00 0.00 0.00 -0.00 0.00 0.00 -0.00 0.00 0.00 -0.00 0.00 0.00 -0.00 0.00 0.00 -0.00 0.00 0.00 -0.00 0.00 0.00 -0.00 0.00 0.00 -0.00 0.00 0.00 -0.00 0.00 0.00 -0.00 0.00 0.00 -0.00 0.00 0.00 -0.00 0.00 0.00 -0.00 0.00 0.00 -0.00 0.00 0.00 -0.00 0.00 0.00 -0.00 0.00 0.00 -0.00 0.00 0.00 -0.00 0.00 0.00 -0.00 0.00 0.00 -0.00 0.00 0.00 -0.00 0.00 94.39 0.18 -156.33 0.01 -25.00 0.03 -11.23 0.58 43.47 -20.47 30.26 42.41 0.00 0.00 -0.00 -0.00 -0.00 -90.00 0.00 0.00 -100.00 -0.00 0.00 -80.00 0.00 0.00 -0.00 -0.00 -0.00 -90.00 0.00 0.00 -100.00 -0.00 0.00 -80.00 0.00 0.00 -0.00 -0.00 -0.00 -90.00 0.00 0.00 -100.00 -0.00 0.00 -80.00 0.00 0.00 -0.00 4.00 0.01 -0.08 -0.00 0.11 -1.57 -0.00 0.05 -0.77
-0.0000 0.0169 0.0000 0.00 -0.00 0.00 0.00 -0.00 0.00 0.00 -0.00 0.00 0.00 -0.00 0.00 0.00 -0.00 0.00 0.00 -0.00 0.00 0.00 -0.00 0.00 0.00 -0.00 0.00 0.00 -0.00 0.00 0.00 -0.00 0.00 0.00 -0.00 0.00 0.00 -0.00 0.00 0.00 -0.00 0.00 0.00 -0.00 0.00 0.00 -0.00 0.00 0.00 -0.00 0.00 0.00 -0.00 0.00 0.00 -0.00 0.00 0.00 -0.00 0.00 0.00 -0.00 0.00 0.00 -0.00 0.00 0.00 -0.00 0.00 0.00 -0.00 0.00 0.00 -0.00 0.00 0.00 -0.00 0.00 0.00 -0.00 0.00 0.00 -0.00 0.00 0.00 -0.00 0.00 0.00 -0.00 0.00 0.00 -0.00 0.00 0.00 -0.00 0.00 0.00 -0.00 0.00 0.00 -0.00 0.00 0.00 -0.00 0.00 0.00 -0.00 0.00 0.00 -0.00 0.00 0.00 -0.00 0.00 0.00 -0.00 0.00 0.00 -0.00 0.00 0.00 -0.00 0.00 0.00 -0.00 0.00 94.39 0.18 -156.33 0.01 -25.00 0.03 -11.23 0.58 43.47 -20.47 30.26 42.41 0.00 0.00 -0.00 -0.00 -0.00 -90.00 0.00 0.00 -100.00 -0.00 0.00 -80.00 0.00 0.00 -0.00 -0.00 -0.00 -90.00 0.00 0.00 -100.00 -0.00 0.00 -80.00 0.00 0.00 -0.00 -0.00 -0.00 -90.00 0.00 0.00 -100.00 -0.00 0.00 -80.00 0.00 0.00 -0.00 4.00 0.01 -0.08 -0.00 0.11 -1.57 -0.00 0.05 -0.77
-0.0000 0.0172 0.0000 0.00 -0.00 0.00 0.00 -0.00 0.00 0.00 -0.00 0.00 0.00 -0.00 0.00 0.00 -0.00 0.00 0.00 -0.00 0.00 0.00 -0.00 0.00 0.00 -0.00 0.00 0.00 -0.00 0.00 0.00 -0.00 0.00 0.00 -0.00 0.00 0.00 -0.00 0.00 0.00 -0.00 0.00 0.00 -0.00 0.00 0.00 -0.00 0.00 0.00 -0.00 0.00 0.00 -0.00 0.00 0.00 -0.00 0.00 0.00 -0.00 0.00 0.00 -0.00 0.00 0.00 -0.00 0.00 0.00 -0.00 0.00 0.00 -0.00 0.00 0.00 -0.00 0.00 0.00 -0.00 0.00 0.00 -0.00 0.00 0.00 -0.00 0.00 0.00 -0.00 0.00 0.00 -0.00 0.00 0.00 -0.00 0.00 0.00 -0.00 0.00 0.00 -0.00 0.00 0.00 -0.00 0.00 0.00 -0.00 0.00 0.00 -0.00 0.00 0.00 -0.00 0.00 0.00 -0.00 0.00 0.00 -0.00 0.00 0.00 -0.00 0.00 0.00 -0.00 0.00 0.00 -0.00 0.00 94.39 0.18 -156.33 0.01 -25.00 0.03 -11.23 0.58 43.47 -20.47 30.26 42.41 0.00 0.00 -0.00 -0.00 -0.00 -90.00 0.00 0.00 -100.00 -0.00 0.00 -80.00 0.00 0.00 -0.00 -0.00 -0.00 -90.00 0.00 0.00 -100.00 -0.00 0.00 -80.00 0.00 0.00 -0.00 -0.00 -0.00 -90.00 0.00 0.00 -100.00 -0.00 0.00 -80.00 0.00 0.00 -0.00 4.00 0.01 -0.08 -0.00 0.11 -1.57 -0.00 0.05 -0.77
-0.0000 0.0178 0.0000 0.00 -0.00 0.00 0.00 -0.00 0.00 0.00 -0.00 0.00 0.00 -0.00 0.00 0.00 -0.00 0.00 0.00 -0.00 0.00 0.00 -0.00 0.00 0.00 -0.00 0.00 0.00 -0.00 0.00 0.00 -0.00 0.00 0.00 -0.00 0.00 0.00 -0.00 0.00 0.00 -0.00 0.00 0.00 -0.00 0.00 0.00 -0.00 0.00 0.00 -0.00 0.00 0.00 -0.00 0.00 0.00 -0.00 0.00 0.00 -0.00 0.00 0.00 -0.00 0.00 0.00 -0.00 0.00 0.00 -0.00 0.00 0.00 -0.00 0.00 0.00 -0.00 0.00 0.00 -0.00 0.00 0.00 -0.00 0.00 0.00 -0.00 0.00 0.00 -0.00 0.00 0.00 -0.00 0.00 0.00 -0.00 0.00 0.00 -0.00 0.00 0.00 -0.00 0.00 0.00 -0.00 0.00 0.00 -0.00 0.00 0.00 -0.00 0.00 0.00 -0.00 0.00 0.00 -0.00 0.00 0.00 -0.00 0.00 0.00 -0.00 0.00 0.00 -0.00 0.00 0.00 -0.00 0.00 94.39 0.18 -156.33 0.01 -25.00 0.03 -11.23 0.58 43.47 -20.47 30.26 42.41 0.00 0.00 -0.00 -0.00 -0.00 -90.00 0.00 0.00 -100.00 -0.00 0.00 -80.00 0.00 0.00 -0.00 -0.00 -0.00 -90.00 0.00 0.00 -100.00 -0.00 0.00 -80.00 0.00 0.00 -0.00 -0.00 -0.00 -90.00 0.00 0.00 -100.00 -0.00 0.00 -80.00 0.00 0.00 -0.00 4.00 0.01 -0.08 -0.00 0.11 -1.57 -0.00 0.05 -0.77
-0.0000 0.0170 0.0000 0.00 -0.00 0.00 0.00 -0.00 0.00 0.00 -0.00 0.00 0.00 -0.00 0.00 0.00 -0.00 0.00 0.00 -0.00 0.00 0.00 -0.00 0.00 0.00 -0.00 0.00 0.00 -0.00 0.00 0.00 -0.00 0.00 0.00 -0.00 0.00 0.00 -0.00 0.00 0.00 -0.00 0.00 0.00 -0.00 0.00 0.00 -0.00 0.00 0.00 -0.00 0.00 0.00 -0.00 0.00 0.00 -0.00 0.00 0.00 -0.00 0.00 0.00 -0.00 0.00 0.00 -0.00 0.00 0.00 -0.00 0.00 0.00 -0.00 0.00 0.00 -0.00 0.00 0.00 -0.00 0.00 0.00 -0.00 0.00 0.00 -0.00 0.00 0.00 -0.00 0.00 0.00 -0.00 0.00 0.00 -0.00 0.00 0.00 -0.00 0.00 0.00 -0.00 0.00 0.00 -0.00 0.00 0.00 -0.00 0.00 0.00 -0.00 0.00 0.00 -0.00 0.00 0.00 -0.00 0.00 0.00 -0.00 0.00 0.00 -0.00 0.00 0.00 -0.00 0.00 0.00 -0.00 0.00 94.39 0.18 -156.33 0.01 -25.00 0.03 -11.23 0.58 43.47 -20.47 30.26 42.41 0.00 0.00 -0.00 -0.00 -0.00 -90.00 0.00 0.00 -100.00 -0.00 0.00 -80.00 0.00 0.00 -0.00 -0.00 -0.00 -90.00 0.00 0.00 -100.00 -0.00 0.00 -80.00 0.00 0.00 -0.00 -0.00 -0.00 -90.00 0.00 0.00 -100.00 -0.00 0.00 -80.00 0.00 0.00 -0.00 4.00 0.01 -0.08 -0.00 0.11 -1.57 -0.00 0.05 -0.77
-0.0000 0.0173 0.0000 0.00 -0.00 0.00 0.00 -0.00 0.00 0.00 -0.00 0.00 0.00 -0.00 0.00 0.00 -0.00 0.00 0.00 -0.00 0.00 0.00 -0.00 0.00 0.00 -0.00 0.00 0.00 -0.00 0.00 0.00 -0.00 0.00 0.00 -0.00 0.00 0.00 -0.00 0.00 0.00 -0.00 0.00 0.00 -0.00 0.00 0.00 -0.00 0.00 0.00 -0.00 0.00 0.00 -0.00 0.00 0.00 -0.00 0.00 0.00 -0.00 0.00 0.00 -0.00 0.00 0.00 -0.00 0.00 0.00 -0.00 0.00 0.00 -0.00 0.00 0.00 -0.00 0.00 0.00 -0.00 0.00 0.00 -0.00 0.00 0.00 -0.00 0.00 0.00 -0.00 0.00 0.00 -0.00 0.00 0.00 -0.00 0.00 0.00 -0.00 0.00 0.00 -0.00 0.00 0.00 -0.00 0.00 0.00 -0.00 0.00 0.00 -0.00 0.00 0.00 -0.00 0.00 0.00 -0.00 0.00 0.00 -0.00 0.00 0.00 -0.00 0.00 0.00 -0.00 0.00 0.00 -0.00 0.00 94.39 0.18 -156.33 0.01 -25.00 0.03 -11.23 0.58 43.47 -20.47 30.26 42.41 0.00 0.00 -0.00 -0.00 -0.00 -90.00 0.00 0.00 -100.00 -0.00 0.00 -80.00 0.00 0.00 -0.00 -0.00 -0.00 -90.00 0.00 0.00 -100.00 -0.00 0.00 -80.00 0.00 0.00 -0.00 -0.00 -0.00 -90.00 0.00 0.00 -100.00 -0.00 0.00 -80.00 0.00 0.00 -0.00 4.00 0.01 -0.08 -0.00 0.11 -1.57 -0.00 0.05 -0.77
-0.0000 0.0175 0.0000 0.00 -0.00 0.00 0.00 -0.00 0.00 0.00 -0.00 0.00 0.00 -0.00 0.00 0.00 -0.00 0.00 0.00 -0.00 0.00 0.00 -0.00 0.00 0.00 -0.00 0.00 0.00 -0.00 0.00 0.00 -0.00 0.00 0.00 -0.00 0.00 0.00 -0.00 0.00 0.00 -0.00 0.00 0.00 -0.00 0.00 0.00 -0.00 0.00 0.00 -0.00 0.00 0.00 -0.00 0.00 0.00 -0.00 0.00 0.00 -0.00 0.00 0.00 -0.00 0.00 0.00 -0.00 0.00 0.00 -0.00 0.00 0.00 -0.00 0.00 0.00 -0.00 0.00 0.00 -0.00 0.00 0.00 -0.00 0.00 0.00 -0.00 0.00 0.00 -0.00 0.00 0.00 -0.00 0.00 0.00 -0.00 0.00 0.00 -0.00 0.00 0.00 -0.00 0.00 0.00 -0.00 0.00 0.00 -0.00 0.00 0.00 -0.00 0.00 0.00 -0.00 0.00 0.00 -0.00 0.00 0.00 -0.00 0.00 0.00 -0.00 0.00 0.00 -0.00 0.00 0.00 -0.00 0.00 94.39 0.18 -156.33 0.01 -25.00 0.03 -11.23 0.58 43.47 -20.47 30.26 42.41 0.00 0.00 -0.00 -0.00 -0.00 -90.00 0.00 0.00 -100.00 -0.00 0.00 -80.00 0.00 0.00 -0.00 -0.00 -0.00 -90.00 0.00 0.00 -100.00 -0.00 0.00 -80.00 0.00 0.00 -0.00 -0.00 -0.00 -90.00 0.00 0.00 -100.00 -0.00 0.00 -80.00 0.00 0.00 -0.00 4.00 0.01 -0.08 -0.00 0.11 -1.57 -0.00 0.05 -0.77
-0.0000 0.0171 0.0000 0.00 -0.00 0.00 0.00 -0.00 0.00 0.00 -0.00 0.00 0.00 -0.00 0.00 0.00 -0.00 0.00 0.00 -0.00 0.00 0.00 -0.00 0.00 0.00 -0.00 0.00 0.00 -0.00 0.00 0.00 -0.00 0.00 0.00 -0.00 0.00 0.00 -0.00 0.00 0.00 -0.00 0.00 0.00 -0.00 0.00 0.00 -0.00 0.00 0.00 -0.00 0.00 0.00 -0.00 0.00 0.00 -0.00 0.00 0.00 -0.00 0.00 0.00 -0.00 0.00 0.00 -0.00 0.00 0.00 -0.00 0.00 0.00 -0.00 0.00 0.00 -0.00 0.00 0.00 -0.00 0.00 0.00 -0.00 0.00 0.00 -0.00 0.00 0.00 -0.00 0.00 0.00 -0.00 0.00 0.00 -0.00 0.00 0.00 -0.00 0.00 0.00 -0.00 0.00 0.00 -0.00 0.00 0.00 -0.00 0.00 0.00 -0.00 0.00 0.00 -0.00 0.00 0.00 -0.00 0.00 0.00 -0.00 0.00 0.00 -0.00 0.00 0.00 -0.00 0.00 0.00 -0.00 0.00 94.39 0.18 -156.33 0.01 -25.00 0.03 -11.23 0.58 43.47 -20.47 30.26 42.41 0.00 0.00 -0.00 -0.00 -0.00 -90.00 0.00 0.00 -100.00 -0.00 0.00 -80.00 0.00 0.00 -0.00 -0.00 -0.00 -90.00 0.00 0.00 -100.00 -0.00 0.00 -80.00 0.00 0.00 -0.00 -0.00 -0.00 -90.00 0.00 0.00 -100.00 -0.00 0.00 -80.00 0.00 0.00 -0.00 4.00 0.01 -0.08 -0.00 0.11 -1.57 -0.00 0.05 -0.77
-0.0000 0.0174 0.0000 0.00 -0.00 0.00 0.00 -0.00 0.00 0.00 -0.00 0.00 0.00 -0.00 0.00 0.00 -0.00 0.00 0.00 -0.00 0.00 0.00 -0.00 0.00 0.00 -0.00 0.00 0.00 -0.00 0.00 0.00 -0.00 0.00 0.00 -0.00 0.00 0.00 -0.00 0.00 0.00 -0.00 0.00 0.00 -0.00 0.00 0.00 -0.00 0.00 0.00 -0.00 0.00 0.00 -0.00 0.00 0.00 -0.00 0.00 0.00 -0.00 0.00 0.00 -0.00 0.00 0.00 -0.00 0.00 0.00 -0.00 0.00 0.00 -0.00 0.00 0.00 -0.00 0.00 0.00 -0.00 0.00 0.00 -0.00 0.00 0.00 -0.00 0.00 0.00 -0.00 0.00 0.00 -0.00 0.00 0.00 -0.00 0.00 0.00 -0.00 0.00 0.00 -0.00 0.00 0.00 -0.00 0.00 0.00 -0.00 0.00 0.00 -0.00 0.00 0.00 -0.00 0.00 0.00 -0.00 0.00 0.00 -0.00 0.00 0.00 -0.00 0.00 0.00 -0.00 0.00 0.00 -0.00 0.00 94.39 0.18 -156.33 0.01 -25.00 0.03 -11.23 0.58 43.47 -20.47 30.26 42.41 0.00 0.00 -0.00 -0.00 -0.00 -90.00 0.00 0.00 -100.00 -0.00 0.00 -80.00 0.00 0.00 -0.00 -0.00 -0.00 -90.00 0.00 0.00 -100.00 -0.00 0.00 -80.00 0.00 0.00 -0.00 -0.00 -0.00 -90.00 0.00 0.00 -100.00 -0.00 0.00 -80.00 0.00 0.00 -0.00 4.00 0.01 -0.08 -0.00 0.11 -1.57 -0.00 0.05 -0.77
-0.0000 0.0175 0.0000 0.00 -0.00 0.00 0.00 -0.00 0.00 0.00 -0.00 0.00 0.00 -0.00 0.00 0.00 -0.00 0.00 0.00 -0.00 0.00 0.00 -0.00 0.00 0.00 -0.00 0.00 0.00 -0.00 0.00 0.00 -0.00 0.00 0.00 -0.00 0.00 0.00 -0.00 0.00 0.00 -0.00 0.00 0.00 -0.00 0.00 0.00 -0.00 0.00 0.00 -0.00 0.00 0.00 -0.00 0.00 0.00 -0.00 0.00 0.00 -0.00 0.00 0.00 -0.00 0.00 0.00 -0.00 0.00 0.00 -0.00 0.00 0.00 -0.00 0.00 0.00 -0.00 0.00 0.00 -0.00 0.00 0.00 -0.00 0.00 0.00 -0.00 0.00 0.00 -0.00 0.00 0.00 -0.00 0.00 0.00 -0.00 0.00 0.00 -0.00 0.00 0.00 -0.00 0.00 0.00 -0.00 0.00 0.00 -0.00 0.00 0.00 -0.00 0.00 0.00 -0.00 0.00 0.00 -0.00 0.00 0.00 -0.00 0.00 0.00 -0.00 0.00 0.00 -0.00 0.00 0.00 -0.00 0.00 94.39 0.18 -156.33 0.01 -25.00 0.03 -11.23 0.58 43.47 -20.47 30.26 42.41 0.00 0.00 -0.00 -0.00 -0.00 -90.00 0.00 0.00 -100.00 -0.00 0.00 -80.00 0.00 0.00 -0.00 -0.00 -0.00 -90.00 0.00 0.00 -100.00 -0.00 0.00 -80.00 0.00 0.00 -0.00 -0.00 -0.00 -90.00 0.00 0.00 -100.00 -0.00 0.00 -80.00 0.00 0.00 -0.00 4.00 0.01 -0.08 -0.00 0.11 -1.57 -0.00 0.05 -0.77
-0.0000 0.0175 0.0000 0.00 -0.00 0.00 0.00 -0.00 0.00 0.00 -0.00 0.00 0.00 -0.00 0.00 0.00 -0.00 0.00 0.00 -0.00 0.00 0.00 -0.00 0.00 0.00 -0.00 0.00 0.00 -0.00 0.00 0.00 -0.00 0.00 0.00 -0.00 0.00 0.00 -0.00 0.00 0.00 -0.00 0.00 0.00 -0.00 0.00 0.00 -0.00 0.00 0.00 -0.00 0.00 0.00 -0.00 0.00 0.00 -0.00 0.00 0.00 -0.00 0.00 0.00 -0.00 0.00 0.00 -0.00 0.00 0.00 -0.00 0.00 0.00 -0.00 0.00 0.00 -0.00 0.00 0.00 -0.00 0.00 0.00 -0.00 0.00 0.00 -0.00 0.00 0.00 -0.00 0.00 0.00 -0.00 0.00 0.00 -0.00 0.00 0.00 -0.00 0.00 0.00 -0.00 0.00 0.00 -0.00 0.00 0.00 -0.00 0.00 0.00 -0.00 0.00 0.00 -0.00 0.00 0.00 -0.00 0.00 0.00 -0.00 0.00 0.00 -0.00 0.00 0.00 -0.00 0.00 0.00 -0.00 0.00 94.39 0.18 -156.33 0.01 -25.00 0.03 -11.23 0.58 43.47 -20.47 30.26 42.41 0.00 0.00 -0.00 -0.00 -0.00 -90.00 0.00 0.00 -100.00 -0.00 0.00 -80.00 0.00 0.00 -0.00 -0.00 -0.00 -90.00 0.00 0.00 -100.00 -0.00 0.00 -80.00 0.00 0.00 -0.00 -0.00 -0.00 -90.00 0.00 0.00 -100.00 -0.00 0.00 -80.00 0.00 0.00 -0.00 4.00 0.01 -0.08 -0.00 0.11 -1.57 -0.00 0.05 -0.77
-0.0000 0.0175 0.0000 0.00 -0.00 0.00 0.00 -0.00 0.00 0.00 -0.00 0.00 0.00 -0.00 0.00 0.00 -0.00 0.00 0.00 -0.00 0.00 0.00 -0.00 0.00 0.00 -0.00 0.00 0.00 -0.00 0.00 0.00 -0.00 0.00 0.00 -0.00 0.00 0.00 -0.00 0.00 0.00 -0.00 0.00 0.00 -0.00 0.00 0.00 -0.00 0.00 0.00 -0.00 0.00 0.00 -0.00 0.00 0.00 -0.00 0.00 0.00 -0.00 0.00 0.00 -0.00 0.00 0.00 -0.00 0.00 0.00 -0.00 0.00 0.00 -0.00 0.00 0.00 -0.00 0.00 0.00 -0.00 0.00 0.00 -0.00 0.00 0.00 -0.00 0.00 0.00 -0.00 0.00 0.00 -0.00 0.00 0.00 -0.00 0.00 0.00 -0.00 0.00 0.00 -0.00 0.00 0.00 -0.00 0.00 0.00 -0.00 0.00 0.00 -0.00 0.00 0.00 -0.00 0.00 0.00 -0.00 0.00 0.00 -0.00 0.00 0.00 -0.00 0.00 0.00 -0.00 0.00 0.00 -0.00 0.00 94.39 0.18 -156.33 0.01 -25.00 0.03 -11.23 0.58 43.47 -20.47 30.26 42.41 0.00 0.00 -0.00 -0.00 -0.00 -90.00 0.00 0.00 -100.00 -0.00 0.00 -80.00 0.00 0.00 -0.00 -0.00 -0.00 -90.00 0.00 0.00 -100.00 -0.00 0.00 -80.00 0.00 0.00 -0.00 -0.00 -0.00 -90.00 0.00 0.00 -100.00 -0.00 0.00 -80.00 0.00 0.00 -0.00 4.00 0.01 -0.08 -0.00 0.11 -1.57 -0.00 0.05 -0.77
-0.0000 0.0181 0.0000 0.00 -0.00 0.00 0.00 -0.00 0.00 0.00 -0.00 0.00 0.00 -0.00 0.00 0.00 -0.00 0.00 0.00 -0.00 0.00 0.00 -0.00 0.00 0.00 -0.00 0.00 0.00 -0.00 0.00 0.00 -0.00 0.00 0.00 -0.00 0.00 0.00 -0.00 0.00 0.00 -0.00 0.00 0.00 -0.00 0.00 0.00 -0.00 0.00 0.00 -0.00 0.00 0.00 -0.00 0.00 0.00 -0.00 0.00 0.00 -0.00 0.00 0.00 -0.00 0.00 0.00 -0.00 0.00 0.00 -0.00 0.00 0.00 -0.00 0.00 0.00 -0.00 0.00 0.00 -0.00 0.00 0.00 -0.00 0.00 0.00 -0.00 0.00 0.00 -0.00 0.00 0.00 -0.00 0.00 0.00 -0.00 0.00 0.00 -0.00 0.00 0.00 -0.00 0.00 0.00 -0.00 0.00 0.00 -0.00 0.00 0.00 -0.00 0.00 0.00 -0.00 0.00 0.00 -0.00 0.00 0.00 -0.00 0.00 0.00 -0.00 0.00 0.00 -0.00 0.00 0.00 -0.00 0.00 94.39 0.18 -156.33 0.01 -25.00 0.03 -11.23 0.58 43.47 -20.47 30.26 42.41 0.00 0.00 -0.00 -0.00 -0.00 -90.00 0.00 0.00 -100.00 -0.00 0.00 -80.00 0.00 0.00 -0.00 -0.00 -0.00 -90.00 0.00 0.00 -100.00 -0.00 0.00 -80.00 0.00 0.00 -0.00 -0.00 -0.00 -90.00 0.00 0.00 -100.00 -0.00 0.00 -80.00 0.00 0.00 -0.00 4.00 0.01 -0.08 -0.00 0.11 -1.57 -0.00 0.05 -0.77
-0.0000 0.0177 0.0000 0.00 -0.00 0.00 0.00 -0.00 0.00 0.00 -0.00 0.00 0.00 -0.00 0.00 0.00 -0.00 0.00 0.00 -0.00 0.00 0.00 -0.00 0.00 0.00 -0.00 0.00 0.00 -0.00 0.00 0.00 -0.00 0.00 0.00 -0.00 0.00 0.00 -0.00 0.00 0.00 -0.00 0.00 0.00 -0.00 0.00 0.00 -0.00 0.00 0.00 -0.00 0.00 0.00 -0.00 0.00 0.00 -0.00 0.00 0.00 -0.00 0.00 0.00 -0.00 0.00 0.00 -0.00 0.00 0.00 -0.00 0.00 0.00 -0.00 0.00 0.00 -0.00 0.00 0.00 -0.00 0.00 0.00 -0.00 0.00 0.00 -0.00 0.00 0.00 -0.00 0.00 0.00 -0.00 0.00 0.00 -0.00 0.00 0.00 -0.00 0.00 0.00 -0.00 0.00 0.00 -0.00 0.00 0.00 -0.00 0.00 0.00 -0.00 0.00 0.00 -0.00 0.00 0.00 -0.00 0.00 0.00 -0.00 0.00 0.00 -0.00 0.00 0.00 -0.00 0.00 0.00 -0.00 0.00 94.39 0.18 -156.33 0.01 -25.00 0.03 -11.23 0.58 43.47 -20.47 30.26 42.41 0.00 0.00 -0.00 -0.00 -0.00 -90.00 0.00 0.00 -100.00 -0.00 0.00 -80.00 0.00 0.00 -0.00 -0.00 -0.00 -90.00 0.00 0.00 -100.00 -0.00 0.00 -80.00 0.00 0.00 -0.00 -0.00 -0.00 -90.00 0.00 0.00 -100.00 -0.00 0.00 -80.00 0.00 0.00 -0.00 4.00 0.01 -0.08 -0.00 0.11 -1.57 -0.00 0.05 -0.77
-0.0000 0.0172 0.0000 0.00 -0.00 0.00 0.00 -0.00 0.00 0.00 -0.00 0.00 0.00 -0.00 0.00 0.00 -0.00 0.00 0.00 -0.00 0.00 0.00 -0.00 0.00 0.00 -0.00 0.00 0.00 -0.00 0.00 0.00 -0.00 0.00 0.00 -0.00 0.00 0.00 -0.00 0.00 0.00 -0.00 0.00 0.00 -0.00 0.00 0.00 -0.00 0.00 0.00 -0.00 0.00 0.00 -0.00 0.00 0.00 -0.00 0.00 0.00 -0.00 0.00 0.00 -0.00 0.00 0.00 -0.00 0.00 0.00 -0.00 0.00 0.00 -0.00 0.00 0.00 -0.00 0.00 0.00 -0.00 0.00 0.00 -0.00 0.00 0.00 -0.00 0.00 0.00 -0.00 0.00 0.00 -0.00 0.00 0.00 -0.00 0.00 0.00 -0.00 0.00 0.00 -0.00 0.00 0.00 -0.00 0.00 0.00 -0.00 0.00 0.00 -0.00 0.00 0.00 -0.00 0.00 0.00 -0.00 0.00 0.00 -0.00 0.00 0.00 -0.00 0.00 0.00 -0.00 0.00 0.00 -0.00 0.00 94.39 0.18 -156.33 0.01 -25.00 0.03 -11.23 0.58 43.47 -20.47 30.26 42.41 0.00 0.00 -0.00 -0.00 -0.00 -90.00 0.00 0.00 -100.00 -0.00 0.00 -80.00 0.00 0.00 -0.00 -0.00 -0.00 -90.00 0.00 0.00 -100.00 -0.00 0.00 -80.00 0.00 0.00 -0.00 -0.00 -0.00 -90.00 0.00 0.00 -100.00 -0.00 0.00 -80.00 0.00 0.00 -0.00 4.00 0.01 -0.08 -0.00 0.11 -1.57 -0.00 0.05 -0.77
-0.0000 0.0174 0.0000 0.00 -0.00 0.00 0.00 -0.00 0.00 0.00 -0.00 0.00 0.00 -0.00 0.00 0.00 -0.00 0.00 0.00 -0.00 0.00 0.00 -0.00 0.00 0.00 -0.00 0.00 0.00 -0.00 0.00 0.00 -0.00 0.00 0.00 -0.00 0.00 0.00 -0.00 0.00 0.00 -0.00 0.00 0.00 -0.00 0.00 0.00 -0.00 0.00 0.00 -0.00 0.00 0.00 -0.00 0.00 0.00 -0.00 0.00 0.00 -0.00 0.00 0.00 -0.00 0.00 0.00 -0.00 0.00 0.00 -0.00 0.00 0.00 -0.00 0.00 0.00 -0.00 0.00 0.00 -0.00 0.00 0.00 -0.00 0.00 0.00 -0.00 0.00 0.00 -0.00 0.00 0.00 -0.00 0.00 0.00 -0.00 0.00 0.00 -0.00 0.00 0.00 -0.00 0.00 0.00 -0.00 0.00 0.00 -0.00 0.00 0.00 -0.00 0.00 0.00 -0.00 0.00 0.00 -0.00 0.00 0.00 -0.00 0.00 0.00 -0.00 0.00 0.00 -0.00 0.00 0.00 -0.00 0.00 94.39 0.18 -156.33 0.01 -25.00 0.03 -11.23 0.58 43.47 -20.47 30.26 42.41 0.00 0.00 -0.00 -0.00 -0.00 -90.00 0.00 0.00 -100.00 -0.00 0.00 -80.00 0.00 0.00 -0.00 -0.00 -0.00 -90.00 0.00 0.00 -100.00 -0.00 0.00 -80.00 0.00 0.00 -0.00 -0.00 -0.00 -90.00 0.00 0.00 -100.00 -0.00 0.00 -80.00 0.00 0.00 -0.00 4.00 0.01 -0.08 -0.00 0.11 -1.57 -0.00 0.05 -0.77
-0.0000 0.0174 0.0000 0.00 -0.00 0.00 0.00 -0.00 0.00 0.00 -0.00 0.00 0.00 -0.00 0.00 0.00 -0.00 0.00 0.00 -0.00 0.00 0.00 -0.00 0.00 0.00 -0.00 0.00 0.00 -0.00 0.00 0.00 -0.00 0.00 0.00 -0.00 0.00 0.00 -0.00 0.00 0.00 -0.00 0.00 0.00 -0.00 0.00 0.00 -0.00 0.00 0.00 -0.00 0.00 0.00 -0.00 0.00 0.00 -0.00 0.00 0.00 -0.00 0.00 0.00 -0.00 0.00 0.00 -0.00 0.00 0.00 -0.00 0.00 0.00 -0.00 0.00 0.00 -0.00 0.00 0.00 -0.00 0.00 0.00 -0.00 0.00 0.00 -0.00 0.00 0.00 -0.00 0.00 0.00 -0.00 0.00 0.00 -0.00 0.00 0.00 -0.00 0.00 0.00 -0.00 0.00 0.00 -0.00 0.00 0.00 -0.00 0.00 0.00 -0.00 0.00 0.00 -0.00 0.00 0.00 -0.00 0.00 0.00 -0.00 0.00 0.00 -0.00 0.00 0.00 -0.00 0.00 0.00 -0.00 0.00 94.39 0.18 -156.33 0.01 -25.00 0.03 -11.23 0.58 43.47 -20.47 30.26 42.41 0.00 0.00 -0.00 -0.00 -0.00 -90.00 0.00 0.00 -100.00 -0.00 0.00 -80.00 0.00 0.00 -0.00 -0.00 -0.00 -90.00 0.00 0.00 -100.00 -0.00 0.00 -80.00 0.00 0.00 -0.00 -0.00 -0.00 -90.00 0.00 0.00 -100.00 -0.00 0.00 -80.00 0.00 0.00 -0.00 4.00 0.01 -0.08 -0.00 0.11 -1.57 -0.00 0.05 -0.77
-0.0000 0.0176 0.0000 0.00 -0.00 0.00 0.00 -0.00 0.00 0.00 -0.00 0.00 0.00 -0.00 0.00 0.00 -0.00 0.00 0.00 -0.00 0.00 0.00 -0.00 0.00 0.00 -0.00 0.00 0.00 -0.00 0.00 0.00 -0.00 0.00 0.00 -0.00 0.00 0.00 -0.00 0.00 0.00 -0.00 0.00 0.00 -0.00 0.00 0.00 -0.00 0.00 0.00 -0.00 0.00 0.00 -0.00 0.00 0.00 -0.00 0.00 0.00 -0.00 0.00 0.00 -0.00 0.00 0.00 -0.00 0.00 0.00 -0.00 0.00 0.00 -0.00 0.00 0.00 -0.00 0.00 0.00 -0.00 0.00 0.00 -0.00 0.00 0.00 -0.00 0.00 0.00 -0.00 0.00 0.00 -0.00 0.00 0.00 -0.00 0.00 0.00 -0.00 0.00 0.00 -0.00 0.00 0.00 -0.00 0.00 0.00 -0.00 0.00 0.00 -0.00 0.00 0.00 -0.00 0.00 0.00 -0.00 0.00 0.00 -0.00 0.00 0.00 -0.00 0.00 0.00 -0.00 0.00 0.00 -0.00 0.00 94.39 0.18 -156.33 0.01 -25.00 0.03 -11.23 0.58 43.47 -20.47 30.26 42.41 0.00 0.00 -0.00 -0.00 -0.00 -90.00 0.00 0.00 -100.00 -0.00 0.00 -80.00 0.00 0.00 -0.00 -0.00 -0.00 -90.00 0.00 0.00 -100.00 -0.00 0.00 -80.00 0.00 0.00 -0.00 -0.00 -0.00 -90.00 0.00 0.00 -100.00 -0.00 0.00 -80.00 0.00 0.00 -0.00 4.00 0.01 -0.08 -0.00 0.11 -1.57 -0.00 0.05 -0.77
-0.0000 0.0179 0.0000 0.00 -0.00 0.00 0.00 -0.00 0.00 0.00 -0.00 0.00 0.00 -0.00 0.00 0.00 -0.00 0.00 0.00 -0.00 0.00 0.00 -0.00 0.00 0.00 -0.00 0.00 0.00 -0.00 0.00 0.00 -0.00 0.00 0.00 -0.00 0.00 0.00 -0.00 0.00 0.00 -0.00 0.00 0.00 -0.00 0.00 0.00 -0.00 0.00 0.00 -0.00 0.00 0.00 -0.00 0.00 0.00 -0.00 0.00 0.00 -0.00 0.00 0.00 -0.00 0.00 0.00 -0.00 0.00 0.00 -0.00 0.00 0.00 -0.00 0.00 0.00 -0.00 0.00 0.00 -0.00 0.00 0.00 -0.00 0.00 0.00 -0.00 0.00 0.00 -0.00 0.00 0.00 -0.00 0.00 0.00 -0.00 0.00 0.00 -0.00 0.00 0.00 -0.00 0.00 0.00 -0.00 0.00 0.00 -0.00 0.00 0.00 -0.00 0.00 0.00 -0.00 0.00 0.00 -0.00 0.00 0.00 -0.00 0.00 0.00 -0.00 0.00 0.00 -0.00 0.00 0.00 -0.00 0.00 94.39 0.18 -156.33 0.01 -25.00 0.03 -11.23 0.58 43.47 -20.47 30.26 42.41 0.00 0.00 -0.00 -0.00 -0.00 -90.00 0.00 0.00 -100.00 -0.00 0.00 -80.00 0.00 0.00 -0.00 -0.00 -0.00 -90.00 0.00 0.00 -100.00 -0.00 0.00 -80.00 0.00 0.00 -0.00 -0.00 -0.00 -90.00 0.00 0.00 -100.00 -0.00 0.00 -80.00 0.00 0.00 -0.00 4.00 0.01 -0.08 -0.00 0.11 -1.57 -0.00 0.05 -0.77
-0.0000 0.0172 0.0000 0.00 -0.00 0.00 0.00 -0.00 0.00 0.00 -0.00 0.00 0.00 -0.00 0.00 0.00 -0.00 0.00 0.00 -0.00 0.00 0.00 -0.00 0.00 0.00 -0.00 0.00 0.00 -0.00 0.00 0.00 -0.00 0.00 0.00 -0.00 0.00 0.00 -0.00 0.00 0.00 -0.00 0.00 0.00 -0.00 0.00 0.00 -0.00 0.00 0.00 -0.00 0.00 0.00 -0.00 0.00 0.00 -0.00 0.00 0.00 -0.00 0.00 0.00 -0.00 0.00 0.00 -0.00 0.00 0.00 -0.00 0.00 0.00 -0.00 0.00 0.00 -0.00 0.00 0.00 -0.00 0.00 0.00 -0.00 0.00 0.00 -0.00 0.00 0.00 -0.00 0.00 0.00 -0.00 0.00 0.00 -0.00 0.00 0.00 -0.00 0.00 0.00 -0.00 0.00 0.00 -0.00 0.00 0.00 -0.00 0.00 0.00 -0.00 0.00 0.00 -0.00 0.00 0.00 -0.00 0.00 0.00 -0.00 0.00 0.00 -0.00 0.00 0.00 -0.00 0.00 0.00 -0.00 0.00 94.39 0.18 -156.33 0.01 -25.00 0.03 -11.23 0.58 43.47 -20.47 30.26 42.41 0.00 0.00 -0.00 -0.00 -0.00 -90.00 0.00 0.00 -100.00 -0.00 0.00 -80.00 0.00 0.00 -0.00 -0.00 -0.00 -90.00 0.00 0.00 -100.00 -0.00 0.00 -80.00 0.00 0.00 -0.00 -0.00 -0.00 -90.00 0.00 0.00 -100.00 -0.00 0.00 -80.00 0.00 0.00 -0.00 4.00 0.01 -0.08 -0.00 0.11 -1.57 -0.00 0.05 -0.77
-0.0000 0.0166 0.0000 0.00 -0.00 0.00 0.00 -0.00 0.00 0.00 -0.00 0.00 0.00 -0.00 0.00 0.00 -0.00 0.00 0.00 -0.00 0.00 0.00 -0.00 0.00 0.00 -0.00 0.00 0.00 -0.00 0.00 0.00 -0.00 0.00 0.00 -0.00 0.00 0.00 -0.00 0.00 0.00 -0.00 0.00 0.00 -0.00 0.00 0.00 -0.00 0.00 0.00 -0.00 0.00 0.00 -0.00 0.00 0.00 -0.00 0.00 0.00 -0.00 0.00 0.00 -0.00 0.00 0.00 -0.00 0.00 0.00 -0.00 0.00 0.00 -0.00 0.00 0.00 -0.00 0.00 0.00 -0.00 0.00 0.00 -0.00 0.00 0.00 -0.00 0.00 0.00 -0.00 0.00 0.00 -0.00 0.00 0.00 -0.00 0.00 0.00 -0.00 0.00 0.00 -0.00 0.00 0.00 -0.00 0.00 0.00 -0.00 0.00 0.00 -0.00 0.00 0.00 -0.00 0.00 0.00 -0.00 0.00 0.00 -0.00 0.00 0.00 -0.00 0.00 0.00 -0.00 0.00 0.00 -0.00 0.00 94.39 0.18 -156.33 0.01 -25.00 0.03 -11.23 0.58 43.47 -20.47 30.26 42.41 0.00 0.00 -0.00 -0.00 -0.00 -90.00 0.00 0.00 -100.00 -0.00 0.00 -80.00 0.00 0.00 -0.00 -0.00 -0.00 -90.00 0.00 0.00 -100.00 -0.00 0.00 -80.00 0.00 0.00 -0.00 -0.00 -0.00 -90.00 0.00 0.00 -100.00 -0.00 0.00 -80.00 0.00 0.00 -0.00 4.00 0.01 -0.08 -0.00 0.11 -1.57 -0.00 0.05 -0.77
-0.0000 0.0177 0.0000 0.00 -0.00 0.00 0.00 -0.00 0.00 0.00 -0.00 0.00 0.00 -0.00 0.00 0.00 -0.00 0.00 0.00 -0.00 0.00 0.00 -0.00 0.00 0.00 -0.00 0.00 0.00 -0.00 0.00 0.00 -0.00 0.00 0.00 -0.00 0.00 0.00 -0.00 0.00 0.00 -0.00 0.00 0.00 -0.00 0.00 0.00 -0.00 0.00 0.00 -0.00 0.00 0.00 -0.00 0.00 0.00 -0.00 0.00 0.00 -0.00 0.00 0.00 -0.00 0.00 0.00 -0.00 0.00 0.00 -0.00 0.00 0.00 -0.00 0.00 0.00 -0.00 0.00 0.00 -0.00 0.00 0.00 -0.00 0.00 0.00 -0.00 0.00 0.00 -0.00 0.00 0.00 -0.00 0.00 0.00 -0.00 0.00 0.00 -0.00 0.00 0.00 -0.00 0.00 0.00 -0.00 0.00 0.00 -0.00 0.00 0.00 -0.00 0.00 0.00 -0.00 0.00 0.00 -0.00 0.00 0.00 -0.00 0.00 0.00 -0.00 0.00 0.00 -0.00 0.00 0.00 -0.00 0.00 94.39 0.18 -156.33 0.01 -25.00 0.03 -11.23 0.58 43.47 -20.47 30.26 42.41 0.00 0.00 -0.00 -0.00 -0.00 -90.00 0.00 0.00 -100.00 -0.00 0.00 -80.00 0.00 0.00 -0.00 -0.00 -0.00 -90.00 0.00 0.00 -100.00 -0.00 0.00 -80.00 0.00 0.00 -0.00 -0.00 -0.00 -90.00 0.00 0.00 -100.00 -0.00 0.00 -80.00 0.00 0.00 -0.00 4.00 0.01 -0.08 -0.00 0.11 -1.57 -0.00 0.05 -0.77
-0.0000 0.0176 0.0000 0.00 -0.00 0.00 0.00 -0.00 0.00 0.00 -0.00 0.00 0.00 -0.00 0.00 0.00 -0.00 0.00 0.00 -0.00 0.00 0.00 -0.00 0.00 0.00 -0.00 0.00 0.00 -0.00 0.00 0.00 -0.00 0.00 0.00 -0.00 0.00 0.00 -0.00 0.00 0.00 -0.00 0.00 0.00 -0.00 0.00 0.00 -0.00 0.00 0.00 -0.00 0.00 0.00 -0.00 0.00 0.00 -0.00 0.00 0.00 -0.00 0.00 0.00 -0.00 0.00 0.00 -0.00 0.00 0.00 -0.00 0.00 0.00 -0.00 0.00 0.00 -0.00 0.00 0.00 -0.00 0.00 0.00 -0.00 0.00 0.00 -0.00 0.00 0.00 -0.00 0.00 0.00 -0.00 0.00 0.00 -0.00 0.00 0.00 -0.00 0.00 0.00 -0.00 0.00 0.00 -0.00 0.00 0.00 -0.00 0.00 0.00 -0.00 0.00 0.00 -0.00 0.00 0.00 -0.00 0.00 0.00 -0.00 0.00 0.00 -0.00 0.00 0.00 -0.00 0.00 0.00 -0.00 0.00 94.39 0.18 -156.33 0.01 -25.00 0.03 -11.23 0.58 43.47 -20.47 30.26 42.41 0.00 0.00 -0.00 -0.00 -0.00 -90.00 0.00 0.00 -100.00 -0.00 0.00 -80.00 0.00 0.00 -0.00 -0.00 -0.00 -90.00 0.00 0.00 -100.00 -0.00 0.00 -80.00 0.00 0.00 -0.00 -0.00 -0.00 -90.00 0.00 0.00 -100.00 -0.00 0.00 -80.00 0.00 0.00 -0.00 4.00 0.01 -0.08 -0.00 0.11 -1.57 -0.00 0.05 -0.77
-0.0000 0.0176 0.0000 0.00 -0.00 0.00 0.00 -0.00 0.00 0.00 -0.00 0.00 0.00 -0.00 0.00 0.00 -0.00 0.00 0.00 -0.00 0.00 0.00 -0.00 0.00 0.00 -0.00 0.00 0.00 -0.00 0.00 0.00 -0.00 0.00 0.00 -0.00 0.00 0.00 -0.00 0.00 0.00 -0.00 0.00 0.00 -0.00 0.00 0.00 -0.00 0.00 0.00 -0.00 0.00 0.00 -0.00 0.00 0.00 -0.00 0.00 0.00 -0.00 0.00 0.00 -0.00 0.00 0.00 -0.00 0.00 0.00 -0.00 0.00 0.00 -0.00 0.00 0.00 -0.00 0.00 0.00 -0.00 0.00 0.00 -0.00 0.00 0.00 -0.00 0.00 0.00 -0.00 0.00 0.00 -0.00 0.00 0.00 -0.00 0.00 0.00 -0.00 0.00 0.00 -0.00 0.00 0.00 -0.00 0.00 0.00 -0.00 0.00 0.00 -0.00 0.00 0.00 -0.00 0.00 0.00 -0.00 0.00 0.00 -0.00 0.00 0.00 -0.00 0.00 0.00 -0.00 0.00 0.00 -0.00 0.00 94.39 0.18 -156.33 0.01 -25.00 0.03 -11.23 0.58 43.47 -20.47 30.26 42.41 0.00 0.00 -0.00 -0.00 -0.00 -90.00 0.00 0.00 -100.00 -0.00 0.00 -80.00 0.00 0.00 -0.00 -0.00 -0.00 -90.00 0.00 0.00 -100.00 -0.00 0.00 -80.00 0.00 0.00 -0.00 -0.00 -0.00 -90.00 0.00 0.00 -100.00 -0.00 0.00 -80.00 0.00 0.00 -0.00 4.00 0.01 -0.08 -0.00 0.11 -1.57 -0.00 0.05 -0.77
-0.0000 0.0178 0.0000 0.00 -0.00 0.00 0.00 -0.00 0.00 0.00 -0.00 0.00 0.00 -0.00 0.00 0.00 -0.00 0.00 0.00 -0.00 0.00 0.00 -0.00 0.00 0.00 -0.00 0.00 0.00 -0.00 0.00 0.00 -0.00 0.00 0.00 -0.00 0.00 0.00 -0.00 0.00 0.00 -0.00 0.00 0.00 -0.00 0.00 0.00 -0.00 0.00 0.00 -0.00 0.00 0.00 -0.00 0.00 0.00 -0.00 0.00 0.00 -0.00 0.00 0.00 -0.00 0.00 0.00 -0.00 0.00 0.00 -0.00 0.00 0.00 -0.00 0.00 0.00 -0.00 0.00 0.00 -0.00 0.00 0.00 -0.00 0.00 0.00 -0.00 0.00 0.00 -0.00 0.00 0.00 -0.00 0.00 0.00 -0.00 0.00 0.00 -0.00 0.00 0.00 -0.00 0.00 0.00 -0.00 0.00 0.00 -0.00 0.00 0.00 -0.00 0.00 0.00 -0.00 0.00 0.00 -0.00 0.00 0.00 -0.00 0.00 0.00 -0.00 0.00 0.00 -0.00 0.00 0.00 -0.00 0.00 94.39 0.18 -156.33 0.01 -25.00 0.03 -11.23 0.58 43.47 -20.47 30.26 42.41 0.00 0.00 -0.00 -0.00 -0.00 -90.00 0.00 0.00 -100.00 -0.00 0.00 -80.00 0.00 0.00 -0.00 -0.00 -0.00 -90.00 0.00 0.00 -100.00 -0.00 0.00 -80.00 0.00 0.00 -0.00 -0.00 -0.00 -90.00 0.00 0.00 -100.00 -0.00 0.00 -80.00 0.00 0.00 -0.00 4.00 0.01 -0.08 -0.00 0.11 -1.57 -0.00 0.05 -0.77
-0.0000 0.0179 0.0000 0.00 -0.00 0.00 0.00 -0.00 0.00 0.00 -0.00 0.00 0.00 -0.00 0.00 0.00 -0.00 0.00 0.00 -0.00 0.00 0.00 -0.00 0.00 0.00 -0.00 0.00 0.00 -0.00 0.00 0.00 -0.00 0.00 0.00 -0.00 0.00 0.00 -0.00 0.00 0.00 -0.00 0.00 0.00 -0.00 0.00 0.00 -0.00 0.00 0.00 -0.00 0.00 0.00 -0.00 0.00 0.00 -0.00 0.00 0.00 -0.00 0.00 0.00 -0.00 0.00 0.00 -0.00 0.00 0.00 -0.00 0.00 0.00 -0.00 0.00 0.00 -0.00 0.00 0.00 -0.00 0.00 0.00 -0.00 0.00 0.00 -0.00 0.00 0.00 -0.00 0.00 0.00 -0.00 0.00 0.00 -0.00 0.00 0.00 -0.00 0.00 0.00 -0.00 0.00 0.00 -0.00 0.00 0.00 -0.00 0.00 0.00 -0.00 0.00 0.00 -0.00 0.00 0.00 -0.00 0.00 0.00 -0.00 0.00 0.00 -0.00 0.00 0.00 -0.00 0.00 0.00 -0.00 0.00 94.39 0.18 -156.33 0.01 -25.00 0.03 -11.23 0.58 43.47 -20.47 30.26 42.41 0.00 0.00 -0.00 -0.00 -0.00 -90.00 0.00 0.00 -100.00 -0.00 0.00 -80.00 0.00 0.00 -0.00 -0.00 -0.00 -90.00 0.00 0.00 -100.00 -0.00 0.00 -80.00 0.00 0.00 -0.00 -0.00 -0.00 -90.00 0.00 0.00 -100.00 -0.00 0.00 -80.00 0.00 0.00 -0.00 4.00 0.01 -0.08 -0.00 0.11 -1.57 -0.00 0.05 -0.77
-0.0000 0.0181 0.0000 0.00 -0.00 0.00 0.00 -0.00 0.00 0.00 -0.00 0.00 0.00 -0.00 0.00 0.00 -0.00 0.00 0.00 -0.00 0.00 0.00 -0.00 0.00 0.00 -0.00 0.00 0.00 -0.00 0.00 0.00 -0.00 0.00 0.00 -0.00 0.00 0.00 -0.00 0.00 0.00 -0.00 0.00 0.00 -0.00 0.00 0.00 -0.00 0.00 0.00 -0.00 0.00 0.00 -0.00 0.00 0.00 -0.00 0.00 0.00 -0.00 0.00 0.00 -0.00 0.00 0.00 -0.00 0.00 0.00 -0.00 0.00 0.00 -0.00 0.00 0.00 -0.00 0.00 0.00 -0.00 0.00 0.00 -0.00 0.00 0.00 -0.00 0.00 0.00 -0.00 0.00 0.00 -0.00 0.00 0.00 -0.00 0.00 0.00 -0.00 0.00 0.00 -0.00 0.00 0.00 -0.00 0.00 0.00 -0.00 0.00 0.00 -0.00 0.00 0.00 -0.00 0.00 0.00 -0.00 0.00 0.00 -0.00 0.00 0.00 -0.00 0.00 0.00 -0.00 0.00 0.00 -0.00 0.00 94.39 0.18 -156.33 0.01 -25.00 0.03 -11.23 0.58 43.47 -20.47 30.26 42.41 0.00 0.00 -0.00 -0.00 -0.00 -90.00 0.00 0.00 -100.00 -0.00 0.00 -80.00 0.00 0.00 -0.00 -0.00 -0.00 -90.00 0.00 0.00 -100.00 -0.00 0.00 -80.00 0.00 0.00 -0.00 -0.00 -0.00 -90.00 0.00 0.00 -100.00 -0.00 0.00 -80.00 0.00 0.00 -0.00 4.00 0.01 -0.08 -0.00 0.11 -1.57 -0.00 0.05 -0.77
-0.0000 0.0181 0.0000 0.00 -0.00 0.00 0.00 -0.00 0.00 0.00 -0.00 0.00 0.00 -0.00 0.00 0.00 -0.00 0.00 0.00 -0.00 0.00 0.00 -0.00 0.00 0.00 -0.00 0.00 0.00 -0.00 0.00 0.00 -0.00 0.00 0.00 -0.00 0.00 0.00 -0.00 0.00 0.00 -0.00 0.00 0.00 -0.00 0.00 0.00 -0.00 0.00 0.00 -0.00 0.00 0.00 -0.00 0.00 0.00 -0.00 0.00 0.00 -0.00 0.00 0.00 -0.00 0.00 0.00 -0.00 0.00 0.00 -0.00 0.00 0.00 -0.00 0.00 0.00 -0.00 0.00 0.00 -0.00 0.00 0.00 -0.00 0.00 0.00 -0.00 0.00 0.00 -0.00 0.00 0.00 -0.00 0.00 0.00 -0.00 0.00 0.00 -0.00 0.00 0.00 -0.00 0.00 0.00 -0.00 0.00 0.00 -0.00 0.00 0.00 -0.00 0.00 0.00 -0.00 0.00 0.00 -0.00 0.00 0.00 -0.00 0.00 0.00 -0.00 0.00 0.00 -0.00 0.00 0.00 -0.00 0.00 94.39 0.18 -156.33 0.01 -25.00 0.03 -11.23 0.58 43.47 -20.47 30.26 42.41 0.00 0.00 -0.00 -0.00 -0.00 -90.00 0.00 0.00 -100.00 -0.00 0.00 -80.00 0.00 0.00 -0.00 -0.00 -0.00 -90.00 0.00 0.00 -100.00 -0.00 0.00 -80.00 0.00 0.00 -0.00 -0.00 -0.00 -90.00 0.00 0.00 -100.00 -0.00 0.00 -80.00 0.00 0.00 -0.00 4.00 0.01 -0.08 -0.00 0.11 -1.57 -0.00 0.05 -0.77
-0.0000 0.0180 0.0000 0.00 -0.00 0.00 0.00 -0.00 0.00 0.00 -0.00 0.00 0.00 -0.00 0.00 0.00 -0.00 0.00 0.00 -0.00 0.00 0.00 -0.00 0.00 0.00 -0.00 0.00 0.00 -0.00 0.00 0.00 -0.00 0.00 0.00 -0.00 0.00 0.00 -0.00 0.00 0.00 -0.00 0.00 0.00 -0.00 0.00 0.00 -0.00 0.00 0.00 -0.00 0.00 0.00 -0.00 0.00 0.00 -0.00 0.00 0.00 -0.00 0.00 0.00 -0.00 0.00 0.00 -0.00 0.00 0.00 -0.00 0.00 0.00 -0.00 0.00 0.00 -0.00 0.00 0.00 -0.00 0.00 0.00 -0.00 0.00 0.00 -0.00 0.00 0.00 -0.00 0.00 0.00 -0.00 0.00 0.00 -0.00 0.00 0.00 -0.00 0.00 0.00 -0.00 0.00 0.00 -0.00 0.00 0.00 -0.00 0.00 0.00 -0.00 0.00 0.00 -0.00 0.00 0.00 -0.00 0.00 0.00 -0.00 0.00 0.00 -0.00 0.00 0.00 -0.00 0.00 0.00 -0.00 0.00 94.39 0.18 -156.33 0.01 -25.00 0.03 -11.23 0.58 43.47 -20.47 30.26 42.41 0.00 0.00 -0.00 -0.00 -0.00 -90.00 0.00 0.00 -100.00 -0.00 0.00 -80.00 0.00 0.00 -0.00 -0.00 -0.00 -90.00 0.00 0.00 -100.00 -0.00 0.00 -80.00 0.00 0.00 -0.00 -0.00 -0.00 -90.00 0.00 0.00 -100.00 -0.00 0.00 -80.00 0.00 0.00 -0.00 4.00 0.01 -0.08 -0.00 0.11 -1.57 -0.00 0.05 -0.77
-0.0000 0.0188 0.0000 0.00 -0.00 0.00 0.00 -0.00 0.00 0.00 -0.00 0.00 0.00 -0.00 0.00 0.00 -0.00 0.00 0.00 -0.00 0.00 0.00 -0.00 0.00 0.00 -0.00 0.00 0.00 -0.00 0.00 0.00 -0.00 0.00 0.00 -0.00 0.00 0.00 -0.00 0.00 0.00 -0.00 0.00 0.00 -0.00 0.00 0.00 -0.00 0.00 0.00 -0.00 0.00 0.00 -0.00 0.00 0.00 -0.00 0.00 0.00 -0.00 0.00 0.00 -0.00 0.00 0.00 -0.00 0.00 0.00 -0.00 0.00 0.00 -0.00 0.00 0.00 -0.00 0.00 0.00 -0.00 0.00 0.00 -0.00 0.00 0.00 -0.00 0.00 0.00 -0.00 0.00 0.00 -0.00 0.00 0.00 -0.00 0.00 0.00 -0.00 0.00 0.00 -0.00 0.00 0.00 -0.00 0.00 0.00 -0.00 0.00 0.00 -0.00 0.00 0.00 -0.00 0.00 0.00 -0.00 0.00 0.00 -0.00 0.00 0.00 -0.00 0.00 0.00 -0.00 0.00 0.00 -0.00 0.00 94.39 0.18 -156.33 0.01 -25.00 0.03 -11.23 0.58 43.47 -20.47 30.26 42.41 0.00 0.00 -0.00 -0.00 -0.00 -90.00 0.00 0.00 -100.00 -0.00 0.00 -80.00 0.00 0.00 -0.00 -0.00 -0.00 -90.00 0.00 0.00 -100.00 -0.00 0.00 -80.00 0.00 0.00 -0.00 -0.00 -0.00 -90.00 0.00 0.00 -100.00 -0.00 0.00 -80.00 0.00 0.00 -0.00 4.00 0.01 -0.08 -0.00 0.11 -1.57 -0.00 0.05 -0.77
-0.0000 0.0189 0.0000 0.00 -0.00 0.00 0.00 -0.00 0.00 0.00 -0.00 0.00 0.00 -0.00 0.00 0.00 -0.00 0.00 0.00 -0.00 0.00 0.00 -0.00 0.00 0.00 -0.00 0.00 0.00 -0.00 0.00 0.00 -0.00 0.00 0.00 -0.00 0.00 0.00 -0.00 0.00 0.00 -0.00 0.00 0.00 -0.00 0.00 0.00 -0.00 0.00 0.00 -0.00 0.00 0.00 -0.00 0.00 0.00 -0.00 0.00 0.00 -0.00 0.00 0.00 -0.00 0.00 0.00 -0.00 0.00 0.00 -0.00 0.00 0.00 -0.00 0.00 0.00 -0.00 0.00 0.00 -0.00 0.00 0.00 -0.00 0.00 0.00 -0.00 0.00 0.00 -0.00 0.00 0.00 -0.00 0.00 0.00 -0.00 0.00 0.00 -0.00 0.00 0.00 -0.00 0.00 0.00 -0.00 0.00 0.00 -0.00 0.00 0.00 -0.00 0.00 0.00 -0.00 0.00 0.00 -0.00 0.00 0.00 -0.00 0.00 0.00 -0.00 0.00 0.00 -0.00 0.00 0.00 -0.00 0.00 94.39 0.18 -156.33 0.01 -25.00 0.03 -11.23 0.58 43.47 -20.47 30.26 42.41 0.00 0.00 -0.00 -0.00 -0.00 -90.00 0.00 0.00 -100.00 -0.00 0.00 -80.00 0.00 0.00 -0.00 -0.00 -0.00 -90.00 0.00 0.00 -100.00 -0.00 0.00 -80.00 0.00 0.00 -0.00 -0.00 -0.00 -90.00 0.00 0.00 -100.00 -0.00 0.00 -80.00 0.00 0.00 -0.00 4.00 0.01 -0.08 -0.00 0.11 -1.57 -0.00 0.05 -0.77
-0.0000 0.0172 0.0000 0.00 -0.00 0.00 0.00 -0.00 0.00 0.00 -0.00 0.00 0.00 -0.00 0.00 0.00 -0.00 0.00 0.00 -0.00 0.00 0.00 -0.00 0.00 0.00 -0.00 0.00 0.00 -0.00 0.00 0.00 -0.00 0.00 0.00 -0.00 0.00 0.00 -0.00 0.00 0.00 -0.00 0.00 0.00 -0.00 0.00 0.00 -0.00 0.00 0.00 -0.00 0.00 0.00 -0.00 0.00 0.00 -0.00 0.00 0.00 -0.00 0.00 0.00 -0.00 0.00 0.00 -0.00 0.00 0.00 -0.00 0.00 0.00 -0.00 0.00 0.00 -0.00 0.00 0.00 -0.00 0.00 0.00 -0.00 0.00 0.00 -0.00 0.00 0.00 -0.00 0.00 0.00 -0.00 0.00 0.00 -0.00 0.00 0.00 -0.00 0.00 0.00 -0.00 0.00 0.00 -0.00 0.00 0.00 -0.00 0.00 0.00 -0.00 0.00 0.00 -0.00 0.00 0.00 -0.00 0.00 0.00 -0.00 0.00 0.00 -0.00 0.00 0.00 -0.00 0.00 0.00 -0.00 0.00 94.39 0.18 -156.33 0.01 -25.00 0.03 -11.23 0.58 43.47 -20.47 30.26 42.41 0.00 0.00 -0.00 -0.00 -0.00 -90.00 0.00 0.00 -100.00 -0.00 0.00 -80.00 0.00 0.00 -0.00 -0.00 -0.00 -90.00 0.00 0.00 -100.00 -0.00 0.00 -80.00 0.00 0.00 -0.00 -0.00 -0.00 -90.00 0.00 0.00 -100.00 -0.00 0.00 -80.00 0.00 0.00 -0.00 4.00 0.01 -0.08 -0.00 0.11 -1.57 -0.00 0.05 -0.77
-0.0000 0.0171 0.0000 0.00 -0.00 0.00 0.00 -0.00 0.00 0.00 -0.00 0.00 0.00 -0.00 0.00 0.00 -0.00 0.00 0.00 -0.00 0.00 0.00 -0.00 0.00 0.00 -0.00 0.00 0.00 -0.00 0.00 0.00 -0.00 0.00 0.00 -0.00 0.00 0.00 -0.00 0.00 0.00 -0.00 0.00 0.00 -0.00 0.00 0.00 -0.00 0.00 0.00 -0.00 0.00 0.00 -0.00 0.00 0.00 -0.00 0.00 0.00 -0.00 0.00 0.00 -0.00 0.00 0.00 -0.00 0.00 0.00 -0.00 0.00 0.00 -0.00 0.00 0.00 -0.00 0.00 0.00 -0.00 0.00 0.00 -0.00 0.00 0.00 -0.00 0.00 0.00 -0.00 0.00 0.00 -0.00 0.00 0.00 -0.00 0.00 0.00 -0.00 0.00 0.00 -0.00 0.00 0.00 -0.00 0.00 0.00 -0.00 0.00 0.00 -0.00 0.00 0.00 -0.00 0.00 0.00 -0.00 0.00 0.00 -0.00 0.00 0.00 -0.00 0.00 0.00 -0.00 0.00 0.00 -0.00 0.00 94.39 0.18 -156.33 0.01 -25.00 0.03 -11.23 0.58 43.47 -20.47 30.26 42.41 0.00 0.00 -0.00 -0.00 -0.00 -90.00 0.00 0.00 -100.00 -0.00 0.00 -80.00 0.00 0.00 -0.00 -0.00 -0.00 -90.00 0.00 0.00 -100.00 -0.00 0.00 -80.00 0.00 0.00 -0.00 -0.00 -0.00 -90.00 0.00 0.00 -100.00 -0.00 0.00 -80.00 0.00 0.00 -0.00 4.00 0.01 -0.08 -0.00 0.11 -1.57 -0.00 0.05 -0.77
-0.0000 0.0172 0.0000 0.00 -0.00 0.00 0.00 -0.00 0.00 0.00 -0.00 0.00 0.00 -0.00 0.00 0.00 -0.00 0.00 0.00 -0.00 0.00 0.00 -0.00 0.00 0.00 -0.00 0.00 0.00 -0.00 0.00 0.00 -0.00 0.00 0.00 -0.00 0.00 0.00 -0.00 0.00 0.00 -0.00 0.00 0.00 -0.00 0.00 0.00 -0.00 0.00 0.00 -0.00 0.00 0.00 -0.00 0.00 0.00 -0.00 0.00 0.00 -0.00 0.00 0.00 -0.00 0.00 0.00 -0.00 0.00 0.00 -0.00 0.00 0.00 -0.00 0.00 0.00 -0.00 0.00 0.00 -0.00 0.00 0.00 -0.00 0.00 0.00 -0.00 0.00 0.00 -0.00 0.00 0.00 -0.00 0.00 0.00 -0.00 0.00 0.00 -0.00 0.00 0.00 -0.00 0.00 0.00 -0.00 0.00 0.00 -0.00 0.00 0.00 -0.00 0.00 0.00 -0.00 0.00 0.00 -0.00 0.00 0.00 -0.00 0.00 0.00 -0.00 0.00 0.00 -0.00 0.00 0.00 -0.00 0.00 94.39 0.18 -156.33 0.01 -25.00 0.03 -11.23 0.58 43.47 -20.47 30.26 42.41 0.00 0.00 -0.00 -0.00 -0.00 -90.00 0.00 0.00 -100.00 -0.00 0.00 -80.00 0.00 0.00 -0.00 -0.00 -0.00 -90.00 0.00 0.00 -100.00 -0.00 0.00 -80.00 0.00 0.00 -0.00 -0.00 -0.00 -90.00 0.00 0.00 -100.00 -0.00 0.00 -80.00 0.00 0.00 -0.00 4.00 0.01 -0.08 -0.00 0.11 -1.57 -0.00 0.05 -0.77
-0.0000 0.0173 0.0000 0.00 -0.00 0.00 0.00 -0.00 0.00 0.00 -0.00 0.00 0.00 -0.00 0.00 0.00 -0.00 0.00 0.00 -0.00 0.00 0.00 -0.00 0.00 0.00 -0.00 0.00 0.00 -0.00 0.00 0.00 -0.00 0.00 0.00 -0.00 0.00 0.00 -0.00 0.00 0.00 -0.00 0.00 0.00 -0.00 0.00 0.00 -0.00 0.00 0.00 -0.00 0.00 0.00 -0.00 0.00 0.00 -0.00 0.00 0.00 -0.00 0.00 0.00 -0.00 0.00 0.00 -0.00 0.00 0.00 -0.00 0.00 0.00 -0.00 0.00 0.00 -0.00 0.00 0.00 -0.00 0.00 0.00 -0.00 0.00 0.00 -0.00 0.00 0.00 -0.00 0.00 0.00 -0.00 0.00 0.00 -0.00 0.00 0.00 -0.00 0.00 0.00 -0.00 0.00 0.00 -0.00 0.00 0.00 -0.00 0.00 0.00 -0.00 0.00 0.00 -0.00 0.00 0.00 -0.00 0.00 0.00 -0.00 0.00 0.00 -0.00 0.00 0.00 -0.00 0.00 0.00 -0.00 0.00 94.39 0.18 -156.33 0.01 -25.00 0.03 -11.23 0.58 43.47 -20.47 30.26 42.41 0.00 0.00 -0.00 -0.00 -0.00 -90.00 0.00 0.00 -100.00 -0.00 0.00 -80.00 0.00 0.00 -0.00 -0.00 -0.00 -90.00 0.00 0.00 -100.00 -0.00 0.00 -80.00 0.00 0.00 -0.00 -0.00 -0.00 -90.00 0.00 0.00 -100.00 -0.00 0.00 -80.00 0.00 0.00 -0.00 4.00 0.01 -0.08 -0.00 0.11 -1.57 -0.00 0.05 -0.77
-0.0000 0.0167 0.0000 0.00 -0.00 0.00 0.00 -0.00 0.00 0.00 -0.00 0.00 0.00 -0.00 0.00 0.00 -0.00 0.00 0.00 -0.00 0.00 0.00 -0.00 0.00 0.00 -0.00 0.00 0.00 -0.00 0.00 0.00 -0.00 0.00 0.00 -0.00 0.00 0.00 -0.00 0.00 0.00 -0.00 0.00 0.00 -0.00 0.00 0.00 -0.00 0.00 0.00 -0.00 0.00 0.00 -0.00 0.00 0.00 -0.00 0.00 0.00 -0.00 0.00 0.00 -0.00 0.00 0.00 -0.00 0.00 0.00 -0.00 0.00 0.00 -0.00 0.00 0.00 -0.00 0.00 0.00 -0.00 0.00 0.00 -0.00 0.00 0.00 -0.00 0.00 0.00 -0.00 0.00 0.00 -0.00 0.00 0.00 -0.00 0.00 0.00 -0.00 0.00 0.00 -0.00 0.00 0.00 -0.00 0.00 0.00 -0.00 0.00 0.00 -0.00 0.00 0.00 -0.00 0.00 0.00 -0.00 0.00 0.00 -0.00 0.00 0.00 -0.00 0.00 0.00 -0.00 0.00 0.00 -0.00 0.00 94.39 0.18 -156.33 0.01 -25.00 0.03 -11.23 0.58 43.47 -20.47 30.26 42.41 0.00 0.00 -0.00 -0.00 -0.00 -90.00 0.00 0.00 -100.00 -0.00 0.00 -80.00 0.00 0.00 -0.00 -0.00 -0.00 -90.00 0.00 0.00 -100.00 -0.00 0.00 -80.00 0.00 0.00 -0.00 -0.00 -0.00 -90.00 0.00 0.00 -100.00 -0.00 0.00 -80.00 0.00 0.00 -0.00 4.00 0.01 -0.08 -0.00 0.11 -1.57 -0.00 0.05 -0.77
-0.0000 0.0162 0.0000 0.00 -0.00 0.00 0.00 -0.00 0.00 0.00 -0.00 0.00 0.00 -0.00 0.00 0.00 -0.00 0.00 0.00 -0.00 0.00 0.00 -0.00 0.00 0.00 -0.00 0.00 0.00 -0.00 0.00 0.00 -0.00 0.00 0.00 -0.00 0.00 0.00 -0.00 0.00 0.00 -0.00 0.00 0.00 -0.00 0.00 0.00 -0.00 0.00 0.00 -0.00 0.00 0.00 -0.00 0.00 0.00 -0.00 0.00 0.00 -0.00 0.00 0.00 -0.00 0.00 0.00 -0.00 0.00 0.00 -0.00 0.00 0.00 -0.00 0.00 0.00 -0.00 0.00 0.00 -0.00 0.00 0.00 -0.00 0.00 0.00 -0.00 0.00 0.00 -0.00 0.00 0.00 -0.00 0.00 0.00 -0.00 0.00 0.00 -0.00 0.00 0.00 -0.00 0.00 0.00 -0.00 0.00 0.00 -0.00 0.00 0.00 -0.00 0.00 0.00 -0.00 0.00 0.00 -0.00 0.00 0.00 -0.00 0.00 0.00 -0.00 0.00 0.00 -0.00 0.00 0.00 -0.00 0.00 94.39 0.18 -156.33 0.01 -25.00 0.03 -11.23 0.58 43.47 -20.47 30.26 42.41 0.00 0.00 -0.00 -0.00 -0.00 -90.00 0.00 0.00 -100.00 -0.00 0.00 -80.00 0.00 0.00 -0.00 -0.00 -0.00 -90.00 0.00 0.00 -100.00 -0.00 0.00 -80.00 0.00 0.00 -0.00 -0.00 -0.00 -90.00 0.00 0.00 -100.00 -0.00 0.00 -80.00 0.00 0.00 -0.00 4.00 0.01 -0.08 -0.00 0.11 -1.57 -0.00 0.05 -0.77
-0.0000 0.0159 0.0000 0.00 -0.00 0.00 0.00 -0.00 0.00 0.00 -0.00 0.00 0.00 -0.00 0.00 0.00 -0.00 0.00 0.00 -0.00 0.00 0.00 -0.00 0.00 0.00 -0.00 0.00 0.00 -0.00 0.00 0.00 -0.00 0.00 0.00 -0.00 0.00 0.00 -0.00 0.00 0.00 -0.00 0.00 0.00 -0.00 0.00 0.00 -0.00 0.00 0.00 -0.00 0.00 0.00 -0.00 0.00 0.00 -0.00 0.00 0.00 -0.00 0.00 0.00 -0.00 0.00 0.00 -0.00 0.00 0.00 -0.00 0.00 0.00 -0.00 0.00 0.00 -0.00 0.00 0.00 -0.00 0.00 0.00 -0.00 0.00 0.00 -0.00 0.00 0.00 -0.00 0.00 0.00 -0.00 0.00 0.00 -0.00 0.00 0.00 -0.00 0.00 0.00 -0.00 0.00 0.00 -0.00 0.00 0.00 -0.00 0.00 0.00 -0.00 0.00 0.00 -0.00 0.00 0.00 -0.00 0.00 0.00 -0.00 0.00 0.00 -0.00 0.00 0.00 -0.00 0.00 0.00 -0.00 0.00 94.39 0.18 -156.33 0.01 -25.00 0.03 -11.23 0.58 43.47 -20.47 30.26 42.41 0.00 0.00 -0.00 -0.00 -0.00 -90.00 0.00 0.00 -100.00 -0.00 0.00 -80.00 0.00 0.00 -0.00 -0.00 -0.00 -90.00 0.00 0.00 -100.00 -0.00 0.00 -80.00 0.00 0.00 -0.00 -0.00 -0.00 -90.00 0.00 0.00 -100.00 -0.00 0.00 -80.00 0.00 0.00 -0.00 4.00 0.01 -0.08 -0.00 0.11 -1.57 -0.00 0.05 -0.77
-0.0000 0.0158 0.0000 0.00 -0.00 0.00 0.00 -0.00 0.00 0.00 -0.00 0.00 0.00 -0.00 0.00 0.00 -0.00 0.00 0.00 -0.00 0.00 0.00 -0.00 0.00 0.00 -0.00 0.00 0.00 -0.00 0.00 0.00 -0.00 0.00 0.00 -0.00 0.00 0.00 -0.00 0.00 0.00 -0.00 0.00 0.00 -0.00 0.00 0.00 -0.00 0.00 0.00 -0.00 0.00 0.00 -0.00 0.00 0.00 -0.00 0.00 0.00 -0.00 0.00 0.00 -0.00 0.00 0.00 -0.00 0.00 0.00 -0.00 0.00 0.00 -0.00 0.00 0.00 -0.00 0.00 0.00 -0.00 0.00 0.00 -0.00 0.00 0.00 -0.00 0.00 0.00 -0.00 0.00 0.00 -0.00 0.00 0.00 -0.00 0.00 0.00 -0.00 0.00 0.00 -0.00 0.00 0.00 -0.00 0.00 0.00 -0.00 0.00 0.00 -0.00 0.00 0.00 -0.00 0.00 0.00 -0.00 0.00 0.00 -0.00 0.00 0.00 -0.00 0.00 0.00 -0.00 0.00 0.00 -0.00 0.00 94.39 0.18 -156.33 0.01 -25.00 0.03 -11.23 0.58 43.47 -20.47 30.26 42.41 0.00 0.00 -0.00 -0.00 -0.00 -90.00 0.00 0.00 -100.00 -0.00 0.00 -80.00 0.00 0.00 -0.00 -0.00 -0.00 -90.00 0.00 0.00 -100.00 -0.00 0.00 -80.00 0.00 0.00 -0.00 -0.00 -0.00 -90.00 0.00 0.00 -100.00 -0.00 0.00 -80.00 0.00 0.00 -0.00 4.00 0.01 -0.08 -0.00 0.11 -1.57 -0.00 0.05 -0.77
-0.0000 0.0155 0.0000 0.00 -0.00 0.00 0.00 -0.00 0.00 0.00 -0.00 0.00 0.00 -0.00 0.00 0.00 -0.00 0.00 0.00 -0.00 0.00 0.00 -0.00 0.00 0.00 -0.00 0.00 0.00 -0.00 0.00 0.00 -0.00 0.00 0.00 -0.00 0.00 0.00 -0.00 0.00 0.00 -0.00 0.00 0.00 -0.00 0.00 0.00 -0.00 0.00 0.00 -0.00 0.00 0.00 -0.00 0.00 0.00 -0.00 0.00 0.00 -0.00 0.00 0.00 -0.00 0.00 0.00 -0.00 0.00 0.00 -0.00 0.00 0.00 -0.00 0.00 0.00 -0.00 0.00 0.00 -0.00 0.00 0.00 -0.00 0.00 0.00 -0.00 0.00 0.00 -0.00 0.00 0.00 -0.00 0.00 0.00 -0.00 0.00 0.00 -0.00 0.00 0.00 -0.00 0.00 0.00 -0.00 0.00 0.00 -0.00 0.00 0.00 -0.00 0.00 0.00 -0.00 0.00 0.00 -0.00 0.00 0.00 -0.00 0.00 0.00 -0.00 0.00 0.00 -0.00 0.00 0.00 -0.00 0.00 94.39 0.18 -156.33 0.01 -25.00 0.03 -11.23 0.58 43.47 -20.47 30.26 42.41 0.00 0.00 -0.00 -0.00 -0.00 -90.00 0.00 0.00 -100.00 -0.00 0.00 -80.00 0.00 0.00 -0.00 -0.00 -0.00 -90.00 0.00 0.00 -100.00 -0.00 0.00 -80.00 0.00 0.00 -0.00 -0.00 -0.00 -90.00 0.00 0.00 -100.00 -0.00 0.00 -80.00 0.00 0.00 -0.00 4.00 0.01 -0.08 -0.00 0.11 -1.57 -0.00 0.05 -0.77
-0.0000 0.0153 0.0000 0.00 -0.00 0.00 0.00 -0.00 0.00 0.00 -0.00 0.00 0.00 -0.00 0.00 0.00 -0.00 0.00 0.00 -0.00 0.00 0.00 -0.00 0.00 0.00 -0.00 0.00 0.00 -0.00 0.00 0.00 -0.00 0.00 0.00 -0.00 0.00 0.00 -0.00 0.00 0.00 -0.00 0.00 0.00 -0.00 0.00 0.00 -0.00 0.00 0.00 -0.00 0.00 0.00 -0.00 0.00 0.00 -0.00 0.00 0.00 -0.00 0.00 0.00 -0.00 0.00 0.00 -0.00 0.00 0.00 -0.00 0.00 0.00 -0.00 0.00 0.00 -0.00 0.00 0.00 -0.00 0.00 0.00 -0.00 0.00 0.00 -0.00 0.00 0.00 -0.00 0.00 0.00 -0.00 0.00 0.00 -0.00 0.00 0.00 -0.00 0.00 0.00 -0.00 0.00 0.00 -0.00 0.00 0.00 -0.00 0.00 0.00 -0.00 0.00 0.00 -0.00 0.00 0.00 -0.00 0.00 0.00 -0.00 0.00 0.00 -0.00 0.00 0.00 -0.00 0.00 0.00 -0.00 0.00 94.39 0.18 -156.33 0.01 -25.00 0.03 -11.23 0.58 43.47 -20.47 30.26 42.41 0.00 0.00 -0.00 -0.00 -0.00 -90.00 0.00 0.00 -100.00 -0.00 0.00 -80.00 0.00 0.00 -0.00 -0.00 -0.00 -90.00 0.00 0.00 -100.00 -0.00 0.00 -80.00 0.00 0.00 -0.00 -0.00 -0.00 -90.00 0.00 0.00 -100.00 -0.00 0.00 -80.00 0.00 0.00 -0.00 4.00 0.01 -0.08 -0.00 0.11 -1.57 -0.00 0.05 -0.77
-0.0000 0.0155 0.0000 0.00 -0.00 0.00 0.00 -0.00 0.00 0.00 -0.00 0.00 0.00 -0.00 0.00 0.00 -0.00 0.00 0.00 -0.00 0.00 0.00 -0.00 0.00 0.00 -0.00 0.00 0.00 -0.00 0.00 0.00 -0.00 0.00 0.00 -0.00 0.00 0.00 -0.00 0.00 0.00 -0.00 0.00 0.00 -0.00 0.00 0.00 -0.00 0.00 0.00 -0.00 0.00 0.00 -0.00 0.00 0.00 -0.00 0.00 0.00 -0.00 0.00 0.00 -0.00 0.00 0.00 -0.00 0.00 0.00 -0.00 0.00 0.00 -0.00 0.00 0.00 -0.00 0.00 0.00 -0.00 0.00 0.00 -0.00 0.00 0.00 -0.00 0.00 0.00 -0.00 0.00 0.00 -0.00 0.00 0.00 -0.00 0.00 0.00 -0.00 0.00 0.00 -0.00 0.00 0.00 -0.00 0.00 0.00 -0.00 0.00 0.00 -0.00 0.00 0.00 -0.00 0.00 0.00 -0.00 0.00 0.00 -0.00 0.00 0.00 -0.00 0.00 0.00 -0.00 0.00 0.00 -0.00 0.00 94.39 0.18 -156.33 0.01 -25.00 0.03 -11.23 0.58 43.47 -20.47 30.26 42.41 0.00 0.00 -0.00 -0.00 -0.00 -90.00 0.00 0.00 -100.00 -0.00 0.00 -80.00 0.00 0.00 -0.00 -0.00 -0.00 -90.00 0.00 0.00 -100.00 -0.00 0.00 -80.00 0.00 0.00 -0.00 -0.00 -0.00 -90.00 0.00 0.00 -100.00 -0.00 0.00 -80.00 0.00 0.00 -0.00 4.00 0.01 -0.08 -0.00 0.11 -1.57 -0.00 0.05 -0.77
-0.0000 0.0162 0.0000 0.00 -0.00 0.00 0.00 -0.00 0.00 0.00 -0.00 0.00 0.00 -0.00 0.00 0.00 -0.00 0.00 0.00 -0.00 0.00 0.00 -0.00 0.00 0.00 -0.00 0.00 0.00 -0.00 0.00 0.00 -0.00 0.00 0.00 -0.00 0.00 0.00 -0.00 0.00 0.00 -0.00 0.00 0.00 -0.00 0.00 0.00 -0.00 0.00 0.00 -0.00 0.00 0.00 -0.00 0.00 0.00 -0.00 0.00 0.00 -0.00 0.00 0.00 -0.00 0.00 0.00 -0.00 0.00 0.00 -0.00 0.00 0.00 -0.00 0.00 0.00 -0.00 0.00 0.00 -0.00 0.00 0.00 -0.00 0.00 0.00 -0.00 0.00 0.00 -0.00 0.00 0.00 -0.00 0.00 0.00 -0.00 0.00 0.00 -0.00 0.00 0.00 -0.00 0.00 0.00 -0.00 0.00 0.00 -0.00 0.00 0.00 -0.00 0.00 0.00 -0.00 0.00 0.00 -0.00 0.00 0.00 -0.00 0.00 0.00 -0.00 0.00 0.00 -0.00 0.00 0.00 -0.00 0.00 94.39 0.18 -156.33 0.01 -25.00 0.03 -11.23 0.58 43.47 -20.47 30.26 42.41 0.00 0.00 -0.00 -0.00 -0.00 -90.00 0.00 0.00 -100.00 -0.00 0.00 -80.00 0.00 0.00 -0.00 -0.00 -0.00 -90.00 0.00 0.00 -100.00 -0.00 0.00 -80.00 0.00 0.00 -0.00 -0.00 -0.00 -90.00 0.00 0.00 -100.00 -0.00 0.00 -80.00 0.00 0.00 -0.00 4.00 0.01 -0.08 -0.00 0.11 -1.57 -0.00 0.05 -0.77
-0.0000 0.0163 0.0000 0.00 -0.00 0.00 0.00 -0.00 0.00 0.00 -0.00 0.00 0.00 -0.00 0.00 0.00 -0.00 0.00 0.00 -0.00 0.00 0.00 -0.00 0.00 0.00 -0.00 0.00 0.00 -0.00 0.00 0.00 -0.00 0.00 0.00 -0.00 0.00 0.00 -0.00 0.00 0.00 -0.00 0.00 0.00 -0.00 0.00 0.00 -0.00 0.00 0.00 -0.00 0.00 0.00 -0.00 0.00 0.00 -0.00 0.00 0.00 -0.00 0.00 0.00 -0.00 0.00 0.00 -0.00 0.00 0.00 -0.00 0.00 0.00 -0.00 0.00 0.00 -0.00 0.00 0.00 -0.00 0.00 0.00 -0.00 0.00 0.00 -0.00 0.00 0.00 -0.00 0.00 0.00 -0.00 0.00 0.00 -0.00 0.00 0.00 -0.00 0.00 0.00 -0.00 0.00 0.00 -0.00 0.00 0.00 -0.00 0.00 0.00 -0.00 0.00 0.00 -0.00 0.00 0.00 -0.00 0.00 0.00 -0.00 0.00 0.00 -0.00 0.00 0.00 -0.00 0.00 0.00 -0.00 0.00 94.39 0.18 -156.33 0.01 -25.00 0.03 -11.23 0.58 43.47 -20.47 30.26 42.41 0.00 0.00 -0.00 -0.00 -0.00 -90.00 0.00 0.00 -100.00 -0.00 0.00 -80.00 0.00 0.00 -0.00 -0.00 -0.00 -90.00 0.00 0.00 -100.00 -0.00 0.00 -80.00 0.00 0.00 -0.00 -0.00 -0.00 -90.00 0.00 0.00 -100.00 -0.00 0.00 -80.00 0.00 0.00 -0.00 4.00 0.01 -0.08 -0.00 0.11 -1.57 -0.00 0.05 -0.77
-0.0000 0.0160 0.0000 0.00 -0.00 0.00 0.00 -0.00 0.00 0.00 -0.00 0.00 0.00 -0.00 0.00 0.00 -0.00 0.00 0.00 -0.00 0.00 0.00 -0.00 0.00 0.00 -0.00 0.00 0.00 -0.00 0.00 0.00 -0.00 0.00 0.00 -0.00 0.00 0.00 -0.00 0.00 0.00 -0.00 0.00 0.00 -0.00 0.00 0.00 -0.00 0.00 0.00 -0.00 0.00 0.00 -0.00 0.00 0.00 -0.00 0.00 0.00 -0.00 0.00 0.00 -0.00 0.00 0.00 -0.00 0.00 0.00 -0.00 0.00 0.00 -0.00 0.00 0.00 -0.00 0.00 0.00 -0.00 0.00 0.00 -0.00 0.00 0.00 -0.00 0.00 0.00 -0.00 0.00 0.00 -0.00 0.00 0.00 -0.00 0.00 0.00 -0.00 0.00 0.00 -0.00 0.00 0.00 -0.00 0.00 0.00 -0.00 0.00 0.00 -0.00 0.00 0.00 -0.00 0.00 0.00 -0.00 0.00 0.00 -0.00 0.00 0.00 -0.00 0.00 0.00 -0.00 0.00 0.00 -0.00 0.00 94.39 0.18 -156.33 0.01 -25.00 0.03 -11.23 0.58 43.47 -20.47 30.26 42.41 0.00 0.00 -0.00 -0.00 -0.00 -90.00 0.00 0.00 -100.00 -0.00 0.00 -80.00 0.00 0.00 -0.00 -0.00 -0.00 -90.00 0.00 0.00 -100.00 -0.00 0.00 -80.00 0.00 0.00 -0.00 -0.00 -0.00 -90.00 0.00 0.00 -100.00 -0.00 0.00 -80.00 0.00 0.00 -0.00 4.00 0.01 -0.08 -0.00 0.11 -1.57 -0.00 0.05 -0.77
-0.0000 0.0160 0.0000 0.00 -0.00 0.00 0.00 -0.00 0.00 0.00 -0.00 0.00 0.00 -0.00 0.00 0.00 -0.00 0.00 0.00 -0.00 0.00 0.00 -0.00 0.00 0.00 -0.00 0.00 0.00 -0.00 0.00 0.00 -0.00 0.00 0.00 -0.00 0.00 0.00 -0.00 0.00 0.00 -0.00 0.00 0.00 -0.00 0.00 0.00 -0.00 0.00 0.00 -0.00 0.00 0.00 -0.00 0.00 0.00 -0.00 0.00 0.00 -0.00 0.00 0.00 -0.00 0.00 0.00 -0.00 0.00 0.00 -0.00 0.00 0.00 -0.00 0.00 0.00 -0.00 0.00 0.00 -0.00 0.00 0.00 -0.00 0.00 0.00 -0.00 0.00 0.00 -0.00 0.00 0.00 -0.00 0.00 0.00 -0.00 0.00 0.00 -0.00 0.00 0.00 -0.00 0.00 0.00 -0.00 0.00 0.00 -0.00 0.00 0.00 -0.00 0.00 0.00 -0.00 0.00 0.00 -0.00 0.00 0.00 -0.00 0.00 0.00 -0.00 0.00 0.00 -0.00 0.00 0.00 -0.00 0.00 94.39 0.18 -156.33 0.01 -25.00 0.03 -11.23 0.58 43.47 -20.47 30.26 42.41 0.00 0.00 -0.00 -0.00 -0.00 -90.00 0.00 0.00 -100.00 -0.00 0.00 -80.00 0.00 0.00 -0.00 -0.00 -0.00 -90.00 0.00 0.00 -100.00 -0.00 0.00 -80.00 0.00 0.00 -0.00 -0.00 -0.00 -90.00 0.00 0.00 -100.00 -0.00 0.00 -80.00 0.00 0.00 -0.00 4.00 0.01 -0.08 -0.00 0.11 -1.57 -0.00 0.05 -0.77
-0.0000 0.0156 0.0000 0.00 -0.00 0.00 0.00 -0.00 0.00 0.00 -0.00 0.00 0.00 -0.00 0.00 0.00 -0.00 0.00 0.00 -0.00 0.00 0.00 -0.00 0.00 0.00 -0.00 0.00 0.00 -0.00 0.00 0.00 -0.00 0.00 0.00 -0.00 0.00 0.00 -0.00 0.00 0.00 -0.00 0.00 0.00 -0.00 0.00 0.00 -0.00 0.00 0.00 -0.00 0.00 0.00 -0.00 0.00 0.00 -0.00 0.00 0.00 -0.00 0.00 0.00 -0.00 0.00 0.00 -0.00 0.00 0.00 -0.00 0.00 0.00 -0.00 0.00 0.00 -0.00 0.00 0.00 -0.00 0.00 0.00 -0.00 0.00 0.00 -0.00 0.00 0.00 -0.00 0.00 0.00 -0.00 0.00 0.00 -0.00 0.00 0.00 -0.00 0.00 0.00 -0.00 0.00 0.00 -0.00 0.00 0.00 -0.00 0.00 0.00 -0.00 0.00 0.00 -0.00 0.00 0.00 -0.00 0.00 0.00 -0.00 0.00 0.00 -0.00 0.00 0.00 -0.00 0.00 0.00 -0.00 0.00 94.39 0.18 -156.33 0.01 -25.00 0.03 -11.23 0.58 43.47 -20.47 30.26 42.41 0.00 0.00 -0.00 -0.00 -0.00 -90.00 0.00 0.00 -100.00 -0.00 0.00 -80.00 0.00 0.00 -0.00 -0.00 -0.00 -90.00 0.00 0.00 -100.00 -0.00 0.00 -80.00 0.00 0.00 -0.00 -0.00 -0.00 -90.00 0.00 0.00 -100.00 -0.00 0.00 -80.00 0.00 0.00 -0.00 4.00 0.01 -0.08 -0.00 0.11 -1.57 -0.00 0.05 -0.77
-0.0000 0.0156 0.0000 0.00 -0.00 0.00 0.00 -0.00 0.00 0.00 -0.00 0.00 0.00 -0.00 0.00 0.00 -0.00 0.00 0.00 -0.00 0.00 0.00 -0.00 0.00 0.00 -0.00 0.00 0.00 -0.00 0.00 0.00 -0.00 0.00 0.00 -0.00 0.00 0.00 -0.00 0.00 0.00 -0.00 0.00 0.00 -0.00 0.00 0.00 -0.00 0.00 0.00 -0.00 0.00 0.00 -0.00 0.00 0.00 -0.00 0.00 0.00 -0.00 0.00 0.00 -0.00 0.00 0.00 -0.00 0.00 0.00 -0.00 0.00 0.00 -0.00 0.00 0.00 -0.00 0.00 0.00 -0.00 0.00 0.00 -0.00 0.00 0.00 -0.00 0.00 0.00 -0.00 0.00 0.00 -0.00 0.00 0.00 -0.00 0.00 0.00 -0.00 0.00 0.00 -0.00 0.00 0.00 -0.00 0.00 0.00 -0.00 0.00 0.00 -0.00 0.00 0.00 -0.00 0.00 0.00 -0.00 0.00 0.00 -0.00 0.00 0.00 -0.00 0.00 0.00 -0.00 0.00 0.00 -0.00 0.00 94.39 0.18 -156.33 0.01 -25.00 0.03 -11.23 0.58 43.47 -20.47 30.26 42.41 0.00 0.00 -0.00 -0.00 -0.00 -90.00 0.00 0.00 -100.00 -0.00 0.00 -80.00 0.00 0.00 -0.00 -0.00 -0.00 -90.00 0.00 0.00 -100.00 -0.00 0.00 -80.00 0.00 0.00 -0.00 -0.00 -0.00 -90.00 0.00 0.00 -100.00 -0.00 0.00 -80.00 0.00 0.00 -0.00 4.00 0.01 -0.08 -0.00 0.11 -1.57 -0.00 0.05 -0.77
-0.0000 0.0167 0.0000 0.00 -0.00 0.00 0.00 -0.00 0.00 0.00 -0.00 0.00 0.00 -0.00 0.00 0.00 -0.00 0.00 0.00 -0.00 0.00 0.00 -0.00 0.00 0.00 -0.00 0.00 0.00 -0.00 0.00 0.00 -0.00 0.00 0.00 -0.00 0.00 0.00 -0.00 0.00 0.00 -0.00 0.00 0.00 -0.00 0.00 0.00 -0.00 0.00 0.00 -0.00 0.00 0.00 -0.00 0.00 0.00 -0.00 0.00 0.00 -0.00 0.00 0.00 -0.00 0.00 0.00 -0.00 0.00 0.00 -0.00 0.00 0.00 -0.00 0.00 0.00 -0.00 0.00 0.00 -0.00 0.00 0.00 -0.00 0.00 0.00 -0.00 0.00 0.00 -0.00 0.00 0.00 -0.00 0.00 0.00 -0.00 0.00 0.00 -0.00 0.00 0.00 -0.00 0.00 0.00 -0.00 0.00 0.00 -0.00 0.00 0.00 -0.00 0.00 0.00 -0.00 0.00 0.00 -0.00 0.00 0.00 -0.00 0.00 0.00 -0.00 0.00 0.00 -0.00 0.00 0.00 -0.00 0.00 94.39 0.18 -156.33 0.01 -25.00 0.03 -11.23 0.58 43.47 -20.47 30.26 42.41 0.00 0.00 -0.00 -0.00 -0.00 -90.00 0.00 0.00 -100.00 -0.00 0.00 -80.00 0.00 0.00 -0.00 -0.00 -0.00 -90.00 0.00 0.00 -100.00 -0.00 0.00 -80.00 0.00 0.00 -0.00 -0.00 -0.00 -90.00 0.00 0.00 -100.00 -0.00 0.00 -80.00 0.00 0.00 -0.00 4.00 0.01 -0.08 -0.00 0.11 -1.57 -0.00 0.05 -0.77
-0.0000 0.0164 0.0000 0.00 -0.00 0.00 0.00 -0.00 0.00 0.00 -0.00 0.00 0.00 -0.00 0.00 0.00 -0.00 0.00 0.00 -0.00 0.00 0.00 -0.00 0.00 0.00 -0.00 0.00 0.00 -0.00 0.00 0.00 -0.00 0.00 0.00 -0.00 0.00 0.00 -0.00 0.00 0.00 -0.00 0.00 0.00 -0.00 0.00 0.00 -0.00 0.00 0.00 -0.00 0.00 0.00 -0.00 0.00 0.00 -0.00 0.00 0.00 -0.00 0.00 0.00 -0.00 0.00 0.00 -0.00 0.00 0.00 -0.00 0.00 0.00 -0.00 0.00 0.00 -0.00 0.00 0.00 -0.00 0.00 0.00 -0.00 0.00 0.00 -0.00 0.00 0.00 -0.00 0.00 0.00 -0.00 0.00 0.00 -0.00 0.00 0.00 -0.00 0.00 0.00 -0.00 0.00 0.00 -0.00 0.00 0.00 -0.00 0.00 0.00 -0.00 0.00 0.00 -0.00 0.00 0.00 -0.00 0.00 0.00 -0.00 0.00 0.00 -0.00 0.00 0.00 -0.00 0.00 0.00 -0.00 0.00 94.39 0.18 -156.33 0.01 -25.00 0.03 -11.23 0.58 43.47 -20.47 30.26 42.41 0.00 0.00 -0.00 -0.00 -0.00 -90.00 0.00 0.00 -100.00 -0.00 0.00 -80.00 0.00 0.00 -0.00 -0.00 -0.00 -90.00 0.00 0.00 -100.00 -0.00 0.00 -80.00 0.00 0.00 -0.00 -0.00 -0.00 -90.00 0.00 0.00 -100.00 -0.00 0.00 -80.00 0.00 0.00 -0.00 4.00 0.01 -0.08 -0.00 0.11 -1.57 -0.00 0.05 -0.77
-0.0000 0.0162 0.0000 0.00 -0.00 0.00 0.00 -0.00 0.00 0.00 -0.00 0.00 0.00 -0.00 0.00 0.00 -0.00 0.00 0.00 -0.00 0.00 0.00 -0.00 0.00 0.00 -0.00 0.00 0.00 -0.00 0.00 0.00 -0.00 0.00 0.00 -0.00 0.00 0.00 -0.00 0.00 0.00 -0.00 0.00 0.00 -0.00 0.00 0.00 -0.00 0.00 0.00 -0.00 0.00 0.00 -0.00 0.00 0.00 -0.00 0.00 0.00 -0.00 0.00 0.00 -0.00 0.00 0.00 -0.00 0.00 0.00 -0.00 0.00 0.00 -0.00 0.00 0.00 -0.00 0.00 0.00 -0.00 0.00 0.00 -0.00 0.00 0.00 -0.00 0.00 0.00 -0.00 0.00 0.00 -0.00 0.00 0.00 -0.00 0.00 0.00 -0.00 0.00 0.00 -0.00 0.00 0.00 -0.00 0.00 0.00 -0.00 0.00 0.00 -0.00 0.00 0.00 -0.00 0.00 0.00 -0.00 0.00 0.00 -0.00 0.00 0.00 -0.00 0.00 0.00 -0.00 0.00 0.00 -0.00 0.00 94.39 0.18 -156.33 0.01 -25.00 0.03 -11.23 0.58 43.47 -20.47 30.26 42.41 0.00 0.00 -0.00 -0.00 -0.00 -90.00 0.00 0.00 -100.00 -0.00 0.00 -80.00 0.00 0.00 -0.00 -0.00 -0.00 -90.00 0.00 0.00 -100.00 -0.00 0.00 -80.00 0.00 0.00 -0.00 -0.00 -0.00 -90.00 0.00 0.00 -100.00 -0.00 0.00 -80.00 0.00 0.00 -0.00 4.00 0.01 -0.08 -0.00 0.11 -1.57 -0.00 0.05 -0.77
-0.0000 0.0160 0.0000 0.00 -0.00 0.00 0.00 -0.00 0.00 0.00 -0.00 0.00 0.00 -0.00 0.00 0.00 -0.00 0.00 0.00 -0.00 0.00 0.00 -0.00 0.00 0.00 -0.00 0.00 0.00 -0.00 0.00 0.00 -0.00 0.00 0.00 -0.00 0.00 0.00 -0.00 0.00 0.00 -0.00 0.00 0.00 -0.00 0.00 0.00 -0.00 0.00 0.00 -0.00 0.00 0.00 -0.00 0.00 0.00 -0.00 0.00 0.00 -0.00 0.00 0.00 -0.00 0.00 0.00 -0.00 0.00 0.00 -0.00 0.00 0.00 -0.00 0.00 0.00 -0.00 0.00 0.00 -0.00 0.00 0.00 -0.00 0.00 0.00 -0.00 0.00 0.00 -0.00 0.00 0.00 -0.00 0.00 0.00 -0.00 0.00 0.00 -0.00 0.00 0.00 -0.00 0.00 0.00 -0.00 0.00 0.00 -0.00 0.00 0.00 -0.00 0.00 0.00 -0.00 0.00 0.00 -0.00 0.00 0.00 -0.00 0.00 0.00 -0.00 0.00 0.00 -0.00 0.00 0.00 -0.00 0.00 94.39 0.18 -156.33 0.01 -25.00 0.03 -11.23 0.58 43.47 -20.47 30.26 42.41 0.00 0.00 -0.00 -0.00 -0.00 -90.00 0.00 0.00 -100.00 -0.00 0.00 -80.00 0.00 0.00 -0.00 -0.00 -0.00 -90.00 0.00 0.00 -100.00 -0.00 0.00 -80.00 0.00 0.00 -0.00 -0.00 -0.00 -90.00 0.00 0.00 -100.00 -0.00 0.00 -80.00 0.00 0.00 -0.00 4.00 0.01 -0.08 -0.00 0.11 -1.57 -0.00 0.05 -0.77
-0.0000 0.0157 0.0000 0.00 -0.00 0.00 0.00 -0.00 0.00 0.00 -0.00 0.00 0.00 -0.00 0.00 0.00 -0.00 0.00 0.00 -0.00 0.00 0.00 -0.00 0.00 0.00 -0.00 0.00 0.00 -0.00 0.00 0.00 -0.00 0.00 0.00 -0.00 0.00 0.00 -0.00 0.00 0.00 -0.00 0.00 0.00 -0.00 0.00 0.00 -0.00 0.00 0.00 -0.00 0.00 0.00 -0.00 0.00 0.00 -0.00 0.00 0.00 -0.00 0.00 0.00 -0.00 0.00 0.00 -0.00 0.00 0.00 -0.00 0.00 0.00 -0.00 0.00 0.00 -0.00 0.00 0.00 -0.00 0.00 0.00 -0.00 0.00 0.00 -0.00 0.00 0.00 -0.00 0.00 0.00 -0.00 0.00 0.00 -0.00 0.00 0.00 -0.00 0.00 0.00 -0.00 0.00 0.00 -0.00 0.00 0.00 -0.00 0.00 0.00 -0.00 0.00 0.00 -0.00 0.00 0.00 -0.00 0.00 0.00 -0.00 0.00 0.00 -0.00 0.00 0.00 -0.00 0.00 0.00 -0.00 0.00 94.39 0.18 -156.33 0.01 -25.00 0.03 -11.23 0.58 43.47 -20.47 30.26 42.41 0.00 0.00 -0.00 -0.00 -0.00 -90.00 0.00 0.00 -100.00 -0.00 0.00 -80.00 0.00 0.00 -0.00 -0.00 -0.00 -90.00 0.00 0.00 -100.00 -0.00 0.00 -80.00 0.00 0.00 -0.00 -0.00 -0.00 -90.00 0.00 0.00 -100.00 -0.00 0.00 -80.00 0.00 0.00 -0.00 4.00 0.01 -0.08 -0.00 0.11 -1.57 -0.00 0.05 -0.77
-0.0000 0.0163 0.0000 0.00 -0.00 0.00 0.00 -0.00 0.00 0.00 -0.00 0.00 0.00 -0.00 0.00 0.00 -0.00 0.00 0.00 -0.00 0.00 0.00 -0.00 0.00 0.00 -0.00 0.00 0.00 -0.00 0.00 0.00 -0.00 0.00 0.00 -0.00 0.00 0.00 -0.00 0.00 0.00 -0.00 0.00 0.00 -0.00 0.00 0.00 -0.00 0.00 0.00 -0.00 0.00 0.00 -0.00 0.00 0.00 -0.00 0.00 0.00 -0.00 0.00 0.00 -0.00 0.00 0.00 -0.00 0.00 0.00 -0.00 0.00 0.00 -0.00 0.00 0.00 -0.00 0.00 0.00 -0.00 0.00 0.00 -0.00 0.00 0.00 -0.00 0.00 0.00 -0.00 0.00 0.00 -0.00 0.00 0.00 -0.00 0.00 0.00 -0.00 0.00 0.00 -0.00 0.00 0.00 -0.00 0.00 0.00 -0.00 0.00 0.00 -0.00 0.00 0.00 -0.00 0.00 0.00 -0.00 0.00 0.00 -0.00 0.00 0.00 -0.00 0.00 0.00 -0.00 0.00 0.00 -0.00 0.00 94.39 0.18 -156.33 0.01 -25.00 0.03 -11.23 0.58 43.47 -20.47 30.26 42.41 0.00 0.00 -0.00 -0.00 -0.00 -90.00 0.00 0.00 -100.00 -0.00 0.00 -80.00 0.00 0.00 -0.00 -0.00 -0.00 -90.00 0.00 0.00 -100.00 -0.00 0.00 -80.00 0.00 0.00 -0.00 -0.00 -0.00 -90.00 0.00 0.00 -100.00 -0.00 0.00 -80.00 0.00 0.00 -0.00 4.00 0.01 -0.08 -0.00 0.11 -1.57 -0.00 0.05 -0.77
-0.0000 0.0168 0.0000 0.00 -0.00 0.00 0.00 -0.00 0.00 0.00 -0.00 0.00 0.00 -0.00 0.00 0.00 -0.00 0.00 0.00 -0.00 0.00 0.00 -0.00 0.00 0.00 -0.00 0.00 0.00 -0.00 0.00 0.00 -0.00 0.00 0.00 -0.00 0.00 0.00 -0.00 0.00 0.00 -0.00 0.00 0.00 -0.00 0.00 0.00 -0.00 0.00 0.00 -0.00 0.00 0.00 -0.00 0.00 0.00 -0.00 0.00 0.00 -0.00 0.00 0.00 -0.00 0.00 0.00 -0.00 0.00 0.00 -0.00 0.00 0.00 -0.00 0.00 0.00 -0.00 0.00 0.00 -0.00 0.00 0.00 -0.00 0.00 0.00 -0.00 0.00 0.00 -0.00 0.00 0.00 -0.00 0.00 0.00 -0.00 0.00 0.00 -0.00 0.00 0.00 -0.00 0.00 0.00 -0.00 0.00 0.00 -0.00 0.00 0.00 -0.00 0.00 0.00 -0.00 0.00 0.00 -0.00 0.00 0.00 -0.00 0.00 0.00 -0.00 0.00 0.00 -0.00 0.00 0.00 -0.00 0.00 94.39 0.18 -156.33 0.01 -25.00 0.03 -11.23 0.58 43.47 -20.47 30.26 42.41 0.00 0.00 -0.00 -0.00 -0.00 -90.00 0.00 0.00 -100.00 -0.00 0.00 -80.00 0.00 0.00 -0.00 -0.00 -0.00 -90.00 0.00 0.00 -100.00 -0.00 0.00 -80.00 0.00 0.00 -0.00 -0.00 -0.00 -90.00 0.00 0.00 -100.00 -0.00 0.00 -80.00 0.00 0.00 -0.00 4.00 0.01 -0.08 -0.00 0.11 -1.57 -0.00 0.05 -0.77
-0.0000 0.0163 0.0000 0.00 -0.00 0.00 0.00 -0.00 0.00 0.00 -0.00 0.00 0.00 -0.00 0.00 0.00 -0.00 0.00 0.00 -0.00 0.00 0.00 -0.00 0.00 0.00 -0.00 0.00 0.00 -0.00 0.00 0.00 -0.00 0.00 0.00 -0.00 0.00 0.00 -0.00 0.00 0.00 -0.00 0.00 0.00 -0.00 0.00 0.00 -0.00 0.00 0.00 -0.00 0.00 0.00 -0.00 0.00 0.00 -0.00 0.00 0.00 -0.00 0.00 0.00 -0.00 0.00 0.00 -0.00 0.00 0.00 -0.00 0.00 0.00 -0.00 0.00 0.00 -0.00 0.00 0.00 -0.00 0.00 0.00 -0.00 0.00 0.00 -0.00 0.00 0.00 -0.00 0.00 0.00 -0.00 0.00 0.00 -0.00 0.00 0.00 -0.00 0.00 0.00 -0.00 0.00 0.00 -0.00 0.00 0.00 -0.00 0.00 0.00 -0.00 0.00 0.00 -0.00 0.00 0.00 -0.00 0.00 0.00 -0.00 0.00 0.00 -0.00 0.00 0.00 -0.00 0.00 0.00 -0.00 0.00 94.39 0.18 -156.33 0.01 -25.00 0.03 -11.23 0.58 43.47 -20.47 30.26 42.41 0.00 0.00 -0.00 -0.00 -0.00 -90.00 0.00 0.00 -100.00 -0.00 0.00 -80.00 0.00 0.00 -0.00 -0.00 -0.00 -90.00 0.00 0.00 -100.00 -0.00 0.00 -80.00 0.00 0.00 -0.00 -0.00 -0.00 -90.00 0.00 0.00 -100.00 -0.00 0.00 -80.00 0.00 0.00 -0.00 4.00 0.01 -0.08 -0.00 0.11 -1.57 -0.00 0.05 -0.77
-0.0000 0.0166 0.0000 0.00 -0.00 0.00 0.00 -0.00 0.00 0.00 -0.00 0.00 0.00 -0.00 0.00 0.00 -0.00 0.00 0.00 -0.00 0.00 0.00 -0.00 0.00 0.00 -0.00 0.00 0.00 -0.00 0.00 0.00 -0.00 0.00 0.00 -0.00 0.00 0.00 -0.00 0.00 0.00 -0.00 0.00 0.00 -0.00 0.00 0.00 -0.00 0.00 0.00 -0.00 0.00 0.00 -0.00 0.00 0.00 -0.00 0.00 0.00 -0.00 0.00 0.00 -0.00 0.00 0.00 -0.00 0.00 0.00 -0.00 0.00 0.00 -0.00 0.00 0.00 -0.00 0.00 0.00 -0.00 0.00 0.00 -0.00 0.00 0.00 -0.00 0.00 0.00 -0.00 0.00 0.00 -0.00 0.00 0.00 -0.00 0.00 0.00 -0.00 0.00 0.00 -0.00 0.00 0.00 -0.00 0.00 0.00 -0.00 0.00 0.00 -0.00 0.00 0.00 -0.00 0.00 0.00 -0.00 0.00 0.00 -0.00 0.00 0.00 -0.00 0.00 0.00 -0.00 0.00 0.00 -0.00 0.00 94.39 0.18 -156.33 0.01 -25.00 0.03 -11.23 0.58 43.47 -20.47 30.26 42.41 0.00 0.00 -0.00 -0.00 -0.00 -90.00 0.00 0.00 -100.00 -0.00 0.00 -80.00 0.00 0.00 -0.00 -0.00 -0.00 -90.00 0.00 0.00 -100.00 -0.00 0.00 -80.00 0.00 0.00 -0.00 -0.00 -0.00 -90.00 0.00 0.00 -100.00 -0.00 0.00 -80.00 0.00 0.00 -0.00 4.00 0.01 -0.08 -0.00 0.11 -1.57 -0.00 0.05 -0.77
-0.0000 0.0166 0.0000 0.00 -0.00 0.00 0.00 -0.00 0.00 0.00 -0.00 0.00 0.00 -0.00 0.00 0.00 -0.00 0.00 0.00 -0.00 0.00 0.00 -0.00 0.00 0.00 -0.00 0.00 0.00 -0.00 0.00 0.00 -0.00 0.00 0.00 -0.00 0.00 0.00 -0.00 0.00 0.00 -0.00 0.00 0.00 -0.00 0.00 0.00 -0.00 0.00 0.00 -0.00 0.00 0.00 -0.00 0.00 0.00 -0.00 0.00 0.00 -0.00 0.00 0.00 -0.00 0.00 0.00 -0.00 0.00 0.00 -0.00 0.00 0.00 -0.00 0.00 0.00 -0.00 0.00 0.00 -0.00 0.00 0.00 -0.00 0.00 0.00 -0.00 0.00 0.00 -0.00 0.00 0.00 -0.00 0.00 0.00 -0.00 0.00 0.00 -0.00 0.00 0.00 -0.00 0.00 0.00 -0.00 0.00 0.00 -0.00 0.00 0.00 -0.00 0.00 0.00 -0.00 0.00 0.00 -0.00 0.00 0.00 -0.00 0.00 0.00 -0.00 0.00 0.00 -0.00 0.00 0.00 -0.00 0.00 94.39 0.18 -156.33 0.01 -25.00 0.03 -11.23 0.58 43.47 -20.47 30.26 42.41 0.00 0.00 -0.00 -0.00 -0.00 -90.00 0.00 0.00 -100.00 -0.00 0.00 -80.00 0.00 0.00 -0.00 -0.00 -0.00 -90.00 0.00 0.00 -100.00 -0.00 0.00 -80.00 0.00 0.00 -0.00 -0.00 -0.00 -90.00 0.00 0.00 -100.00 -0.00 0.00 -80.00 0.00 0.00 -0.00 4.00 0.01 -0.08 -0.00 0.11 -1.57 -0.00 0.05 -0.77
-0.0000 0.0165 0.0000 0.00 -0.00 0.00 0.00 -0.00 0.00 0.00 -0.00 0.00 0.00 -0.00 0.00 0.00 -0.00 0.00 0.00 -0.00 0.00 0.00 -0.00 0.00 0.00 -0.00 0.00 0.00 -0.00 0.00 0.00 -0.00 0.00 0.00 -0.00 0.00 0.00 -0.00 0.00 0.00 -0.00 0.00 0.00 -0.00 0.00 0.00 -0.00 0.00 0.00 -0.00 0.00 0.00 -0.00 0.00 0.00 -0.00 0.00 0.00 -0.00 0.00 0.00 -0.00 0.00 0.00 -0.00 0.00 0.00 -0.00 0.00 0.00 -0.00 0.00 0.00 -0.00 0.00 0.00 -0.00 0.00 0.00 -0.00 0.00 0.00 -0.00 0.00 0.00 -0.00 0.00 0.00 -0.00 0.00 0.00 -0.00 0.00 0.00 -0.00 0.00 0.00 -0.00 0.00 0.00 -0.00 0.00 0.00 -0.00 0.00 0.00 -0.00 0.00 0.00 -0.00 0.00 0.00 -0.00 0.00 0.00 -0.00 0.00 0.00 -0.00 0.00 0.00 -0.00 0.00 0.00 -0.00 0.00 94.39 0.18 -156.33 0.01 -25.00 0.03 -11.23 0.58 43.47 -20.47 30.26 42.41 0.00 0.00 -0.00 -0.00 -0.00 -90.00 0.00 0.00 -100.00 -0.00 0.00 -80.00 0.00 0.00 -0.00 -0.00 -0.00 -90.00 0.00 0.00 -100.00 -0.00 0.00 -80.00 0.00 0.00 -0.00 -0.00 -0.00 -90.00 0.00 0.00 -100.00 -0.00 0.00 -80.00 0.00 0.00 -0.00 4.00 0.01 -0.08 -0.00 0.11 -1.57 -0.00 0.05 -0.77
-0.0000 0.0168 0.0000 0.00 -0.00 0.00 0.00 -0.00 0.00 0.00 -0.00 0.00 0.00 -0.00 0.00 0.00 -0.00 0.00 0.00 -0.00 0.00 0.00 -0.00 0.00 0.00 -0.00 0.00 0.00 -0.00 0.00 0.00 -0.00 0.00 0.00 -0.00 0.00 0.00 -0.00 0.00 0.00 -0.00 0.00 0.00 -0.00 0.00 0.00 -0.00 0.00 0.00 -0.00 0.00 0.00 -0.00 0.00 0.00 -0.00 0.00 0.00 -0.00 0.00 0.00 -0.00 0.00 0.00 -0.00 0.00 0.00 -0.00 0.00 0.00 -0.00 0.00 0.00 -0.00 0.00 0.00 -0.00 0.00 0.00 -0.00 0.00 0.00 -0.00 0.00 0.00 -0.00 0.00 0.00 -0.00 0.00 0.00 -0.00 0.00 0.00 -0.00 0.00 0.00 -0.00 0.00 0.00 -0.00 0.00 0.00 -0.00 0.00 0.00 -0.00 0.00 0.00 -0.00 0.00 0.00 -0.00 0.00 0.00 -0.00 0.00 0.00 -0.00 0.00 0.00 -0.00 0.00 0.00 -0.00 0.00 94.39 0.18 -156.33 0.01 -25.00 0.03 -11.23 0.58 43.47 -20.47 30.26 42.41 0.00 0.00 -0.00 -0.00 -0.00 -90.00 0.00 0.00 -100.00 -0.00 0.00 -80.00 0.00 0.00 -0.00 -0.00 -0.00 -90.00 0.00 0.00 -100.00 -0.00 0.00 -80.00 0.00 0.00 -0.00 -0.00 -0.00 -90.00 0.00 0.00 -100.00 -0.00 0.00 -80.00 0.00 0.00 -0.00 4.00 0.01 -0.08 -0.00 0.11 -1.57 -0.00 0.05 -0.77
-0.0000 0.0170 0.0000 0.00 -0.00 0.00 0.00 -0.00 0.00 0.00 -0.00 0.00 0.00 -0.00 0.00 0.00 -0.00 0.00 0.00 -0.00 0.00 0.00 -0.00 0.00 0.00 -0.00 0.00 0.00 -0.00 0.00 0.00 -0.00 0.00 0.00 -0.00 0.00 0.00 -0.00 0.00 0.00 -0.00 0.00 0.00 -0.00 0.00 0.00 -0.00 0.00 0.00 -0.00 0.00 0.00 -0.00 0.00 0.00 -0.00 0.00 0.00 -0.00 0.00 0.00 -0.00 0.00 0.00 -0.00 0.00 0.00 -0.00 0.00 0.00 -0.00 0.00 0.00 -0.00 0.00 0.00 -0.00 0.00 0.00 -0.00 0.00 0.00 -0.00 0.00 0.00 -0.00 0.00 0.00 -0.00 0.00 0.00 -0.00 0.00 0.00 -0.00 0.00 0.00 -0.00 0.00 0.00 -0.00 0.00 0.00 -0.00 0.00 0.00 -0.00 0.00 0.00 -0.00 0.00 0.00 -0.00 0.00 0.00 -0.00 0.00 0.00 -0.00 0.00 0.00 -0.00 0.00 0.00 -0.00 0.00 94.39 0.18 -156.33 0.01 -25.00 0.03 -11.23 0.58 43.47 -20.47 30.26 42.41 0.00 0.00 -0.00 -0.00 -0.00 -90.00 0.00 0.00 -100.00 -0.00 0.00 -80.00 0.00 0.00 -0.00 -0.00 -0.00 -90.00 0.00 0.00 -100.00 -0.00 0.00 -80.00 0.00 0.00 -0.00 -0.00 -0.00 -90.00 0.00 0.00 -100.00 -0.00 0.00 -80.00 0.00 0.00 -0.00 4.00 0.01 -0.08 -0.00 0.11 -1.57 -0.00 0.05 -0.77
-0.0000 0.0168 0.0000 0.00 -0.00 0.00 0.00 -0.00 0.00 0.00 -0.00 0.00 0.00 -0.00 0.00 0.00 -0.00 0.00 0.00 -0.00 0.00 0.00 -0.00 0.00 0.00 -0.00 0.00 0.00 -0.00 0.00 0.00 -0.00 0.00 0.00 -0.00 0.00 0.00 -0.00 0.00 0.00 -0.00 0.00 0.00 -0.00 0.00 0.00 -0.00 0.00 0.00 -0.00 0.00 0.00 -0.00 0.00 0.00 -0.00 0.00 0.00 -0.00 0.00 0.00 -0.00 0.00 0.00 -0.00 0.00 0.00 -0.00 0.00 0.00 -0.00 0.00 0.00 -0.00 0.00 0.00 -0.00 0.00 0.00 -0.00 0.00 0.00 -0.00 0.00 0.00 -0.00 0.00 0.00 -0.00 0.00 0.00 -0.00 0.00 0.00 -0.00 0.00 0.00 -0.00 0.00 0.00 -0.00 0.00 0.00 -0.00 0.00 0.00 -0.00 0.00 0.00 -0.00 0.00 0.00 -0.00 0.00 0.00 -0.00 0.00 0.00 -0.00 0.00 0.00 -0.00 0.00 0.00 -0.00 0.00 94.39 0.18 -156.33 0.01 -25.00 0.03 -11.23 0.58 43.47 -20.47 30.26 42.41 0.00 0.00 -0.00 -0.00 -0.00 -90.00 0.00 0.00 -100.00 -0.00 0.00 -80.00 0.00 0.00 -0.00 -0.00 -0.00 -90.00 0.00 0.00 -100.00 -0.00 0.00 -80.00 0.00 0.00 -0.00 -0.00 -0.00 -90.00 0.00 0.00 -100.00 -0.00 0.00 -80.00 0.00 0.00 -0.00 4.00 0.01 -0.08 -0.00 0.11 -1.57 -0.00 0.05 -0.77
-0.0000 0.0161 0.0000 0.00 -0.00 0.00 0.00 -0.00 0.00 0.00 -0.00 0.00 0.00 -0.00 0.00 0.00 -0.00 0.00 0.00 -0.00 0.00 0.00 -0.00 0.00 0.00 -0.00 0.00 0.00 -0.00 0.00 0.00 -0.00 0.00 0.00 -0.00 0.00 0.00 -0.00 0.00 0.00 -0.00 0.00 0.00 -0.00 0.00 0.00 -0.00 0.00 0.00 -0.00 0.00 0.00 -0.00 0.00 0.00 -0.00 0.00 0.00 -0.00 0.00 0.00 -0.00 0.00 0.00 -0.00 0.00 0.00 -0.00 0.00 0.00 -0.00 0.00 0.00 -0.00 0.00 0.00 -0.00 0.00 0.00 -0.00 0.00 0.00 -0.00 0.00 0.00 -0.00 0.00 0.00 -0.00 0.00 0.00 -0.00 0.00 0.00 -0.00 0.00 0.00 -0.00 0.00 0.00 -0.00 0.00 0.00 -0.00 0.00 0.00 -0.00 0.00 0.00 -0.00 0.00 0.00 -0.00 0.00 0.00 -0.00 0.00 0.00 -0.00 0.00 0.00 -0.00 0.00 0.00 -0.00 0.00 94.39 0.18 -156.33 0.01 -25.00 0.03 -11.23 0.58 43.47 -20.47 30.26 42.41 0.00 0.00 -0.00 -0.00 -0.00 -90.00 0.00 0.00 -100.00 -0.00 0.00 -80.00 0.00 0.00 -0.00 -0.00 -0.00 -90.00 0.00 0.00 -100.00 -0.00 0.00 -80.00 0.00 0.00 -0.00 -0.00 -0.00 -90.00 0.00 0.00 -100.00 -0.00 0.00 -80.00 0.00 0.00 -0.00 4.00 0.01 -0.08 -0.00 0.11 -1.57 -0.00 0.05 -0.77
-0.0000 0.0163 0.0000 0.00 -0.00 0.00 0.00 -0.00 0.00 0.00 -0.00 0.00 0.00 -0.00 0.00 0.00 -0.00 0.00 0.00 -0.00 0.00 0.00 -0.00 0.00 0.00 -0.00 0.00 0.00 -0.00 0.00 0.00 -0.00 0.00 0.00 -0.00 0.00 0.00 -0.00 0.00 0.00 -0.00 0.00 0.00 -0.00 0.00 0.00 -0.00 0.00 0.00 -0.00 0.00 0.00 -0.00 0.00 0.00 -0.00 0.00 0.00 -0.00 0.00 0.00 -0.00 0.00 0.00 -0.00 0.00 0.00 -0.00 0.00 0.00 -0.00 0.00 0.00 -0.00 0.00 0.00 -0.00 0.00 0.00 -0.00 0.00 0.00 -0.00 0.00 0.00 -0.00 0.00 0.00 -0.00 0.00 0.00 -0.00 0.00 0.00 -0.00 0.00 0.00 -0.00 0.00 0.00 -0.00 0.00 0.00 -0.00 0.00 0.00 -0.00 0.00 0.00 -0.00 0.00 0.00 -0.00 0.00 0.00 -0.00 0.00 0.00 -0.00 0.00 0.00 -0.00 0.00 0.00 -0.00 0.00 94.39 0.18 -156.33 0.01 -25.00 0.03 -11.23 0.58 43.47 -20.47 30.26 42.41 0.00 0.00 -0.00 -0.00 -0.00 -90.00 0.00 0.00 -100.00 -0.00 0.00 -80.00 0.00 0.00 -0.00 -0.00 -0.00 -90.00 0.00 0.00 -100.00 -0.00 0.00 -80.00 0.00 0.00 -0.00 -0.00 -0.00 -90.00 0.00 0.00 -100.00 -0.00 0.00 -80.00 0.00 0.00 -0.00 4.00 0.01 -0.08 -0.00 0.11 -1.57 -0.00 0.05 -0.77
-0.0000 0.0165 0.0000 0.00 -0.00 0.00 0.00 -0.00 0.00 0.00 -0.00 0.00 0.00 -0.00 0.00 0.00 -0.00 0.00 0.00 -0.00 0.00 0.00 -0.00 0.00 0.00 -0.00 0.00 0.00 -0.00 0.00 0.00 -0.00 0.00 0.00 -0.00 0.00 0.00 -0.00 0.00 0.00 -0.00 0.00 0.00 -0.00 0.00 0.00 -0.00 0.00 0.00 -0.00 0.00 0.00 -0.00 0.00 0.00 -0.00 0.00 0.00 -0.00 0.00 0.00 -0.00 0.00 0.00 -0.00 0.00 0.00 -0.00 0.00 0.00 -0.00 0.00 0.00 -0.00 0.00 0.00 -0.00 0.00 0.00 -0.00 0.00 0.00 -0.00 0.00 0.00 -0.00 0.00 0.00 -0.00 0.00 0.00 -0.00 0.00 0.00 -0.00 0.00 0.00 -0.00 0.00 0.00 -0.00 0.00 0.00 -0.00 0.00 0.00 -0.00 0.00 0.00 -0.00 0.00 0.00 -0.00 0.00 0.00 -0.00 0.00 0.00 -0.00 0.00 0.00 -0.00 0.00 0.00 -0.00 0.00 94.39 0.18 -156.33 0.01 -25.00 0.03 -11.23 0.58 43.47 -20.47 30.26 42.41 0.00 0.00 -0.00 -0.00 -0.00 -90.00 0.00 0.00 -100.00 -0.00 0.00 -80.00 0.00 0.00 -0.00 -0.00 -0.00 -90.00 0.00 0.00 -100.00 -0.00 0.00 -80.00 0.00 0.00 -0.00 -0.00 -0.00 -90.00 0.00 0.00 -100.00 -0.00 0.00 -80.00 0.00 0.00 -0.00 4.00 0.01 -0.08 -0.00 0.11 -1.57 -0.00 0.05 -0.77
-0.0000 0.0167 0.0000 0.00 -0.00 0.00 0.00 -0.00 0.00 0.00 -0.00 0.00 0.00 -0.00 0.00 0.00 -0.00 0.00 0.00 -0.00 0.00 0.00 -0.00 0.00 0.00 -0.00 0.00 0.00 -0.00 0.00 0.00 -0.00 0.00 0.00 -0.00 0.00 0.00 -0.00 0.00 0.00 -0.00 0.00 0.00 -0.00 0.00 0.00 -0.00 0.00 0.00 -0.00 0.00 0.00 -0.00 0.00 0.00 -0.00 0.00 0.00 -0.00 0.00 0.00 -0.00 0.00 0.00 -0.00 0.00 0.00 -0.00 0.00 0.00 -0.00 0.00 0.00 -0.00 0.00 0.00 -0.00 0.00 0.00 -0.00 0.00 0.00 -0.00 0.00 0.00 -0.00 0.00 0.00 -0.00 0.00 0.00 -0.00 0.00 0.00 -0.00 0.00 0.00 -0.00 0.00 0.00 -0.00 0.00 0.00 -0.00 0.00 0.00 -0.00 0.00 0.00 -0.00 0.00 0.00 -0.00 0.00 0.00 -0.00 0.00 0.00 -0.00 0.00 0.00 -0.00 0.00 0.00 -0.00 0.00 94.39 0.18 -156.33 0.01 -25.00 0.03 -11.23 0.58 43.47 -20.47 30.26 42.41 0.00 0.00 -0.00 -0.00 -0.00 -90.00 0.00 0.00 -100.00 -0.00 0.00 -80.00 0.00 0.00 -0.00 -0.00 -0.00 -90.00 0.00 0.00 -100.00 -0.00 0.00 -80.00 0.00 0.00 -0.00 -0.00 -0.00 -90.00 0.00 0.00 -100.00 -0.00 0.00 -80.00 0.00 0.00 -0.00 4.00 0.01 -0.08 -0.00 0.11 -1.57 -0.00 0.05 -0.77
-0.0000 0.0161 0.0000 0.00 -0.00 0.00 0.00 -0.00 0.00 0.00 -0.00 0.00 0.00 -0.00 0.00 0.00 -0.00 0.00 0.00 -0.00 0.00 0.00 -0.00 0.00 0.00 -0.00 0.00 0.00 -0.00 0.00 0.00 -0.00 0.00 0.00 -0.00 0.00 0.00 -0.00 0.00 0.00 -0.00 0.00 0.00 -0.00 0.00 0.00 -0.00 0.00 0.00 -0.00 0.00 0.00 -0.00 0.00 0.00 -0.00 0.00 0.00 -0.00 0.00 0.00 -0.00 0.00 0.00 -0.00 0.00 0.00 -0.00 0.00 0.00 -0.00 0.00 0.00 -0.00 0.00 0.00 -0.00 0.00 0.00 -0.00 0.00 0.00 -0.00 0.00 0.00 -0.00 0.00 0.00 -0.00 0.00 0.00 -0.00 0.00 0.00 -0.00 0.00 0.00 -0.00 0.00 0.00 -0.00 0.00 0.00 -0.00 0.00 0.00 -0.00 0.00 0.00 -0.00 0.00 0.00 -0.00 0.00 0.00 -0.00 0.00 0.00 -0.00 0.00 0.00 -0.00 0.00 0.00 -0.00 0.00 94.39 0.18 -156.33 0.01 -25.00 0.03 -11.23 0.58 43.47 -20.47 30.26 42.41 0.00 0.00 -0.00 -0.00 -0.00 -90.00 0.00 0.00 -100.00 -0.00 0.00 -80.00 0.00 0.00 -0.00 -0.00 -0.00 -90.00 0.00 0.00 -100.00 -0.00 0.00 -80.00 0.00 0.00 -0.00 -0.00 -0.00 -90.00 0.00 0.00 -100.00 -0.00 0.00 -80.00 0.00 0.00 -0.00 4.00 0.01 -0.08 -0.00 0.11 -1.57 -0.00 0.05 -0.77
-0.0000 0.0157 0.0000 0.00 -0.00 0.00 0.00 -0.00 0.00 0.00 -0.00 0.00 0.00 -0.00 0.00 0.00 -0.00 0.00 0.00 -0.00 0.00 0.00 -0.00 0.00 0.00 -0.00 0.00 0.00 -0.00 0.00 0.00 -0.00 0.00 0.00 -0.00 0.00 0.00 -0.00 0.00 0.00 -0.00 0.00 0.00 -0.00 0.00 0.00 -0.00 0.00 0.00 -0.00 0.00 0.00 -0.00 0.00 0.00 -0.00 0.00 0.00 -0.00 0.00 0.00 -0.00 0.00 0.00 -0.00 0.00 0.00 -0.00 0.00 0.00 -0.00 0.00 0.00 -0.00 0.00 0.00 -0.00 0.00 0.00 -0.00 0.00 0.00 -0.00 0.00 0.00 -0.00 0.00 0.00 -0.00 0.00 0.00 -0.00 0.00 0.00 -0.00 0.00 0.00 -0.00 0.00 0.00 -0.00 0.00 0.00 -0.00 0.00 0.00 -0.00 0.00 0.00 -0.00 0.00 0.00 -0.00 0.00 0.00 -0.00 0.00 0.00 -0.00 0.00 0.00 -0.00 0.00 0.00 -0.00 0.00 94.39 0.18 -156.33 0.01 -25.00 0.03 -11.23 0.58 43.47 -20.47 30.26 42.41 0.00 0.00 -0.00 -0.00 -0.00 -90.00 0.00 0.00 -100.00 -0.00 0.00 -80.00 0.00 0.00 -0.00 -0.00 -0.00 -90.00 0.00 0.00 -100.00 -0.00 0.00 -80.00 0.00 0.00 -0.00 -0.00 -0.00 -90.00 0.00 0.00 -100.00 -0.00 0.00 -80.00 0.00 0.00 -0.00 4.00 0.01 -0.08 -0.00 0.11 -1.57 -0.00 0.05 -0.77
-0.0000 0.0162 0.0000 0.00 -0.00 0.00 0.00 -0.00 0.00 0.00 -0.00 0.00 0.00 -0.00 0.00 0.00 -0.00 0.00 0.00 -0.00 0.00 0.00 -0.00 0.00 0.00 -0.00 0.00 0.00 -0.00 0.00 0.00 -0.00 0.00 0.00 -0.00 0.00 0.00 -0.00 0.00 0.00 -0.00 0.00 0.00 -0.00 0.00 0.00 -0.00 0.00 0.00 -0.00 0.00 0.00 -0.00 0.00 0.00 -0.00 0.00 0.00 -0.00 0.00 0.00 -0.00 0.00 0.00 -0.00 0.00 0.00 -0.00 0.00 0.00 -0.00 0.00 0.00 -0.00 0.00 0.00 -0.00 0.00 0.00 -0.00 0.00 0.00 -0.00 0.00 0.00 -0.00 0.00 0.00 -0.00 0.00 0.00 -0.00 0.00 0.00 -0.00 0.00 0.00 -0.00 0.00 0.00 -0.00 0.00 0.00 -0.00 0.00 0.00 -0.00 0.00 0.00 -0.00 0.00 0.00 -0.00 0.00 0.00 -0.00 0.00 0.00 -0.00 0.00 0.00 -0.00 0.00 0.00 -0.00 0.00 94.39 0.18 -156.33 0.01 -25.00 0.03 -11.23 0.58 43.47 -20.47 30.26 42.41 0.00 0.00 -0.00 -0.00 -0.00 -90.00 0.00 0.00 -100.00 -0.00 0.00 -80.00 0.00 0.00 -0.00 -0.00 -0.00 -90.00 0.00 0.00 -100.00 -0.00 0.00 -80.00 0.00 0.00 -0.00 -0.00 -0.00 -90.00 0.00 0.00 -100.00 -0.00 0.00 -80.00 0.00 0.00 -0.00 4.00 0.01 -0.08 -0.00 0.11 -1.57 -0.00 0.05 -0.77
-0.0000 0.0168 0.0000 0.00 -0.00 0.00 0.00 -0.00 0.00 0.00 -0.00 0.00 0.00 -0.00 0.00 0.00 -0.00 0.00 0.00 -0.00 0.00 0.00 -0.00 0.00 0.00 -0.00 0.00 0.00 -0.00 0.00 0.00 -0.00 0.00 0.00 -0.00 0.00 0.00 -0.00 0.00 0.00 -0.00 0.00 0.00 -0.00 0.00 0.00 -0.00 0.00 0.00 -0.00 0.00 0.00 -0.00 0.00 0.00 -0.00 0.00 0.00 -0.00 0.00 0.00 -0.00 0.00 0.00 -0.00 0.00 0.00 -0.00 0.00 0.00 -0.00 0.00 0.00 -0.00 0.00 0.00 -0.00 0.00 0.00 -0.00 0.00 0.00 -0.00 0.00 0.00 -0.00 0.00 0.00 -0.00 0.00 0.00 -0.00 0.00 0.00 -0.00 0.00 0.00 -0.00 0.00 0.00 -0.00 0.00 0.00 -0.00 0.00 0.00 -0.00 0.00 0.00 -0.00 0.00 0.00 -0.00 0.00 0.00 -0.00 0.00 0.00 -0.00 0.00 0.00 -0.00 0.00 0.00 -0.00 0.00 94.39 0.18 -156.33 0.01 -25.00 0.03 -11.23 0.58 43.47 -20.47 30.26 42.41 0.00 0.00 -0.00 -0.00 -0.00 -90.00 0.00 0.00 -100.00 -0.00 0.00 -80.00 0.00 0.00 -0.00 -0.00 -0.00 -90.00 0.00 0.00 -100.00 -0.00 0.00 -80.00 0.00 0.00 -0.00 -0.00 -0.00 -90.00 0.00 0.00 -100.00 -0.00 0.00 -80.00 0.00 0.00 -0.00 4.00 0.01 -0.08 -0.00 0.11 -1.57 -0.00 0.05 -0.77
-0.0000 0.0164 0.0000 0.00 -0.00 0.00 0.00 -0.00 0.00 0.00 -0.00 0.00 0.00 -0.00 0.00 0.00 -0.00 0.00 0.00 -0.00 0.00 0.00 -0.00 0.00 0.00 -0.00 0.00 0.00 -0.00 0.00 0.00 -0.00 0.00 0.00 -0.00 0.00 0.00 -0.00 0.00 0.00 -0.00 0.00 0.00 -0.00 0.00 0.00 -0.00 0.00 0.00 -0.00 0.00 0.00 -0.00 0.00 0.00 -0.00 0.00 0.00 -0.00 0.00 0.00 -0.00 0.00 0.00 -0.00 0.00 0.00 -0.00 0.00 0.00 -0.00 0.00 0.00 -0.00 0.00 0.00 -0.00 0.00 0.00 -0.00 0.00 0.00 -0.00 0.00 0.00 -0.00 0.00 0.00 -0.00 0.00 0.00 -0.00 0.00 0.00 -0.00 0.00 0.00 -0.00 0.00 0.00 -0.00 0.00 0.00 -0.00 0.00 0.00 -0.00 0.00 0.00 -0.00 0.00 0.00 -0.00 0.00 0.00 -0.00 0.00 0.00 -0.00 0.00 0.00 -0.00 0.00 0.00 -0.00 0.00 94.39 0.18 -156.33 0.01 -25.00 0.03 -11.23 0.58 43.47 -20.47 30.26 42.41 0.00 0.00 -0.00 -0.00 -0.00 -90.00 0.00 0.00 -100.00 -0.00 0.00 -80.00 0.00 0.00 -0.00 -0.00 -0.00 -90.00 0.00 0.00 -100.00 -0.00 0.00 -80.00 0.00 0.00 -0.00 -0.00 -0.00 -90.00 0.00 0.00 -100.00 -0.00 0.00 -80.00 0.00 0.00 -0.00 4.00 0.01 -0.08 -0.00 0.11 -1.57 -0.00 0.05 -0.77
-0.0000 0.0162 0.0000 0.00 -0.00 0.00 0.00 -0.00 0.00 0.00 -0.00 0.00 0.00 -0.00 0.00 0.00 -0.00 0.00 0.00 -0.00 0.00 0.00 -0.00 0.00 0.00 -0.00 0.00 0.00 -0.00 0.00 0.00 -0.00 0.00 0.00 -0.00 0.00 0.00 -0.00 0.00 0.00 -0.00 0.00 0.00 -0.00 0.00 0.00 -0.00 0.00 0.00 -0.00 0.00 0.00 -0.00 0.00 0.00 -0.00 0.00 0.00 -0.00 0.00 0.00 -0.00 0.00 0.00 -0.00 0.00 0.00 -0.00 0.00 0.00 -0.00 0.00 0.00 -0.00 0.00 0.00 -0.00 0.00 0.00 -0.00 0.00 0.00 -0.00 0.00 0.00 -0.00 0.00 0.00 -0.00 0.00 0.00 -0.00 0.00 0.00 -0.00 0.00 0.00 -0.00 0.00 0.00 -0.00 0.00 0.00 -0.00 0.00 0.00 -0.00 0.00 0.00 -0.00 0.00 0.00 -0.00 0.00 0.00 -0.00 0.00 0.00 -0.00 0.00 0.00 -0.00 0.00 0.00 -0.00 0.00 94.39 0.18 -156.33 0.01 -25.00 0.03 -11.23 0.58 43.47 -20.47 30.26 42.41 0.00 0.00 -0.00 -0.00 -0.00 -90.00 0.00 0.00 -100.00 -0.00 0.00 -80.00 0.00 0.00 -0.00 -0.00 -0.00 -90.00 0.00 0.00 -100.00 -0.00 0.00 -80.00 0.00 0.00 -0.00 -0.00 -0.00 -90.00 0.00 0.00 -100.00 -0.00 0.00 -80.00 0.00 0.00 -0.00 4.00 0.01 -0.08 -0.00 0.11 -1.57 -0.00 0.05 -0.77
-0.0000 0.0166 0.0000 0.00 -0.00 0.00 0.00 -0.00 0.00 0.00 -0.00 0.00 0.00 -0.00 0.00 0.00 -0.00 0.00 0.00 -0.00 0.00 0.00 -0.00 0.00 0.00 -0.00 0.00 0.00 -0.00 0.00 0.00 -0.00 0.00 0.00 -0.00 0.00 0.00 -0.00 0.00 0.00 -0.00 0.00 0.00 -0.00 0.00 0.00 -0.00 0.00 0.00 -0.00 0.00 0.00 -0.00 0.00 0.00 -0.00 0.00 0.00 -0.00 0.00 0.00 -0.00 0.00 0.00 -0.00 0.00 0.00 -0.00 0.00 0.00 -0.00 0.00 0.00 -0.00 0.00 0.00 -0.00 0.00 0.00 -0.00 0.00 0.00 -0.00 0.00 0.00 -0.00 0.00 0.00 -0.00 0.00 0.00 -0.00 0.00 0.00 -0.00 0.00 0.00 -0.00 0.00 0.00 -0.00 0.00 0.00 -0.00 0.00 0.00 -0.00 0.00 0.00 -0.00 0.00 0.00 -0.00 0.00 0.00 -0.00 0.00 0.00 -0.00 0.00 0.00 -0.00 0.00 0.00 -0.00 0.00 94.39 0.18 -156.33 0.01 -25.00 0.03 -11.23 0.58 43.47 -20.47 30.26 42.41 0.00 0.00 -0.00 -0.00 -0.00 -90.00 0.00 0.00 -100.00 -0.00 0.00 -80.00 0.00 0.00 -0.00 -0.00 -0.00 -90.00 0.00 0.00 -100.00 -0.00 0.00 -80.00 0.00 0.00 -0.00 -0.00 -0.00 -90.00 0.00 0.00 -100.00 -0.00 0.00 -80.00 0.00 0.00 -0.00 4.00 0.01 -0.08 -0.00 0.11 -1.57 -0.00 0.05 -0.77
-0.0000 0.0166 0.0000 0.00 -0.00 0.00 0.00 -0.00 0.00 0.00 -0.00 0.00 0.00 -0.00 0.00 0.00 -0.00 0.00 0.00 -0.00 0.00 0.00 -0.00 0.00 0.00 -0.00 0.00 0.00 -0.00 0.00 0.00 -0.00 0.00 0.00 -0.00 0.00 0.00 -0.00 0.00 0.00 -0.00 0.00 0.00 -0.00 0.00 0.00 -0.00 0.00 0.00 -0.00 0.00 0.00 -0.00 0.00 0.00 -0.00 0.00 0.00 -0.00 0.00 0.00 -0.00 0.00 0.00 -0.00 0.00 0.00 -0.00 0.00 0.00 -0.00 0.00 0.00 -0.00 0.00 0.00 -0.00 0.00 0.00 -0.00 0.00 0.00 -0.00 0.00 0.00 -0.00 0.00 0.00 -0.00 0.00 0.00 -0.00 0.00 0.00 -0.00 0.00 0.00 -0.00 0.00 0.00 -0.00 0.00 0.00 -0.00 0.00 0.00 -0.00 0.00 0.00 -0.00 0.00 0.00 -0.00 0.00 0.00 -0.00 0.00 0.00 -0.00 0.00 0.00 -0.00 0.00 0.00 -0.00 0.00 94.39 0.18 -156.33 0.01 -25.00 0.03 -11.23 0.58 43.47 -20.47 30.26 42.41 0.00 0.00 -0.00 -0.00 -0.00 -90.00 0.00 0.00 -100.00 -0.00 0.00 -80.00 0.00 0.00 -0.00 -0.00 -0.00 -90.00 0.00 0.00 -100.00 -0.00 0.00 -80.00 0.00 0.00 -0.00 -0.00 -0.00 -90.00 0.00 0.00 -100.00 -0.00 0.00 -80.00 0.00 0.00 -0.00 4.00 0.01 -0.08 -0.00 0.11 -1.57 -0.00 0.05 -0.77
-0.0000 0.0169 0.0000 0.00 -0.00 0.00 0.00 -0.00 0.00 0.00 -0.00 0.00 0.00 -0.00 0.00 0.00 -0.00 0.00 0.00 -0.00 0.00 0.00 -0.00 0.00 0.00 -0.00 0.00 0.00 -0.00 0.00 0.00 -0.00 0.00 0.00 -0.00 0.00 0.00 -0.00 0.00 0.00 -0.00 0.00 0.00 -0.00 0.00 0.00 -0.00 0.00 0.00 -0.00 0.00 0.00 -0.00 0.00 0.00 -0.00 0.00 0.00 -0.00 0.00 0.00 -0.00 0.00 0.00 -0.00 0.00 0.00 -0.00 0.00 0.00 -0.00 0.00 0.00 -0.00 0.00 0.00 -0.00 0.00 0.00 -0.00 0.00 0.00 -0.00 0.00 0.00 -0.00 0.00 0.00 -0.00 0.00 0.00 -0.00 0.00 0.00 -0.00 0.00 0.00 -0.00 0.00 0.00 -0.00 0.00 0.00 -0.00 0.00 0.00 -0.00 0.00 0.00 -0.00 0.00 0.00 -0.00 0.00 0.00 -0.00 0.00 0.00 -0.00 0.00 0.00 -0.00 0.00 0.00 -0.00 0.00 94.39 0.18 -156.33 0.01 -25.00 0.03 -11.23 0.58 43.47 -20.47 30.26 42.41 0.00 0.00 -0.00 -0.00 -0.00 -90.00 0.00 0.00 -100.00 -0.00 0.00 -80.00 0.00 0.00 -0.00 -0.00 -0.00 -90.00 0.00 0.00 -100.00 -0.00 0.00 -80.00 0.00 0.00 -0.00 -0.00 -0.00 -90.00 0.00 0.00 -100.00 -0.00 0.00 -80.00 0.00 0.00 -0.00 4.00 0.01 -0.08 -0.00 0.11 -1.57 -0.00 0.05 -0.77
-0.0000 0.0171 0.0000 0.00 -0.00 0.00 0.00 -0.00 0.00 0.00 -0.00 0.00 0.00 -0.00 0.00 0.00 -0.00 0.00 0.00 -0.00 0.00 0.00 -0.00 0.00 0.00 -0.00 0.00 0.00 -0.00 0.00 0.00 -0.00 0.00 0.00 -0.00 0.00 0.00 -0.00 0.00 0.00 -0.00 0.00 0.00 -0.00 0.00 0.00 -0.00 0.00 0.00 -0.00 0.00 0.00 -0.00 0.00 0.00 -0.00 0.00 0.00 -0.00 0.00 0.00 -0.00 0.00 0.00 -0.00 0.00 0.00 -0.00 0.00 0.00 -0.00 0.00 0.00 -0.00 0.00 0.00 -0.00 0.00 0.00 -0.00 0.00 0.00 -0.00 0.00 0.00 -0.00 0.00 0.00 -0.00 0.00 0.00 -0.00 0.00 0.00 -0.00 0.00 0.00 -0.00 0.00 0.00 -0.00 0.00 0.00 -0.00 0.00 0.00 -0.00 0.00 0.00 -0.00 0.00 0.00 -0.00 0.00 0.00 -0.00 0.00 0.00 -0.00 0.00 0.00 -0.00 0.00 0.00 -0.00 0.00 94.39 0.18 -156.33 0.01 -25.00 0.03 -11.23 0.58 43.47 -20.47 30.26 42.41 0.00 0.00 -0.00 -0.00 -0.00 -90.00 0.00 0.00 -100.00 -0.00 0.00 -80.00 0.00 0.00 -0.00 -0.00 -0.00 -90.00 0.00 0.00 -100.00 -0.00 0.00 -80.00 0.00 0.00 -0.00 -0.00 -0.00 -90.00 0.00 0.00 -100.00 -0.00 0.00 -80.00 0.00 0.00 -0.00 4.00 0.01 -0.08 -0.00 0.11 -1.57 -0.00 0.05 -0.77
-0.0000 0.0173 0.0000 0.00 -0.00 0.00 0.00 -0.00 0.00 0.00 -0.00 0.00 0.00 -0.00 0.00 0.00 -0.00 0.00 0.00 -0.00 0.00 0.00 -0.00 0.00 0.00 -0.00 0.00 0.00 -0.00 0.00 0.00 -0.00 0.00 0.00 -0.00 0.00 0.00 -0.00 0.00 0.00 -0.00 0.00 0.00 -0.00 0.00 0.00 -0.00 0.00 0.00 -0.00 0.00 0.00 -0.00 0.00 0.00 -0.00 0.00 0.00 -0.00 0.00 0.00 -0.00 0.00 0.00 -0.00 0.00 0.00 -0.00 0.00 0.00 -0.00 0.00 0.00 -0.00 0.00 0.00 -0.00 0.00 0.00 -0.00 0.00 0.00 -0.00 0.00 0.00 -0.00 0.00 0.00 -0.00 0.00 0.00 -0.00 0.00 0.00 -0.00 0.00 0.00 -0.00 0.00 0.00 -0.00 0.00 0.00 -0.00 0.00 0.00 -0.00 0.00 0.00 -0.00 0.00 0.00 -0.00 0.00 0.00 -0.00 0.00 0.00 -0.00 0.00 0.00 -0.00 0.00 0.00 -0.00 0.00 94.39 0.18 -156.33 0.01 -25.00 0.03 -11.23 0.58 43.47 -20.47 30.26 42.41 0.00 0.00 -0.00 -0.00 -0.00 -90.00 0.00 0.00 -100.00 -0.00 0.00 -80.00 0.00 0.00 -0.00 -0.00 -0.00 -90.00 0.00 0.00 -100.00 -0.00 0.00 -80.00 0.00 0.00 -0.00 -0.00 -0.00 -90.00 0.00 0.00 -100.00 -0.00 0.00 -80.00 0.00 0.00 -0.00 4.00 0.01 -0.08 -0.00 0.11 -1.57 -0.00 0.05 -0.77
-0.0000 0.0172 0.0000 0.00 -0.00 0.00 0.00 -0.00 0.00 0.00 -0.00 0.00 0.00 -0.00 0.00 0.00 -0.00 0.00 0.00 -0.00 0.00 0.00 -0.00 0.00 0.00 -0.00 0.00 0.00 -0.00 0.00 0.00 -0.00 0.00 0.00 -0.00 0.00 0.00 -0.00 0.00 0.00 -0.00 0.00 0.00 -0.00 0.00 0.00 -0.00 0.00 0.00 -0.00 0.00 0.00 -0.00 0.00 0.00 -0.00 0.00 0.00 -0.00 0.00 0.00 -0.00 0.00 0.00 -0.00 0.00 0.00 -0.00 0.00 0.00 -0.00 0.00 0.00 -0.00 0.00 0.00 -0.00 0.00 0.00 -0.00 0.00 0.00 -0.00 0.00 0.00 -0.00 0.00 0.00 -0.00 0.00 0.00 -0.00 0.00 0.00 -0.00 0.00 0.00 -0.00 0.00 0.00 -0.00 0.00 0.00 -0.00 0.00 0.00 -0.00 0.00 0.00 -0.00 0.00 0.00 -0.00 0.00 0.00 -0.00 0.00 0.00 -0.00 0.00 0.00 -0.00 0.00 0.00 -0.00 0.00 94.39 0.18 -156.33 0.01 -25.00 0.03 -11.23 0.58 43.47 -20.47 30.26 42.41 0.00 0.00 -0.00 -0.00 -0.00 -90.00 0.00 0.00 -100.00 -0.00 0.00 -80.00 0.00 0.00 -0.00 -0.00 -0.00 -90.00 0.00 0.00 -100.00 -0.00 0.00 -80.00 0.00 0.00 -0.00 -0.00 -0.00 -90.00 0.00 0.00 -100.00 -0.00 0.00 -80.00 0.00 0.00 -0.00 4.00 0.01 -0.08 -0.00 0.11 -1.57 -0.00 0.05 -0.77
-0.0000 0.0172 0.0000 0.00 -0.00 0.00 0.00 -0.00 0.00 0.00 -0.00 0.00 0.00 -0.00 0.00 0.00 -0.00 0.00 0.00 -0.00 0.00 0.00 -0.00 0.00 0.00 -0.00 0.00 0.00 -0.00 0.00 0.00 -0.00 0.00 0.00 -0.00 0.00 0.00 -0.00 0.00 0.00 -0.00 0.00 0.00 -0.00 0.00 0.00 -0.00 0.00 0.00 -0.00 0.00 0.00 -0.00 0.00 0.00 -0.00 0.00 0.00 -0.00 0.00 0.00 -0.00 0.00 0.00 -0.00 0.00 0.00 -0.00 0.00 0.00 -0.00 0.00 0.00 -0.00 0.00 0.00 -0.00 0.00 0.00 -0.00 0.00 0.00 -0.00 0.00 0.00 -0.00 0.00 0.00 -0.00 0.00 0.00 -0.00 0.00 0.00 -0.00 0.00 0.00 -0.00 0.00 0.00 -0.00 0.00 0.00 -0.00 0.00 0.00 -0.00 0.00 0.00 -0.00 0.00 0.00 -0.00 0.00 0.00 -0.00 0.00 0.00 -0.00 0.00 0.00 -0.00 0.00 0.00 -0.00 0.00 94.39 0.18 -156.33 0.01 -25.00 0.03 -11.23 0.58 43.47 -20.47 30.26 42.41 0.00 0.00 -0.00 -0.00 -0.00 -90.00 0.00 0.00 -100.00 -0.00 0.00 -80.00 0.00 0.00 -0.00 -0.00 -0.00 -90.00 0.00 0.00 -100.00 -0.00 0.00 -80.00 0.00 0.00 -0.00 -0.00 -0.00 -90.00 0.00 0.00 -100.00 -0.00 0.00 -80.00 0.00 0.00 -0.00 4.00 0.01 -0.08 -0.00 0.11 -1.57 -0.00 0.05 -0.77
-0.0000 0.0170 0.0000 0.00 -0.00 0.00 0.00 -0.00 0.00 0.00 -0.00 0.00 0.00 -0.00 0.00 0.00 -0.00 0.00 0.00 -0.00 0.00 0.00 -0.00 0.00 0.00 -0.00 0.00 0.00 -0.00 0.00 0.00 -0.00 0.00 0.00 -0.00 0.00 0.00 -0.00 0.00 0.00 -0.00 0.00 0.00 -0.00 0.00 0.00 -0.00 0.00 0.00 -0.00 0.00 0.00 -0.00 0.00 0.00 -0.00 0.00 0.00 -0.00 0.00 0.00 -0.00 0.00 0.00 -0.00 0.00 0.00 -0.00 0.00 0.00 -0.00 0.00 0.00 -0.00 0.00 0.00 -0.00 0.00 0.00 -0.00 0.00 0.00 -0.00 0.00 0.00 -0.00 0.00 0.00 -0.00 0.00 0.00 -0.00 0.00 0.00 -0.00 0.00 0.00 -0.00 0.00 0.00 -0.00 0.00 0.00 -0.00 0.00 0.00 -0.00 0.00 0.00 -0.00 0.00 0.00 -0.00 0.00 0.00 -0.00 0.00 0.00 -0.00 0.00 0.00 -0.00 0.00 0.00 -0.00 0.00 94.39 0.18 -156.33 0.01 -25.00 0.03 -11.23 0.58 43.47 -20.47 30.26 42.41 0.00 0.00 -0.00 -0.00 -0.00 -90.00 0.00 0.00 -100.00 -0.00 0.00 -80.00 0.00 0.00 -0.00 -0.00 -0.00 -90.00 0.00 0.00 -100.00 -0.00 0.00 -80.00 0.00 0.00 -0.00 -0.00 -0.00 -90.00 0.00 0.00 -100.00 -0.00 0.00 -80.00 0.00 0.00 -0.00 4.00 0.01 -0.08 -0.00 0.11 -1.57 -0.00 0.05 -0.77
-0.0000 0.0171 0.0000 0.00 -0.00 0.00 0.00 -0.00 0.00 0.00 -0.00 0.00 0.00 -0.00 0.00 0.00 -0.00 0.00 0.00 -0.00 0.00 0.00 -0.00 0.00 0.00 -0.00 0.00 0.00 -0.00 0.00 0.00 -0.00 0.00 0.00 -0.00 0.00 0.00 -0.00 0.00 0.00 -0.00 0.00 0.00 -0.00 0.00 0.00 -0.00 0.00 0.00 -0.00 0.00 0.00 -0.00 0.00 0.00 -0.00 0.00 0.00 -0.00 0.00 0.00 -0.00 0.00 0.00 -0.00 0.00 0.00 -0.00 0.00 0.00 -0.00 0.00 0.00 -0.00 0.00 0.00 -0.00 0.00 0.00 -0.00 0.00 0.00 -0.00 0.00 0.00 -0.00 0.00 0.00 -0.00 0.00 0.00 -0.00 0.00 0.00 -0.00 0.00 0.00 -0.00 0.00 0.00 -0.00 0.00 0.00 -0.00 0.00 0.00 -0.00 0.00 0.00 -0.00 0.00 0.00 -0.00 0.00 0.00 -0.00 0.00 0.00 -0.00 0.00 0.00 -0.00 0.00 0.00 -0.00 0.00 94.39 0.18 -156.33 0.01 -25.00 0.03 -11.23 0.58 43.47 -20.47 30.26 42.41 0.00 0.00 -0.00 -0.00 -0.00 -90.00 0.00 0.00 -100.00 -0.00 0.00 -80.00 0.00 0.00 -0.00 -0.00 -0.00 -90.00 0.00 0.00 -100.00 -0.00 0.00 -80.00 0.00 0.00 -0.00 -0.00 -0.00 -90.00 0.00 0.00 -100.00 -0.00 0.00 -80.00 0.00 0.00 -0.00 4.00 0.01 -0.08 -0.00 0.11 -1.57 -0.00 0.05 -0.77
-0.0000 0.0176 0.0000 0.00 -0.00 0.00 0.00 -0.00 0.00 0.00 -0.00 0.00 0.00 -0.00 0.00 0.00 -0.00 0.00 0.00 -0.00 0.00 0.00 -0.00 0.00 0.00 -0.00 0.00 0.00 -0.00 0.00 0.00 -0.00 0.00 0.00 -0.00 0.00 0.00 -0.00 0.00 0.00 -0.00 0.00 0.00 -0.00 0.00 0.00 -0.00 0.00 0.00 -0.00 0.00 0.00 -0.00 0.00 0.00 -0.00 0.00 0.00 -0.00 0.00 0.00 -0.00 0.00 0.00 -0.00 0.00 0.00 -0.00 0.00 0.00 -0.00 0.00 0.00 -0.00 0.00 0.00 -0.00 0.00 0.00 -0.00 0.00 0.00 -0.00 0.00 0.00 -0.00 0.00 0.00 -0.00 0.00 0.00 -0.00 0.00 0.00 -0.00 0.00 0.00 -0.00 0.00 0.00 -0.00 0.00 0.00 -0.00 0.00 0.00 -0.00 0.00 0.00 -0.00 0.00 0.00 -0.00 0.00 0.00 -0.00 0.00 0.00 -0.00 0.00 0.00 -0.00 0.00 0.00 -0.00 0.00 94.39 0.18 -156.33 0.01 -25.00 0.03 -11.23 0.58 43.47 -20.47 30.26 42.41 0.00 0.00 -0.00 -0.00 -0.00 -90.00 0.00 0.00 -100.00 -0.00 0.00 -80.00 0.00 0.00 -0.00 -0.00 -0.00 -90.00 0.00 0.00 -100.00 -0.00 0.00 -80.00 0.00 0.00 -0.00 -0.00 -0.00 -90.00 0.00 0.00 -100.00 -0.00 0.00 -80.00 0.00 0.00 -0.00 4.00 0.01 -0.08 -0.00 0.11 -1.57 -0.00 0.05 -0.77
-0.0000 0.0167 0.0000 0.00 -0.00 0.00 0.00 -0.00 0.00 0.00 -0.00 0.00 0.00 -0.00 0.00 0.00 -0.00 0.00 0.00 -0.00 0.00 0.00 -0.00 0.00 0.00 -0.00 0.00 0.00 -0.00 0.00 0.00 -0.00 0.00 0.00 -0.00 0.00 0.00 -0.00 0.00 0.00 -0.00 0.00 0.00 -0.00 0.00 0.00 -0.00 0.00 0.00 -0.00 0.00 0.00 -0.00 0.00 0.00 -0.00 0.00 0.00 -0.00 0.00 0.00 -0.00 0.00 0.00 -0.00 0.00 0.00 -0.00 0.00 0.00 -0.00 0.00 0.00 -0.00 0.00 0.00 -0.00 0.00 0.00 -0.00 0.00 0.00 -0.00 0.00 0.00 -0.00 0.00 0.00 -0.00 0.00 0.00 -0.00 0.00 0.00 -0.00 0.00 0.00 -0.00 0.00 0.00 -0.00 0.00 0.00 -0.00 0.00 0.00 -0.00 0.00 0.00 -0.00 0.00 0.00 -0.00 0.00 0.00 -0.00 0.00 0.00 -0.00 0.00 0.00 -0.00 0.00 0.00 -0.00 0.00 94.39 0.18 -156.33 0.01 -25.00 0.03 -11.23 0.58 43.47 -20.47 30.26 42.41 0.00 0.00 -0.00 -0.00 -0.00 -90.00 0.00 0.00 -100.00 -0.00 0.00 -80.00 0.00 0.00 -0.00 -0.00 -0.00 -90.00 0.00 0.00 -100.00 -0.00 0.00 -80.00 0.00 0.00 -0.00 -0.00 -0.00 -90.00 0.00 0.00 -100.00 -0.00 0.00 -80.00 0.00 0.00 -0.00 4.00 0.01 -0.08 -0.00 0.11 -1.57 -0.00 0.05 -0.77
-0.0000 0.0170 0.0000 0.00 -0.00 0.00 0.00 -0.00 0.00 0.00 -0.00 0.00 0.00 -0.00 0.00 0.00 -0.00 0.00 0.00 -0.00 0.00 0.00 -0.00 0.00 0.00 -0.00 0.00 0.00 -0.00 0.00 0.00 -0.00 0.00 0.00 -0.00 0.00 0.00 -0.00 0.00 0.00 -0.00 0.00 0.00 -0.00 0.00 0.00 -0.00 0.00 0.00 -0.00 0.00 0.00 -0.00 0.00 0.00 -0.00 0.00 0.00 -0.00 0.00 0.00 -0.00 0.00 0.00 -0.00 0.00 0.00 -0.00 0.00 0.00 -0.00 0.00 0.00 -0.00 0.00 0.00 -0.00 0.00 0.00 -0.00 0.00 0.00 -0.00 0.00 0.00 -0.00 0.00 0.00 -0.00 0.00 0.00 -0.00 0.00 0.00 -0.00 0.00 0.00 -0.00 0.00 0.00 -0.00 0.00 0.00 -0.00 0.00 0.00 -0.00 0.00 0.00 -0.00 0.00 0.00 -0.00 0.00 0.00 -0.00 0.00 0.00 -0.00 0.00 0.00 -0.00 0.00 0.00 -0.00 0.00 94.39 0.18 -156.33 0.01 -25.00 0.03 -11.23 0.58 43.47 -20.47 30.26 42.41 0.00 0.00 -0.00 -0.00 -0.00 -90.00 0.00 0.00 -100.00 -0.00 0.00 -80.00 0.00 0.00 -0.00 -0.00 -0.00 -90.00 0.00 0.00 -100.00 -0.00 0.00 -80.00 0.00 0.00 -0.00 -0.00 -0.00 -90.00 0.00 0.00 -100.00 -0.00 0.00 -80.00 0.00 0.00 -0.00 4.00 0.01 -0.08 -0.00 0.11 -1.57 -0.00 0.05 -0.77
-0.0000 0.0175 0.0000 0.00 -0.00 0.00 0.00 -0.00 0.00 0.00 -0.00 0.00 0.00 -0.00 0.00 0.00 -0.00 0.00 0.00 -0.00 0.00 0.00 -0.00 0.00 0.00 -0.00 0.00 0.00 -0.00 0.00 0.00 -0.00 0.00 0.00 -0.00 0.00 0.00 -0.00 0.00 0.00 -0.00 0.00 0.00 -0.00 0.00 0.00 -0.00 0.00 0.00 -0.00 0.00 0.00 -0.00 0.00 0.00 -0.00 0.00 0.00 -0.00 0.00 0.00 -0.00 0.00 0.00 -0.00 0.00 0.00 -0.00 0.00 0.00 -0.00 0.00 0.00 -0.00 0.00 0.00 -0.00 0.00 0.00 -0.00 0.00 0.00 -0.00 0.00 0.00 -0.00 0.00 0.00 -0.00 0.00 0.00 -0.00 0.00 0.00 -0.00 0.00 0.00 -0.00 0.00 0.00 -0.00 0.00 0.00 -0.00 0.00 0.00 -0.00 0.00 0.00 -0.00 0.00 0.00 -0.00 0.00 0.00 -0.00 0.00 0.00 -0.00 0.00 0.00 -0.00 0.00 0.00 -0.00 0.00 94.39 0.18 -156.33 0.01 -25.00 0.03 -11.23 0.58 43.47 -20.47 30.26 42.41 0.00 0.00 -0.00 -0.00 -0.00 -90.00 0.00 0.00 -100.00 -0.00 0.00 -80.00 0.00 0.00 -0.00 -0.00 -0.00 -90.00 0.00 0.00 -100.00 -0.00 0.00 -80.00 0.00 0.00 -0.00 -0.00 -0.00 -90.00 0.00 0.00 -100.00 -0.00 0.00 -80.00 0.00 0.00 -0.00 4.00 0.01 -0.08 -0.00 0.11 -1.57 -0.00 0.05 -0.77
-0.0000 0.0179 0.0000 0.00 -0.00 0.00 0.00 -0.00 0.00 0.00 -0.00 0.00 0.00 -0.00 0.00 0.00 -0.00 0.00 0.00 -0.00 0.00 0.00 -0.00 0.00 0.00 -0.00 0.00 0.00 -0.00 0.00 0.00 -0.00 0.00 0.00 -0.00 0.00 0.00 -0.00 0.00 0.00 -0.00 0.00 0.00 -0.00 0.00 0.00 -0.00 0.00 0.00 -0.00 0.00 0.00 -0.00 0.00 0.00 -0.00 0.00 0.00 -0.00 0.00 0.00 -0.00 0.00 0.00 -0.00 0.00 0.00 -0.00 0.00 0.00 -0.00 0.00 0.00 -0.00 0.00 0.00 -0.00 0.00 0.00 -0.00 0.00 0.00 -0.00 0.00 0.00 -0.00 0.00 0.00 -0.00 0.00 0.00 -0.00 0.00 0.00 -0.00 0.00 0.00 -0.00 0.00 0.00 -0.00 0.00 0.00 -0.00 0.00 0.00 -0.00 0.00 0.00 -0.00 0.00 0.00 -0.00 0.00 0.00 -0.00 0.00 0.00 -0.00 0.00 0.00 -0.00 0.00 0.00 -0.00 0.00 94.39 0.18 -156.33 0.01 -25.00 0.03 -11.23 0.58 43.47 -20.47 30.26 42.41 0.00 0.00 -0.00 -0.00 -0.00 -90.00 0.00 0.00 -100.00 -0.00 0.00 -80.00 0.00 0.00 -0.00 -0.00 -0.00 -90.00 0.00 0.00 -100.00 -0.00 0.00 -80.00 0.00 0.00 -0.00 -0.00 -0.00 -90.00 0.00 0.00 -100.00 -0.00 0.00 -80.00 0.00 0.00 -0.00 4.00 0.01 -0.08 -0.00 0.11 -1.57 -0.00 0.05 -0.77
-0.0000 0.0175 0.0000 0.00 -0.00 0.00 0.00 -0.00 0.00 0.00 -0.00 0.00 0.00 -0.00 0.00 0.00 -0.00 0.00 0.00 -0.00 0.00 0.00 -0.00 0.00 0.00 -0.00 0.00 0.00 -0.00 0.00 0.00 -0.00 0.00 0.00 -0.00 0.00 0.00 -0.00 0.00 0.00 -0.00 0.00 0.00 -0.00 0.00 0.00 -0.00 0.00 0.00 -0.00 0.00 0.00 -0.00 0.00 0.00 -0.00 0.00 0.00 -0.00 0.00 0.00 -0.00 0.00 0.00 -0.00 0.00 0.00 -0.00 0.00 0.00 -0.00 0.00 0.00 -0.00 0.00 0.00 -0.00 0.00 0.00 -0.00 0.00 0.00 -0.00 0.00 0.00 -0.00 0.00 0.00 -0.00 0.00 0.00 -0.00 0.00 0.00 -0.00 0.00 0.00 -0.00 0.00 0.00 -0.00 0.00 0.00 -0.00 0.00 0.00 -0.00 0.00 0.00 -0.00 0.00 0.00 -0.00 0.00 0.00 -0.00 0.00 0.00 -0.00 0.00 0.00 -0.00 0.00 0.00 -0.00 0.00 94.39 0.18 -156.33 0.01 -25.00 0.03 -11.23 0.58 43.47 -20.47 30.26 42.41 0.00 0.00 -0.00 -0.00 -0.00 -90.00 0.00 0.00 -100.00 -0.00 0.00 -80.00 0.00 0.00 -0.00 -0.00 -0.00 -90.00 0.00 0.00 -100.00 -0.00 0.00 -80.00 0.00 0.00 -0.00 -0.00 -0.00 -90.00 0.00 0.00 -100.00 -0.00 0.00 -80.00 0.00 0.00 -0.00 4.00 0.01 -0.08 -0.00 0.11 -1.57 -0.00 0.05 -0.77
-0.0000 0.0178 0.0000 0.00 -0.00 0.00 0.00 -0.00 0.00 0.00 -0.00 0.00 0.00 -0.00 0.00 0.00 -0.00 0.00 0.00 -0.00 0.00 0.00 -0.00 0.00 0.00 -0.00 0.00 0.00 -0.00 0.00 0.00 -0.00 0.00 0.00 -0.00 0.00 0.00 -0.00 0.00 0.00 -0.00 0.00 0.00 -0.00 0.00 0.00 -0.00 0.00 0.00 -0.00 0.00 0.00 -0.00 0.00 0.00 -0.00 0.00 0.00 -0.00 0.00 0.00 -0.00 0.00 0.00 -0.00 0.00 0.00 -0.00 0.00 0.00 -0.00 0.00 0.00 -0.00 0.00 0.00 -0.00 0.00 0.00 -0.00 0.00 0.00 -0.00 0.00 0.00 -0.00 0.00 0.00 -0.00 0.00 0.00 -0.00 0.00 0.00 -0.00 0.00 0.00 -0.00 0.00 0.00 -0.00 0.00 0.00 -0.00 0.00 0.00 -0.00 0.00 0.00 -0.00 0.00 0.00 -0.00 0.00 0.00 -0.00 0.00 0.00 -0.00 0.00 0.00 -0.00 0.00 0.00 -0.00 0.00 94.39 0.18 -156.33 0.01 -25.00 0.03 -11.23 0.58 43.47 -20.47 30.26 42.41 0.00 0.00 -0.00 -0.00 -0.00 -90.00 0.00 0.00 -100.00 -0.00 0.00 -80.00 0.00 0.00 -0.00 -0.00 -0.00 -90.00 0.00 0.00 -100.00 -0.00 0.00 -80.00 0.00 0.00 -0.00 -0.00 -0.00 -90.00 0.00 0.00 -100.00 -0.00 0.00 -80.00 0.00 0.00 -0.00 4.00 0.01 -0.08 -0.00 0.11 -1.57 -0.00 0.05 -0.77
-0.0000 0.0177 0.0000 0.00 -0.00 0.00 0.00 -0.00 0.00 0.00 -0.00 0.00 0.00 -0.00 0.00 0.00 -0.00 0.00 0.00 -0.00 0.00 0.00 -0.00 0.00 0.00 -0.00 0.00 0.00 -0.00 0.00 0.00 -0.00 0.00 0.00 -0.00 0.00 0.00 -0.00 0.00 0.00 -0.00 0.00 0.00 -0.00 0.00 0.00 -0.00 0.00 0.00 -0.00 0.00 0.00 -0.00 0.00 0.00 -0.00 0.00 0.00 -0.00 0.00 0.00 -0.00 0.00 0.00 -0.00 0.00 0.00 -0.00 0.00 0.00 -0.00 0.00 0.00 -0.00 0.00 0.00 -0.00 0.00 0.00 -0.00 0.00 0.00 -0.00 0.00 0.00 -0.00 0.00 0.00 -0.00 0.00 0.00 -0.00 0.00 0.00 -0.00 0.00 0.00 -0.00 0.00 0.00 -0.00 0.00 0.00 -0.00 0.00 0.00 -0.00 0.00 0.00 -0.00 0.00 0.00 -0.00 0.00 0.00 -0.00 0.00 0.00 -0.00 0.00 0.00 -0.00 0.00 0.00 -0.00 0.00 94.39 0.18 -156.33 0.01 -25.00 0.03 -11.23 0.58 43.47 -20.47 30.26 42.41 0.00 0.00 -0.00 -0.00 -0.00 -90.00 0.00 0.00 -100.00 -0.00 0.00 -80.00 0.00 0.00 -0.00 -0.00 -0.00 -90.00 0.00 0.00 -100.00 -0.00 0.00 -80.00 0.00 0.00 -0.00 -0.00 -0.00 -90.00 0.00 0.00 -100.00 -0.00 0.00 -80.00 0.00 0.00 -0.00 4.00 0.01 -0.08 -0.00 0.11 -1.57 -0.00 0.05 -0.77
-0.0000 0.0185 0.0000 0.00 -0.00 0.00 0.00 -0.00 0.00 0.00 -0.00 0.00 0.00 -0.00 0.00 0.00 -0.00 0.00 0.00 -0.00 0.00 0.00 -0.00 0.00 0.00 -0.00 0.00 0.00 -0.00 0.00 0.00 -0.00 0.00 0.00 -0.00 0.00 0.00 -0.00 0.00 0.00 -0.00 0.00 0.00 -0.00 0.00 0.00 -0.00 0.00 0.00 -0.00 0.00 0.00 -0.00 0.00 0.00 -0.00 0.00 0.00 -0.00 0.00 0.00 -0.00 0.00 0.00 -0.00 0.00 0.00 -0.00 0.00 0.00 -0.00 0.00 0.00 -0.00 0.00 0.00 -0.00 0.00 0.00 -0.00 0.00 0.00 -0.00 0.00 0.00 -0.00 0.00 0.00 -0.00 0.00 0.00 -0.00 0.00 0.00 -0.00 0.00 0.00 -0.00 0.00 0.00 -0.00 0.00 0.00 -0.00 0.00 0.00 -0.00 0.00 0.00 -0.00 0.00 0.00 -0.00 0.00 0.00 -0.00 0.00 0.00 -0.00 0.00 0.00 -0.00 0.00 0.00 -0.00 0.00 94.39 0.18 -156.33 0.01 -25.00 0.03 -11.23 0.58 43.47 -20.47 30.26 42.41 0.00 0.00 -0.00 -0.00 -0.00 -90.00 0.00 0.00 -100.00 -0.00 0.00 -80.00 0.00 0.00 -0.00 -0.00 -0.00 -90.00 0.00 0.00 -100.00 -0.00 0.00 -80.00 0.00 0.00 -0.00 -0.00 -0.00 -90.00 0.00 0.00 -100.00 -0.00 0.00 -80.00 0.00 0.00 -0.00 4.00 0.01 -0.08 -0.00 0.11 -1.57 -0.00 0.05 -0.77
-0.0000 0.0188 0.0000 0.00 -0.00 0.00 0.00 -0.00 0.00 0.00 -0.00 0.00 0.00 -0.00 0.00 0.00 -0.00 0.00 0.00 -0.00 0.00 0.00 -0.00 0.00 0.00 -0.00 0.00 0.00 -0.00 0.00 0.00 -0.00 0.00 0.00 -0.00 0.00 0.00 -0.00 0.00 0.00 -0.00 0.00 0.00 -0.00 0.00 0.00 -0.00 0.00 0.00 -0.00 0.00 0.00 -0.00 0.00 0.00 -0.00 0.00 0.00 -0.00 0.00 0.00 -0.00 0.00 0.00 -0.00 0.00 0.00 -0.00 0.00 0.00 -0.00 0.00 0.00 -0.00 0.00 0.00 -0.00 0.00 0.00 -0.00 0.00 0.00 -0.00 0.00 0.00 -0.00 0.00 0.00 -0.00 0.00 0.00 -0.00 0.00 0.00 -0.00 0.00 0.00 -0.00 0.00 0.00 -0.00 0.00 0.00 -0.00 0.00 0.00 -0.00 0.00 0.00 -0.00 0.00 0.00 -0.00 0.00 0.00 -0.00 0.00 0.00 -0.00 0.00 0.00 -0.00 0.00 0.00 -0.00 0.00 94.39 0.18 -156.33 0.01 -25.00 0.03 -11.23 0.58 43.47 -20.47 30.26 42.41 0.00 0.00 -0.00 -0.00 -0.00 -90.00 0.00 0.00 -100.00 -0.00 0.00 -80.00 0.00 0.00 -0.00 -0.00 -0.00 -90.00 0.00 0.00 -100.00 -0.00 0.00 -80.00 0.00 0.00 -0.00 -0.00 -0.00 -90.00 0.00 0.00 -100.00 -0.00 0.00 -80.00 0.00 0.00 -0.00 4.00 0.01 -0.08 -0.00 0.11 -1.57 -0.00 0.05 -0.77
-0.0000 0.0181 0.0000 0.00 -0.00 0.00 0.00 -0.00 0.00 0.00 -0.00 0.00 0.00 -0.00 0.00 0.00 -0.00 0.00 0.00 -0.00 0.00 0.00 -0.00 0.00 0.00 -0.00 0.00 0.00 -0.00 0.00 0.00 -0.00 0.00 0.00 -0.00 0.00 0.00 -0.00 0.00 0.00 -0.00 0.00 0.00 -0.00 0.00 0.00 -0.00 0.00 0.00 -0.00 0.00 0.00 -0.00 0.00 0.00 -0.00 0.00 0.00 -0.00 0.00 0.00 -0.00 0.00 0.00 -0.00 0.00 0.00 -0.00 0.00 0.00 -0.00 0.00 0.00 -0.00 0.00 0.00 -0.00 0.00 0.00 -0.00 0.00 0.00 -0.00 0.00 0.00 -0.00 0.00 0.00 -0.00 0.00 0.00 -0.00 0.00 0.00 -0.00 0.00 0.00 -0.00 0.00 0.00 -0.00 0.00 0.00 -0.00 0.00 0.00 -0.00 0.00 0.00 -0.00 0.00 0.00 -0.00 0.00 0.00 -0.00 0.00 0.00 -0.00 0.00 0.00 -0.00 0.00 0.00 -0.00 0.00 94.39 0.18 -156.33 0.01 -25.00 0.03 -11.23 0.58 43.47 -20.47 30.26 42.41 0.00 0.00 -0.00 -0.00 -0.00 -90.00 0.00 0.00 -100.00 -0.00 0.00 -80.00 0.00 0.00 -0.00 -0.00 -0.00 -90.00 0.00 0.00 -100.00 -0.00 0.00 -80.00 0.00 0.00 -0.00 -0.00 -0.00 -90.00 0.00 0.00 -100.00 -0.00 0.00 -80.00 0.00 0.00 -0.00 4.00 0.01 -0.08 -0.00 0.11 -1.57 -0.00 0.05 -0.77
-0.0000 0.0180 0.0000 0.00 -0.00 0.00 0.00 -0.00 0.00 0.00 -0.00 0.00 0.00 -0.00 0.00 0.00 -0.00 0.00 0.00 -0.00 0.00 0.00 -0.00 0.00 0.00 -0.00 0.00 0.00 -0.00 0.00 0.00 -0.00 0.00 0.00 -0.00 0.00 0.00 -0.00 0.00 0.00 -0.00 0.00 0.00 -0.00 0.00 0.00 -0.00 0.00 0.00 -0.00 0.00 0.00 -0.00 0.00 0.00 -0.00 0.00 0.00 -0.00 0.00 0.00 -0.00 0.00 0.00 -0.00 0.00 0.00 -0.00 0.00 0.00 -0.00 0.00 0.00 -0.00 0.00 0.00 -0.00 0.00 0.00 -0.00 0.00 0.00 -0.00 0.00 0.00 -0.00 0.00 0.00 -0.00 0.00 0.00 -0.00 0.00 0.00 -0.00 0.00 0.00 -0.00 0.00 0.00 -0.00 0.00 0.00 -0.00 0.00 0.00 -0.00 0.00 0.00 -0.00 0.00 0.00 -0.00 0.00 0.00 -0.00 0.00 0.00 -0.00 0.00 0.00 -0.00 0.00 0.00 -0.00 0.00 94.39 0.18 -156.33 0.01 -25.00 0.03 -11.23 0.58 43.47 -20.47 30.26 42.41 0.00 0.00 -0.00 -0.00 -0.00 -90.00 0.00 0.00 -100.00 -0.00 0.00 -80.00 0.00 0.00 -0.00 -0.00 -0.00 -90.00 0.00 0.00 -100.00 -0.00 0.00 -80.00 0.00 0.00 -0.00 -0.00 -0.00 -90.00 0.00 0.00 -100.00 -0.00 0.00 -80.00 0.00 0.00 -0.00 4.00 0.01 -0.08 -0.00 0.11 -1.57 -0.00 0.05 -0.77
-0.0000 0.0181 0.0000 0.00 -0.00 0.00 0.00 -0.00 0.00 0.00 -0.00 0.00 0.00 -0.00 0.00 0.00 -0.00 0.00 0.00 -0.00 0.00 0.00 -0.00 0.00 0.00 -0.00 0.00 0.00 -0.00 0.00 0.00 -0.00 0.00 0.00 -0.00 0.00 0.00 -0.00 0.00 0.00 -0.00 0.00 0.00 -0.00 0.00 0.00 -0.00 0.00 0.00 -0.00 0.00 0.00 -0.00 0.00 0.00 -0.00 0.00 0.00 -0.00 0.00 0.00 -0.00 0.00 0.00 -0.00 0.00 0.00 -0.00 0.00 0.00 -0.00 0.00 0.00 -0.00 0.00 0.00 -0.00 0.00 0.00 -0.00 0.00 0.00 -0.00 0.00 0.00 -0.00 0.00 0.00 -0.00 0.00 0.00 -0.00 0.00 0.00 -0.00 0.00 0.00 -0.00 0.00 0.00 -0.00 0.00 0.00 -0.00 0.00 0.00 -0.00 0.00 0.00 -0.00 0.00 0.00 -0.00 0.00 0.00 -0.00 0.00 0.00 -0.00 0.00 0.00 -0.00 0.00 0.00 -0.00 0.00 94.39 0.18 -156.33 0.01 -25.00 0.03 -11.23 0.58 43.47 -20.47 30.26 42.41 0.00 0.00 -0.00 -0.00 -0.00 -90.00 0.00 0.00 -100.00 -0.00 0.00 -80.00 0.00 0.00 -0.00 -0.00 -0.00 -90.00 0.00 0.00 -100.00 -0.00 0.00 -80.00 0.00 0.00 -0.00 -0.00 -0.00 -90.00 0.00 0.00 -100.00 -0.00 0.00 -80.00 0.00 0.00 -0.00 4.00 0.01 -0.08 -0.00 0.11 -1.57 -0.00 0.05 -0.77
-0.0000 0.0182 0.0000 0.00 -0.00 0.00 0.00 -0.00 0.00 0.00 -0.00 0.00 0.00 -0.00 0.00 0.00 -0.00 0.00 0.00 -0.00 0.00 0.00 -0.00 0.00 0.00 -0.00 0.00 0.00 -0.00 0.00 0.00 -0.00 0.00 0.00 -0.00 0.00 0.00 -0.00 0.00 0.00 -0.00 0.00 0.00 -0.00 0.00 0.00 -0.00 0.00 0.00 -0.00 0.00 0.00 -0.00 0.00 0.00 -0.00 0.00 0.00 -0.00 0.00 0.00 -0.00 0.00 0.00 -0.00 0.00 0.00 -0.00 0.00 0.00 -0.00 0.00 0.00 -0.00 0.00 0.00 -0.00 0.00 0.00 -0.00 0.00 0.00 -0.00 0.00 0.00 -0.00 0.00 0.00 -0.00 0.00 0.00 -0.00 0.00 0.00 -0.00 0.00 0.00 -0.00 0.00 0.00 -0.00 0.00 0.00 -0.00 0.00 0.00 -0.00 0.00 0.00 -0.00 0.00 0.00 -0.00 0.00 0.00 -0.00 0.00 0.00 -0.00 0.00 0.00 -0.00 0.00 0.00 -0.00 0.00 94.39 0.18 -156.33 0.01 -25.00 0.03 -11.23 0.58 43.47 -20.47 30.26 42.41 0.00 0.00 -0.00 -0.00 -0.00 -90.00 0.00 0.00 -100.00 -0.00 0.00 -80.00 0.00 0.00 -0.00 -0.00 -0.00 -90.00 0.00 0.00 -100.00 -0.00 0.00 -80.00 0.00 0.00 -0.00 -0.00 -0.00 -90.00 0.00 0.00 -100.00 -0.00 0.00 -80.00 0.00 0.00 -0.00 4.00 0.01 -0.08 -0.00 0.11 -1.57 -0.00 0.05 -0.77
-0.0000 0.0182 0.0000 0.00 -0.00 0.00 0.00 -0.00 0.00 0.00 -0.00 0.00 0.00 -0.00 0.00 0.00 -0.00 0.00 0.00 -0.00 0.00 0.00 -0.00 0.00 0.00 -0.00 0.00 0.00 -0.00 0.00 0.00 -0.00 0.00 0.00 -0.00 0.00 0.00 -0.00 0.00 0.00 -0.00 0.00 0.00 -0.00 0.00 0.00 -0.00 0.00 0.00 -0.00 0.00 0.00 -0.00 0.00 0.00 -0.00 0.00 0.00 -0.00 0.00 0.00 -0.00 0.00 0.00 -0.00 0.00 0.00 -0.00 0.00 0.00 -0.00 0.00 0.00 -0.00 0.00 0.00 -0.00 0.00 0.00 -0.00 0.00 0.00 -0.00 0.00 0.00 -0.00 0.00 0.00 -0.00 0.00 0.00 -0.00 0.00 0.00 -0.00 0.00 0.00 -0.00 0.00 0.00 -0.00 0.00 0.00 -0.00 0.00 0.00 -0.00 0.00 0.00 -0.00 0.00 0.00 -0.00 0.00 0.00 -0.00 0.00 0.00 -0.00 0.00 0.00 -0.00 0.00 0.00 -0.00 0.00 94.39 0.18 -156.33 0.01 -25.00 0.03 -11.23 0.58 43.47 -20.47 30.26 42.41 0.00 0.00 -0.00 -0.00 -0.00 -90.00 0.00 0.00 -100.00 -0.00 0.00 -80.00 0.00 0.00 -0.00 -0.00 -0.00 -90.00 0.00 0.00 -100.00 -0.00 0.00 -80.00 0.00 0.00 -0.00 -0.00 -0.00 -90.00 0.00 0.00 -100.00 -0.00 0.00 -80.00 0.00 0.00 -0.00 4.00 0.01 -0.08 -0.00 0.11 -1.57 -0.00 0.05 -0.77
-0.0000 0.0182 0.0000 0.00 -0.00 0.00 0.00 -0.00 0.00 0.00 -0.00 0.00 0.00 -0.00 0.00 0.00 -0.00 0.00 0.00 -0.00 0.00 0.00 -0.00 0.00 0.00 -0.00 0.00 0.00 -0.00 0.00 0.00 -0.00 0.00 0.00 -0.00 0.00 0.00 -0.00 0.00 0.00 -0.00 0.00 0.00 -0.00 0.00 0.00 -0.00 0.00 0.00 -0.00 0.00 0.00 -0.00 0.00 0.00 -0.00 0.00 0.00 -0.00 0.00 0.00 -0.00 0.00 0.00 -0.00 0.00 0.00 -0.00 0.00 0.00 -0.00 0.00 0.00 -0.00 0.00 0.00 -0.00 0.00 0.00 -0.00 0.00 0.00 -0.00 0.00 0.00 -0.00 0.00 0.00 -0.00 0.00 0.00 -0.00 0.00 0.00 -0.00 0.00 0.00 -0.00 0.00 0.00 -0.00 0.00 0.00 -0.00 0.00 0.00 -0.00 0.00 0.00 -0.00 0.00 0.00 -0.00 0.00 0.00 -0.00 0.00 0.00 -0.00 0.00 0.00 -0.00 0.00 0.00 -0.00 0.00 94.39 0.18 -156.33 0.01 -25.00 0.03 -11.23 0.58 43.47 -20.47 30.26 42.41 0.00 0.00 -0.00 -0.00 -0.00 -90.00 0.00 0.00 -100.00 -0.00 0.00 -80.00 0.00 0.00 -0.00 -0.00 -0.00 -90.00 0.00 0.00 -100.00 -0.00 0.00 -80.00 0.00 0.00 -0.00 -0.00 -0.00 -90.00 0.00 0.00 -100.00 -0.00 0.00 -80.00 0.00 0.00 -0.00 4.00 0.01 -0.08 -0.00 0.11 -1.57 -0.00 0.05 -0.77
-0.0000 0.0173 0.0000 0.00 -0.00 0.00 0.00 -0.00 0.00 0.00 -0.00 0.00 0.00 -0.00 0.00 0.00 -0.00 0.00 0.00 -0.00 0.00 0.00 -0.00 0.00 0.00 -0.00 0.00 0.00 -0.00 0.00 0.00 -0.00 0.00 0.00 -0.00 0.00 0.00 -0.00 0.00 0.00 -0.00 0.00 0.00 -0.00 0.00 0.00 -0.00 0.00 0.00 -0.00 0.00 0.00 -0.00 0.00 0.00 -0.00 0.00 0.00 -0.00 0.00 0.00 -0.00 0.00 0.00 -0.00 0.00 0.00 -0.00 0.00 0.00 -0.00 0.00 0.00 -0.00 0.00 0.00 -0.00 0.00 0.00 -0.00 0.00 0.00 -0.00 0.00 0.00 -0.00 0.00 0.00 -0.00 0.00 0.00 -0.00 0.00 0.00 -0.00 0.00 0.00 -0.00 0.00 0.00 -0.00 0.00 0.00 -0.00 0.00 0.00 -0.00 0.00 0.00 -0.00 0.00 0.00 -0.00 0.00 0.00 -0.00 0.00 0.00 -0.00 0.00 0.00 -0.00 0.00 0.00 -0.00 0.00 94.39 0.18 -156.33 0.01 -25.00 0.03 -11.23 0.58 43.47 -20.47 30.26 42.41 0.00 0.00 -0.00 -0.00 -0.00 -90.00 0.00 0.00 -100.00 -0.00 0.00 -80.00 0.00 0.00 -0.00 -0.00 -0.00 -90.00 0.00 0.00 -100.00 -0.00 0.00 -80.00 0.00 0.00 -0.00 -0.00 -0.00 -90.00 0.00 0.00 -100.00 -0.00 0.00 -80.00 0.00 0.00 -0.00 4.00 0.01 -0.08 -0.00 0.11 -1.57 -0.00 0.05 -0.77
-0.0000 0.0171 0.0000 0.00 -0.00 0.00 0.00 -0.00 0.00 0.00 -0.00 0.00 0.00 -0.00 0.00 0.00 -0.00 0.00 0.00 -0.00 0.00 0.00 -0.00 0.00 0.00 -0.00 0.00 0.00 -0.00 0.00 0.00 -0.00 0.00 0.00 -0.00 0.00 0.00 -0.00 0.00 0.00 -0.00 0.00 0.00 -0.00 0.00 0.00 -0.00 0.00 0.00 -0.00 0.00 0.00 -0.00 0.00 0.00 -0.00 0.00 0.00 -0.00 0.00 0.00 -0.00 0.00 0.00 -0.00 0.00 0.00 -0.00 0.00 0.00 -0.00 0.00 0.00 -0.00 0.00 0.00 -0.00 0.00 0.00 -0.00 0.00 0.00 -0.00 0.00 0.00 -0.00 0.00 0.00 -0.00 0.00 0.00 -0.00 0.00 0.00 -0.00 0.00 0.00 -0.00 0.00 0.00 -0.00 0.00 0.00 -0.00 0.00 0.00 -0.00 0.00 0.00 -0.00 0.00 0.00 -0.00 0.00 0.00 -0.00 0.00 0.00 -0.00 0.00 0.00 -0.00 0.00 0.00 -0.00 0.00 94.39 0.18 -156.33 0.01 -25.00 0.03 -11.23 0.58 43.47 -20.47 30.26 42.41 0.00 0.00 -0.00 -0.00 -0.00 -90.00 0.00 0.00 -100.00 -0.00 0.00 -80.00 0.00 0.00 -0.00 -0.00 -0.00 -90.00 0.00 0.00 -100.00 -0.00 0.00 -80.00 0.00 0.00 -0.00 -0.00 -0.00 -90.00 0.00 0.00 -100.00 -0.00 0.00 -80.00 0.00 0.00 -0.00 4.00 0.01 -0.08 -0.00 0.11 -1.57 -0.00 0.05 -0.77
-0.0000 0.0171 0.0000 0.00 -0.00 0.00 0.00 -0.00 0.00 0.00 -0.00 0.00 0.00 -0.00 0.00 0.00 -0.00 0.00 0.00 -0.00 0.00 0.00 -0.00 0.00 0.00 -0.00 0.00 0.00 -0.00 0.00 0.00 -0.00 0.00 0.00 -0.00 0.00 0.00 -0.00 0.00 0.00 -0.00 0.00 0.00 -0.00 0.00 0.00 -0.00 0.00 0.00 -0.00 0.00 0.00 -0.00 0.00 0.00 -0.00 0.00 0.00 -0.00 0.00 0.00 -0.00 0.00 0.00 -0.00 0.00 0.00 -0.00 0.00 0.00 -0.00 0.00 0.00 -0.00 0.00 0.00 -0.00 0.00 0.00 -0.00 0.00 0.00 -0.00 0.00 0.00 -0.00 0.00 0.00 -0.00 0.00 0.00 -0.00 0.00 0.00 -0.00 0.00 0.00 -0.00 0.00 0.00 -0.00 0.00 0.00 -0.00 0.00 0.00 -0.00 0.00 0.00 -0.00 0.00 0.00 -0.00 0.00 0.00 -0.00 0.00 0.00 -0.00 0.00 0.00 -0.00 0.00 0.00 -0.00 0.00 94.39 0.18 -156.33 0.01 -25.00 0.03 -11.23 0.58 43.47 -20.47 30.26 42.41 0.00 0.00 -0.00 -0.00 -0.00 -90.00 0.00 0.00 -100.00 -0.00 0.00 -80.00 0.00 0.00 -0.00 -0.00 -0.00 -90.00 0.00 0.00 -100.00 -0.00 0.00 -80.00 0.00 0.00 -0.00 -0.00 -0.00 -90.00 0.00 0.00 -100.00 -0.00 0.00 -80.00 0.00 0.00 -0.00 4.00 0.01 -0.08 -0.00 0.11 -1.57 -0.00 0.05 -0.77
-0.0000 0.0170 0.0000 0.00 -0.00 0.00 0.00 -0.00 0.00 0.00 -0.00 0.00 0.00 -0.00 0.00 0.00 -0.00 0.00 0.00 -0.00 0.00 0.00 -0.00 0.00 0.00 -0.00 0.00 0.00 -0.00 0.00 0.00 -0.00 0.00 0.00 -0.00 0.00 0.00 -0.00 0.00 0.00 -0.00 0.00 0.00 -0.00 0.00 0.00 -0.00 0.00 0.00 -0.00 0.00 0.00 -0.00 0.00 0.00 -0.00 0.00 0.00 -0.00 0.00 0.00 -0.00 0.00 0.00 -0.00 0.00 0.00 -0.00 0.00 0.00 -0.00 0.00 0.00 -0.00 0.00 0.00 -0.00 0.00 0.00 -0.00 0.00 0.00 -0.00 0.00 0.00 -0.00 0.00 0.00 -0.00 0.00 0.00 -0.00 0.00 0.00 -0.00 0.00 0.00 -0.00 0.00 0.00 -0.00 0.00 0.00 -0.00 0.00 0.00 -0.00 0.00 0.00 -0.00 0.00 0.00 -0.00 0.00 0.00 -0.00 0.00 0.00 -0.00 0.00 0.00 -0.00 0.00 0.00 -0.00 0.00 94.39 0.18 -156.33 0.01 -25.00 0.03 -11.23 0.58 43.47 -20.47 30.26 42.41 0.00 0.00 -0.00 -0.00 -0.00 -90.00 0.00 0.00 -100.00 -0.00 0.00 -80.00 0.00 0.00 -0.00 -0.00 -0.00 -90.00 0.00 0.00 -100.00 -0.00 0.00 -80.00 0.00 0.00 -0.00 -0.00 -0.00 -90.00 0.00 0.00 -100.00 -0.00 0.00 -80.00 0.00 0.00 -0.00 4.00 0.01 -0.08 -0.00 0.11 -1.57 -0.00 0.05 -0.77
-0.0000 0.0169 0.0000 0.00 -0.00 0.00 0.00 -0.00 0.00 0.00 -0.00 0.00 0.00 -0.00 0.00 0.00 -0.00 0.00 0.00 -0.00 0.00 0.00 -0.00 0.00 0.00 -0.00 0.00 0.00 -0.00 0.00 0.00 -0.00 0.00 0.00 -0.00 0.00 0.00 -0.00 0.00 0.00 -0.00 0.00 0.00 -0.00 0.00 0.00 -0.00 0.00 0.00 -0.00 0.00 0.00 -0.00 0.00 0.00 -0.00 0.00 0.00 -0.00 0.00 0.00 -0.00 0.00 0.00 -0.00 0.00 0.00 -0.00 0.00 0.00 -0.00 0.00 0.00 -0.00 0.00 0.00 -0.00 0.00 0.00 -0.00 0.00 0.00 -0.00 0.00 0.00 -0.00 0.00 0.00 -0.00 0.00 0.00 -0.00 0.00 0.00 -0.00 0.00 0.00 -0.00 0.00 0.00 -0.00 0.00 0.00 -0.00 0.00 0.00 -0.00 0.00 0.00 -0.00 0.00 0.00 -0.00 0.00 0.00 -0.00 0.00 0.00 -0.00 0.00 0.00 -0.00 0.00 0.00 -0.00 0.00 94.39 0.18 -156.33 0.01 -25.00 0.03 -11.23 0.58 43.47 -20.47 30.26 42.41 0.00 0.00 -0.00 -0.00 -0.00 -90.00 0.00 0.00 -100.00 -0.00 0.00 -80.00 0.00 0.00 -0.00 -0.00 -0.00 -90.00 0.00 0.00 -100.00 -0.00 0.00 -80.00 0.00 0.00 -0.00 -0.00 -0.00 -90.00 0.00 0.00 -100.00 -0.00 0.00 -80.00 0.00 0.00 -0.00 4.00 0.01 -0.08 -0.00 0.11 -1.57 -0.00 0.05 -0.77
-0.0000 0.0171 0.0000 0.00 -0.00 0.00 0.00 -0.00 0.00 0.00 -0.00 0.00 0.00 -0.00 0.00 0.00 -0.00 0.00 0.00 -0.00 0.00 0.00 -0.00 0.00 0.00 -0.00 0.00 0.00 -0.00 0.00 0.00 -0.00 0.00 0.00 -0.00 0.00 0.00 -0.00 0.00 0.00 -0.00 0.00 0.00 -0.00 0.00 0.00 -0.00 0.00 0.00 -0.00 0.00 0.00 -0.00 0.00 0.00 -0.00 0.00 0.00 -0.00 0.00 0.00 -0.00 0.00 0.00 -0.00 0.00 0.00 -0.00 0.00 0.00 -0.00 0.00 0.00 -0.00 0.00 0.00 -0.00 0.00 0.00 -0.00 0.00 0.00 -0.00 0.00 0.00 -0.00 0.00 0.00 -0.00 0.00 0.00 -0.00 0.00 0.00 -0.00 0.00 0.00 -0.00 0.00 0.00 -0.00 0.00 0.00 -0.00 0.00 0.00 -0.00 0.00 0.00 -0.00 0.00 0.00 -0.00 0.00 0.00 -0.00 0.00 0.00 -0.00 0.00 0.00 -0.00 0.00 0.00 -0.00 0.00 94.39 0.18 -156.33 0.01 -25.00 0.03 -11.23 0.58 43.47 -20.47 30.26 42.41 0.00 0.00 -0.00 -0.00 -0.00 -90.00 0.00 0.00 -100.00 -0.00 0.00 -80.00 0.00 0.00 -0.00 -0.00 -0.00 -90.00 0.00 0.00 -100.00 -0.00 0.00 -80.00 0.00 0.00 -0.00 -0.00 -0.00 -90.00 0.00 0.00 -100.00 -0.00 0.00 -80.00 0.00 0.00 -0.00 4.00 0.01 -0.08 -0.00 0.11 -1.57 -0.00 0.05 -0.77
-0.0000 0.0165 0.0000 0.00 -0.00 0.00 0.00 -0.00 0.00 0.00 -0.00 0.00 0.00 -0.00 0.00 0.00 -0.00 0.00 0.00 -0.00 0.00 0.00 -0.00 0.00 0.00 -0.00 0.00 0.00 -0.00 0.00 0.00 -0.00 0.00 0.00 -0.00 0.00 0.00 -0.00 0.00 0.00 -0.00 0.00 0.00 -0.00 0.00 0.00 -0.00 0.00 0.00 -0.00 0.00 0.00 -0.00 0.00 0.00 -0.00 0.00 0.00 -0.00 0.00 0.00 -0.00 0.00 0.00 -0.00 0.00 0.00 -0.00 0.00 0.00 -0.00 0.00 0.00 -0.00 0.00 0.00 -0.00 0.00 0.00 -0.00 0.00 0.00 -0.00 0.00 0.00 -0.00 0.00 0.00 -0.00 0.00 0.00 -0.00 0.00 0.00 -0.00 0.00 0.00 -0.00 0.00 0.00 -0.00 0.00 0.00 -0.00 0.00 0.00 -0.00 0.00 0.00 -0.00 0.00 0.00 -0.00 0.00 0.00 -0.00 0.00 0.00 -0.00 0.00 0.00 -0.00 0.00 0.00 -0.00 0.00 94.39 0.18 -156.33 0.01 -25.00 0.03 -11.23 0.58 43.47 -20.47 30.26 42.41 0.00 0.00 -0.00 -0.00 -0.00 -90.00 0.00 0.00 -100.00 -0.00 0.00 -80.00 0.00 0.00 -0.00 -0.00 -0.00 -90.00 0.00 0.00 -100.00 -0.00 0.00 -80.00 0.00 0.00 -0.00 -0.00 -0.00 -90.00 0.00 0.00 -100.00 -0.00 0.00 -80.00 0.00 0.00 -0.00 4.00 0.01 -0.08 -0.00 0.11 -1.57 -0.00 0.05 -0.77
-0.0000 0.0166 0.0000 0.00 -0.00 0.00 0.00 -0.00 0.00 0.00 -0.00 0.00 0.00 -0.00 0.00 0.00 -0.00 0.00 0.00 -0.00 0.00 0.00 -0.00 0.00 0.00 -0.00 0.00 0.00 -0.00 0.00 0.00 -0.00 0.00 0.00 -0.00 0.00 0.00 -0.00 0.00 0.00 -0.00 0.00 0.00 -0.00 0.00 0.00 -0.00 0.00 0.00 -0.00 0.00 0.00 -0.00 0.00 0.00 -0.00 0.00 0.00 -0.00 0.00 0.00 -0.00 0.00 0.00 -0.00 0.00 0.00 -0.00 0.00 0.00 -0.00 0.00 0.00 -0.00 0.00 0.00 -0.00 0.00 0.00 -0.00 0.00 0.00 -0.00 0.00 0.00 -0.00 0.00 0.00 -0.00 0.00 0.00 -0.00 0.00 0.00 -0.00 0.00 0.00 -0.00 0.00 0.00 -0.00 0.00 0.00 -0.00 0.00 0.00 -0.00 0.00 0.00 -0.00 0.00 0.00 -0.00 0.00 0.00 -0.00 0.00 0.00 -0.00 0.00 0.00 -0.00 0.00 0.00 -0.00 0.00 94.39 0.18 -156.33 0.01 -25.00 0.03 -11.23 0.58 43.47 -20.47 30.26 42.41 0.00 0.00 -0.00 -0.00 -0.00 -90.00 0.00 0.00 -100.00 -0.00 0.00 -80.00 0.00 0.00 -0.00 -0.00 -0.00 -90.00 0.00 0.00 -100.00 -0.00 0.00 -80.00 0.00 0.00 -0.00 -0.00 -0.00 -90.00 0.00 0.00 -100.00 -0.00 0.00 -80.00 0.00 0.00 -0.00 4.00 0.01 -0.08 -0.00 0.11 -1.57 -0.00 0.05 -0.77
-0.0000 0.0169 0.0000 0.00 -0.00 0.00 0.00 -0.00 0.00 0.00 -0.00 0.00 0.00 -0.00 0.00 0.00 -0.00 0.00 0.00 -0.00 0.00 0.00 -0.00 0.00 0.00 -0.00 0.00 0.00 -0.00 0.00 0.00 -0.00 0.00 0.00 -0.00 0.00 0.00 -0.00 0.00 0.00 -0.00 0.00 0.00 -0.00 0.00 0.00 -0.00 0.00 0.00 -0.00 0.00 0.00 -0.00 0.00 0.00 -0.00 0.00 0.00 -0.00 0.00 0.00 -0.00 0.00 0.00 -0.00 0.00 0.00 -0.00 0.00 0.00 -0.00 0.00 0.00 -0.00 0.00 0.00 -0.00 0.00 0.00 -0.00 0.00 0.00 -0.00 0.00 0.00 -0.00 0.00 0.00 -0.00 0.00 0.00 -0.00 0.00 0.00 -0.00 0.00 0.00 -0.00 0.00 0.00 -0.00 0.00 0.00 -0.00 0.00 0.00 -0.00 0.00 0.00 -0.00 0.00 0.00 -0.00 0.00 0.00 -0.00 0.00 0.00 -0.00 0.00 0.00 -0.00 0.00 0.00 -0.00 0.00 94.39 0.18 -156.33 0.01 -25.00 0.03 -11.23 0.58 43.47 -20.47 30.26 42.41 0.00 0.00 -0.00 -0.00 -0.00 -90.00 0.00 0.00 -100.00 -0.00 0.00 -80.00 0.00 0.00 -0.00 -0.00 -0.00 -90.00 0.00 0.00 -100.00 -0.00 0.00 -80.00 0.00 0.00 -0.00 -0.00 -0.00 -90.00 0.00 0.00 -100.00 -0.00 0.00 -80.00 0.00 0.00 -0.00 4.00 0.01 -0.08 -0.00 0.11 -1.57 -0.00 0.05 -0.77
-0.0000 0.0163 0.0000 0.00 -0.00 0.00 0.00 -0.00 0.00 0.00 -0.00 0.00 0.00 -0.00 0.00 0.00 -0.00 0.00 0.00 -0.00 0.00 0.00 -0.00 0.00 0.00 -0.00 0.00 0.00 -0.00 0.00 0.00 -0.00 0.00 0.00 -0.00 0.00 0.00 -0.00 0.00 0.00 -0.00 0.00 0.00 -0.00 0.00 0.00 -0.00 0.00 0.00 -0.00 0.00 0.00 -0.00 0.00 0.00 -0.00 0.00 0.00 -0.00 0.00 0.00 -0.00 0.00 0.00 -0.00 0.00 0.00 -0.00 0.00 0.00 -0.00 0.00 0.00 -0.00 0.00 0.00 -0.00 0.00 0.00 -0.00 0.00 0.00 -0.00 0.00 0.00 -0.00 0.00 0.00 -0.00 0.00 0.00 -0.00 0.00 0.00 -0.00 0.00 0.00 -0.00 0.00 0.00 -0.00 0.00 0.00 -0.00 0.00 0.00 -0.00 0.00 0.00 -0.00 0.00 0.00 -0.00 0.00 0.00 -0.00 0.00 0.00 -0.00 0.00 0.00 -0.00 0.00 0.00 -0.00 0.00 94.39 0.18 -156.33 0.01 -25.00 0.03 -11.23 0.58 43.47 -20.47 30.26 42.41 0.00 0.00 -0.00 -0.00 -0.00 -90.00 0.00 0.00 -100.00 -0.00 0.00 -80.00 0.00 0.00 -0.00 -0.00 -0.00 -90.00 0.00 0.00 -100.00 -0.00 0.00 -80.00 0.00 0.00 -0.00 -0.00 -0.00 -90.00 0.00 0.00 -100.00 -0.00 0.00 -80.00 0.00 0.00 -0.00 4.00 0.01 -0.08 -0.00 0.11 -1.57 -0.00 0.05 -0.77
-0.0000 0.0167 0.0000 0.00 -0.00 0.00 0.00 -0.00 0.00 0.00 -0.00 0.00 0.00 -0.00 0.00 0.00 -0.00 0.00 0.00 -0.00 0.00 0.00 -0.00 0.00 0.00 -0.00 0.00 0.00 -0.00 0.00 0.00 -0.00 0.00 0.00 -0.00 0.00 0.00 -0.00 0.00 0.00 -0.00 0.00 0.00 -0.00 0.00 0.00 -0.00 0.00 0.00 -0.00 0.00 0.00 -0.00 0.00 0.00 -0.00 0.00 0.00 -0.00 0.00 0.00 -0.00 0.00 0.00 -0.00 0.00 0.00 -0.00 0.00 0.00 -0.00 0.00 0.00 -0.00 0.00 0.00 -0.00 0.00 0.00 -0.00 0.00 0.00 -0.00 0.00 0.00 -0.00 0.00 0.00 -0.00 0.00 0.00 -0.00 0.00 0.00 -0.00 0.00 0.00 -0.00 0.00 0.00 -0.00 0.00 0.00 -0.00 0.00 0.00 -0.00 0.00 0.00 -0.00 0.00 0.00 -0.00 0.00 0.00 -0.00 0.00 0.00 -0.00 0.00 0.00 -0.00 0.00 0.00 -0.00 0.00 94.39 0.18 -156.33 0.01 -25.00 0.03 -11.23 0.58 43.47 -20.47 30.26 42.41 0.00 0.00 -0.00 -0.00 -0.00 -90.00 0.00 0.00 -100.00 -0.00 0.00 -80.00 0.00 0.00 -0.00 -0.00 -0.00 -90.00 0.00 0.00 -100.00 -0.00 0.00 -80.00 0.00 0.00 -0.00 -0.00 -0.00 -90.00 0.00 0.00 -100.00 -0.00 0.00 -80.00 0.00 0.00 -0.00 4.00 0.01 -0.08 -0.00 0.11 -1.57 -0.00 0.05 -0.77
-0.0000 0.0168 0.0000 0.00 -0.00 0.00 0.00 -0.00 0.00 0.00 -0.00 0.00 0.00 -0.00 0.00 0.00 -0.00 0.00 0.00 -0.00 0.00 0.00 -0.00 0.00 0.00 -0.00 0.00 0.00 -0.00 0.00 0.00 -0.00 0.00 0.00 -0.00 0.00 0.00 -0.00 0.00 0.00 -0.00 0.00 0.00 -0.00 0.00 0.00 -0.00 0.00 0.00 -0.00 0.00 0.00 -0.00 0.00 0.00 -0.00 0.00 0.00 -0.00 0.00 0.00 -0.00 0.00 0.00 -0.00 0.00 0.00 -0.00 0.00 0.00 -0.00 0.00 0.00 -0.00 0.00 0.00 -0.00 0.00 0.00 -0.00 0.00 0.00 -0.00 0.00 0.00 -0.00 0.00 0.00 -0.00 0.00 0.00 -0.00 0.00 0.00 -0.00 0.00 0.00 -0.00 0.00 0.00 -0.00 0.00 0.00 -0.00 0.00 0.00 -0.00 0.00 0.00 -0.00 0.00 0.00 -0.00 0.00 0.00 -0.00 0.00 0.00 -0.00 0.00 0.00 -0.00 0.00 0.00 -0.00 0.00 94.39 0.18 -156.33 0.01 -25.00 0.03 -11.23 0.58 43.47 -20.47 30.26 42.41 0.00 0.00 -0.00 -0.00 -0.00 -90.00 0.00 0.00 -100.00 -0.00 0.00 -80.00 0.00 0.00 -0.00 -0.00 -0.00 -90.00 0.00 0.00 -100.00 -0.00 0.00 -80.00 0.00 0.00 -0.00 -0.00 -0.00 -90.00 0.00 0.00 -100.00 -0.00 0.00 -80.00 0.00 0.00 -0.00 4.00 0.01 -0.08 -0.00 0.11 -1.57 -0.00 0.05 -0.77
-0.0000 0.0162 0.0000 0.00 -0.00 0.00 0.00 -0.00 0.00 0.00 -0.00 0.00 0.00 -0.00 0.00 0.00 -0.00 0.00 0.00 -0.00 0.00 0.00 -0.00 0.00 0.00 -0.00 0.00 0.00 -0.00 0.00 0.00 -0.00 0.00 0.00 -0.00 0.00 0.00 -0.00 0.00 0.00 -0.00 0.00 0.00 -0.00 0.00 0.00 -0.00 0.00 0.00 -0.00 0.00 0.00 -0.00 0.00 0.00 -0.00 0.00 0.00 -0.00 0.00 0.00 -0.00 0.00 0.00 -0.00 0.00 0.00 -0.00 0.00 0.00 -0.00 0.00 0.00 -0.00 0.00 0.00 -0.00 0.00 0.00 -0.00 0.00 0.00 -0.00 0.00 0.00 -0.00 0.00 0.00 -0.00 0.00 0.00 -0.00 0.00 0.00 -0.00 0.00 0.00 -0.00 0.00 0.00 -0.00 0.00 0.00 -0.00 0.00 0.00 -0.00 0.00 0.00 -0.00 0.00 0.00 -0.00 0.00 0.00 -0.00 0.00 0.00 -0.00 0.00 0.00 -0.00 0.00 0.00 -0.00 0.00 94.39 0.18 -156.33 0.01 -25.00 0.03 -11.23 0.58 43.47 -20.47 30.26 42.41 0.00 0.00 -0.00 -0.00 -0.00 -90.00 0.00 0.00 -100.00 -0.00 0.00 -80.00 0.00 0.00 -0.00 -0.00 -0.00 -90.00 0.00 0.00 -100.00 -0.00 0.00 -80.00 0.00 0.00 -0.00 -0.00 -0.00 -90.00 0.00 0.00 -100.00 -0.00 0.00 -80.00 0.00 0.00 -0.00 4.00 0.01 -0.08 -0.00 0.11 -1.57 -0.00 0.05 -0.77
-0.0000 0.0165 0.0000 0.00 -0.00 0.00 0.00 -0.00 0.00 0.00 -0.00 0.00 0.00 -0.00 0.00 0.00 -0.00 0.00 0.00 -0.00 0.00 0.00 -0.00 0.00 0.00 -0.00 0.00 0.00 -0.00 0.00 0.00 -0.00 0.00 0.00 -0.00 0.00 0.00 -0.00 0.00 0.00 -0.00 0.00 0.00 -0.00 0.00 0.00 -0.00 0.00 0.00 -0.00 0.00 0.00 -0.00 0.00 0.00 -0.00 0.00 0.00 -0.00 0.00 0.00 -0.00 0.00 0.00 -0.00 0.00 0.00 -0.00 0.00 0.00 -0.00 0.00 0.00 -0.00 0.00 0.00 -0.00 0.00 0.00 -0.00 0.00 0.00 -0.00 0.00 0.00 -0.00 0.00 0.00 -0.00 0.00 0.00 -0.00 0.00 0.00 -0.00 0.00 0.00 -0.00 0.00 0.00 -0.00 0.00 0.00 -0.00 0.00 0.00 -0.00 0.00 0.00 -0.00 0.00 0.00 -0.00 0.00 0.00 -0.00 0.00 0.00 -0.00 0.00 0.00 -0.00 0.00 0.00 -0.00 0.00 94.39 0.18 -156.33 0.01 -25.00 0.03 -11.23 0.58 43.47 -20.47 30.26 42.41 0.00 0.00 -0.00 -0.00 -0.00 -90.00 0.00 0.00 -100.00 -0.00 0.00 -80.00 0.00 0.00 -0.00 -0.00 -0.00 -90.00 0.00 0.00 -100.00 -0.00 0.00 -80.00 0.00 0.00 -0.00 -0.00 -0.00 -90.00 0.00 0.00 -100.00 -0.00 0.00 -80.00 0.00 0.00 -0.00 4.00 0.01 -0.08 -0.00 0.11 -1.57 -0.00 0.05 -0.77
-0.0000 0.0169 0.0000 0.00 -0.00 0.00 0.00 -0.00 0.00 0.00 -0.00 0.00 0.00 -0.00 0.00 0.00 -0.00 0.00 0.00 -0.00 0.00 0.00 -0.00 0.00 0.00 -0.00 0.00 0.00 -0.00 0.00 0.00 -0.00 0.00 0.00 -0.00 0.00 0.00 -0.00 0.00 0.00 -0.00 0.00 0.00 -0.00 0.00 0.00 -0.00 0.00 0.00 -0.00 0.00 0.00 -0.00 0.00 0.00 -0.00 0.00 0.00 -0.00 0.00 0.00 -0.00 0.00 0.00 -0.00 0.00 0.00 -0.00 0.00 0.00 -0.00 0.00 0.00 -0.00 0.00 0.00 -0.00 0.00 0.00 -0.00 0.00 0.00 -0.00 0.00 0.00 -0.00 0.00 0.00 -0.00 0.00 0.00 -0.00 0.00 0.00 -0.00 0.00 0.00 -0.00 0.00 0.00 -0.00 0.00 0.00 -0.00 0.00 0.00 -0.00 0.00 0.00 -0.00 0.00 0.00 -0.00 0.00 0.00 -0.00 0.00 0.00 -0.00 0.00 0.00 -0.00 0.00 0.00 -0.00 0.00 94.39 0.18 -156.33 0.01 -25.00 0.03 -11.23 0.58 43.47 -20.47 30.26 42.41 0.00 0.00 -0.00 -0.00 -0.00 -90.00 0.00 0.00 -100.00 -0.00 0.00 -80.00 0.00 0.00 -0.00 -0.00 -0.00 -90.00 0.00 0.00 -100.00 -0.00 0.00 -80.00 0.00 0.00 -0.00 -0.00 -0.00 -90.00 0.00 0.00 -100.00 -0.00 0.00 -80.00 0.00 0.00 -0.00 4.00 0.01 -0.08 -0.00 0.11 -1.57 -0.00 0.05 -0.77
-0.0000 0.0167 0.0000 0.00 -0.00 0.00 0.00 -0.00 0.00 0.00 -0.00 0.00 0.00 -0.00 0.00 0.00 -0.00 0.00 0.00 -0.00 0.00 0.00 -0.00 0.00 0.00 -0.00 0.00 0.00 -0.00 0.00 0.00 -0.00 0.00 0.00 -0.00 0.00 0.00 -0.00 0.00 0.00 -0.00 0.00 0.00 -0.00 0.00 0.00 -0.00 0.00 0.00 -0.00 0.00 0.00 -0.00 0.00 0.00 -0.00 0.00 0.00 -0.00 0.00 0.00 -0.00 0.00 0.00 -0.00 0.00 0.00 -0.00 0.00 0.00 -0.00 0.00 0.00 -0.00 0.00 0.00 -0.00 0.00 0.00 -0.00 0.00 0.00 -0.00 0.00 0.00 -0.00 0.00 0.00 -0.00 0.00 0.00 -0.00 0.00 0.00 -0.00 0.00 0.00 -0.00 0.00 0.00 -0.00 0.00 0.00 -0.00 0.00 0.00 -0.00 0.00 0.00 -0.00 0.00 0.00 -0.00 0.00 0.00 -0.00 0.00 0.00 -0.00 0.00 0.00 -0.00 0.00 0.00 -0.00 0.00 94.39 0.18 -156.33 0.01 -25.00 0.03 -11.23 0.58 43.47 -20.47 30.26 42.41 0.00 0.00 -0.00 -0.00 -0.00 -90.00 0.00 0.00 -100.00 -0.00 0.00 -80.00 0.00 0.00 -0.00 -0.00 -0.00 -90.00 0.00 0.00 -100.00 -0.00 0.00 -80.00 0.00 0.00 -0.00 -0.00 -0.00 -90.00 0.00 0.00 -100.00 -0.00 0.00 -80.00 0.00 0.00 -0.00 4.00 0.01 -0.08 -0.00 0.11 -1.57 -0.00 0.05 -0.77
-0.0000 0.0160 0.0000 0.00 -0.00 0.00 0.00 -0.00 0.00 0.00 -0.00 0.00 0.00 -0.00 0.00 0.00 -0.00 0.00 0.00 -0.00 0.00 0.00 -0.00 0.00 0.00 -0.00 0.00 0.00 -0.00 0.00 0.00 -0.00 0.00 0.00 -0.00 0.00 0.00 -0.00 0.00 0.00 -0.00 0.00 0.00 -0.00 0.00 0.00 -0.00 0.00 0.00 -0.00 0.00 0.00 -0.00 0.00 0.00 -0.00 0.00 0.00 -0.00 0.00 0.00 -0.00 0.00 0.00 -0.00 0.00 0.00 -0.00 0.00 0.00 -0.00 0.00 0.00 -0.00 0.00 0.00 -0.00 0.00 0.00 -0.00 0.00 0.00 -0.00 0.00 0.00 -0.00 0.00 0.00 -0.00 0.00 0.00 -0.00 0.00 0.00 -0.00 0.00 0.00 -0.00 0.00 0.00 -0.00 0.00 0.00 -0.00 0.00 0.00 -0.00 0.00 0.00 -0.00 0.00 0.00 -0.00 0.00 0.00 -0.00 0.00 0.00 -0.00 0.00 0.00 -0.00 0.00 0.00 -0.00 0.00 94.39 0.18 -156.33 0.01 -25.00 0.03 -11.23 0.58 43.47 -20.47 30.26 42.41 0.00 0.00 -0.00 -0.00 -0.00 -90.00 0.00 0.00 -100.00 -0.00 0.00 -80.00 0.00 0.00 -0.00 -0.00 -0.00 -90.00 0.00 0.00 -100.00 -0.00 0.00 -80.00 0.00 0.00 -0.00 -0.00 -0.00 -90.00 0.00 0.00 -100.00 -0.00 0.00 -80.00 0.00 0.00 -0.00 4.00 0.01 -0.08 -0.00 0.11 -1.57 -0.00 0.05 -0.77
-0.0000 0.0165 0.0000 0.00 -0.00 0.00 0.00 -0.00 0.00 0.00 -0.00 0.00 0.00 -0.00 0.00 0.00 -0.00 0.00 0.00 -0.00 0.00 0.00 -0.00 0.00 0.00 -0.00 0.00 0.00 -0.00 0.00 0.00 -0.00 0.00 0.00 -0.00 0.00 0.00 -0.00 0.00 0.00 -0.00 0.00 0.00 -0.00 0.00 0.00 -0.00 0.00 0.00 -0.00 0.00 0.00 -0.00 0.00 0.00 -0.00 0.00 0.00 -0.00 0.00 0.00 -0.00 0.00 0.00 -0.00 0.00 0.00 -0.00 0.00 0.00 -0.00 0.00 0.00 -0.00 0.00 0.00 -0.00 0.00 0.00 -0.00 0.00 0.00 -0.00 0.00 0.00 -0.00 0.00 0.00 -0.00 0.00 0.00 -0.00 0.00 0.00 -0.00 0.00 0.00 -0.00 0.00 0.00 -0.00 0.00 0.00 -0.00 0.00 0.00 -0.00 0.00 0.00 -0.00 0.00 0.00 -0.00 0.00 0.00 -0.00 0.00 0.00 -0.00 0.00 0.00 -0.00 0.00 0.00 -0.00 0.00 94.39 0.18 -156.33 0.01 -25.00 0.03 -11.23 0.58 43.47 -20.47 30.26 42.41 0.00 0.00 -0.00 -0.00 -0.00 -90.00 0.00 0.00 -100.00 -0.00 0.00 -80.00 0.00 0.00 -0.00 -0.00 -0.00 -90.00 0.00 0.00 -100.00 -0.00 0.00 -80.00 0.00 0.00 -0.00 -0.00 -0.00 -90.00 0.00 0.00 -100.00 -0.00 0.00 -80.00 0.00 0.00 -0.00 4.00 0.01 -0.08 -0.00 0.11 -1.57 -0.00 0.05 -0.77
-0.0000 0.0171 0.0000 0.00 -0.00 0.00 0.00 -0.00 0.00 0.00 -0.00 0.00 0.00 -0.00 0.00 0.00 -0.00 0.00 0.00 -0.00 0.00 0.00 -0.00 0.00 0.00 -0.00 0.00 0.00 -0.00 0.00 0.00 -0.00 0.00 0.00 -0.00 0.00 0.00 -0.00 0.00 0.00 -0.00 0.00 0.00 -0.00 0.00 0.00 -0.00 0.00 0.00 -0.00 0.00 0.00 -0.00 0.00 0.00 -0.00 0.00 0.00 -0.00 0.00 0.00 -0.00 0.00 0.00 -0.00 0.00 0.00 -0.00 0.00 0.00 -0.00 0.00 0.00 -0.00 0.00 0.00 -0.00 0.00 0.00 -0.00 0.00 0.00 -0.00 0.00 0.00 -0.00 0.00 0.00 -0.00 0.00 0.00 -0.00 0.00 0.00 -0.00 0.00 0.00 -0.00 0.00 0.00 -0.00 0.00 0.00 -0.00 0.00 0.00 -0.00 0.00 0.00 -0.00 0.00 0.00 -0.00 0.00 0.00 -0.00 0.00 0.00 -0.00 0.00 0.00 -0.00 0.00 0.00 -0.00 0.00 94.39 0.18 -156.33 0.01 -25.00 0.03 -11.23 0.58 43.47 -20.47 30.26 42.41 0.00 0.00 -0.00 -0.00 -0.00 -90.00 0.00 0.00 -100.00 -0.00 0.00 -80.00 0.00 0.00 -0.00 -0.00 -0.00 -90.00 0.00 0.00 -100.00 -0.00 0.00 -80.00 0.00 0.00 -0.00 -0.00 -0.00 -90.00 0.00 0.00 -100.00 -0.00 0.00 -80.00 0.00 0.00 -0.00 4.00 0.01 -0.08 -0.00 0.11 -1.57 -0.00 0.05 -0.77
-0.0000 0.0173 0.0000 0.00 -0.00 0.00 0.00 -0.00 0.00 0.00 -0.00 0.00 0.00 -0.00 0.00 0.00 -0.00 0.00 0.00 -0.00 0.00 0.00 -0.00 0.00 0.00 -0.00 0.00 0.00 -0.00 0.00 0.00 -0.00 0.00 0.00 -0.00 0.00 0.00 -0.00 0.00 0.00 -0.00 0.00 0.00 -0.00 0.00 0.00 -0.00 0.00 0.00 -0.00 0.00 0.00 -0.00 0.00 0.00 -0.00 0.00 0.00 -0.00 0.00 0.00 -0.00 0.00 0.00 -0.00 0.00 0.00 -0.00 0.00 0.00 -0.00 0.00 0.00 -0.00 0.00 0.00 -0.00 0.00 0.00 -0.00 0.00 0.00 -0.00 0.00 0.00 -0.00 0.00 0.00 -0.00 0.00 0.00 -0.00 0.00 0.00 -0.00 0.00 0.00 -0.00 0.00 0.00 -0.00 0.00 0.00 -0.00 0.00 0.00 -0.00 0.00 0.00 -0.00 0.00 0.00 -0.00 0.00 0.00 -0.00 0.00 0.00 -0.00 0.00 0.00 -0.00 0.00 0.00 -0.00 0.00 94.39 0.18 -156.33 0.01 -25.00 0.03 -11.23 0.58 43.47 -20.47 30.26 42.41 0.00 0.00 -0.00 -0.00 -0.00 -90.00 0.00 0.00 -100.00 -0.00 0.00 -80.00 0.00 0.00 -0.00 -0.00 -0.00 -90.00 0.00 0.00 -100.00 -0.00 0.00 -80.00 0.00 0.00 -0.00 -0.00 -0.00 -90.00 0.00 0.00 -100.00 -0.00 0.00 -80.00 0.00 0.00 -0.00 4.00 0.01 -0.08 -0.00 0.11 -1.57 -0.00 0.05 -0.77
-0.0000 0.0168 0.0000 0.00 -0.00 0.00 0.00 -0.00 0.00 0.00 -0.00 0.00 0.00 -0.00 0.00 0.00 -0.00 0.00 0.00 -0.00 0.00 0.00 -0.00 0.00 0.00 -0.00 0.00 0.00 -0.00 0.00 0.00 -0.00 0.00 0.00 -0.00 0.00 0.00 -0.00 0.00 0.00 -0.00 0.00 0.00 -0.00 0.00 0.00 -0.00 0.00 0.00 -0.00 0.00 0.00 -0.00 0.00 0.00 -0.00 0.00 0.00 -0.00 0.00 0.00 -0.00 0.00 0.00 -0.00 0.00 0.00 -0.00 0.00 0.00 -0.00 0.00 0.00 -0.00 0.00 0.00 -0.00 0.00 0.00 -0.00 0.00 0.00 -0.00 0.00 0.00 -0.00 0.00 0.00 -0.00 0.00 0.00 -0.00 0.00 0.00 -0.00 0.00 0.00 -0.00 0.00 0.00 -0.00 0.00 0.00 -0.00 0.00 0.00 -0.00 0.00 0.00 -0.00 0.00 0.00 -0.00 0.00 0.00 -0.00 0.00 0.00 -0.00 0.00 0.00 -0.00 0.00 0.00 -0.00 0.00 94.39 0.18 -156.33 0.01 -25.00 0.03 -11.23 0.58 43.47 -20.47 30.26 42.41 0.00 0.00 -0.00 -0.00 -0.00 -90.00 0.00 0.00 -100.00 -0.00 0.00 -80.00 0.00 0.00 -0.00 -0.00 -0.00 -90.00 0.00 0.00 -100.00 -0.00 0.00 -80.00 0.00 0.00 -0.00 -0.00 -0.00 -90.00 0.00 0.00 -100.00 -0.00 0.00 -80.00 0.00 0.00 -0.00 4.00 0.01 -0.08 -0.00 0.11 -1.57 -0.00 0.05 -0.77
-0.0000 0.0164 0.0000 0.00 -0.00 0.00 0.00 -0.00 0.00 0.00 -0.00 0.00 0.00 -0.00 0.00 0.00 -0.00 0.00 0.00 -0.00 0.00 0.00 -0.00 0.00 0.00 -0.00 0.00 0.00 -0.00 0.00 0.00 -0.00 0.00 0.00 -0.00 0.00 0.00 -0.00 0.00 0.00 -0.00 0.00 0.00 -0.00 0.00 0.00 -0.00 0.00 0.00 -0.00 0.00 0.00 -0.00 0.00 0.00 -0.00 0.00 0.00 -0.00 0.00 0.00 -0.00 0.00 0.00 -0.00 0.00 0.00 -0.00 0.00 0.00 -0.00 0.00 0.00 -0.00 0.00 0.00 -0.00 0.00 0.00 -0.00 0.00 0.00 -0.00 0.00 0.00 -0.00 0.00 0.00 -0.00 0.00 0.00 -0.00 0.00 0.00 -0.00 0.00 0.00 -0.00 0.00 0.00 -0.00 0.00 0.00 -0.00 0.00 0.00 -0.00 0.00 0.00 -0.00 0.00 0.00 -0.00 0.00 0.00 -0.00 0.00 0.00 -0.00 0.00 0.00 -0.00 0.00 0.00 -0.00 0.00 94.39 0.18 -156.33 0.01 -25.00 0.03 -11.23 0.58 43.47 -20.47 30.26 42.41 0.00 0.00 -0.00 -0.00 -0.00 -90.00 0.00 0.00 -100.00 -0.00 0.00 -80.00 0.00 0.00 -0.00 -0.00 -0.00 -90.00 0.00 0.00 -100.00 -0.00 0.00 -80.00 0.00 0.00 -0.00 -0.00 -0.00 -90.00 0.00 0.00 -100.00 -0.00 0.00 -80.00 0.00 0.00 -0.00 4.00 0.01 -0.08 -0.00 0.11 -1.57 -0.00 0.05 -0.77
-0.0000 0.0173 0.0000 0.00 -0.00 0.00 0.00 -0.00 0.00 0.00 -0.00 0.00 0.00 -0.00 0.00 0.00 -0.00 0.00 0.00 -0.00 0.00 0.00 -0.00 0.00 0.00 -0.00 0.00 0.00 -0.00 0.00 0.00 -0.00 0.00 0.00 -0.00 0.00 0.00 -0.00 0.00 0.00 -0.00 0.00 0.00 -0.00 0.00 0.00 -0.00 0.00 0.00 -0.00 0.00 0.00 -0.00 0.00 0.00 -0.00 0.00 0.00 -0.00 0.00 0.00 -0.00 0.00 0.00 -0.00 0.00 0.00 -0.00 0.00 0.00 -0.00 0.00 0.00 -0.00 0.00 0.00 -0.00 0.00 0.00 -0.00 0.00 0.00 -0.00 0.00 0.00 -0.00 0.00 0.00 -0.00 0.00 0.00 -0.00 0.00 0.00 -0.00 0.00 0.00 -0.00 0.00 0.00 -0.00 0.00 0.00 -0.00 0.00 0.00 -0.00 0.00 0.00 -0.00 0.00 0.00 -0.00 0.00 0.00 -0.00 0.00 0.00 -0.00 0.00 0.00 -0.00 0.00 0.00 -0.00 0.00 94.39 0.18 -156.33 0.01 -25.00 0.03 -11.23 0.58 43.47 -20.47 30.26 42.41 0.00 0.00 -0.00 -0.00 -0.00 -90.00 0.00 0.00 -100.00 -0.00 0.00 -80.00 0.00 0.00 -0.00 -0.00 -0.00 -90.00 0.00 0.00 -100.00 -0.00 0.00 -80.00 0.00 0.00 -0.00 -0.00 -0.00 -90.00 0.00 0.00 -100.00 -0.00 0.00 -80.00 0.00 0.00 -0.00 4.00 0.01 -0.08 -0.00 0.11 -1.57 -0.00 0.05 -0.77
-0.0000 0.0180 0.0000 0.00 -0.00 0.00 0.00 -0.00 0.00 0.00 -0.00 0.00 0.00 -0.00 0.00 0.00 -0.00 0.00 0.00 -0.00 0.00 0.00 -0.00 0.00 0.00 -0.00 0.00 0.00 -0.00 0.00 0.00 -0.00 0.00 0.00 -0.00 0.00 0.00 -0.00 0.00 0.00 -0.00 0.00 0.00 -0.00 0.00 0.00 -0.00 0.00 0.00 -0.00 0.00 0.00 -0.00 0.00 0.00 -0.00 0.00 0.00 -0.00 0.00 0.00 -0.00 0.00 0.00 -0.00 0.00 0.00 -0.00 0.00 0.00 -0.00 0.00 0.00 -0.00 0.00 0.00 -0.00 0.00 0.00 -0.00 0.00 0.00 -0.00 0.00 0.00 -0.00 0.00 0.00 -0.00 0.00 0.00 -0.00 0.00 0.00 -0.00 0.00 0.00 -0.00 0.00 0.00 -0.00 0.00 0.00 -0.00 0.00 0.00 -0.00 0.00 0.00 -0.00 0.00 0.00 -0.00 0.00 0.00 -0.00 0.00 0.00 -0.00 0.00 0.00 -0.00 0.00 0.00 -0.00 0.00 94.39 0.18 -156.33 0.01 -25.00 0.03 -11.23 0.58 43.47 -20.47 30.26 42.41 0.00 0.00 -0.00 -0.00 -0.00 -90.00 0.00 0.00 -100.00 -0.00 0.00 -80.00 0.00 0.00 -0.00 -0.00 -0.00 -90.00 0.00 0.00 -100.00 -0.00 0.00 -80.00 0.00 0.00 -0.00 -0.00 -0.00 -90.00 0.00 0.00 -100.00 -0.00 0.00 -80.00 0.00 0.00 -0.00 4.00 0.01 -0.08 -0.00 0.11 -1.57 -0.00 0.05 -0.77
-0.0000 0.0174 0.0000 0.00 -0.00 0.00 0.00 -0.00 0.00 0.00 -0.00 0.00 0.00 -0.00 0.00 0.00 -0.00 0.00 0.00 -0.00 0.00 0.00 -0.00 0.00 0.00 -0.00 0.00 0.00 -0.00 0.00 0.00 -0.00 0.00 0.00 -0.00 0.00 0.00 -0.00 0.00 0.00 -0.00 0.00 0.00 -0.00 0.00 0.00 -0.00 0.00 0.00 -0.00 0.00 0.00 -0.00 0.00 0.00 -0.00 0.00 0.00 -0.00 0.00 0.00 -0.00 0.00 0.00 -0.00 0.00 0.00 -0.00 0.00 0.00 -0.00 0.00 0.00 -0.00 0.00 0.00 -0.00 0.00 0.00 -0.00 0.00 0.00 -0.00 0.00 0.00 -0.00 0.00 0.00 -0.00 0.00 0.00 -0.00 0.00 0.00 -0.00 0.00 0.00 -0.00 0.00 0.00 -0.00 0.00 0.00 -0.00 0.00 0.00 -0.00 0.00 0.00 -0.00 0.00 0.00 -0.00 0.00 0.00 -0.00 0.00 0.00 -0.00 0.00 0.00 -0.00 0.00 0.00 -0.00 0.00 94.39 0.18 -156.33 0.01 -25.00 0.03 -11.23 0.58 43.47 -20.47 30.26 42.41 0.00 0.00 -0.00 -0.00 -0.00 -90.00 0.00 0.00 -100.00 -0.00 0.00 -80.00 0.00 0.00 -0.00 -0.00 -0.00 -90.00 0.00 0.00 -100.00 -0.00 0.00 -80.00 0.00 0.00 -0.00 -0.00 -0.00 -90.00 0.00 0.00 -100.00 -0.00 0.00 -80.00 0.00 0.00 -0.00 4.00 0.01 -0.08 -0.00 0.11 -1.57 -0.00 0.05 -0.77
-0.0000 0.0175 0.0000 0.00 -0.00 0.00 0.00 -0.00 0.00 0.00 -0.00 0.00 0.00 -0.00 0.00 0.00 -0.00 0.00 0.00 -0.00 0.00 0.00 -0.00 0.00 0.00 -0.00 0.00 0.00 -0.00 0.00 0.00 -0.00 0.00 0.00 -0.00 0.00 0.00 -0.00 0.00 0.00 -0.00 0.00 0.00 -0.00 0.00 0.00 -0.00 0.00 0.00 -0.00 0.00 0.00 -0.00 0.00 0.00 -0.00 0.00 0.00 -0.00 0.00 0.00 -0.00 0.00 0.00 -0.00 0.00 0.00 -0.00 0.00 0.00 -0.00 0.00 0.00 -0.00 0.00 0.00 -0.00 0.00 0.00 -0.00 0.00 0.00 -0.00 0.00 0.00 -0.00 0.00 0.00 -0.00 0.00 0.00 -0.00 0.00 0.00 -0.00 0.00 0.00 -0.00 0.00 0.00 -0.00 0.00 0.00 -0.00 0.00 0.00 -0.00 0.00 0.00 -0.00 0.00 0.00 -0.00 0.00 0.00 -0.00 0.00 0.00 -0.00 0.00 0.00 -0.00 0.00 0.00 -0.00 0.00 94.39 0.18 -156.33 0.01 -25.00 0.03 -11.23 0.58 43.47 -20.47 30.26 42.41 0.00 0.00 -0.00 -0.00 -0.00 -90.00 0.00 0.00 -100.00 -0.00 0.00 -80.00 0.00 0.00 -0.00 -0.00 -0.00 -90.00 0.00 0.00 -100.00 -0.00 0.00 -80.00 0.00 0.00 -0.00 -0.00 -0.00 -90.00 0.00 0.00 -100.00 -0.00 0.00 -80.00 0.00 0.00 -0.00 4.00 0.01 -0.08 -0.00 0.11 -1.57 -0.00 0.05 -0.77
-0.0000 0.0183 0.0000 0.00 -0.00 0.00 0.00 -0.00 0.00 0.00 -0.00 0.00 0.00 -0.00 0.00 0.00 -0.00 0.00 0.00 -0.00 0.00 0.00 -0.00 0.00 0.00 -0.00 0.00 0.00 -0.00 0.00 0.00 -0.00 0.00 0.00 -0.00 0.00 0.00 -0.00 0.00 0.00 -0.00 0.00 0.00 -0.00 0.00 0.00 -0.00 0.00 0.00 -0.00 0.00 0.00 -0.00 0.00 0.00 -0.00 0.00 0.00 -0.00 0.00 0.00 -0.00 0.00 0.00 -0.00 0.00 0.00 -0.00 0.00 0.00 -0.00 0.00 0.00 -0.00 0.00 0.00 -0.00 0.00 0.00 -0.00 0.00 0.00 -0.00 0.00 0.00 -0.00 0.00 0.00 -0.00 0.00 0.00 -0.00 0.00 0.00 -0.00 0.00 0.00 -0.00 0.00 0.00 -0.00 0.00 0.00 -0.00 0.00 0.00 -0.00 0.00 0.00 -0.00 0.00 0.00 -0.00 0.00 0.00 -0.00 0.00 0.00 -0.00 0.00 0.00 -0.00 0.00 0.00 -0.00 0.00 94.39 0.18 -156.33 0.01 -25.00 0.03 -11.23 0.58 43.47 -20.47 30.26 42.41 0.00 0.00 -0.00 -0.00 -0.00 -90.00 0.00 0.00 -100.00 -0.00 0.00 -80.00 0.00 0.00 -0.00 -0.00 -0.00 -90.00 0.00 0.00 -100.00 -0.00 0.00 -80.00 0.00 0.00 -0.00 -0.00 -0.00 -90.00 0.00 0.00 -100.00 -0.00 0.00 -80.00 0.00 0.00 -0.00 4.00 0.01 -0.08 -0.00 0.11 -1.57 -0.00 0.05 -0.77
-0.0000 0.0183 0.0000 0.00 -0.00 0.00 0.00 -0.00 0.00 0.00 -0.00 0.00 0.00 -0.00 0.00 0.00 -0.00 0.00 0.00 -0.00 0.00 0.00 -0.00 0.00 0.00 -0.00 0.00 0.00 -0.00 0.00 0.00 -0.00 0.00 0.00 -0.00 0.00 0.00 -0.00 0.00 0.00 -0.00 0.00 0.00 -0.00 0.00 0.00 -0.00 0.00 0.00 -0.00 0.00 0.00 -0.00 0.00 0.00 -0.00 0.00 0.00 -0.00 0.00 0.00 -0.00 0.00 0.00 -0.00 0.00 0.00 -0.00 0.00 0.00 -0.00 0.00 0.00 -0.00 0.00 0.00 -0.00 0.00 0.00 -0.00 0.00 0.00 -0.00 0.00 0.00 -0.00 0.00 0.00 -0.00 0.00 0.00 -0.00 0.00 0.00 -0.00 0.00 0.00 -0.00 0.00 0.00 -0.00 0.00 0.00 -0.00 0.00 0.00 -0.00 0.00 0.00 -0.00 0.00 0.00 -0.00 0.00 0.00 -0.00 0.00 0.00 -0.00 0.00 0.00 -0.00 0.00 0.00 -0.00 0.00 94.39 0.18 -156.33 0.01 -25.00 0.03 -11.23 0.58 43.47 -20.47 30.26 42.41 0.00 0.00 -0.00 -0.00 -0.00 -90.00 0.00 0.00 -100.00 -0.00 0.00 -80.00 0.00 0.00 -0.00 -0.00 -0.00 -90.00 0.00 0.00 -100.00 -0.00 0.00 -80.00 0.00 0.00 -0.00 -0.00 -0.00 -90.00 0.00 0.00 -100.00 -0.00 0.00 -80.00 0.00 0.00 -0.00 4.00 0.01 -0.08 -0.00 0.11 -1.57 -0.00 0.05 -0.77
-0.0000 0.0184 0.0000 0.00 -0.00 0.00 0.00 -0.00 0.00 0.00 -0.00 0.00 0.00 -0.00 0.00 0.00 -0.00 0.00 0.00 -0.00 0.00 0.00 -0.00 0.00 0.00 -0.00 0.00 0.00 -0.00 0.00 0.00 -0.00 0.00 0.00 -0.00 0.00 0.00 -0.00 0.00 0.00 -0.00 0.00 0.00 -0.00 0.00 0.00 -0.00 0.00 0.00 -0.00 0.00 0.00 -0.00 0.00 0.00 -0.00 0.00 0.00 -0.00 0.00 0.00 -0.00 0.00 0.00 -0.00 0.00 0.00 -0.00 0.00 0.00 -0.00 0.00 0.00 -0.00 0.00 0.00 -0.00 0.00 0.00 -0.00 0.00 0.00 -0.00 0.00 0.00 -0.00 0.00 0.00 -0.00 0.00 0.00 -0.00 0.00 0.00 -0.00 0.00 0.00 -0.00 0.00 0.00 -0.00 0.00 0.00 -0.00 0.00 0.00 -0.00 0.00 0.00 -0.00 0.00 0.00 -0.00 0.00 0.00 -0.00 0.00 0.00 -0.00 0.00 0.00 -0.00 0.00 0.00 -0.00 0.00 94.39 0.18 -156.33 0.01 -25.00 0.03 -11.23 0.58 43.47 -20.47 30.26 42.41 0.00 0.00 -0.00 -0.00 -0.00 -90.00 0.00 0.00 -100.00 -0.00 0.00 -80.00 0.00 0.00 -0.00 -0.00 -0.00 -90.00 0.00 0.00 -100.00 -0.00 0.00 -80.00 0.00 0.00 -0.00 -0.00 -0.00 -90.00 0.00 0.00 -100.00 -0.00 0.00 -80.00 0.00 0.00 -0.00 4.00 0.01 -0.08 -0.00 0.11 -1.57 -0.00 0.05 -0.77
-0.0000 0.0185 0.0000 0.00 -0.00 0.00 0.00 -0.00 0.00 0.00 -0.00 0.00 0.00 -0.00 0.00 0.00 -0.00 0.00 0.00 -0.00 0.00 0.00 -0.00 0.00 0.00 -0.00 0.00 0.00 -0.00 0.00 0.00 -0.00 0.00 0.00 -0.00 0.00 0.00 -0.00 0.00 0.00 -0.00 0.00 0.00 -0.00 0.00 0.00 -0.00 0.00 0.00 -0.00 0.00 0.00 -0.00 0.00 0.00 -0.00 0.00 0.00 -0.00 0.00 0.00 -0.00 0.00 0.00 -0.00 0.00 0.00 -0.00 0.00 0.00 -0.00 0.00 0.00 -0.00 0.00 0.00 -0.00 0.00 0.00 -0.00 0.00 0.00 -0.00 0.00 0.00 -0.00 0.00 0.00 -0.00 0.00 0.00 -0.00 0.00 0.00 -0.00 0.00 0.00 -0.00 0.00 0.00 -0.00 0.00 0.00 -0.00 0.00 0.00 -0.00 0.00 0.00 -0.00 0.00 0.00 -0.00 0.00 0.00 -0.00 0.00 0.00 -0.00 0.00 0.00 -0.00 0.00 0.00 -0.00 0.00 94.39 0.18 -156.33 0.01 -25.00 0.03 -11.23 0.58 43.47 -20.47 30.26 42.41 0.00 0.00 -0.00 -0.00 -0.00 -90.00 0.00 0.00 -100.00 -0.00 0.00 -80.00 0.00 0.00 -0.00 -0.00 -0.00 -90.00 0.00 0.00 -100.00 -0.00 0.00 -80.00 0.00 0.00 -0.00 -0.00 -0.00 -90.00 0.00 0.00 -100.00 -0.00 0.00 -80.00 0.00 0.00 -0.00 4.00 0.01 -0.08 -0.00 0.11 -1.57 -0.00 0.05 -0.77
-0.0000 0.0177 0.0000 0.00 -0.00 0.00 0.00 -0.00 0.00 0.00 -0.00 0.00 0.00 -0.00 0.00 0.00 -0.00 0.00 0.00 -0.00 0.00 0.00 -0.00 0.00 0.00 -0.00 0.00 0.00 -0.00 0.00 0.00 -0.00 0.00 0.00 -0.00 0.00 0.00 -0.00 0.00 0.00 -0.00 0.00 0.00 -0.00 0.00 0.00 -0.00 0.00 0.00 -0.00 0.00 0.00 -0.00 0.00 0.00 -0.00 0.00 0.00 -0.00 0.00 0.00 -0.00 0.00 0.00 -0.00 0.00 0.00 -0.00 0.00 0.00 -0.00 0.00 0.00 -0.00 0.00 0.00 -0.00 0.00 0.00 -0.00 0.00 0.00 -0.00 0.00 0.00 -0.00 0.00 0.00 -0.00 0.00 0.00 -0.00 0.00 0.00 -0.00 0.00 0.00 -0.00 0.00 0.00 -0.00 0.00 0.00 -0.00 0.00 0.00 -0.00 0.00 0.00 -0.00 0.00 0.00 -0.00 0.00 0.00 -0.00 0.00 0.00 -0.00 0.00 0.00 -0.00 0.00 0.00 -0.00 0.00 94.39 0.18 -156.33 0.01 -25.00 0.03 -11.23 0.58 43.47 -20.47 30.26 42.41 0.00 0.00 -0.00 -0.00 -0.00 -90.00 0.00 0.00 -100.00 -0.00 0.00 -80.00 0.00 0.00 -0.00 -0.00 -0.00 -90.00 0.00 0.00 -100.00 -0.00 0.00 -80.00 0.00 0.00 -0.00 -0.00 -0.00 -90.00 0.00 0.00 -100.00 -0.00 0.00 -80.00 0.00 0.00 -0.00 4.00 0.01 -0.08 -0.00 0.11 -1.57 -0.00 0.05 -0.77
-0.0000 0.0176 0.0000 0.00 -0.00 0.00 0.00 -0.00 0.00 0.00 -0.00 0.00 0.00 -0.00 0.00 0.00 -0.00 0.00 0.00 -0.00 0.00 0.00 -0.00 0.00 0.00 -0.00 0.00 0.00 -0.00 0.00 0.00 -0.00 0.00 0.00 -0.00 0.00 0.00 -0.00 0.00 0.00 -0.00 0.00 0.00 -0.00 0.00 0.00 -0.00 0.00 0.00 -0.00 0.00 0.00 -0.00 0.00 0.00 -0.00 0.00 0.00 -0.00 0.00 0.00 -0.00 0.00 0.00 -0.00 0.00 0.00 -0.00 0.00 0.00 -0.00 0.00 0.00 -0.00 0.00 0.00 -0.00 0.00 0.00 -0.00 0.00 0.00 -0.00 0.00 0.00 -0.00 0.00 0.00 -0.00 0.00 0.00 -0.00 0.00 0.00 -0.00 0.00 0.00 -0.00 0.00 0.00 -0.00 0.00 0.00 -0.00 0.00 0.00 -0.00 0.00 0.00 -0.00 0.00 0.00 -0.00 0.00 0.00 -0.00 0.00 0.00 -0.00 0.00 0.00 -0.00 0.00 0.00 -0.00 0.00 94.39 0.18 -156.33 0.01 -25.00 0.03 -11.23 0.58 43.47 -20.47 30.26 42.41 0.00 0.00 -0.00 -0.00 -0.00 -90.00 0.00 0.00 -100.00 -0.00 0.00 -80.00 0.00 0.00 -0.00 -0.00 -0.00 -90.00 0.00 0.00 -100.00 -0.00 0.00 -80.00 0.00 0.00 -0.00 -0.00 -0.00 -90.00 0.00 0.00 -100.00 -0.00 0.00 -80.00 0.00 0.00 -0.00 4.00 0.01 -0.08 -0.00 0.11 -1.57 -0.00 0.05 -0.77
-0.0000 0.0179 0.0000 0.00 -0.00 0.00 0.00 -0.00 0.00 0.00 -0.00 0.00 0.00 -0.00 0.00 0.00 -0.00 0.00 0.00 -0.00 0.00 0.00 -0.00 0.00 0.00 -0.00 0.00 0.00 -0.00 0.00 0.00 -0.00 0.00 0.00 -0.00 0.00 0.00 -0.00 0.00 0.00 -0.00 0.00 0.00 -0.00 0.00 0.00 -0.00 0.00 0.00 -0.00 0.00 0.00 -0.00 0.00 0.00 -0.00 0.00 0.00 -0.00 0.00 0.00 -0.00 0.00 0.00 -0.00 0.00 0.00 -0.00 0.00 0.00 -0.00 0.00 0.00 -0.00 0.00 0.00 -0.00 0.00 0.00 -0.00 0.00 0.00 -0.00 0.00 0.00 -0.00 0.00 0.00 -0.00 0.00 0.00 -0.00 0.00 0.00 -0.00 0.00 0.00 -0.00 0.00 0.00 -0.00 0.00 0.00 -0.00 0.00 0.00 -0.00 0.00 0.00 -0.00 0.00 0.00 -0.00 0.00 0.00 -0.00 0.00 0.00 -0.00 0.00 0.00 -0.00 0.00 0.00 -0.00 0.00 94.39 0.18 -156.33 0.01 -25.00 0.03 -11.23 0.58 43.47 -20.47 30.26 42.41 0.00 0.00 -0.00 -0.00 -0.00 -90.00 0.00 0.00 -100.00 -0.00 0.00 -80.00 0.00 0.00 -0.00 -0.00 -0.00 -90.00 0.00 0.00 -100.00 -0.00 0.00 -80.00 0.00 0.00 -0.00 -0.00 -0.00 -90.00 0.00 0.00 -100.00 -0.00 0.00 -80.00 0.00 0.00 -0.00 4.00 0.01 -0.08 -0.00 0.11 -1.57 -0.00 0.05 -0.77
-0.0000 0.0182 0.0000 0.00 -0.00 0.00 0.00 -0.00 0.00 0.00 -0.00 0.00 0.00 -0.00 0.00 0.00 -0.00 0.00 0.00 -0.00 0.00 0.00 -0.00 0.00 0.00 -0.00 0.00 0.00 -0.00 0.00 0.00 -0.00 0.00 0.00 -0.00 0.00 0.00 -0.00 0.00 0.00 -0.00 0.00 0.00 -0.00 0.00 0.00 -0.00 0.00 0.00 -0.00 0.00 0.00 -0.00 0.00 0.00 -0.00 0.00 0.00 -0.00 0.00 0.00 -0.00 0.00 0.00 -0.00 0.00 0.00 -0.00 0.00 0.00 -0.00 0.00 0.00 -0.00 0.00 0.00 -0.00 0.00 0.00 -0.00 0.00 0.00 -0.00 0.00 0.00 -0.00 0.00 0.00 -0.00 0.00 0.00 -0.00 0.00 0.00 -0.00 0.00 0.00 -0.00 0.00 0.00 -0.00 0.00 0.00 -0.00 0.00 0.00 -0.00 0.00 0.00 -0.00 0.00 0.00 -0.00 0.00 0.00 -0.00 0.00 0.00 -0.00 0.00 0.00 -0.00 0.00 0.00 -0.00 0.00 94.39 0.18 -156.33 0.01 -25.00 0.03 -11.23 0.58 43.47 -20.47 30.26 42.41 0.00 0.00 -0.00 -0.00 -0.00 -90.00 0.00 0.00 -100.00 -0.00 0.00 -80.00 0.00 0.00 -0.00 -0.00 -0.00 -90.00 0.00 0.00 -100.00 -0.00 0.00 -80.00 0.00 0.00 -0.00 -0.00 -0.00 -90.00 0.00 0.00 -100.00 -0.00 0.00 -80.00 0.00 0.00 -0.00 4.00 0.01 -0.08 -0.00 0.11 -1.57 -0.00 0.05 -0.77
-0.0000 0.0174 0.0000 0.00 -0.00 0.00 0.00 -0.00 0.00 0.00 -0.00 0.00 0.00 -0.00 0.00 0.00 -0.00 0.00 0.00 -0.00 0.00 0.00 -0.00 0.00 0.00 -0.00 0.00 0.00 -0.00 0.00 0.00 -0.00 0.00 0.00 -0.00 0.00 0.00 -0.00 0.00 0.00 -0.00 0.00 0.00 -0.00 0.00 0.00 -0.00 0.00 0.00 -0.00 0.00 0.00 -0.00 0.00 0.00 -0.00 0.00 0.00 -0.00 0.00 0.00 -0.00 0.00 0.00 -0.00 0.00 0.00 -0.00 0.00 0.00 -0.00 0.00 0.00 -0.00 0.00 0.00 -0.00 0.00 0.00 -0.00 0.00 0.00 -0.00 0.00 0.00 -0.00 0.00 0.00 -0.00 0.00 0.00 -0.00 0.00 0.00 -0.00 0.00 0.00 -0.00 0.00 0.00 -0.00 0.00 0.00 -0.00 0.00 0.00 -0.00 0.00 0.00 -0.00 0.00 0.00 -0.00 0.00 0.00 -0.00 0.00 0.00 -0.00 0.00 0.00 -0.00 0.00 0.00 -0.00 0.00 94.39 0.18 -156.33 0.01 -25.00 0.03 -11.23 0.58 43.47 -20.47 30.26 42.41 0.00 0.00 -0.00 -0.00 -0.00 -90.00 0.00 0.00 -100.00 -0.00 0.00 -80.00 0.00 0.00 -0.00 -0.00 -0.00 -90.00 0.00 0.00 -100.00 -0.00 0.00 -80.00 0.00 0.00 -0.00 -0.00 -0.00 -90.00 0.00 0.00 -100.00 -0.00 0.00 -80.00 0.00 0.00 -0.00 4.00 0.01 -0.08 -0.00 0.11 -1.57 -0.00 0.05 -0.77
-0.0000 0.0171 0.0000 0.00 -0.00 0.00 0.00 -0.00 0.00 0.00 -0.00 0.00 0.00 -0.00 0.00 0.00 -0.00 0.00 0.00 -0.00 0.00 0.00 -0.00 0.00 0.00 -0.00 0.00 0.00 -0.00 0.00 0.00 -0.00 0.00 0.00 -0.00 0.00 0.00 -0.00 0.00 0.00 -0.00 0.00 0.00 -0.00 0.00 0.00 -0.00 0.00 0.00 -0.00 0.00 0.00 -0.00 0.00 0.00 -0.00 0.00 0.00 -0.00 0.00 0.00 -0.00 0.00 0.00 -0.00 0.00 0.00 -0.00 0.00 0.00 -0.00 0.00 0.00 -0.00 0.00 0.00 -0.00 0.00 0.00 -0.00 0.00 0.00 -0.00 0.00 0.00 -0.00 0.00 0.00 -0.00 0.00 0.00 -0.00 0.00 0.00 -0.00 0.00 0.00 -0.00 0.00 0.00 -0.00 0.00 0.00 -0.00 0.00 0.00 -0.00 0.00 0.00 -0.00 0.00 0.00 -0.00 0.00 0.00 -0.00 0.00 0.00 -0.00 0.00 0.00 -0.00 0.00 0.00 -0.00 0.00 94.39 0.18 -156.33 0.01 -25.00 0.03 -11.23 0.58 43.47 -20.47 30.26 42.41 0.00 0.00 -0.00 -0.00 -0.00 -90.00 0.00 0.00 -100.00 -0.00 0.00 -80.00 0.00 0.00 -0.00 -0.00 -0.00 -90.00 0.00 0.00 -100.00 -0.00 0.00 -80.00 0.00 0.00 -0.00 -0.00 -0.00 -90.00 0.00 0.00 -100.00 -0.00 0.00 -80.00 0.00 0.00 -0.00 4.00 0.01 -0.08 -0.00 0.11 -1.57 -0.00 0.05 -0.77
-0.0000 0.0164 0.0000 0.00 -0.00 0.00 0.00 -0.00 0.00 0.00 -0.00 0.00 0.00 -0.00 0.00 0.00 -0.00 0.00 0.00 -0.00 0.00 0.00 -0.00 0.00 0.00 -0.00 0.00 0.00 -0.00 0.00 0.00 -0.00 0.00 0.00 -0.00 0.00 0.00 -0.00 0.00 0.00 -0.00 0.00 0.00 -0.00 0.00 0.00 -0.00 0.00 0.00 -0.00 0.00 0.00 -0.00 0.00 0.00 -0.00 0.00 0.00 -0.00 0.00 0.00 -0.00 0.00 0.00 -0.00 0.00 0.00 -0.00 0.00 0.00 -0.00 0.00 0.00 -0.00 0.00 0.00 -0.00 0.00 0.00 -0.00 0.00 0.00 -0.00 0.00 0.00 -0.00 0.00 0.00 -0.00 0.00 0.00 -0.00 0.00 0.00 -0.00 0.00 0.00 -0.00 0.00 0.00 -0.00 0.00 0.00 -0.00 0.00 0.00 -0.00 0.00 0.00 -0.00 0.00 0.00 -0.00 0.00 0.00 -0.00 0.00 0.00 -0.00 0.00 0.00 -0.00 0.00 0.00 -0.00 0.00 94.39 0.18 -156.33 0.01 -25.00 0.03 -11.23 0.58 43.47 -20.47 30.26 42.41 0.00 0.00 -0.00 -0.00 -0.00 -90.00 0.00 0.00 -100.00 -0.00 0.00 -80.00 0.00 0.00 -0.00 -0.00 -0.00 -90.00 0.00 0.00 -100.00 -0.00 0.00 -80.00 0.00 0.00 -0.00 -0.00 -0.00 -90.00 0.00 0.00 -100.00 -0.00 0.00 -80.00 0.00 0.00 -0.00 4.00 0.01 -0.08 -0.00 0.11 -1.57 -0.00 0.05 -0.77
