HIERARCHY
ROOT Hips
{
OFFSET 0.0000 111.0000 0.0000
CHANNELS 6 Xposition Yposition Zposition Yrotation Xrotation Zrotation
	JOINT RightUpperLeg
	{
		OFFSET -10.5000 -8.8000 0.0000
		CHANNELS 3 Yrotation Xrotation Zrotation
		JOINT RightLowerLeg
		{
			OFFSET 0.0000 -45.6000 0.0000
			CHANNELS 3 Yrotation Xrotation Zrotation
			JOINT RightFoot
			{
				OFFSET 0.0000 -46.7000 0.0000
				CHANNELS 3 Yrotation Xrotation Zrotation
				JOINT RightToe
				{
					OFFSET 0.0000 -8.0000 12.1000
					CHANNELS 3 Yrotation Xrotation Zrotation
					End Site
					{
						OFFSET 0.0000 0.0000 2.4200
					}
				}
			}
		}
	}
	JOINT LeftUpperLeg
	{
		OFFSET 10.5000 -8.8000 0.0000
		CHANNELS 3 Yrotation Xrotation Zrotation
		JOINT LeftLowerLeg
		{
			OFFSET 0.0000 -45.6000 0.0000
			CHANNELS 3 Yrotation Xrotation Zrotation
			JOINT LeftFoot
			{
				OFFSET 0.0000 -46.7000 0.0000
				CHANNELS 3 Yrotation Xrotation Zrotation
				JOINT LeftToe
				{
					OFFSET 0.0000 -8.0000 12.1000
					CHANNELS 3 Yrotation Xrotation Zrotation
					End Site
					{
						OFFSET 0.0000 0.0000 2.4200
					}
				}
			}
		}
	}
	JOINT Spine
	{
		OFFSET 0.0000 9.7000 0.0000
		CHANNELS 3 Yrotation Xrotation Zrotation
		JOINT Spine1
		{
			OFFSET 0.0000 11.2000 0.0000
			CHANNELS 3 Yrotation Xrotation Zrotation
			JOINT Spine2
			{
				OFFSET 0.0000 12.1000 0.0000
				CHANNELS 3 Yrotation Xrotation Zrotation
				JOINT Spine3
				{
					OFFSET 0.0000 11.7000 1.2000
					CHANNELS 3 Yrotation Xrotation Zrotation
					JOINT Neck
					{
						OFFSET 0.0000 12.0000 -1.2000
						CHANNELS 3 Yrotation Xrotation Zrotation
						JOINT Head
						{
							OFFSET 0.0000 10.0000 0.0000
							CHANNELS 3 Yrotation Xrotation Zrotation
							End Site
							{
								OFFSET 0.0000 20.0000 0.0000
							}
						}
					}
					JOINT RightShoulder
					{
						OFFSET -4.9000 4.0000 -1.2000
						CHANNELS 3 Yrotation Xrotation Zrotation
						JOINT RightUpperArm
						{
							OFFSET -15.6000 0.0000 0.0000
							CHANNELS 3 Yrotation Xrotation Zrotation
							JOINT RightLowerArm
							{
								OFFSET -25.9000 0.0000 0.0000
								CHANNELS 3 Yrotation Xrotation Zrotation
								JOINT RightHand
								{
									OFFSET -28.4000 0.0000 0.0000
									CHANNELS 3 Yrotation Xrotation Zrotation
									JOINT RightThumbFinger
									{
										OFFSET -3.4000 0.3000 4.2000
										CHANNELS 3 Yrotation Xrotation Zrotation
										JOINT RightThumbFinger1
										{
											OFFSET -3.5000 0.0000 3.5000
											CHANNELS 3 Yrotation Xrotation Zrotation
											JOINT RightThumbFinger2
											{
												OFFSET -2.5000 0.0000 2.4000
												CHANNELS 3 Yrotation Xrotation Zrotation
												End Site
												{
													OFFSET -2.1450 0.0000 2.0592
												}
											}
										}
									}
									JOINT RightIndexFinger
									{
										OFFSET -4.4000 0.7000 2.6000
										CHANNELS 3 Yrotation Xrotation Zrotation
										JOINT RightIndexFinger1
										{
											OFFSET -7.0000 -0.1000 1.4000
											CHANNELS 3 Yrotation Xrotation Zrotation
											JOINT RightIndexFinger2
											{
												OFFSET -5.0000 -0.2000 0.0000
												CHANNELS 3 Yrotation Xrotation Zrotation
												JOINT RightIndexFinger3
												{
													OFFSET -2.7000 -0.2000 0.0000
													CHANNELS 3 Yrotation Xrotation Zrotation
													End Site
													{
														OFFSET -2.3814 -0.1764 0.0000
													}
												}
											}
										}
									}
									JOINT RightMiddleFinger
									{
										OFFSET -4.6000 0.7000 1.0000
										CHANNELS 3 Yrotation Xrotation Zrotation
										JOINT RightMiddleFinger1
										{
											OFFSET -7.0000 -0.1000 0.4000
											CHANNELS 3 Yrotation Xrotation Zrotation
											JOINT RightMiddleFinger2
											{
												OFFSET -5.3000 -0.3000 0.0000
												CHANNELS 3 Yrotation Xrotation Zrotation
												JOINT RightMiddleFinger3
												{
													OFFSET -3.4000 -0.3000 0.0000
													CHANNELS 3 Yrotation Xrotation Zrotation
													End Site
													{
														OFFSET -2.9988 -0.2646 0.0000
													}
												}
											}
										}
									}
									JOINT RightRingFinger
									{
										OFFSET -4.5000 0.8000 -0.1000
										CHANNELS 3 Yrotation Xrotation Zrotation
										JOINT RightRingFinger1
										{
											OFFSET -6.3000 -0.1000 -0.7000
											CHANNELS 3 Yrotation Xrotation Zrotation
											JOINT RightRingFinger2
											{
												OFFSET -4.7000 -0.4000 0.0000
												CHANNELS 3 Yrotation Xrotation Zrotation
												JOINT RightRingFinger3
												{
													OFFSET -3.2000 -0.3000 0.0000
													CHANNELS 3 Yrotation Xrotation Zrotation
													End Site
													{
														OFFSET -2.8224 -0.2646 0.0000
													}
												}
											}
										}
									}
									JOINT RightPinkyFinger
									{
										OFFSET -4.3000 0.7000 -1.6000
										CHANNELS 3 Yrotation Xrotation Zrotation
										JOINT RightPinkyFinger1
										{
											OFFSET -5.6000 -0.1000 -1.5000
											CHANNELS 3 Yrotation Xrotation Zrotation
											JOINT RightPinkyFinger2
											{
												OFFSET -3.7000 -0.2000 0.0000
												CHANNELS 3 Yrotation Xrotation Zrotation
												JOINT RightPinkyFinger3
												{
													OFFSET -2.4000 -0.1000 0.0000
													CHANNELS 3 Yrotation Xrotation Zrotation
													End Site
													{
														OFFSET -2.1168 -0.0882 0.0000
													}
												}
											}
										}
									}
								}
							}
						}
					}
					JOINT LeftShoulder
					{
						OFFSET 4.9000 4.0000 -1.2000
						CHANNELS 3 Yrotation Xrotation Zrotation
						JOINT LeftUpperArm
						{
							OFFSET 15.6000 0.0000 0.0000
							CHANNELS 3 Yrotation Xrotation Zrotation
							JOINT LeftLowerArm
							{
								OFFSET 25.9000 0.0000 0.0000
								CHANNELS 3 Yrotation Xrotation Zrotation
								JOINT LeftHand
								{
									OFFSET 28.4000 0.0000 0.0000
									CHANNELS 3 Yrotation Xrotation Zrotation
									JOINT LeftThumbFinger
									{
										OFFSET 3.4000 0.3000 4.2000
										CHANNELS 3 Yrotation Xrotation Zrotation
										JOINT LeftThumbFinger1
										{
											OFFSET 3.5000 0.0000 3.5000
											CHANNELS 3 Yrotation Xrotation Zrotation
											JOINT LeftThumbFinger2
											{
												OFFSET 2.5000 0.0000 2.5000
												CHANNELS 3 Yrotation Xrotation Zrotation
												End Site
												{
													OFFSET 2.1450 0.0000 2.1450
												}
											}
										}
									}
									JOINT LeftIndexFinger
									{
										OFFSET 4.4000 0.7000 2.6000
										CHANNELS 3 Yrotation Xrotation Zrotation
										JOINT LeftIndexFinger1
										{
											OFFSET 7.0000 -0.1000 1.4000
											CHANNELS 3 Yrotation Xrotation Zrotation
											JOINT LeftIndexFinger2
											{
												OFFSET 5.0000 -0.2000 0.0000
												CHANNELS 3 Yrotation Xrotation Zrotation
												JOINT LeftIndexFinger3
												{
													OFFSET 2.7000 -0.2000 0.0000
													CHANNELS 3 Yrotation Xrotation Zrotation
													End Site
													{
														OFFSET 2.3814 -0.1764 0.0000
													}
												}
											}
										}
									}
									JOINT LeftMiddleFinger
									{
										OFFSET 4.6000 0.7000 1.0000
										CHANNELS 3 Yrotation Xrotation Zrotation
										JOINT LeftMiddleFinger1
										{
											OFFSET 7.0000 -0.1000 0.4000
											CHANNELS 3 Yrotation Xrotation Zrotation
											JOINT LeftMiddleFinger2
											{
												OFFSET 5.3000 -0.3000 0.0000
												CHANNELS 3 Yrotation Xrotation Zrotation
												JOINT LeftMiddleFinger3
												{
													OFFSET 3.4000 -0.3000 0.0000
													CHANNELS 3 Yrotation Xrotation Zrotation
													End Site
													{
														OFFSET 2.9988 -0.2646 0.0000
													}
												}
											}
										}
									}
									JOINT LeftRingFinger
									{
										OFFSET 4.5000 0.8000 -0.1000
										CHANNELS 3 Yrotation Xrotation Zrotation
										JOINT LeftRingFinger1
										{
											OFFSET 6.3000 -0.1000 -0.7000
											CHANNELS 3 Yrotation Xrotation Zrotation
											JOINT LeftRingFinger2
											{
												OFFSET 4.7000 -0.3000 0.0000
												CHANNELS 3 Yrotation Xrotation Zrotation
												JOINT LeftRingFinger3
												{
													OFFSET 3.2000 -0.2000 0.0000
													CHANNELS 3 Yrotation Xrotation Zrotation
													End Site
													{
														OFFSET 2.8224 -0.1764 0.0000
													}
												}
											}
										}
									}
									JOINT LeftPinkyFinger
									{
										OFFSET 4.3000 0.7000 -1.6000
										CHANNELS 3 Yrotation Xrotation Zrotation
										JOINT LeftPinkyFinger1
										{
											OFFSET 5.6000 -0.1000 -1.5000
											CHANNELS 3 Yrotation Xrotation Zrotation
											JOINT LeftPinkyFinger2
											{
												OFFSET 3.7000 -0.2000 0.1000
												CHANNELS 3 Yrotation Xrotation Zrotation
												JOINT LeftPinkyFinger3
												{
													OFFSET 2.4000 -0.1000 -0.1000
													CHANNELS 3 Yrotation Xrotation Zrotation
													End Site
													{
														OFFSET 2.1168 -0.0882 -0.0882
													}
												}
											}
										}
									}
								}
							}
						}
					}
				}
			}
		}
	}
}
MOTION
Frames: 960
Frame Time: 0.0166667
0.00 111.00 0.00 0.00 0.00 0.00 0.00 0.00 0.00 0.00 0.00 0.00 0.00 0.00 0.00 0.00 0.00 0.00 0.00 0.00 0.00 0.00 0.00 0.00 0.00 0.00 0.00 0.00 0.00 0.00 0.00 0.00 0.00 0.00 0.00 0.00 0.00 0.00 0.00 0.00 0.00 0.00 0.00 0.00 0.00 0.00 0.00 0.00 0.00 0.00 0.00 0.00 0.00 0.00 0.00 0.00 0.00 0.00 0.00 0.00 0.00 0.00 0.00 0.00 0.00 0.00 0.00 0.00 0.00 0.00 0.00 0.00 0.00 0.00 0.00 0.00 0.00 0.00 0.00 0.00 0.00 0.00 0.00 0.00 0.00 0.00 0.00 0.00 0.00 0.00 0.00 0.00 0.00 0.00 0.00 0.00 0.00 0.00 0.00 0.00 0.00 0.00 0.00 0.00 0.00 0.00 0.00 0.00 0.00 0.00 0.00 0.00 0.00 0.00 0.00 0.00 0.00 0.00 0.00 0.00 0.00 0.00 0.00 0.00 0.00 0.00 0.00 0.00 0.00 0.00 0.00 0.00 0.00 0.00 0.00 0.00 0.00 0.00 0.00 0.00 0.00 0.00 0.00 0.00 0.00 0.00 0.00 0.00 0.00 0.00 0.00 0.00 0.00 0.00 0.00 0.00 0.00 0.00 0.00 0.00 0.00 0.00 0.00 0.00 0.00 0.00 0.00 0.00 0.00 0.00 0.00 0.00 0.00 0.00 0.00 0.00 0.00 0.00 0.00 0.00 0.00 0.00 0.00 0.00 0.00 0.00
-0.0000 0.0241 0.0000 0.00 -0.00 0.00 0.00 -0.00 0.00 0.00 -0.00 0.00 0.00 -0.00 0.00 0.00 -0.00 0.00 0.00 -0.00 0.00 0.00 -0.00 0.00 0.00 -0.00 0.00 0.00 -0.00 0.00 0.00 -0.00 0.00 0.00 -0.00 0.00 0.00 -0.00 0.00 0.00 -0.00 0.00 0.00 -0.00 0.00 0.00 -0.00 0.00 0.00 -0.00 0.00 0.00 -0.00 0.00 0.00 -0.00 0.00 69.06 -37.95 134.56 -0.00 23.41 -0.00 -6.28 10.14 20.11 -1.36 12.81 32.73 0.00 0.00 -0.00 2.00 -0.02 0.60 -0.05 -0.29 8.53 -0.03 -0.15 4.30 0.00 0.00 -0.00 -0.00 -0.00 1.62 -0.00 -0.00 16.38 0.00 -0.00 8.49 0.00 0.00 -0.00 -2.00 0.08 2.24 0.26 0.63 19.87 0.20 0.31 10.44 0.00 0.00 -0.00 -4.00 0.02 0.25 0.02 0.30 4.33 0.02 0.15 2.15 0.00 -0.00 0.00 0.00 -0.00 0.00 0.00 -0.00 0.00 0.00 -0.00 0.00 0.00 -0.00 0.00 0.00 -0.00 0.00 0.00 -0.00 0.00 0.00 -0.00 0.00 0.00 -0.00 0.00 0.00 -0.00 0.00 0.00 -0.00 0.00 0.00 -0.00 0.00 0.00 -0.00 0.00 0.00 -0.00 0.00 0.00 -0.00 0.00 0.00 -0.00 0.00 0.00 -0.00 0.00 0.00 -0.00 0.00 0.00 -0.00 0.00 0.00 -0.00 0.00 0.00 -0.00 0.00 0.00 -0.00 0.00 0.00 -0.00 0.00
-0.0000 0.0237 0.0000 0.00 -0.00 0.00 0.00 -0.00 0.00 0.00 -0.00 0.00 0.00 -0.00 0.00 0.00 -0.00 0.00 0.00 -0.00 0.00 0.00 -0.00 0.00 0.00 -0.00 0.00 0.00 -0.00 0.00 0.00 -0.00 0.00 0.00 -0.00 0.00 0.00 -0.00 0.00 0.00 -0.00 0.00 0.00 -0.00 0.00 0.00 -0.00 0.00 0.00 -0.00 0.00 0.00 -0.00 0.00 0.00 -0.00 0.00 69.06 -37.95 134.56 -0.00 23.41 -0.00 -6.28 10.14 20.11 -1.36 12.81 32.73 0.00 0.00 -0.00 2.00 -0.02 0.60 -0.05 -0.29 8.53 -0.03 -0.15 4.30 0.00 0.00 -0.00 -0.00 -0.00 1.62 -0.00 -0.00 16.38 0.00 -0.00 8.49 0.00 0.00 -0.00 -2.00 0.08 2.24 0.26 0.63 19.87 0.20 0.31 10.44 0.00 0.00 -0.00 -4.00 0.02 0.25 0.02 0.30 4.33 0.02 0.15 2.15 0.00 -0.00 0.00 0.00 -0.00 0.00 0.00 -0.00 0.00 0.00 -0.00 0.00 0.00 -0.00 0.00 0.00 -0.00 0.00 0.00 -0.00 0.00 0.00 -0.00 0.00 0.00 -0.00 0.00 0.00 -0.00 0.00 0.00 -0.00 0.00 0.00 -0.00 0.00 0.00 -0.00 0.00 0.00 -0.00 0.00 0.00 -0.00 0.00 0.00 -0.00 0.00 0.00 -0.00 0.00 0.00 -0.00 0.00 0.00 -0.00 0.00 0.00 -0.00 0.00 0.00 -0.00 0.00 0.00 -0.00 0.00 0.00 -0.00 0.00
-0.0000 0.0234 0.0000 0.00 -0.00 0.00 0.00 -0.00 0.00 0.00 -0.00 0.00 0.00 -0.00 0.00 0.00 -0.00 0.00 0.00 -0.00 0.00 0.00 -0.00 0.00 0.00 -0.00 0.00 0.00 -0.00 0.00 0.00 -0.00 0.00 0.00 -0.00 0.00 0.00 -0.00 0.00 0.00 -0.00 0.00 0.00 -0.00 0.00 0.00 -0.00 0.00 0.00 -0.00 0.00 0.00 -0.00 0.00 0.00 -0.00 0.00 69.06 -37.95 134.56 -0.00 23.41 -0.00 -6.28 10.14 20.11 -1.36 12.81 32.73 0.00 0.00 -0.00 2.00 -0.02 0.60 -0.05 -0.29 8.53 -0.03 -0.15 4.30 0.00 0.00 -0.00 0.00 -0.00 1.62 -0.00 0.00 16.38 0.00 0.00 8.49 0.00 0.00 -0.00 -2.00 0.08 2.24 0.26 0.63 19.88 0.20 0.31 10.44 0.00 0.00 -0.00 -4.00 0.02 0.25 0.02 0.30 4.33 0.02 0.15 2.15 0.00 -0.00 0.00 0.00 -0.00 0.00 0.00 -0.00 0.00 0.00 -0.00 0.00 0.00 -0.00 0.00 0.00 -0.00 0.00 0.00 -0.00 0.00 0.00 -0.00 0.00 0.00 -0.00 0.00 0.00 -0.00 0.00 0.00 -0.00 0.00 0.00 -0.00 0.00 0.00 -0.00 0.00 0.00 -0.00 0.00 0.00 -0.00 0.00 0.00 -0.00 0.00 0.00 -0.00 0.00 0.00 -0.00 0.00 0.00 -0.00 0.00 0.00 -0.00 0.00 0.00 -0.00 0.00 0.00 -0.00 0.00 0.00 -0.00 0.00
-0.0000 0.0240 0.0000 0.00 -0.00 0.00 0.00 -0.00 0.00 0.00 -0.00 0.00 0.00 -0.00 0.00 0.00 -0.00 0.00 0.00 -0.00 0.00 0.00 -0.00 0.00 0.00 -0.00 0.00 0.00 -0.00 0.00 0.00 -0.00 0.00 0.00 -0.00 0.00 0.00 -0.00 0.00 0.00 -0.00 0.00 0.00 -0.00 0.00 0.00 -0.00 0.00 0.00 -0.00 0.00 0.00 -0.00 0.00 0.00 -0.00 0.00 69.06 -37.95 134.56 -0.00 23.41 -0.00 -6.28 10.14 20.11 -1.36 12.81 32.73 0.00 0.00 -0.00 2.00 -0.02 0.60 -0.05 -0.29 8.52 -0.03 -0.15 4.30 0.00 0.00 -0.00 -0.00 -0.00 1.62 0.00 0.00 16.38 -0.00 0.00 8.49 0.00 0.00 -0.00 -2.00 0.08 2.24 0.26 0.63 19.88 0.20 0.31 10.44 0.00 0.00 -0.00 -4.00 0.02 0.25 0.02 0.30 4.33 0.02 0.15 2.15 0.00 -0.00 0.00 0.00 -0.00 0.00 0.00 -0.00 0.00 0.00 -0.00 0.00 0.00 -0.00 0.00 0.00 -0.00 0.00 0.00 -0.00 0.00 0.00 -0.00 0.00 0.00 -0.00 0.00 0.00 -0.00 0.00 0.00 -0.00 0.00 0.00 -0.00 0.00 0.00 -0.00 0.00 0.00 -0.00 0.00 0.00 -0.00 0.00 0.00 -0.00 0.00 0.00 -0.00 0.00 0.00 -0.00 0.00 0.00 -0.00 0.00 0.00 -0.00 0.00 0.00 -0.00 0.00 0.00 -0.00 0.00 0.00 -0.00 0.00
-0.0000 0.0234 0.0000 0.00 -0.00 0.00 0.00 -0.00 0.00 0.00 -0.00 0.00 0.00 -0.00 0.00 0.00 -0.00 0.00 0.00 -0.00 0.00 0.00 -0.00 0.00 0.00 -0.00 0.00 0.00 -0.00 0.00 0.00 -0.00 0.00 0.00 -0.00 0.00 0.00 -0.00 0.00 0.00 -0.00 0.00 0.00 -0.00 0.00 0.00 -0.00 0.00 0.00 -0.00 0.00 0.00 -0.00 0.00 0.00 -0.00 0.00 69.06 -37.95 134.56 -0.00 23.41 -0.00 -6.28 10.14 20.11 -1.36 12.81 32.73 0.00 0.00 -0.00 2.00 -0.02 0.60 -0.05 -0.29 8.53 -0.03 -0.15 4.30 0.00 0.00 -0.00 -0.00 -0.00 1.62 -0.00 -0.00 16.38 0.00 0.00 8.49 0.00 0.00 -0.00 -2.00 0.08 2.24 0.26 0.63 19.88 0.20 0.31 10.44 0.00 0.00 -0.00 -4.00 0.02 0.25 0.02 0.30 4.33 0.02 0.15 2.15 0.00 -0.00 0.00 0.00 -0.00 0.00 0.00 -0.00 0.00 0.00 -0.00 0.00 0.00 -0.00 0.00 0.00 -0.00 0.00 0.00 -0.00 0.00 0.00 -0.00 0.00 0.00 -0.00 0.00 0.00 -0.00 0.00 0.00 -0.00 0.00 0.00 -0.00 0.00 0.00 -0.00 0.00 0.00 -0.00 0.00 0.00 -0.00 0.00 0.00 -0.00 0.00 0.00 -0.00 0.00 0.00 -0.00 0.00 0.00 -0.00 0.00 0.00 -0.00 0.00 0.00 -0.00 0.00 0.00 -0.00 0.00 0.00 -0.00 0.00
-0.0000 0.0237 0.0000 0.00 -0.00 0.00 0.00 -0.00 0.00 0.00 -0.00 0.00 0.00 -0.00 0.00 0.00 -0.00 0.00 0.00 -0.00 0.00 0.00 -0.00 0.00 0.00 -0.00 0.00 0.00 -0.00 0.00 0.00 -0.00 0.00 0.00 -0.00 0.00 0.00 -0.00 0.00 0.00 -0.00 0.00 0.00 -0.00 0.00 0.00 -0.00 0.00 0.00 -0.00 0.00 0.00 -0.00 0.00 0.00 -0.00 0.00 69.06 -37.95 134.56 -0.00 23.41 -0.00 -6.28 10.14 20.11 -1.36 12.81 32.73 0.00 0.00 -0.00 2.00 -0.02 0.60 -0.05 -0.29 8.53 -0.03 -0.15 4.30 0.00 0.00 -0.00 0.00 -0.00 1.62 0.00 0.00 16.38 -0.00 -0.00 8.49 0.00 0.00 -0.00 -2.00 0.08 2.24 0.26 0.63 19.88 0.20 0.31 10.44 0.00 0.00 -0.00 -4.00 0.02 0.25 0.02 0.30 4.33 0.02 0.15 2.15 0.00 -0.00 0.00 0.00 -0.00 0.00 0.00 -0.00 0.00 0.00 -0.00 0.00 0.00 -0.00 0.00 0.00 -0.00 0.00 0.00 -0.00 0.00 0.00 -0.00 0.00 0.00 -0.00 0.00 0.00 -0.00 0.00 0.00 -0.00 0.00 0.00 -0.00 0.00 0.00 -0.00 0.00 0.00 -0.00 0.00 0.00 -0.00 0.00 0.00 -0.00 0.00 0.00 -0.00 0.00 0.00 -0.00 0.00 0.00 -0.00 0.00 0.00 -0.00 0.00 0.00 -0.00 0.00 0.00 -0.00 0.00 0.00 -0.00 0.00
-0.0000 0.0239 0.0000 0.00 -0.00 0.00 0.00 -0.00 0.00 0.00 -0.00 0.00 0.00 -0.00 0.00 0.00 -0.00 0.00 0.00 -0.00 0.00 0.00 -0.00 0.00 0.00 -0.00 0.00 0.00 -0.00 0.00 0.00 -0.00 0.00 0.00 -0.00 0.00 0.00 -0.00 0.00 0.00 -0.00 0.00 0.00 -0.00 0.00 0.00 -0.00 0.00 0.00 -0.00 0.00 0.00 -0.00 0.00 0.00 -0.00 0.00 69.06 -37.95 134.56 -0.00 23.41 -0.00 -6.28 10.14 20.11 -1.36 12.81 32.73 0.00 0.00 -0.00 2.00 -0.02 0.60 -0.05 -0.29 8.53 -0.03 -0.15 4.30 0.00 0.00 -0.00 -0.00 -0.00 1.62 -0.00 0.00 16.38 0.00 -0.00 8.49 0.00 0.00 -0.00 -2.00 0.08 2.24 0.26 0.63 19.88 0.20 0.31 10.44 0.00 0.00 -0.00 -4.00 0.02 0.25 0.02 0.30 4.33 0.02 0.15 2.15 0.00 -0.00 0.00 0.00 -0.00 0.00 0.00 -0.00 0.00 0.00 -0.00 0.00 0.00 -0.00 0.00 0.00 -0.00 0.00 0.00 -0.00 0.00 0.00 -0.00 0.00 0.00 -0.00 0.00 0.00 -0.00 0.00 0.00 -0.00 0.00 0.00 -0.00 0.00 0.00 -0.00 0.00 0.00 -0.00 0.00 0.00 -0.00 0.00 0.00 -0.00 0.00 0.00 -0.00 0.00 0.00 -0.00 0.00 0.00 -0.00 0.00 0.00 -0.00 0.00 0.00 -0.00 0.00 0.00 -0.00 0.00 0.00 -0.00 0.00
-0.0000 0.0241 0.0000 0.00 -0.00 0.00 0.00 -0.00 0.00 0.00 -0.00 0.00 0.00 -0.00 0.00 0.00 -0.00 0.00 0.00 -0.00 0.00 0.00 -0.00 0.00 0.00 -0.00 0.00 0.00 -0.00 0.00 0.00 -0.00 0.00 0.00 -0.00 0.00 0.00 -0.00 0.00 0.00 -0.00 0.00 0.00 -0.00 0.00 0.00 -0.00 0.00 0.00 -0.00 0.00 0.00 -0.00 0.00 0.00 -0.00 0.00 69.06 -37.95 134.56 -0.00 23.41 -0.00 -6.28 10.14 20.11 -1.35 12.81 32.73 0.00 0.00 -0.00 2.00 -0.02 0.60 -0.05 -0.29 8.53 -0.03 -0.15 4.30 0.00 0.00 -0.00 -0.00 -0.00 1.62 -0.00 0.00 16.38 0.00 -0.00 8.49 0.00 0.00 -0.00 -2.00 0.08 2.24 0.26 0.63 19.88 0.20 0.31 10.44 0.00 0.00 -0.00 -4.00 0.02 0.25 0.02 0.30 4.33 0.02 0.15 2.16 0.00 -0.00 0.00 0.00 -0.00 0.00 0.00 -0.00 0.00 0.00 -0.00 0.00 0.00 -0.00 0.00 0.00 -0.00 0.00 0.00 -0.00 0.00 0.00 -0.00 0.00 0.00 -0.00 0.00 0.00 -0.00 0.00 0.00 -0.00 0.00 0.00 -0.00 0.00 0.00 -0.00 0.00 0.00 -0.00 0.00 0.00 -0.00 0.00 0.00 -0.00 0.00 0.00 -0.00 0.00 0.00 -0.00 0.00 0.00 -0.00 0.00 0.00 -0.00 0.00 0.00 -0.00 0.00 0.00 -0.00 0.00 0.00 -0.00 0.00
-0.0000 0.0246 0.0000 0.00 -0.00 0.00 0.00 -0.00 0.00 0.00 -0.00 0.00 0.00 -0.00 0.00 0.00 -0.00 0.00 0.00 -0.00 0.00 0.00 -0.00 0.00 0.00 -0.00 0.00 0.00 -0.00 0.00 0.00 -0.00 0.00 0.00 -0.00 0.00 0.00 -0.00 0.00 0.00 -0.00 0.00 0.00 -0.00 0.00 0.00 -0.00 0.00 0.00 -0.00 0.00 0.00 -0.00 0.00 0.00 -0.00 0.00 69.06 -37.95 134.56 -0.00 23.41 -0.00 -6.28 10.14 20.11 -1.35 12.81 32.73 0.00 0.00 -0.00 2.00 -0.02 0.60 -0.05 -0.29 8.53 -0.03 -0.15 4.30 0.00 0.00 -0.00 -0.00 -0.00 1.62 0.00 -0.00 16.38 -0.00 0.00 8.49 0.00 0.00 -0.00 -2.00 0.08 2.24 0.26 0.63 19.88 0.20 0.31 10.44 0.00 0.00 -0.00 -4.00 0.02 0.25 0.02 0.30 4.33 0.02 0.15 2.16 0.00 -0.00 0.00 0.00 -0.00 0.00 0.00 -0.00 0.00 0.00 -0.00 0.00 0.00 -0.00 0.00 0.00 -0.00 0.00 0.00 -0.00 0.00 0.00 -0.00 0.00 0.00 -0.00 0.00 0.00 -0.00 0.00 0.00 -0.00 0.00 0.00 -0.00 0.00 0.00 -0.00 0.00 0.00 -0.00 0.00 0.00 -0.00 0.00 0.00 -0.00 0.00 0.00 -0.00 0.00 0.00 -0.00 0.00 0.00 -0.00 0.00 0.00 -0.00 0.00 0.00 -0.00 0.00 0.00 -0.00 0.00 0.00 -0.00 0.00
-0.0000 0.0248 0.0000 0.00 -0.00 0.00 0.00 -0.00 0.00 0.00 -0.00 0.00 0.00 -0.00 0.00 0.00 -0.00 0.00 0.00 -0.00 0.00 0.00 -0.00 0.00 0.00 -0.00 0.00 0.00 -0.00 0.00 0.00 -0.00 0.00 0.00 -0.00 0.00 0.00 -0.00 0.00 0.00 -0.00 0.00 0.00 -0.00 0.00 0.00 -0.00 0.00 0.00 -0.00 0.00 0.00 -0.00 0.00 0.00 -0.00 0.00 69.06 -37.95 134.56 -0.00 23.42 -0.00 -6.28 10.14 20.11 -1.35 12.81 32.73 0.00 0.00 -0.00 2.00 -0.02 0.60 -0.05 -0.29 8.54 -0.03 -0.15 4.31 0.00 0.00 -0.00 0.00 0.00 1.62 -0.00 -0.00 16.38 -0.00 0.00 8.49 0.00 0.00 -0.00 -2.00 0.08 2.24 0.26 0.63 19.88 0.20 0.31 10.44 0.00 0.00 -0.00 -4.00 0.02 0.25 0.02 0.30 4.33 0.02 0.15 2.15 0.00 -0.00 0.00 0.00 -0.00 0.00 0.00 -0.00 0.00 0.00 -0.00 0.00 0.00 -0.00 0.00 0.00 -0.00 0.00 0.00 -0.00 0.00 0.00 -0.00 0.00 0.00 -0.00 0.00 0.00 -0.00 0.00 0.00 -0.00 0.00 0.00 -0.00 0.00 0.00 -0.00 0.00 0.00 -0.00 0.00 0.00 -0.00 0.00 0.00 -0.00 0.00 0.00 -0.00 0.00 0.00 -0.00 0.00 0.00 -0.00 0.00 0.00 -0.00 0.00 0.00 -0.00 0.00 0.00 -0.00 0.00 0.00 -0.00 0.00
-0.0000 0.0247 0.0000 0.00 -0.00 0.00 0.00 -0.00 0.00 0.00 -0.00 0.00 0.00 -0.00 0.00 0.00 -0.00 0.00 0.00 -0.00 0.00 0.00 -0.00 0.00 0.00 -0.00 0.00 0.00 -0.00 0.00 0.00 -0.00 0.00 0.00 -0.00 0.00 0.00 -0.00 0.00 0.00 -0.00 0.00 0.00 -0.00 0.00 0.00 -0.00 0.00 0.00 -0.00 0.00 0.00 -0.00 0.00 0.00 -0.00 0.00 69.06 -37.95 134.56 -0.00 23.42 -0.00 -6.28 10.14 20.11 -1.35 12.82 32.73 0.00 0.00 -0.00 2.00 -0.02 0.60 -0.05 -0.29 8.54 -0.03 -0.15 4.31 0.00 0.00 -0.00 0.00 -0.00 1.62 -0.00 -0.00 16.38 -0.00 0.00 8.49 0.00 0.00 -0.00 -2.00 0.08 2.24 0.26 0.63 19.87 0.20 0.31 10.44 0.00 0.00 -0.00 -4.00 0.02 0.25 0.02 0.30 4.33 0.02 0.15 2.15 0.00 -0.00 0.00 0.00 -0.00 0.00 0.00 -0.00 0.00 0.00 -0.00 0.00 0.00 -0.00 0.00 0.00 -0.00 0.00 0.00 -0.00 0.00 0.00 -0.00 0.00 0.00 -0.00 0.00 0.00 -0.00 0.00 0.00 -0.00 0.00 0.00 -0.00 0.00 0.00 -0.00 0.00 0.00 -0.00 0.00 0.00 -0.00 0.00 0.00 -0.00 0.00 0.00 -0.00 0.00 0.00 -0.00 0.00 0.00 -0.00 0.00 0.00 -0.00 0.00 0.00 -0.00 0.00 0.00 -0.00 0.00 0.00 -0.00 0.00
-0.0000 0.0250 0.0000 0.00 -0.00 0.00 0.00 -0.00 0.00 0.00 -0.00 0.00 0.00 -0.00 0.00 0.00 -0.00 0.00 0.00 -0.00 0.00 0.00 -0.00 0.00 0.00 -0.00 0.00 0.00 -0.00 0.00 0.00 -0.00 0.00 0.00 -0.00 0.00 0.00 -0.00 0.00 0.00 -0.00 0.00 0.00 -0.00 0.00 0.00 -0.00 0.00 0.00 -0.00 0.00 0.00 -0.00 0.00 0.00 -0.00 0.00 69.06 -37.95 134.56 -0.00 23.42 -0.00 -6.28 10.14 20.11 -1.35 12.81 32.73 0.00 0.00 -0.00 2.00 -0.02 0.60 -0.05 -0.29 8.54 -0.03 -0.15 4.31 0.00 0.00 -0.00 -0.00 -0.00 1.62 0.00 -0.00 16.38 0.00 0.00 8.49 0.00 0.00 -0.00 -2.00 0.08 2.24 0.26 0.63 19.88 0.20 0.31 10.44 0.00 0.00 -0.00 -4.00 0.02 0.25 0.02 0.30 4.33 0.02 0.15 2.15 0.00 -0.00 0.00 0.00 -0.00 0.00 0.00 -0.00 0.00 0.00 -0.00 0.00 0.00 -0.00 0.00 0.00 -0.00 0.00 0.00 -0.00 0.00 0.00 -0.00 0.00 0.00 -0.00 0.00 0.00 -0.00 0.00 0.00 -0.00 0.00 0.00 -0.00 0.00 0.00 -0.00 0.00 0.00 -0.00 0.00 0.00 -0.00 0.00 0.00 -0.00 0.00 0.00 -0.00 0.00 0.00 -0.00 0.00 0.00 -0.00 0.00 0.00 -0.00 0.00 0.00 -0.00 0.00 0.00 -0.00 0.00 0.00 -0.00 0.00
-0.0000 0.0241 0.0000 0.00 -0.00 0.00 0.00 -0.00 0.00 0.00 -0.00 0.00 0.00 -0.00 0.00 0.00 -0.00 0.00 0.00 -0.00 0.00 0.00 -0.00 0.00 0.00 -0.00 0.00 0.00 -0.00 0.00 0.00 -0.00 0.00 0.00 -0.00 0.00 0.00 -0.00 0.00 0.00 -0.00 0.00 0.00 -0.00 0.00 0.00 -0.00 0.00 0.00 -0.00 0.00 0.00 -0.00 0.00 0.00 -0.00 0.00 69.06 -37.95 134.56 -0.00 23.42 -0.00 -6.28 10.14 20.11 -1.35 12.81 32.73 0.00 0.00 -0.00 2.00 -0.02 0.60 -0.05 -0.29 8.54 -0.03 -0.15 4.31 0.00 0.00 -0.00 0.00 -0.00 1.62 -0.00 0.00 16.38 -0.00 0.00 8.49 0.00 0.00 -0.00 -2.00 0.08 2.24 0.26 0.63 19.88 0.20 0.31 10.44 0.00 0.00 -0.00 -4.00 0.02 0.25 0.02 0.30 4.33 0.02 0.15 2.15 0.00 -0.00 0.00 0.00 -0.00 0.00 0.00 -0.00 0.00 0.00 -0.00 0.00 0.00 -0.00 0.00 0.00 -0.00 0.00 0.00 -0.00 0.00 0.00 -0.00 0.00 0.00 -0.00 0.00 0.00 -0.00 0.00 0.00 -0.00 0.00 0.00 -0.00 0.00 0.00 -0.00 0.00 0.00 -0.00 0.00 0.00 -0.00 0.00 0.00 -0.00 0.00 0.00 -0.00 0.00 0.00 -0.00 0.00 0.00 -0.00 0.00 0.00 -0.00 0.00 0.00 -0.00 0.00 0.00 -0.00 0.00 0.00 -0.00 0.00
-0.0000 0.0250 0.0000 0.00 -0.00 0.00 0.00 -0.00 0.00 0.00 -0.00 0.00 0.00 -0.00 0.00 0.00 -0.00 0.00 0.00 -0.00 0.00 0.00 -0.00 0.00 0.00 -0.00 0.00 0.00 -0.00 0.00 0.00 -0.00 0.00 0.00 -0.00 0.00 0.00 -0.00 0.00 0.00 -0.00 0.00 0.00 -0.00 0.00 0.00 -0.00 0.00 0.00 -0.00 0.00 0.00 -0.00 0.00 0.00 -0.00 0.00 69.06 -37.95 134.56 -0.00 23.42 -0.00 -6.28 10.14 20.11 -1.35 12.81 32.73 0.00 0.00 -0.00 2.00 -0.02 0.60 -0.05 -0.29 8.54 -0.03 -0.15 4.31 0.00 0.00 -0.00 0.00 -0.00 1.62 -0.00 0.00 16.38 -0.00 0.00 8.49 0.00 0.00 -0.00 -2.00 0.08 2.24 0.26 0.63 19.88 0.20 0.31 10.45 0.00 0.00 -0.00 -4.00 0.02 0.25 0.02 0.30 4.33 0.02 0.15 2.15 0.00 -0.00 0.00 0.00 -0.00 0.00 0.00 -0.00 0.00 0.00 -0.00 0.00 0.00 -0.00 0.00 0.00 -0.00 0.00 0.00 -0.00 0.00 0.00 -0.00 0.00 0.00 -0.00 0.00 0.00 -0.00 0.00 0.00 -0.00 0.00 0.00 -0.00 0.00 0.00 -0.00 0.00 0.00 -0.00 0.00 0.00 -0.00 0.00 0.00 -0.00 0.00 0.00 -0.00 0.00 0.00 -0.00 0.00 0.00 -0.00 0.00 0.00 -0.00 0.00 0.00 -0.00 0.00 0.00 -0.00 0.00 0.00 -0.00 0.00
-0.0000 0.0250 0.0000 0.00 -0.00 0.00 0.00 -0.00 0.00 0.00 -0.00 0.00 0.00 -0.00 0.00 0.00 -0.00 0.00 0.00 -0.00 0.00 0.00 -0.00 0.00 0.00 -0.00 0.00 0.00 -0.00 0.00 0.00 -0.00 0.00 0.00 -0.00 0.00 0.00 -0.00 0.00 0.00 -0.00 0.00 0.00 -0.00 0.00 0.00 -0.00 0.00 0.00 -0.00 0.00 0.00 -0.00 0.00 0.00 -0.00 0.00 69.06 -37.95 134.56 -0.00 23.42 -0.00 -6.28 10.14 20.11 -1.35 12.81 32.73 0.00 0.00 -0.00 2.00 -0.02 0.60 -0.05 -0.29 8.54 -0.03 -0.15 4.31 0.00 0.00 -0.00 0.00 -0.00 1.62 -0.00 0.00 16.38 -0.00 0.00 8.49 0.00 0.00 -0.00 -2.00 0.08 2.24 0.26 0.63 19.89 0.20 0.31 10.45 0.00 0.00 -0.00 -4.00 0.02 0.25 0.02 0.30 4.33 0.02 0.15 2.15 0.00 -0.00 0.00 0.00 -0.00 0.00 0.00 -0.00 0.00 0.00 -0.00 0.00 0.00 -0.00 0.00 0.00 -0.00 0.00 0.00 -0.00 0.00 0.00 -0.00 0.00 0.00 -0.00 0.00 0.00 -0.00 0.00 0.00 -0.00 0.00 0.00 -0.00 0.00 0.00 -0.00 0.00 0.00 -0.00 0.00 0.00 -0.00 0.00 0.00 -0.00 0.00 0.00 -0.00 0.00 0.00 -0.00 0.00 0.00 -0.00 0.00 0.00 -0.00 0.00 0.00 -0.00 0.00 0.00 -0.00 0.00 0.00 -0.00 0.00
-0.0000 0.0255 0.0000 0.00 -0.00 0.00 0.00 -0.00 0.00 0.00 -0.00 0.00 0.00 -0.00 0.00 0.00 -0.00 0.00 0.00 -0.00 0.00 0.00 -0.00 0.00 0.00 -0.00 0.00 0.00 -0.00 0.00 0.00 -0.00 0.00 0.00 -0.00 0.00 0.00 -0.00 0.00 0.00 -0.00 0.00 0.00 -0.00 0.00 0.00 -0.00 0.00 0.00 -0.00 0.00 0.00 -0.00 0.00 0.00 -0.00 0.00 69.06 -37.95 134.56 -0.00 23.42 -0.00 -6.28 10.14 20.11 -1.35 12.81 32.73 0.00 0.00 -0.00 2.00 -0.02 0.60 -0.05 -0.29 8.54 -0.03 -0.15 4.31 0.00 0.00 -0.00 0.00 -0.00 1.62 -0.00 -0.00 16.38 -0.00 -0.00 8.49 0.00 0.00 -0.00 -2.00 0.08 2.24 0.26 0.63 19.89 0.20 0.31 10.45 0.00 0.00 -0.00 -4.00 0.02 0.25 0.02 0.30 4.33 0.02 0.15 2.15 0.00 -0.00 0.00 0.00 -0.00 0.00 0.00 -0.00 0.00 0.00 -0.00 0.00 0.00 -0.00 0.00 0.00 -0.00 0.00 0.00 -0.00 0.00 0.00 -0.00 0.00 0.00 -0.00 0.00 0.00 -0.00 0.00 0.00 -0.00 0.00 0.00 -0.00 0.00 0.00 -0.00 0.00 0.00 -0.00 0.00 0.00 -0.00 0.00 0.00 -0.00 0.00 0.00 -0.00 0.00 0.00 -0.00 0.00 0.00 -0.00 0.00 0.00 -0.00 0.00 0.00 -0.00 0.00 0.00 -0.00 0.00 0.00 -0.00 0.00
-0.0000 0.0264 0.0000 0.00 -0.00 0.00 0.00 -0.00 0.00 0.00 -0.00 0.00 0.00 -0.00 0.00 0.00 -0.00 0.00 0.00 -0.00 0.00 0.00 -0.00 0.00 0.00 -0.00 0.00 0.00 -0.00 0.00 0.00 -0.00 0.00 0.00 -0.00 0.00 0.00 -0.00 0.00 0.00 -0.00 0.00 0.00 -0.00 0.00 0.00 -0.00 0.00 0.00 -0.00 0.00 0.00 -0.00 0.00 0.00 -0.00 0.00 69.06 -37.95 134.56 -0.00 23.42 -0.00 -6.28 10.14 20.11 -1.35 12.81 32.73 0.00 0.00 -0.00 2.00 -0.02 0.60 -0.05 -0.29 8.54 -0.03 -0.15 4.31 0.00 0.00 -0.00 0.00 -0.00 1.62 -0.00 0.00 16.38 -0.00 0.00 8.49 0.00 0.00 -0.00 -2.00 0.08 2.24 0.26 0.63 19.89 0.20 0.31 10.45 0.00 0.00 -0.00 -4.00 0.02 0.25 0.02 0.30 4.33 0.02 0.15 2.15 0.00 -0.00 0.00 0.00 -0.00 0.00 0.00 -0.00 0.00 0.00 -0.00 0.00 0.00 -0.00 0.00 0.00 -0.00 0.00 0.00 -0.00 0.00 0.00 -0.00 0.00 0.00 -0.00 0.00 0.00 -0.00 0.00 0.00 -0.00 0.00 0.00 -0.00 0.00 0.00 -0.00 0.00 0.00 -0.00 0.00 0.00 -0.00 0.00 0.00 -0.00 0.00 0.00 -0.00 0.00 0.00 -0.00 0.00 0.00 -0.00 0.00 0.00 -0.00 0.00 0.00 -0.00 0.00 0.00 -0.00 0.00 0.00 -0.00 0.00
-0.0000 0.0255 0.0000 0.00 -0.00 0.00 0.00 -0.00 0.00 0.00 -0.00 0.00 0.00 -0.00 0.00 0.00 -0.00 0.00 0.00 -0.00 0.00 0.00 -0.00 0.00 0.00 -0.00 0.00 0.00 -0.00 0.00 0.00 -0.00 0.00 0.00 -0.00 0.00 0.00 -0.00 0.00 0.00 -0.00 0.00 0.00 -0.00 0.00 0.00 -0.00 0.00 0.00 -0.00 0.00 0.00 -0.00 0.00 0.00 -0.00 0.00 69.06 -37.95 134.56 -0.00 23.42 -0.00 -6.28 10.14 20.11 -1.35 12.81 32.73 0.00 0.00 -0.00 2.00 -0.02 0.60 -0.05 -0.29 8.54 -0.03 -0.15 4.31 0.00 0.00 -0.00 0.00 -0.00 1.62 -0.00 0.00 16.38 -0.00 0.00 8.49 0.00 0.00 -0.00 -2.00 0.08 2.24 0.26 0.63 19.89 0.20 0.31 10.45 0.00 0.00 -0.00 -4.00 0.02 0.25 0.02 0.30 4.33 0.02 0.15 2.15 0.00 -0.00 0.00 0.00 -0.00 0.00 0.00 -0.00 0.00 0.00 -0.00 0.00 0.00 -0.00 0.00 0.00 -0.00 0.00 0.00 -0.00 0.00 0.00 -0.00 0.00 0.00 -0.00 0.00 0.00 -0.00 0.00 0.00 -0.00 0.00 0.00 -0.00 0.00 0.00 -0.00 0.00 0.00 -0.00 0.00 0.00 -0.00 0.00 0.00 -0.00 0.00 0.00 -0.00 0.00 0.00 -0.00 0.00 0.00 -0.00 0.00 0.00 -0.00 0.00 0.00 -0.00 0.00 0.00 -0.00 0.00 0.00 -0.00 0.00
-0.0000 0.0264 0.0000 0.00 -0.00 0.00 0.00 -0.00 0.00 0.00 -0.00 0.00 0.00 -0.00 0.00 0.00 -0.00 0.00 0.00 -0.00 0.00 0.00 -0.00 0.00 0.00 -0.00 0.00 0.00 -0.00 0.00 0.00 -0.00 0.00 0.00 -0.00 0.00 0.00 -0.00 0.00 0.00 -0.00 0.00 0.00 -0.00 0.00 0.00 -0.00 0.00 0.00 -0.00 0.00 0.00 -0.00 0.00 0.00 -0.00 0.00 69.06 -37.95 134.56 -0.00 23.42 -0.00 -6.28 10.14 20.11 -1.35 12.81 32.73 0.00 0.00 -0.00 2.00 -0.02 0.60 -0.05 -0.29 8.54 -0.03 -0.15 4.31 0.00 0.00 -0.00 0.00 -0.00 1.62 -0.00 0.00 16.38 -0.00 0.00 8.49 0.00 0.00 -0.00 -2.00 0.08 2.24 0.26 0.63 19.89 0.20 0.31 10.45 0.00 0.00 -0.00 -4.00 0.02 0.25 0.02 0.30 4.33 0.02 0.15 2.15 0.00 -0.00 0.00 0.00 -0.00 0.00 0.00 -0.00 0.00 0.00 -0.00 0.00 0.00 -0.00 0.00 0.00 -0.00 0.00 0.00 -0.00 0.00 0.00 -0.00 0.00 0.00 -0.00 0.00 0.00 -0.00 0.00 0.00 -0.00 0.00 0.00 -0.00 0.00 0.00 -0.00 0.00 0.00 -0.00 0.00 0.00 -0.00 0.00 0.00 -0.00 0.00 0.00 -0.00 0.00 0.00 -0.00 0.00 0.00 -0.00 0.00 0.00 -0.00 0.00 0.00 -0.00 0.00 0.00 -0.00 0.00 0.00 -0.00 0.00
-0.0000 0.0258 0.0000 0.00 -0.00 0.00 0.00 -0.00 0.00 0.00 -0.00 0.00 0.00 -0.00 0.00 0.00 -0.00 0.00 0.00 -0.00 0.00 0.00 -0.00 0.00 0.00 -0.00 0.00 0.00 -0.00 0.00 0.00 -0.00 0.00 0.00 -0.00 0.00 0.00 -0.00 0.00 0.00 -0.00 0.00 0.00 -0.00 0.00 0.00 -0.00 0.00 0.00 -0.00 0.00 0.00 -0.00 0.00 0.00 -0.00 0.00 69.06 -37.95 134.56 -0.00 23.42 -0.00 -6.28 10.14 20.11 -1.35 12.81 32.73 0.00 0.00 -0.00 2.00 -0.02 0.60 -0.05 -0.29 8.54 -0.03 -0.15 4.31 0.00 0.00 -0.00 0.00 -0.00 1.62 -0.00 0.00 16.38 -0.00 0.00 8.49 0.00 0.00 -0.00 -2.00 0.08 2.24 0.26 0.63 19.89 0.20 0.31 10.45 0.00 0.00 -0.00 -4.00 0.02 0.25 0.02 0.30 4.33 0.02 0.15 2.15 0.00 -0.00 0.00 0.00 -0.00 0.00 0.00 -0.00 0.00 0.00 -0.00 0.00 0.00 -0.00 0.00 0.00 -0.00 0.00 0.00 -0.00 0.00 0.00 -0.00 0.00 0.00 -0.00 0.00 0.00 -0.00 0.00 0.00 -0.00 0.00 0.00 -0.00 0.00 0.00 -0.00 0.00 0.00 -0.00 0.00 0.00 -0.00 0.00 0.00 -0.00 0.00 0.00 -0.00 0.00 0.00 -0.00 0.00 0.00 -0.00 0.00 0.00 -0.00 0.00 0.00 -0.00 0.00 0.00 -0.00 0.00 0.00 -0.00 0.00
-0.0000 0.0268 0.0000 0.00 -0.00 0.00 0.00 -0.00 0.00 0.00 -0.00 0.00 0.00 -0.00 0.00 0.00 -0.00 0.00 0.00 -0.00 0.00 0.00 -0.00 0.00 0.00 -0.00 0.00 0.00 -0.00 0.00 0.00 -0.00 0.00 0.00 -0.00 0.00 0.00 -0.00 0.00 0.00 -0.00 0.00 0.00 -0.00 0.00 0.00 -0.00 0.00 0.00 -0.00 0.00 0.00 -0.00 0.00 0.00 -0.00 0.00 69.06 -37.95 134.56 -0.00 23.42 -0.00 -6.28 10.14 20.11 -1.35 12.81 32.73 0.00 0.00 -0.00 2.00 -0.02 0.60 -0.05 -0.29 8.54 -0.03 -0.15 4.31 0.00 0.00 -0.00 0.00 -0.00 1.62 -0.00 0.00 16.38 -0.00 0.00 8.49 0.00 0.00 -0.00 -2.00 0.08 2.24 0.26 0.63 19.89 0.20 0.31 10.45 0.00 0.00 -0.00 -4.00 0.02 0.25 0.02 0.30 4.33 0.02 0.15 2.15 0.00 -0.00 0.00 0.00 -0.00 0.00 0.00 -0.00 0.00 0.00 -0.00 0.00 0.00 -0.00 0.00 0.00 -0.00 0.00 0.00 -0.00 0.00 0.00 -0.00 0.00 0.00 -0.00 0.00 0.00 -0.00 0.00 0.00 -0.00 0.00 0.00 -0.00 0.00 0.00 -0.00 0.00 0.00 -0.00 0.00 0.00 -0.00 0.00 0.00 -0.00 0.00 0.00 -0.00 0.00 0.00 -0.00 0.00 0.00 -0.00 0.00 0.00 -0.00 0.00 0.00 -0.00 0.00 0.00 -0.00 0.00 0.00 -0.00 0.00
-0.0000 0.0270 0.0000 0.00 -0.00 0.00 0.00 -0.00 0.00 0.00 -0.00 0.00 0.00 -0.00 0.00 0.00 -0.00 0.00 0.00 -0.00 0.00 0.00 -0.00 0.00 0.00 -0.00 0.00 0.00 -0.00 0.00 0.00 -0.00 0.00 0.00 -0.00 0.00 0.00 -0.00 0.00 0.00 -0.00 0.00 0.00 -0.00 0.00 0.00 -0.00 0.00 0.00 -0.00 0.00 0.00 -0.00 0.00 0.00 -0.00 0.00 69.06 -37.95 134.56 -0.00 23.42 -0.00 -6.28 10.14 20.11 -1.35 12.81 32.73 0.00 0.00 -0.00 2.00 -0.02 0.60 -0.05 -0.29 8.54 -0.03 -0.15 4.31 0.00 0.00 -0.00 0.00 -0.00 1.62 -0.00 0.00 16.38 -0.00 0.00 8.49 0.00 0.00 -0.00 -2.00 0.08 2.24 0.26 0.63 19.89 0.20 0.31 10.45 0.00 0.00 -0.00 -4.00 0.02 0.25 0.02 0.30 4.33 0.02 0.15 2.15 0.00 -0.00 0.00 0.00 -0.00 0.00 0.00 -0.00 0.00 0.00 -0.00 0.00 0.00 -0.00 0.00 0.00 -0.00 0.00 0.00 -0.00 0.00 0.00 -0.00 0.00 0.00 -0.00 0.00 0.00 -0.00 0.00 0.00 -0.00 0.00 0.00 -0.00 0.00 0.00 -0.00 0.00 0.00 -0.00 0.00 0.00 -0.00 0.00 0.00 -0.00 0.00 0.00 -0.00 0.00 0.00 -0.00 0.00 0.00 -0.00 0.00 0.00 -0.00 0.00 0.00 -0.00 0.00 0.00 -0.00 0.00 0.00 -0.00 0.00
-0.0000 0.0275 0.0000 0.00 -0.00 0.00 0.00 -0.00 0.00 0.00 -0.00 0.00 0.00 -0.00 0.00 0.00 -0.00 0.00 0.00 -0.00 0.00 0.00 -0.00 0.00 0.00 -0.00 0.00 0.00 -0.00 0.00 0.00 -0.00 0.00 0.00 -0.00 0.00 0.00 -0.00 0.00 0.00 -0.00 0.00 0.00 -0.00 0.00 0.00 -0.00 0.00 0.00 -0.00 0.00 0.00 -0.00 0.00 0.00 -0.00 0.00 69.06 -37.95 134.56 -0.00 23.42 -0.00 -6.28 10.14 20.11 -1.35 12.81 32.73 0.00 0.00 -0.00 2.00 -0.02 0.60 -0.05 -0.29 8.54 -0.03 -0.15 4.31 0.00 0.00 -0.00 0.00 -0.00 1.62 -0.00 0.00 16.38 -0.00 0.00 8.49 0.00 0.00 -0.00 -2.00 0.08 2.24 0.26 0.63 19.89 0.20 0.31 10.45 0.00 0.00 -0.00 -4.00 0.02 0.25 0.02 0.30 4.33 0.02 0.15 2.15 0.00 -0.00 0.00 0.00 -0.00 0.00 0.00 -0.00 0.00 0.00 -0.00 0.00 0.00 -0.00 0.00 0.00 -0.00 0.00 0.00 -0.00 0.00 0.00 -0.00 0.00 0.00 -0.00 0.00 0.00 -0.00 0.00 0.00 -0.00 0.00 0.00 -0.00 0.00 0.00 -0.00 0.00 0.00 -0.00 0.00 0.00 -0.00 0.00 0.00 -0.00 0.00 0.00 -0.00 0.00 0.00 -0.00 0.00 0.00 -0.00 0.00 0.00 -0.00 0.00 0.00 -0.00 0.00 0.00 -0.00 0.00 0.00 -0.00 0.00
-0.0000 0.0268 0.0000 0.00 -0.00 0.00 0.00 -0.00 0.00 0.00 -0.00 0.00 0.00 -0.00 0.00 0.00 -0.00 0.00 0.00 -0.00 0.00 0.00 -0.00 0.00 0.00 -0.00 0.00 0.00 -0.00 0.00 0.00 -0.00 0.00 0.00 -0.00 0.00 0.00 -0.00 0.00 0.00 -0.00 0.00 0.00 -0.00 0.00 0.00 -0.00 0.00 0.00 -0.00 0.00 0.00 -0.00 0.00 0.00 -0.00 0.00 69.06 -37.95 134.56 -0.00 23.42 -0.00 -6.28 10.14 20.11 -1.35 12.81 32.73 0.00 0.00 -0.00 2.00 -0.02 0.60 -0.05 -0.29 8.54 -0.03 -0.15 4.31 0.00 0.00 -0.00 0.00 -0.00 1.62 -0.00 0.00 16.38 -0.00 0.00 8.49 0.00 0.00 -0.00 -2.00 0.08 2.24 0.26 0.63 19.89 0.20 0.31 10.45 0.00 0.00 -0.00 -4.00 0.02 0.25 0.02 0.30 4.33 0.02 0.15 2.15 0.00 -0.00 0.00 0.00 -0.00 0.00 0.00 -0.00 0.00 0.00 -0.00 0.00 0.00 -0.00 0.00 0.00 -0.00 0.00 0.00 -0.00 0.00 0.00 -0.00 0.00 0.00 -0.00 0.00 0.00 -0.00 0.00 0.00 -0.00 0.00 0.00 -0.00 0.00 0.00 -0.00 0.00 0.00 -0.00 0.00 0.00 -0.00 0.00 0.00 -0.00 0.00 0.00 -0.00 0.00 0.00 -0.00 0.00 0.00 -0.00 0.00 0.00 -0.00 0.00 0.00 -0.00 0.00 0.00 -0.00 0.00 0.00 -0.00 0.00
-0.0000 0.0264 0.0000 0.00 -0.00 0.00 0.00 -0.00 0.00 0.00 -0.00 0.00 0.00 -0.00 0.00 0.00 -0.00 0.00 0.00 -0.00 0.00 0.00 -0.00 0.00 0.00 -0.00 0.00 0.00 -0.00 0.00 0.00 -0.00 0.00 0.00 -0.00 0.00 0.00 -0.00 0.00 0.00 -0.00 0.00 0.00 -0.00 0.00 0.00 -0.00 0.00 0.00 -0.00 0.00 0.00 -0.00 0.00 0.00 -0.00 0.00 69.06 -37.95 134.56 -0.00 23.42 -0.00 -6.28 10.14 20.11 -1.35 12.81 32.73 0.00 0.00 -0.00 2.00 -0.02 0.60 -0.05 -0.29 8.54 -0.03 -0.15 4.31 0.00 0.00 -0.00 0.00 -0.00 1.62 -0.00 0.00 16.38 -0.00 0.00 8.49 0.00 0.00 -0.00 -2.00 0.08 2.24 0.26 0.63 19.89 0.20 0.31 10.45 0.00 0.00 -0.00 -4.00 0.02 0.25 0.02 0.30 4.33 0.02 0.15 2.15 0.00 -0.00 0.00 0.00 -0.00 0.00 0.00 -0.00 0.00 0.00 -0.00 0.00 0.00 -0.00 0.00 0.00 -0.00 0.00 0.00 -0.00 0.00 0.00 -0.00 0.00 0.00 -0.00 0.00 0.00 -0.00 0.00 0.00 -0.00 0.00 0.00 -0.00 0.00 0.00 -0.00 0.00 0.00 -0.00 0.00 0.00 -0.00 0.00 0.00 -0.00 0.00 0.00 -0.00 0.00 0.00 -0.00 0.00 0.00 -0.00 0.00 0.00 -0.00 0.00 0.00 -0.00 0.00 0.00 -0.00 0.00 0.00 -0.00 0.00
-0.0000 0.0263 0.0000 0.00 -0.00 0.00 0.00 -0.00 0.00 0.00 -0.00 0.00 0.00 -0.00 0.00 0.00 -0.00 0.00 0.00 -0.00 0.00 0.00 -0.00 0.00 0.00 -0.00 0.00 0.00 -0.00 0.00 0.00 -0.00 0.00 0.00 -0.00 0.00 0.00 -0.00 0.00 0.00 -0.00 0.00 0.00 -0.00 0.00 0.00 -0.00 0.00 0.00 -0.00 0.00 0.00 -0.00 0.00 0.00 -0.00 0.00 69.06 -37.95 134.56 -0.00 23.42 -0.00 -6.28 10.14 20.11 -1.35 12.81 32.73 0.00 0.00 -0.00 2.00 -0.02 0.60 -0.05 -0.29 8.54 -0.03 -0.15 4.31 0.00 0.00 -0.00 0.00 -0.00 1.62 -0.00 0.00 16.38 -0.00 0.00 8.49 0.00 0.00 -0.00 -2.00 0.08 2.24 0.26 0.63 19.89 0.20 0.31 10.45 0.00 0.00 -0.00 -4.00 0.02 0.25 0.02 0.30 4.33 0.02 0.15 2.15 0.00 -0.00 0.00 0.00 -0.00 0.00 0.00 -0.00 0.00 0.00 -0.00 0.00 0.00 -0.00 0.00 0.00 -0.00 0.00 0.00 -0.00 0.00 0.00 -0.00 0.00 0.00 -0.00 0.00 0.00 -0.00 0.00 0.00 -0.00 0.00 0.00 -0.00 0.00 0.00 -0.00 0.00 0.00 -0.00 0.00 0.00 -0.00 0.00 0.00 -0.00 0.00 0.00 -0.00 0.00 0.00 -0.00 0.00 0.00 -0.00 0.00 0.00 -0.00 0.00 0.00 -0.00 0.00 0.00 -0.00 0.00 0.00 -0.00 0.00
-0.0000 0.0268 0.0000 0.00 -0.00 0.00 0.00 -0.00 0.00 0.00 -0.00 0.00 0.00 -0.00 0.00 0.00 -0.00 0.00 0.00 -0.00 0.00 0.00 -0.00 0.00 0.00 -0.00 0.00 0.00 -0.00 0.00 0.00 -0.00 0.00 0.00 -0.00 0.00 0.00 -0.00 0.00 0.00 -0.00 0.00 0.00 -0.00 0.00 0.00 -0.00 0.00 0.00 -0.00 0.00 0.00 -0.00 0.00 0.00 -0.00 0.00 69.06 -37.95 134.56 -0.00 23.42 -0.00 -6.28 10.14 20.11 -1.35 12.81 32.73 0.00 0.00 -0.00 2.00 -0.02 0.60 -0.05 -0.29 8.54 -0.03 -0.15 4.31 0.00 0.00 -0.00 0.00 -0.00 1.62 -0.00 0.00 16.38 -0.00 0.00 8.49 0.00 0.00 -0.00 -2.00 0.08 2.24 0.26 0.63 19.89 0.20 0.31 10.45 0.00 0.00 -0.00 -4.00 0.02 0.25 0.02 0.30 4.33 0.02 0.15 2.15 0.00 -0.00 0.00 0.00 -0.00 0.00 0.00 -0.00 0.00 0.00 -0.00 0.00 0.00 -0.00 0.00 0.00 -0.00 0.00 0.00 -0.00 0.00 0.00 -0.00 0.00 0.00 -0.00 0.00 0.00 -0.00 0.00 0.00 -0.00 0.00 0.00 -0.00 0.00 0.00 -0.00 0.00 0.00 -0.00 0.00 0.00 -0.00 0.00 0.00 -0.00 0.00 0.00 -0.00 0.00 0.00 -0.00 0.00 0.00 -0.00 0.00 0.00 -0.00 0.00 0.00 -0.00 0.00 0.00 -0.00 0.00 0.00 -0.00 0.00
-0.0000 0.0271 0.0000 0.00 -0.00 0.00 0.00 -0.00 0.00 0.00 -0.00 0.00 0.00 -0.00 0.00 0.00 -0.00 0.00 0.00 -0.00 0.00 0.00 -0.00 0.00 0.00 -0.00 0.00 0.00 -0.00 0.00 0.00 -0.00 0.00 0.00 -0.00 0.00 0.00 -0.00 0.00 0.00 -0.00 0.00 0.00 -0.00 0.00 0.00 -0.00 0.00 0.00 -0.00 0.00 0.00 -0.00 0.00 0.00 -0.00 0.00 69.06 -37.95 134.56 -0.00 23.42 -0.00 -6.28 10.14 20.11 -1.35 12.81 32.73 0.00 0.00 -0.00 2.00 -0.02 0.60 -0.05 -0.29 8.54 -0.03 -0.15 4.31 0.00 0.00 -0.00 0.00 -0.00 1.62 -0.00 0.00 16.38 -0.00 0.00 8.49 0.00 0.00 -0.00 -2.00 0.08 2.24 0.26 0.63 19.89 0.20 0.31 10.45 0.00 0.00 -0.00 -4.00 0.02 0.25 0.02 0.30 4.33 0.02 0.15 2.15 0.00 -0.00 0.00 0.00 -0.00 0.00 0.00 -0.00 0.00 0.00 -0.00 0.00 0.00 -0.00 0.00 0.00 -0.00 0.00 0.00 -0.00 0.00 0.00 -0.00 0.00 0.00 -0.00 0.00 0.00 -0.00 0.00 0.00 -0.00 0.00 0.00 -0.00 0.00 0.00 -0.00 0.00 0.00 -0.00 0.00 0.00 -0.00 0.00 0.00 -0.00 0.00 0.00 -0.00 0.00 0.00 -0.00 0.00 0.00 -0.00 0.00 0.00 -0.00 0.00 0.00 -0.00 0.00 0.00 -0.00 0.00 0.00 -0.00 0.00
-0.0000 0.0255 0.0000 0.00 -0.00 0.00 0.00 -0.00 0.00 0.00 -0.00 0.00 0.00 -0.00 0.00 0.00 -0.00 0.00 0.00 -0.00 0.00 0.00 -0.00 0.00 0.00 -0.00 0.00 0.00 -0.00 0.00 0.00 -0.00 0.00 0.00 -0.00 0.00 0.00 -0.00 0.00 0.00 -0.00 0.00 0.00 -0.00 0.00 0.00 -0.00 0.00 0.00 -0.00 0.00 0.00 -0.00 0.00 0.00 -0.00 0.00 69.06 -37.95 134.56 -0.00 23.42 -0.00 -6.28 10.14 20.11 -1.35 12.81 32.73 0.00 0.00 -0.00 2.00 -0.02 0.60 -0.05 -0.29 8.54 -0.03 -0.15 4.31 0.00 0.00 -0.00 0.00 -0.00 1.62 -0.00 0.00 16.38 -0.00 0.00 8.49 0.00 0.00 -0.00 -2.00 0.08 2.24 0.26 0.63 19.89 0.20 0.31 10.45 0.00 0.00 -0.00 -4.00 0.02 0.25 0.02 0.30 4.33 0.02 0.15 2.15 0.00 -0.00 0.00 0.00 -0.00 0.00 0.00 -0.00 0.00 0.00 -0.00 0.00 0.00 -0.00 0.00 0.00 -0.00 0.00 0.00 -0.00 0.00 0.00 -0.00 0.00 0.00 -0.00 0.00 0.00 -0.00 0.00 0.00 -0.00 0.00 0.00 -0.00 0.00 0.00 -0.00 0.00 0.00 -0.00 0.00 0.00 -0.00 0.00 0.00 -0.00 0.00 0.00 -0.00 0.00 0.00 -0.00 0.00 0.00 -0.00 0.00 0.00 -0.00 0.00 0.00 -0.00 0.00 0.00 -0.00 0.00 0.00 -0.00 0.00
-0.0000 0.0249 0.0000 0.00 -0.00 0.00 0.00 -0.00 0.00 0.00 -0.00 0.00 0.00 -0.00 0.00 0.00 -0.00 0.00 0.00 -0.00 0.00 0.00 -0.00 0.00 0.00 -0.00 0.00 0.00 -0.00 0.00 0.00 -0.00 0.00 0.00 -0.00 0.00 0.00 -0.00 0.00 0.00 -0.00 0.00 0.00 -0.00 0.00 0.00 -0.00 0.00 0.00 -0.00 0.00 0.00 -0.00 0.00 0.00 -0.00 0.00 69.06 -37.95 134.56 -0.00 23.42 -0.00 -6.28 10.14 20.11 -1.35 12.81 32.73 0.00 0.00 -0.00 2.00 -0.02 0.60 -0.05 -0.29 8.54 -0.03 -0.15 4.31 0.00 0.00 -0.00 0.00 -0.00 1.62 -0.00 0.00 16.38 -0.00 0.00 8.49 0.00 0.00 -0.00 -2.00 0.08 2.24 0.26 0.63 19.89 0.20 0.31 10.45 0.00 0.00 -0.00 -4.00 0.02 0.25 0.02 0.30 4.33 0.02 0.15 2.15 0.00 -0.00 0.00 0.00 -0.00 0.00 0.00 -0.00 0.00 0.00 -0.00 0.00 0.00 -0.00 0.00 0.00 -0.00 0.00 0.00 -0.00 0.00 0.00 -0.00 0.00 0.00 -0.00 0.00 0.00 -0.00 0.00 0.00 -0.00 0.00 0.00 -0.00 0.00 0.00 -0.00 0.00 0.00 -0.00 0.00 0.00 -0.00 0.00 0.00 -0.00 0.00 0.00 -0.00 0.00 0.00 -0.00 0.00 0.00 -0.00 0.00 0.00 -0.00 0.00 0.00 -0.00 0.00 0.00 -0.00 0.00 0.00 -0.00 0.00
-0.0000 0.0253 0.0000 0.00 -0.00 0.00 0.00 -0.00 0.00 0.00 -0.00 0.00 0.00 -0.00 0.00 0.00 -0.00 0.00 0.00 -0.00 0.00 0.00 -0.00 0.00 0.00 -0.00 0.00 0.00 -0.00 0.00 0.00 -0.00 0.00 0.00 -0.00 0.00 0.00 -0.00 0.00 0.00 -0.00 0.00 0.00 -0.00 0.00 0.00 -0.00 0.00 0.00 -0.00 0.00 0.00 -0.00 0.00 0.00 -0.00 0.00 69.06 -37.95 134.56 -0.00 23.42 -0.00 -6.28 10.14 20.11 -1.35 12.81 32.73 0.00 0.00 -0.00 2.00 -0.02 0.60 -0.05 -0.29 8.54 -0.03 -0.15 4.31 0.00 0.00 -0.00 0.00 -0.00 1.62 -0.00 0.00 16.38 -0.00 0.00 8.49 0.00 0.00 -0.00 -2.00 0.08 2.24 0.26 0.63 19.89 0.20 0.31 10.45 0.00 0.00 -0.00 -4.00 0.02 0.25 0.02 0.30 4.33 0.02 0.15 2.15 0.00 -0.00 0.00 0.00 -0.00 0.00 0.00 -0.00 0.00 0.00 -0.00 0.00 0.00 -0.00 0.00 0.00 -0.00 0.00 0.00 -0.00 0.00 0.00 -0.00 0.00 0.00 -0.00 0.00 0.00 -0.00 0.00 0.00 -0.00 0.00 0.00 -0.00 0.00 0.00 -0.00 0.00 0.00 -0.00 0.00 0.00 -0.00 0.00 0.00 -0.00 0.00 0.00 -0.00 0.00 0.00 -0.00 0.00 0.00 -0.00 0.00 0.00 -0.00 0.00 0.00 -0.00 0.00 0.00 -0.00 0.00 0.00 -0.00 0.00
-0.0000 0.0257 0.0000 0.00 -0.00 0.00 0.00 -0.00 0.00 0.00 -0.00 0.00 0.00 -0.00 0.00 0.00 -0.00 0.00 0.00 -0.00 0.00 0.00 -0.00 0.00 0.00 -0.00 0.00 0.00 -0.00 0.00 0.00 -0.00 0.00 0.00 -0.00 0.00 0.00 -0.00 0.00 0.00 -0.00 0.00 0.00 -0.00 0.00 0.00 -0.00 0.00 0.00 -0.00 0.00 0.00 -0.00 0.00 0.00 -0.00 0.00 69.06 -37.95 134.56 -0.00 23.42 -0.00 -6.28 10.14 20.11 -1.35 12.81 32.73 0.00 0.00 -0.00 2.00 -0.02 0.60 -0.05 -0.29 8.54 -0.03 -0.15 4.31 0.00 0.00 -0.00 0.00 -0.00 1.62 -0.00 0.00 16.38 -0.00 0.00 8.49 0.00 0.00 -0.00 -2.00 0.08 2.24 0.26 0.63 19.89 0.20 0.31 10.45 0.00 0.00 -0.00 -4.00 0.02 0.25 0.02 0.30 4.33 0.02 0.15 2.15 0.00 -0.00 0.00 0.00 -0.00 0.00 0.00 -0.00 0.00 0.00 -0.00 0.00 0.00 -0.00 0.00 0.00 -0.00 0.00 0.00 -0.00 0.00 0.00 -0.00 0.00 0.00 -0.00 0.00 0.00 -0.00 0.00 0.00 -0.00 0.00 0.00 -0.00 0.00 0.00 -0.00 0.00 0.00 -0.00 0.00 0.00 -0.00 0.00 0.00 -0.00 0.00 0.00 -0.00 0.00 0.00 -0.00 0.00 0.00 -0.00 0.00 0.00 -0.00 0.00 0.00 -0.00 0.00 0.00 -0.00 0.00 0.00 -0.00 0.00
-0.0000 0.0250 0.0000 0.00 -0.00 0.00 0.00 -0.00 0.00 0.00 -0.00 0.00 0.00 -0.00 0.00 0.00 -0.00 0.00 0.00 -0.00 0.00 0.00 -0.00 0.00 0.00 -0.00 0.00 0.00 -0.00 0.00 0.00 -0.00 0.00 0.00 -0.00 0.00 0.00 -0.00 0.00 0.00 -0.00 0.00 0.00 -0.00 0.00 0.00 -0.00 0.00 0.00 -0.00 0.00 0.00 -0.00 0.00 0.00 -0.00 0.00 69.06 -37.95 134.56 -0.00 23.42 -0.00 -6.28 10.14 20.11 -1.35 12.81 32.73 0.00 0.00 -0.00 2.00 -0.02 0.60 -0.05 -0.29 8.54 -0.03 -0.15 4.31 0.00 0.00 -0.00 0.00 -0.00 1.62 -0.00 0.00 16.38 -0.00 0.00 8.49 0.00 0.00 -0.00 -2.00 0.08 2.24 0.26 0.63 19.89 0.20 0.31 10.45 0.00 0.00 -0.00 -4.00 0.02 0.25 0.02 0.30 4.33 0.02 0.15 2.15 0.00 -0.00 0.00 0.00 -0.00 0.00 0.00 -0.00 0.00 0.00 -0.00 0.00 0.00 -0.00 0.00 0.00 -0.00 0.00 0.00 -0.00 0.00 0.00 -0.00 0.00 0.00 -0.00 0.00 0.00 -0.00 0.00 0.00 -0.00 0.00 0.00 -0.00 0.00 0.00 -0.00 0.00 0.00 -0.00 0.00 0.00 -0.00 0.00 0.00 -0.00 0.00 0.00 -0.00 0.00 0.00 -0.00 0.00 0.00 -0.00 0.00 0.00 -0.00 0.00 0.00 -0.00 0.00 0.00 -0.00 0.00 0.00 -0.00 0.00
-0.0000 0.0237 0.0000 0.00 -0.00 0.00 0.00 -0.00 0.00 0.00 -0.00 0.00 0.00 -0.00 0.00 0.00 -0.00 0.00 0.00 -0.00 0.00 0.00 -0.00 0.00 0.00 -0.00 0.00 0.00 -0.00 0.00 0.00 -0.00 0.00 0.00 -0.00 0.00 0.00 -0.00 0.00 0.00 -0.00 0.00 0.00 -0.00 0.00 0.00 -0.00 0.00 0.00 -0.00 0.00 0.00 -0.00 0.00 0.00 -0.00 0.00 69.06 -37.95 134.56 -0.00 23.42 -0.00 -6.28 10.14 20.11 -1.35 12.81 32.73 0.00 0.00 -0.00 2.00 -0.02 0.60 -0.05 -0.29 8.54 -0.03 -0.15 4.31 0.00 0.00 -0.00 0.00 -0.00 1.62 -0.00 0.00 16.38 -0.00 0.00 8.49 0.00 0.00 -0.00 -2.00 0.08 2.24 0.26 0.63 19.89 0.20 0.31 10.45 0.00 0.00 -0.00 -4.00 0.02 0.25 0.02 0.30 4.33 0.02 0.15 2.15 0.00 -0.00 0.00 0.00 -0.00 0.00 0.00 -0.00 0.00 0.00 -0.00 0.00 0.00 -0.00 0.00 0.00 -0.00 0.00 0.00 -0.00 0.00 0.00 -0.00 0.00 0.00 -0.00 0.00 0.00 -0.00 0.00 0.00 -0.00 0.00 0.00 -0.00 0.00 0.00 -0.00 0.00 0.00 -0.00 0.00 0.00 -0.00 0.00 0.00 -0.00 0.00 0.00 -0.00 0.00 0.00 -0.00 0.00 0.00 -0.00 0.00 0.00 -0.00 0.00 0.00 -0.00 0.00 0.00 -0.00 0.00 0.00 -0.00 0.00
-0.0000 0.0237 0.0000 0.00 -0.00 0.00 0.00 -0.00 0.00 0.00 -0.00 0.00 0.00 -0.00 0.00 0.00 -0.00 0.00 0.00 -0.00 0.00 0.00 -0.00 0.00 0.00 -0.00 0.00 0.00 -0.00 0.00 0.00 -0.00 0.00 0.00 -0.00 0.00 0.00 -0.00 0.00 0.00 -0.00 0.00 0.00 -0.00 0.00 0.00 -0.00 0.00 0.00 -0.00 0.00 0.00 -0.00 0.00 0.00 -0.00 0.00 69.06 -37.95 134.56 -0.00 23.42 -0.00 -6.28 10.14 20.11 -1.35 12.81 32.73 0.00 0.00 -0.00 2.00 -0.02 0.60 -0.05 -0.29 8.54 -0.03 -0.15 4.31 0.00 0.00 -0.00 0.00 -0.00 1.62 -0.00 0.00 16.38 -0.00 0.00 8.49 0.00 0.00 -0.00 -2.00 0.08 2.24 0.26 0.63 19.89 0.20 0.31 10.45 0.00 0.00 -0.00 -4.00 0.02 0.25 0.02 0.30 4.33 0.02 0.15 2.15 0.00 -0.00 0.00 0.00 -0.00 0.00 0.00 -0.00 0.00 0.00 -0.00 0.00 0.00 -0.00 0.00 0.00 -0.00 0.00 0.00 -0.00 0.00 0.00 -0.00 0.00 0.00 -0.00 0.00 0.00 -0.00 0.00 0.00 -0.00 0.00 0.00 -0.00 0.00 0.00 -0.00 0.00 0.00 -0.00 0.00 0.00 -0.00 0.00 0.00 -0.00 0.00 0.00 -0.00 0.00 0.00 -0.00 0.00 0.00 -0.00 0.00 0.00 -0.00 0.00 0.00 -0.00 0.00 0.00 -0.00 0.00 0.00 -0.00 0.00
-0.0000 0.0241 0.0000 0.00 -0.00 0.00 0.00 -0.00 0.00 0.00 -0.00 0.00 0.00 -0.00 0.00 0.00 -0.00 0.00 0.00 -0.00 0.00 0.00 -0.00 0.00 0.00 -0.00 0.00 0.00 -0.00 0.00 0.00 -0.00 0.00 0.00 -0.00 0.00 0.00 -0.00 0.00 0.00 -0.00 0.00 0.00 -0.00 0.00 0.00 -0.00 0.00 0.00 -0.00 0.00 0.00 -0.00 0.00 0.00 -0.00 0.00 69.06 -37.95 134.56 -0.00 23.42 -0.00 -6.28 10.14 20.11 -1.35 12.81 32.73 0.00 0.00 -0.00 2.00 -0.02 0.60 -0.05 -0.29 8.54 -0.03 -0.15 4.31 0.00 0.00 -0.00 0.00 -0.00 1.62 -0.00 0.00 16.38 -0.00 0.00 8.49 0.00 0.00 -0.00 -2.00 0.08 2.24 0.26 0.63 19.89 0.20 0.31 10.45 0.00 0.00 -0.00 -4.00 0.02 0.25 0.02 0.30 4.33 0.02 0.15 2.15 0.00 -0.00 0.00 0.00 -0.00 0.00 0.00 -0.00 0.00 0.00 -0.00 0.00 0.00 -0.00 0.00 0.00 -0.00 0.00 0.00 -0.00 0.00 0.00 -0.00 0.00 0.00 -0.00 0.00 0.00 -0.00 0.00 0.00 -0.00 0.00 0.00 -0.00 0.00 0.00 -0.00 0.00 0.00 -0.00 0.00 0.00 -0.00 0.00 0.00 -0.00 0.00 0.00 -0.00 0.00 0.00 -0.00 0.00 0.00 -0.00 0.00 0.00 -0.00 0.00 0.00 -0.00 0.00 0.00 -0.00 0.00 0.00 -0.00 0.00
-0.0000 0.0249 0.0000 0.00 -0.00 0.00 0.00 -0.00 0.00 0.00 -0.00 0.00 0.00 -0.00 0.00 0.00 -0.00 0.00 0.00 -0.00 0.00 0.00 -0.00 0.00 0.00 -0.00 0.00 0.00 -0.00 0.00 0.00 -0.00 0.00 0.00 -0.00 0.00 0.00 -0.00 0.00 0.00 -0.00 0.00 0.00 -0.00 0.00 0.00 -0.00 0.00 0.00 -0.00 0.00 0.00 -0.00 0.00 0.00 -0.00 0.00 69.06 -37.95 134.56 -0.00 23.42 -0.00 -6.28 10.14 20.11 -1.35 12.81 32.73 0.00 0.00 -0.00 2.00 -0.02 0.60 -0.05 -0.29 8.54 -0.03 -0.15 4.31 0.00 0.00 -0.00 0.00 -0.00 1.62 -0.00 0.00 16.38 -0.00 0.00 8.49 0.00 0.00 -0.00 -2.00 0.08 2.24 0.26 0.63 19.89 0.20 0.31 10.45 0.00 0.00 -0.00 -4.00 0.02 0.25 0.02 0.30 4.33 0.02 0.15 2.15 0.00 -0.00 0.00 0.00 -0.00 0.00 0.00 -0.00 0.00 0.00 -0.00 0.00 0.00 -0.00 0.00 0.00 -0.00 0.00 0.00 -0.00 0.00 0.00 -0.00 0.00 0.00 -0.00 0.00 0.00 -0.00 0.00 0.00 -0.00 0.00 0.00 -0.00 0.00 0.00 -0.00 0.00 0.00 -0.00 0.00 0.00 -0.00 0.00 0.00 -0.00 0.00 0.00 -0.00 0.00 0.00 -0.00 0.00 0.00 -0.00 0.00 0.00 -0.00 0.00 0.00 -0.00 0.00 0.00 -0.00 0.00 0.00 -0.00 0.00
-0.0000 0.0242 0.0000 0.00 -0.00 0.00 0.00 -0.00 0.00 0.00 -0.00 0.00 0.00 -0.00 0.00 0.00 -0.00 0.00 0.00 -0.00 0.00 0.00 -0.00 0.00 0.00 -0.00 0.00 0.00 -0.00 0.00 0.00 -0.00 0.00 0.00 -0.00 0.00 0.00 -0.00 0.00 0.00 -0.00 0.00 0.00 -0.00 0.00 0.00 -0.00 0.00 0.00 -0.00 0.00 0.00 -0.00 0.00 0.00 -0.00 0.00 69.06 -37.95 134.56 -0.00 23.42 -0.00 -6.28 10.14 20.11 -1.35 12.81 32.73 0.00 0.00 -0.00 2.00 -0.02 0.60 -0.05 -0.29 8.54 -0.03 -0.15 4.31 0.00 0.00 -0.00 0.00 -0.00 1.62 -0.00 0.00 16.38 -0.00 0.00 8.49 0.00 0.00 -0.00 -2.00 0.08 2.24 0.26 0.63 19.89 0.20 0.31 10.45 0.00 0.00 -0.00 -4.00 0.02 0.25 0.02 0.30 4.33 0.02 0.15 2.15 0.00 -0.00 0.00 0.00 -0.00 0.00 0.00 -0.00 0.00 0.00 -0.00 0.00 0.00 -0.00 0.00 0.00 -0.00 0.00 0.00 -0.00 0.00 0.00 -0.00 0.00 0.00 -0.00 0.00 0.00 -0.00 0.00 0.00 -0.00 0.00 0.00 -0.00 0.00 0.00 -0.00 0.00 0.00 -0.00 0.00 0.00 -0.00 0.00 0.00 -0.00 0.00 0.00 -0.00 0.00 0.00 -0.00 0.00 0.00 -0.00 0.00 0.00 -0.00 0.00 0.00 -0.00 0.00 0.00 -0.00 0.00 0.00 -0.00 0.00
-0.0000 0.0242 0.0000 0.00 -0.00 0.00 0.00 -0.00 0.00 0.00 -0.00 0.00 0.00 -0.00 0.00 0.00 -0.00 0.00 0.00 -0.00 0.00 0.00 -0.00 0.00 0.00 -0.00 0.00 0.00 -0.00 0.00 0.00 -0.00 0.00 0.00 -0.00 0.00 0.00 -0.00 0.00 0.00 -0.00 0.00 0.00 -0.00 0.00 0.00 -0.00 0.00 0.00 -0.00 0.00 0.00 -0.00 0.00 0.00 -0.00 0.00 69.06 -37.95 134.56 -0.00 23.42 -0.00 -6.28 10.14 20.11 -1.35 12.81 32.73 0.00 0.00 -0.00 2.00 -0.02 0.60 -0.05 -0.29 8.54 -0.03 -0.15 4.31 0.00 0.00 -0.00 0.00 -0.00 1.62 -0.00 0.00 16.38 -0.00 0.00 8.49 0.00 0.00 -0.00 -2.00 0.08 2.24 0.26 0.63 19.89 0.20 0.31 10.45 0.00 0.00 -0.00 -4.00 0.02 0.25 0.02 0.30 4.33 0.02 0.15 2.15 0.00 -0.00 0.00 0.00 -0.00 0.00 0.00 -0.00 0.00 0.00 -0.00 0.00 0.00 -0.00 0.00 0.00 -0.00 0.00 0.00 -0.00 0.00 0.00 -0.00 0.00 0.00 -0.00 0.00 0.00 -0.00 0.00 0.00 -0.00 0.00 0.00 -0.00 0.00 0.00 -0.00 0.00 0.00 -0.00 0.00 0.00 -0.00 0.00 0.00 -0.00 0.00 0.00 -0.00 0.00 0.00 -0.00 0.00 0.00 -0.00 0.00 0.00 -0.00 0.00 0.00 -0.00 0.00 0.00 -0.00 0.00 0.00 -0.00 0.00
-0.0000 0.0248 0.0000 0.00 -0.00 0.00 0.00 -0.00 0.00 0.00 -0.00 0.00 0.00 -0.00 0.00 0.00 -0.00 0.00 0.00 -0.00 0.00 0.00 -0.00 0.00 0.00 -0.00 0.00 0.00 -0.00 0.00 0.00 -0.00 0.00 0.00 -0.00 0.00 0.00 -0.00 0.00 0.00 -0.00 0.00 0.00 -0.00 0.00 0.00 -0.00 0.00 0.00 -0.00 0.00 0.00 -0.00 0.00 0.00 -0.00 0.00 69.06 -37.95 134.56 -0.00 23.42 -0.00 -6.28 10.14 20.11 -1.35 12.81 32.73 0.00 0.00 -0.00 2.00 -0.02 0.60 -0.05 -0.29 8.54 -0.03 -0.15 4.31 0.00 0.00 -0.00 0.00 -0.00 1.62 -0.00 0.00 16.38 -0.00 0.00 8.49 0.00 0.00 -0.00 -2.00 0.08 2.24 0.26 0.63 19.89 0.20 0.31 10.45 0.00 0.00 -0.00 -4.00 0.02 0.25 0.02 0.30 4.33 0.02 0.15 2.15 0.00 -0.00 0.00 0.00 -0.00 0.00 0.00 -0.00 0.00 0.00 -0.00 0.00 0.00 -0.00 0.00 0.00 -0.00 0.00 0.00 -0.00 0.00 0.00 -0.00 0.00 0.00 -0.00 0.00 0.00 -0.00 0.00 0.00 -0.00 0.00 0.00 -0.00 0.00 0.00 -0.00 0.00 0.00 -0.00 0.00 0.00 -0.00 0.00 0.00 -0.00 0.00 0.00 -0.00 0.00 0.00 -0.00 0.00 0.00 -0.00 0.00 0.00 -0.00 0.00 0.00 -0.00 0.00 0.00 -0.00 0.00 0.00 -0.00 0.00
-0.0000 0.0250 0.0000 0.00 -0.00 0.00 0.00 -0.00 0.00 0.00 -0.00 0.00 0.00 -0.00 0.00 0.00 -0.00 0.00 0.00 -0.00 0.00 0.00 -0.00 0.00 0.00 -0.00 0.00 0.00 -0.00 0.00 0.00 -0.00 0.00 0.00 -0.00 0.00 0.00 -0.00 0.00 0.00 -0.00 0.00 0.00 -0.00 0.00 0.00 -0.00 0.00 0.00 -0.00 0.00 0.00 -0.00 0.00 0.00 -0.00 0.00 69.06 -37.95 134.56 -0.00 23.42 -0.00 -6.28 10.14 20.11 -1.35 12.81 32.73 0.00 0.00 -0.00 2.00 -0.02 0.60 -0.05 -0.29 8.54 -0.03 -0.15 4.31 0.00 0.00 -0.00 0.00 -0.00 1.62 -0.00 0.00 16.38 -0.00 0.00 8.49 0.00 0.00 -0.00 -2.00 0.08 2.24 0.26 0.63 19.89 0.20 0.31 10.45 0.00 0.00 -0.00 -4.00 0.02 0.25 0.02 0.30 4.33 0.02 0.15 2.15 0.00 -0.00 0.00 0.00 -0.00 0.00 0.00 -0.00 0.00 0.00 -0.00 0.00 0.00 -0.00 0.00 0.00 -0.00 0.00 0.00 -0.00 0.00 0.00 -0.00 0.00 0.00 -0.00 0.00 0.00 -0.00 0.00 0.00 -0.00 0.00 0.00 -0.00 0.00 0.00 -0.00 0.00 0.00 -0.00 0.00 0.00 -0.00 0.00 0.00 -0.00 0.00 0.00 -0.00 0.00 0.00 -0.00 0.00 0.00 -0.00 0.00 0.00 -0.00 0.00 0.00 -0.00 0.00 0.00 -0.00 0.00 0.00 -0.00 0.00
-0.0000 0.0259 0.0000 0.00 -0.00 0.00 0.00 -0.00 0.00 0.00 -0.00 0.00 0.00 -0.00 0.00 0.00 -0.00 0.00 0.00 -0.00 0.00 0.00 -0.00 0.00 0.00 -0.00 0.00 0.00 -0.00 0.00 0.00 -0.00 0.00 0.00 -0.00 0.00 0.00 -0.00 0.00 0.00 -0.00 0.00 0.00 -0.00 0.00 0.00 -0.00 0.00 0.00 -0.00 0.00 0.00 -0.00 0.00 0.00 -0.00 0.00 69.06 -37.95 134.56 -0.00 23.42 -0.00 -6.28 10.14 20.11 -1.35 12.81 32.73 0.00 0.00 -0.00 2.00 -0.02 0.60 -0.05 -0.29 8.54 -0.03 -0.15 4.31 0.00 0.00 -0.00 0.00 -0.00 1.62 -0.00 0.00 16.38 -0.00 0.00 8.49 0.00 0.00 -0.00 -2.00 0.08 2.24 0.26 0.63 19.89 0.20 0.31 10.45 0.00 0.00 -0.00 -4.00 0.02 0.25 0.02 0.30 4.33 0.02 0.15 2.15 0.00 -0.00 0.00 0.00 -0.00 0.00 0.00 -0.00 0.00 0.00 -0.00 0.00 0.00 -0.00 0.00 0.00 -0.00 0.00 0.00 -0.00 0.00 0.00 -0.00 0.00 0.00 -0.00 0.00 0.00 -0.00 0.00 0.00 -0.00 0.00 0.00 -0.00 0.00 0.00 -0.00 0.00 0.00 -0.00 0.00 0.00 -0.00 0.00 0.00 -0.00 0.00 0.00 -0.00 0.00 0.00 -0.00 0.00 0.00 -0.00 0.00 0.00 -0.00 0.00 0.00 -0.00 0.00 0.00 -0.00 0.00 0.00 -0.00 0.00
-0.0000 0.0264 0.0000 0.00 -0.00 0.00 0.00 -0.00 0.00 0.00 -0.00 0.00 0.00 -0.00 0.00 0.00 -0.00 0.00 0.00 -0.00 0.00 0.00 -0.00 0.00 0.00 -0.00 0.00 0.00 -0.00 0.00 0.00 -0.00 0.00 0.00 -0.00 0.00 0.00 -0.00 0.00 0.00 -0.00 0.00 0.00 -0.00 0.00 0.00 -0.00 0.00 0.00 -0.00 0.00 0.00 -0.00 0.00 0.00 -0.00 0.00 69.06 -37.95 134.56 -0.00 23.42 -0.00 -6.28 10.14 20.11 -1.35 12.81 32.73 0.00 0.00 -0.00 2.00 -0.02 0.60 -0.05 -0.29 8.54 -0.03 -0.15 4.31 0.00 0.00 -0.00 0.00 -0.00 1.62 -0.00 0.00 16.38 -0.00 0.00 8.49 0.00 0.00 -0.00 -2.00 0.08 2.24 0.26 0.63 19.89 0.20 0.31 10.45 0.00 0.00 -0.00 -4.00 0.02 0.25 0.02 0.30 4.33 0.02 0.15 2.15 0.00 -0.00 0.00 0.00 -0.00 0.00 0.00 -0.00 0.00 0.00 -0.00 0.00 0.00 -0.00 0.00 0.00 -0.00 0.00 0.00 -0.00 0.00 0.00 -0.00 0.00 0.00 -0.00 0.00 0.00 -0.00 0.00 0.00 -0.00 0.00 0.00 -0.00 0.00 0.00 -0.00 0.00 0.00 -0.00 0.00 0.00 -0.00 0.00 0.00 -0.00 0.00 0.00 -0.00 0.00 0.00 -0.00 0.00 0.00 -0.00 0.00 0.00 -0.00 0.00 0.00 -0.00 0.00 0.00 -0.00 0.00 0.00 -0.00 0.00
-0.0000 0.0250 0.0000 0.00 -0.00 0.00 0.00 -0.00 0.00 0.00 -0.00 0.00 0.00 -0.00 0.00 0.00 -0.00 0.00 0.00 -0.00 0.00 0.00 -0.00 0.00 0.00 -0.00 0.00 0.00 -0.00 0.00 0.00 -0.00 0.00 0.00 -0.00 0.00 0.00 -0.00 0.00 0.00 -0.00 0.00 0.00 -0.00 0.00 0.00 -0.00 0.00 0.00 -0.00 0.00 0.00 -0.00 0.00 0.00 -0.00 0.00 69.06 -37.95 134.56 -0.00 23.42 -0.00 -6.28 10.14 20.11 -1.35 12.81 32.73 0.00 0.00 -0.00 2.00 -0.02 0.60 -0.05 -0.29 8.54 -0.03 -0.15 4.31 0.00 0.00 -0.00 0.00 -0.00 1.62 -0.00 0.00 16.38 -0.00 0.00 8.49 0.00 0.00 -0.00 -2.00 0.08 2.24 0.26 0.63 19.89 0.20 0.31 10.45 0.00 0.00 -0.00 -4.00 0.02 0.25 0.02 0.30 4.33 0.02 0.15 2.15 0.00 -0.00 0.00 0.00 -0.00 0.00 0.00 -0.00 0.00 0.00 -0.00 0.00 0.00 -0.00 0.00 0.00 -0.00 0.00 0.00 -0.00 0.00 0.00 -0.00 0.00 0.00 -0.00 0.00 0.00 -0.00 0.00 0.00 -0.00 0.00 0.00 -0.00 0.00 0.00 -0.00 0.00 0.00 -0.00 0.00 0.00 -0.00 0.00 0.00 -0.00 0.00 0.00 -0.00 0.00 0.00 -0.00 0.00 0.00 -0.00 0.00 0.00 -0.00 0.00 0.00 -0.00 0.00 0.00 -0.00 0.00 0.00 -0.00 0.00
-0.0000 0.0263 0.0000 0.00 -0.00 0.00 0.00 -0.00 0.00 0.00 -0.00 0.00 0.00 -0.00 0.00 0.00 -0.00 0.00 0.00 -0.00 0.00 0.00 -0.00 0.00 0.00 -0.00 0.00 0.00 -0.00 0.00 0.00 -0.00 0.00 0.00 -0.00 0.00 0.00 -0.00 0.00 0.00 -0.00 0.00 0.00 -0.00 0.00 0.00 -0.00 0.00 0.00 -0.00 0.00 0.00 -0.00 0.00 0.00 -0.00 0.00 69.06 -37.95 134.56 -0.00 23.42 -0.00 -6.28 10.14 20.11 -1.35 12.81 32.73 0.00 0.00 -0.00 2.00 -0.02 0.60 -0.05 -0.29 8.54 -0.03 -0.15 4.31 0.00 0.00 -0.00 0.00 -0.00 1.62 -0.00 0.00 16.38 -0.00 0.00 8.49 0.00 0.00 -0.00 -2.00 0.08 2.24 0.26 0.63 19.89 0.20 0.31 10.45 0.00 0.00 -0.00 -4.00 0.02 0.25 0.02 0.30 4.33 0.02 0.15 2.15 0.00 -0.00 0.00 0.00 -0.00 0.00 0.00 -0.00 0.00 0.00 -0.00 0.00 0.00 -0.00 0.00 0.00 -0.00 0.00 0.00 -0.00 0.00 0.00 -0.00 0.00 0.00 -0.00 0.00 0.00 -0.00 0.00 0.00 -0.00 0.00 0.00 -0.00 0.00 0.00 -0.00 0.00 0.00 -0.00 0.00 0.00 -0.00 0.00 0.00 -0.00 0.00 0.00 -0.00 0.00 0.00 -0.00 0.00 0.00 -0.00 0.00 0.00 -0.00 0.00 0.00 -0.00 0.00 0.00 -0.00 0.00 0.00 -0.00 0.00
-0.0000 0.0273 0.0000 0.00 -0.00 0.00 0.00 -0.00 0.00 0.00 -0.00 0.00 0.00 -0.00 0.00 0.00 -0.00 0.00 0.00 -0.00 0.00 0.00 -0.00 0.00 0.00 -0.00 0.00 0.00 -0.00 0.00 0.00 -0.00 0.00 0.00 -0.00 0.00 0.00 -0.00 0.00 0.00 -0.00 0.00 0.00 -0.00 0.00 0.00 -0.00 0.00 0.00 -0.00 0.00 0.00 -0.00 0.00 0.00 -0.00 0.00 69.06 -37.95 134.56 -0.00 23.42 -0.00 -6.28 10.14 20.11 -1.35 12.81 32.73 0.00 0.00 -0.00 2.00 -0.02 0.60 -0.05 -0.29 8.54 -0.03 -0.15 4.31 0.00 0.00 -0.00 0.00 -0.00 1.62 -0.00 0.00 16.38 -0.00 0.00 8.49 0.00 0.00 -0.00 -2.00 0.08 2.24 0.26 0.63 19.89 0.20 0.31 10.45 0.00 0.00 -0.00 -4.00 0.02 0.25 0.02 0.30 4.33 0.02 0.15 2.15 0.00 -0.00 0.00 0.00 -0.00 0.00 0.00 -0.00 0.00 0.00 -0.00 0.00 0.00 -0.00 0.00 0.00 -0.00 0.00 0.00 -0.00 0.00 0.00 -0.00 0.00 0.00 -0.00 0.00 0.00 -0.00 0.00 0.00 -0.00 0.00 0.00 -0.00 0.00 0.00 -0.00 0.00 0.00 -0.00 0.00 0.00 -0.00 0.00 0.00 -0.00 0.00 0.00 -0.00 0.00 0.00 -0.00 0.00 0.00 -0.00 0.00 0.00 -0.00 0.00 0.00 -0.00 0.00 0.00 -0.00 0.00 0.00 -0.00 0.00
-0.0000 0.0279 0.0000 0.00 -0.00 0.00 0.00 -0.00 0.00 0.00 -0.00 0.00 0.00 -0.00 0.00 0.00 -0.00 0.00 0.00 -0.00 0.00 0.00 -0.00 0.00 0.00 -0.00 0.00 0.00 -0.00 0.00 0.00 -0.00 0.00 0.00 -0.00 0.00 0.00 -0.00 0.00 0.00 -0.00 0.00 0.00 -0.00 0.00 0.00 -0.00 0.00 0.00 -0.00 0.00 0.00 -0.00 0.00 0.00 -0.00 0.00 69.06 -37.95 134.56 -0.00 23.42 -0.00 -6.28 10.14 20.11 -1.35 12.81 32.73 0.00 0.00 -0.00 2.00 -0.02 0.60 -0.05 -0.29 8.54 -0.03 -0.15 4.31 0.00 0.00 -0.00 0.00 -0.00 1.62 -0.00 0.00 16.38 -0.00 0.00 8.49 0.00 0.00 -0.00 -2.00 0.08 2.24 0.26 0.63 19.89 0.20 0.31 10.45 0.00 0.00 -0.00 -4.00 0.02 0.25 0.02 0.30 4.33 0.02 0.15 2.15 0.00 -0.00 0.00 0.00 -0.00 0.00 0.00 -0.00 0.00 0.00 -0.00 0.00 0.00 -0.00 0.00 0.00 -0.00 0.00 0.00 -0.00 0.00 0.00 -0.00 0.00 0.00 -0.00 0.00 0.00 -0.00 0.00 0.00 -0.00 0.00 0.00 -0.00 0.00 0.00 -0.00 0.00 0.00 -0.00 0.00 0.00 -0.00 0.00 0.00 -0.00 0.00 0.00 -0.00 0.00 0.00 -0.00 0.00 0.00 -0.00 0.00 0.00 -0.00 0.00 0.00 -0.00 0.00 0.00 -0.00 0.00 0.00 -0.00 0.00
-0.0000 0.0282 0.0000 0.00 -0.00 0.00 0.00 -0.00 0.00 0.00 -0.00 0.00 0.00 -0.00 0.00 0.00 -0.00 0.00 0.00 -0.00 0.00 0.00 -0.00 0.00 0.00 -0.00 0.00 0.00 -0.00 0.00 0.00 -0.00 0.00 0.00 -0.00 0.00 0.00 -0.00 0.00 0.00 -0.00 0.00 0.00 -0.00 0.00 0.00 -0.00 0.00 0.00 -0.00 0.00 0.00 -0.00 0.00 0.00 -0.00 0.00 69.06 -37.95 134.56 -0.00 23.42 -0.00 -6.28 10.14 20.11 -1.35 12.81 32.73 0.00 0.00 -0.00 2.00 -0.02 0.60 -0.05 -0.29 8.54 -0.03 -0.15 4.31 0.00 0.00 -0.00 0.00 -0.00 1.62 -0.00 0.00 16.38 -0.00 0.00 8.49 0.00 0.00 -0.00 -2.00 0.08 2.24 0.26 0.63 19.89 0.20 0.31 10.45 0.00 0.00 -0.00 -4.00 0.02 0.25 0.02 0.30 4.33 0.02 0.15 2.15 0.00 -0.00 0.00 0.00 -0.00 0.00 0.00 -0.00 0.00 0.00 -0.00 0.00 0.00 -0.00 0.00 0.00 -0.00 0.00 0.00 -0.00 0.00 0.00 -0.00 0.00 0.00 -0.00 0.00 0.00 -0.00 0.00 0.00 -0.00 0.00 0.00 -0.00 0.00 0.00 -0.00 0.00 0.00 -0.00 0.00 0.00 -0.00 0.00 0.00 -0.00 0.00 0.00 -0.00 0.00 0.00 -0.00 0.00 0.00 -0.00 0.00 0.00 -0.00 0.00 0.00 -0.00 0.00 0.00 -0.00 0.00 0.00 -0.00 0.00
-0.0000 0.0268 0.0000 0.00 -0.00 0.00 0.00 -0.00 0.00 0.00 -0.00 0.00 0.00 -0.00 0.00 0.00 -0.00 0.00 0.00 -0.00 0.00 0.00 -0.00 0.00 0.00 -0.00 0.00 0.00 -0.00 0.00 0.00 -0.00 0.00 0.00 -0.00 0.00 0.00 -0.00 0.00 0.00 -0.00 0.00 0.00 -0.00 0.00 0.00 -0.00 0.00 0.00 -0.00 0.00 0.00 -0.00 0.00 0.00 -0.00 0.00 69.06 -37.95 134.56 -0.00 23.42 -0.00 -6.28 10.14 20.11 -1.35 12.81 32.73 0.00 0.00 -0.00 2.00 -0.02 0.60 -0.05 -0.29 8.54 -0.03 -0.15 4.31 0.00 0.00 -0.00 0.00 -0.00 1.62 -0.00 0.00 16.38 -0.00 0.00 8.49 0.00 0.00 -0.00 -2.00 0.08 2.24 0.26 0.63 19.89 0.20 0.31 10.45 0.00 0.00 -0.00 -4.00 0.02 0.25 0.02 0.30 4.33 0.02 0.15 2.15 0.00 -0.00 0.00 0.00 -0.00 0.00 0.00 -0.00 0.00 0.00 -0.00 0.00 0.00 -0.00 0.00 0.00 -0.00 0.00 0.00 -0.00 0.00 0.00 -0.00 0.00 0.00 -0.00 0.00 0.00 -0.00 0.00 0.00 -0.00 0.00 0.00 -0.00 0.00 0.00 -0.00 0.00 0.00 -0.00 0.00 0.00 -0.00 0.00 0.00 -0.00 0.00 0.00 -0.00 0.00 0.00 -0.00 0.00 0.00 -0.00 0.00 0.00 -0.00 0.00 0.00 -0.00 0.00 0.00 -0.00 0.00 0.00 -0.00 0.00
-0.0000 0.0266 0.0000 0.00 -0.00 0.00 0.00 -0.00 0.00 0.00 -0.00 0.00 0.00 -0.00 0.00 0.00 -0.00 0.00 0.00 -0.00 0.00 0.00 -0.00 0.00 0.00 -0.00 0.00 0.00 -0.00 0.00 0.00 -0.00 0.00 0.00 -0.00 0.00 0.00 -0.00 0.00 0.00 -0.00 0.00 0.00 -0.00 0.00 0.00 -0.00 0.00 0.00 -0.00 0.00 0.00 -0.00 0.00 0.00 -0.00 0.00 69.06 -37.95 134.56 -0.00 23.42 -0.00 -6.28 10.14 20.11 -1.35 12.81 32.73 0.00 0.00 -0.00 2.00 -0.02 0.60 -0.05 -0.29 8.54 -0.03 -0.15 4.31 0.00 0.00 -0.00 0.00 -0.00 1.62 -0.00 0.00 16.38 -0.00 0.00 8.49 0.00 0.00 -0.00 -2.00 0.08 2.24 0.26 0.63 19.89 0.20 0.31 10.45 0.00 0.00 -0.00 -4.00 0.02 0.25 0.02 0.30 4.33 0.02 0.15 2.15 0.00 -0.00 0.00 0.00 -0.00 0.00 0.00 -0.00 0.00 0.00 -0.00 0.00 0.00 -0.00 0.00 0.00 -0.00 0.00 0.00 -0.00 0.00 0.00 -0.00 0.00 0.00 -0.00 0.00 0.00 -0.00 0.00 0.00 -0.00 0.00 0.00 -0.00 0.00 0.00 -0.00 0.00 0.00 -0.00 0.00 0.00 -0.00 0.00 0.00 -0.00 0.00 0.00 -0.00 0.00 0.00 -0.00 0.00 0.00 -0.00 0.00 0.00 -0.00 0.00 0.00 -0.00 0.00 0.00 -0.00 0.00 0.00 -0.00 0.00
-0.0000 0.0277 0.0000 0.00 -0.00 0.00 0.00 -0.00 0.00 0.00 -0.00 0.00 0.00 -0.00 0.00 0.00 -0.00 0.00 0.00 -0.00 0.00 0.00 -0.00 0.00 0.00 -0.00 0.00 0.00 -0.00 0.00 0.00 -0.00 0.00 0.00 -0.00 0.00 0.00 -0.00 0.00 0.00 -0.00 0.00 0.00 -0.00 0.00 0.00 -0.00 0.00 0.00 -0.00 0.00 0.00 -0.00 0.00 0.00 -0.00 0.00 69.06 -37.95 134.56 -0.00 23.42 -0.00 -6.28 10.14 20.11 -1.35 12.81 32.73 0.00 0.00 -0.00 2.00 -0.02 0.60 -0.05 -0.29 8.54 -0.03 -0.15 4.31 0.00 0.00 -0.00 0.00 -0.00 1.62 -0.00 0.00 16.38 -0.00 0.00 8.49 0.00 0.00 -0.00 -2.00 0.08 2.24 0.26 0.63 19.89 0.20 0.31 10.45 0.00 0.00 -0.00 -4.00 0.02 0.25 0.02 0.30 4.33 0.02 0.15 2.15 0.00 -0.00 0.00 0.00 -0.00 0.00 0.00 -0.00 0.00 0.00 -0.00 0.00 0.00 -0.00 0.00 0.00 -0.00 0.00 0.00 -0.00 0.00 0.00 -0.00 0.00 0.00 -0.00 0.00 0.00 -0.00 0.00 0.00 -0.00 0.00 0.00 -0.00 0.00 0.00 -0.00 0.00 0.00 -0.00 0.00 0.00 -0.00 0.00 0.00 -0.00 0.00 0.00 -0.00 0.00 0.00 -0.00 0.00 0.00 -0.00 0.00 0.00 -0.00 0.00 0.00 -0.00 0.00 0.00 -0.00 0.00 0.00 -0.00 0.00
-0.0000 0.0280 0.0000 0.00 -0.00 0.00 0.00 -0.00 0.00 0.00 -0.00 0.00 0.00 -0.00 0.00 0.00 -0.00 0.00 0.00 -0.00 0.00 0.00 -0.00 0.00 0.00 -0.00 0.00 0.00 -0.00 0.00 0.00 -0.00 0.00 0.00 -0.00 0.00 0.00 -0.00 0.00 0.00 -0.00 0.00 0.00 -0.00 0.00 0.00 -0.00 0.00 0.00 -0.00 0.00 0.00 -0.00 0.00 0.00 -0.00 0.00 69.06 -37.95 134.56 -0.00 23.42 -0.00 -6.28 10.14 20.11 -1.35 12.81 32.73 0.00 0.00 -0.00 2.00 -0.02 0.60 -0.05 -0.29 8.54 -0.03 -0.15 4.31 0.00 0.00 -0.00 0.00 -0.00 1.62 -0.00 0.00 16.38 -0.00 0.00 8.49 0.00 0.00 -0.00 -2.00 0.08 2.24 0.26 0.63 19.89 0.20 0.31 10.45 0.00 0.00 -0.00 -4.00 0.02 0.25 0.02 0.30 4.33 0.02 0.15 2.15 0.00 -0.00 0.00 0.00 -0.00 0.00 0.00 -0.00 0.00 0.00 -0.00 0.00 0.00 -0.00 0.00 0.00 -0.00 0.00 0.00 -0.00 0.00 0.00 -0.00 0.00 0.00 -0.00 0.00 0.00 -0.00 0.00 0.00 -0.00 0.00 0.00 -0.00 0.00 0.00 -0.00 0.00 0.00 -0.00 0.00 0.00 -0.00 0.00 0.00 -0.00 0.00 0.00 -0.00 0.00 0.00 -0.00 0.00 0.00 -0.00 0.00 0.00 -0.00 0.00 0.00 -0.00 0.00 0.00 -0.00 0.00 0.00 -0.00 0.00
-0.0000 0.0277 0.0000 0.00 -0.00 0.00 0.00 -0.00 0.00 0.00 -0.00 0.00 0.00 -0.00 0.00 0.00 -0.00 0.00 0.00 -0.00 0.00 0.00 -0.00 0.00 0.00 -0.00 0.00 0.00 -0.00 0.00 0.00 -0.00 0.00 0.00 -0.00 0.00 0.00 -0.00 0.00 0.00 -0.00 0.00 0.00 -0.00 0.00 0.00 -0.00 0.00 0.00 -0.00 0.00 0.00 -0.00 0.00 0.00 -0.00 0.00 69.06 -37.95 134.56 -0.00 23.42 -0.00 -6.28 10.14 20.11 -1.35 12.81 32.73 0.00 0.00 -0.00 2.00 -0.02 0.60 -0.05 -0.29 8.54 -0.03 -0.15 4.31 0.00 0.00 -0.00 0.00 -0.00 1.62 -0.00 0.00 16.38 -0.00 0.00 8.49 0.00 0.00 -0.00 -2.00 0.08 2.24 0.26 0.63 19.89 0.20 0.31 10.45 0.00 0.00 -0.00 -4.00 0.02 0.25 0.02 0.30 4.33 0.02 0.15 2.15 0.00 -0.00 0.00 0.00 -0.00 0.00 0.00 -0.00 0.00 0.00 -0.00 0.00 0.00 -0.00 0.00 0.00 -0.00 0.00 0.00 -0.00 0.00 0.00 -0.00 0.00 0.00 -0.00 0.00 0.00 -0.00 0.00 0.00 -0.00 0.00 0.00 -0.00 0.00 0.00 -0.00 0.00 0.00 -0.00 0.00 0.00 -0.00 0.00 0.00 -0.00 0.00 0.00 -0.00 0.00 0.00 -0.00 0.00 0.00 -0.00 0.00 0.00 -0.00 0.00 0.00 -0.00 0.00 0.00 -0.00 0.00 0.00 -0.00 0.00
-0.0000 0.0277 0.0000 0.00 -0.00 0.00 0.00 -0.00 0.00 0.00 -0.00 0.00 0.00 -0.00 0.00 0.00 -0.00 0.00 0.00 -0.00 0.00 0.00 -0.00 0.00 0.00 -0.00 0.00 0.00 -0.00 0.00 0.00 -0.00 0.00 0.00 -0.00 0.00 0.00 -0.00 0.00 0.00 -0.00 0.00 0.00 -0.00 0.00 0.00 -0.00 0.00 0.00 -0.00 0.00 0.00 -0.00 0.00 0.00 -0.00 0.00 69.06 -37.95 134.56 -0.00 23.42 -0.00 -6.28 10.14 20.11 -1.35 12.81 32.73 0.00 0.00 -0.00 2.00 -0.02 0.60 -0.05 -0.29 8.54 -0.03 -0.15 4.31 0.00 0.00 -0.00 0.00 -0.00 1.62 -0.00 0.00 16.38 -0.00 0.00 8.49 0.00 0.00 -0.00 -2.00 0.08 2.24 0.26 0.63 19.89 0.20 0.31 10.45 0.00 0.00 -0.00 -4.00 0.02 0.25 0.02 0.30 4.33 0.02 0.15 2.15 0.00 -0.00 0.00 0.00 -0.00 0.00 0.00 -0.00 0.00 0.00 -0.00 0.00 0.00 -0.00 0.00 0.00 -0.00 0.00 0.00 -0.00 0.00 0.00 -0.00 0.00 0.00 -0.00 0.00 0.00 -0.00 0.00 0.00 -0.00 0.00 0.00 -0.00 0.00 0.00 -0.00 0.00 0.00 -0.00 0.00 0.00 -0.00 0.00 0.00 -0.00 0.00 0.00 -0.00 0.00 0.00 -0.00 0.00 0.00 -0.00 0.00 0.00 -0.00 0.00 0.00 -0.00 0.00 0.00 -0.00 0.00 0.00 -0.00 0.00
-0.0000 0.0276 0.0000 0.00 -0.00 0.00 0.00 -0.00 0.00 0.00 -0.00 0.00 0.00 -0.00 0.00 0.00 -0.00 0.00 0.00 -0.00 0.00 0.00 -0.00 0.00 0.00 -0.00 0.00 0.00 -0.00 0.00 0.00 -0.00 0.00 0.00 -0.00 0.00 0.00 -0.00 0.00 0.00 -0.00 0.00 0.00 -0.00 0.00 0.00 -0.00 0.00 0.00 -0.00 0.00 0.00 -0.00 0.00 0.00 -0.00 0.00 69.06 -37.95 134.56 -0.00 23.42 -0.00 -6.28 10.14 20.11 -1.35 12.81 32.73 0.00 0.00 -0.00 2.00 -0.02 0.60 -0.05 -0.29 8.54 -0.03 -0.15 4.31 0.00 0.00 -0.00 0.00 -0.00 1.62 -0.00 0.00 16.38 -0.00 0.00 8.49 0.00 0.00 -0.00 -2.00 0.08 2.24 0.26 0.63 19.89 0.20 0.31 10.45 0.00 0.00 -0.00 -4.00 0.02 0.25 0.02 0.30 4.33 0.02 0.15 2.15 0.00 -0.00 0.00 0.00 -0.00 0.00 0.00 -0.00 0.00 0.00 -0.00 0.00 0.00 -0.00 0.00 0.00 -0.00 0.00 0.00 -0.00 0.00 0.00 -0.00 0.00 0.00 -0.00 0.00 0.00 -0.00 0.00 0.00 -0.00 0.00 0.00 -0.00 0.00 0.00 -0.00 0.00 0.00 -0.00 0.00 0.00 -0.00 0.00 0.00 -0.00 0.00 0.00 -0.00 0.00 0.00 -0.00 0.00 0.00 -0.00 0.00 0.00 -0.00 0.00 0.00 -0.00 0.00 0.00 -0.00 0.00 0.00 -0.00 0.00
-0.0000 0.0280 0.0000 0.00 -0.00 0.00 0.00 -0.00 0.00 0.00 -0.00 0.00 0.00 -0.00 0.00 0.00 -0.00 0.00 0.00 -0.00 0.00 0.00 -0.00 0.00 0.00 -0.00 0.00 0.00 -0.00 0.00 0.00 -0.00 0.00 0.00 -0.00 0.00 0.00 -0.00 0.00 0.00 -0.00 0.00 0.00 -0.00 0.00 0.00 -0.00 0.00 0.00 -0.00 0.00 0.00 -0.00 0.00 0.00 -0.00 0.00 69.06 -37.95 134.56 -0.00 23.42 -0.00 -6.28 10.14 20.11 -1.35 12.81 32.73 0.00 0.00 -0.00 2.00 -0.02 0.60 -0.05 -0.29 8.54 -0.03 -0.15 4.31 0.00 0.00 -0.00 0.00 -0.00 1.62 -0.00 0.00 16.38 -0.00 0.00 8.49 0.00 0.00 -0.00 -2.00 0.08 2.24 0.26 0.63 19.89 0.20 0.31 10.45 0.00 0.00 -0.00 -4.00 0.02 0.25 0.02 0.30 4.33 0.02 0.15 2.15 0.00 -0.00 0.00 0.00 -0.00 0.00 0.00 -0.00 0.00 0.00 -0.00 0.00 0.00 -0.00 0.00 0.00 -0.00 0.00 0.00 -0.00 0.00 0.00 -0.00 0.00 0.00 -0.00 0.00 0.00 -0.00 0.00 0.00 -0.00 0.00 0.00 -0.00 0.00 0.00 -0.00 0.00 0.00 -0.00 0.00 0.00 -0.00 0.00 0.00 -0.00 0.00 0.00 -0.00 0.00 0.00 -0.00 0.00 0.00 -0.00 0.00 0.00 -0.00 0.00 0.00 -0.00 0.00 0.00 -0.00 0.00 0.00 -0.00 0.00
-0.0000 0.0277 0.0000 0.00 -0.00 0.00 0.00 -0.00 0.00 0.00 -0.00 0.00 0.00 -0.00 0.00 0.00 -0.00 0.00 0.00 -0.00 0.00 0.00 -0.00 0.00 0.00 -0.00 0.00 0.00 -0.00 0.00 0.00 -0.00 0.00 0.00 -0.00 0.00 0.00 -0.00 0.00 0.00 -0.00 0.00 0.00 -0.00 0.00 0.00 -0.00 0.00 0.00 -0.00 0.00 0.00 -0.00 0.00 0.00 -0.00 0.00 69.06 -37.95 134.56 -0.00 23.42 -0.00 -6.28 10.14 20.11 -1.35 12.81 32.73 0.00 0.00 -0.00 2.00 -0.02 0.60 -0.05 -0.29 8.54 -0.03 -0.15 4.31 0.00 0.00 -0.00 0.00 -0.00 1.62 -0.00 0.00 16.38 -0.00 0.00 8.49 0.00 0.00 -0.00 -2.00 0.08 2.24 0.26 0.63 19.89 0.20 0.31 10.45 0.00 0.00 -0.00 -4.00 0.02 0.25 0.02 0.30 4.33 0.02 0.15 2.15 0.00 -0.00 0.00 0.00 -0.00 0.00 0.00 -0.00 0.00 0.00 -0.00 0.00 0.00 -0.00 0.00 0.00 -0.00 0.00 0.00 -0.00 0.00 0.00 -0.00 0.00 0.00 -0.00 0.00 0.00 -0.00 0.00 0.00 -0.00 0.00 0.00 -0.00 0.00 0.00 -0.00 0.00 0.00 -0.00 0.00 0.00 -0.00 0.00 0.00 -0.00 0.00 0.00 -0.00 0.00 0.00 -0.00 0.00 0.00 -0.00 0.00 0.00 -0.00 0.00 0.00 -0.00 0.00 0.00 -0.00 0.00 0.00 -0.00 0.00
-0.0000 0.0278 0.0000 0.00 -0.00 0.00 0.00 -0.00 0.00 0.00 -0.00 0.00 0.00 -0.00 0.00 0.00 -0.00 0.00 0.00 -0.00 0.00 0.00 -0.00 0.00 0.00 -0.00 0.00 0.00 -0.00 0.00 0.00 -0.00 0.00 0.00 -0.00 0.00 0.00 -0.00 0.00 0.00 -0.00 0.00 0.00 -0.00 0.00 0.00 -0.00 0.00 0.00 -0.00 0.00 0.00 -0.00 0.00 0.00 -0.00 0.00 69.06 -37.95 134.56 -0.00 23.42 -0.00 -6.28 10.14 20.11 -1.35 12.81 32.73 0.00 0.00 -0.00 2.00 -0.02 0.60 -0.05 -0.29 8.54 -0.03 -0.15 4.31 0.00 0.00 -0.00 0.00 -0.00 1.62 -0.00 0.00 16.38 -0.00 0.00 8.49 0.00 0.00 -0.00 -2.00 0.08 2.24 0.26 0.63 19.89 0.20 0.31 10.45 0.00 0.00 -0.00 -4.00 0.02 0.25 0.02 0.30 4.33 0.02 0.15 2.15 0.00 -0.00 0.00 0.00 -0.00 0.00 0.00 -0.00 0.00 0.00 -0.00 0.00 0.00 -0.00 0.00 0.00 -0.00 0.00 0.00 -0.00 0.00 0.00 -0.00 0.00 0.00 -0.00 0.00 0.00 -0.00 0.00 0.00 -0.00 0.00 0.00 -0.00 0.00 0.00 -0.00 0.00 0.00 -0.00 0.00 0.00 -0.00 0.00 0.00 -0.00 0.00 0.00 -0.00 0.00 0.00 -0.00 0.00 0.00 -0.00 0.00 0.00 -0.00 0.00 0.00 -0.00 0.00 0.00 -0.00 0.00 0.00 -0.00 0.00
-0.0000 0.0275 0.0000 0.00 -0.00 0.00 0.00 -0.00 0.00 0.00 -0.00 0.00 0.00 -0.00 0.00 0.00 -0.00 0.00 0.00 -0.00 0.00 0.00 -0.00 0.00 0.00 -0.00 0.00 0.00 -0.00 0.00 0.00 -0.00 0.00 0.00 -0.00 0.00 0.00 -0.00 0.00 0.00 -0.00 0.00 0.00 -0.00 0.00 0.00 -0.00 0.00 0.00 -0.00 0.00 0.00 -0.00 0.00 0.00 -0.00 0.00 69.06 -37.95 134.56 -0.00 23.42 -0.00 -6.28 10.14 20.11 -1.35 12.81 32.73 0.00 0.00 -0.00 2.00 -0.02 0.60 -0.05 -0.29 8.54 -0.03 -0.15 4.31 0.00 0.00 -0.00 0.00 -0.00 1.62 -0.00 0.00 16.38 -0.00 0.00 8.49 0.00 0.00 -0.00 -2.00 0.08 2.24 0.26 0.63 19.89 0.20 0.31 10.45 0.00 0.00 -0.00 -4.00 0.02 0.25 0.02 0.30 4.33 0.02 0.15 2.15 0.00 -0.00 0.00 0.00 -0.00 0.00 0.00 -0.00 0.00 0.00 -0.00 0.00 0.00 -0.00 0.00 0.00 -0.00 0.00 0.00 -0.00 0.00 0.00 -0.00 0.00 0.00 -0.00 0.00 0.00 -0.00 0.00 0.00 -0.00 0.00 0.00 -0.00 0.00 0.00 -0.00 0.00 0.00 -0.00 0.00 0.00 -0.00 0.00 0.00 -0.00 0.00 0.00 -0.00 0.00 0.00 -0.00 0.00 0.00 -0.00 0.00 0.00 -0.00 0.00 0.00 -0.00 0.00 0.00 -0.00 0.00 0.00 -0.00 0.00
-0.0000 0.0278 0.0000 0.00 -0.00 0.00 0.00 -0.00 0.00 0.00 -0.00 0.00 0.00 -0.00 0.00 0.00 -0.00 0.00 0.00 -0.00 0.00 0.00 -0.00 0.00 0.00 -0.00 0.00 0.00 -0.00 0.00 0.00 -0.00 0.00 0.00 -0.00 0.00 0.00 -0.00 0.00 0.00 -0.00 0.00 0.00 -0.00 0.00 0.00 -0.00 0.00 0.00 -0.00 0.00 0.00 -0.00 0.00 0.00 -0.00 0.00 69.06 -37.95 134.56 -0.00 23.42 -0.00 -6.28 10.14 20.11 -1.35 12.81 32.73 0.00 0.00 -0.00 2.00 -0.02 0.60 -0.05 -0.29 8.54 -0.03 -0.15 4.31 0.00 0.00 -0.00 0.00 -0.00 1.62 -0.00 0.00 16.38 -0.00 0.00 8.49 0.00 0.00 -0.00 -2.00 0.08 2.24 0.26 0.63 19.89 0.20 0.31 10.45 0.00 0.00 -0.00 -4.00 0.02 0.25 0.02 0.30 4.33 0.02 0.15 2.15 0.00 -0.00 0.00 0.00 -0.00 0.00 0.00 -0.00 0.00 0.00 -0.00 0.00 0.00 -0.00 0.00 0.00 -0.00 0.00 0.00 -0.00 0.00 0.00 -0.00 0.00 0.00 -0.00 0.00 0.00 -0.00 0.00 0.00 -0.00 0.00 0.00 -0.00 0.00 0.00 -0.00 0.00 0.00 -0.00 0.00 0.00 -0.00 0.00 0.00 -0.00 0.00 0.00 -0.00 0.00 0.00 -0.00 0.00 0.00 -0.00 0.00 0.00 -0.00 0.00 0.00 -0.00 0.00 0.00 -0.00 0.00 0.00 -0.00 0.00
-0.0000 0.0282 0.0000 0.00 -0.00 0.00 0.00 -0.00 0.00 0.00 -0.00 0.00 0.00 -0.00 0.00 0.00 -0.00 0.00 0.00 -0.00 0.00 0.00 -0.00 0.00 0.00 -0.00 0.00 0.00 -0.00 0.00 0.00 -0.00 0.00 0.00 -0.00 0.00 0.00 -0.00 0.00 0.00 -0.00 0.00 0.00 -0.00 0.00 0.00 -0.00 0.00 0.00 -0.00 0.00 0.00 -0.00 0.00 0.00 -0.00 0.00 69.06 -37.95 134.56 -0.00 23.42 -0.00 -6.28 10.14 20.11 -1.35 12.81 32.73 0.00 0.00 -0.00 2.00 -0.02 0.60 -0.05 -0.29 8.54 -0.03 -0.15 4.31 0.00 0.00 -0.00 0.00 -0.00 1.62 -0.00 0.00 16.38 -0.00 0.00 8.49 0.00 0.00 -0.00 -2.00 0.08 2.24 0.26 0.63 19.89 0.20 0.31 10.45 0.00 0.00 -0.00 -4.00 0.02 0.25 0.02 0.30 4.33 0.02 0.15 2.15 0.00 -0.00 0.00 0.00 -0.00 0.00 0.00 -0.00 0.00 0.00 -0.00 0.00 0.00 -0.00 0.00 0.00 -0.00 0.00 0.00 -0.00 0.00 0.00 -0.00 0.00 0.00 -0.00 0.00 0.00 -0.00 0.00 0.00 -0.00 0.00 0.00 -0.00 0.00 0.00 -0.00 0.00 0.00 -0.00 0.00 0.00 -0.00 0.00 0.00 -0.00 0.00 0.00 -0.00 0.00 0.00 -0.00 0.00 0.00 -0.00 0.00 0.00 -0.00 0.00 0.00 -0.00 0.00 0.00 -0.00 0.00 0.00 -0.00 0.00
-0.0000 0.0285 0.0000 0.00 -0.00 0.00 0.00 -0.00 0.00 0.00 -0.00 0.00 0.00 -0.00 0.00 0.00 -0.00 0.00 0.00 -0.00 0.00 0.00 -0.00 0.00 0.00 -0.00 0.00 0.00 -0.00 0.00 0.00 -0.00 0.00 0.00 -0.00 0.00 0.00 -0.00 0.00 0.00 -0.00 0.00 0.00 -0.00 0.00 0.00 -0.00 0.00 0.00 -0.00 0.00 0.00 -0.00 0.00 0.00 -0.00 0.00 69.06 -37.95 134.56 -0.00 23.42 -0.00 -6.28 10.14 20.11 -1.35 12.81 32.73 0.00 0.00 -0.00 2.00 -0.02 0.60 -0.05 -0.29 8.54 -0.03 -0.15 4.31 0.00 0.00 -0.00 0.00 -0.00 1.62 -0.00 0.00 16.38 -0.00 0.00 8.49 0.00 0.00 -0.00 -2.00 0.08 2.24 0.26 0.63 19.89 0.20 0.31 10.45 0.00 0.00 -0.00 -4.00 0.02 0.25 0.02 0.30 4.33 0.02 0.15 2.15 0.00 -0.00 0.00 0.00 -0.00 0.00 0.00 -0.00 0.00 0.00 -0.00 0.00 0.00 -0.00 0.00 0.00 -0.00 0.00 0.00 -0.00 0.00 0.00 -0.00 0.00 0.00 -0.00 0.00 0.00 -0.00 0.00 0.00 -0.00 0.00 0.00 -0.00 0.00 0.00 -0.00 0.00 0.00 -0.00 0.00 0.00 -0.00 0.00 0.00 -0.00 0.00 0.00 -0.00 0.00 0.00 -0.00 0.00 0.00 -0.00 0.00 0.00 -0.00 0.00 0.00 -0.00 0.00 0.00 -0.00 0.00 0.00 -0.00 0.00
-0.0000 0.0280 0.0000 0.00 -0.00 0.00 0.00 -0.00 0.00 0.00 -0.00 0.00 0.00 -0.00 0.00 0.00 -0.00 0.00 0.00 -0.00 0.00 0.00 -0.00 0.00 0.00 -0.00 0.00 0.00 -0.00 0.00 0.00 -0.00 0.00 0.00 -0.00 0.00 0.00 -0.00 0.00 0.00 -0.00 0.00 0.00 -0.00 0.00 0.00 -0.00 0.00 0.00 -0.00 0.00 0.00 -0.00 0.00 0.00 -0.00 0.00 69.06 -37.95 134.56 -0.00 23.42 -0.00 -6.28 10.14 20.11 -1.35 12.81 32.73 0.00 0.00 -0.00 2.00 -0.02 0.60 -0.05 -0.29 8.54 -0.03 -0.15 4.31 0.00 0.00 -0.00 0.00 -0.00 1.62 -0.00 0.00 16.38 -0.00 0.00 8.49 0.00 0.00 -0.00 -2.00 0.08 2.24 0.26 0.63 19.89 0.20 0.31 10.45 0.00 0.00 -0.00 -4.00 0.02 0.25 0.02 0.30 4.33 0.02 0.15 2.15 0.00 -0.00 0.00 0.00 -0.00 0.00 0.00 -0.00 0.00 0.00 -0.00 0.00 0.00 -0.00 0.00 0.00 -0.00 0.00 0.00 -0.00 0.00 0.00 -0.00 0.00 0.00 -0.00 0.00 0.00 -0.00 0.00 0.00 -0.00 0.00 0.00 -0.00 0.00 0.00 -0.00 0.00 0.00 -0.00 0.00 0.00 -0.00 0.00 0.00 -0.00 0.00 0.00 -0.00 0.00 0.00 -0.00 0.00 0.00 -0.00 0.00 0.00 -0.00 0.00 0.00 -0.00 0.00 0.00 -0.00 0.00 0.00 -0.00 0.00
-0.0000 0.0273 0.0000 0.00 -0.00 0.00 0.00 -0.00 0.00 0.00 -0.00 0.00 0.00 -0.00 0.00 0.00 -0.00 0.00 0.00 -0.00 0.00 0.00 -0.00 0.00 0.00 -0.00 0.00 0.00 -0.00 0.00 0.00 -0.00 0.00 0.00 -0.00 0.00 0.00 -0.00 0.00 0.00 -0.00 0.00 0.00 -0.00 0.00 0.00 -0.00 0.00 0.00 -0.00 0.00 0.00 -0.00 0.00 0.00 -0.00 0.00 69.06 -37.95 134.56 -0.00 23.42 -0.00 -6.28 10.14 20.11 -1.35 12.81 32.73 0.00 0.00 -0.00 2.00 -0.02 0.60 -0.05 -0.29 8.54 -0.03 -0.15 4.31 0.00 0.00 -0.00 0.00 -0.00 1.62 -0.00 0.00 16.38 -0.00 0.00 8.49 0.00 0.00 -0.00 -2.00 0.08 2.24 0.26 0.63 19.89 0.20 0.31 10.45 0.00 0.00 -0.00 -4.00 0.02 0.25 0.02 0.30 4.33 0.02 0.15 2.15 0.00 -0.00 0.00 0.00 -0.00 0.00 0.00 -0.00 0.00 0.00 -0.00 0.00 0.00 -0.00 0.00 0.00 -0.00 0.00 0.00 -0.00 0.00 0.00 -0.00 0.00 0.00 -0.00 0.00 0.00 -0.00 0.00 0.00 -0.00 0.00 0.00 -0.00 0.00 0.00 -0.00 0.00 0.00 -0.00 0.00 0.00 -0.00 0.00 0.00 -0.00 0.00 0.00 -0.00 0.00 0.00 -0.00 0.00 0.00 -0.00 0.00 0.00 -0.00 0.00 0.00 -0.00 0.00 0.00 -0.00 0.00 0.00 -0.00 0.00
-0.0000 0.0268 0.0000 0.00 -0.00 0.00 0.00 -0.00 0.00 0.00 -0.00 0.00 0.00 -0.00 0.00 0.00 -0.00 0.00 0.00 -0.00 0.00 0.00 -0.00 0.00 0.00 -0.00 0.00 0.00 -0.00 0.00 0.00 -0.00 0.00 0.00 -0.00 0.00 0.00 -0.00 0.00 0.00 -0.00 0.00 0.00 -0.00 0.00 0.00 -0.00 0.00 0.00 -0.00 0.00 0.00 -0.00 0.00 0.00 -0.00 0.00 69.06 -37.95 134.56 -0.00 23.42 -0.00 -6.28 10.14 20.11 -1.35 12.81 32.73 0.00 0.00 -0.00 2.00 -0.02 0.60 -0.05 -0.29 8.54 -0.03 -0.15 4.31 0.00 0.00 -0.00 0.00 -0.00 1.62 -0.00 0.00 16.38 -0.00 0.00 8.49 0.00 0.00 -0.00 -2.00 0.08 2.24 0.26 0.63 19.89 0.20 0.31 10.45 0.00 0.00 -0.00 -4.00 0.02 0.25 0.02 0.30 4.33 0.02 0.15 2.15 0.00 -0.00 0.00 0.00 -0.00 0.00 0.00 -0.00 0.00 0.00 -0.00 0.00 0.00 -0.00 0.00 0.00 -0.00 0.00 0.00 -0.00 0.00 0.00 -0.00 0.00 0.00 -0.00 0.00 0.00 -0.00 0.00 0.00 -0.00 0.00 0.00 -0.00 0.00 0.00 -0.00 0.00 0.00 -0.00 0.00 0.00 -0.00 0.00 0.00 -0.00 0.00 0.00 -0.00 0.00 0.00 -0.00 0.00 0.00 -0.00 0.00 0.00 -0.00 0.00 0.00 -0.00 0.00 0.00 -0.00 0.00 0.00 -0.00 0.00
-0.0000 0.0269 0.0000 0.00 -0.00 0.00 0.00 -0.00 0.00 0.00 -0.00 0.00 0.00 -0.00 0.00 0.00 -0.00 0.00 0.00 -0.00 0.00 0.00 -0.00 0.00 0.00 -0.00 0.00 0.00 -0.00 0.00 0.00 -0.00 0.00 0.00 -0.00 0.00 0.00 -0.00 0.00 0.00 -0.00 0.00 0.00 -0.00 0.00 0.00 -0.00 0.00 0.00 -0.00 0.00 0.00 -0.00 0.00 0.00 -0.00 0.00 69.06 -37.95 134.56 -0.00 23.42 -0.00 -6.28 10.14 20.11 -1.35 12.81 32.73 0.00 0.00 -0.00 2.00 -0.02 0.60 -0.05 -0.29 8.54 -0.03 -0.15 4.31 0.00 0.00 -0.00 0.00 -0.00 1.62 -0.00 0.00 16.38 -0.00 0.00 8.49 0.00 0.00 -0.00 -2.00 0.08 2.24 0.26 0.63 19.89 0.20 0.31 10.45 0.00 0.00 -0.00 -4.00 0.02 0.25 0.02 0.30 4.33 0.02 0.15 2.15 0.00 -0.00 0.00 0.00 -0.00 0.00 0.00 -0.00 0.00 0.00 -0.00 0.00 0.00 -0.00 0.00 0.00 -0.00 0.00 0.00 -0.00 0.00 0.00 -0.00 0.00 0.00 -0.00 0.00 0.00 -0.00 0.00 0.00 -0.00 0.00 0.00 -0.00 0.00 0.00 -0.00 0.00 0.00 -0.00 0.00 0.00 -0.00 0.00 0.00 -0.00 0.00 0.00 -0.00 0.00 0.00 -0.00 0.00 0.00 -0.00 0.00 0.00 -0.00 0.00 0.00 -0.00 0.00 0.00 -0.00 0.00 0.00 -0.00 0.00
-0.0000 0.0275 0.0000 0.00 -0.00 0.00 0.00 -0.00 0.00 0.00 -0.00 0.00 0.00 -0.00 0.00 0.00 -0.00 0.00 0.00 -0.00 0.00 0.00 -0.00 0.00 0.00 -0.00 0.00 0.00 -0.00 0.00 0.00 -0.00 0.00 0.00 -0.00 0.00 0.00 -0.00 0.00 0.00 -0.00 0.00 0.00 -0.00 0.00 0.00 -0.00 0.00 0.00 -0.00 0.00 0.00 -0.00 0.00 0.00 -0.00 0.00 69.06 -37.95 134.56 -0.00 23.42 -0.00 -6.28 10.14 20.11 -1.35 12.81 32.73 0.00 0.00 -0.00 2.00 -0.02 0.60 -0.05 -0.29 8.54 -0.03 -0.15 4.31 0.00 0.00 -0.00 0.00 -0.00 1.62 -0.00 0.00 16.38 -0.00 0.00 8.49 0.00 0.00 -0.00 -2.00 0.08 2.24 0.26 0.63 19.89 0.20 0.31 10.45 0.00 0.00 -0.00 -4.00 0.02 0.25 0.02 0.30 4.33 0.02 0.15 2.15 0.00 -0.00 0.00 0.00 -0.00 0.00 0.00 -0.00 0.00 0.00 -0.00 0.00 0.00 -0.00 0.00 0.00 -0.00 0.00 0.00 -0.00 0.00 0.00 -0.00 0.00 0.00 -0.00 0.00 0.00 -0.00 0.00 0.00 -0.00 0.00 0.00 -0.00 0.00 0.00 -0.00 0.00 0.00 -0.00 0.00 0.00 -0.00 0.00 0.00 -0.00 0.00 0.00 -0.00 0.00 0.00 -0.00 0.00 0.00 -0.00 0.00 0.00 -0.00 0.00 0.00 -0.00 0.00 0.00 -0.00 0.00 0.00 -0.00 0.00
-0.0000 0.0279 0.0000 0.00 -0.00 0.00 0.00 -0.00 0.00 0.00 -0.00 0.00 0.00 -0.00 0.00 0.00 -0.00 0.00 0.00 -0.00 0.00 0.00 -0.00 0.00 0.00 -0.00 0.00 0.00 -0.00 0.00 0.00 -0.00 0.00 0.00 -0.00 0.00 0.00 -0.00 0.00 0.00 -0.00 0.00 0.00 -0.00 0.00 0.00 -0.00 0.00 0.00 -0.00 0.00 0.00 -0.00 0.00 0.00 -0.00 0.00 69.06 -37.95 134.56 -0.00 23.42 -0.00 -6.28 10.14 20.11 -1.35 12.81 32.73 0.00 0.00 -0.00 2.00 -0.02 0.60 -0.05 -0.29 8.54 -0.03 -0.15 4.31 0.00 0.00 -0.00 0.00 -0.00 1.62 -0.00 0.00 16.38 -0.00 0.00 8.49 0.00 0.00 -0.00 -2.00 0.08 2.24 0.26 0.63 19.89 0.20 0.31 10.45 0.00 0.00 -0.00 -4.00 0.02 0.25 0.02 0.30 4.33 0.02 0.15 2.15 0.00 -0.00 0.00 0.00 -0.00 0.00 0.00 -0.00 0.00 0.00 -0.00 0.00 0.00 -0.00 0.00 0.00 -0.00 0.00 0.00 -0.00 0.00 0.00 -0.00 0.00 0.00 -0.00 0.00 0.00 -0.00 0.00 0.00 -0.00 0.00 0.00 -0.00 0.00 0.00 -0.00 0.00 0.00 -0.00 0.00 0.00 -0.00 0.00 0.00 -0.00 0.00 0.00 -0.00 0.00 0.00 -0.00 0.00 0.00 -0.00 0.00 0.00 -0.00 0.00 0.00 -0.00 0.00 0.00 -0.00 0.00 0.00 -0.00 0.00
-0.0000 0.0279 0.0000 0.00 -0.00 0.00 0.00 -0.00 0.00 0.00 -0.00 0.00 0.00 -0.00 0.00 0.00 -0.00 0.00 0.00 -0.00 0.00 0.00 -0.00 0.00 0.00 -0.00 0.00 0.00 -0.00 0.00 0.00 -0.00 0.00 0.00 -0.00 0.00 0.00 -0.00 0.00 0.00 -0.00 0.00 0.00 -0.00 0.00 0.00 -0.00 0.00 0.00 -0.00 0.00 0.00 -0.00 0.00 0.00 -0.00 0.00 69.06 -37.95 134.56 -0.00 23.42 -0.00 -6.28 10.14 20.11 -1.35 12.81 32.73 0.00 0.00 -0.00 2.00 -0.02 0.60 -0.05 -0.29 8.54 -0.03 -0.15 4.31 0.00 0.00 -0.00 0.00 -0.00 1.62 -0.00 0.00 16.38 -0.00 0.00 8.49 0.00 0.00 -0.00 -2.00 0.08 2.24 0.26 0.63 19.89 0.20 0.31 10.45 0.00 0.00 -0.00 -4.00 0.02 0.25 0.02 0.30 4.33 0.02 0.15 2.15 0.00 -0.00 0.00 0.00 -0.00 0.00 0.00 -0.00 0.00 0.00 -0.00 0.00 0.00 -0.00 0.00 0.00 -0.00 0.00 0.00 -0.00 0.00 0.00 -0.00 0.00 0.00 -0.00 0.00 0.00 -0.00 0.00 0.00 -0.00 0.00 0.00 -0.00 0.00 0.00 -0.00 0.00 0.00 -0.00 0.00 0.00 -0.00 0.00 0.00 -0.00 0.00 0.00 -0.00 0.00 0.00 -0.00 0.00 0.00 -0.00 0.00 0.00 -0.00 0.00 0.00 -0.00 0.00 0.00 -0.00 0.00 0.00 -0.00 0.00
-0.0000 0.0272 0.0000 0.00 -0.00 0.00 0.00 -0.00 0.00 0.00 -0.00 0.00 0.00 -0.00 0.00 0.00 -0.00 0.00 0.00 -0.00 0.00 0.00 -0.00 0.00 0.00 -0.00 0.00 0.00 -0.00 0.00 0.00 -0.00 0.00 0.00 -0.00 0.00 0.00 -0.00 0.00 0.00 -0.00 0.00 0.00 -0.00 0.00 0.00 -0.00 0.00 0.00 -0.00 0.00 0.00 -0.00 0.00 0.00 -0.00 0.00 69.06 -37.95 134.56 -0.00 23.42 -0.00 -6.28 10.14 20.11 -1.35 12.81 32.73 0.00 0.00 -0.00 2.00 -0.02 0.60 -0.05 -0.29 8.54 -0.03 -0.15 4.31 0.00 0.00 -0.00 0.00 -0.00 1.62 -0.00 0.00 16.38 -0.00 0.00 8.49 0.00 0.00 -0.00 -2.00 0.08 2.24 0.26 0.63 19.89 0.20 0.31 10.45 0.00 0.00 -0.00 -4.00 0.02 0.25 0.02 0.30 4.33 0.02 0.15 2.15 0.00 -0.00 0.00 0.00 -0.00 0.00 0.00 -0.00 0.00 0.00 -0.00 0.00 0.00 -0.00 0.00 0.00 -0.00 0.00 0.00 -0.00 0.00 0.00 -0.00 0.00 0.00 -0.00 0.00 0.00 -0.00 0.00 0.00 -0.00 0.00 0.00 -0.00 0.00 0.00 -0.00 0.00 0.00 -0.00 0.00 0.00 -0.00 0.00 0.00 -0.00 0.00 0.00 -0.00 0.00 0.00 -0.00 0.00 0.00 -0.00 0.00 0.00 -0.00 0.00 0.00 -0.00 0.00 0.00 -0.00 0.00 0.00 -0.00 0.00
-0.0000 0.0265 0.0000 0.00 -0.00 0.00 0.00 -0.00 0.00 0.00 -0.00 0.00 0.00 -0.00 0.00 0.00 -0.00 0.00 0.00 -0.00 0.00 0.00 -0.00 0.00 0.00 -0.00 0.00 0.00 -0.00 0.00 0.00 -0.00 0.00 0.00 -0.00 0.00 0.00 -0.00 0.00 0.00 -0.00 0.00 0.00 -0.00 0.00 0.00 -0.00 0.00 0.00 -0.00 0.00 0.00 -0.00 0.00 0.00 -0.00 0.00 69.06 -37.95 134.56 -0.00 23.42 -0.00 -6.28 10.14 20.11 -1.35 12.81 32.73 0.00 0.00 -0.00 2.00 -0.02 0.60 -0.05 -0.29 8.54 -0.03 -0.15 4.31 0.00 0.00 -0.00 0.00 -0.00 1.62 -0.00 0.00 16.38 -0.00 0.00 8.49 0.00 0.00 -0.00 -2.00 0.08 2.24 0.26 0.63 19.89 0.20 0.31 10.45 0.00 0.00 -0.00 -4.00 0.02 0.25 0.02 0.30 4.33 0.02 0.15 2.15 0.00 -0.00 0.00 0.00 -0.00 0.00 0.00 -0.00 0.00 0.00 -0.00 0.00 0.00 -0.00 0.00 0.00 -0.00 0.00 0.00 -0.00 0.00 0.00 -0.00 0.00 0.00 -0.00 0.00 0.00 -0.00 0.00 0.00 -0.00 0.00 0.00 -0.00 0.00 0.00 -0.00 0.00 0.00 -0.00 0.00 0.00 -0.00 0.00 0.00 -0.00 0.00 0.00 -0.00 0.00 0.00 -0.00 0.00 0.00 -0.00 0.00 0.00 -0.00 0.00 0.00 -0.00 0.00 0.00 -0.00 0.00 0.00 -0.00 0.00
-0.0000 0.0270 0.0000 0.00 -0.00 0.00 0.00 -0.00 0.00 0.00 -0.00 0.00 0.00 -0.00 0.00 0.00 -0.00 0.00 0.00 -0.00 0.00 0.00 -0.00 0.00 0.00 -0.00 0.00 0.00 -0.00 0.00 0.00 -0.00 0.00 0.00 -0.00 0.00 0.00 -0.00 0.00 0.00 -0.00 0.00 0.00 -0.00 0.00 0.00 -0.00 0.00 0.00 -0.00 0.00 0.00 -0.00 0.00 0.00 -0.00 0.00 69.06 -37.95 134.56 -0.00 23.42 -0.00 -6.28 10.14 20.11 -1.35 12.81 32.73 0.00 0.00 -0.00 2.00 -0.02 0.60 -0.05 -0.29 8.54 -0.03 -0.15 4.31 0.00 0.00 -0.00 0.00 -0.00 1.62 -0.00 0.00 16.38 -0.00 0.00 8.49 0.00 0.00 -0.00 -2.00 0.08 2.24 0.26 0.63 19.89 0.20 0.31 10.45 0.00 0.00 -0.00 -4.00 0.02 0.25 0.02 0.30 4.33 0.02 0.15 2.15 0.00 -0.00 0.00 0.00 -0.00 0.00 0.00 -0.00 0.00 0.00 -0.00 0.00 0.00 -0.00 0.00 0.00 -0.00 0.00 0.00 -0.00 0.00 0.00 -0.00 0.00 0.00 -0.00 0.00 0.00 -0.00 0.00 0.00 -0.00 0.00 0.00 -0.00 0.00 0.00 -0.00 0.00 0.00 -0.00 0.00 0.00 -0.00 0.00 0.00 -0.00 0.00 0.00 -0.00 0.00 0.00 -0.00 0.00 0.00 -0.00 0.00 0.00 -0.00 0.00 0.00 -0.00 0.00 0.00 -0.00 0.00 0.00 -0.00 0.00
-0.0000 0.0282 0.0000 0.00 -0.00 0.00 0.00 -0.00 0.00 0.00 -0.00 0.00 0.00 -0.00 0.00 0.00 -0.00 0.00 0.00 -0.00 0.00 0.00 -0.00 0.00 0.00 -0.00 0.00 0.00 -0.00 0.00 0.00 -0.00 0.00 0.00 -0.00 0.00 0.00 -0.00 0.00 0.00 -0.00 0.00 0.00 -0.00 0.00 0.00 -0.00 0.00 0.00 -0.00 0.00 0.00 -0.00 0.00 0.00 -0.00 0.00 69.06 -37.95 134.56 -0.00 23.42 -0.00 -6.28 10.14 20.11 -1.35 12.81 32.73 0.00 0.00 -0.00 2.00 -0.02 0.60 -0.05 -0.29 8.54 -0.03 -0.15 4.31 0.00 0.00 -0.00 0.00 -0.00 1.62 -0.00 0.00 16.38 -0.00 0.00 8.49 0.00 0.00 -0.00 -2.00 0.08 2.24 0.26 0.63 19.89 0.20 0.31 10.45 0.00 0.00 -0.00 -4.00 0.02 0.25 0.02 0.30 4.33 0.02 0.15 2.15 0.00 -0.00 0.00 0.00 -0.00 0.00 0.00 -0.00 0.00 0.00 -0.00 0.00 0.00 -0.00 0.00 0.00 -0.00 0.00 0.00 -0.00 0.00 0.00 -0.00 0.00 0.00 -0.00 0.00 0.00 -0.00 0.00 0.00 -0.00 0.00 0.00 -0.00 0.00 0.00 -0.00 0.00 0.00 -0.00 0.00 0.00 -0.00 0.00 0.00 -0.00 0.00 0.00 -0.00 0.00 0.00 -0.00 0.00 0.00 -0.00 0.00 0.00 -0.00 0.00 0.00 -0.00 0.00 0.00 -0.00 0.00 0.00 -0.00 0.00
-0.0000 0.0278 0.0000 0.00 -0.00 0.00 0.00 -0.00 0.00 0.00 -0.00 0.00 0.00 -0.00 0.00 0.00 -0.00 0.00 0.00 -0.00 0.00 0.00 -0.00 0.00 0.00 -0.00 0.00 0.00 -0.00 0.00 0.00 -0.00 0.00 0.00 -0.00 0.00 0.00 -0.00 0.00 0.00 -0.00 0.00 0.00 -0.00 0.00 0.00 -0.00 0.00 0.00 -0.00 0.00 0.00 -0.00 0.00 0.00 -0.00 0.00 69.06 -37.95 134.56 -0.00 23.42 -0.00 -6.28 10.14 20.11 -1.35 12.81 32.73 0.00 0.00 -0.00 2.00 -0.02 0.60 -0.05 -0.29 8.54 -0.03 -0.15 4.31 0.00 0.00 -0.00 0.00 -0.00 1.62 -0.00 0.00 16.38 -0.00 0.00 8.49 0.00 0.00 -0.00 -2.00 0.08 2.24 0.26 0.63 19.89 0.20 0.31 10.45 0.00 0.00 -0.00 -4.00 0.02 0.25 0.02 0.30 4.33 0.02 0.15 2.15 0.00 -0.00 0.00 0.00 -0.00 0.00 0.00 -0.00 0.00 0.00 -0.00 0.00 0.00 -0.00 0.00 0.00 -0.00 0.00 0.00 -0.00 0.00 0.00 -0.00 0.00 0.00 -0.00 0.00 0.00 -0.00 0.00 0.00 -0.00 0.00 0.00 -0.00 0.00 0.00 -0.00 0.00 0.00 -0.00 0.00 0.00 -0.00 0.00 0.00 -0.00 0.00 0.00 -0.00 0.00 0.00 -0.00 0.00 0.00 -0.00 0.00 0.00 -0.00 0.00 0.00 -0.00 0.00 0.00 -0.00 0.00 0.00 -0.00 0.00
-0.0000 0.0283 0.0000 0.00 -0.00 0.00 0.00 -0.00 0.00 0.00 -0.00 0.00 0.00 -0.00 0.00 0.00 -0.00 0.00 0.00 -0.00 0.00 0.00 -0.00 0.00 0.00 -0.00 0.00 0.00 -0.00 0.00 0.00 -0.00 0.00 0.00 -0.00 0.00 0.00 -0.00 0.00 0.00 -0.00 0.00 0.00 -0.00 0.00 0.00 -0.00 0.00 0.00 -0.00 0.00 0.00 -0.00 0.00 0.00 -0.00 0.00 69.06 -37.95 134.56 -0.00 23.42 -0.00 -6.28 10.14 20.11 -1.35 12.81 32.73 0.00 0.00 -0.00 2.00 -0.02 0.60 -0.05 -0.29 8.54 -0.03 -0.15 4.31 0.00 0.00 -0.00 0.00 -0.00 1.62 -0.00 0.00 16.38 -0.00 0.00 8.49 0.00 0.00 -0.00 -2.00 0.08 2.24 0.26 0.63 19.89 0.20 0.31 10.45 0.00 0.00 -0.00 -4.00 0.02 0.25 0.02 0.30 4.33 0.02 0.15 2.15 0.00 -0.00 0.00 0.00 -0.00 0.00 0.00 -0.00 0.00 0.00 -0.00 0.00 0.00 -0.00 0.00 0.00 -0.00 0.00 0.00 -0.00 0.00 0.00 -0.00 0.00 0.00 -0.00 0.00 0.00 -0.00 0.00 0.00 -0.00 0.00 0.00 -0.00 0.00 0.00 -0.00 0.00 0.00 -0.00 0.00 0.00 -0.00 0.00 0.00 -0.00 0.00 0.00 -0.00 0.00 0.00 -0.00 0.00 0.00 -0.00 0.00 0.00 -0.00 0.00 0.00 -0.00 0.00 0.00 -0.00 0.00 0.00 -0.00 0.00
-0.0000 0.0280 0.0000 0.00 -0.00 0.00 0.00 -0.00 0.00 0.00 -0.00 0.00 0.00 -0.00 0.00 0.00 -0.00 0.00 0.00 -0.00 0.00 0.00 -0.00 0.00 0.00 -0.00 0.00 0.00 -0.00 0.00 0.00 -0.00 0.00 0.00 -0.00 0.00 0.00 -0.00 0.00 0.00 -0.00 0.00 0.00 -0.00 0.00 0.00 -0.00 0.00 0.00 -0.00 0.00 0.00 -0.00 0.00 0.00 -0.00 0.00 69.06 -37.95 134.56 -0.00 23.42 -0.00 -6.28 10.14 20.11 -1.35 12.81 32.73 0.00 0.00 -0.00 2.00 -0.02 0.60 -0.05 -0.29 8.54 -0.03 -0.15 4.31 0.00 0.00 -0.00 0.00 -0.00 1.62 -0.00 0.00 16.38 -0.00 0.00 8.49 0.00 0.00 -0.00 -2.00 0.08 2.24 0.26 0.63 19.89 0.20 0.31 10.45 0.00 0.00 -0.00 -4.00 0.02 0.25 0.02 0.30 4.33 0.02 0.15 2.15 0.00 -0.00 0.00 0.00 -0.00 0.00 0.00 -0.00 0.00 0.00 -0.00 0.00 0.00 -0.00 0.00 0.00 -0.00 0.00 0.00 -0.00 0.00 0.00 -0.00 0.00 0.00 -0.00 0.00 0.00 -0.00 0.00 0.00 -0.00 0.00 0.00 -0.00 0.00 0.00 -0.00 0.00 0.00 -0.00 0.00 0.00 -0.00 0.00 0.00 -0.00 0.00 0.00 -0.00 0.00 0.00 -0.00 0.00 0.00 -0.00 0.00 0.00 -0.00 0.00 0.00 -0.00 0.00 0.00 -0.00 0.00 0.00 -0.00 0.00
-0.0000 0.0281 0.0000 0.00 -0.00 0.00 0.00 -0.00 0.00 0.00 -0.00 0.00 0.00 -0.00 0.00 0.00 -0.00 0.00 0.00 -0.00 0.00 0.00 -0.00 0.00 0.00 -0.00 0.00 0.00 -0.00 0.00 0.00 -0.00 0.00 0.00 -0.00 0.00 0.00 -0.00 0.00 0.00 -0.00 0.00 0.00 -0.00 0.00 0.00 -0.00 0.00 0.00 -0.00 0.00 0.00 -0.00 0.00 0.00 -0.00 0.00 69.06 -37.95 134.56 -0.00 23.42 -0.00 -6.28 10.14 20.11 -1.35 12.81 32.73 0.00 0.00 -0.00 2.00 -0.02 0.60 -0.05 -0.29 8.54 -0.03 -0.15 4.31 0.00 0.00 -0.00 0.00 -0.00 1.62 -0.00 0.00 16.38 -0.00 0.00 8.49 0.00 0.00 -0.00 -2.00 0.08 2.24 0.26 0.63 19.89 0.20 0.31 10.45 0.00 0.00 -0.00 -4.00 0.02 0.25 0.02 0.30 4.33 0.02 0.15 2.15 0.00 -0.00 0.00 0.00 -0.00 0.00 0.00 -0.00 0.00 0.00 -0.00 0.00 0.00 -0.00 0.00 0.00 -0.00 0.00 0.00 -0.00 0.00 0.00 -0.00 0.00 0.00 -0.00 0.00 0.00 -0.00 0.00 0.00 -0.00 0.00 0.00 -0.00 0.00 0.00 -0.00 0.00 0.00 -0.00 0.00 0.00 -0.00 0.00 0.00 -0.00 0.00 0.00 -0.00 0.00 0.00 -0.00 0.00 0.00 -0.00 0.00 0.00 -0.00 0.00 0.00 -0.00 0.00 0.00 -0.00 0.00 0.00 -0.00 0.00
-0.0000 0.0277 0.0000 0.00 -0.00 0.00 0.00 -0.00 0.00 0.00 -0.00 0.00 0.00 -0.00 0.00 0.00 -0.00 0.00 0.00 -0.00 0.00 0.00 -0.00 0.00 0.00 -0.00 0.00 0.00 -0.00 0.00 0.00 -0.00 0.00 0.00 -0.00 0.00 0.00 -0.00 0.00 0.00 -0.00 0.00 0.00 -0.00 0.00 0.00 -0.00 0.00 0.00 -0.00 0.00 0.00 -0.00 0.00 0.00 -0.00 0.00 69.06 -37.95 134.56 -0.00 23.42 -0.00 -6.28 10.14 20.11 -1.35 12.81 32.73 0.00 0.00 -0.00 2.00 -0.02 0.60 -0.05 -0.29 8.54 -0.03 -0.15 4.31 0.00 0.00 -0.00 0.00 -0.00 1.62 -0.00 0.00 16.38 -0.00 0.00 8.49 0.00 0.00 -0.00 -2.00 0.08 2.24 0.26 0.63 19.89 0.20 0.31 10.45 0.00 0.00 -0.00 -4.00 0.02 0.25 0.02 0.30 4.33 0.02 0.15 2.15 0.00 -0.00 0.00 0.00 -0.00 0.00 0.00 -0.00 0.00 0.00 -0.00 0.00 0.00 -0.00 0.00 0.00 -0.00 0.00 0.00 -0.00 0.00 0.00 -0.00 0.00 0.00 -0.00 0.00 0.00 -0.00 0.00 0.00 -0.00 0.00 0.00 -0.00 0.00 0.00 -0.00 0.00 0.00 -0.00 0.00 0.00 -0.00 0.00 0.00 -0.00 0.00 0.00 -0.00 0.00 0.00 -0.00 0.00 0.00 -0.00 0.00 0.00 -0.00 0.00 0.00 -0.00 0.00 0.00 -0.00 0.00 0.00 -0.00 0.00
-0.0000 0.0275 0.0000 0.00 -0.00 0.00 0.00 -0.00 0.00 0.00 -0.00 0.00 0.00 -0.00 0.00 0.00 -0.00 0.00 0.00 -0.00 0.00 0.00 -0.00 0.00 0.00 -0.00 0.00 0.00 -0.00 0.00 0.00 -0.00 0.00 0.00 -0.00 0.00 0.00 -0.00 0.00 0.00 -0.00 0.00 0.00 -0.00 0.00 0.00 -0.00 0.00 0.00 -0.00 0.00 0.00 -0.00 0.00 0.00 -0.00 0.00 69.06 -37.95 134.56 -0.00 23.42 -0.00 -6.28 10.14 20.11 -1.35 12.81 32.73 0.00 0.00 -0.00 2.00 -0.02 0.60 -0.05 -0.29 8.54 -0.03 -0.15 4.31 0.00 0.00 -0.00 0.00 -0.00 1.62 -0.00 0.00 16.38 -0.00 0.00 8.49 0.00 0.00 -0.00 -2.00 0.08 2.24 0.26 0.63 19.89 0.20 0.31 10.45 0.00 0.00 -0.00 -4.00 0.02 0.25 0.02 0.30 4.33 0.02 0.15 2.15 0.00 -0.00 0.00 0.00 -0.00 0.00 0.00 -0.00 0.00 0.00 -0.00 0.00 0.00 -0.00 0.00 0.00 -0.00 0.00 0.00 -0.00 0.00 0.00 -0.00 0.00 0.00 -0.00 0.00 0.00 -0.00 0.00 0.00 -0.00 0.00 0.00 -0.00 0.00 0.00 -0.00 0.00 0.00 -0.00 0.00 0.00 -0.00 0.00 0.00 -0.00 0.00 0.00 -0.00 0.00 0.00 -0.00 0.00 0.00 -0.00 0.00 0.00 -0.00 0.00 0.00 -0.00 0.00 0.00 -0.00 0.00 0.00 -0.00 0.00
-0.0000 0.0275 0.0000 0.00 -0.00 0.00 0.00 -0.00 0.00 0.00 -0.00 0.00 0.00 -0.00 0.00 0.00 -0.00 0.00 0.00 -0.00 0.00 0.00 -0.00 0.00 0.00 -0.00 0.00 0.00 -0.00 0.00 0.00 -0.00 0.00 0.00 -0.00 0.00 0.00 -0.00 0.00 0.00 -0.00 0.00 0.00 -0.00 0.00 0.00 -0.00 0.00 0.00 -0.00 0.00 0.00 -0.00 0.00 0.00 -0.00 0.00 69.06 -37.95 134.56 -0.00 23.42 -0.00 -6.28 10.14 20.11 -1.35 12.81 32.73 0.00 0.00 -0.00 2.00 -0.02 0.60 -0.05 -0.29 8.54 -0.03 -0.15 4.31 0.00 0.00 -0.00 0.00 -0.00 1.62 -0.00 0.00 16.38 -0.00 0.00 8.49 0.00 0.00 -0.00 -2.00 0.08 2.24 0.26 0.63 19.89 0.20 0.31 10.45 0.00 0.00 -0.00 -4.00 0.02 0.25 0.02 0.30 4.33 0.02 0.15 2.15 0.00 -0.00 0.00 0.00 -0.00 0.00 0.00 -0.00 0.00 0.00 -0.00 0.00 0.00 -0.00 0.00 0.00 -0.00 0.00 0.00 -0.00 0.00 0.00 -0.00 0.00 0.00 -0.00 0.00 0.00 -0.00 0.00 0.00 -0.00 0.00 0.00 -0.00 0.00 0.00 -0.00 0.00 0.00 -0.00 0.00 0.00 -0.00 0.00 0.00 -0.00 0.00 0.00 -0.00 0.00 0.00 -0.00 0.00 0.00 -0.00 0.00 0.00 -0.00 0.00 0.00 -0.00 0.00 0.00 -0.00 0.00 0.00 -0.00 0.00
-0.0000 0.0278 0.0000 0.00 -0.00 0.00 0.00 -0.00 0.00 0.00 -0.00 0.00 0.00 -0.00 0.00 0.00 -0.00 0.00 0.00 -0.00 0.00 0.00 -0.00 0.00 0.00 -0.00 0.00 0.00 -0.00 0.00 0.00 -0.00 0.00 0.00 -0.00 0.00 0.00 -0.00 0.00 0.00 -0.00 0.00 0.00 -0.00 0.00 0.00 -0.00 0.00 0.00 -0.00 0.00 0.00 -0.00 0.00 0.00 -0.00 0.00 69.06 -37.95 134.56 -0.00 23.42 -0.00 -6.28 10.14 20.11 -1.35 12.81 32.73 0.00 0.00 -0.00 2.00 -0.02 0.60 -0.05 -0.29 8.54 -0.03 -0.15 4.31 0.00 0.00 -0.00 0.00 -0.00 1.62 -0.00 0.00 16.38 -0.00 0.00 8.49 0.00 0.00 -0.00 -2.00 0.08 2.24 0.26 0.63 19.89 0.20 0.31 10.45 0.00 0.00 -0.00 -4.00 0.02 0.25 0.02 0.30 4.33 0.02 0.15 2.15 0.00 -0.00 0.00 0.00 -0.00 0.00 0.00 -0.00 0.00 0.00 -0.00 0.00 0.00 -0.00 0.00 0.00 -0.00 0.00 0.00 -0.00 0.00 0.00 -0.00 0.00 0.00 -0.00 0.00 0.00 -0.00 0.00 0.00 -0.00 0.00 0.00 -0.00 0.00 0.00 -0.00 0.00 0.00 -0.00 0.00 0.00 -0.00 0.00 0.00 -0.00 0.00 0.00 -0.00 0.00 0.00 -0.00 0.00 0.00 -0.00 0.00 0.00 -0.00 0.00 0.00 -0.00 0.00 0.00 -0.00 0.00 0.00 -0.00 0.00
-0.0000 0.0284 0.0000 0.00 -0.00 0.00 0.00 -0.00 0.00 0.00 -0.00 0.00 0.00 -0.00 0.00 0.00 -0.00 0.00 0.00 -0.00 0.00 0.00 -0.00 0.00 0.00 -0.00 0.00 0.00 -0.00 0.00 0.00 -0.00 0.00 0.00 -0.00 0.00 0.00 -0.00 0.00 0.00 -0.00 0.00 0.00 -0.00 0.00 0.00 -0.00 0.00 0.00 -0.00 0.00 0.00 -0.00 0.00 0.00 -0.00 0.00 69.06 -37.95 134.56 -0.00 23.42 -0.00 -6.28 10.14 20.11 -1.35 12.81 32.73 0.00 0.00 -0.00 2.00 -0.02 0.60 -0.05 -0.29 8.54 -0.03 -0.15 4.31 0.00 0.00 -0.00 0.00 -0.00 1.62 -0.00 0.00 16.38 -0.00 0.00 8.49 0.00 0.00 -0.00 -2.00 0.08 2.24 0.26 0.63 19.89 0.20 0.31 10.45 0.00 0.00 -0.00 -4.00 0.02 0.25 0.02 0.30 4.33 0.02 0.15 2.15 0.00 -0.00 0.00 0.00 -0.00 0.00 0.00 -0.00 0.00 0.00 -0.00 0.00 0.00 -0.00 0.00 0.00 -0.00 0.00 0.00 -0.00 0.00 0.00 -0.00 0.00 0.00 -0.00 0.00 0.00 -0.00 0.00 0.00 -0.00 0.00 0.00 -0.00 0.00 0.00 -0.00 0.00 0.00 -0.00 0.00 0.00 -0.00 0.00 0.00 -0.00 0.00 0.00 -0.00 0.00 0.00 -0.00 0.00 0.00 -0.00 0.00 0.00 -0.00 0.00 0.00 -0.00 0.00 0.00 -0.00 0.00 0.00 -0.00 0.00
-0.0000 0.0275 0.0000 0.00 -0.00 0.00 0.00 -0.00 0.00 0.00 -0.00 0.00 0.00 -0.00 0.00 0.00 -0.00 0.00 0.00 -0.00 0.00 0.00 -0.00 0.00 0.00 -0.00 0.00 0.00 -0.00 0.00 0.00 -0.00 0.00 0.00 -0.00 0.00 0.00 -0.00 0.00 0.00 -0.00 0.00 0.00 -0.00 0.00 0.00 -0.00 0.00 0.00 -0.00 0.00 0.00 -0.00 0.00 0.00 -0.00 0.00 69.06 -37.95 134.56 -0.00 23.42 -0.00 -6.28 10.14 20.11 -1.35 12.81 32.73 0.00 0.00 -0.00 2.00 -0.02 0.60 -0.05 -0.29 8.54 -0.03 -0.15 4.31 0.00 0.00 -0.00 0.00 -0.00 1.62 -0.00 0.00 16.38 -0.00 0.00 8.49 0.00 0.00 -0.00 -2.00 0.08 2.24 0.26 0.63 19.89 0.20 0.31 10.45 0.00 0.00 -0.00 -4.00 0.02 0.25 0.02 0.30 4.33 0.02 0.15 2.15 0.00 -0.00 0.00 0.00 -0.00 0.00 0.00 -0.00 0.00 0.00 -0.00 0.00 0.00 -0.00 0.00 0.00 -0.00 0.00 0.00 -0.00 0.00 0.00 -0.00 0.00 0.00 -0.00 0.00 0.00 -0.00 0.00 0.00 -0.00 0.00 0.00 -0.00 0.00 0.00 -0.00 0.00 0.00 -0.00 0.00 0.00 -0.00 0.00 0.00 -0.00 0.00 0.00 -0.00 0.00 0.00 -0.00 0.00 0.00 -0.00 0.00 0.00 -0.00 0.00 0.00 -0.00 0.00 0.00 -0.00 0.00 0.00 -0.00 0.00
-0.0000 0.0272 0.0000 0.00 -0.00 0.00 0.00 -0.00 0.00 0.00 -0.00 0.00 0.00 -0.00 0.00 0.00 -0.00 0.00 0.00 -0.00 0.00 0.00 -0.00 0.00 0.00 -0.00 0.00 0.00 -0.00 0.00 0.00 -0.00 0.00 0.00 -0.00 0.00 0.00 -0.00 0.00 0.00 -0.00 0.00 0.00 -0.00 0.00 0.00 -0.00 0.00 0.00 -0.00 0.00 0.00 -0.00 0.00 0.00 -0.00 0.00 69.06 -37.95 134.56 -0.00 23.42 -0.00 -6.28 10.14 20.11 -1.35 12.81 32.73 0.00 0.00 -0.00 2.00 -0.02 0.60 -0.05 -0.29 8.54 -0.03 -0.15 4.31 0.00 0.00 -0.00 0.00 -0.00 1.62 -0.00 0.00 16.38 -0.00 0.00 8.49 0.00 0.00 -0.00 -2.00 0.08 2.24 0.26 0.63 19.89 0.20 0.31 10.45 0.00 0.00 -0.00 -4.00 0.02 0.25 0.02 0.30 4.33 0.02 0.15 2.15 0.00 -0.00 0.00 0.00 -0.00 0.00 0.00 -0.00 0.00 0.00 -0.00 0.00 0.00 -0.00 0.00 0.00 -0.00 0.00 0.00 -0.00 0.00 0.00 -0.00 0.00 0.00 -0.00 0.00 0.00 -0.00 0.00 0.00 -0.00 0.00 0.00 -0.00 0.00 0.00 -0.00 0.00 0.00 -0.00 0.00 0.00 -0.00 0.00 0.00 -0.00 0.00 0.00 -0.00 0.00 0.00 -0.00 0.00 0.00 -0.00 0.00 0.00 -0.00 0.00 0.00 -0.00 0.00 0.00 -0.00 0.00 0.00 -0.00 0.00
-0.0000 0.0277 0.0000 0.00 -0.00 0.00 0.00 -0.00 0.00 0.00 -0.00 0.00 0.00 -0.00 0.00 0.00 -0.00 0.00 0.00 -0.00 0.00 0.00 -0.00 0.00 0.00 -0.00 0.00 0.00 -0.00 0.00 0.00 -0.00 0.00 0.00 -0.00 0.00 0.00 -0.00 0.00 0.00 -0.00 0.00 0.00 -0.00 0.00 0.00 -0.00 0.00 0.00 -0.00 0.00 0.00 -0.00 0.00 0.00 -0.00 0.00 69.06 -37.95 134.56 -0.00 23.42 -0.00 -6.28 10.14 20.11 -1.35 12.81 32.73 0.00 0.00 -0.00 2.00 -0.02 0.60 -0.05 -0.29 8.54 -0.03 -0.15 4.31 0.00 0.00 -0.00 0.00 -0.00 1.62 -0.00 0.00 16.38 -0.00 0.00 8.49 0.00 0.00 -0.00 -2.00 0.08 2.24 0.26 0.63 19.89 0.20 0.31 10.45 0.00 0.00 -0.00 -4.00 0.02 0.25 0.02 0.30 4.33 0.02 0.15 2.15 0.00 -0.00 0.00 0.00 -0.00 0.00 0.00 -0.00 0.00 0.00 -0.00 0.00 0.00 -0.00 0.00 0.00 -0.00 0.00 0.00 -0.00 0.00 0.00 -0.00 0.00 0.00 -0.00 0.00 0.00 -0.00 0.00 0.00 -0.00 0.00 0.00 -0.00 0.00 0.00 -0.00 0.00 0.00 -0.00 0.00 0.00 -0.00 0.00 0.00 -0.00 0.00 0.00 -0.00 0.00 0.00 -0.00 0.00 0.00 -0.00 0.00 0.00 -0.00 0.00 0.00 -0.00 0.00 0.00 -0.00 0.00 0.00 -0.00 0.00
-0.0000 0.0273 0.0000 0.00 -0.00 0.00 0.00 -0.00 0.00 0.00 -0.00 0.00 0.00 -0.00 0.00 0.00 -0.00 0.00 0.00 -0.00 0.00 0.00 -0.00 0.00 0.00 -0.00 0.00 0.00 -0.00 0.00 0.00 -0.00 0.00 0.00 -0.00 0.00 0.00 -0.00 0.00 0.00 -0.00 0.00 0.00 -0.00 0.00 0.00 -0.00 0.00 0.00 -0.00 0.00 0.00 -0.00 0.00 0.00 -0.00 0.00 69.06 -37.95 134.56 -0.00 23.42 -0.00 -6.28 10.14 20.11 -1.35 12.81 32.73 0.00 0.00 -0.00 2.00 -0.02 0.60 -0.05 -0.29 8.54 -0.03 -0.15 4.31 0.00 0.00 -0.00 0.00 -0.00 1.62 -0.00 0.00 16.38 -0.00 0.00 8.49 0.00 0.00 -0.00 -2.00 0.08 2.24 0.26 0.63 19.89 0.20 0.31 10.45 0.00 0.00 -0.00 -4.00 0.02 0.25 0.02 0.30 4.33 0.02 0.15 2.15 0.00 -0.00 0.00 0.00 -0.00 0.00 0.00 -0.00 0.00 0.00 -0.00 0.00 0.00 -0.00 0.00 0.00 -0.00 0.00 0.00 -0.00 0.00 0.00 -0.00 0.00 0.00 -0.00 0.00 0.00 -0.00 0.00 0.00 -0.00 0.00 0.00 -0.00 0.00 0.00 -0.00 0.00 0.00 -0.00 0.00 0.00 -0.00 0.00 0.00 -0.00 0.00 0.00 -0.00 0.00 0.00 -0.00 0.00 0.00 -0.00 0.00 0.00 -0.00 0.00 0.00 -0.00 0.00 0.00 -0.00 0.00 0.00 -0.00 0.00
-0.0000 0.0276 0.0000 0.00 -0.00 0.00 0.00 -0.00 0.00 0.00 -0.00 0.00 0.00 -0.00 0.00 0.00 -0.00 0.00 0.00 -0.00 0.00 0.00 -0.00 0.00 0.00 -0.00 0.00 0.00 -0.00 0.00 0.00 -0.00 0.00 0.00 -0.00 0.00 0.00 -0.00 0.00 0.00 -0.00 0.00 0.00 -0.00 0.00 0.00 -0.00 0.00 0.00 -0.00 0.00 0.00 -0.00 0.00 0.00 -0.00 0.00 69.06 -37.95 134.56 -0.00 23.42 -0.00 -6.28 10.14 20.11 -1.35 12.81 32.73 0.00 0.00 -0.00 2.00 -0.02 0.60 -0.05 -0.29 8.54 -0.03 -0.15 4.31 0.00 0.00 -0.00 0.00 -0.00 1.62 -0.00 0.00 16.38 -0.00 0.00 8.49 0.00 0.00 -0.00 -2.00 0.08 2.24 0.26 0.63 19.89 0.20 0.31 10.45 0.00 0.00 -0.00 -4.00 0.02 0.25 0.02 0.30 4.33 0.02 0.15 2.15 0.00 -0.00 0.00 0.00 -0.00 0.00 0.00 -0.00 0.00 0.00 -0.00 0.00 0.00 -0.00 0.00 0.00 -0.00 0.00 0.00 -0.00 0.00 0.00 -0.00 0.00 0.00 -0.00 0.00 0.00 -0.00 0.00 0.00 -0.00 0.00 0.00 -0.00 0.00 0.00 -0.00 0.00 0.00 -0.00 0.00 0.00 -0.00 0.00 0.00 -0.00 0.00 0.00 -0.00 0.00 0.00 -0.00 0.00 0.00 -0.00 0.00 0.00 -0.00 0.00 0.00 -0.00 0.00 0.00 -0.00 0.00 0.00 -0.00 0.00
-0.0000 0.0280 0.0000 0.00 -0.00 0.00 0.00 -0.00 0.00 0.00 -0.00 0.00 0.00 -0.00 0.00 0.00 -0.00 0.00 0.00 -0.00 0.00 0.00 -0.00 0.00 0.00 -0.00 0.00 0.00 -0.00 0.00 0.00 -0.00 0.00 0.00 -0.00 0.00 0.00 -0.00 0.00 0.00 -0.00 0.00 0.00 -0.00 0.00 0.00 -0.00 0.00 0.00 -0.00 0.00 0.00 -0.00 0.00 0.00 -0.00 0.00 69.06 -37.95 134.56 -0.00 23.42 -0.00 -6.28 10.14 20.11 -1.35 12.81 32.73 0.00 0.00 -0.00 2.00 -0.02 0.60 -0.05 -0.29 8.54 -0.03 -0.15 4.31 0.00 0.00 -0.00 0.00 -0.00 1.62 -0.00 0.00 16.38 -0.00 0.00 8.49 0.00 0.00 -0.00 -2.00 0.08 2.24 0.26 0.63 19.89 0.20 0.31 10.45 0.00 0.00 -0.00 -4.00 0.02 0.25 0.02 0.30 4.33 0.02 0.15 2.15 0.00 -0.00 0.00 0.00 -0.00 0.00 0.00 -0.00 0.00 0.00 -0.00 0.00 0.00 -0.00 0.00 0.00 -0.00 0.00 0.00 -0.00 0.00 0.00 -0.00 0.00 0.00 -0.00 0.00 0.00 -0.00 0.00 0.00 -0.00 0.00 0.00 -0.00 0.00 0.00 -0.00 0.00 0.00 -0.00 0.00 0.00 -0.00 0.00 0.00 -0.00 0.00 0.00 -0.00 0.00 0.00 -0.00 0.00 0.00 -0.00 0.00 0.00 -0.00 0.00 0.00 -0.00 0.00 0.00 -0.00 0.00 0.00 -0.00 0.00
-0.0000 0.0273 0.0000 0.00 -0.00 0.00 0.00 -0.00 0.00 0.00 -0.00 0.00 0.00 -0.00 0.00 0.00 -0.00 0.00 0.00 -0.00 0.00 0.00 -0.00 0.00 0.00 -0.00 0.00 0.00 -0.00 0.00 0.00 -0.00 0.00 0.00 -0.00 0.00 0.00 -0.00 0.00 0.00 -0.00 0.00 0.00 -0.00 0.00 0.00 -0.00 0.00 0.00 -0.00 0.00 0.00 -0.00 0.00 0.00 -0.00 0.00 69.06 -37.95 134.56 -0.00 23.42 -0.00 -6.28 10.14 20.11 -1.35 12.81 32.73 0.00 0.00 -0.00 2.00 -0.02 0.60 -0.05 -0.29 8.54 -0.03 -0.15 4.31 0.00 0.00 -0.00 0.00 -0.00 1.62 -0.00 0.00 16.38 -0.00 0.00 8.49 0.00 0.00 -0.00 -2.00 0.08 2.24 0.26 0.63 19.89 0.20 0.31 10.45 0.00 0.00 -0.00 -4.00 0.02 0.25 0.02 0.30 4.33 0.02 0.15 2.15 0.00 -0.00 0.00 0.00 -0.00 0.00 0.00 -0.00 0.00 0.00 -0.00 0.00 0.00 -0.00 0.00 0.00 -0.00 0.00 0.00 -0.00 0.00 0.00 -0.00 0.00 0.00 -0.00 0.00 0.00 -0.00 0.00 0.00 -0.00 0.00 0.00 -0.00 0.00 0.00 -0.00 0.00 0.00 -0.00 0.00 0.00 -0.00 0.00 0.00 -0.00 0.00 0.00 -0.00 0.00 0.00 -0.00 0.00 0.00 -0.00 0.00 0.00 -0.00 0.00 0.00 -0.00 0.00 0.00 -0.00 0.00 0.00 -0.00 0.00
-0.0000 0.0277 0.0000 0.00 -0.00 0.00 0.00 -0.00 0.00 0.00 -0.00 0.00 0.00 -0.00 0.00 0.00 -0.00 0.00 0.00 -0.00 0.00 0.00 -0.00 0.00 0.00 -0.00 0.00 0.00 -0.00 0.00 0.00 -0.00 0.00 0.00 -0.00 0.00 0.00 -0.00 0.00 0.00 -0.00 0.00 0.00 -0.00 0.00 0.00 -0.00 0.00 0.00 -0.00 0.00 0.00 -0.00 0.00 0.00 -0.00 0.00 69.06 -37.95 134.56 -0.00 23.42 -0.00 -6.28 10.14 20.11 -1.35 12.81 32.73 0.00 0.00 -0.00 2.00 -0.02 0.60 -0.05 -0.29 8.54 -0.03 -0.15 4.31 0.00 0.00 -0.00 0.00 -0.00 1.62 -0.00 0.00 16.38 -0.00 0.00 8.49 0.00 0.00 -0.00 -2.00 0.08 2.24 0.26 0.63 19.89 0.20 0.31 10.45 0.00 0.00 -0.00 -4.00 0.02 0.25 0.02 0.30 4.33 0.02 0.15 2.15 0.00 -0.00 0.00 0.00 -0.00 0.00 0.00 -0.00 0.00 0.00 -0.00 0.00 0.00 -0.00 0.00 0.00 -0.00 0.00 0.00 -0.00 0.00 0.00 -0.00 0.00 0.00 -0.00 0.00 0.00 -0.00 0.00 0.00 -0.00 0.00 0.00 -0.00 0.00 0.00 -0.00 0.00 0.00 -0.00 0.00 0.00 -0.00 0.00 0.00 -0.00 0.00 0.00 -0.00 0.00 0.00 -0.00 0.00 0.00 -0.00 0.00 0.00 -0.00 0.00 0.00 -0.00 0.00 0.00 -0.00 0.00 0.00 -0.00 0.00
-0.0000 0.0282 0.0000 0.00 -0.00 0.00 0.00 -0.00 0.00 0.00 -0.00 0.00 0.00 -0.00 0.00 0.00 -0.00 0.00 0.00 -0.00 0.00 0.00 -0.00 0.00 0.00 -0.00 0.00 0.00 -0.00 0.00 0.00 -0.00 0.00 0.00 -0.00 0.00 0.00 -0.00 0.00 0.00 -0.00 0.00 0.00 -0.00 0.00 0.00 -0.00 0.00 0.00 -0.00 0.00 0.00 -0.00 0.00 0.00 -0.00 0.00 69.06 -37.95 134.56 -0.00 23.42 -0.00 -6.28 10.14 20.11 -1.35 12.81 32.73 0.00 0.00 -0.00 2.00 -0.02 0.60 -0.05 -0.29 8.54 -0.03 -0.15 4.31 0.00 0.00 -0.00 0.00 -0.00 1.62 -0.00 0.00 16.38 -0.00 0.00 8.49 0.00 0.00 -0.00 -2.00 0.08 2.24 0.26 0.63 19.89 0.20 0.31 10.45 0.00 0.00 -0.00 -4.00 0.02 0.25 0.02 0.30 4.33 0.02 0.15 2.15 0.00 -0.00 0.00 0.00 -0.00 0.00 0.00 -0.00 0.00 0.00 -0.00 0.00 0.00 -0.00 0.00 0.00 -0.00 0.00 0.00 -0.00 0.00 0.00 -0.00 0.00 0.00 -0.00 0.00 0.00 -0.00 0.00 0.00 -0.00 0.00 0.00 -0.00 0.00 0.00 -0.00 0.00 0.00 -0.00 0.00 0.00 -0.00 0.00 0.00 -0.00 0.00 0.00 -0.00 0.00 0.00 -0.00 0.00 0.00 -0.00 0.00 0.00 -0.00 0.00 0.00 -0.00 0.00 0.00 -0.00 0.00 0.00 -0.00 0.00
-0.0000 0.0278 0.0000 0.00 -0.00 0.00 0.00 -0.00 0.00 0.00 -0.00 0.00 0.00 -0.00 0.00 0.00 -0.00 0.00 0.00 -0.00 0.00 0.00 -0.00 0.00 0.00 -0.00 0.00 0.00 -0.00 0.00 0.00 -0.00 0.00 0.00 -0.00 0.00 0.00 -0.00 0.00 0.00 -0.00 0.00 0.00 -0.00 0.00 0.00 -0.00 0.00 0.00 -0.00 0.00 0.00 -0.00 0.00 0.00 -0.00 0.00 69.06 -37.95 134.56 -0.00 23.42 -0.00 -6.28 10.14 20.11 -1.35 12.81 32.73 0.00 0.00 -0.00 2.00 -0.02 0.60 -0.05 -0.29 8.54 -0.03 -0.15 4.31 0.00 0.00 -0.00 0.00 -0.00 1.62 -0.00 0.00 16.38 -0.00 0.00 8.49 0.00 0.00 -0.00 -2.00 0.08 2.24 0.26 0.63 19.89 0.20 0.31 10.45 0.00 0.00 -0.00 -4.00 0.02 0.25 0.02 0.30 4.33 0.02 0.15 2.15 0.00 -0.00 0.00 0.00 -0.00 0.00 0.00 -0.00 0.00 0.00 -0.00 0.00 0.00 -0.00 0.00 0.00 -0.00 0.00 0.00 -0.00 0.00 0.00 -0.00 0.00 0.00 -0.00 0.00 0.00 -0.00 0.00 0.00 -0.00 0.00 0.00 -0.00 0.00 0.00 -0.00 0.00 0.00 -0.00 0.00 0.00 -0.00 0.00 0.00 -0.00 0.00 0.00 -0.00 0.00 0.00 -0.00 0.00 0.00 -0.00 0.00 0.00 -0.00 0.00 0.00 -0.00 0.00 0.00 -0.00 0.00 0.00 -0.00 0.00
-0.0000 0.0283 0.0000 0.00 -0.00 0.00 0.00 -0.00 0.00 0.00 -0.00 0.00 0.00 -0.00 0.00 0.00 -0.00 0.00 0.00 -0.00 0.00 0.00 -0.00 0.00 0.00 -0.00 0.00 0.00 -0.00 0.00 0.00 -0.00 0.00 0.00 -0.00 0.00 0.00 -0.00 0.00 0.00 -0.00 0.00 0.00 -0.00 0.00 0.00 -0.00 0.00 0.00 -0.00 0.00 0.00 -0.00 0.00 0.00 -0.00 0.00 69.06 -37.95 134.56 -0.00 23.42 -0.00 -6.28 10.14 20.11 -1.35 12.81 32.73 0.00 0.00 -0.00 2.00 -0.02 0.60 -0.05 -0.29 8.54 -0.03 -0.15 4.31 0.00 0.00 -0.00 0.00 -0.00 1.62 -0.00 0.00 16.38 -0.00 0.00 8.49 0.00 0.00 -0.00 -2.00 0.08 2.24 0.26 0.63 19.89 0.20 0.31 10.45 0.00 0.00 -0.00 -4.00 0.02 0.25 0.02 0.30 4.33 0.02 0.15 2.15 0.00 -0.00 0.00 0.00 -0.00 0.00 0.00 -0.00 0.00 0.00 -0.00 0.00 0.00 -0.00 0.00 0.00 -0.00 0.00 0.00 -0.00 0.00 0.00 -0.00 0.00 0.00 -0.00 0.00 0.00 -0.00 0.00 0.00 -0.00 0.00 0.00 -0.00 0.00 0.00 -0.00 0.00 0.00 -0.00 0.00 0.00 -0.00 0.00 0.00 -0.00 0.00 0.00 -0.00 0.00 0.00 -0.00 0.00 0.00 -0.00 0.00 0.00 -0.00 0.00 0.00 -0.00 0.00 0.00 -0.00 0.00 0.00 -0.00 0.00
-0.0000 0.0280 0.0000 0.00 -0.00 0.00 0.00 -0.00 0.00 0.00 -0.00 0.00 0.00 -0.00 0.00 0.00 -0.00 0.00 0.00 -0.00 0.00 0.00 -0.00 0.00 0.00 -0.00 0.00 0.00 -0.00 0.00 0.00 -0.00 0.00 0.00 -0.00 0.00 0.00 -0.00 0.00 0.00 -0.00 0.00 0.00 -0.00 0.00 0.00 -0.00 0.00 0.00 -0.00 0.00 0.00 -0.00 0.00 0.00 -0.00 0.00 69.06 -37.95 134.56 -0.00 23.42 -0.00 -6.28 10.14 20.11 -1.35 12.81 32.73 0.00 0.00 -0.00 2.00 -0.02 0.60 -0.05 -0.29 8.54 -0.03 -0.15 4.31 0.00 0.00 -0.00 0.00 -0.00 1.62 -0.00 0.00 16.38 -0.00 0.00 8.49 0.00 0.00 -0.00 -2.00 0.08 2.24 0.26 0.63 19.89 0.20 0.31 10.45 0.00 0.00 -0.00 -4.00 0.02 0.25 0.02 0.30 4.33 0.02 0.15 2.15 0.00 -0.00 0.00 0.00 -0.00 0.00 0.00 -0.00 0.00 0.00 -0.00 0.00 0.00 -0.00 0.00 0.00 -0.00 0.00 0.00 -0.00 0.00 0.00 -0.00 0.00 0.00 -0.00 0.00 0.00 -0.00 0.00 0.00 -0.00 0.00 0.00 -0.00 0.00 0.00 -0.00 0.00 0.00 -0.00 0.00 0.00 -0.00 0.00 0.00 -0.00 0.00 0.00 -0.00 0.00 0.00 -0.00 0.00 0.00 -0.00 0.00 0.00 -0.00 0.00 0.00 -0.00 0.00 0.00 -0.00 0.00 0.00 -0.00 0.00
-0.0000 0.0278 0.0000 0.00 -0.00 0.00 0.00 -0.00 0.00 0.00 -0.00 0.00 0.00 -0.00 0.00 0.00 -0.00 0.00 0.00 -0.00 0.00 0.00 -0.00 0.00 0.00 -0.00 0.00 0.00 -0.00 0.00 0.00 -0.00 0.00 0.00 -0.00 0.00 0.00 -0.00 0.00 0.00 -0.00 0.00 0.00 -0.00 0.00 0.00 -0.00 0.00 0.00 -0.00 0.00 0.00 -0.00 0.00 0.00 -0.00 0.00 69.06 -37.95 134.56 -0.00 23.42 -0.00 -6.28 10.14 20.11 -1.35 12.81 32.73 0.00 0.00 -0.00 2.00 -0.02 0.60 -0.05 -0.29 8.54 -0.03 -0.15 4.31 0.00 0.00 -0.00 0.00 -0.00 1.62 -0.00 0.00 16.38 -0.00 0.00 8.49 0.00 0.00 -0.00 -2.00 0.08 2.24 0.26 0.63 19.89 0.20 0.31 10.45 0.00 0.00 -0.00 -4.00 0.02 0.25 0.02 0.30 4.33 0.02 0.15 2.15 0.00 -0.00 0.00 0.00 -0.00 0.00 0.00 -0.00 0.00 0.00 -0.00 0.00 0.00 -0.00 0.00 0.00 -0.00 0.00 0.00 -0.00 0.00 0.00 -0.00 0.00 0.00 -0.00 0.00 0.00 -0.00 0.00 0.00 -0.00 0.00 0.00 -0.00 0.00 0.00 -0.00 0.00 0.00 -0.00 0.00 0.00 -0.00 0.00 0.00 -0.00 0.00 0.00 -0.00 0.00 0.00 -0.00 0.00 0.00 -0.00 0.00 0.00 -0.00 0.00 0.00 -0.00 0.00 0.00 -0.00 0.00 0.00 -0.00 0.00
-0.0000 0.0277 0.0000 0.00 -0.00 0.00 0.00 -0.00 0.00 0.00 -0.00 0.00 0.00 -0.00 0.00 0.00 -0.00 0.00 0.00 -0.00 0.00 0.00 -0.00 0.00 0.00 -0.00 0.00 0.00 -0.00 0.00 0.00 -0.00 0.00 0.00 -0.00 0.00 0.00 -0.00 0.00 0.00 -0.00 0.00 0.00 -0.00 0.00 0.00 -0.00 0.00 0.00 -0.00 0.00 0.00 -0.00 0.00 0.00 -0.00 0.00 69.06 -37.95 134.56 -0.00 23.42 -0.00 -6.28 10.14 20.11 -1.35 12.81 32.73 0.00 0.00 -0.00 2.00 -0.02 0.60 -0.05 -0.29 8.54 -0.03 -0.15 4.31 0.00 0.00 -0.00 0.00 -0.00 1.62 -0.00 0.00 16.38 -0.00 0.00 8.49 0.00 0.00 -0.00 -2.00 0.08 2.24 0.26 0.63 19.89 0.20 0.31 10.45 0.00 0.00 -0.00 -4.00 0.02 0.25 0.02 0.30 4.33 0.02 0.15 2.15 0.00 -0.00 0.00 0.00 -0.00 0.00 0.00 -0.00 0.00 0.00 -0.00 0.00 0.00 -0.00 0.00 0.00 -0.00 0.00 0.00 -0.00 0.00 0.00 -0.00 0.00 0.00 -0.00 0.00 0.00 -0.00 0.00 0.00 -0.00 0.00 0.00 -0.00 0.00 0.00 -0.00 0.00 0.00 -0.00 0.00 0.00 -0.00 0.00 0.00 -0.00 0.00 0.00 -0.00 0.00 0.00 -0.00 0.00 0.00 -0.00 0.00 0.00 -0.00 0.00 0.00 -0.00 0.00 0.00 -0.00 0.00 0.00 -0.00 0.00
-0.0000 0.0276 0.0000 0.00 -0.00 0.00 0.00 -0.00 0.00 0.00 -0.00 0.00 0.00 -0.00 0.00 0.00 -0.00 0.00 0.00 -0.00 0.00 0.00 -0.00 0.00 0.00 -0.00 0.00 0.00 -0.00 0.00 0.00 -0.00 0.00 0.00 -0.00 0.00 0.00 -0.00 0.00 0.00 -0.00 0.00 0.00 -0.00 0.00 0.00 -0.00 0.00 0.00 -0.00 0.00 0.00 -0.00 0.00 0.00 -0.00 0.00 69.06 -37.95 134.56 -0.00 23.42 -0.00 -6.28 10.14 20.11 -1.35 12.81 32.73 0.00 0.00 -0.00 2.00 -0.02 0.60 -0.05 -0.29 8.54 -0.03 -0.15 4.31 0.00 0.00 -0.00 0.00 -0.00 1.62 -0.00 0.00 16.38 -0.00 0.00 8.49 0.00 0.00 -0.00 -2.00 0.08 2.24 0.26 0.63 19.89 0.20 0.31 10.45 0.00 0.00 -0.00 -4.00 0.02 0.25 0.02 0.30 4.33 0.02 0.15 2.15 0.00 -0.00 0.00 0.00 -0.00 0.00 0.00 -0.00 0.00 0.00 -0.00 0.00 0.00 -0.00 0.00 0.00 -0.00 0.00 0.00 -0.00 0.00 0.00 -0.00 0.00 0.00 -0.00 0.00 0.00 -0.00 0.00 0.00 -0.00 0.00 0.00 -0.00 0.00 0.00 -0.00 0.00 0.00 -0.00 0.00 0.00 -0.00 0.00 0.00 -0.00 0.00 0.00 -0.00 0.00 0.00 -0.00 0.00 0.00 -0.00 0.00 0.00 -0.00 0.00 0.00 -0.00 0.00 0.00 -0.00 0.00 0.00 -0.00 0.00
-0.0000 0.0277 0.0000 0.00 -0.00 0.00 0.00 -0.00 0.00 0.00 -0.00 0.00 0.00 -0.00 0.00 0.00 -0.00 0.00 0.00 -0.00 0.00 0.00 -0.00 0.00 0.00 -0.00 0.00 0.00 -0.00 0.00 0.00 -0.00 0.00 0.00 -0.00 0.00 0.00 -0.00 0.00 0.00 -0.00 0.00 0.00 -0.00 0.00 0.00 -0.00 0.00 0.00 -0.00 0.00 0.00 -0.00 0.00 0.00 -0.00 0.00 69.06 -37.95 134.56 -0.00 23.42 -0.00 -6.28 10.14 20.11 -1.35 12.81 32.73 0.00 0.00 -0.00 2.00 -0.02 0.60 -0.05 -0.29 8.54 -0.03 -0.15 4.31 0.00 0.00 -0.00 0.00 -0.00 1.62 -0.00 0.00 16.38 -0.00 0.00 8.49 0.00 0.00 -0.00 -2.00 0.08 2.24 0.26 0.63 19.89 0.20 0.31 10.45 0.00 0.00 -0.00 -4.00 0.02 0.25 0.02 0.30 4.33 0.02 0.15 2.15 0.00 -0.00 0.00 0.00 -0.00 0.00 0.00 -0.00 0.00 0.00 -0.00 0.00 0.00 -0.00 0.00 0.00 -0.00 0.00 0.00 -0.00 0.00 0.00 -0.00 0.00 0.00 -0.00 0.00 0.00 -0.00 0.00 0.00 -0.00 0.00 0.00 -0.00 0.00 0.00 -0.00 0.00 0.00 -0.00 0.00 0.00 -0.00 0.00 0.00 -0.00 0.00 0.00 -0.00 0.00 0.00 -0.00 0.00 0.00 -0.00 0.00 0.00 -0.00 0.00 0.00 -0.00 0.00 0.00 -0.00 0.00 0.00 -0.00 0.00
-0.0000 0.0284 0.0000 0.00 -0.00 0.00 0.00 -0.00 0.00 0.00 -0.00 0.00 0.00 -0.00 0.00 0.00 -0.00 0.00 0.00 -0.00 0.00 0.00 -0.00 0.00 0.00 -0.00 0.00 0.00 -0.00 0.00 0.00 -0.00 0.00 0.00 -0.00 0.00 0.00 -0.00 0.00 0.00 -0.00 0.00 0.00 -0.00 0.00 0.00 -0.00 0.00 0.00 -0.00 0.00 0.00 -0.00 0.00 0.00 -0.00 0.00 69.06 -37.95 134.56 -0.00 23.42 -0.00 -6.28 10.14 20.11 -1.35 12.81 32.73 0.00 0.00 -0.00 2.00 -0.02 0.60 -0.05 -0.29 8.54 -0.03 -0.15 4.31 0.00 0.00 -0.00 0.00 -0.00 1.62 -0.00 0.00 16.38 -0.00 0.00 8.49 0.00 0.00 -0.00 -2.00 0.08 2.24 0.26 0.63 19.89 0.20 0.31 10.45 0.00 0.00 -0.00 -4.00 0.02 0.25 0.02 0.30 4.33 0.02 0.15 2.15 0.00 -0.00 0.00 0.00 -0.00 0.00 0.00 -0.00 0.00 0.00 -0.00 0.00 0.00 -0.00 0.00 0.00 -0.00 0.00 0.00 -0.00 0.00 0.00 -0.00 0.00 0.00 -0.00 0.00 0.00 -0.00 0.00 0.00 -0.00 0.00 0.00 -0.00 0.00 0.00 -0.00 0.00 0.00 -0.00 0.00 0.00 -0.00 0.00 0.00 -0.00 0.00 0.00 -0.00 0.00 0.00 -0.00 0.00 0.00 -0.00 0.00 0.00 -0.00 0.00 0.00 -0.00 0.00 0.00 -0.00 0.00 0.00 -0.00 0.00
-0.0000 0.0280 0.0000 0.00 -0.00 0.00 0.00 -0.00 0.00 0.00 -0.00 0.00 0.00 -0.00 0.00 0.00 -0.00 0.00 0.00 -0.00 0.00 0.00 -0.00 0.00 0.00 -0.00 0.00 0.00 -0.00 0.00 0.00 -0.00 0.00 0.00 -0.00 0.00 0.00 -0.00 0.00 0.00 -0.00 0.00 0.00 -0.00 0.00 0.00 -0.00 0.00 0.00 -0.00 0.00 0.00 -0.00 0.00 0.00 -0.00 0.00 69.06 -37.95 134.56 -0.00 23.42 -0.00 -6.28 10.14 20.11 -1.35 12.81 32.73 0.00 0.00 -0.00 2.00 -0.02 0.60 -0.05 -0.29 8.54 -0.03 -0.15 4.31 0.00 0.00 -0.00 0.00 -0.00 1.62 -0.00 0.00 16.38 -0.00 0.00 8.49 0.00 0.00 -0.00 -2.00 0.08 2.24 0.26 0.63 19.89 0.20 0.31 10.45 0.00 0.00 -0.00 -4.00 0.02 0.25 0.02 0.30 4.33 0.02 0.15 2.15 0.00 -0.00 0.00 0.00 -0.00 0.00 0.00 -0.00 0.00 0.00 -0.00 0.00 0.00 -0.00 0.00 0.00 -0.00 0.00 0.00 -0.00 0.00 0.00 -0.00 0.00 0.00 -0.00 0.00 0.00 -0.00 0.00 0.00 -0.00 0.00 0.00 -0.00 0.00 0.00 -0.00 0.00 0.00 -0.00 0.00 0.00 -0.00 0.00 0.00 -0.00 0.00 0.00 -0.00 0.00 0.00 -0.00 0.00 0.00 -0.00 0.00 0.00 -0.00 0.00 0.00 -0.00 0.00 0.00 -0.00 0.00 0.00 -0.00 0.00
-0.0000 0.0275 0.0000 0.00 -0.00 0.00 0.00 -0.00 0.00 0.00 -0.00 0.00 0.00 -0.00 0.00 0.00 -0.00 0.00 0.00 -0.00 0.00 0.00 -0.00 0.00 0.00 -0.00 0.00 0.00 -0.00 0.00 0.00 -0.00 0.00 0.00 -0.00 0.00 0.00 -0.00 0.00 0.00 -0.00 0.00 0.00 -0.00 0.00 0.00 -0.00 0.00 0.00 -0.00 0.00 0.00 -0.00 0.00 0.00 -0.00 0.00 69.06 -37.95 134.56 -0.00 23.42 -0.00 -6.28 10.14 20.11 -1.35 12.81 32.73 0.00 0.00 -0.00 2.00 -0.02 0.60 -0.05 -0.29 8.54 -0.03 -0.15 4.31 0.00 0.00 -0.00 0.00 -0.00 1.62 -0.00 0.00 16.38 -0.00 0.00 8.49 0.00 0.00 -0.00 -2.00 0.08 2.24 0.26 0.63 19.89 0.20 0.31 10.45 0.00 0.00 -0.00 -4.00 0.02 0.25 0.02 0.30 4.33 0.02 0.15 2.15 0.00 -0.00 0.00 0.00 -0.00 0.00 0.00 -0.00 0.00 0.00 -0.00 0.00 0.00 -0.00 0.00 0.00 -0.00 0.00 0.00 -0.00 0.00 0.00 -0.00 0.00 0.00 -0.00 0.00 0.00 -0.00 0.00 0.00 -0.00 0.00 0.00 -0.00 0.00 0.00 -0.00 0.00 0.00 -0.00 0.00 0.00 -0.00 0.00 0.00 -0.00 0.00 0.00 -0.00 0.00 0.00 -0.00 0.00 0.00 -0.00 0.00 0.00 -0.00 0.00 0.00 -0.00 0.00 0.00 -0.00 0.00 0.00 -0.00 0.00
-0.0000 0.0271 0.0000 0.00 -0.00 0.00 0.00 -0.00 0.00 0.00 -0.00 0.00 0.00 -0.00 0.00 0.00 -0.00 0.00 0.00 -0.00 0.00 0.00 -0.00 0.00 0.00 -0.00 0.00 0.00 -0.00 0.00 0.00 -0.00 0.00 0.00 -0.00 0.00 0.00 -0.00 0.00 0.00 -0.00 0.00 0.00 -0.00 0.00 0.00 -0.00 0.00 0.00 -0.00 0.00 0.00 -0.00 0.00 0.00 -0.00 0.00 69.06 -37.95 134.56 -0.00 23.42 -0.00 -6.28 10.14 20.11 -1.35 12.81 32.73 0.00 0.00 -0.00 2.00 -0.02 0.60 -0.05 -0.29 8.54 -0.03 -0.15 4.31 0.00 0.00 -0.00 0.00 -0.00 1.62 -0.00 0.00 16.38 -0.00 0.00 8.49 0.00 0.00 -0.00 -2.00 0.08 2.24 0.26 0.63 19.89 0.20 0.31 10.45 0.00 0.00 -0.00 -4.00 0.02 0.25 0.02 0.30 4.33 0.02 0.15 2.15 0.00 -0.00 0.00 0.00 -0.00 0.00 0.00 -0.00 0.00 0.00 -0.00 0.00 0.00 -0.00 0.00 0.00 -0.00 0.00 0.00 -0.00 0.00 0.00 -0.00 0.00 0.00 -0.00 0.00 0.00 -0.00 0.00 0.00 -0.00 0.00 0.00 -0.00 0.00 0.00 -0.00 0.00 0.00 -0.00 0.00 0.00 -0.00 0.00 0.00 -0.00 0.00 0.00 -0.00 0.00 0.00 -0.00 0.00 0.00 -0.00 0.00 0.00 -0.00 0.00 0.00 -0.00 0.00 0.00 -0.00 0.00 0.00 -0.00 0.00
-0.0000 0.0276 0.0000 0.00 -0.00 0.00 0.00 -0.00 0.00 0.00 -0.00 0.00 0.00 -0.00 0.00 0.00 -0.00 0.00 0.00 -0.00 0.00 0.00 -0.00 0.00 0.00 -0.00 0.00 0.00 -0.00 0.00 0.00 -0.00 0.00 0.00 -0.00 0.00 0.00 -0.00 0.00 0.00 -0.00 0.00 0.00 -0.00 0.00 0.00 -0.00 0.00 0.00 -0.00 0.00 0.00 -0.00 0.00 0.00 -0.00 0.00 69.06 -37.95 134.56 -0.00 23.42 -0.00 -6.28 10.14 20.11 -1.35 12.81 32.73 0.00 0.00 -0.00 2.00 -0.02 0.60 -0.05 -0.29 8.54 -0.03 -0.15 4.31 0.00 0.00 -0.00 0.00 -0.00 1.62 -0.00 0.00 16.38 -0.00 0.00 8.49 0.00 0.00 -0.00 -2.00 0.08 2.24 0.26 0.63 19.89 0.20 0.31 10.45 0.00 0.00 -0.00 -4.00 0.02 0.25 0.02 0.30 4.33 0.02 0.15 2.15 0.00 -0.00 0.00 0.00 -0.00 0.00 0.00 -0.00 0.00 0.00 -0.00 0.00 0.00 -0.00 0.00 0.00 -0.00 0.00 0.00 -0.00 0.00 0.00 -0.00 0.00 0.00 -0.00 0.00 0.00 -0.00 0.00 0.00 -0.00 0.00 0.00 -0.00 0.00 0.00 -0.00 0.00 0.00 -0.00 0.00 0.00 -0.00 0.00 0.00 -0.00 0.00 0.00 -0.00 0.00 0.00 -0.00 0.00 0.00 -0.00 0.00 0.00 -0.00 0.00 0.00 -0.00 0.00 0.00 -0.00 0.00 0.00 -0.00 0.00
-0.0000 0.0279 0.0000 0.00 -0.00 0.00 0.00 -0.00 0.00 0.00 -0.00 0.00 0.00 -0.00 0.00 0.00 -0.00 0.00 0.00 -0.00 0.00 0.00 -0.00 0.00 0.00 -0.00 0.00 0.00 -0.00 0.00 0.00 -0.00 0.00 0.00 -0.00 0.00 0.00 -0.00 0.00 0.00 -0.00 0.00 0.00 -0.00 0.00 0.00 -0.00 0.00 0.00 -0.00 0.00 0.00 -0.00 0.00 0.00 -0.00 0.00 69.06 -37.95 134.56 -0.00 23.42 -0.00 -6.28 10.14 20.11 -1.35 12.81 32.73 0.00 0.00 -0.00 2.00 -0.02 0.60 -0.05 -0.29 8.54 -0.03 -0.15 4.31 0.00 0.00 -0.00 0.00 -0.00 1.62 -0.00 0.00 16.38 -0.00 0.00 8.49 0.00 0.00 -0.00 -2.00 0.08 2.24 0.26 0.63 19.89 0.20 0.31 10.45 0.00 0.00 -0.00 -4.00 0.02 0.25 0.02 0.30 4.33 0.02 0.15 2.15 0.00 -0.00 0.00 0.00 -0.00 0.00 0.00 -0.00 0.00 0.00 -0.00 0.00 0.00 -0.00 0.00 0.00 -0.00 0.00 0.00 -0.00 0.00 0.00 -0.00 0.00 0.00 -0.00 0.00 0.00 -0.00 0.00 0.00 -0.00 0.00 0.00 -0.00 0.00 0.00 -0.00 0.00 0.00 -0.00 0.00 0.00 -0.00 0.00 0.00 -0.00 0.00 0.00 -0.00 0.00 0.00 -0.00 0.00 0.00 -0.00 0.00 0.00 -0.00 0.00 0.00 -0.00 0.00 0.00 -0.00 0.00 0.00 -0.00 0.00
-0.0000 0.0272 0.0000 0.00 -0.00 0.00 0.00 -0.00 0.00 0.00 -0.00 0.00 0.00 -0.00 0.00 0.00 -0.00 0.00 0.00 -0.00 0.00 0.00 -0.00 0.00 0.00 -0.00 0.00 0.00 -0.00 0.00 0.00 -0.00 0.00 0.00 -0.00 0.00 0.00 -0.00 0.00 0.00 -0.00 0.00 0.00 -0.00 0.00 0.00 -0.00 0.00 0.00 -0.00 0.00 0.00 -0.00 0.00 0.00 -0.00 0.00 69.06 -37.95 134.56 -0.00 23.42 -0.00 -6.28 10.14 20.11 -1.35 12.81 32.73 0.00 0.00 -0.00 2.00 -0.02 0.60 -0.05 -0.29 8.54 -0.03 -0.15 4.31 0.00 0.00 -0.00 0.00 -0.00 1.62 -0.00 0.00 16.38 -0.00 0.00 8.49 0.00 0.00 -0.00 -2.00 0.08 2.24 0.26 0.63 19.89 0.20 0.31 10.45 0.00 0.00 -0.00 -4.00 0.02 0.25 0.02 0.30 4.33 0.02 0.15 2.15 0.00 -0.00 0.00 0.00 -0.00 0.00 0.00 -0.00 0.00 0.00 -0.00 0.00 0.00 -0.00 0.00 0.00 -0.00 0.00 0.00 -0.00 0.00 0.00 -0.00 0.00 0.00 -0.00 0.00 0.00 -0.00 0.00 0.00 -0.00 0.00 0.00 -0.00 0.00 0.00 -0.00 0.00 0.00 -0.00 0.00 0.00 -0.00 0.00 0.00 -0.00 0.00 0.00 -0.00 0.00 0.00 -0.00 0.00 0.00 -0.00 0.00 0.00 -0.00 0.00 0.00 -0.00 0.00 0.00 -0.00 0.00 0.00 -0.00 0.00
-0.0000 0.0276 0.0000 0.00 -0.00 0.00 0.00 -0.00 0.00 0.00 -0.00 0.00 0.00 -0.00 0.00 0.00 -0.00 0.00 0.00 -0.00 0.00 0.00 -0.00 0.00 0.00 -0.00 0.00 0.00 -0.00 0.00 0.00 -0.00 0.00 0.00 -0.00 0.00 0.00 -0.00 0.00 0.00 -0.00 0.00 0.00 -0.00 0.00 0.00 -0.00 0.00 0.00 -0.00 0.00 0.00 -0.00 0.00 0.00 -0.00 0.00 69.06 -37.95 134.56 -0.00 23.42 -0.00 -6.28 10.14 20.11 -1.35 12.81 32.73 0.00 0.00 -0.00 2.00 -0.02 0.60 -0.05 -0.29 8.54 -0.03 -0.15 4.31 0.00 0.00 -0.00 0.00 -0.00 1.62 -0.00 0.00 16.38 -0.00 0.00 8.49 0.00 0.00 -0.00 -2.00 0.08 2.24 0.26 0.63 19.89 0.20 0.31 10.45 0.00 0.00 -0.00 -4.00 0.02 0.25 0.02 0.30 4.33 0.02 0.15 2.15 0.00 -0.00 0.00 0.00 -0.00 0.00 0.00 -0.00 0.00 0.00 -0.00 0.00 0.00 -0.00 0.00 0.00 -0.00 0.00 0.00 -0.00 0.00 0.00 -0.00 0.00 0.00 -0.00 0.00 0.00 -0.00 0.00 0.00 -0.00 0.00 0.00 -0.00 0.00 0.00 -0.00 0.00 0.00 -0.00 0.00 0.00 -0.00 0.00 0.00 -0.00 0.00 0.00 -0.00 0.00 0.00 -0.00 0.00 0.00 -0.00 0.00 0.00 -0.00 0.00 0.00 -0.00 0.00 0.00 -0.00 0.00 0.00 -0.00 0.00
-0.0000 0.0272 0.0000 0.00 -0.00 0.00 0.00 -0.00 0.00 0.00 -0.00 0.00 0.00 -0.00 0.00 0.00 -0.00 0.00 0.00 -0.00 0.00 0.00 -0.00 0.00 0.00 -0.00 0.00 0.00 -0.00 0.00 0.00 -0.00 0.00 0.00 -0.00 0.00 0.00 -0.00 0.00 0.00 -0.00 0.00 0.00 -0.00 0.00 0.00 -0.00 0.00 0.00 -0.00 0.00 0.00 -0.00 0.00 0.00 -0.00 0.00 69.06 -37.95 134.56 -0.00 23.42 -0.00 -6.28 10.14 20.11 -1.35 12.81 32.73 0.00 0.00 -0.00 2.00 -0.02 0.60 -0.05 -0.29 8.54 -0.03 -0.15 4.31 0.00 0.00 -0.00 0.00 -0.00 1.62 -0.00 0.00 16.38 -0.00 0.00 8.49 0.00 0.00 -0.00 -2.00 0.08 2.24 0.26 0.63 19.89 0.20 0.31 10.45 0.00 0.00 -0.00 -4.00 0.02 0.25 0.02 0.30 4.33 0.02 0.15 2.15 0.00 -0.00 0.00 0.00 -0.00 0.00 0.00 -0.00 0.00 0.00 -0.00 0.00 0.00 -0.00 0.00 0.00 -0.00 0.00 0.00 -0.00 0.00 0.00 -0.00 0.00 0.00 -0.00 0.00 0.00 -0.00 0.00 0.00 -0.00 0.00 0.00 -0.00 0.00 0.00 -0.00 0.00 0.00 -0.00 0.00 0.00 -0.00 0.00 0.00 -0.00 0.00 0.00 -0.00 0.00 0.00 -0.00 0.00 0.00 -0.00 0.00 0.00 -0.00 0.00 0.00 -0.00 0.00 0.00 -0.00 0.00 0.00 -0.00 0.00
-0.0000 0.0279 0.0000 0.00 -0.00 0.00 0.00 -0.00 0.00 0.00 -0.00 0.00 0.00 -0.00 0.00 0.00 -0.00 0.00 0.00 -0.00 0.00 0.00 -0.00 0.00 0.00 -0.00 0.00 0.00 -0.00 0.00 0.00 -0.00 0.00 0.00 -0.00 0.00 0.00 -0.00 0.00 0.00 -0.00 0.00 0.00 -0.00 0.00 0.00 -0.00 0.00 0.00 -0.00 0.00 0.00 -0.00 0.00 0.00 -0.00 0.00 69.06 -37.95 134.56 -0.00 23.42 -0.00 -6.28 10.14 20.11 -1.35 12.81 32.73 0.00 0.00 -0.00 2.00 -0.02 0.60 -0.05 -0.29 8.54 -0.03 -0.15 4.31 0.00 0.00 -0.00 0.00 -0.00 1.62 -0.00 0.00 16.38 -0.00 0.00 8.49 0.00 0.00 -0.00 -2.00 0.08 2.24 0.26 0.63 19.89 0.20 0.31 10.45 0.00 0.00 -0.00 -4.00 0.02 0.25 0.02 0.30 4.33 0.02 0.15 2.15 0.00 -0.00 0.00 0.00 -0.00 0.00 0.00 -0.00 0.00 0.00 -0.00 0.00 0.00 -0.00 0.00 0.00 -0.00 0.00 0.00 -0.00 0.00 0.00 -0.00 0.00 0.00 -0.00 0.00 0.00 -0.00 0.00 0.00 -0.00 0.00 0.00 -0.00 0.00 0.00 -0.00 0.00 0.00 -0.00 0.00 0.00 -0.00 0.00 0.00 -0.00 0.00 0.00 -0.00 0.00 0.00 -0.00 0.00 0.00 -0.00 0.00 0.00 -0.00 0.00 0.00 -0.00 0.00 0.00 -0.00 0.00 0.00 -0.00 0.00
-0.0000 0.0286 0.0000 0.00 -0.00 0.00 0.00 -0.00 0.00 0.00 -0.00 0.00 0.00 -0.00 0.00 0.00 -0.00 0.00 0.00 -0.00 0.00 0.00 -0.00 0.00 0.00 -0.00 0.00 0.00 -0.00 0.00 0.00 -0.00 0.00 0.00 -0.00 0.00 0.00 -0.00 0.00 0.00 -0.00 0.00 0.00 -0.00 0.00 0.00 -0.00 0.00 0.00 -0.00 0.00 0.00 -0.00 0.00 0.00 -0.00 0.00 69.06 -37.95 134.56 -0.00 23.42 -0.00 -6.28 10.14 20.11 -1.35 12.81 32.73 0.00 0.00 -0.00 2.00 -0.02 0.60 -0.05 -0.29 8.54 -0.03 -0.15 4.31 0.00 0.00 -0.00 0.00 -0.00 1.62 -0.00 0.00 16.38 -0.00 0.00 8.49 0.00 0.00 -0.00 -2.00 0.08 2.24 0.26 0.63 19.89 0.20 0.31 10.45 0.00 0.00 -0.00 -4.00 0.02 0.25 0.02 0.30 4.33 0.02 0.15 2.15 0.00 -0.00 0.00 0.00 -0.00 0.00 0.00 -0.00 0.00 0.00 -0.00 0.00 0.00 -0.00 0.00 0.00 -0.00 0.00 0.00 -0.00 0.00 0.00 -0.00 0.00 0.00 -0.00 0.00 0.00 -0.00 0.00 0.00 -0.00 0.00 0.00 -0.00 0.00 0.00 -0.00 0.00 0.00 -0.00 0.00 0.00 -0.00 0.00 0.00 -0.00 0.00 0.00 -0.00 0.00 0.00 -0.00 0.00 0.00 -0.00 0.00 0.00 -0.00 0.00 0.00 -0.00 0.00 0.00 -0.00 0.00 0.00 -0.00 0.00
-0.0000 0.0274 0.0000 0.00 -0.00 0.00 0.00 -0.00 0.00 0.00 -0.00 0.00 0.00 -0.00 0.00 0.00 -0.00 0.00 0.00 -0.00 0.00 0.00 -0.00 0.00 0.00 -0.00 0.00 0.00 -0.00 0.00 0.00 -0.00 0.00 0.00 -0.00 0.00 0.00 -0.00 0.00 0.00 -0.00 0.00 0.00 -0.00 0.00 0.00 -0.00 0.00 0.00 -0.00 0.00 0.00 -0.00 0.00 0.00 -0.00 0.00 69.06 -37.95 134.56 -0.00 23.42 -0.00 -6.28 10.14 20.11 -1.35 12.81 32.73 0.00 0.00 -0.00 2.00 -0.02 0.60 -0.05 -0.29 8.54 -0.03 -0.15 4.31 0.00 0.00 -0.00 0.00 -0.00 1.62 -0.00 0.00 16.38 -0.00 0.00 8.49 0.00 0.00 -0.00 -2.00 0.08 2.24 0.26 0.63 19.89 0.20 0.31 10.45 0.00 0.00 -0.00 -4.00 0.02 0.25 0.02 0.30 4.33 0.02 0.15 2.15 0.00 -0.00 0.00 0.00 -0.00 0.00 0.00 -0.00 0.00 0.00 -0.00 0.00 0.00 -0.00 0.00 0.00 -0.00 0.00 0.00 -0.00 0.00 0.00 -0.00 0.00 0.00 -0.00 0.00 0.00 -0.00 0.00 0.00 -0.00 0.00 0.00 -0.00 0.00 0.00 -0.00 0.00 0.00 -0.00 0.00 0.00 -0.00 0.00 0.00 -0.00 0.00 0.00 -0.00 0.00 0.00 -0.00 0.00 0.00 -0.00 0.00 0.00 -0.00 0.00 0.00 -0.00 0.00 0.00 -0.00 0.00 0.00 -0.00 0.00
-0.0000 0.0276 0.0000 0.00 -0.00 0.00 0.00 -0.00 0.00 0.00 -0.00 0.00 0.00 -0.00 0.00 0.00 -0.00 0.00 0.00 -0.00 0.00 0.00 -0.00 0.00 0.00 -0.00 0.00 0.00 -0.00 0.00 0.00 -0.00 0.00 0.00 -0.00 0.00 0.00 -0.00 0.00 0.00 -0.00 0.00 0.00 -0.00 0.00 0.00 -0.00 0.00 0.00 -0.00 0.00 0.00 -0.00 0.00 0.00 -0.00 0.00 69.06 -37.95 134.56 -0.00 23.42 -0.00 -6.28 10.14 20.11 -1.35 12.81 32.73 0.00 0.00 -0.00 2.00 -0.02 0.60 -0.05 -0.29 8.54 -0.03 -0.15 4.31 0.00 0.00 -0.00 0.00 -0.00 1.62 -0.00 0.00 16.38 -0.00 0.00 8.49 0.00 0.00 -0.00 -2.00 0.08 2.24 0.26 0.63 19.89 0.20 0.31 10.45 0.00 0.00 -0.00 -4.00 0.02 0.25 0.02 0.30 4.33 0.02 0.15 2.15 0.00 -0.00 0.00 0.00 -0.00 0.00 0.00 -0.00 0.00 0.00 -0.00 0.00 0.00 -0.00 0.00 0.00 -0.00 0.00 0.00 -0.00 0.00 0.00 -0.00 0.00 0.00 -0.00 0.00 0.00 -0.00 0.00 0.00 -0.00 0.00 0.00 -0.00 0.00 0.00 -0.00 0.00 0.00 -0.00 0.00 0.00 -0.00 0.00 0.00 -0.00 0.00 0.00 -0.00 0.00 0.00 -0.00 0.00 0.00 -0.00 0.00 0.00 -0.00 0.00 0.00 -0.00 0.00 0.00 -0.00 0.00 0.00 -0.00 0.00
-0.0000 0.0275 0.0000 0.00 -0.00 0.00 0.00 -0.00 0.00 0.00 -0.00 0.00 0.00 -0.00 0.00 0.00 -0.00 0.00 0.00 -0.00 0.00 0.00 -0.00 0.00 0.00 -0.00 0.00 0.00 -0.00 0.00 0.00 -0.00 0.00 0.00 -0.00 0.00 0.00 -0.00 0.00 0.00 -0.00 0.00 0.00 -0.00 0.00 0.00 -0.00 0.00 0.00 -0.00 0.00 0.00 -0.00 0.00 0.00 -0.00 0.00 69.06 -37.95 134.56 -0.00 23.42 -0.00 -6.28 10.14 20.11 -1.35 12.81 32.73 0.00 0.00 -0.00 2.00 -0.02 0.60 -0.05 -0.29 8.54 -0.03 -0.15 4.31 0.00 0.00 -0.00 0.00 -0.00 1.62 -0.00 0.00 16.38 -0.00 0.00 8.49 0.00 0.00 -0.00 -2.00 0.08 2.24 0.26 0.63 19.89 0.20 0.31 10.45 0.00 0.00 -0.00 -4.00 0.02 0.25 0.02 0.30 4.33 0.02 0.15 2.15 0.00 -0.00 0.00 0.00 -0.00 0.00 0.00 -0.00 0.00 0.00 -0.00 0.00 0.00 -0.00 0.00 0.00 -0.00 0.00 0.00 -0.00 0.00 0.00 -0.00 0.00 0.00 -0.00 0.00 0.00 -0.00 0.00 0.00 -0.00 0.00 0.00 -0.00 0.00 0.00 -0.00 0.00 0.00 -0.00 0.00 0.00 -0.00 0.00 0.00 -0.00 0.00 0.00 -0.00 0.00 0.00 -0.00 0.00 0.00 -0.00 0.00 0.00 -0.00 0.00 0.00 -0.00 0.00 0.00 -0.00 0.00 0.00 -0.00 0.00
-0.0000 0.0273 0.0000 0.00 -0.00 0.00 0.00 -0.00 0.00 0.00 -0.00 0.00 0.00 -0.00 0.00 0.00 -0.00 0.00 0.00 -0.00 0.00 0.00 -0.00 0.00 0.00 -0.00 0.00 0.00 -0.00 0.00 0.00 -0.00 0.00 0.00 -0.00 0.00 0.00 -0.00 0.00 0.00 -0.00 0.00 0.00 -0.00 0.00 0.00 -0.00 0.00 0.00 -0.00 0.00 0.00 -0.00 0.00 0.00 -0.00 0.00 69.06 -37.95 134.56 -0.00 23.42 -0.00 -6.28 10.14 20.11 -1.35 12.81 32.73 0.00 0.00 -0.00 2.00 -0.02 0.60 -0.05 -0.29 8.54 -0.03 -0.15 4.31 0.00 0.00 -0.00 0.00 -0.00 1.62 -0.00 0.00 16.38 -0.00 0.00 8.49 0.00 0.00 -0.00 -2.00 0.08 2.24 0.26 0.63 19.89 0.20 0.31 10.45 0.00 0.00 -0.00 -4.00 0.02 0.25 0.02 0.30 4.33 0.02 0.15 2.15 0.00 -0.00 0.00 0.00 -0.00 0.00 0.00 -0.00 0.00 0.00 -0.00 0.00 0.00 -0.00 0.00 0.00 -0.00 0.00 0.00 -0.00 0.00 0.00 -0.00 0.00 0.00 -0.00 0.00 0.00 -0.00 0.00 0.00 -0.00 0.00 0.00 -0.00 0.00 0.00 -0.00 0.00 0.00 -0.00 0.00 0.00 -0.00 0.00 0.00 -0.00 0.00 0.00 -0.00 0.00 0.00 -0.00 0.00 0.00 -0.00 0.00 0.00 -0.00 0.00 0.00 -0.00 0.00 0.00 -0.00 0.00 0.00 -0.00 0.00
-0.0000 0.0274 0.0000 0.00 -0.00 0.00 0.00 -0.00 0.00 0.00 -0.00 0.00 0.00 -0.00 0.00 0.00 -0.00 0.00 0.00 -0.00 0.00 0.00 -0.00 0.00 0.00 -0.00 0.00 0.00 -0.00 0.00 0.00 -0.00 0.00 0.00 -0.00 0.00 0.00 -0.00 0.00 0.00 -0.00 0.00 0.00 -0.00 0.00 0.00 -0.00 0.00 0.00 -0.00 0.00 0.00 -0.00 0.00 0.00 -0.00 0.00 69.06 -37.95 134.56 -0.00 23.42 -0.00 -6.28 10.14 20.11 -1.35 12.81 32.73 0.00 0.00 -0.00 2.00 -0.02 0.60 -0.05 -0.29 8.54 -0.04 -0.15 4.31 0.00 0.00 -0.00 0.00 -0.00 1.62 -0.00 0.00 16.38 -0.00 0.00 8.49 0.00 0.00 -0.00 -2.00 0.08 2.24 0.26 0.63 19.89 0.20 0.31 10.45 0.00 0.00 -0.00 -4.00 0.02 0.25 0.02 0.30 4.33 0.02 0.15 2.15 0.00 -0.00 0.00 0.00 -0.00 0.00 0.00 -0.00 0.00 0.00 -0.00 0.00 0.00 -0.00 0.00 0.00 -0.00 0.00 0.00 -0.00 0.00 0.00 -0.00 0.00 0.00 -0.00 0.00 0.00 -0.00 0.00 0.00 -0.00 0.00 0.00 -0.00 0.00 0.00 -0.00 0.00 0.00 -0.00 0.00 0.00 -0.00 0.00 0.00 -0.00 0.00 0.00 -0.00 0.00 0.00 -0.00 0.00 0.00 -0.00 0.00 0.00 -0.00 0.00 0.00 -0.00 0.00 0.00 -0.00 0.00 0.00 -0.00 0.00
-0.0000 0.0279 0.0000 0.00 -0.00 0.00 0.00 -0.00 0.00 0.00 -0.00 0.00 0.00 -0.00 0.00 0.00 -0.00 0.00 0.00 -0.00 0.00 0.00 -0.00 0.00 0.00 -0.00 0.00 0.00 -0.00 0.00 0.00 -0.00 0.00 0.00 -0.00 0.00 0.00 -0.00 0.00 0.00 -0.00 0.00 0.00 -0.00 0.00 0.00 -0.00 0.00 0.00 -0.00 0.00 0.00 -0.00 0.00 0.00 -0.00 0.00 69.06 -37.95 134.56 -0.00 23.42 -0.00 -6.28 10.14 20.11 -1.35 12.81 32.73 0.00 0.00 -0.00 2.00 -0.02 0.61 -0.05 -0.29 8.55 -0.04 -0.15 4.31 0.00 0.00 -0.00 0.00 -0.00 1.62 -0.00 -0.00 16.38 -0.00 0.00 8.49 0.00 0.00 -0.00 -2.00 0.08 2.24 0.26 0.63 19.89 0.20 0.31 10.45 0.00 0.00 -0.00 -4.00 0.02 0.25 0.02 0.30 4.33 0.02 0.15 2.15 0.00 -0.00 0.00 0.00 -0.00 0.00 0.00 -0.00 0.00 0.00 -0.00 0.00 0.00 -0.00 0.00 0.00 -0.00 0.00 0.00 -0.00 0.00 0.00 -0.00 0.00 0.00 -0.00 0.00 0.00 -0.00 0.00 0.00 -0.00 0.00 0.00 -0.00 0.00 0.00 -0.00 0.00 0.00 -0.00 0.00 0.00 -0.00 0.00 0.00 -0.00 0.00 0.00 -0.00 0.00 0.00 -0.00 0.00 0.00 -0.00 0.00 0.00 -0.00 0.00 0.00 -0.00 0.00 0.00 -0.00 0.00 0.00 -0.00 0.00
-0.0000 0.0278 0.0000 0.00 -0.00 0.00 0.00 -0.00 0.00 0.00 -0.00 0.00 0.00 -0.00 0.00 0.00 -0.00 0.00 0.00 -0.00 0.00 0.00 -0.00 0.00 0.00 -0.00 0.00 0.00 -0.00 0.00 0.00 -0.00 0.00 0.00 -0.00 0.00 0.00 -0.00 0.00 0.00 -0.00 0.00 0.00 -0.00 0.00 0.00 -0.00 0.00 0.00 -0.00 0.00 0.00 -0.00 0.00 0.00 -0.00 0.00 69.06 -37.95 134.56 -0.00 23.42 -0.00 -6.28 10.14 20.11 -1.35 12.81 32.73 0.00 0.00 -0.00 2.00 -0.02 0.61 -0.05 -0.29 8.55 -0.04 -0.15 4.31 0.00 0.00 -0.00 0.00 -0.00 1.62 -0.00 -0.00 16.38 0.00 -0.00 8.49 0.00 0.00 -0.00 -2.00 0.08 2.24 0.26 0.63 19.89 0.20 0.31 10.45 0.00 0.00 -0.00 -4.00 0.02 0.25 0.02 0.30 4.33 0.02 0.15 2.15 0.00 -0.00 0.00 0.00 -0.00 0.00 0.00 -0.00 0.00 0.00 -0.00 0.00 0.00 -0.00 0.00 0.00 -0.00 0.00 0.00 -0.00 0.00 0.00 -0.00 0.00 0.00 -0.00 0.00 0.00 -0.00 0.00 0.00 -0.00 0.00 0.00 -0.00 0.00 0.00 -0.00 0.00 0.00 -0.00 0.00 0.00 -0.00 0.00 0.00 -0.00 0.00 0.00 -0.00 0.00 0.00 -0.00 0.00 0.00 -0.00 0.00 0.00 -0.00 0.00 0.00 -0.00 0.00 0.00 -0.00 0.00 0.00 -0.00 0.00
-0.0000 0.0279 0.0000 0.00 -0.00 0.00 0.00 -0.00 0.00 0.00 -0.00 0.00 0.00 -0.00 0.00 0.00 -0.00 0.00 0.00 -0.00 0.00 0.00 -0.00 0.00 0.00 -0.00 0.00 0.00 -0.00 0.00 0.00 -0.00 0.00 0.00 -0.00 0.00 0.00 -0.00 0.00 0.00 -0.00 0.00 0.00 -0.00 0.00 0.00 -0.00 0.00 0.00 -0.00 0.00 0.00 -0.00 0.00 0.00 -0.00 0.00 69.06 -37.95 134.56 -0.00 23.42 -0.00 -6.28 10.14 20.11 -1.35 12.81 32.73 0.00 0.00 -0.00 2.00 -0.02 0.61 -0.05 -0.29 8.55 -0.04 -0.15 4.31 0.00 0.00 -0.00 0.00 -0.00 1.62 -0.00 -0.00 16.38 0.00 -0.00 8.49 0.00 0.00 -0.00 -2.00 0.08 2.24 0.26 0.63 19.89 0.20 0.31 10.45 0.00 0.00 -0.00 -4.00 0.02 0.25 0.02 0.30 4.33 0.02 0.15 2.15 0.00 -0.00 0.00 0.00 -0.00 0.00 0.00 -0.00 0.00 0.00 -0.00 0.00 0.00 -0.00 0.00 0.00 -0.00 0.00 0.00 -0.00 0.00 0.00 -0.00 0.00 0.00 -0.00 0.00 0.00 -0.00 0.00 0.00 -0.00 0.00 0.00 -0.00 0.00 0.00 -0.00 0.00 0.00 -0.00 0.00 0.00 -0.00 0.00 0.00 -0.00 0.00 0.00 -0.00 0.00 0.00 -0.00 0.00 0.00 -0.00 0.00 0.00 -0.00 0.00 0.00 -0.00 0.00 0.00 -0.00 0.00 0.00 -0.00 0.00
-0.0000 0.0278 0.0000 0.00 -0.00 0.00 0.00 -0.00 0.00 0.00 -0.00 0.00 0.00 -0.00 0.00 0.00 -0.00 0.00 0.00 -0.00 0.00 0.00 -0.00 0.00 0.00 -0.00 0.00 0.00 -0.00 0.00 0.00 -0.00 0.00 0.00 -0.00 0.00 0.00 -0.00 0.00 0.00 -0.00 0.00 0.00 -0.00 0.00 0.00 -0.00 0.00 0.00 -0.00 0.00 0.00 -0.00 0.00 0.00 -0.00 0.00 69.06 -37.95 134.56 -0.00 23.42 -0.00 -6.28 10.14 20.11 -1.35 12.81 32.73 0.00 0.00 -0.00 2.00 -0.02 0.61 -0.05 -0.29 8.55 -0.04 -0.15 4.31 0.00 0.00 -0.00 0.00 -0.00 1.62 -0.00 -0.00 16.38 0.00 -0.00 8.49 0.00 0.00 -0.00 -2.00 0.08 2.24 0.26 0.63 19.89 0.20 0.31 10.45 0.00 0.00 -0.00 -4.00 0.02 0.25 0.02 0.30 4.33 0.02 0.15 2.15 0.00 -0.00 0.00 0.00 -0.00 0.00 0.00 -0.00 0.00 0.00 -0.00 0.00 0.00 -0.00 0.00 0.00 -0.00 0.00 0.00 -0.00 0.00 0.00 -0.00 0.00 0.00 -0.00 0.00 0.00 -0.00 0.00 0.00 -0.00 0.00 0.00 -0.00 0.00 0.00 -0.00 0.00 0.00 -0.00 0.00 0.00 -0.00 0.00 0.00 -0.00 0.00 0.00 -0.00 0.00 0.00 -0.00 0.00 0.00 -0.00 0.00 0.00 -0.00 0.00 0.00 -0.00 0.00 0.00 -0.00 0.00 0.00 -0.00 0.00
-0.0000 0.0274 0.0000 0.00 -0.00 0.00 0.00 -0.00 0.00 0.00 -0.00 0.00 0.00 -0.00 0.00 0.00 -0.00 0.00 0.00 -0.00 0.00 0.00 -0.00 0.00 0.00 -0.00 0.00 0.00 -0.00 0.00 0.00 -0.00 0.00 0.00 -0.00 0.00 0.00 -0.00 0.00 0.00 -0.00 0.00 0.00 -0.00 0.00 0.00 -0.00 0.00 0.00 -0.00 0.00 0.00 -0.00 0.00 0.00 -0.00 0.00 69.06 -37.95 134.56 -0.00 23.42 -0.00 -6.28 10.14 20.11 -1.35 12.81 32.73 0.00 0.00 -0.00 2.00 -0.02 0.61 -0.05 -0.29 8.55 -0.04 -0.15 4.31 0.00 0.00 -0.00 0.00 -0.00 1.62 -0.00 -0.00 16.38 0.00 -0.00 8.49 0.00 0.00 -0.00 -2.00 0.08 2.24 0.26 0.63 19.89 0.20 0.31 10.45 0.00 0.00 -0.00 -4.00 0.02 0.25 0.02 0.30 4.33 0.02 0.15 2.15 0.00 -0.00 0.00 0.00 -0.00 0.00 0.00 -0.00 0.00 0.00 -0.00 0.00 0.00 -0.00 0.00 0.00 -0.00 0.00 0.00 -0.00 0.00 0.00 -0.00 0.00 0.00 -0.00 0.00 0.00 -0.00 0.00 0.00 -0.00 0.00 0.00 -0.00 0.00 0.00 -0.00 0.00 0.00 -0.00 0.00 0.00 -0.00 0.00 0.00 -0.00 0.00 0.00 -0.00 0.00 0.00 -0.00 0.00 0.00 -0.00 0.00 0.00 -0.00 0.00 0.00 -0.00 0.00 0.00 -0.00 0.00 0.00 -0.00 0.00
-0.0000 0.0272 0.0000 0.00 -0.00 0.00 0.00 -0.00 0.00 0.00 -0.00 0.00 0.00 -0.00 0.00 0.00 -0.00 0.00 0.00 -0.00 0.00 0.00 -0.00 0.00 0.00 -0.00 0.00 0.00 -0.00 0.00 0.00 -0.00 0.00 0.00 -0.00 0.00 0.00 -0.00 0.00 0.00 -0.00 0.00 0.00 -0.00 0.00 0.00 -0.00 0.00 0.00 -0.00 0.00 0.00 -0.00 0.00 0.00 -0.00 0.00 69.06 -37.95 134.56 -0.00 23.42 -0.00 -6.28 10.14 20.11 -1.35 12.81 32.73 0.00 0.00 -0.00 2.00 -0.02 0.61 -0.05 -0.29 8.55 -0.04 -0.15 4.31 0.00 0.00 -0.00 0.00 -0.00 1.62 -0.00 -0.00 16.38 0.00 -0.00 8.49 0.00 0.00 -0.00 -2.00 0.08 2.24 0.26 0.63 19.89 0.20 0.31 10.45 0.00 0.00 -0.00 -4.00 0.02 0.25 0.02 0.30 4.33 0.02 0.15 2.15 0.00 -0.00 0.00 0.00 -0.00 0.00 0.00 -0.00 0.00 0.00 -0.00 0.00 0.00 -0.00 0.00 0.00 -0.00 0.00 0.00 -0.00 0.00 0.00 -0.00 0.00 0.00 -0.00 0.00 0.00 -0.00 0.00 0.00 -0.00 0.00 0.00 -0.00 0.00 0.00 -0.00 0.00 0.00 -0.00 0.00 0.00 -0.00 0.00 0.00 -0.00 0.00 0.00 -0.00 0.00 0.00 -0.00 0.00 0.00 -0.00 0.00 0.00 -0.00 0.00 0.00 -0.00 0.00 0.00 -0.00 0.00 0.00 -0.00 0.00
-0.0000 0.0271 0.0000 0.00 -0.00 0.00 0.00 -0.00 0.00 0.00 -0.00 0.00 0.00 -0.00 0.00 0.00 -0.00 0.00 0.00 -0.00 0.00 0.00 -0.00 0.00 0.00 -0.00 0.00 0.00 -0.00 0.00 0.00 -0.00 0.00 0.00 -0.00 0.00 0.00 -0.00 0.00 0.00 -0.00 0.00 0.00 -0.00 0.00 0.00 -0.00 0.00 0.00 -0.00 0.00 0.00 -0.00 0.00 0.00 -0.00 0.00 69.06 -37.95 134.56 -0.00 23.42 -0.00 -6.28 10.14 20.11 -1.35 12.81 32.73 0.00 0.00 -0.00 2.00 -0.02 0.61 -0.05 -0.29 8.55 -0.04 -0.15 4.31 0.00 0.00 -0.00 0.00 -0.00 1.62 -0.00 -0.00 16.38 0.00 -0.00 8.49 0.00 0.00 -0.00 -2.00 0.08 2.24 0.26 0.63 19.89 0.20 0.31 10.45 0.00 0.00 -0.00 -4.00 0.02 0.25 0.02 0.30 4.33 0.02 0.15 2.15 0.00 -0.00 0.00 0.00 -0.00 0.00 0.00 -0.00 0.00 0.00 -0.00 0.00 0.00 -0.00 0.00 0.00 -0.00 0.00 0.00 -0.00 0.00 0.00 -0.00 0.00 0.00 -0.00 0.00 0.00 -0.00 0.00 0.00 -0.00 0.00 0.00 -0.00 0.00 0.00 -0.00 0.00 0.00 -0.00 0.00 0.00 -0.00 0.00 0.00 -0.00 0.00 0.00 -0.00 0.00 0.00 -0.00 0.00 0.00 -0.00 0.00 0.00 -0.00 0.00 0.00 -0.00 0.00 0.00 -0.00 0.00 0.00 -0.00 0.00
-0.0000 0.0270 0.0000 0.00 -0.00 0.00 0.00 -0.00 0.00 0.00 -0.00 0.00 0.00 -0.00 0.00 0.00 -0.00 0.00 0.00 -0.00 0.00 0.00 -0.00 0.00 0.00 -0.00 0.00 0.00 -0.00 0.00 0.00 -0.00 0.00 0.00 -0.00 0.00 0.00 -0.00 0.00 0.00 -0.00 0.00 0.00 -0.00 0.00 0.00 -0.00 0.00 0.00 -0.00 0.00 0.00 -0.00 0.00 0.00 -0.00 0.00 69.06 -37.95 134.56 -0.00 23.42 -0.00 -6.28 10.14 20.11 -1.35 12.81 32.73 0.00 0.00 -0.00 2.00 -0.02 0.61 -0.05 -0.29 8.55 -0.04 -0.15 4.31 0.00 0.00 -0.00 0.00 -0.00 1.62 -0.00 -0.00 16.38 0.00 -0.00 8.49 0.00 0.00 -0.00 -2.00 0.08 2.24 0.26 0.63 19.89 0.20 0.31 10.45 0.00 0.00 -0.00 -4.00 0.02 0.25 0.02 0.30 4.33 0.02 0.15 2.15 0.00 -0.00 0.00 0.00 -0.00 0.00 0.00 -0.00 0.00 0.00 -0.00 0.00 0.00 -0.00 0.00 0.00 -0.00 0.00 0.00 -0.00 0.00 0.00 -0.00 0.00 0.00 -0.00 0.00 0.00 -0.00 0.00 0.00 -0.00 0.00 0.00 -0.00 0.00 0.00 -0.00 0.00 0.00 -0.00 0.00 0.00 -0.00 0.00 0.00 -0.00 0.00 0.00 -0.00 0.00 0.00 -0.00 0.00 0.00 -0.00 0.00 0.00 -0.00 0.00 0.00 -0.00 0.00 0.00 -0.00 0.00 0.00 -0.00 0.00
-0.0000 0.0273 0.0000 0.00 -0.00 0.00 0.00 -0.00 0.00 0.00 -0.00 0.00 0.00 -0.00 0.00 0.00 -0.00 0.00 0.00 -0.00 0.00 0.00 -0.00 0.00 0.00 -0.00 0.00 0.00 -0.00 0.00 0.00 -0.00 0.00 0.00 -0.00 0.00 0.00 -0.00 0.00 0.00 -0.00 0.00 0.00 -0.00 0.00 0.00 -0.00 0.00 0.00 -0.00 0.00 0.00 -0.00 0.00 0.00 -0.00 0.00 69.06 -37.95 134.56 -0.00 23.42 -0.00 -6.28 10.14 20.11 -1.35 12.81 32.73 0.00 0.00 -0.00 2.00 -0.02 0.61 -0.05 -0.29 8.55 -0.04 -0.15 4.31 0.00 0.00 -0.00 0.00 -0.00 1.62 -0.00 -0.00 16.38 0.00 -0.00 8.49 0.00 0.00 -0.00 -2.00 0.08 2.24 0.26 0.63 19.89 0.20 0.31 10.45 0.00 0.00 -0.00 -4.00 0.02 0.25 0.02 0.30 4.33 0.02 0.15 2.15 0.00 -0.00 0.00 0.00 -0.00 0.00 0.00 -0.00 0.00 0.00 -0.00 0.00 0.00 -0.00 0.00 0.00 -0.00 0.00 0.00 -0.00 0.00 0.00 -0.00 0.00 0.00 -0.00 0.00 0.00 -0.00 0.00 0.00 -0.00 0.00 0.00 -0.00 0.00 0.00 -0.00 0.00 0.00 -0.00 0.00 0.00 -0.00 0.00 0.00 -0.00 0.00 0.00 -0.00 0.00 0.00 -0.00 0.00 0.00 -0.00 0.00 0.00 -0.00 0.00 0.00 -0.00 0.00 0.00 -0.00 0.00 0.00 -0.00 0.00
-0.0000 0.0280 0.0000 0.00 -0.00 0.00 0.00 -0.00 0.00 0.00 -0.00 0.00 0.00 -0.00 0.00 0.00 -0.00 0.00 0.00 -0.00 0.00 0.00 -0.00 0.00 0.00 -0.00 0.00 0.00 -0.00 0.00 0.00 -0.00 0.00 0.00 -0.00 0.00 0.00 -0.00 0.00 0.00 -0.00 0.00 0.00 -0.00 0.00 0.00 -0.00 0.00 0.00 -0.00 0.00 0.00 -0.00 0.00 0.00 -0.00 0.00 69.06 -37.95 134.56 -0.00 23.42 -0.00 -6.28 10.14 20.11 -1.35 12.81 32.73 0.00 0.00 -0.00 2.00 -0.02 0.61 -0.05 -0.29 8.55 -0.04 -0.15 4.31 0.00 0.00 -0.00 0.00 -0.00 1.62 -0.00 -0.00 16.38 0.00 -0.00 8.49 0.00 0.00 -0.00 -2.00 0.08 2.24 0.26 0.63 19.89 0.20 0.31 10.45 0.00 0.00 -0.00 -4.00 0.02 0.25 0.02 0.30 4.33 0.02 0.15 2.15 0.00 -0.00 0.00 0.00 -0.00 0.00 0.00 -0.00 0.00 0.00 -0.00 0.00 0.00 -0.00 0.00 0.00 -0.00 0.00 0.00 -0.00 0.00 0.00 -0.00 0.00 0.00 -0.00 0.00 0.00 -0.00 0.00 0.00 -0.00 0.00 0.00 -0.00 0.00 0.00 -0.00 0.00 0.00 -0.00 0.00 0.00 -0.00 0.00 0.00 -0.00 0.00 0.00 -0.00 0.00 0.00 -0.00 0.00 0.00 -0.00 0.00 0.00 -0.00 0.00 0.00 -0.00 0.00 0.00 -0.00 0.00 0.00 -0.00 0.00
-0.0000 0.0273 0.0000 0.00 -0.00 0.00 0.00 -0.00 0.00 0.00 -0.00 0.00 0.00 -0.00 0.00 0.00 -0.00 0.00 0.00 -0.00 0.00 0.00 -0.00 0.00 0.00 -0.00 0.00 0.00 -0.00 0.00 0.00 -0.00 0.00 0.00 -0.00 0.00 0.00 -0.00 0.00 0.00 -0.00 0.00 0.00 -0.00 0.00 0.00 -0.00 0.00 0.00 -0.00 0.00 0.00 -0.00 0.00 0.00 -0.00 0.00 69.06 -37.95 134.56 -0.00 23.42 -0.00 -6.28 10.14 20.11 -1.35 12.81 32.73 0.00 0.00 -0.00 2.00 -0.02 0.61 -0.05 -0.29 8.55 -0.04 -0.15 4.31 0.00 0.00 -0.00 0.00 -0.00 1.62 -0.00 -0.00 16.38 0.00 -0.00 8.49 0.00 0.00 -0.00 -2.00 0.08 2.24 0.26 0.63 19.89 0.20 0.31 10.45 0.00 0.00 -0.00 -4.00 0.02 0.25 0.02 0.30 4.33 0.02 0.15 2.15 0.00 -0.00 0.00 0.00 -0.00 0.00 0.00 -0.00 0.00 0.00 -0.00 0.00 0.00 -0.00 0.00 0.00 -0.00 0.00 0.00 -0.00 0.00 0.00 -0.00 0.00 0.00 -0.00 0.00 0.00 -0.00 0.00 0.00 -0.00 0.00 0.00 -0.00 0.00 0.00 -0.00 0.00 0.00 -0.00 0.00 0.00 -0.00 0.00 0.00 -0.00 0.00 0.00 -0.00 0.00 0.00 -0.00 0.00 0.00 -0.00 0.00 0.00 -0.00 0.00 0.00 -0.00 0.00 0.00 -0.00 0.00 0.00 -0.00 0.00
-0.0000 0.0269 0.0000 0.00 -0.00 0.00 0.00 -0.00 0.00 0.00 -0.00 0.00 0.00 -0.00 0.00 0.00 -0.00 0.00 0.00 -0.00 0.00 0.00 -0.00 0.00 0.00 -0.00 0.00 0.00 -0.00 0.00 0.00 -0.00 0.00 0.00 -0.00 0.00 0.00 -0.00 0.00 0.00 -0.00 0.00 0.00 -0.00 0.00 0.00 -0.00 0.00 0.00 -0.00 0.00 0.00 -0.00 0.00 0.00 -0.00 0.00 69.06 -37.95 134.56 -0.00 23.42 -0.00 -6.28 10.14 20.11 -1.35 12.81 32.73 0.00 0.00 -0.00 2.00 -0.02 0.61 -0.05 -0.29 8.55 -0.04 -0.15 4.31 0.00 0.00 -0.00 0.00 -0.00 1.62 -0.00 -0.00 16.38 0.00 -0.00 8.49 0.00 0.00 -0.00 -2.00 0.08 2.24 0.26 0.63 19.89 0.20 0.31 10.45 0.00 0.00 -0.00 -4.00 0.02 0.25 0.02 0.30 4.33 0.02 0.15 2.15 0.00 -0.00 0.00 0.00 -0.00 0.00 0.00 -0.00 0.00 0.00 -0.00 0.00 0.00 -0.00 0.00 0.00 -0.00 0.00 0.00 -0.00 0.00 0.00 -0.00 0.00 0.00 -0.00 0.00 0.00 -0.00 0.00 0.00 -0.00 0.00 0.00 -0.00 0.00 0.00 -0.00 0.00 0.00 -0.00 0.00 0.00 -0.00 0.00 0.00 -0.00 0.00 0.00 -0.00 0.00 0.00 -0.00 0.00 0.00 -0.00 0.00 0.00 -0.00 0.00 0.00 -0.00 0.00 0.00 -0.00 0.00 0.00 -0.00 0.00
-0.0000 0.0268 0.0000 0.00 -0.00 0.00 0.00 -0.00 0.00 0.00 -0.00 0.00 0.00 -0.00 0.00 0.00 -0.00 0.00 0.00 -0.00 0.00 0.00 -0.00 0.00 0.00 -0.00 0.00 0.00 -0.00 0.00 0.00 -0.00 0.00 0.00 -0.00 0.00 0.00 -0.00 0.00 0.00 -0.00 0.00 0.00 -0.00 0.00 0.00 -0.00 0.00 0.00 -0.00 0.00 0.00 -0.00 0.00 0.00 -0.00 0.00 69.06 -37.95 134.56 -0.00 23.42 -0.00 -6.28 10.14 20.11 -1.35 12.81 32.73 0.00 0.00 -0.00 2.00 -0.02 0.61 -0.05 -0.29 8.55 -0.04 -0.15 4.31 0.00 0.00 -0.00 0.00 -0.00 1.62 -0.00 -0.00 16.38 0.00 -0.00 8.49 0.00 0.00 -0.00 -2.00 0.08 2.24 0.26 0.63 19.89 0.20 0.31 10.45 0.00 0.00 -0.00 -4.00 0.02 0.25 0.02 0.30 4.33 0.02 0.15 2.15 0.00 -0.00 0.00 0.00 -0.00 0.00 0.00 -0.00 0.00 0.00 -0.00 0.00 0.00 -0.00 0.00 0.00 -0.00 0.00 0.00 -0.00 0.00 0.00 -0.00 0.00 0.00 -0.00 0.00 0.00 -0.00 0.00 0.00 -0.00 0.00 0.00 -0.00 0.00 0.00 -0.00 0.00 0.00 -0.00 0.00 0.00 -0.00 0.00 0.00 -0.00 0.00 0.00 -0.00 0.00 0.00 -0.00 0.00 0.00 -0.00 0.00 0.00 -0.00 0.00 0.00 -0.00 0.00 0.00 -0.00 0.00 0.00 -0.00 0.00
-0.0000 0.0266 0.0000 0.00 -0.00 0.00 0.00 -0.00 0.00 0.00 -0.00 0.00 0.00 -0.00 0.00 0.00 -0.00 0.00 0.00 -0.00 0.00 0.00 -0.00 0.00 0.00 -0.00 0.00 0.00 -0.00 0.00 0.00 -0.00 0.00 0.00 -0.00 0.00 0.00 -0.00 0.00 0.00 -0.00 0.00 0.00 -0.00 0.00 0.00 -0.00 0.00 0.00 -0.00 0.00 0.00 -0.00 0.00 0.00 -0.00 0.00 69.06 -37.95 134.56 -0.00 23.42 -0.00 -6.28 10.14 20.11 -1.35 12.81 32.73 0.00 0.00 -0.00 2.00 -0.02 0.61 -0.05 -0.29 8.55 -0.04 -0.15 4.31 0.00 0.00 -0.00 0.00 -0.00 1.62 -0.00 -0.00 16.38 0.00 -0.00 8.49 0.00 0.00 -0.00 -2.00 0.08 2.24 0.26 0.63 19.89 0.20 0.31 10.45 0.00 0.00 -0.00 -4.00 0.02 0.25 0.02 0.30 4.33 0.02 0.15 2.15 0.00 -0.00 0.00 0.00 -0.00 0.00 0.00 -0.00 0.00 0.00 -0.00 0.00 0.00 -0.00 0.00 0.00 -0.00 0.00 0.00 -0.00 0.00 0.00 -0.00 0.00 0.00 -0.00 0.00 0.00 -0.00 0.00 0.00 -0.00 0.00 0.00 -0.00 0.00 0.00 -0.00 0.00 0.00 -0.00 0.00 0.00 -0.00 0.00 0.00 -0.00 0.00 0.00 -0.00 0.00 0.00 -0.00 0.00 0.00 -0.00 0.00 0.00 -0.00 0.00 0.00 -0.00 0.00 0.00 -0.00 0.00 0.00 -0.00 0.00
-0.0000 0.0272 0.0000 0.00 -0.00 0.00 0.00 -0.00 0.00 0.00 -0.00 0.00 0.00 -0.00 0.00 0.00 -0.00 0.00 0.00 -0.00 0.00 0.00 -0.00 0.00 0.00 -0.00 0.00 0.00 -0.00 0.00 0.00 -0.00 0.00 0.00 -0.00 0.00 0.00 -0.00 0.00 0.00 -0.00 0.00 0.00 -0.00 0.00 0.00 -0.00 0.00 0.00 -0.00 0.00 0.00 -0.00 0.00 0.00 -0.00 0.00 69.06 -37.95 134.56 -0.00 23.42 -0.00 -6.28 10.14 20.11 -1.35 12.81 32.73 0.00 0.00 -0.00 2.00 -0.02 0.61 -0.05 -0.29 8.55 -0.04 -0.15 4.31 0.00 0.00 -0.00 0.00 -0.00 1.62 -0.00 -0.00 16.38 0.00 -0.00 8.49 0.00 0.00 -0.00 -2.00 0.08 2.24 0.26 0.63 19.89 0.20 0.31 10.45 0.00 0.00 -0.00 -4.00 0.02 0.25 0.02 0.30 4.33 0.02 0.15 2.15 0.00 -0.00 0.00 0.00 -0.00 0.00 0.00 -0.00 0.00 0.00 -0.00 0.00 0.00 -0.00 0.00 0.00 -0.00 0.00 0.00 -0.00 0.00 0.00 -0.00 0.00 0.00 -0.00 0.00 0.00 -0.00 0.00 0.00 -0.00 0.00 0.00 -0.00 0.00 0.00 -0.00 0.00 0.00 -0.00 0.00 0.00 -0.00 0.00 0.00 -0.00 0.00 0.00 -0.00 0.00 0.00 -0.00 0.00 0.00 -0.00 0.00 0.00 -0.00 0.00 0.00 -0.00 0.00 0.00 -0.00 0.00 0.00 -0.00 0.00
-0.0000 0.0278 0.0000 0.00 -0.00 0.00 0.00 -0.00 0.00 0.00 -0.00 0.00 0.00 -0.00 0.00 0.00 -0.00 0.00 0.00 -0.00 0.00 0.00 -0.00 0.00 0.00 -0.00 0.00 0.00 -0.00 0.00 0.00 -0.00 0.00 0.00 -0.00 0.00 0.00 -0.00 0.00 0.00 -0.00 0.00 0.00 -0.00 0.00 0.00 -0.00 0.00 0.00 -0.00 0.00 0.00 -0.00 0.00 0.00 -0.00 0.00 69.06 -37.95 134.56 -0.00 23.42 -0.00 -6.28 10.14 20.11 -1.35 12.81 32.73 0.00 0.00 -0.00 2.00 -0.02 0.61 -0.05 -0.29 8.55 -0.04 -0.15 4.31 0.00 0.00 -0.00 0.00 -0.00 1.62 -0.00 -0.00 16.38 0.00 -0.00 8.49 0.00 0.00 -0.00 -2.00 0.08 2.24 0.26 0.63 19.89 0.20 0.31 10.45 0.00 0.00 -0.00 -4.00 0.02 0.25 0.02 0.30 4.33 0.02 0.15 2.15 0.00 -0.00 0.00 0.00 -0.00 0.00 0.00 -0.00 0.00 0.00 -0.00 0.00 0.00 -0.00 0.00 0.00 -0.00 0.00 0.00 -0.00 0.00 0.00 -0.00 0.00 0.00 -0.00 0.00 0.00 -0.00 0.00 0.00 -0.00 0.00 0.00 -0.00 0.00 0.00 -0.00 0.00 0.00 -0.00 0.00 0.00 -0.00 0.00 0.00 -0.00 0.00 0.00 -0.00 0.00 0.00 -0.00 0.00 0.00 -0.00 0.00 0.00 -0.00 0.00 0.00 -0.00 0.00 0.00 -0.00 0.00 0.00 -0.00 0.00
-0.0000 0.0269 0.0000 0.00 -0.00 0.00 0.00 -0.00 0.00 0.00 -0.00 0.00 0.00 -0.00 0.00 0.00 -0.00 0.00 0.00 -0.00 0.00 0.00 -0.00 0.00 0.00 -0.00 0.00 0.00 -0.00 0.00 0.00 -0.00 0.00 0.00 -0.00 0.00 0.00 -0.00 0.00 0.00 -0.00 0.00 0.00 -0.00 0.00 0.00 -0.00 0.00 0.00 -0.00 0.00 0.00 -0.00 0.00 0.00 -0.00 0.00 69.06 -37.95 134.56 -0.00 23.42 -0.00 -6.28 10.14 20.11 -1.35 12.81 32.73 0.00 0.00 -0.00 2.00 -0.02 0.61 -0.05 -0.29 8.55 -0.04 -0.15 4.31 0.00 0.00 -0.00 0.00 -0.00 1.62 -0.00 -0.00 16.38 0.00 -0.00 8.49 0.00 0.00 -0.00 -2.00 0.08 2.24 0.26 0.63 19.89 0.20 0.31 10.45 0.00 0.00 -0.00 -4.00 0.02 0.25 0.02 0.30 4.33 0.02 0.15 2.15 0.00 -0.00 0.00 0.00 -0.00 0.00 0.00 -0.00 0.00 0.00 -0.00 0.00 0.00 -0.00 0.00 0.00 -0.00 0.00 0.00 -0.00 0.00 0.00 -0.00 0.00 0.00 -0.00 0.00 0.00 -0.00 0.00 0.00 -0.00 0.00 0.00 -0.00 0.00 0.00 -0.00 0.00 0.00 -0.00 0.00 0.00 -0.00 0.00 0.00 -0.00 0.00 0.00 -0.00 0.00 0.00 -0.00 0.00 0.00 -0.00 0.00 0.00 -0.00 0.00 0.00 -0.00 0.00 0.00 -0.00 0.00 0.00 -0.00 0.00
-0.0000 0.0273 0.0000 0.00 -0.00 0.00 0.00 -0.00 0.00 0.00 -0.00 0.00 0.00 -0.00 0.00 0.00 -0.00 0.00 0.00 -0.00 0.00 0.00 -0.00 0.00 0.00 -0.00 0.00 0.00 -0.00 0.00 0.00 -0.00 0.00 0.00 -0.00 0.00 0.00 -0.00 0.00 0.00 -0.00 0.00 0.00 -0.00 0.00 0.00 -0.00 0.00 0.00 -0.00 0.00 0.00 -0.00 0.00 0.00 -0.00 0.00 69.06 -37.95 134.56 -0.00 23.42 -0.00 -6.28 10.14 20.11 -1.35 12.81 32.73 0.00 0.00 -0.00 2.00 -0.02 0.61 -0.05 -0.29 8.55 -0.04 -0.15 4.31 0.00 0.00 -0.00 0.00 -0.00 1.62 -0.00 -0.00 16.38 0.00 -0.00 8.49 0.00 0.00 -0.00 -2.00 0.08 2.24 0.26 0.63 19.89 0.20 0.31 10.45 0.00 0.00 -0.00 -4.00 0.02 0.25 0.02 0.30 4.33 0.02 0.15 2.15 0.00 -0.00 0.00 0.00 -0.00 0.00 0.00 -0.00 0.00 0.00 -0.00 0.00 0.00 -0.00 0.00 0.00 -0.00 0.00 0.00 -0.00 0.00 0.00 -0.00 0.00 0.00 -0.00 0.00 0.00 -0.00 0.00 0.00 -0.00 0.00 0.00 -0.00 0.00 0.00 -0.00 0.00 0.00 -0.00 0.00 0.00 -0.00 0.00 0.00 -0.00 0.00 0.00 -0.00 0.00 0.00 -0.00 0.00 0.00 -0.00 0.00 0.00 -0.00 0.00 0.00 -0.00 0.00 0.00 -0.00 0.00 0.00 -0.00 0.00
-0.0000 0.0278 0.0000 0.00 -0.00 0.00 0.00 -0.00 0.00 0.00 -0.00 0.00 0.00 -0.00 0.00 0.00 -0.00 0.00 0.00 -0.00 0.00 0.00 -0.00 0.00 0.00 -0.00 0.00 0.00 -0.00 0.00 0.00 -0.00 0.00 0.00 -0.00 0.00 0.00 -0.00 0.00 0.00 -0.00 0.00 0.00 -0.00 0.00 0.00 -0.00 0.00 0.00 -0.00 0.00 0.00 -0.00 0.00 0.00 -0.00 0.00 69.06 -37.95 134.56 -0.00 23.42 -0.00 -6.28 10.14 20.11 -1.35 12.81 32.73 0.00 0.00 -0.00 2.00 -0.02 0.61 -0.05 -0.29 8.55 -0.04 -0.15 4.31 0.00 0.00 -0.00 0.00 -0.00 1.62 -0.00 -0.00 16.38 0.00 -0.00 8.49 0.00 0.00 -0.00 -2.00 0.08 2.24 0.26 0.63 19.89 0.20 0.31 10.45 0.00 0.00 -0.00 -4.00 0.02 0.25 0.02 0.30 4.33 0.02 0.15 2.15 0.00 -0.00 0.00 0.00 -0.00 0.00 0.00 -0.00 0.00 0.00 -0.00 0.00 0.00 -0.00 0.00 0.00 -0.00 0.00 0.00 -0.00 0.00 0.00 -0.00 0.00 0.00 -0.00 0.00 0.00 -0.00 0.00 0.00 -0.00 0.00 0.00 -0.00 0.00 0.00 -0.00 0.00 0.00 -0.00 0.00 0.00 -0.00 0.00 0.00 -0.00 0.00 0.00 -0.00 0.00 0.00 -0.00 0.00 0.00 -0.00 0.00 0.00 -0.00 0.00 0.00 -0.00 0.00 0.00 -0.00 0.00 0.00 -0.00 0.00
-0.0000 0.0274 0.0000 0.00 -0.00 0.00 0.00 -0.00 0.00 0.00 -0.00 0.00 0.00 -0.00 0.00 0.00 -0.00 0.00 0.00 -0.00 0.00 0.00 -0.00 0.00 0.00 -0.00 0.00 0.00 -0.00 0.00 0.00 -0.00 0.00 0.00 -0.00 0.00 0.00 -0.00 0.00 0.00 -0.00 0.00 0.00 -0.00 0.00 0.00 -0.00 0.00 0.00 -0.00 0.00 0.00 -0.00 0.00 0.00 -0.00 0.00 69.06 -37.95 134.56 -0.00 23.42 -0.00 -6.28 10.14 20.11 -1.35 12.81 32.73 0.00 0.00 -0.00 2.00 -0.02 0.61 -0.05 -0.29 8.55 -0.04 -0.15 4.31 0.00 0.00 -0.00 0.00 -0.00 1.62 -0.00 -0.00 16.38 0.00 -0.00 8.49 0.00 0.00 -0.00 -2.00 0.08 2.24 0.26 0.63 19.89 0.20 0.31 10.45 0.00 0.00 -0.00 -4.00 0.02 0.25 0.02 0.30 4.33 0.02 0.15 2.15 0.00 -0.00 0.00 0.00 -0.00 0.00 0.00 -0.00 0.00 0.00 -0.00 0.00 0.00 -0.00 0.00 0.00 -0.00 0.00 0.00 -0.00 0.00 0.00 -0.00 0.00 0.00 -0.00 0.00 0.00 -0.00 0.00 0.00 -0.00 0.00 0.00 -0.00 0.00 0.00 -0.00 0.00 0.00 -0.00 0.00 0.00 -0.00 0.00 0.00 -0.00 0.00 0.00 -0.00 0.00 0.00 -0.00 0.00 0.00 -0.00 0.00 0.00 -0.00 0.00 0.00 -0.00 0.00 0.00 -0.00 0.00 0.00 -0.00 0.00
-0.0000 0.0276 0.0000 0.00 -0.00 0.00 0.00 -0.00 0.00 0.00 -0.00 0.00 0.00 -0.00 0.00 0.00 -0.00 0.00 0.00 -0.00 0.00 0.00 -0.00 0.00 0.00 -0.00 0.00 0.00 -0.00 0.00 0.00 -0.00 0.00 0.00 -0.00 0.00 0.00 -0.00 0.00 0.00 -0.00 0.00 0.00 -0.00 0.00 0.00 -0.00 0.00 0.00 -0.00 0.00 0.00 -0.00 0.00 0.00 -0.00 0.00 69.06 -37.95 134.56 -0.00 23.42 -0.00 -6.28 10.14 20.11 -1.35 12.81 32.73 0.00 0.00 -0.00 2.00 -0.02 0.61 -0.05 -0.29 8.55 -0.04 -0.15 4.31 0.00 0.00 -0.00 0.00 -0.00 1.62 -0.00 -0.00 16.38 0.00 -0.00 8.49 0.00 0.00 -0.00 -2.00 0.08 2.24 0.26 0.63 19.89 0.20 0.31 10.45 0.00 0.00 -0.00 -4.00 0.02 0.25 0.02 0.30 4.33 0.02 0.15 2.15 0.00 -0.00 0.00 0.00 -0.00 0.00 0.00 -0.00 0.00 0.00 -0.00 0.00 0.00 -0.00 0.00 0.00 -0.00 0.00 0.00 -0.00 0.00 0.00 -0.00 0.00 0.00 -0.00 0.00 0.00 -0.00 0.00 0.00 -0.00 0.00 0.00 -0.00 0.00 0.00 -0.00 0.00 0.00 -0.00 0.00 0.00 -0.00 0.00 0.00 -0.00 0.00 0.00 -0.00 0.00 0.00 -0.00 0.00 0.00 -0.00 0.00 0.00 -0.00 0.00 0.00 -0.00 0.00 0.00 -0.00 0.00 0.00 -0.00 0.00
-0.0000 0.0280 0.0000 0.00 -0.00 0.00 0.00 -0.00 0.00 0.00 -0.00 0.00 0.00 -0.00 0.00 0.00 -0.00 0.00 0.00 -0.00 0.00 0.00 -0.00 0.00 0.00 -0.00 0.00 0.00 -0.00 0.00 0.00 -0.00 0.00 0.00 -0.00 0.00 0.00 -0.00 0.00 0.00 -0.00 0.00 0.00 -0.00 0.00 0.00 -0.00 0.00 0.00 -0.00 0.00 0.00 -0.00 0.00 0.00 -0.00 0.00 69.06 -37.95 134.56 -0.00 23.42 -0.00 -6.28 10.14 20.11 -1.35 12.81 32.73 0.00 0.00 -0.00 2.00 -0.02 0.61 -0.05 -0.29 8.55 -0.04 -0.15 4.31 0.00 0.00 -0.00 0.00 -0.00 1.62 -0.00 -0.00 16.38 0.00 -0.00 8.49 0.00 0.00 -0.00 -2.00 0.08 2.24 0.26 0.63 19.89 0.20 0.31 10.45 0.00 0.00 -0.00 -4.00 0.02 0.25 0.02 0.30 4.33 0.02 0.15 2.15 0.00 -0.00 0.00 0.00 -0.00 0.00 0.00 -0.00 0.00 0.00 -0.00 0.00 0.00 -0.00 0.00 0.00 -0.00 0.00 0.00 -0.00 0.00 0.00 -0.00 0.00 0.00 -0.00 0.00 0.00 -0.00 0.00 0.00 -0.00 0.00 0.00 -0.00 0.00 0.00 -0.00 0.00 0.00 -0.00 0.00 0.00 -0.00 0.00 0.00 -0.00 0.00 0.00 -0.00 0.00 0.00 -0.00 0.00 0.00 -0.00 0.00 0.00 -0.00 0.00 0.00 -0.00 0.00 0.00 -0.00 0.00 0.00 -0.00 0.00
-0.0000 0.0273 0.0000 0.00 -0.00 0.00 0.00 -0.00 0.00 0.00 -0.00 0.00 0.00 -0.00 0.00 0.00 -0.00 0.00 0.00 -0.00 0.00 0.00 -0.00 0.00 0.00 -0.00 0.00 0.00 -0.00 0.00 0.00 -0.00 0.00 0.00 -0.00 0.00 0.00 -0.00 0.00 0.00 -0.00 0.00 0.00 -0.00 0.00 0.00 -0.00 0.00 0.00 -0.00 0.00 0.00 -0.00 0.00 0.00 -0.00 0.00 69.06 -37.95 134.56 -0.00 23.42 -0.00 -6.28 10.14 20.11 -1.35 12.81 32.73 0.00 0.00 -0.00 2.00 -0.02 0.61 -0.05 -0.29 8.55 -0.04 -0.15 4.31 0.00 0.00 -0.00 0.00 -0.00 1.62 -0.00 -0.00 16.38 0.00 -0.00 8.49 0.00 0.00 -0.00 -2.00 0.08 2.24 0.26 0.63 19.89 0.20 0.31 10.45 0.00 0.00 -0.00 -4.00 0.02 0.25 0.02 0.30 4.33 0.02 0.15 2.15 0.00 -0.00 0.00 0.00 -0.00 0.00 0.00 -0.00 0.00 0.00 -0.00 0.00 0.00 -0.00 0.00 0.00 -0.00 0.00 0.00 -0.00 0.00 0.00 -0.00 0.00 0.00 -0.00 0.00 0.00 -0.00 0.00 0.00 -0.00 0.00 0.00 -0.00 0.00 0.00 -0.00 0.00 0.00 -0.00 0.00 0.00 -0.00 0.00 0.00 -0.00 0.00 0.00 -0.00 0.00 0.00 -0.00 0.00 0.00 -0.00 0.00 0.00 -0.00 0.00 0.00 -0.00 0.00 0.00 -0.00 0.00 0.00 -0.00 0.00
-0.0000 0.0271 0.0000 0.00 -0.00 0.00 0.00 -0.00 0.00 0.00 -0.00 0.00 0.00 -0.00 0.00 0.00 -0.00 0.00 0.00 -0.00 0.00 0.00 -0.00 0.00 0.00 -0.00 0.00 0.00 -0.00 0.00 0.00 -0.00 0.00 0.00 -0.00 0.00 0.00 -0.00 0.00 0.00 -0.00 0.00 0.00 -0.00 0.00 0.00 -0.00 0.00 0.00 -0.00 0.00 0.00 -0.00 0.00 0.00 -0.00 0.00 69.06 -37.95 134.56 -0.00 23.42 -0.00 -6.28 10.14 20.11 -1.35 12.81 32.73 0.00 0.00 -0.00 2.00 -0.02 0.61 -0.05 -0.29 8.55 -0.04 -0.15 4.31 0.00 0.00 -0.00 0.00 -0.00 1.62 -0.00 -0.00 16.38 0.00 -0.00 8.49 0.00 0.00 -0.00 -2.00 0.08 2.24 0.26 0.63 19.89 0.20 0.31 10.45 0.00 0.00 -0.00 -4.00 0.02 0.25 0.02 0.30 4.33 0.02 0.15 2.15 0.00 -0.00 0.00 0.00 -0.00 0.00 0.00 -0.00 0.00 0.00 -0.00 0.00 0.00 -0.00 0.00 0.00 -0.00 0.00 0.00 -0.00 0.00 0.00 -0.00 0.00 0.00 -0.00 0.00 0.00 -0.00 0.00 0.00 -0.00 0.00 0.00 -0.00 0.00 0.00 -0.00 0.00 0.00 -0.00 0.00 0.00 -0.00 0.00 0.00 -0.00 0.00 0.00 -0.00 0.00 0.00 -0.00 0.00 0.00 -0.00 0.00 0.00 -0.00 0.00 0.00 -0.00 0.00 0.00 -0.00 0.00 0.00 -0.00 0.00
-0.0000 0.0275 0.0000 0.00 -0.00 0.00 0.00 -0.00 0.00 0.00 -0.00 0.00 0.00 -0.00 0.00 0.00 -0.00 0.00 0.00 -0.00 0.00 0.00 -0.00 0.00 0.00 -0.00 0.00 0.00 -0.00 0.00 0.00 -0.00 0.00 0.00 -0.00 0.00 0.00 -0.00 0.00 0.00 -0.00 0.00 0.00 -0.00 0.00 0.00 -0.00 0.00 0.00 -0.00 0.00 0.00 -0.00 0.00 0.00 -0.00 0.00 69.06 -37.95 134.56 -0.00 23.42 -0.00 -6.28 10.14 20.11 -1.35 12.81 32.73 0.00 0.00 -0.00 2.00 -0.02 0.61 -0.05 -0.29 8.55 -0.04 -0.15 4.31 0.00 0.00 -0.00 0.00 -0.00 1.62 -0.00 -0.00 16.38 0.00 -0.00 8.49 0.00 0.00 -0.00 -2.00 0.08 2.24 0.26 0.63 19.89 0.20 0.31 10.45 0.00 0.00 -0.00 -4.00 0.02 0.25 0.02 0.30 4.33 0.02 0.15 2.15 0.00 -0.00 0.00 0.00 -0.00 0.00 0.00 -0.00 0.00 0.00 -0.00 0.00 0.00 -0.00 0.00 0.00 -0.00 0.00 0.00 -0.00 0.00 0.00 -0.00 0.00 0.00 -0.00 0.00 0.00 -0.00 0.00 0.00 -0.00 0.00 0.00 -0.00 0.00 0.00 -0.00 0.00 0.00 -0.00 0.00 0.00 -0.00 0.00 0.00 -0.00 0.00 0.00 -0.00 0.00 0.00 -0.00 0.00 0.00 -0.00 0.00 0.00 -0.00 0.00 0.00 -0.00 0.00 0.00 -0.00 0.00 0.00 -0.00 0.00
-0.0000 0.0273 0.0000 0.00 -0.00 0.00 0.00 -0.00 0.00 0.00 -0.00 0.00 0.00 -0.00 0.00 0.00 -0.00 0.00 0.00 -0.00 0.00 0.00 -0.00 0.00 0.00 -0.00 0.00 0.00 -0.00 0.00 0.00 -0.00 0.00 0.00 -0.00 0.00 0.00 -0.00 0.00 0.00 -0.00 0.00 0.00 -0.00 0.00 0.00 -0.00 0.00 0.00 -0.00 0.00 0.00 -0.00 0.00 0.00 -0.00 0.00 69.06 -37.95 134.56 -0.00 23.42 -0.00 -6.28 10.14 20.11 -1.35 12.81 32.73 0.00 0.00 -0.00 2.00 -0.02 0.61 -0.05 -0.29 8.55 -0.04 -0.15 4.31 0.00 0.00 -0.00 0.00 -0.00 1.62 -0.00 -0.00 16.38 0.00 -0.00 8.49 0.00 0.00 -0.00 -2.00 0.08 2.24 0.26 0.63 19.89 0.20 0.31 10.45 0.00 0.00 -0.00 -4.00 0.02 0.25 0.02 0.30 4.33 0.02 0.15 2.15 0.00 -0.00 0.00 0.00 -0.00 0.00 0.00 -0.00 0.00 0.00 -0.00 0.00 0.00 -0.00 0.00 0.00 -0.00 0.00 0.00 -0.00 0.00 0.00 -0.00 0.00 0.00 -0.00 0.00 0.00 -0.00 0.00 0.00 -0.00 0.00 0.00 -0.00 0.00 0.00 -0.00 0.00 0.00 -0.00 0.00 0.00 -0.00 0.00 0.00 -0.00 0.00 0.00 -0.00 0.00 0.00 -0.00 0.00 0.00 -0.00 0.00 0.00 -0.00 0.00 0.00 -0.00 0.00 0.00 -0.00 0.00 0.00 -0.00 0.00
-0.0000 0.0278 0.0000 0.00 -0.00 0.00 0.00 -0.00 0.00 0.00 -0.00 0.00 0.00 -0.00 0.00 0.00 -0.00 0.00 0.00 -0.00 0.00 0.00 -0.00 0.00 0.00 -0.00 0.00 0.00 -0.00 0.00 0.00 -0.00 0.00 0.00 -0.00 0.00 0.00 -0.00 0.00 0.00 -0.00 0.00 0.00 -0.00 0.00 0.00 -0.00 0.00 0.00 -0.00 0.00 0.00 -0.00 0.00 0.00 -0.00 0.00 69.06 -37.95 134.56 -0.00 23.42 -0.00 -6.28 10.14 20.11 -1.35 12.81 32.73 0.00 0.00 -0.00 2.00 -0.02 0.61 -0.05 -0.29 8.55 -0.04 -0.15 4.31 0.00 0.00 -0.00 0.00 -0.00 1.62 -0.00 -0.00 16.38 0.00 -0.00 8.49 0.00 0.00 -0.00 -2.00 0.08 2.24 0.26 0.63 19.89 0.20 0.31 10.45 0.00 0.00 -0.00 -4.00 0.02 0.25 0.02 0.30 4.33 0.02 0.15 2.15 0.00 -0.00 0.00 0.00 -0.00 0.00 0.00 -0.00 0.00 0.00 -0.00 0.00 0.00 -0.00 0.00 0.00 -0.00 0.00 0.00 -0.00 0.00 0.00 -0.00 0.00 0.00 -0.00 0.00 0.00 -0.00 0.00 0.00 -0.00 0.00 0.00 -0.00 0.00 0.00 -0.00 0.00 0.00 -0.00 0.00 0.00 -0.00 0.00 0.00 -0.00 0.00 0.00 -0.00 0.00 0.00 -0.00 0.00 0.00 -0.00 0.00 0.00 -0.00 0.00 0.00 -0.00 0.00 0.00 -0.00 0.00 0.00 -0.00 0.00
-0.0000 0.0275 0.0000 0.00 -0.00 0.00 0.00 -0.00 0.00 0.00 -0.00 0.00 0.00 -0.00 0.00 0.00 -0.00 0.00 0.00 -0.00 0.00 0.00 -0.00 0.00 0.00 -0.00 0.00 0.00 -0.00 0.00 0.00 -0.00 0.00 0.00 -0.00 0.00 0.00 -0.00 0.00 0.00 -0.00 0.00 0.00 -0.00 0.00 0.00 -0.00 0.00 0.00 -0.00 0.00 0.00 -0.00 0.00 0.00 -0.00 0.00 69.06 -37.95 134.56 -0.00 23.42 -0.00 -6.28 10.14 20.11 -1.35 12.81 32.73 0.00 0.00 -0.00 2.00 -0.02 0.61 -0.05 -0.29 8.55 -0.04 -0.15 4.31 0.00 0.00 -0.00 0.00 -0.00 1.62 -0.00 -0.00 16.38 0.00 -0.00 8.49 0.00 0.00 -0.00 -2.00 0.08 2.24 0.26 0.63 19.89 0.20 0.31 10.45 0.00 0.00 -0.00 -4.00 0.02 0.25 0.02 0.30 4.33 0.02 0.15 2.15 0.00 -0.00 0.00 0.00 -0.00 0.00 0.00 -0.00 0.00 0.00 -0.00 0.00 0.00 -0.00 0.00 0.00 -0.00 0.00 0.00 -0.00 0.00 0.00 -0.00 0.00 0.00 -0.00 0.00 0.00 -0.00 0.00 0.00 -0.00 0.00 0.00 -0.00 0.00 0.00 -0.00 0.00 0.00 -0.00 0.00 0.00 -0.00 0.00 0.00 -0.00 0.00 0.00 -0.00 0.00 0.00 -0.00 0.00 0.00 -0.00 0.00 0.00 -0.00 0.00 0.00 -0.00 0.00 0.00 -0.00 0.00 0.00 -0.00 0.00
-0.0000 0.0265 0.0000 0.00 -0.00 0.00 0.00 -0.00 0.00 0.00 -0.00 0.00 0.00 -0.00 0.00 0.00 -0.00 0.00 0.00 -0.00 0.00 0.00 -0.00 0.00 0.00 -0.00 0.00 0.00 -0.00 0.00 0.00 -0.00 0.00 0.00 -0.00 0.00 0.00 -0.00 0.00 0.00 -0.00 0.00 0.00 -0.00 0.00 0.00 -0.00 0.00 0.00 -0.00 0.00 0.00 -0.00 0.00 0.00 -0.00 0.00 69.06 -37.95 134.56 -0.00 23.42 -0.00 -6.28 10.14 20.11 -1.35 12.81 32.73 0.00 0.00 -0.00 2.00 -0.02 0.61 -0.05 -0.29 8.55 -0.04 -0.15 4.31 0.00 0.00 -0.00 0.00 -0.00 1.62 -0.00 -0.00 16.38 0.00 -0.00 8.49 0.00 0.00 -0.00 -2.00 0.08 2.24 0.26 0.63 19.89 0.20 0.31 10.45 0.00 0.00 -0.00 -4.00 0.02 0.25 0.02 0.30 4.33 0.02 0.15 2.15 0.00 -0.00 0.00 0.00 -0.00 0.00 0.00 -0.00 0.00 0.00 -0.00 0.00 0.00 -0.00 0.00 0.00 -0.00 0.00 0.00 -0.00 0.00 0.00 -0.00 0.00 0.00 -0.00 0.00 0.00 -0.00 0.00 0.00 -0.00 0.00 0.00 -0.00 0.00 0.00 -0.00 0.00 0.00 -0.00 0.00 0.00 -0.00 0.00 0.00 -0.00 0.00 0.00 -0.00 0.00 0.00 -0.00 0.00 0.00 -0.00 0.00 0.00 -0.00 0.00 0.00 -0.00 0.00 0.00 -0.00 0.00 0.00 -0.00 0.00
-0.0000 0.0276 0.0000 0.00 -0.00 0.00 0.00 -0.00 0.00 0.00 -0.00 0.00 0.00 -0.00 0.00 0.00 -0.00 0.00 0.00 -0.00 0.00 0.00 -0.00 0.00 0.00 -0.00 0.00 0.00 -0.00 0.00 0.00 -0.00 0.00 0.00 -0.00 0.00 0.00 -0.00 0.00 0.00 -0.00 0.00 0.00 -0.00 0.00 0.00 -0.00 0.00 0.00 -0.00 0.00 0.00 -0.00 0.00 0.00 -0.00 0.00 69.06 -37.95 134.56 -0.00 23.42 -0.00 -6.28 10.14 20.11 -1.35 12.81 32.73 0.00 0.00 -0.00 2.00 -0.02 0.61 -0.05 -0.29 8.55 -0.04 -0.15 4.31 0.00 0.00 -0.00 0.00 -0.00 1.62 -0.00 -0.00 16.38 0.00 -0.00 8.49 0.00 0.00 -0.00 -2.00 0.08 2.24 0.26 0.63 19.89 0.20 0.31 10.45 0.00 0.00 -0.00 -4.00 0.02 0.25 0.02 0.30 4.33 0.02 0.15 2.15 0.00 -0.00 0.00 0.00 -0.00 0.00 0.00 -0.00 0.00 0.00 -0.00 0.00 0.00 -0.00 0.00 0.00 -0.00 0.00 0.00 -0.00 0.00 0.00 -0.00 0.00 0.00 -0.00 0.00 0.00 -0.00 0.00 0.00 -0.00 0.00 0.00 -0.00 0.00 0.00 -0.00 0.00 0.00 -0.00 0.00 0.00 -0.00 0.00 0.00 -0.00 0.00 0.00 -0.00 0.00 0.00 -0.00 0.00 0.00 -0.00 0.00 0.00 -0.00 0.00 0.00 -0.00 0.00 0.00 -0.00 0.00 0.00 -0.00 0.00
-0.0000 0.0284 0.0000 0.00 -0.00 0.00 0.00 -0.00 0.00 0.00 -0.00 0.00 0.00 -0.00 0.00 0.00 -0.00 0.00 0.00 -0.00 0.00 0.00 -0.00 0.00 0.00 -0.00 0.00 0.00 -0.00 0.00 0.00 -0.00 0.00 0.00 -0.00 0.00 0.00 -0.00 0.00 0.00 -0.00 0.00 0.00 -0.00 0.00 0.00 -0.00 0.00 0.00 -0.00 0.00 0.00 -0.00 0.00 0.00 -0.00 0.00 69.06 -37.95 134.56 -0.00 23.42 -0.00 -6.28 10.14 20.11 -1.35 12.81 32.73 0.00 0.00 -0.00 2.00 -0.02 0.61 -0.05 -0.29 8.55 -0.04 -0.15 4.31 0.00 0.00 -0.00 0.00 -0.00 1.62 -0.00 -0.00 16.38 0.00 -0.00 8.49 0.00 0.00 -0.00 -2.00 0.08 2.24 0.26 0.63 19.89 0.20 0.31 10.45 0.00 0.00 -0.00 -4.00 0.02 0.25 0.02 0.30 4.33 0.02 0.15 2.15 0.00 -0.00 0.00 0.00 -0.00 0.00 0.00 -0.00 0.00 0.00 -0.00 0.00 0.00 -0.00 0.00 0.00 -0.00 0.00 0.00 -0.00 0.00 0.00 -0.00 0.00 0.00 -0.00 0.00 0.00 -0.00 0.00 0.00 -0.00 0.00 0.00 -0.00 0.00 0.00 -0.00 0.00 0.00 -0.00 0.00 0.00 -0.00 0.00 0.00 -0.00 0.00 0.00 -0.00 0.00 0.00 -0.00 0.00 0.00 -0.00 0.00 0.00 -0.00 0.00 0.00 -0.00 0.00 0.00 -0.00 0.00 0.00 -0.00 0.00
-0.0000 0.0277 0.0000 0.00 -0.00 0.00 0.00 -0.00 0.00 0.00 -0.00 0.00 0.00 -0.00 0.00 0.00 -0.00 0.00 0.00 -0.00 0.00 0.00 -0.00 0.00 0.00 -0.00 0.00 0.00 -0.00 0.00 0.00 -0.00 0.00 0.00 -0.00 0.00 0.00 -0.00 0.00 0.00 -0.00 0.00 0.00 -0.00 0.00 0.00 -0.00 0.00 0.00 -0.00 0.00 0.00 -0.00 0.00 0.00 -0.00 0.00 69.06 -37.95 134.56 -0.00 23.42 -0.00 -6.28 10.14 20.11 -1.35 12.81 32.73 0.00 0.00 -0.00 2.00 -0.02 0.61 -0.05 -0.29 8.55 -0.04 -0.15 4.31 0.00 0.00 -0.00 0.00 -0.00 1.62 -0.00 -0.00 16.38 0.00 -0.00 8.49 0.00 0.00 -0.00 -2.00 0.08 2.24 0.26 0.63 19.89 0.20 0.31 10.45 0.00 0.00 -0.00 -4.00 0.02 0.25 0.02 0.30 4.33 0.02 0.15 2.15 0.00 -0.00 0.00 0.00 -0.00 0.00 0.00 -0.00 0.00 0.00 -0.00 0.00 0.00 -0.00 0.00 0.00 -0.00 0.00 0.00 -0.00 0.00 0.00 -0.00 0.00 0.00 -0.00 0.00 0.00 -0.00 0.00 0.00 -0.00 0.00 0.00 -0.00 0.00 0.00 -0.00 0.00 0.00 -0.00 0.00 0.00 -0.00 0.00 0.00 -0.00 0.00 0.00 -0.00 0.00 0.00 -0.00 0.00 0.00 -0.00 0.00 0.00 -0.00 0.00 0.00 -0.00 0.00 0.00 -0.00 0.00 0.00 -0.00 0.00
-0.0000 0.0270 0.0000 0.00 -0.00 0.00 0.00 -0.00 0.00 0.00 -0.00 0.00 0.00 -0.00 0.00 0.00 -0.00 0.00 0.00 -0.00 0.00 0.00 -0.00 0.00 0.00 -0.00 0.00 0.00 -0.00 0.00 0.00 -0.00 0.00 0.00 -0.00 0.00 0.00 -0.00 0.00 0.00 -0.00 0.00 0.00 -0.00 0.00 0.00 -0.00 0.00 0.00 -0.00 0.00 0.00 -0.00 0.00 0.00 -0.00 0.00 69.06 -37.95 134.56 -0.00 23.42 -0.00 -6.28 10.14 20.11 -1.35 12.81 32.73 0.00 0.00 -0.00 2.00 -0.02 0.61 -0.05 -0.29 8.55 -0.04 -0.15 4.31 0.00 0.00 -0.00 0.00 -0.00 1.62 -0.00 -0.00 16.38 0.00 -0.00 8.49 0.00 0.00 -0.00 -2.00 0.08 2.24 0.26 0.63 19.89 0.20 0.31 10.45 0.00 0.00 -0.00 -4.00 0.02 0.25 0.02 0.30 4.33 0.02 0.15 2.15 0.00 -0.00 0.00 0.00 -0.00 0.00 0.00 -0.00 0.00 0.00 -0.00 0.00 0.00 -0.00 0.00 0.00 -0.00 0.00 0.00 -0.00 0.00 0.00 -0.00 0.00 0.00 -0.00 0.00 0.00 -0.00 0.00 0.00 -0.00 0.00 0.00 -0.00 0.00 0.00 -0.00 0.00 0.00 -0.00 0.00 0.00 -0.00 0.00 0.00 -0.00 0.00 0.00 -0.00 0.00 0.00 -0.00 0.00 0.00 -0.00 0.00 0.00 -0.00 0.00 0.00 -0.00 0.00 0.00 -0.00 0.00 0.00 -0.00 0.00
-0.0000 0.0272 0.0000 0.00 -0.00 0.00 0.00 -0.00 0.00 0.00 -0.00 0.00 0.00 -0.00 0.00 0.00 -0.00 0.00 0.00 -0.00 0.00 0.00 -0.00 0.00 0.00 -0.00 0.00 0.00 -0.00 0.00 0.00 -0.00 0.00 0.00 -0.00 0.00 0.00 -0.00 0.00 0.00 -0.00 0.00 0.00 -0.00 0.00 0.00 -0.00 0.00 0.00 -0.00 0.00 0.00 -0.00 0.00 0.00 -0.00 0.00 69.06 -37.95 134.56 -0.00 23.42 -0.00 -6.28 10.14 20.11 -1.35 12.81 32.73 0.00 0.00 -0.00 2.00 -0.02 0.61 -0.05 -0.29 8.55 -0.04 -0.15 4.31 0.00 0.00 -0.00 0.00 -0.00 1.62 -0.00 -0.00 16.38 0.00 -0.00 8.49 0.00 0.00 -0.00 -2.00 0.08 2.24 0.26 0.63 19.89 0.20 0.31 10.45 0.00 0.00 -0.00 -4.00 0.02 0.25 0.02 0.30 4.33 0.02 0.15 2.15 0.00 -0.00 0.00 0.00 -0.00 0.00 0.00 -0.00 0.00 0.00 -0.00 0.00 0.00 -0.00 0.00 0.00 -0.00 0.00 0.00 -0.00 0.00 0.00 -0.00 0.00 0.00 -0.00 0.00 0.00 -0.00 0.00 0.00 -0.00 0.00 0.00 -0.00 0.00 0.00 -0.00 0.00 0.00 -0.00 0.00 0.00 -0.00 0.00 0.00 -0.00 0.00 0.00 -0.00 0.00 0.00 -0.00 0.00 0.00 -0.00 0.00 0.00 -0.00 0.00 0.00 -0.00 0.00 0.00 -0.00 0.00 0.00 -0.00 0.00
-0.0000 0.0278 0.0000 0.00 -0.00 0.00 0.00 -0.00 0.00 0.00 -0.00 0.00 0.00 -0.00 0.00 0.00 -0.00 0.00 0.00 -0.00 0.00 0.00 -0.00 0.00 0.00 -0.00 0.00 0.00 -0.00 0.00 0.00 -0.00 0.00 0.00 -0.00 0.00 0.00 -0.00 0.00 0.00 -0.00 0.00 0.00 -0.00 0.00 0.00 -0.00 0.00 0.00 -0.00 0.00 0.00 -0.00 0.00 0.00 -0.00 0.00 69.06 -37.95 134.56 -0.00 23.42 -0.00 -6.28 10.14 20.11 -1.35 12.81 32.73 0.00 0.00 -0.00 2.00 -0.02 0.61 -0.05 -0.29 8.55 -0.04 -0.15 4.31 0.00 0.00 -0.00 0.00 -0.00 1.62 -0.00 -0.00 16.38 0.00 -0.00 8.49 0.00 0.00 -0.00 -2.00 0.08 2.24 0.26 0.63 19.89 0.20 0.31 10.45 0.00 0.00 -0.00 -4.00 0.02 0.25 0.02 0.30 4.33 0.02 0.15 2.15 0.00 -0.00 0.00 0.00 -0.00 0.00 0.00 -0.00 0.00 0.00 -0.00 0.00 0.00 -0.00 0.00 0.00 -0.00 0.00 0.00 -0.00 0.00 0.00 -0.00 0.00 0.00 -0.00 0.00 0.00 -0.00 0.00 0.00 -0.00 0.00 0.00 -0.00 0.00 0.00 -0.00 0.00 0.00 -0.00 0.00 0.00 -0.00 0.00 0.00 -0.00 0.00 0.00 -0.00 0.00 0.00 -0.00 0.00 0.00 -0.00 0.00 0.00 -0.00 0.00 0.00 -0.00 0.00 0.00 -0.00 0.00 0.00 -0.00 0.00
-0.0000 0.0279 0.0000 0.00 -0.00 0.00 0.00 -0.00 0.00 0.00 -0.00 0.00 0.00 -0.00 0.00 0.00 -0.00 0.00 0.00 -0.00 0.00 0.00 -0.00 0.00 0.00 -0.00 0.00 0.00 -0.00 0.00 0.00 -0.00 0.00 0.00 -0.00 0.00 0.00 -0.00 0.00 0.00 -0.00 0.00 0.00 -0.00 0.00 0.00 -0.00 0.00 0.00 -0.00 0.00 0.00 -0.00 0.00 0.00 -0.00 0.00 69.06 -37.95 134.56 -0.00 23.42 -0.00 -6.28 10.14 20.11 -1.35 12.81 32.73 0.00 0.00 -0.00 2.00 -0.02 0.61 -0.05 -0.29 8.55 -0.04 -0.15 4.31 0.00 0.00 -0.00 0.00 -0.00 1.62 -0.00 -0.00 16.38 0.00 -0.00 8.49 0.00 0.00 -0.00 -2.00 0.08 2.24 0.26 0.63 19.89 0.20 0.31 10.45 0.00 0.00 -0.00 -4.00 0.02 0.25 0.02 0.30 4.33 0.02 0.15 2.15 0.00 -0.00 0.00 0.00 -0.00 0.00 0.00 -0.00 0.00 0.00 -0.00 0.00 0.00 -0.00 0.00 0.00 -0.00 0.00 0.00 -0.00 0.00 0.00 -0.00 0.00 0.00 -0.00 0.00 0.00 -0.00 0.00 0.00 -0.00 0.00 0.00 -0.00 0.00 0.00 -0.00 0.00 0.00 -0.00 0.00 0.00 -0.00 0.00 0.00 -0.00 0.00 0.00 -0.00 0.00 0.00 -0.00 0.00 0.00 -0.00 0.00 0.00 -0.00 0.00 0.00 -0.00 0.00 0.00 -0.00 0.00 0.00 -0.00 0.00
-0.0000 0.0277 0.0000 0.00 -0.00 0.00 0.00 -0.00 0.00 0.00 -0.00 0.00 0.00 -0.00 0.00 0.00 -0.00 0.00 0.00 -0.00 0.00 0.00 -0.00 0.00 0.00 -0.00 0.00 0.00 -0.00 0.00 0.00 -0.00 0.00 0.00 -0.00 0.00 0.00 -0.00 0.00 0.00 -0.00 0.00 0.00 -0.00 0.00 0.00 -0.00 0.00 0.00 -0.00 0.00 0.00 -0.00 0.00 0.00 -0.00 0.00 69.06 -37.95 134.56 -0.00 23.42 -0.00 -6.28 10.14 20.11 -1.35 12.81 32.73 0.00 0.00 -0.00 2.00 -0.02 0.61 -0.05 -0.29 8.55 -0.04 -0.15 4.31 0.00 0.00 -0.00 0.00 -0.00 1.62 -0.00 -0.00 16.38 0.00 -0.00 8.49 0.00 0.00 -0.00 -2.00 0.08 2.24 0.26 0.63 19.89 0.20 0.31 10.45 0.00 0.00 -0.00 -4.00 0.02 0.25 0.02 0.30 4.33 0.02 0.15 2.15 0.00 -0.00 0.00 0.00 -0.00 0.00 0.00 -0.00 0.00 0.00 -0.00 0.00 0.00 -0.00 0.00 0.00 -0.00 0.00 0.00 -0.00 0.00 0.00 -0.00 0.00 0.00 -0.00 0.00 0.00 -0.00 0.00 0.00 -0.00 0.00 0.00 -0.00 0.00 0.00 -0.00 0.00 0.00 -0.00 0.00 0.00 -0.00 0.00 0.00 -0.00 0.00 0.00 -0.00 0.00 0.00 -0.00 0.00 0.00 -0.00 0.00 0.00 -0.00 0.00 0.00 -0.00 0.00 0.00 -0.00 0.00 0.00 -0.00 0.00
-0.0000 0.0274 0.0000 0.00 -0.00 0.00 0.00 -0.00 0.00 0.00 -0.00 0.00 0.00 -0.00 0.00 0.00 -0.00 0.00 0.00 -0.00 0.00 0.00 -0.00 0.00 0.00 -0.00 0.00 0.00 -0.00 0.00 0.00 -0.00 0.00 0.00 -0.00 0.00 0.00 -0.00 0.00 0.00 -0.00 0.00 0.00 -0.00 0.00 0.00 -0.00 0.00 0.00 -0.00 0.00 0.00 -0.00 0.00 0.00 -0.00 0.00 69.06 -37.95 134.56 -0.00 23.42 -0.00 -6.28 10.14 20.11 -1.35 12.81 32.73 0.00 0.00 -0.00 2.00 -0.02 0.61 -0.05 -0.29 8.55 -0.04 -0.15 4.31 0.00 0.00 -0.00 0.00 -0.00 1.62 -0.00 -0.00 16.38 0.00 -0.00 8.49 0.00 0.00 -0.00 -2.00 0.08 2.24 0.26 0.63 19.89 0.20 0.31 10.45 0.00 0.00 -0.00 -4.00 0.02 0.25 0.02 0.30 4.33 0.02 0.15 2.15 0.00 -0.00 0.00 0.00 -0.00 0.00 0.00 -0.00 0.00 0.00 -0.00 0.00 0.00 -0.00 0.00 0.00 -0.00 0.00 0.00 -0.00 0.00 0.00 -0.00 0.00 0.00 -0.00 0.00 0.00 -0.00 0.00 0.00 -0.00 0.00 0.00 -0.00 0.00 0.00 -0.00 0.00 0.00 -0.00 0.00 0.00 -0.00 0.00 0.00 -0.00 0.00 0.00 -0.00 0.00 0.00 -0.00 0.00 0.00 -0.00 0.00 0.00 -0.00 0.00 0.00 -0.00 0.00 0.00 -0.00 0.00 0.00 -0.00 0.00
-0.0000 0.0282 0.0000 0.00 -0.00 0.00 0.00 -0.00 0.00 0.00 -0.00 0.00 0.00 -0.00 0.00 0.00 -0.00 0.00 0.00 -0.00 0.00 0.00 -0.00 0.00 0.00 -0.00 0.00 0.00 -0.00 0.00 0.00 -0.00 0.00 0.00 -0.00 0.00 0.00 -0.00 0.00 0.00 -0.00 0.00 0.00 -0.00 0.00 0.00 -0.00 0.00 0.00 -0.00 0.00 0.00 -0.00 0.00 0.00 -0.00 0.00 69.06 -37.95 134.56 -0.00 23.42 -0.00 -6.28 10.14 20.11 -1.35 12.81 32.73 0.00 0.00 -0.00 2.00 -0.02 0.61 -0.05 -0.29 8.55 -0.04 -0.15 4.31 0.00 0.00 -0.00 0.00 -0.00 1.62 -0.00 -0.00 16.38 0.00 -0.00 8.49 0.00 0.00 -0.00 -2.00 0.08 2.24 0.26 0.63 19.89 0.20 0.31 10.45 0.00 0.00 -0.00 -4.00 0.02 0.25 0.02 0.30 4.33 0.02 0.15 2.15 0.00 -0.00 0.00 0.00 -0.00 0.00 0.00 -0.00 0.00 0.00 -0.00 0.00 0.00 -0.00 0.00 0.00 -0.00 0.00 0.00 -0.00 0.00 0.00 -0.00 0.00 0.00 -0.00 0.00 0.00 -0.00 0.00 0.00 -0.00 0.00 0.00 -0.00 0.00 0.00 -0.00 0.00 0.00 -0.00 0.00 0.00 -0.00 0.00 0.00 -0.00 0.00 0.00 -0.00 0.00 0.00 -0.00 0.00 0.00 -0.00 0.00 0.00 -0.00 0.00 0.00 -0.00 0.00 0.00 -0.00 0.00 0.00 -0.00 0.00
-0.0000 0.0277 0.0000 0.00 -0.00 0.00 0.00 -0.00 0.00 0.00 -0.00 0.00 0.00 -0.00 0.00 0.00 -0.00 0.00 0.00 -0.00 0.00 0.00 -0.00 0.00 0.00 -0.00 0.00 0.00 -0.00 0.00 0.00 -0.00 0.00 0.00 -0.00 0.00 0.00 -0.00 0.00 0.00 -0.00 0.00 0.00 -0.00 0.00 0.00 -0.00 0.00 0.00 -0.00 0.00 0.00 -0.00 0.00 0.00 -0.00 0.00 69.06 -37.95 134.56 -0.00 23.42 -0.00 -6.28 10.14 20.11 -1.35 12.81 32.73 0.00 0.00 -0.00 2.00 -0.02 0.61 -0.05 -0.29 8.55 -0.04 -0.15 4.31 0.00 0.00 -0.00 0.00 -0.00 1.62 -0.00 -0.00 16.38 0.00 -0.00 8.49 0.00 0.00 -0.00 -2.00 0.08 2.24 0.26 0.63 19.89 0.20 0.31 10.45 0.00 0.00 -0.00 -4.00 0.02 0.25 0.02 0.30 4.33 0.02 0.15 2.15 0.00 -0.00 0.00 0.00 -0.00 0.00 0.00 -0.00 0.00 0.00 -0.00 0.00 0.00 -0.00 0.00 0.00 -0.00 0.00 0.00 -0.00 0.00 0.00 -0.00 0.00 0.00 -0.00 0.00 0.00 -0.00 0.00 0.00 -0.00 0.00 0.00 -0.00 0.00 0.00 -0.00 0.00 0.00 -0.00 0.00 0.00 -0.00 0.00 0.00 -0.00 0.00 0.00 -0.00 0.00 0.00 -0.00 0.00 0.00 -0.00 0.00 0.00 -0.00 0.00 0.00 -0.00 0.00 0.00 -0.00 0.00 0.00 -0.00 0.00
-0.0000 0.0269 0.0000 0.00 -0.00 0.00 0.00 -0.00 0.00 0.00 -0.00 0.00 0.00 -0.00 0.00 0.00 -0.00 0.00 0.00 -0.00 0.00 0.00 -0.00 0.00 0.00 -0.00 0.00 0.00 -0.00 0.00 0.00 -0.00 0.00 0.00 -0.00 0.00 0.00 -0.00 0.00 0.00 -0.00 0.00 0.00 -0.00 0.00 0.00 -0.00 0.00 0.00 -0.00 0.00 0.00 -0.00 0.00 0.00 -0.00 0.00 69.06 -37.95 134.56 -0.00 23.42 -0.00 -6.28 10.14 20.11 -1.35 12.81 32.73 0.00 0.00 -0.00 2.00 -0.02 0.61 -0.05 -0.29 8.55 -0.04 -0.15 4.31 0.00 0.00 -0.00 0.00 -0.00 1.62 -0.00 -0.00 16.38 0.00 -0.00 8.49 0.00 0.00 -0.00 -2.00 0.08 2.24 0.26 0.63 19.89 0.20 0.31 10.45 0.00 0.00 -0.00 -4.00 0.02 0.25 0.02 0.30 4.33 0.02 0.15 2.15 0.00 -0.00 0.00 0.00 -0.00 0.00 0.00 -0.00 0.00 0.00 -0.00 0.00 0.00 -0.00 0.00 0.00 -0.00 0.00 0.00 -0.00 0.00 0.00 -0.00 0.00 0.00 -0.00 0.00 0.00 -0.00 0.00 0.00 -0.00 0.00 0.00 -0.00 0.00 0.00 -0.00 0.00 0.00 -0.00 0.00 0.00 -0.00 0.00 0.00 -0.00 0.00 0.00 -0.00 0.00 0.00 -0.00 0.00 0.00 -0.00 0.00 0.00 -0.00 0.00 0.00 -0.00 0.00 0.00 -0.00 0.00 0.00 -0.00 0.00
-0.0000 0.0270 0.0000 0.00 -0.00 0.00 0.00 -0.00 0.00 0.00 -0.00 0.00 0.00 -0.00 0.00 0.00 -0.00 0.00 0.00 -0.00 0.00 0.00 -0.00 0.00 0.00 -0.00 0.00 0.00 -0.00 0.00 0.00 -0.00 0.00 0.00 -0.00 0.00 0.00 -0.00 0.00 0.00 -0.00 0.00 0.00 -0.00 0.00 0.00 -0.00 0.00 0.00 -0.00 0.00 0.00 -0.00 0.00 0.00 -0.00 0.00 69.06 -37.95 134.56 -0.00 23.42 -0.00 -6.28 10.14 20.11 -1.35 12.81 32.73 0.00 0.00 -0.00 2.00 -0.02 0.61 -0.05 -0.29 8.55 -0.04 -0.15 4.31 0.00 0.00 -0.00 0.00 -0.00 1.62 -0.00 -0.00 16.38 0.00 -0.00 8.49 0.00 0.00 -0.00 -2.00 0.08 2.24 0.26 0.63 19.89 0.20 0.31 10.45 0.00 0.00 -0.00 -4.00 0.02 0.25 0.02 0.30 4.33 0.02 0.15 2.15 0.00 -0.00 0.00 0.00 -0.00 0.00 0.00 -0.00 0.00 0.00 -0.00 0.00 0.00 -0.00 0.00 0.00 -0.00 0.00 0.00 -0.00 0.00 0.00 -0.00 0.00 0.00 -0.00 0.00 0.00 -0.00 0.00 0.00 -0.00 0.00 0.00 -0.00 0.00 0.00 -0.00 0.00 0.00 -0.00 0.00 0.00 -0.00 0.00 0.00 -0.00 0.00 0.00 -0.00 0.00 0.00 -0.00 0.00 0.00 -0.00 0.00 0.00 -0.00 0.00 0.00 -0.00 0.00 0.00 -0.00 0.00 0.00 -0.00 0.00
-0.0000 0.0278 0.0000 0.00 -0.00 0.00 0.00 -0.00 0.00 0.00 -0.00 0.00 0.00 -0.00 0.00 0.00 -0.00 0.00 0.00 -0.00 0.00 0.00 -0.00 0.00 0.00 -0.00 0.00 0.00 -0.00 0.00 0.00 -0.00 0.00 0.00 -0.00 0.00 0.00 -0.00 0.00 0.00 -0.00 0.00 0.00 -0.00 0.00 0.00 -0.00 0.00 0.00 -0.00 0.00 0.00 -0.00 0.00 0.00 -0.00 0.00 69.06 -37.95 134.56 -0.00 23.42 -0.00 -6.28 10.14 20.11 -1.35 12.81 32.73 0.00 0.00 -0.00 2.00 -0.02 0.61 -0.05 -0.29 8.55 -0.04 -0.15 4.31 0.00 0.00 -0.00 0.00 -0.00 1.62 -0.00 -0.00 16.38 0.00 -0.00 8.49 0.00 0.00 -0.00 -2.00 0.08 2.24 0.26 0.63 19.89 0.20 0.31 10.45 0.00 0.00 -0.00 -4.00 0.02 0.25 0.02 0.30 4.33 0.02 0.15 2.15 0.00 -0.00 0.00 0.00 -0.00 0.00 0.00 -0.00 0.00 0.00 -0.00 0.00 0.00 -0.00 0.00 0.00 -0.00 0.00 0.00 -0.00 0.00 0.00 -0.00 0.00 0.00 -0.00 0.00 0.00 -0.00 0.00 0.00 -0.00 0.00 0.00 -0.00 0.00 0.00 -0.00 0.00 0.00 -0.00 0.00 0.00 -0.00 0.00 0.00 -0.00 0.00 0.00 -0.00 0.00 0.00 -0.00 0.00 0.00 -0.00 0.00 0.00 -0.00 0.00 0.00 -0.00 0.00 0.00 -0.00 0.00 0.00 -0.00 0.00
-0.0000 0.0283 0.0000 0.00 -0.00 0.00 0.00 -0.00 0.00 0.00 -0.00 0.00 0.00 -0.00 0.00 0.00 -0.00 0.00 0.00 -0.00 0.00 0.00 -0.00 0.00 0.00 -0.00 0.00 0.00 -0.00 0.00 0.00 -0.00 0.00 0.00 -0.00 0.00 0.00 -0.00 0.00 0.00 -0.00 0.00 0.00 -0.00 0.00 0.00 -0.00 0.00 0.00 -0.00 0.00 0.00 -0.00 0.00 0.00 -0.00 0.00 69.06 -37.95 134.56 -0.00 23.42 -0.00 -6.28 10.14 20.11 -1.35 12.81 32.73 0.00 0.00 -0.00 2.00 -0.02 0.61 -0.05 -0.29 8.55 -0.04 -0.15 4.31 0.00 0.00 -0.00 0.00 -0.00 1.62 -0.00 -0.00 16.38 0.00 -0.00 8.49 0.00 0.00 -0.00 -2.00 0.08 2.24 0.26 0.63 19.89 0.20 0.31 10.45 0.00 0.00 -0.00 -4.00 0.02 0.25 0.02 0.30 4.33 0.02 0.15 2.15 0.00 -0.00 0.00 0.00 -0.00 0.00 0.00 -0.00 0.00 0.00 -0.00 0.00 0.00 -0.00 0.00 0.00 -0.00 0.00 0.00 -0.00 0.00 0.00 -0.00 0.00 0.00 -0.00 0.00 0.00 -0.00 0.00 0.00 -0.00 0.00 0.00 -0.00 0.00 0.00 -0.00 0.00 0.00 -0.00 0.00 0.00 -0.00 0.00 0.00 -0.00 0.00 0.00 -0.00 0.00 0.00 -0.00 0.00 0.00 -0.00 0.00 0.00 -0.00 0.00 0.00 -0.00 0.00 0.00 -0.00 0.00 0.00 -0.00 0.00
-0.0000 0.0273 0.0000 0.00 -0.00 0.00 0.00 -0.00 0.00 0.00 -0.00 0.00 0.00 -0.00 0.00 0.00 -0.00 0.00 0.00 -0.00 0.00 0.00 -0.00 0.00 0.00 -0.00 0.00 0.00 -0.00 0.00 0.00 -0.00 0.00 0.00 -0.00 0.00 0.00 -0.00 0.00 0.00 -0.00 0.00 0.00 -0.00 0.00 0.00 -0.00 0.00 0.00 -0.00 0.00 0.00 -0.00 0.00 0.00 -0.00 0.00 69.06 -37.95 134.56 -0.00 23.42 -0.00 -6.28 10.14 20.11 -1.35 12.81 32.73 0.00 0.00 -0.00 2.00 -0.02 0.61 -0.05 -0.29 8.55 -0.04 -0.15 4.31 0.00 0.00 -0.00 0.00 -0.00 1.62 -0.00 -0.00 16.38 0.00 -0.00 8.49 0.00 0.00 -0.00 -2.00 0.08 2.24 0.26 0.63 19.89 0.20 0.31 10.45 0.00 0.00 -0.00 -4.00 0.02 0.25 0.02 0.30 4.33 0.02 0.15 2.15 0.00 -0.00 0.00 0.00 -0.00 0.00 0.00 -0.00 0.00 0.00 -0.00 0.00 0.00 -0.00 0.00 0.00 -0.00 0.00 0.00 -0.00 0.00 0.00 -0.00 0.00 0.00 -0.00 0.00 0.00 -0.00 0.00 0.00 -0.00 0.00 0.00 -0.00 0.00 0.00 -0.00 0.00 0.00 -0.00 0.00 0.00 -0.00 0.00 0.00 -0.00 0.00 0.00 -0.00 0.00 0.00 -0.00 0.00 0.00 -0.00 0.00 0.00 -0.00 0.00 0.00 -0.00 0.00 0.00 -0.00 0.00 0.00 -0.00 0.00
-0.0000 0.0263 0.0000 0.00 -0.00 0.00 0.00 -0.00 0.00 0.00 -0.00 0.00 0.00 -0.00 0.00 0.00 -0.00 0.00 0.00 -0.00 0.00 0.00 -0.00 0.00 0.00 -0.00 0.00 0.00 -0.00 0.00 0.00 -0.00 0.00 0.00 -0.00 0.00 0.00 -0.00 0.00 0.00 -0.00 0.00 0.00 -0.00 0.00 0.00 -0.00 0.00 0.00 -0.00 0.00 0.00 -0.00 0.00 0.00 -0.00 0.00 69.06 -37.95 134.56 -0.00 23.42 -0.00 -6.28 10.14 20.11 -1.35 12.81 32.73 0.00 0.00 -0.00 2.00 -0.02 0.61 -0.05 -0.29 8.55 -0.04 -0.15 4.31 0.00 0.00 -0.00 0.00 -0.00 1.62 -0.00 -0.00 16.38 0.00 -0.00 8.49 0.00 0.00 -0.00 -2.00 0.08 2.24 0.26 0.63 19.89 0.20 0.31 10.45 0.00 0.00 -0.00 -4.00 0.02 0.25 0.02 0.30 4.33 0.02 0.15 2.15 0.00 -0.00 0.00 0.00 -0.00 0.00 0.00 -0.00 0.00 0.00 -0.00 0.00 0.00 -0.00 0.00 0.00 -0.00 0.00 0.00 -0.00 0.00 0.00 -0.00 0.00 0.00 -0.00 0.00 0.00 -0.00 0.00 0.00 -0.00 0.00 0.00 -0.00 0.00 0.00 -0.00 0.00 0.00 -0.00 0.00 0.00 -0.00 0.00 0.00 -0.00 0.00 0.00 -0.00 0.00 0.00 -0.00 0.00 0.00 -0.00 0.00 0.00 -0.00 0.00 0.00 -0.00 0.00 0.00 -0.00 0.00 0.00 -0.00 0.00
-0.0000 0.0252 0.0000 0.00 -0.00 0.00 0.00 -0.00 0.00 0.00 -0.00 0.00 0.00 -0.00 0.00 0.00 -0.00 0.00 0.00 -0.00 0.00 0.00 -0.00 0.00 0.00 -0.00 0.00 0.00 -0.00 0.00 0.00 -0.00 0.00 0.00 -0.00 0.00 0.00 -0.00 0.00 0.00 -0.00 0.00 0.00 -0.00 0.00 0.00 -0.00 0.00 0.00 -0.00 0.00 0.00 -0.00 0.00 0.00 -0.00 0.00 69.06 -37.95 134.56 -0.00 23.42 -0.00 -6.28 10.14 20.11 -1.35 12.81 32.73 0.00 0.00 -0.00 2.00 -0.02 0.61 -0.05 -0.29 8.55 -0.04 -0.15 4.31 0.00 0.00 -0.00 0.00 -0.00 1.62 -0.00 -0.00 16.38 0.00 -0.00 8.49 0.00 0.00 -0.00 -2.00 0.08 2.24 0.26 0.63 19.89 0.20 0.31 10.45 0.00 0.00 -0.00 -4.00 0.02 0.25 0.02 0.30 4.33 0.02 0.15 2.15 0.00 -0.00 0.00 0.00 -0.00 0.00 0.00 -0.00 0.00 0.00 -0.00 0.00 0.00 -0.00 0.00 0.00 -0.00 0.00 0.00 -0.00 0.00 0.00 -0.00 0.00 0.00 -0.00 0.00 0.00 -0.00 0.00 0.00 -0.00 0.00 0.00 -0.00 0.00 0.00 -0.00 0.00 0.00 -0.00 0.00 0.00 -0.00 0.00 0.00 -0.00 0.00 0.00 -0.00 0.00 0.00 -0.00 0.00 0.00 -0.00 0.00 0.00 -0.00 0.00 0.00 -0.00 0.00 0.00 -0.00 0.00 0.00 -0.00 0.00
-0.0000 0.0257 0.0000 0.00 -0.00 0.00 0.00 -0.00 0.00 0.00 -0.00 0.00 0.00 -0.00 0.00 0.00 -0.00 0.00 0.00 -0.00 0.00 0.00 -0.00 0.00 0.00 -0.00 0.00 0.00 -0.00 0.00 0.00 -0.00 0.00 0.00 -0.00 0.00 0.00 -0.00 0.00 0.00 -0.00 0.00 0.00 -0.00 0.00 0.00 -0.00 0.00 0.00 -0.00 0.00 0.00 -0.00 0.00 0.00 -0.00 0.00 69.06 -37.95 134.56 -0.00 23.42 -0.00 -6.28 10.14 20.11 -1.35 12.81 32.73 0.00 0.00 -0.00 2.00 -0.02 0.61 -0.05 -0.29 8.55 -0.04 -0.15 4.31 0.00 0.00 -0.00 0.00 -0.00 1.62 -0.00 -0.00 16.38 0.00 -0.00 8.49 0.00 0.00 -0.00 -2.00 0.08 2.24 0.26 0.63 19.89 0.20 0.31 10.45 0.00 0.00 -0.00 -4.00 0.02 0.25 0.02 0.30 4.33 0.02 0.15 2.15 0.00 -0.00 0.00 0.00 -0.00 0.00 0.00 -0.00 0.00 0.00 -0.00 0.00 0.00 -0.00 0.00 0.00 -0.00 0.00 0.00 -0.00 0.00 0.00 -0.00 0.00 0.00 -0.00 0.00 0.00 -0.00 0.00 0.00 -0.00 0.00 0.00 -0.00 0.00 0.00 -0.00 0.00 0.00 -0.00 0.00 0.00 -0.00 0.00 0.00 -0.00 0.00 0.00 -0.00 0.00 0.00 -0.00 0.00 0.00 -0.00 0.00 0.00 -0.00 0.00 0.00 -0.00 0.00 0.00 -0.00 0.00 0.00 -0.00 0.00
-0.0000 0.0262 0.0000 0.00 -0.00 0.00 0.00 -0.00 0.00 0.00 -0.00 0.00 0.00 -0.00 0.00 0.00 -0.00 0.00 0.00 -0.00 0.00 0.00 -0.00 0.00 0.00 -0.00 0.00 0.00 -0.00 0.00 0.00 -0.00 0.00 0.00 -0.00 0.00 0.00 -0.00 0.00 0.00 -0.00 0.00 0.00 -0.00 0.00 0.00 -0.00 0.00 0.00 -0.00 0.00 0.00 -0.00 0.00 0.00 -0.00 0.00 69.06 -37.95 134.56 -0.00 23.42 -0.00 -6.28 10.14 20.11 -1.35 12.81 32.73 0.00 0.00 -0.00 2.00 -0.02 0.61 -0.05 -0.29 8.55 -0.04 -0.15 4.31 0.00 0.00 -0.00 0.00 -0.00 1.62 -0.00 -0.00 16.38 0.00 -0.00 8.49 0.00 0.00 -0.00 -2.00 0.08 2.24 0.26 0.63 19.89 0.20 0.31 10.45 0.00 0.00 -0.00 -4.00 0.02 0.25 0.02 0.30 4.33 0.02 0.15 2.15 0.00 -0.00 0.00 0.00 -0.00 0.00 0.00 -0.00 0.00 0.00 -0.00 0.00 0.00 -0.00 0.00 0.00 -0.00 0.00 0.00 -0.00 0.00 0.00 -0.00 0.00 0.00 -0.00 0.00 0.00 -0.00 0.00 0.00 -0.00 0.00 0.00 -0.00 0.00 0.00 -0.00 0.00 0.00 -0.00 0.00 0.00 -0.00 0.00 0.00 -0.00 0.00 0.00 -0.00 0.00 0.00 -0.00 0.00 0.00 -0.00 0.00 0.00 -0.00 0.00 0.00 -0.00 0.00 0.00 -0.00 0.00 0.00 -0.00 0.00
-0.0000 0.0247 0.0000 0.00 -0.00 0.00 0.00 -0.00 0.00 0.00 -0.00 0.00 0.00 -0.00 0.00 0.00 -0.00 0.00 0.00 -0.00 0.00 0.00 -0.00 0.00 0.00 -0.00 0.00 0.00 -0.00 0.00 0.00 -0.00 0.00 0.00 -0.00 0.00 0.00 -0.00 0.00 0.00 -0.00 0.00 0.00 -0.00 0.00 0.00 -0.00 0.00 0.00 -0.00 0.00 0.00 -0.00 0.00 0.00 -0.00 0.00 69.06 -37.95 134.56 -0.00 23.42 -0.00 -6.28 10.14 20.11 -1.35 12.81 32.73 0.00 0.00 -0.00 2.00 -0.02 0.61 -0.05 -0.29 8.55 -0.04 -0.15 4.31 0.00 0.00 -0.00 0.00 -0.00 1.62 -0.00 -0.00 16.38 0.00 -0.00 8.49 0.00 0.00 -0.00 -2.00 0.08 2.24 0.26 0.63 19.89 0.20 0.31 10.45 0.00 0.00 -0.00 -4.00 0.02 0.25 0.02 0.30 4.33 0.02 0.15 2.15 0.00 -0.00 0.00 0.00 -0.00 0.00 0.00 -0.00 0.00 0.00 -0.00 0.00 0.00 -0.00 0.00 0.00 -0.00 0.00 0.00 -0.00 0.00 0.00 -0.00 0.00 0.00 -0.00 0.00 0.00 -0.00 0.00 0.00 -0.00 0.00 0.00 -0.00 0.00 0.00 -0.00 0.00 0.00 -0.00 0.00 0.00 -0.00 0.00 0.00 -0.00 0.00 0.00 -0.00 0.00 0.00 -0.00 0.00 0.00 -0.00 0.00 0.00 -0.00 0.00 0.00 -0.00 0.00 0.00 -0.00 0.00 0.00 -0.00 0.00
-0.0000 0.0239 0.0000 0.00 -0.00 0.00 0.00 -0.00 0.00 0.00 -0.00 0.00 0.00 -0.00 0.00 0.00 -0.00 0.00 0.00 -0.00 0.00 0.00 -0.00 0.00 0.00 -0.00 0.00 0.00 -0.00 0.00 0.00 -0.00 0.00 0.00 -0.00 0.00 0.00 -0.00 0.00 0.00 -0.00 0.00 0.00 -0.00 0.00 0.00 -0.00 0.00 0.00 -0.00 0.00 0.00 -0.00 0.00 0.00 -0.00 0.00 69.06 -37.95 134.56 -0.00 23.42 -0.00 -6.28 10.14 20.11 -1.35 12.81 32.73 0.00 0.00 -0.00 2.00 -0.02 0.61 -0.05 -0.29 8.55 -0.04 -0.15 4.31 0.00 0.00 -0.00 0.00 -0.00 1.62 -0.00 -0.00 16.38 0.00 -0.00 8.49 0.00 0.00 -0.00 -2.00 0.08 2.24 0.26 0.63 19.89 0.20 0.31 10.45 0.00 0.00 -0.00 -4.00 0.02 0.25 0.02 0.30 4.33 0.02 0.15 2.15 0.00 -0.00 0.00 0.00 -0.00 0.00 0.00 -0.00 0.00 0.00 -0.00 0.00 0.00 -0.00 0.00 0.00 -0.00 0.00 0.00 -0.00 0.00 0.00 -0.00 0.00 0.00 -0.00 0.00 0.00 -0.00 0.00 0.00 -0.00 0.00 0.00 -0.00 0.00 0.00 -0.00 0.00 0.00 -0.00 0.00 0.00 -0.00 0.00 0.00 -0.00 0.00 0.00 -0.00 0.00 0.00 -0.00 0.00 0.00 -0.00 0.00 0.00 -0.00 0.00 0.00 -0.00 0.00 0.00 -0.00 0.00 0.00 -0.00 0.00
-0.0000 0.0230 0.0000 0.00 -0.00 0.00 0.00 -0.00 0.00 0.00 -0.00 0.00 0.00 -0.00 0.00 0.00 -0.00 0.00 0.00 -0.00 0.00 0.00 -0.00 0.00 0.00 -0.00 0.00 0.00 -0.00 0.00 0.00 -0.00 0.00 0.00 -0.00 0.00 0.00 -0.00 0.00 0.00 -0.00 0.00 0.00 -0.00 0.00 0.00 -0.00 0.00 0.00 -0.00 0.00 0.00 -0.00 0.00 0.00 -0.00 0.00 69.06 -37.95 134.56 -0.00 23.42 -0.00 -6.28 10.14 20.11 -1.35 12.81 32.73 0.00 0.00 -0.00 2.00 -0.02 0.61 -0.05 -0.29 8.55 -0.04 -0.15 4.31 0.00 0.00 -0.00 0.00 -0.00 1.62 -0.00 -0.00 16.38 0.00 -0.00 8.49 0.00 0.00 -0.00 -2.00 0.08 2.24 0.26 0.63 19.89 0.20 0.31 10.45 0.00 0.00 -0.00 -4.00 0.02 0.25 0.02 0.30 4.33 0.02 0.15 2.15 0.00 -0.00 0.00 0.00 -0.00 0.00 0.00 -0.00 0.00 0.00 -0.00 0.00 0.00 -0.00 0.00 0.00 -0.00 0.00 0.00 -0.00 0.00 0.00 -0.00 0.00 0.00 -0.00 0.00 0.00 -0.00 0.00 0.00 -0.00 0.00 0.00 -0.00 0.00 0.00 -0.00 0.00 0.00 -0.00 0.00 0.00 -0.00 0.00 0.00 -0.00 0.00 0.00 -0.00 0.00 0.00 -0.00 0.00 0.00 -0.00 0.00 0.00 -0.00 0.00 0.00 -0.00 0.00 0.00 -0.00 0.00 0.00 -0.00 0.00
-0.0000 0.0221 0.0000 0.00 -0.00 0.00 0.00 -0.00 0.00 0.00 -0.00 0.00 0.00 -0.00 0.00 0.00 -0.00 0.00 0.00 -0.00 0.00 0.00 -0.00 0.00 0.00 -0.00 0.00 0.00 -0.00 0.00 0.00 -0.00 0.00 0.00 -0.00 0.00 0.00 -0.00 0.00 0.00 -0.00 0.00 0.00 -0.00 0.00 0.00 -0.00 0.00 0.00 -0.00 0.00 0.00 -0.00 0.00 0.00 -0.00 0.00 69.06 -37.95 134.56 -0.00 23.42 -0.00 -6.28 10.14 20.11 -1.35 12.81 32.73 0.00 0.00 -0.00 2.00 -0.02 0.61 -0.05 -0.29 8.55 -0.04 -0.15 4.31 0.00 0.00 -0.00 0.00 -0.00 1.62 -0.00 -0.00 16.38 0.00 -0.00 8.49 0.00 0.00 -0.00 -2.00 0.08 2.24 0.26 0.63 19.89 0.20 0.31 10.45 0.00 0.00 -0.00 -4.00 0.02 0.25 0.02 0.30 4.33 0.02 0.15 2.15 0.00 -0.00 0.00 0.00 -0.00 0.00 0.00 -0.00 0.00 0.00 -0.00 0.00 0.00 -0.00 0.00 0.00 -0.00 0.00 0.00 -0.00 0.00 0.00 -0.00 0.00 0.00 -0.00 0.00 0.00 -0.00 0.00 0.00 -0.00 0.00 0.00 -0.00 0.00 0.00 -0.00 0.00 0.00 -0.00 0.00 0.00 -0.00 0.00 0.00 -0.00 0.00 0.00 -0.00 0.00 0.00 -0.00 0.00 0.00 -0.00 0.00 0.00 -0.00 0.00 0.00 -0.00 0.00 0.00 -0.00 0.00 0.00 -0.00 0.00
-0.0000 0.0226 0.0000 0.00 -0.00 0.00 0.00 -0.00 0.00 0.00 -0.00 0.00 0.00 -0.00 0.00 0.00 -0.00 0.00 0.00 -0.00 0.00 0.00 -0.00 0.00 0.00 -0.00 0.00 0.00 -0.00 0.00 0.00 -0.00 0.00 0.00 -0.00 0.00 0.00 -0.00 0.00 0.00 -0.00 0.00 0.00 -0.00 0.00 0.00 -0.00 0.00 0.00 -0.00 0.00 0.00 -0.00 0.00 0.00 -0.00 0.00 69.06 -37.95 134.56 -0.00 23.42 -0.00 -6.28 10.14 20.11 -1.35 12.81 32.73 0.00 0.00 -0.00 2.00 -0.02 0.61 -0.05 -0.29 8.55 -0.04 -0.15 4.31 0.00 0.00 -0.00 0.00 -0.00 1.62 -0.00 -0.00 16.38 0.00 -0.00 8.49 0.00 0.00 -0.00 -2.00 0.08 2.24 0.26 0.63 19.89 0.20 0.31 10.45 0.00 0.00 -0.00 -4.00 0.02 0.25 0.02 0.30 4.33 0.02 0.15 2.15 0.00 -0.00 0.00 0.00 -0.00 0.00 0.00 -0.00 0.00 0.00 -0.00 0.00 0.00 -0.00 0.00 0.00 -0.00 0.00 0.00 -0.00 0.00 0.00 -0.00 0.00 0.00 -0.00 0.00 0.00 -0.00 0.00 0.00 -0.00 0.00 0.00 -0.00 0.00 0.00 -0.00 0.00 0.00 -0.00 0.00 0.00 -0.00 0.00 0.00 -0.00 0.00 0.00 -0.00 0.00 0.00 -0.00 0.00 0.00 -0.00 0.00 0.00 -0.00 0.00 0.00 -0.00 0.00 0.00 -0.00 0.00 0.00 -0.00 0.00
-0.0000 0.0233 0.0000 0.00 -0.00 0.00 0.00 -0.00 0.00 0.00 -0.00 0.00 0.00 -0.00 0.00 0.00 -0.00 0.00 0.00 -0.00 0.00 0.00 -0.00 0.00 0.00 -0.00 0.00 0.00 -0.00 0.00 0.00 -0.00 0.00 0.00 -0.00 0.00 0.00 -0.00 0.00 0.00 -0.00 0.00 0.00 -0.00 0.00 0.00 -0.00 0.00 0.00 -0.00 0.00 0.00 -0.00 0.00 0.00 -0.00 0.00 69.06 -37.95 134.56 -0.00 23.42 -0.00 -6.28 10.14 20.11 -1.35 12.81 32.73 0.00 0.00 -0.00 2.00 -0.02 0.61 -0.05 -0.29 8.55 -0.04 -0.15 4.31 0.00 0.00 -0.00 0.00 -0.00 1.62 -0.00 -0.00 16.38 0.00 -0.00 8.49 0.00 0.00 -0.00 -2.00 0.08 2.24 0.26 0.63 19.89 0.20 0.31 10.45 0.00 0.00 -0.00 -4.00 0.02 0.25 0.02 0.30 4.33 0.02 0.15 2.15 0.00 -0.00 0.00 0.00 -0.00 0.00 0.00 -0.00 0.00 0.00 -0.00 0.00 0.00 -0.00 0.00 0.00 -0.00 0.00 0.00 -0.00 0.00 0.00 -0.00 0.00 0.00 -0.00 0.00 0.00 -0.00 0.00 0.00 -0.00 0.00 0.00 -0.00 0.00 0.00 -0.00 0.00 0.00 -0.00 0.00 0.00 -0.00 0.00 0.00 -0.00 0.00 0.00 -0.00 0.00 0.00 -0.00 0.00 0.00 -0.00 0.00 0.00 -0.00 0.00 0.00 -0.00 0.00 0.00 -0.00 0.00 0.00 -0.00 0.00
-0.0000 0.0224 0.0000 0.00 -0.00 0.00 0.00 -0.00 0.00 0.00 -0.00 0.00 0.00 -0.00 0.00 0.00 -0.00 0.00 0.00 -0.00 0.00 0.00 -0.00 0.00 0.00 -0.00 0.00 0.00 -0.00 0.00 0.00 -0.00 0.00 0.00 -0.00 0.00 0.00 -0.00 0.00 0.00 -0.00 0.00 0.00 -0.00 0.00 0.00 -0.00 0.00 0.00 -0.00 0.00 0.00 -0.00 0.00 0.00 -0.00 0.00 69.06 -37.95 134.56 -0.00 23.42 -0.00 -6.28 10.14 20.11 -1.35 12.81 32.73 0.00 0.00 -0.00 2.00 -0.02 0.61 -0.05 -0.29 8.55 -0.04 -0.15 4.31 0.00 0.00 -0.00 0.00 -0.00 1.62 -0.00 -0.00 16.38 0.00 -0.00 8.49 0.00 0.00 -0.00 -2.00 0.08 2.24 0.26 0.63 19.89 0.20 0.31 10.45 0.00 0.00 -0.00 -4.00 0.02 0.25 0.02 0.30 4.33 0.02 0.15 2.15 0.00 -0.00 0.00 0.00 -0.00 0.00 0.00 -0.00 0.00 0.00 -0.00 0.00 0.00 -0.00 0.00 0.00 -0.00 0.00 0.00 -0.00 0.00 0.00 -0.00 0.00 0.00 -0.00 0.00 0.00 -0.00 0.00 0.00 -0.00 0.00 0.00 -0.00 0.00 0.00 -0.00 0.00 0.00 -0.00 0.00 0.00 -0.00 0.00 0.00 -0.00 0.00 0.00 -0.00 0.00 0.00 -0.00 0.00 0.00 -0.00 0.00 0.00 -0.00 0.00 0.00 -0.00 0.00 0.00 -0.00 0.00 0.00 -0.00 0.00
-0.0000 0.0216 0.0000 0.00 -0.00 0.00 0.00 -0.00 0.00 0.00 -0.00 0.00 0.00 -0.00 0.00 0.00 -0.00 0.00 0.00 -0.00 0.00 0.00 -0.00 0.00 0.00 -0.00 0.00 0.00 -0.00 0.00 0.00 -0.00 0.00 0.00 -0.00 0.00 0.00 -0.00 0.00 0.00 -0.00 0.00 0.00 -0.00 0.00 0.00 -0.00 0.00 0.00 -0.00 0.00 0.00 -0.00 0.00 0.00 -0.00 0.00 69.06 -37.95 134.56 -0.00 23.42 -0.00 -6.28 10.14 20.11 -1.35 12.81 32.73 0.00 0.00 -0.00 2.00 -0.02 0.61 -0.05 -0.29 8.55 -0.04 -0.15 4.31 0.00 0.00 -0.00 0.00 -0.00 1.62 -0.00 -0.00 16.38 0.00 -0.00 8.49 0.00 0.00 -0.00 -2.00 0.08 2.24 0.26 0.63 19.89 0.20 0.31 10.45 0.00 0.00 -0.00 -4.00 0.02 0.25 0.02 0.30 4.33 0.02 0.15 2.15 0.00 -0.00 0.00 0.00 -0.00 0.00 0.00 -0.00 0.00 0.00 -0.00 0.00 0.00 -0.00 0.00 0.00 -0.00 0.00 0.00 -0.00 0.00 0.00 -0.00 0.00 0.00 -0.00 0.00 0.00 -0.00 0.00 0.00 -0.00 0.00 0.00 -0.00 0.00 0.00 -0.00 0.00 0.00 -0.00 0.00 0.00 -0.00 0.00 0.00 -0.00 0.00 0.00 -0.00 0.00 0.00 -0.00 0.00 0.00 -0.00 0.00 0.00 -0.00 0.00 0.00 -0.00 0.00 0.00 -0.00 0.00 0.00 -0.00 0.00
-0.0000 0.0220 0.0000 0.00 -0.00 0.00 0.00 -0.00 0.00 0.00 -0.00 0.00 0.00 -0.00 0.00 0.00 -0.00 0.00 0.00 -0.00 0.00 0.00 -0.00 0.00 0.00 -0.00 0.00 0.00 -0.00 0.00 0.00 -0.00 0.00 0.00 -0.00 0.00 0.00 -0.00 0.00 0.00 -0.00 0.00 0.00 -0.00 0.00 0.00 -0.00 0.00 0.00 -0.00 0.00 0.00 -0.00 0.00 0.00 -0.00 0.00 69.06 -37.95 134.56 -0.00 23.42 -0.00 -6.28 10.14 20.11 -1.35 12.81 32.73 0.00 0.00 -0.00 2.00 -0.02 0.61 -0.05 -0.29 8.55 -0.04 -0.15 4.31 0.00 0.00 -0.00 0.00 -0.00 1.62 -0.00 -0.00 16.38 0.00 -0.00 8.49 0.00 0.00 -0.00 -2.00 0.08 2.24 0.26 0.63 19.89 0.20 0.31 10.45 0.00 0.00 -0.00 -4.00 0.02 0.25 0.02 0.30 4.33 0.02 0.15 2.15 0.00 -0.00 0.00 0.00 -0.00 0.00 0.00 -0.00 0.00 0.00 -0.00 0.00 0.00 -0.00 0.00 0.00 -0.00 0.00 0.00 -0.00 0.00 0.00 -0.00 0.00 0.00 -0.00 0.00 0.00 -0.00 0.00 0.00 -0.00 0.00 0.00 -0.00 0.00 0.00 -0.00 0.00 0.00 -0.00 0.00 0.00 -0.00 0.00 0.00 -0.00 0.00 0.00 -0.00 0.00 0.00 -0.00 0.00 0.00 -0.00 0.00 0.00 -0.00 0.00 0.00 -0.00 0.00 0.00 -0.00 0.00 0.00 -0.00 0.00
-0.0000 0.0219 0.0000 0.00 -0.00 0.00 0.00 -0.00 0.00 0.00 -0.00 0.00 0.00 -0.00 0.00 0.00 -0.00 0.00 0.00 -0.00 0.00 0.00 -0.00 0.00 0.00 -0.00 0.00 0.00 -0.00 0.00 0.00 -0.00 0.00 0.00 -0.00 0.00 0.00 -0.00 0.00 0.00 -0.00 0.00 0.00 -0.00 0.00 0.00 -0.00 0.00 0.00 -0.00 0.00 0.00 -0.00 0.00 0.00 -0.00 0.00 69.06 -37.95 134.56 -0.00 23.42 -0.00 -6.28 10.14 20.11 -1.35 12.81 32.73 0.00 0.00 -0.00 2.00 -0.02 0.61 -0.05 -0.29 8.55 -0.04 -0.15 4.31 0.00 0.00 -0.00 0.00 -0.00 1.62 -0.00 -0.00 16.38 0.00 -0.00 8.49 0.00 0.00 -0.00 -2.00 0.08 2.24 0.26 0.63 19.89 0.20 0.31 10.45 0.00 0.00 -0.00 -4.00 0.02 0.25 0.02 0.30 4.33 0.02 0.15 2.15 0.00 -0.00 0.00 0.00 -0.00 0.00 0.00 -0.00 0.00 0.00 -0.00 0.00 0.00 -0.00 0.00 0.00 -0.00 0.00 0.00 -0.00 0.00 0.00 -0.00 0.00 0.00 -0.00 0.00 0.00 -0.00 0.00 0.00 -0.00 0.00 0.00 -0.00 0.00 0.00 -0.00 0.00 0.00 -0.00 0.00 0.00 -0.00 0.00 0.00 -0.00 0.00 0.00 -0.00 0.00 0.00 -0.00 0.00 0.00 -0.00 0.00 0.00 -0.00 0.00 0.00 -0.00 0.00 0.00 -0.00 0.00 0.00 -0.00 0.00
-0.0000 0.0221 0.0000 0.00 -0.00 0.00 0.00 -0.00 0.00 0.00 -0.00 0.00 0.00 -0.00 0.00 0.00 -0.00 0.00 0.00 -0.00 0.00 0.00 -0.00 0.00 0.00 -0.00 0.00 0.00 -0.00 0.00 0.00 -0.00 0.00 0.00 -0.00 0.00 0.00 -0.00 0.00 0.00 -0.00 0.00 0.00 -0.00 0.00 0.00 -0.00 0.00 0.00 -0.00 0.00 0.00 -0.00 0.00 0.00 -0.00 0.00 69.06 -37.95 134.56 -0.00 23.42 -0.00 -6.28 10.14 20.11 -1.35 12.81 32.73 0.00 0.00 -0.00 2.00 -0.02 0.61 -0.05 -0.29 8.55 -0.04 -0.15 4.31 0.00 0.00 -0.00 0.00 -0.00 1.62 -0.00 -0.00 16.38 0.00 -0.00 8.49 0.00 0.00 -0.00 -2.00 0.08 2.24 0.26 0.63 19.89 0.20 0.31 10.45 0.00 0.00 -0.00 -4.00 0.02 0.25 0.02 0.30 4.33 0.02 0.15 2.15 0.00 -0.00 0.00 0.00 -0.00 0.00 0.00 -0.00 0.00 0.00 -0.00 0.00 0.00 -0.00 0.00 0.00 -0.00 0.00 0.00 -0.00 0.00 0.00 -0.00 0.00 0.00 -0.00 0.00 0.00 -0.00 0.00 0.00 -0.00 0.00 0.00 -0.00 0.00 0.00 -0.00 0.00 0.00 -0.00 0.00 0.00 -0.00 0.00 0.00 -0.00 0.00 0.00 -0.00 0.00 0.00 -0.00 0.00 0.00 -0.00 0.00 0.00 -0.00 0.00 0.00 -0.00 0.00 0.00 -0.00 0.00 0.00 -0.00 0.00
-0.0000 0.0224 0.0000 0.00 -0.00 0.00 0.00 -0.00 0.00 0.00 -0.00 0.00 0.00 -0.00 0.00 0.00 -0.00 0.00 0.00 -0.00 0.00 0.00 -0.00 0.00 0.00 -0.00 0.00 0.00 -0.00 0.00 0.00 -0.00 0.00 0.00 -0.00 0.00 0.00 -0.00 0.00 0.00 -0.00 0.00 0.00 -0.00 0.00 0.00 -0.00 0.00 0.00 -0.00 0.00 0.00 -0.00 0.00 0.00 -0.00 0.00 69.06 -37.95 134.56 -0.00 23.42 -0.00 -6.28 10.14 20.11 -1.35 12.81 32.73 0.00 0.00 -0.00 2.00 -0.02 0.61 -0.05 -0.29 8.55 -0.04 -0.15 4.31 0.00 0.00 -0.00 0.00 -0.00 1.62 -0.00 -0.00 16.38 0.00 -0.00 8.49 0.00 0.00 -0.00 -2.00 0.08 2.24 0.26 0.63 19.89 0.20 0.31 10.45 0.00 0.00 -0.00 -4.00 0.02 0.25 0.02 0.30 4.33 0.02 0.15 2.15 0.00 -0.00 0.00 0.00 -0.00 0.00 0.00 -0.00 0.00 0.00 -0.00 0.00 0.00 -0.00 0.00 0.00 -0.00 0.00 0.00 -0.00 0.00 0.00 -0.00 0.00 0.00 -0.00 0.00 0.00 -0.00 0.00 0.00 -0.00 0.00 0.00 -0.00 0.00 0.00 -0.00 0.00 0.00 -0.00 0.00 0.00 -0.00 0.00 0.00 -0.00 0.00 0.00 -0.00 0.00 0.00 -0.00 0.00 0.00 -0.00 0.00 0.00 -0.00 0.00 0.00 -0.00 0.00 0.00 -0.00 0.00 0.00 -0.00 0.00
-0.0000 0.0225 0.0000 0.00 -0.00 0.00 0.00 -0.00 0.00 0.00 -0.00 0.00 0.00 -0.00 0.00 0.00 -0.00 0.00 0.00 -0.00 0.00 0.00 -0.00 0.00 0.00 -0.00 0.00 0.00 -0.00 0.00 0.00 -0.00 0.00 0.00 -0.00 0.00 0.00 -0.00 0.00 0.00 -0.00 0.00 0.00 -0.00 0.00 0.00 -0.00 0.00 0.00 -0.00 0.00 0.00 -0.00 0.00 0.00 -0.00 0.00 69.06 -37.95 134.56 -0.00 23.42 -0.00 -6.28 10.14 20.11 -1.35 12.81 32.73 0.00 0.00 -0.00 2.00 -0.02 0.61 -0.05 -0.29 8.55 -0.04 -0.15 4.31 0.00 0.00 -0.00 0.00 -0.00 1.62 -0.00 -0.00 16.38 0.00 -0.00 8.49 0.00 0.00 -0.00 -2.00 0.08 2.24 0.26 0.63 19.89 0.20 0.31 10.45 0.00 0.00 -0.00 -4.00 0.02 0.25 0.02 0.30 4.33 0.02 0.15 2.15 0.00 -0.00 0.00 0.00 -0.00 0.00 0.00 -0.00 0.00 0.00 -0.00 0.00 0.00 -0.00 0.00 0.00 -0.00 0.00 0.00 -0.00 0.00 0.00 -0.00 0.00 0.00 -0.00 0.00 0.00 -0.00 0.00 0.00 -0.00 0.00 0.00 -0.00 0.00 0.00 -0.00 0.00 0.00 -0.00 0.00 0.00 -0.00 0.00 0.00 -0.00 0.00 0.00 -0.00 0.00 0.00 -0.00 0.00 0.00 -0.00 0.00 0.00 -0.00 0.00 0.00 -0.00 0.00 0.00 -0.00 0.00 0.00 -0.00 0.00
-0.0000 0.0223 0.0000 0.00 -0.00 0.00 0.00 -0.00 0.00 0.00 -0.00 0.00 0.00 -0.00 0.00 0.00 -0.00 0.00 0.00 -0.00 0.00 0.00 -0.00 0.00 0.00 -0.00 0.00 0.00 -0.00 0.00 0.00 -0.00 0.00 0.00 -0.00 0.00 0.00 -0.00 0.00 0.00 -0.00 0.00 0.00 -0.00 0.00 0.00 -0.00 0.00 0.00 -0.00 0.00 0.00 -0.00 0.00 0.00 -0.00 0.00 69.06 -37.95 134.56 -0.00 23.42 -0.00 -6.28 10.14 20.11 -1.35 12.81 32.73 0.00 0.00 -0.00 2.00 -0.02 0.61 -0.05 -0.29 8.55 -0.04 -0.15 4.31 0.00 0.00 -0.00 0.00 -0.00 1.62 -0.00 -0.00 16.38 0.00 -0.00 8.49 0.00 0.00 -0.00 -2.00 0.08 2.24 0.26 0.63 19.89 0.20 0.31 10.45 0.00 0.00 -0.00 -4.00 0.02 0.25 0.02 0.30 4.33 0.02 0.15 2.15 0.00 -0.00 0.00 0.00 -0.00 0.00 0.00 -0.00 0.00 0.00 -0.00 0.00 0.00 -0.00 0.00 0.00 -0.00 0.00 0.00 -0.00 0.00 0.00 -0.00 0.00 0.00 -0.00 0.00 0.00 -0.00 0.00 0.00 -0.00 0.00 0.00 -0.00 0.00 0.00 -0.00 0.00 0.00 -0.00 0.00 0.00 -0.00 0.00 0.00 -0.00 0.00 0.00 -0.00 0.00 0.00 -0.00 0.00 0.00 -0.00 0.00 0.00 -0.00 0.00 0.00 -0.00 0.00 0.00 -0.00 0.00 0.00 -0.00 0.00
-0.0000 0.0218 0.0000 0.00 -0.00 0.00 0.00 -0.00 0.00 0.00 -0.00 0.00 0.00 -0.00 0.00 0.00 -0.00 0.00 0.00 -0.00 0.00 0.00 -0.00 0.00 0.00 -0.00 0.00 0.00 -0.00 0.00 0.00 -0.00 0.00 0.00 -0.00 0.00 0.00 -0.00 0.00 0.00 -0.00 0.00 0.00 -0.00 0.00 0.00 -0.00 0.00 0.00 -0.00 0.00 0.00 -0.00 0.00 0.00 -0.00 0.00 69.06 -37.95 134.56 -0.00 23.42 -0.00 -6.28 10.14 20.11 -1.35 12.81 32.73 0.00 0.00 -0.00 2.00 -0.02 0.61 -0.05 -0.29 8.55 -0.04 -0.15 4.31 0.00 0.00 -0.00 0.00 -0.00 1.62 -0.00 -0.00 16.38 0.00 -0.00 8.49 0.00 0.00 -0.00 -2.00 0.08 2.24 0.26 0.63 19.89 0.20 0.31 10.45 0.00 0.00 -0.00 -4.00 0.02 0.25 0.02 0.30 4.33 0.02 0.15 2.15 0.00 -0.00 0.00 0.00 -0.00 0.00 0.00 -0.00 0.00 0.00 -0.00 0.00 0.00 -0.00 0.00 0.00 -0.00 0.00 0.00 -0.00 0.00 0.00 -0.00 0.00 0.00 -0.00 0.00 0.00 -0.00 0.00 0.00 -0.00 0.00 0.00 -0.00 0.00 0.00 -0.00 0.00 0.00 -0.00 0.00 0.00 -0.00 0.00 0.00 -0.00 0.00 0.00 -0.00 0.00 0.00 -0.00 0.00 0.00 -0.00 0.00 0.00 -0.00 0.00 0.00 -0.00 0.00 0.00 -0.00 0.00 0.00 -0.00 0.00
-0.0000 0.0216 0.0000 0.00 -0.00 0.00 0.00 -0.00 0.00 0.00 -0.00 0.00 0.00 -0.00 0.00 0.00 -0.00 0.00 0.00 -0.00 0.00 0.00 -0.00 0.00 0.00 -0.00 0.00 0.00 -0.00 0.00 0.00 -0.00 0.00 0.00 -0.00 0.00 0.00 -0.00 0.00 0.00 -0.00 0.00 0.00 -0.00 0.00 0.00 -0.00 0.00 0.00 -0.00 0.00 0.00 -0.00 0.00 0.00 -0.00 0.00 69.06 -37.95 134.56 -0.00 23.42 -0.00 -6.28 10.14 20.11 -1.35 12.81 32.73 0.00 0.00 -0.00 2.00 -0.02 0.61 -0.05 -0.29 8.55 -0.04 -0.15 4.31 0.00 0.00 -0.00 0.00 -0.00 1.62 -0.00 -0.00 16.38 0.00 -0.00 8.49 0.00 0.00 -0.00 -2.00 0.08 2.24 0.26 0.63 19.89 0.20 0.31 10.45 0.00 0.00 -0.00 -4.00 0.02 0.25 0.02 0.30 4.33 0.02 0.15 2.15 0.00 -0.00 0.00 0.00 -0.00 0.00 0.00 -0.00 0.00 0.00 -0.00 0.00 0.00 -0.00 0.00 0.00 -0.00 0.00 0.00 -0.00 0.00 0.00 -0.00 0.00 0.00 -0.00 0.00 0.00 -0.00 0.00 0.00 -0.00 0.00 0.00 -0.00 0.00 0.00 -0.00 0.00 0.00 -0.00 0.00 0.00 -0.00 0.00 0.00 -0.00 0.00 0.00 -0.00 0.00 0.00 -0.00 0.00 0.00 -0.00 0.00 0.00 -0.00 0.00 0.00 -0.00 0.00 0.00 -0.00 0.00 0.00 -0.00 0.00
-0.0000 0.0218 0.0000 0.00 -0.00 0.00 0.00 -0.00 0.00 0.00 -0.00 0.00 0.00 -0.00 0.00 0.00 -0.00 0.00 0.00 -0.00 0.00 0.00 -0.00 0.00 0.00 -0.00 0.00 0.00 -0.00 0.00 0.00 -0.00 0.00 0.00 -0.00 0.00 0.00 -0.00 0.00 0.00 -0.00 0.00 0.00 -0.00 0.00 0.00 -0.00 0.00 0.00 -0.00 0.00 0.00 -0.00 0.00 0.00 -0.00 0.00 69.06 -37.95 134.56 -0.00 23.42 -0.00 -6.28 10.14 20.11 -1.35 12.81 32.73 0.00 0.00 -0.00 2.00 -0.02 0.61 -0.05 -0.29 8.55 -0.04 -0.15 4.31 0.00 0.00 -0.00 0.00 -0.00 1.62 -0.00 -0.00 16.38 0.00 -0.00 8.49 0.00 0.00 -0.00 -2.00 0.08 2.24 0.26 0.63 19.89 0.20 0.31 10.45 0.00 0.00 -0.00 -4.00 0.02 0.25 0.02 0.30 4.33 0.02 0.15 2.15 0.00 -0.00 0.00 0.00 -0.00 0.00 0.00 -0.00 0.00 0.00 -0.00 0.00 0.00 -0.00 0.00 0.00 -0.00 0.00 0.00 -0.00 0.00 0.00 -0.00 0.00 0.00 -0.00 0.00 0.00 -0.00 0.00 0.00 -0.00 0.00 0.00 -0.00 0.00 0.00 -0.00 0.00 0.00 -0.00 0.00 0.00 -0.00 0.00 0.00 -0.00 0.00 0.00 -0.00 0.00 0.00 -0.00 0.00 0.00 -0.00 0.00 0.00 -0.00 0.00 0.00 -0.00 0.00 0.00 -0.00 0.00 0.00 -0.00 0.00
-0.0000 0.0224 0.0000 0.00 -0.00 0.00 0.00 -0.00 0.00 0.00 -0.00 0.00 0.00 -0.00 0.00 0.00 -0.00 0.00 0.00 -0.00 0.00 0.00 -0.00 0.00 0.00 -0.00 0.00 0.00 -0.00 0.00 0.00 -0.00 0.00 0.00 -0.00 0.00 0.00 -0.00 0.00 0.00 -0.00 0.00 0.00 -0.00 0.00 0.00 -0.00 0.00 0.00 -0.00 0.00 0.00 -0.00 0.00 0.00 -0.00 0.00 69.06 -37.95 134.56 -0.00 23.42 -0.00 -6.28 10.14 20.11 -1.35 12.81 32.73 0.00 0.00 -0.00 2.00 -0.02 0.61 -0.05 -0.29 8.55 -0.04 -0.15 4.31 0.00 0.00 -0.00 0.00 -0.00 1.62 -0.00 -0.00 16.38 0.00 -0.00 8.49 0.00 0.00 -0.00 -2.00 0.08 2.24 0.26 0.63 19.89 0.20 0.31 10.45 0.00 0.00 -0.00 -4.00 0.02 0.25 0.02 0.30 4.33 0.02 0.15 2.15 0.00 -0.00 0.00 0.00 -0.00 0.00 0.00 -0.00 0.00 0.00 -0.00 0.00 0.00 -0.00 0.00 0.00 -0.00 0.00 0.00 -0.00 0.00 0.00 -0.00 0.00 0.00 -0.00 0.00 0.00 -0.00 0.00 0.00 -0.00 0.00 0.00 -0.00 0.00 0.00 -0.00 0.00 0.00 -0.00 0.00 0.00 -0.00 0.00 0.00 -0.00 0.00 0.00 -0.00 0.00 0.00 -0.00 0.00 0.00 -0.00 0.00 0.00 -0.00 0.00 0.00 -0.00 0.00 0.00 -0.00 0.00 0.00 -0.00 0.00
-0.0000 0.0212 0.0000 0.00 -0.00 0.00 0.00 -0.00 0.00 0.00 -0.00 0.00 0.00 -0.00 0.00 0.00 -0.00 0.00 0.00 -0.00 0.00 0.00 -0.00 0.00 0.00 -0.00 0.00 0.00 -0.00 0.00 0.00 -0.00 0.00 0.00 -0.00 0.00 0.00 -0.00 0.00 0.00 -0.00 0.00 0.00 -0.00 0.00 0.00 -0.00 0.00 0.00 -0.00 0.00 0.00 -0.00 0.00 0.00 -0.00 0.00 69.06 -37.95 134.56 -0.00 23.42 -0.00 -6.28 10.14 20.11 -1.35 12.81 32.73 0.00 0.00 -0.00 2.00 -0.02 0.61 -0.05 -0.29 8.55 -0.04 -0.15 4.31 0.00 0.00 -0.00 0.00 -0.00 1.62 -0.00 -0.00 16.38 0.00 -0.00 8.49 0.00 0.00 -0.00 -2.00 0.08 2.24 0.26 0.63 19.89 0.20 0.31 10.45 0.00 0.00 -0.00 -4.00 0.02 0.25 0.02 0.30 4.33 0.02 0.15 2.15 0.00 -0.00 0.00 0.00 -0.00 0.00 0.00 -0.00 0.00 0.00 -0.00 0.00 0.00 -0.00 0.00 0.00 -0.00 0.00 0.00 -0.00 0.00 0.00 -0.00 0.00 0.00 -0.00 0.00 0.00 -0.00 0.00 0.00 -0.00 0.00 0.00 -0.00 0.00 0.00 -0.00 0.00 0.00 -0.00 0.00 0.00 -0.00 0.00 0.00 -0.00 0.00 0.00 -0.00 0.00 0.00 -0.00 0.00 0.00 -0.00 0.00 0.00 -0.00 0.00 0.00 -0.00 0.00 0.00 -0.00 0.00 0.00 -0.00 0.00
-0.0000 0.0218 0.0000 0.00 -0.00 0.00 0.00 -0.00 0.00 0.00 -0.00 0.00 0.00 -0.00 0.00 0.00 -0.00 0.00 0.00 -0.00 0.00 0.00 -0.00 0.00 0.00 -0.00 0.00 0.00 -0.00 0.00 0.00 -0.00 0.00 0.00 -0.00 0.00 0.00 -0.00 0.00 0.00 -0.00 0.00 0.00 -0.00 0.00 0.00 -0.00 0.00 0.00 -0.00 0.00 0.00 -0.00 0.00 0.00 -0.00 0.00 69.06 -37.95 134.56 -0.00 23.42 -0.00 -6.28 10.14 20.11 -1.35 12.81 32.73 0.00 0.00 -0.00 2.00 -0.02 0.61 -0.05 -0.29 8.55 -0.04 -0.15 4.31 0.00 0.00 -0.00 0.00 -0.00 1.62 -0.00 -0.00 16.38 0.00 -0.00 8.49 0.00 0.00 -0.00 -2.00 0.08 2.24 0.26 0.63 19.89 0.20 0.31 10.45 0.00 0.00 -0.00 -4.00 0.02 0.25 0.02 0.30 4.33 0.02 0.15 2.15 0.00 -0.00 0.00 0.00 -0.00 0.00 0.00 -0.00 0.00 0.00 -0.00 0.00 0.00 -0.00 0.00 0.00 -0.00 0.00 0.00 -0.00 0.00 0.00 -0.00 0.00 0.00 -0.00 0.00 0.00 -0.00 0.00 0.00 -0.00 0.00 0.00 -0.00 0.00 0.00 -0.00 0.00 0.00 -0.00 0.00 0.00 -0.00 0.00 0.00 -0.00 0.00 0.00 -0.00 0.00 0.00 -0.00 0.00 0.00 -0.00 0.00 0.00 -0.00 0.00 0.00 -0.00 0.00 0.00 -0.00 0.00 0.00 -0.00 0.00
-0.0000 0.0218 0.0000 0.00 -0.00 0.00 0.00 -0.00 0.00 0.00 -0.00 0.00 0.00 -0.00 0.00 0.00 -0.00 0.00 0.00 -0.00 0.00 0.00 -0.00 0.00 0.00 -0.00 0.00 0.00 -0.00 0.00 0.00 -0.00 0.00 0.00 -0.00 0.00 0.00 -0.00 0.00 0.00 -0.00 0.00 0.00 -0.00 0.00 0.00 -0.00 0.00 0.00 -0.00 0.00 0.00 -0.00 0.00 0.00 -0.00 0.00 69.06 -37.95 134.56 -0.00 23.42 -0.00 -6.28 10.14 20.11 -1.35 12.81 32.73 0.00 0.00 -0.00 2.00 -0.02 0.61 -0.05 -0.29 8.55 -0.04 -0.15 4.31 0.00 0.00 -0.00 0.00 -0.00 1.62 -0.00 -0.00 16.38 0.00 -0.00 8.49 0.00 0.00 -0.00 -2.00 0.08 2.24 0.26 0.63 19.89 0.20 0.31 10.45 0.00 0.00 -0.00 -4.00 0.02 0.25 0.02 0.30 4.33 0.02 0.15 2.15 0.00 -0.00 0.00 0.00 -0.00 0.00 0.00 -0.00 0.00 0.00 -0.00 0.00 0.00 -0.00 0.00 0.00 -0.00 0.00 0.00 -0.00 0.00 0.00 -0.00 0.00 0.00 -0.00 0.00 0.00 -0.00 0.00 0.00 -0.00 0.00 0.00 -0.00 0.00 0.00 -0.00 0.00 0.00 -0.00 0.00 0.00 -0.00 0.00 0.00 -0.00 0.00 0.00 -0.00 0.00 0.00 -0.00 0.00 0.00 -0.00 0.00 0.00 -0.00 0.00 0.00 -0.00 0.00 0.00 -0.00 0.00 0.00 -0.00 0.00
-0.0000 0.0216 0.0000 0.00 -0.00 0.00 0.00 -0.00 0.00 0.00 -0.00 0.00 0.00 -0.00 0.00 0.00 -0.00 0.00 0.00 -0.00 0.00 0.00 -0.00 0.00 0.00 -0.00 0.00 0.00 -0.00 0.00 0.00 -0.00 0.00 0.00 -0.00 0.00 0.00 -0.00 0.00 0.00 -0.00 0.00 0.00 -0.00 0.00 0.00 -0.00 0.00 0.00 -0.00 0.00 0.00 -0.00 0.00 0.00 -0.00 0.00 69.06 -37.95 134.56 -0.00 23.42 -0.00 -6.28 10.14 20.11 -1.35 12.81 32.73 0.00 0.00 -0.00 2.00 -0.02 0.61 -0.05 -0.29 8.55 -0.04 -0.15 4.31 0.00 0.00 -0.00 0.00 -0.00 1.62 -0.00 -0.00 16.38 0.00 -0.00 8.49 0.00 0.00 -0.00 -2.00 0.08 2.24 0.26 0.63 19.89 0.20 0.31 10.45 0.00 0.00 -0.00 -4.00 0.02 0.25 0.02 0.30 4.33 0.02 0.15 2.15 0.00 -0.00 0.00 0.00 -0.00 0.00 0.00 -0.00 0.00 0.00 -0.00 0.00 0.00 -0.00 0.00 0.00 -0.00 0.00 0.00 -0.00 0.00 0.00 -0.00 0.00 0.00 -0.00 0.00 0.00 -0.00 0.00 0.00 -0.00 0.00 0.00 -0.00 0.00 0.00 -0.00 0.00 0.00 -0.00 0.00 0.00 -0.00 0.00 0.00 -0.00 0.00 0.00 -0.00 0.00 0.00 -0.00 0.00 0.00 -0.00 0.00 0.00 -0.00 0.00 0.00 -0.00 0.00 0.00 -0.00 0.00 0.00 -0.00 0.00
-0.0000 0.0219 0.0000 0.00 -0.00 0.00 0.00 -0.00 0.00 0.00 -0.00 0.00 0.00 -0.00 0.00 0.00 -0.00 0.00 0.00 -0.00 0.00 0.00 -0.00 0.00 0.00 -0.00 0.00 0.00 -0.00 0.00 0.00 -0.00 0.00 0.00 -0.00 0.00 0.00 -0.00 0.00 0.00 -0.00 0.00 0.00 -0.00 0.00 0.00 -0.00 0.00 0.00 -0.00 0.00 0.00 -0.00 0.00 0.00 -0.00 0.00 69.06 -37.95 134.56 -0.00 23.42 -0.00 -6.28 10.14 20.11 -1.35 12.81 32.73 0.00 0.00 -0.00 2.00 -0.02 0.61 -0.05 -0.29 8.55 -0.04 -0.15 4.31 0.00 0.00 -0.00 0.00 -0.00 1.62 -0.00 -0.00 16.38 0.00 -0.00 8.49 0.00 0.00 -0.00 -2.00 0.08 2.24 0.26 0.63 19.89 0.20 0.31 10.45 0.00 0.00 -0.00 -4.00 0.02 0.25 0.02 0.30 4.33 0.02 0.15 2.15 0.00 -0.00 0.00 0.00 -0.00 0.00 0.00 -0.00 0.00 0.00 -0.00 0.00 0.00 -0.00 0.00 0.00 -0.00 0.00 0.00 -0.00 0.00 0.00 -0.00 0.00 0.00 -0.00 0.00 0.00 -0.00 0.00 0.00 -0.00 0.00 0.00 -0.00 0.00 0.00 -0.00 0.00 0.00 -0.00 0.00 0.00 -0.00 0.00 0.00 -0.00 0.00 0.00 -0.00 0.00 0.00 -0.00 0.00 0.00 -0.00 0.00 0.00 -0.00 0.00 0.00 -0.00 0.00 0.00 -0.00 0.00 0.00 -0.00 0.00
-0.0000 0.0216 0.0000 0.00 -0.00 0.00 0.00 -0.00 0.00 0.00 -0.00 0.00 0.00 -0.00 0.00 0.00 -0.00 0.00 0.00 -0.00 0.00 0.00 -0.00 0.00 0.00 -0.00 0.00 0.00 -0.00 0.00 0.00 -0.00 0.00 0.00 -0.00 0.00 0.00 -0.00 0.00 0.00 -0.00 0.00 0.00 -0.00 0.00 0.00 -0.00 0.00 0.00 -0.00 0.00 0.00 -0.00 0.00 0.00 -0.00 0.00 69.06 -37.95 134.56 -0.00 23.42 -0.00 -6.28 10.14 20.11 -1.35 12.81 32.73 0.00 0.00 -0.00 2.00 -0.02 0.61 -0.05 -0.29 8.55 -0.04 -0.15 4.31 0.00 0.00 -0.00 0.00 -0.00 1.62 -0.00 -0.00 16.38 0.00 -0.00 8.49 0.00 0.00 -0.00 -2.00 0.08 2.24 0.26 0.63 19.89 0.20 0.31 10.45 0.00 0.00 -0.00 -4.00 0.02 0.25 0.02 0.30 4.33 0.02 0.15 2.15 0.00 -0.00 0.00 0.00 -0.00 0.00 0.00 -0.00 0.00 0.00 -0.00 0.00 0.00 -0.00 0.00 0.00 -0.00 0.00 0.00 -0.00 0.00 0.00 -0.00 0.00 0.00 -0.00 0.00 0.00 -0.00 0.00 0.00 -0.00 0.00 0.00 -0.00 0.00 0.00 -0.00 0.00 0.00 -0.00 0.00 0.00 -0.00 0.00 0.00 -0.00 0.00 0.00 -0.00 0.00 0.00 -0.00 0.00 0.00 -0.00 0.00 0.00 -0.00 0.00 0.00 -0.00 0.00 0.00 -0.00 0.00 0.00 -0.00 0.00
-0.0000 0.0221 0.0000 0.00 -0.00 0.00 0.00 -0.00 0.00 0.00 -0.00 0.00 0.00 -0.00 0.00 0.00 -0.00 0.00 0.00 -0.00 0.00 0.00 -0.00 0.00 0.00 -0.00 0.00 0.00 -0.00 0.00 0.00 -0.00 0.00 0.00 -0.00 0.00 0.00 -0.00 0.00 0.00 -0.00 0.00 0.00 -0.00 0.00 0.00 -0.00 0.00 0.00 -0.00 0.00 0.00 -0.00 0.00 0.00 -0.00 0.00 69.06 -37.95 134.56 -0.00 23.42 -0.00 -6.28 10.14 20.11 -1.35 12.81 32.73 0.00 0.00 -0.00 2.00 -0.02 0.61 -0.05 -0.29 8.55 -0.04 -0.15 4.31 0.00 0.00 -0.00 0.00 -0.00 1.62 -0.00 -0.00 16.38 0.00 -0.00 8.49 0.00 0.00 -0.00 -2.00 0.08 2.24 0.26 0.63 19.89 0.20 0.31 10.45 0.00 0.00 -0.00 -4.00 0.02 0.25 0.02 0.30 4.33 0.02 0.15 2.15 0.00 -0.00 0.00 0.00 -0.00 0.00 0.00 -0.00 0.00 0.00 -0.00 0.00 0.00 -0.00 0.00 0.00 -0.00 0.00 0.00 -0.00 0.00 0.00 -0.00 0.00 0.00 -0.00 0.00 0.00 -0.00 0.00 0.00 -0.00 0.00 0.00 -0.00 0.00 0.00 -0.00 0.00 0.00 -0.00 0.00 0.00 -0.00 0.00 0.00 -0.00 0.00 0.00 -0.00 0.00 0.00 -0.00 0.00 0.00 -0.00 0.00 0.00 -0.00 0.00 0.00 -0.00 0.00 0.00 -0.00 0.00 0.00 -0.00 0.00
-0.0000 0.0227 0.0000 0.00 -0.00 0.00 0.00 -0.00 0.00 0.00 -0.00 0.00 0.00 -0.00 0.00 0.00 -0.00 0.00 0.00 -0.00 0.00 0.00 -0.00 0.00 0.00 -0.00 0.00 0.00 -0.00 0.00 0.00 -0.00 0.00 0.00 -0.00 0.00 0.00 -0.00 0.00 0.00 -0.00 0.00 0.00 -0.00 0.00 0.00 -0.00 0.00 0.00 -0.00 0.00 0.00 -0.00 0.00 0.00 -0.00 0.00 69.06 -37.95 134.56 -0.00 23.42 -0.00 -6.28 10.14 20.11 -1.35 12.81 32.73 0.00 0.00 -0.00 2.00 -0.02 0.61 -0.05 -0.29 8.55 -0.04 -0.15 4.31 0.00 0.00 -0.00 0.00 -0.00 1.62 -0.00 -0.00 16.38 0.00 -0.00 8.49 0.00 0.00 -0.00 -2.00 0.08 2.24 0.26 0.63 19.89 0.20 0.31 10.45 0.00 0.00 -0.00 -4.00 0.02 0.25 0.02 0.30 4.33 0.02 0.15 2.15 0.00 -0.00 0.00 0.00 -0.00 0.00 0.00 -0.00 0.00 0.00 -0.00 0.00 0.00 -0.00 0.00 0.00 -0.00 0.00 0.00 -0.00 0.00 0.00 -0.00 0.00 0.00 -0.00 0.00 0.00 -0.00 0.00 0.00 -0.00 0.00 0.00 -0.00 0.00 0.00 -0.00 0.00 0.00 -0.00 0.00 0.00 -0.00 0.00 0.00 -0.00 0.00 0.00 -0.00 0.00 0.00 -0.00 0.00 0.00 -0.00 0.00 0.00 -0.00 0.00 0.00 -0.00 0.00 0.00 -0.00 0.00 0.00 -0.00 0.00
-0.0000 0.0230 0.0000 0.00 -0.00 0.00 0.00 -0.00 0.00 0.00 -0.00 0.00 0.00 -0.00 0.00 0.00 -0.00 0.00 0.00 -0.00 0.00 0.00 -0.00 0.00 0.00 -0.00 0.00 0.00 -0.00 0.00 0.00 -0.00 0.00 0.00 -0.00 0.00 0.00 -0.00 0.00 0.00 -0.00 0.00 0.00 -0.00 0.00 0.00 -0.00 0.00 0.00 -0.00 0.00 0.00 -0.00 0.00 0.00 -0.00 0.00 69.06 -37.95 134.56 -0.00 23.42 -0.00 -6.28 10.14 20.11 -1.35 12.81 32.73 0.00 0.00 -0.00 2.00 -0.02 0.61 -0.05 -0.29 8.55 -0.04 -0.15 4.31 0.00 0.00 -0.00 0.00 -0.00 1.62 -0.00 -0.00 16.38 0.00 -0.00 8.49 0.00 0.00 -0.00 -2.00 0.08 2.24 0.26 0.63 19.89 0.20 0.31 10.45 0.00 0.00 -0.00 -4.00 0.02 0.25 0.02 0.30 4.33 0.02 0.15 2.15 0.00 -0.00 0.00 0.00 -0.00 0.00 0.00 -0.00 0.00 0.00 -0.00 0.00 0.00 -0.00 0.00 0.00 -0.00 0.00 0.00 -0.00 0.00 0.00 -0.00 0.00 0.00 -0.00 0.00 0.00 -0.00 0.00 0.00 -0.00 0.00 0.00 -0.00 0.00 0.00 -0.00 0.00 0.00 -0.00 0.00 0.00 -0.00 0.00 0.00 -0.00 0.00 0.00 -0.00 0.00 0.00 -0.00 0.00 0.00 -0.00 0.00 0.00 -0.00 0.00 0.00 -0.00 0.00 0.00 -0.00 0.00 0.00 -0.00 0.00
-0.0000 0.0223 0.0000 0.00 -0.00 0.00 0.00 -0.00 0.00 0.00 -0.00 0.00 0.00 -0.00 0.00 0.00 -0.00 0.00 0.00 -0.00 0.00 0.00 -0.00 0.00 0.00 -0.00 0.00 0.00 -0.00 0.00 0.00 -0.00 0.00 0.00 -0.00 0.00 0.00 -0.00 0.00 0.00 -0.00 0.00 0.00 -0.00 0.00 0.00 -0.00 0.00 0.00 -0.00 0.00 0.00 -0.00 0.00 0.00 -0.00 0.00 69.06 -37.95 134.56 -0.00 23.42 -0.00 -6.28 10.14 20.11 -1.35 12.81 32.73 0.00 0.00 -0.00 2.00 -0.02 0.61 -0.05 -0.29 8.55 -0.04 -0.15 4.31 0.00 0.00 -0.00 0.00 -0.00 1.62 -0.00 -0.00 16.38 0.00 -0.00 8.49 0.00 0.00 -0.00 -2.00 0.08 2.24 0.26 0.63 19.89 0.20 0.31 10.45 0.00 0.00 -0.00 -4.00 0.02 0.25 0.02 0.30 4.33 0.02 0.15 2.15 0.00 -0.00 0.00 0.00 -0.00 0.00 0.00 -0.00 0.00 0.00 -0.00 0.00 0.00 -0.00 0.00 0.00 -0.00 0.00 0.00 -0.00 0.00 0.00 -0.00 0.00 0.00 -0.00 0.00 0.00 -0.00 0.00 0.00 -0.00 0.00 0.00 -0.00 0.00 0.00 -0.00 0.00 0.00 -0.00 0.00 0.00 -0.00 0.00 0.00 -0.00 0.00 0.00 -0.00 0.00 0.00 -0.00 0.00 0.00 -0.00 0.00 0.00 -0.00 0.00 0.00 -0.00 0.00 0.00 -0.00 0.00 0.00 -0.00 0.00
-0.0000 0.0221 0.0000 0.00 -0.00 0.00 0.00 -0.00 0.00 0.00 -0.00 0.00 0.00 -0.00 0.00 0.00 -0.00 0.00 0.00 -0.00 0.00 0.00 -0.00 0.00 0.00 -0.00 0.00 0.00 -0.00 0.00 0.00 -0.00 0.00 0.00 -0.00 0.00 0.00 -0.00 0.00 0.00 -0.00 0.00 0.00 -0.00 0.00 0.00 -0.00 0.00 0.00 -0.00 0.00 0.00 -0.00 0.00 0.00 -0.00 0.00 69.06 -37.95 134.56 -0.00 23.42 -0.00 -6.28 10.14 20.11 -1.35 12.81 32.73 0.00 0.00 -0.00 2.00 -0.02 0.61 -0.05 -0.29 8.55 -0.04 -0.15 4.31 0.00 0.00 -0.00 0.00 -0.00 1.62 -0.00 -0.00 16.38 0.00 -0.00 8.49 0.00 0.00 -0.00 -2.00 0.08 2.24 0.26 0.63 19.89 0.20 0.31 10.45 0.00 0.00 -0.00 -4.00 0.02 0.25 0.02 0.30 4.33 0.02 0.15 2.15 0.00 -0.00 0.00 0.00 -0.00 0.00 0.00 -0.00 0.00 0.00 -0.00 0.00 0.00 -0.00 0.00 0.00 -0.00 0.00 0.00 -0.00 0.00 0.00 -0.00 0.00 0.00 -0.00 0.00 0.00 -0.00 0.00 0.00 -0.00 0.00 0.00 -0.00 0.00 0.00 -0.00 0.00 0.00 -0.00 0.00 0.00 -0.00 0.00 0.00 -0.00 0.00 0.00 -0.00 0.00 0.00 -0.00 0.00 0.00 -0.00 0.00 0.00 -0.00 0.00 0.00 -0.00 0.00 0.00 -0.00 0.00 0.00 -0.00 0.00
-0.0000 0.0225 0.0000 0.00 -0.00 0.00 0.00 -0.00 0.00 0.00 -0.00 0.00 0.00 -0.00 0.00 0.00 -0.00 0.00 0.00 -0.00 0.00 0.00 -0.00 0.00 0.00 -0.00 0.00 0.00 -0.00 0.00 0.00 -0.00 0.00 0.00 -0.00 0.00 0.00 -0.00 0.00 0.00 -0.00 0.00 0.00 -0.00 0.00 0.00 -0.00 0.00 0.00 -0.00 0.00 0.00 -0.00 0.00 0.00 -0.00 0.00 69.06 -37.95 134.56 -0.00 23.42 -0.00 -6.28 10.14 20.11 -1.35 12.81 32.73 0.00 0.00 -0.00 2.00 -0.02 0.61 -0.05 -0.29 8.55 -0.04 -0.15 4.31 0.00 0.00 -0.00 0.00 -0.00 1.62 -0.00 -0.00 16.38 0.00 -0.00 8.49 0.00 0.00 -0.00 -2.00 0.08 2.24 0.26 0.63 19.89 0.20 0.31 10.45 0.00 0.00 -0.00 -4.00 0.02 0.25 0.02 0.30 4.33 0.02 0.15 2.15 0.00 -0.00 0.00 0.00 -0.00 0.00 0.00 -0.00 0.00 0.00 -0.00 0.00 0.00 -0.00 0.00 0.00 -0.00 0.00 0.00 -0.00 0.00 0.00 -0.00 0.00 0.00 -0.00 0.00 0.00 -0.00 0.00 0.00 -0.00 0.00 0.00 -0.00 0.00 0.00 -0.00 0.00 0.00 -0.00 0.00 0.00 -0.00 0.00 0.00 -0.00 0.00 0.00 -0.00 0.00 0.00 -0.00 0.00 0.00 -0.00 0.00 0.00 -0.00 0.00 0.00 -0.00 0.00 0.00 -0.00 0.00 0.00 -0.00 0.00
-0.0000 0.0224 0.0000 0.00 -0.00 0.00 0.00 -0.00 0.00 0.00 -0.00 0.00 0.00 -0.00 0.00 0.00 -0.00 0.00 0.00 -0.00 0.00 0.00 -0.00 0.00 0.00 -0.00 0.00 0.00 -0.00 0.00 0.00 -0.00 0.00 0.00 -0.00 0.00 0.00 -0.00 0.00 0.00 -0.00 0.00 0.00 -0.00 0.00 0.00 -0.00 0.00 0.00 -0.00 0.00 0.00 -0.00 0.00 0.00 -0.00 0.00 69.06 -37.95 134.56 -0.00 23.42 -0.00 -6.28 10.14 20.11 -1.35 12.81 32.73 0.00 0.00 -0.00 2.00 -0.02 0.61 -0.05 -0.29 8.55 -0.04 -0.15 4.31 0.00 0.00 -0.00 0.00 -0.00 1.62 -0.00 -0.00 16.38 0.00 -0.00 8.49 0.00 0.00 -0.00 -2.00 0.08 2.24 0.26 0.63 19.89 0.20 0.31 10.45 0.00 0.00 -0.00 -4.00 0.02 0.25 0.02 0.30 4.33 0.02 0.15 2.15 0.00 -0.00 0.00 0.00 -0.00 0.00 0.00 -0.00 0.00 0.00 -0.00 0.00 0.00 -0.00 0.00 0.00 -0.00 0.00 0.00 -0.00 0.00 0.00 -0.00 0.00 0.00 -0.00 0.00 0.00 -0.00 0.00 0.00 -0.00 0.00 0.00 -0.00 0.00 0.00 -0.00 0.00 0.00 -0.00 0.00 0.00 -0.00 0.00 0.00 -0.00 0.00 0.00 -0.00 0.00 0.00 -0.00 0.00 0.00 -0.00 0.00 0.00 -0.00 0.00 0.00 -0.00 0.00 0.00 -0.00 0.00 0.00 -0.00 0.00
-0.0000 0.0221 0.0000 0.00 -0.00 0.00 0.00 -0.00 0.00 0.00 -0.00 0.00 0.00 -0.00 0.00 0.00 -0.00 0.00 0.00 -0.00 0.00 0.00 -0.00 0.00 0.00 -0.00 0.00 0.00 -0.00 0.00 0.00 -0.00 0.00 0.00 -0.00 0.00 0.00 -0.00 0.00 0.00 -0.00 0.00 0.00 -0.00 0.00 0.00 -0.00 0.00 0.00 -0.00 0.00 0.00 -0.00 0.00 0.00 -0.00 0.00 69.06 -37.95 134.56 -0.00 23.42 -0.00 -6.28 10.14 20.11 -1.35 12.81 32.73 0.00 0.00 -0.00 2.00 -0.02 0.61 -0.05 -0.29 8.55 -0.04 -0.15 4.31 0.00 0.00 -0.00 0.00 -0.00 1.62 -0.00 -0.00 16.38 0.00 -0.00 8.49 0.00 0.00 -0.00 -2.00 0.08 2.24 0.26 0.63 19.89 0.20 0.31 10.45 0.00 0.00 -0.00 -4.00 0.02 0.25 0.02 0.30 4.33 0.02 0.15 2.15 0.00 -0.00 0.00 0.00 -0.00 0.00 0.00 -0.00 0.00 0.00 -0.00 0.00 0.00 -0.00 0.00 0.00 -0.00 0.00 0.00 -0.00 0.00 0.00 -0.00 0.00 0.00 -0.00 0.00 0.00 -0.00 0.00 0.00 -0.00 0.00 0.00 -0.00 0.00 0.00 -0.00 0.00 0.00 -0.00 0.00 0.00 -0.00 0.00 0.00 -0.00 0.00 0.00 -0.00 0.00 0.00 -0.00 0.00 0.00 -0.00 0.00 0.00 -0.00 0.00 0.00 -0.00 0.00 0.00 -0.00 0.00 0.00 -0.00 0.00
-0.0000 0.0224 0.0000 0.00 -0.00 0.00 0.00 -0.00 0.00 0.00 -0.00 0.00 0.00 -0.00 0.00 0.00 -0.00 0.00 0.00 -0.00 0.00 0.00 -0.00 0.00 0.00 -0.00 0.00 0.00 -0.00 0.00 0.00 -0.00 0.00 0.00 -0.00 0.00 0.00 -0.00 0.00 0.00 -0.00 0.00 0.00 -0.00 0.00 0.00 -0.00 0.00 0.00 -0.00 0.00 0.00 -0.00 0.00 0.00 -0.00 0.00 69.06 -37.95 134.56 -0.00 23.42 -0.00 -6.28 10.14 20.11 -1.35 12.81 32.73 0.00 0.00 -0.00 2.00 -0.02 0.61 -0.05 -0.29 8.55 -0.04 -0.15 4.31 0.00 0.00 -0.00 0.00 -0.00 1.62 -0.00 -0.00 16.38 0.00 -0.00 8.49 0.00 0.00 -0.00 -2.00 0.08 2.24 0.26 0.63 19.89 0.20 0.31 10.45 0.00 0.00 -0.00 -4.00 0.02 0.25 0.02 0.30 4.33 0.02 0.15 2.15 0.00 -0.00 0.00 0.00 -0.00 0.00 0.00 -0.00 0.00 0.00 -0.00 0.00 0.00 -0.00 0.00 0.00 -0.00 0.00 0.00 -0.00 0.00 0.00 -0.00 0.00 0.00 -0.00 0.00 0.00 -0.00 0.00 0.00 -0.00 0.00 0.00 -0.00 0.00 0.00 -0.00 0.00 0.00 -0.00 0.00 0.00 -0.00 0.00 0.00 -0.00 0.00 0.00 -0.00 0.00 0.00 -0.00 0.00 0.00 -0.00 0.00 0.00 -0.00 0.00 0.00 -0.00 0.00 0.00 -0.00 0.00 0.00 -0.00 0.00
-0.0000 0.0217 0.0000 0.00 -0.00 0.00 0.00 -0.00 0.00 0.00 -0.00 0.00 0.00 -0.00 0.00 0.00 -0.00 0.00 0.00 -0.00 0.00 0.00 -0.00 0.00 0.00 -0.00 0.00 0.00 -0.00 0.00 0.00 -0.00 0.00 0.00 -0.00 0.00 0.00 -0.00 0.00 0.00 -0.00 0.00 0.00 -0.00 0.00 0.00 -0.00 0.00 0.00 -0.00 0.00 0.00 -0.00 0.00 0.00 -0.00 0.00 69.06 -37.95 134.56 -0.00 23.42 -0.00 -6.28 10.14 20.11 -1.35 12.81 32.73 0.00 0.00 -0.00 2.00 -0.02 0.61 -0.05 -0.29 8.55 -0.04 -0.15 4.31 0.00 0.00 -0.00 0.00 -0.00 1.62 -0.00 -0.00 16.38 0.00 -0.00 8.49 0.00 0.00 -0.00 -2.00 0.08 2.24 0.26 0.63 19.89 0.20 0.31 10.45 0.00 0.00 -0.00 -4.00 0.02 0.25 0.02 0.30 4.33 0.02 0.15 2.15 0.00 -0.00 0.00 0.00 -0.00 0.00 0.00 -0.00 0.00 0.00 -0.00 0.00 0.00 -0.00 0.00 0.00 -0.00 0.00 0.00 -0.00 0.00 0.00 -0.00 0.00 0.00 -0.00 0.00 0.00 -0.00 0.00 0.00 -0.00 0.00 0.00 -0.00 0.00 0.00 -0.00 0.00 0.00 -0.00 0.00 0.00 -0.00 0.00 0.00 -0.00 0.00 0.00 -0.00 0.00 0.00 -0.00 0.00 0.00 -0.00 0.00 0.00 -0.00 0.00 0.00 -0.00 0.00 0.00 -0.00 0.00 0.00 -0.00 0.00
-0.0000 0.0217 0.0000 0.00 -0.00 0.00 0.00 -0.00 0.00 0.00 -0.00 0.00 0.00 -0.00 0.00 0.00 -0.00 0.00 0.00 -0.00 0.00 0.00 -0.00 0.00 0.00 -0.00 0.00 0.00 -0.00 0.00 0.00 -0.00 0.00 0.00 -0.00 0.00 0.00 -0.00 0.00 0.00 -0.00 0.00 0.00 -0.00 0.00 0.00 -0.00 0.00 0.00 -0.00 0.00 0.00 -0.00 0.00 0.00 -0.00 0.00 69.06 -37.95 134.56 -0.00 23.42 -0.00 -6.28 10.14 20.11 -1.35 12.81 32.73 0.00 0.00 -0.00 2.00 -0.02 0.61 -0.05 -0.29 8.55 -0.04 -0.15 4.31 0.00 0.00 -0.00 0.00 -0.00 1.62 -0.00 -0.00 16.38 0.00 -0.00 8.49 0.00 0.00 -0.00 -2.00 0.08 2.24 0.26 0.63 19.89 0.20 0.31 10.45 0.00 0.00 -0.00 -4.00 0.02 0.25 0.02 0.30 4.33 0.02 0.15 2.15 0.00 -0.00 0.00 0.00 -0.00 0.00 0.00 -0.00 0.00 0.00 -0.00 0.00 0.00 -0.00 0.00 0.00 -0.00 0.00 0.00 -0.00 0.00 0.00 -0.00 0.00 0.00 -0.00 0.00 0.00 -0.00 0.00 0.00 -0.00 0.00 0.00 -0.00 0.00 0.00 -0.00 0.00 0.00 -0.00 0.00 0.00 -0.00 0.00 0.00 -0.00 0.00 0.00 -0.00 0.00 0.00 -0.00 0.00 0.00 -0.00 0.00 0.00 -0.00 0.00 0.00 -0.00 0.00 0.00 -0.00 0.00 0.00 -0.00 0.00
-0.0000 0.0224 0.0000 0.00 -0.00 0.00 0.00 -0.00 0.00 0.00 -0.00 0.00 0.00 -0.00 0.00 0.00 -0.00 0.00 0.00 -0.00 0.00 0.00 -0.00 0.00 0.00 -0.00 0.00 0.00 -0.00 0.00 0.00 -0.00 0.00 0.00 -0.00 0.00 0.00 -0.00 0.00 0.00 -0.00 0.00 0.00 -0.00 0.00 0.00 -0.00 0.00 0.00 -0.00 0.00 0.00 -0.00 0.00 0.00 -0.00 0.00 69.06 -37.95 134.56 -0.00 23.42 -0.00 -6.28 10.14 20.11 -1.35 12.81 32.73 0.00 0.00 -0.00 2.00 -0.02 0.61 -0.05 -0.29 8.55 -0.04 -0.15 4.31 0.00 0.00 -0.00 0.00 -0.00 1.62 -0.00 -0.00 16.38 0.00 -0.00 8.49 0.00 0.00 -0.00 -2.00 0.08 2.24 0.26 0.63 19.89 0.20 0.31 10.45 0.00 0.00 -0.00 -4.00 0.02 0.25 0.02 0.30 4.33 0.02 0.15 2.15 0.00 -0.00 0.00 0.00 -0.00 0.00 0.00 -0.00 0.00 0.00 -0.00 0.00 0.00 -0.00 0.00 0.00 -0.00 0.00 0.00 -0.00 0.00 0.00 -0.00 0.00 0.00 -0.00 0.00 0.00 -0.00 0.00 0.00 -0.00 0.00 0.00 -0.00 0.00 0.00 -0.00 0.00 0.00 -0.00 0.00 0.00 -0.00 0.00 0.00 -0.00 0.00 0.00 -0.00 0.00 0.00 -0.00 0.00 0.00 -0.00 0.00 0.00 -0.00 0.00 0.00 -0.00 0.00 0.00 -0.00 0.00 0.00 -0.00 0.00
-0.0000 0.0215 0.0000 0.00 -0.00 0.00 0.00 -0.00 0.00 0.00 -0.00 0.00 0.00 -0.00 0.00 0.00 -0.00 0.00 0.00 -0.00 0.00 0.00 -0.00 0.00 0.00 -0.00 0.00 0.00 -0.00 0.00 0.00 -0.00 0.00 0.00 -0.00 0.00 0.00 -0.00 0.00 0.00 -0.00 0.00 0.00 -0.00 0.00 0.00 -0.00 0.00 0.00 -0.00 0.00 0.00 -0.00 0.00 0.00 -0.00 0.00 69.06 -37.95 134.56 -0.00 23.42 -0.00 -6.28 10.14 20.11 -1.35 12.81 32.73 0.00 0.00 -0.00 2.00 -0.02 0.61 -0.05 -0.29 8.55 -0.04 -0.15 4.31 0.00 0.00 -0.00 0.00 -0.00 1.62 -0.00 -0.00 16.38 0.00 -0.00 8.49 0.00 0.00 -0.00 -2.00 0.08 2.24 0.26 0.63 19.89 0.20 0.31 10.45 0.00 0.00 -0.00 -4.00 0.02 0.25 0.02 0.30 4.33 0.02 0.15 2.15 0.00 -0.00 0.00 0.00 -0.00 0.00 0.00 -0.00 0.00 0.00 -0.00 0.00 0.00 -0.00 0.00 0.00 -0.00 0.00 0.00 -0.00 0.00 0.00 -0.00 0.00 0.00 -0.00 0.00 0.00 -0.00 0.00 0.00 -0.00 0.00 0.00 -0.00 0.00 0.00 -0.00 0.00 0.00 -0.00 0.00 0.00 -0.00 0.00 0.00 -0.00 0.00 0.00 -0.00 0.00 0.00 -0.00 0.00 0.00 -0.00 0.00 0.00 -0.00 0.00 0.00 -0.00 0.00 0.00 -0.00 0.00 0.00 -0.00 0.00
-0.0000 0.0221 0.0000 0.00 -0.00 0.00 0.00 -0.00 0.00 0.00 -0.00 0.00 0.00 -0.00 0.00 0.00 -0.00 0.00 0.00 -0.00 0.00 0.00 -0.00 0.00 0.00 -0.00 0.00 0.00 -0.00 0.00 0.00 -0.00 0.00 0.00 -0.00 0.00 0.00 -0.00 0.00 0.00 -0.00 0.00 0.00 -0.00 0.00 0.00 -0.00 0.00 0.00 -0.00 0.00 0.00 -0.00 0.00 0.00 -0.00 0.00 69.06 -37.95 134.56 -0.00 23.42 -0.00 -6.28 10.14 20.11 -1.35 12.81 32.73 0.00 0.00 -0.00 2.00 -0.02 0.61 -0.05 -0.29 8.55 -0.04 -0.15 4.31 0.00 0.00 -0.00 0.00 -0.00 1.62 -0.00 -0.00 16.38 0.00 -0.00 8.49 0.00 0.00 -0.00 -2.00 0.08 2.24 0.26 0.63 19.89 0.20 0.31 10.45 0.00 0.00 -0.00 -4.00 0.02 0.25 0.02 0.30 4.33 0.02 0.15 2.15 0.00 -0.00 0.00 0.00 -0.00 0.00 0.00 -0.00 0.00 0.00 -0.00 0.00 0.00 -0.00 0.00 0.00 -0.00 0.00 0.00 -0.00 0.00 0.00 -0.00 0.00 0.00 -0.00 0.00 0.00 -0.00 0.00 0.00 -0.00 0.00 0.00 -0.00 0.00 0.00 -0.00 0.00 0.00 -0.00 0.00 0.00 -0.00 0.00 0.00 -0.00 0.00 0.00 -0.00 0.00 0.00 -0.00 0.00 0.00 -0.00 0.00 0.00 -0.00 0.00 0.00 -0.00 0.00 0.00 -0.00 0.00 0.00 -0.00 0.00
-0.0000 0.0216 0.0000 0.00 -0.00 0.00 0.00 -0.00 0.00 0.00 -0.00 0.00 0.00 -0.00 0.00 0.00 -0.00 0.00 0.00 -0.00 0.00 0.00 -0.00 0.00 0.00 -0.00 0.00 0.00 -0.00 0.00 0.00 -0.00 0.00 0.00 -0.00 0.00 0.00 -0.00 0.00 0.00 -0.00 0.00 0.00 -0.00 0.00 0.00 -0.00 0.00 0.00 -0.00 0.00 0.00 -0.00 0.00 0.00 -0.00 0.00 69.06 -37.95 134.56 -0.00 23.42 -0.00 -6.28 10.14 20.11 -1.35 12.81 32.73 0.00 0.00 -0.00 2.00 -0.02 0.61 -0.05 -0.29 8.55 -0.04 -0.15 4.31 0.00 0.00 -0.00 0.00 -0.00 1.62 -0.00 -0.00 16.38 0.00 -0.00 8.49 0.00 0.00 -0.00 -2.00 0.08 2.24 0.26 0.63 19.89 0.20 0.31 10.45 0.00 0.00 -0.00 -4.00 0.02 0.25 0.02 0.30 4.33 0.02 0.15 2.15 0.00 -0.00 0.00 0.00 -0.00 0.00 0.00 -0.00 0.00 0.00 -0.00 0.00 0.00 -0.00 0.00 0.00 -0.00 0.00 0.00 -0.00 0.00 0.00 -0.00 0.00 0.00 -0.00 0.00 0.00 -0.00 0.00 0.00 -0.00 0.00 0.00 -0.00 0.00 0.00 -0.00 0.00 0.00 -0.00 0.00 0.00 -0.00 0.00 0.00 -0.00 0.00 0.00 -0.00 0.00 0.00 -0.00 0.00 0.00 -0.00 0.00 0.00 -0.00 0.00 0.00 -0.00 0.00 0.00 -0.00 0.00 0.00 -0.00 0.00
-0.0000 0.0217 0.0000 0.00 -0.00 0.00 0.00 -0.00 0.00 0.00 -0.00 0.00 0.00 -0.00 0.00 0.00 -0.00 0.00 0.00 -0.00 0.00 0.00 -0.00 0.00 0.00 -0.00 0.00 0.00 -0.00 0.00 0.00 -0.00 0.00 0.00 -0.00 0.00 0.00 -0.00 0.00 0.00 -0.00 0.00 0.00 -0.00 0.00 0.00 -0.00 0.00 0.00 -0.00 0.00 0.00 -0.00 0.00 0.00 -0.00 0.00 69.06 -37.95 134.56 -0.00 23.42 -0.00 -6.28 10.14 20.11 -1.35 12.81 32.73 0.00 0.00 -0.00 2.00 -0.02 0.61 -0.05 -0.29 8.55 -0.04 -0.15 4.31 0.00 0.00 -0.00 0.00 -0.00 1.62 -0.00 -0.00 16.38 0.00 -0.00 8.49 0.00 0.00 -0.00 -2.00 0.08 2.24 0.26 0.63 19.89 0.20 0.31 10.45 0.00 0.00 -0.00 -4.00 0.02 0.25 0.02 0.30 4.33 0.02 0.15 2.15 0.00 -0.00 0.00 0.00 -0.00 0.00 0.00 -0.00 0.00 0.00 -0.00 0.00 0.00 -0.00 0.00 0.00 -0.00 0.00 0.00 -0.00 0.00 0.00 -0.00 0.00 0.00 -0.00 0.00 0.00 -0.00 0.00 0.00 -0.00 0.00 0.00 -0.00 0.00 0.00 -0.00 0.00 0.00 -0.00 0.00 0.00 -0.00 0.00 0.00 -0.00 0.00 0.00 -0.00 0.00 0.00 -0.00 0.00 0.00 -0.00 0.00 0.00 -0.00 0.00 0.00 -0.00 0.00 0.00 -0.00 0.00 0.00 -0.00 0.00
-0.0000 0.0221 0.0000 0.00 -0.00 0.00 0.00 -0.00 0.00 0.00 -0.00 0.00 0.00 -0.00 0.00 0.00 -0.00 0.00 0.00 -0.00 0.00 0.00 -0.00 0.00 0.00 -0.00 0.00 0.00 -0.00 0.00 0.00 -0.00 0.00 0.00 -0.00 0.00 0.00 -0.00 0.00 0.00 -0.00 0.00 0.00 -0.00 0.00 0.00 -0.00 0.00 0.00 -0.00 0.00 0.00 -0.00 0.00 0.00 -0.00 0.00 69.06 -37.95 134.56 -0.00 23.42 -0.00 -6.28 10.14 20.11 -1.35 12.81 32.73 0.00 0.00 -0.00 2.00 -0.02 0.61 -0.05 -0.29 8.55 -0.04 -0.15 4.31 0.00 0.00 -0.00 0.00 -0.00 1.62 -0.00 -0.00 16.38 0.00 -0.00 8.49 0.00 0.00 -0.00 -2.00 0.08 2.24 0.26 0.63 19.89 0.20 0.31 10.45 0.00 0.00 -0.00 -4.00 0.02 0.25 0.02 0.30 4.33 0.02 0.15 2.15 0.00 -0.00 0.00 0.00 -0.00 0.00 0.00 -0.00 0.00 0.00 -0.00 0.00 0.00 -0.00 0.00 0.00 -0.00 0.00 0.00 -0.00 0.00 0.00 -0.00 0.00 0.00 -0.00 0.00 0.00 -0.00 0.00 0.00 -0.00 0.00 0.00 -0.00 0.00 0.00 -0.00 0.00 0.00 -0.00 0.00 0.00 -0.00 0.00 0.00 -0.00 0.00 0.00 -0.00 0.00 0.00 -0.00 0.00 0.00 -0.00 0.00 0.00 -0.00 0.00 0.00 -0.00 0.00 0.00 -0.00 0.00 0.00 -0.00 0.00
-0.0000 0.0225 0.0000 0.00 -0.00 0.00 0.00 -0.00 0.00 0.00 -0.00 0.00 0.00 -0.00 0.00 0.00 -0.00 0.00 0.00 -0.00 0.00 0.00 -0.00 0.00 0.00 -0.00 0.00 0.00 -0.00 0.00 0.00 -0.00 0.00 0.00 -0.00 0.00 0.00 -0.00 0.00 0.00 -0.00 0.00 0.00 -0.00 0.00 0.00 -0.00 0.00 0.00 -0.00 0.00 0.00 -0.00 0.00 0.00 -0.00 0.00 69.06 -37.95 134.56 -0.00 23.42 -0.00 -6.28 10.14 20.11 -1.35 12.81 32.73 0.00 0.00 -0.00 2.00 -0.02 0.61 -0.05 -0.29 8.55 -0.04 -0.15 4.31 0.00 0.00 -0.00 0.00 -0.00 1.62 -0.00 -0.00 16.38 0.00 -0.00 8.49 0.00 0.00 -0.00 -2.00 0.08 2.24 0.26 0.63 19.89 0.20 0.31 10.45 0.00 0.00 -0.00 -4.00 0.02 0.25 0.02 0.30 4.33 0.02 0.15 2.15 0.00 -0.00 0.00 0.00 -0.00 0.00 0.00 -0.00 0.00 0.00 -0.00 0.00 0.00 -0.00 0.00 0.00 -0.00 0.00 0.00 -0.00 0.00 0.00 -0.00 0.00 0.00 -0.00 0.00 0.00 -0.00 0.00 0.00 -0.00 0.00 0.00 -0.00 0.00 0.00 -0.00 0.00 0.00 -0.00 0.00 0.00 -0.00 0.00 0.00 -0.00 0.00 0.00 -0.00 0.00 0.00 -0.00 0.00 0.00 -0.00 0.00 0.00 -0.00 0.00 0.00 -0.00 0.00 0.00 -0.00 0.00 0.00 -0.00 0.00
-0.0000 0.0224 0.0000 0.00 -0.00 0.00 0.00 -0.00 0.00 0.00 -0.00 0.00 0.00 -0.00 0.00 0.00 -0.00 0.00 0.00 -0.00 0.00 0.00 -0.00 0.00 0.00 -0.00 0.00 0.00 -0.00 0.00 0.00 -0.00 0.00 0.00 -0.00 0.00 0.00 -0.00 0.00 0.00 -0.00 0.00 0.00 -0.00 0.00 0.00 -0.00 0.00 0.00 -0.00 0.00 0.00 -0.00 0.00 0.00 -0.00 0.00 69.06 -37.95 134.56 -0.00 23.42 -0.00 -6.28 10.14 20.11 -1.35 12.81 32.73 0.00 0.00 -0.00 2.00 -0.02 0.61 -0.05 -0.29 8.55 -0.04 -0.15 4.31 0.00 0.00 -0.00 0.00 -0.00 1.62 -0.00 -0.00 16.38 0.00 -0.00 8.49 0.00 0.00 -0.00 -2.00 0.08 2.24 0.26 0.63 19.89 0.20 0.31 10.45 0.00 0.00 -0.00 -4.00 0.02 0.25 0.02 0.30 4.33 0.02 0.15 2.15 0.00 -0.00 0.00 0.00 -0.00 0.00 0.00 -0.00 0.00 0.00 -0.00 0.00 0.00 -0.00 0.00 0.00 -0.00 0.00 0.00 -0.00 0.00 0.00 -0.00 0.00 0.00 -0.00 0.00 0.00 -0.00 0.00 0.00 -0.00 0.00 0.00 -0.00 0.00 0.00 -0.00 0.00 0.00 -0.00 0.00 0.00 -0.00 0.00 0.00 -0.00 0.00 0.00 -0.00 0.00 0.00 -0.00 0.00 0.00 -0.00 0.00 0.00 -0.00 0.00 0.00 -0.00 0.00 0.00 -0.00 0.00 0.00 -0.00 0.00
-0.0000 0.0217 0.0000 0.00 -0.00 0.00 0.00 -0.00 0.00 0.00 -0.00 0.00 0.00 -0.00 0.00 0.00 -0.00 0.00 0.00 -0.00 0.00 0.00 -0.00 0.00 0.00 -0.00 0.00 0.00 -0.00 0.00 0.00 -0.00 0.00 0.00 -0.00 0.00 0.00 -0.00 0.00 0.00 -0.00 0.00 0.00 -0.00 0.00 0.00 -0.00 0.00 0.00 -0.00 0.00 0.00 -0.00 0.00 0.00 -0.00 0.00 69.06 -37.95 134.56 -0.00 23.42 -0.00 -6.28 10.14 20.11 -1.35 12.81 32.73 0.00 0.00 -0.00 2.00 -0.02 0.61 -0.05 -0.29 8.55 -0.04 -0.15 4.31 0.00 0.00 -0.00 0.00 -0.00 1.62 -0.00 -0.00 16.38 0.00 -0.00 8.49 0.00 0.00 -0.00 -2.00 0.08 2.24 0.26 0.63 19.89 0.20 0.31 10.45 0.00 0.00 -0.00 -4.00 0.02 0.25 0.02 0.30 4.33 0.02 0.15 2.15 0.00 -0.00 0.00 0.00 -0.00 0.00 0.00 -0.00 0.00 0.00 -0.00 0.00 0.00 -0.00 0.00 0.00 -0.00 0.00 0.00 -0.00 0.00 0.00 -0.00 0.00 0.00 -0.00 0.00 0.00 -0.00 0.00 0.00 -0.00 0.00 0.00 -0.00 0.00 0.00 -0.00 0.00 0.00 -0.00 0.00 0.00 -0.00 0.00 0.00 -0.00 0.00 0.00 -0.00 0.00 0.00 -0.00 0.00 0.00 -0.00 0.00 0.00 -0.00 0.00 0.00 -0.00 0.00 0.00 -0.00 0.00 0.00 -0.00 0.00
-0.0000 0.0216 0.0000 0.00 -0.00 0.00 0.00 -0.00 0.00 0.00 -0.00 0.00 0.00 -0.00 0.00 0.00 -0.00 0.00 0.00 -0.00 0.00 0.00 -0.00 0.00 0.00 -0.00 0.00 0.00 -0.00 0.00 0.00 -0.00 0.00 0.00 -0.00 0.00 0.00 -0.00 0.00 0.00 -0.00 0.00 0.00 -0.00 0.00 0.00 -0.00 0.00 0.00 -0.00 0.00 0.00 -0.00 0.00 0.00 -0.00 0.00 69.06 -37.95 134.56 -0.00 23.42 -0.00 -6.28 10.14 20.11 -1.35 12.81 32.73 0.00 0.00 -0.00 2.00 -0.02 0.61 -0.05 -0.29 8.55 -0.04 -0.15 4.31 0.00 0.00 -0.00 0.00 -0.00 1.62 -0.00 -0.00 16.38 0.00 -0.00 8.49 0.00 0.00 -0.00 -2.00 0.08 2.24 0.26 0.63 19.89 0.20 0.31 10.45 0.00 0.00 -0.00 -4.00 0.02 0.25 0.02 0.30 4.33 0.02 0.15 2.15 0.00 -0.00 0.00 0.00 -0.00 0.00 0.00 -0.00 0.00 0.00 -0.00 0.00 0.00 -0.00 0.00 0.00 -0.00 0.00 0.00 -0.00 0.00 0.00 -0.00 0.00 0.00 -0.00 0.00 0.00 -0.00 0.00 0.00 -0.00 0.00 0.00 -0.00 0.00 0.00 -0.00 0.00 0.00 -0.00 0.00 0.00 -0.00 0.00 0.00 -0.00 0.00 0.00 -0.00 0.00 0.00 -0.00 0.00 0.00 -0.00 0.00 0.00 -0.00 0.00 0.00 -0.00 0.00 0.00 -0.00 0.00 0.00 -0.00 0.00
-0.0000 0.0224 0.0000 0.00 -0.00 0.00 0.00 -0.00 0.00 0.00 -0.00 0.00 0.00 -0.00 0.00 0.00 -0.00 0.00 0.00 -0.00 0.00 0.00 -0.00 0.00 0.00 -0.00 0.00 0.00 -0.00 0.00 0.00 -0.00 0.00 0.00 -0.00 0.00 0.00 -0.00 0.00 0.00 -0.00 0.00 0.00 -0.00 0.00 0.00 -0.00 0.00 0.00 -0.00 0.00 0.00 -0.00 0.00 0.00 -0.00 0.00 69.06 -37.95 134.56 -0.00 23.42 -0.00 -6.28 10.14 20.11 -1.35 12.81 32.73 0.00 0.00 -0.00 2.00 -0.02 0.61 -0.05 -0.29 8.55 -0.04 -0.15 4.31 0.00 0.00 -0.00 0.00 -0.00 1.62 -0.00 -0.00 16.38 0.00 -0.00 8.49 0.00 0.00 -0.00 -2.00 0.08 2.24 0.26 0.63 19.89 0.20 0.31 10.45 0.00 0.00 -0.00 -4.00 0.02 0.25 0.02 0.30 4.33 0.02 0.15 2.15 0.00 -0.00 0.00 0.00 -0.00 0.00 0.00 -0.00 0.00 0.00 -0.00 0.00 0.00 -0.00 0.00 0.00 -0.00 0.00 0.00 -0.00 0.00 0.00 -0.00 0.00 0.00 -0.00 0.00 0.00 -0.00 0.00 0.00 -0.00 0.00 0.00 -0.00 0.00 0.00 -0.00 0.00 0.00 -0.00 0.00 0.00 -0.00 0.00 0.00 -0.00 0.00 0.00 -0.00 0.00 0.00 -0.00 0.00 0.00 -0.00 0.00 0.00 -0.00 0.00 0.00 -0.00 0.00 0.00 -0.00 0.00 0.00 -0.00 0.00
-0.0000 0.0238 0.0000 0.00 -0.00 0.00 0.00 -0.00 0.00 0.00 -0.00 0.00 0.00 -0.00 0.00 0.00 -0.00 0.00 0.00 -0.00 0.00 0.00 -0.00 0.00 0.00 -0.00 0.00 0.00 -0.00 0.00 0.00 -0.00 0.00 0.00 -0.00 0.00 0.00 -0.00 0.00 0.00 -0.00 0.00 0.00 -0.00 0.00 0.00 -0.00 0.00 0.00 -0.00 0.00 0.00 -0.00 0.00 0.00 -0.00 0.00 69.06 -37.95 134.56 -0.00 23.42 -0.00 -6.28 10.14 20.11 -1.35 12.81 32.73 0.00 0.00 -0.00 2.00 -0.02 0.61 -0.05 -0.29 8.55 -0.04 -0.15 4.31 0.00 0.00 -0.00 0.00 -0.00 1.62 -0.00 -0.00 16.38 0.00 -0.00 8.49 0.00 0.00 -0.00 -2.00 0.08 2.24 0.26 0.63 19.89 0.20 0.31 10.45 0.00 0.00 -0.00 -4.00 0.02 0.25 0.02 0.30 4.33 0.02 0.15 2.15 0.00 -0.00 0.00 0.00 -0.00 0.00 0.00 -0.00 0.00 0.00 -0.00 0.00 0.00 -0.00 0.00 0.00 -0.00 0.00 0.00 -0.00 0.00 0.00 -0.00 0.00 0.00 -0.00 0.00 0.00 -0.00 0.00 0.00 -0.00 0.00 0.00 -0.00 0.00 0.00 -0.00 0.00 0.00 -0.00 0.00 0.00 -0.00 0.00 0.00 -0.00 0.00 0.00 -0.00 0.00 0.00 -0.00 0.00 0.00 -0.00 0.00 0.00 -0.00 0.00 0.00 -0.00 0.00 0.00 -0.00 0.00 0.00 -0.00 0.00
-0.0000 0.0243 0.0000 0.00 -0.00 0.00 0.00 -0.00 0.00 0.00 -0.00 0.00 0.00 -0.00 0.00 0.00 -0.00 0.00 0.00 -0.00 0.00 0.00 -0.00 0.00 0.00 -0.00 0.00 0.00 -0.00 0.00 0.00 -0.00 0.00 0.00 -0.00 0.00 0.00 -0.00 0.00 0.00 -0.00 0.00 0.00 -0.00 0.00 0.00 -0.00 0.00 0.00 -0.00 0.00 0.00 -0.00 0.00 0.00 -0.00 0.00 69.06 -37.95 134.56 -0.00 23.42 -0.00 -6.28 10.14 20.11 -1.35 12.81 32.73 0.00 0.00 -0.00 2.00 -0.02 0.61 -0.05 -0.29 8.55 -0.04 -0.15 4.31 0.00 0.00 -0.00 0.00 -0.00 1.62 -0.00 -0.00 16.38 0.00 -0.00 8.49 0.00 0.00 -0.00 -2.00 0.08 2.24 0.26 0.63 19.89 0.20 0.31 10.45 0.00 0.00 -0.00 -4.00 0.02 0.25 0.02 0.30 4.33 0.02 0.15 2.15 0.00 -0.00 0.00 0.00 -0.00 0.00 0.00 -0.00 0.00 0.00 -0.00 0.00 0.00 -0.00 0.00 0.00 -0.00 0.00 0.00 -0.00 0.00 0.00 -0.00 0.00 0.00 -0.00 0.00 0.00 -0.00 0.00 0.00 -0.00 0.00 0.00 -0.00 0.00 0.00 -0.00 0.00 0.00 -0.00 0.00 0.00 -0.00 0.00 0.00 -0.00 0.00 0.00 -0.00 0.00 0.00 -0.00 0.00 0.00 -0.00 0.00 0.00 -0.00 0.00 0.00 -0.00 0.00 0.00 -0.00 0.00 0.00 -0.00 0.00
-0.0000 0.0242 0.0000 0.00 -0.00 0.00 0.00 -0.00 0.00 0.00 -0.00 0.00 0.00 -0.00 0.00 0.00 -0.00 0.00 0.00 -0.00 0.00 0.00 -0.00 0.00 0.00 -0.00 0.00 0.00 -0.00 0.00 0.00 -0.00 0.00 0.00 -0.00 0.00 0.00 -0.00 0.00 0.00 -0.00 0.00 0.00 -0.00 0.00 0.00 -0.00 0.00 0.00 -0.00 0.00 0.00 -0.00 0.00 0.00 -0.00 0.00 69.06 -37.95 134.56 -0.00 23.42 -0.00 -6.28 10.14 20.11 -1.35 12.81 32.73 0.00 0.00 -0.00 2.00 -0.02 0.61 -0.05 -0.29 8.55 -0.04 -0.15 4.31 0.00 0.00 -0.00 0.00 -0.00 1.62 -0.00 -0.00 16.38 0.00 -0.00 8.49 0.00 0.00 -0.00 -2.00 0.08 2.24 0.26 0.63 19.89 0.20 0.31 10.45 0.00 0.00 -0.00 -4.00 0.02 0.25 0.02 0.30 4.33 0.02 0.15 2.15 0.00 -0.00 0.00 0.00 -0.00 0.00 0.00 -0.00 0.00 0.00 -0.00 0.00 0.00 -0.00 0.00 0.00 -0.00 0.00 0.00 -0.00 0.00 0.00 -0.00 0.00 0.00 -0.00 0.00 0.00 -0.00 0.00 0.00 -0.00 0.00 0.00 -0.00 0.00 0.00 -0.00 0.00 0.00 -0.00 0.00 0.00 -0.00 0.00 0.00 -0.00 0.00 0.00 -0.00 0.00 0.00 -0.00 0.00 0.00 -0.00 0.00 0.00 -0.00 0.00 0.00 -0.00 0.00 0.00 -0.00 0.00 0.00 -0.00 0.00
-0.0000 0.0235 0.0000 0.00 -0.00 0.00 0.00 -0.00 0.00 0.00 -0.00 0.00 0.00 -0.00 0.00 0.00 -0.00 0.00 0.00 -0.00 0.00 0.00 -0.00 0.00 0.00 -0.00 0.00 0.00 -0.00 0.00 0.00 -0.00 0.00 0.00 -0.00 0.00 0.00 -0.00 0.00 0.00 -0.00 0.00 0.00 -0.00 0.00 0.00 -0.00 0.00 0.00 -0.00 0.00 0.00 -0.00 0.00 0.00 -0.00 0.00 69.06 -37.95 134.56 -0.00 23.42 -0.00 -6.28 10.14 20.11 -1.35 12.81 32.73 0.00 0.00 -0.00 2.00 -0.02 0.61 -0.05 -0.29 8.55 -0.04 -0.15 4.31 0.00 0.00 -0.00 0.00 -0.00 1.62 -0.00 -0.00 16.38 0.00 -0.00 8.49 0.00 0.00 -0.00 -2.00 0.08 2.24 0.26 0.63 19.89 0.20 0.31 10.45 0.00 0.00 -0.00 -4.00 0.02 0.25 0.02 0.30 4.33 0.02 0.15 2.15 0.00 -0.00 0.00 0.00 -0.00 0.00 0.00 -0.00 0.00 0.00 -0.00 0.00 0.00 -0.00 0.00 0.00 -0.00 0.00 0.00 -0.00 0.00 0.00 -0.00 0.00 0.00 -0.00 0.00 0.00 -0.00 0.00 0.00 -0.00 0.00 0.00 -0.00 0.00 0.00 -0.00 0.00 0.00 -0.00 0.00 0.00 -0.00 0.00 0.00 -0.00 0.00 0.00 -0.00 0.00 0.00 -0.00 0.00 0.00 -0.00 0.00 0.00 -0.00 0.00 0.00 -0.00 0.00 0.00 -0.00 0.00 0.00 -0.00 0.00
-0.0000 0.0245 0.0000 0.00 -0.00 0.00 0.00 -0.00 0.00 0.00 -0.00 0.00 0.00 -0.00 0.00 0.00 -0.00 0.00 0.00 -0.00 0.00 0.00 -0.00 0.00 0.00 -0.00 0.00 0.00 -0.00 0.00 0.00 -0.00 0.00 0.00 -0.00 0.00 0.00 -0.00 0.00 0.00 -0.00 0.00 0.00 -0.00 0.00 0.00 -0.00 0.00 0.00 -0.00 0.00 0.00 -0.00 0.00 0.00 -0.00 0.00 69.06 -37.95 134.56 -0.00 23.42 -0.00 -6.28 10.14 20.11 -1.35 12.81 32.73 0.00 0.00 -0.00 2.00 -0.02 0.61 -0.05 -0.29 8.55 -0.04 -0.15 4.31 0.00 0.00 -0.00 0.00 -0.00 1.62 -0.00 -0.00 16.38 0.00 -0.00 8.49 0.00 0.00 -0.00 -2.00 0.08 2.24 0.26 0.63 19.89 0.20 0.31 10.45 0.00 0.00 -0.00 -4.00 0.02 0.25 0.02 0.30 4.33 0.02 0.15 2.15 0.00 -0.00 0.00 0.00 -0.00 0.00 0.00 -0.00 0.00 0.00 -0.00 0.00 0.00 -0.00 0.00 0.00 -0.00 0.00 0.00 -0.00 0.00 0.00 -0.00 0.00 0.00 -0.00 0.00 0.00 -0.00 0.00 0.00 -0.00 0.00 0.00 -0.00 0.00 0.00 -0.00 0.00 0.00 -0.00 0.00 0.00 -0.00 0.00 0.00 -0.00 0.00 0.00 -0.00 0.00 0.00 -0.00 0.00 0.00 -0.00 0.00 0.00 -0.00 0.00 0.00 -0.00 0.00 0.00 -0.00 0.00 0.00 -0.00 0.00
-0.0000 0.0256 0.0000 0.00 -0.00 0.00 0.00 -0.00 0.00 0.00 -0.00 0.00 0.00 -0.00 0.00 0.00 -0.00 0.00 0.00 -0.00 0.00 0.00 -0.00 0.00 0.00 -0.00 0.00 0.00 -0.00 0.00 0.00 -0.00 0.00 0.00 -0.00 0.00 0.00 -0.00 0.00 0.00 -0.00 0.00 0.00 -0.00 0.00 0.00 -0.00 0.00 0.00 -0.00 0.00 0.00 -0.00 0.00 0.00 -0.00 0.00 69.06 -37.95 134.56 -0.00 23.42 -0.00 -6.28 10.14 20.11 -1.35 12.81 32.73 0.00 0.00 -0.00 2.00 -0.02 0.61 -0.05 -0.29 8.55 -0.04 -0.15 4.31 0.00 0.00 -0.00 0.00 -0.00 1.62 -0.00 -0.00 16.38 0.00 -0.00 8.49 0.00 0.00 -0.00 -2.00 0.08 2.24 0.26 0.63 19.89 0.20 0.31 10.45 0.00 0.00 -0.00 -4.00 0.02 0.25 0.02 0.30 4.33 0.02 0.15 2.15 0.00 -0.00 0.00 0.00 -0.00 0.00 0.00 -0.00 0.00 0.00 -0.00 0.00 0.00 -0.00 0.00 0.00 -0.00 0.00 0.00 -0.00 0.00 0.00 -0.00 0.00 0.00 -0.00 0.00 0.00 -0.00 0.00 0.00 -0.00 0.00 0.00 -0.00 0.00 0.00 -0.00 0.00 0.00 -0.00 0.00 0.00 -0.00 0.00 0.00 -0.00 0.00 0.00 -0.00 0.00 0.00 -0.00 0.00 0.00 -0.00 0.00 0.00 -0.00 0.00 0.00 -0.00 0.00 0.00 -0.00 0.00 0.00 -0.00 0.00
-0.0000 0.0268 0.0000 0.00 -0.00 0.00 0.00 -0.00 0.00 0.00 -0.00 0.00 0.00 -0.00 0.00 0.00 -0.00 0.00 0.00 -0.00 0.00 0.00 -0.00 0.00 0.00 -0.00 0.00 0.00 -0.00 0.00 0.00 -0.00 0.00 0.00 -0.00 0.00 0.00 -0.00 0.00 0.00 -0.00 0.00 0.00 -0.00 0.00 0.00 -0.00 0.00 0.00 -0.00 0.00 0.00 -0.00 0.00 0.00 -0.00 0.00 69.06 -37.95 134.56 -0.00 23.42 -0.00 -6.28 10.14 20.11 -1.35 12.81 32.73 0.00 0.00 -0.00 2.00 -0.02 0.61 -0.05 -0.29 8.55 -0.04 -0.15 4.31 0.00 0.00 -0.00 0.00 -0.00 1.62 -0.00 -0.00 16.38 0.00 -0.00 8.49 0.00 0.00 -0.00 -2.00 0.08 2.24 0.26 0.63 19.89 0.20 0.31 10.45 0.00 0.00 -0.00 -4.00 0.02 0.25 0.02 0.30 4.33 0.02 0.15 2.15 0.00 -0.00 0.00 0.00 -0.00 0.00 0.00 -0.00 0.00 0.00 -0.00 0.00 0.00 -0.00 0.00 0.00 -0.00 0.00 0.00 -0.00 0.00 0.00 -0.00 0.00 0.00 -0.00 0.00 0.00 -0.00 0.00 0.00 -0.00 0.00 0.00 -0.00 0.00 0.00 -0.00 0.00 0.00 -0.00 0.00 0.00 -0.00 0.00 0.00 -0.00 0.00 0.00 -0.00 0.00 0.00 -0.00 0.00 0.00 -0.00 0.00 0.00 -0.00 0.00 0.00 -0.00 0.00 0.00 -0.00 0.00 0.00 -0.00 0.00
-0.0000 0.0273 0.0000 0.00 -0.00 0.00 0.00 -0.00 0.00 0.00 -0.00 0.00 0.00 -0.00 0.00 0.00 -0.00 0.00 0.00 -0.00 0.00 0.00 -0.00 0.00 0.00 -0.00 0.00 0.00 -0.00 0.00 0.00 -0.00 0.00 0.00 -0.00 0.00 0.00 -0.00 0.00 0.00 -0.00 0.00 0.00 -0.00 0.00 0.00 -0.00 0.00 0.00 -0.00 0.00 0.00 -0.00 0.00 0.00 -0.00 0.00 69.06 -37.95 134.56 -0.00 23.42 -0.00 -6.28 10.14 20.11 -1.35 12.81 32.73 0.00 0.00 -0.00 2.00 -0.02 0.61 -0.05 -0.29 8.55 -0.04 -0.15 4.31 0.00 0.00 -0.00 0.00 -0.00 1.62 -0.00 -0.00 16.38 0.00 -0.00 8.49 0.00 0.00 -0.00 -2.00 0.08 2.24 0.26 0.63 19.89 0.20 0.31 10.45 0.00 0.00 -0.00 -4.00 0.02 0.25 0.02 0.30 4.33 0.02 0.15 2.15 0.00 -0.00 0.00 0.00 -0.00 0.00 0.00 -0.00 0.00 0.00 -0.00 0.00 0.00 -0.00 0.00 0.00 -0.00 0.00 0.00 -0.00 0.00 0.00 -0.00 0.00 0.00 -0.00 0.00 0.00 -0.00 0.00 0.00 -0.00 0.00 0.00 -0.00 0.00 0.00 -0.00 0.00 0.00 -0.00 0.00 0.00 -0.00 0.00 0.00 -0.00 0.00 0.00 -0.00 0.00 0.00 -0.00 0.00 0.00 -0.00 0.00 0.00 -0.00 0.00 0.00 -0.00 0.00 0.00 -0.00 0.00 0.00 -0.00 0.00
-0.0000 0.0270 0.0000 0.00 -0.00 0.00 0.00 -0.00 0.00 0.00 -0.00 0.00 0.00 -0.00 0.00 0.00 -0.00 0.00 0.00 -0.00 0.00 0.00 -0.00 0.00 0.00 -0.00 0.00 0.00 -0.00 0.00 0.00 -0.00 0.00 0.00 -0.00 0.00 0.00 -0.00 0.00 0.00 -0.00 0.00 0.00 -0.00 0.00 0.00 -0.00 0.00 0.00 -0.00 0.00 0.00 -0.00 0.00 0.00 -0.00 0.00 69.06 -37.95 134.56 -0.00 23.42 -0.00 -6.28 10.14 20.11 -1.35 12.81 32.73 0.00 0.00 -0.00 2.00 -0.02 0.61 -0.05 -0.29 8.55 -0.04 -0.15 4.31 0.00 0.00 -0.00 0.00 -0.00 1.62 -0.00 -0.00 16.38 0.00 -0.00 8.49 0.00 0.00 -0.00 -2.00 0.08 2.24 0.26 0.63 19.89 0.20 0.31 10.45 0.00 0.00 -0.00 -4.00 0.02 0.25 0.02 0.30 4.33 0.02 0.15 2.15 0.00 -0.00 0.00 0.00 -0.00 0.00 0.00 -0.00 0.00 0.00 -0.00 0.00 0.00 -0.00 0.00 0.00 -0.00 0.00 0.00 -0.00 0.00 0.00 -0.00 0.00 0.00 -0.00 0.00 0.00 -0.00 0.00 0.00 -0.00 0.00 0.00 -0.00 0.00 0.00 -0.00 0.00 0.00 -0.00 0.00 0.00 -0.00 0.00 0.00 -0.00 0.00 0.00 -0.00 0.00 0.00 -0.00 0.00 0.00 -0.00 0.00 0.00 -0.00 0.00 0.00 -0.00 0.00 0.00 -0.00 0.00 0.00 -0.00 0.00
-0.0000 0.0271 0.0000 0.00 -0.00 0.00 0.00 -0.00 0.00 0.00 -0.00 0.00 0.00 -0.00 0.00 0.00 -0.00 0.00 0.00 -0.00 0.00 0.00 -0.00 0.00 0.00 -0.00 0.00 0.00 -0.00 0.00 0.00 -0.00 0.00 0.00 -0.00 0.00 0.00 -0.00 0.00 0.00 -0.00 0.00 0.00 -0.00 0.00 0.00 -0.00 0.00 0.00 -0.00 0.00 0.00 -0.00 0.00 0.00 -0.00 0.00 69.06 -37.95 134.56 -0.00 23.42 -0.00 -6.28 10.14 20.11 -1.35 12.81 32.73 0.00 0.00 -0.00 2.00 -0.02 0.61 -0.05 -0.29 8.55 -0.04 -0.15 4.31 0.00 0.00 -0.00 0.00 -0.00 1.62 -0.00 -0.00 16.38 0.00 -0.00 8.49 0.00 0.00 -0.00 -2.00 0.08 2.24 0.26 0.63 19.89 0.20 0.31 10.45 0.00 0.00 -0.00 -4.00 0.02 0.25 0.02 0.30 4.33 0.02 0.15 2.15 0.00 -0.00 0.00 0.00 -0.00 0.00 0.00 -0.00 0.00 0.00 -0.00 0.00 0.00 -0.00 0.00 0.00 -0.00 0.00 0.00 -0.00 0.00 0.00 -0.00 0.00 0.00 -0.00 0.00 0.00 -0.00 0.00 0.00 -0.00 0.00 0.00 -0.00 0.00 0.00 -0.00 0.00 0.00 -0.00 0.00 0.00 -0.00 0.00 0.00 -0.00 0.00 0.00 -0.00 0.00 0.00 -0.00 0.00 0.00 -0.00 0.00 0.00 -0.00 0.00 0.00 -0.00 0.00 0.00 -0.00 0.00 0.00 -0.00 0.00
-0.0000 0.0284 0.0000 0.00 -0.00 0.00 0.00 -0.00 0.00 0.00 -0.00 0.00 0.00 -0.00 0.00 0.00 -0.00 0.00 0.00 -0.00 0.00 0.00 -0.00 0.00 0.00 -0.00 0.00 0.00 -0.00 0.00 0.00 -0.00 0.00 0.00 -0.00 0.00 0.00 -0.00 0.00 0.00 -0.00 0.00 0.00 -0.00 0.00 0.00 -0.00 0.00 0.00 -0.00 0.00 0.00 -0.00 0.00 0.00 -0.00 0.00 69.06 -37.95 134.56 -0.00 23.42 -0.00 -6.28 10.14 20.11 -1.35 12.81 32.73 0.00 0.00 -0.00 2.00 -0.02 0.61 -0.05 -0.29 8.55 -0.04 -0.15 4.31 0.00 0.00 -0.00 0.00 -0.00 1.62 -0.00 -0.00 16.38 0.00 -0.00 8.49 0.00 0.00 -0.00 -2.00 0.08 2.24 0.26 0.63 19.89 0.20 0.31 10.45 0.00 0.00 -0.00 -4.00 0.02 0.25 0.02 0.30 4.33 0.02 0.15 2.15 0.00 -0.00 0.00 0.00 -0.00 0.00 0.00 -0.00 0.00 0.00 -0.00 0.00 0.00 -0.00 0.00 0.00 -0.00 0.00 0.00 -0.00 0.00 0.00 -0.00 0.00 0.00 -0.00 0.00 0.00 -0.00 0.00 0.00 -0.00 0.00 0.00 -0.00 0.00 0.00 -0.00 0.00 0.00 -0.00 0.00 0.00 -0.00 0.00 0.00 -0.00 0.00 0.00 -0.00 0.00 0.00 -0.00 0.00 0.00 -0.00 0.00 0.00 -0.00 0.00 0.00 -0.00 0.00 0.00 -0.00 0.00 0.00 -0.00 0.00
-0.0000 0.0289 0.0000 0.00 -0.00 0.00 0.00 -0.00 0.00 0.00 -0.00 0.00 0.00 -0.00 0.00 0.00 -0.00 0.00 0.00 -0.00 0.00 0.00 -0.00 0.00 0.00 -0.00 0.00 0.00 -0.00 0.00 0.00 -0.00 0.00 0.00 -0.00 0.00 0.00 -0.00 0.00 0.00 -0.00 0.00 0.00 -0.00 0.00 0.00 -0.00 0.00 0.00 -0.00 0.00 0.00 -0.00 0.00 0.00 -0.00 0.00 69.06 -37.95 134.56 -0.00 23.42 -0.00 -6.28 10.14 20.11 -1.35 12.81 32.73 0.00 0.00 -0.00 2.00 -0.02 0.61 -0.05 -0.29 8.55 -0.04 -0.15 4.31 0.00 0.00 -0.00 0.00 -0.00 1.62 -0.00 -0.00 16.38 0.00 -0.00 8.49 0.00 0.00 -0.00 -2.00 0.08 2.24 0.26 0.63 19.89 0.20 0.31 10.45 0.00 0.00 -0.00 -4.00 0.02 0.25 0.02 0.30 4.33 0.02 0.15 2.15 0.00 -0.00 0.00 0.00 -0.00 0.00 0.00 -0.00 0.00 0.00 -0.00 0.00 0.00 -0.00 0.00 0.00 -0.00 0.00 0.00 -0.00 0.00 0.00 -0.00 0.00 0.00 -0.00 0.00 0.00 -0.00 0.00 0.00 -0.00 0.00 0.00 -0.00 0.00 0.00 -0.00 0.00 0.00 -0.00 0.00 0.00 -0.00 0.00 0.00 -0.00 0.00 0.00 -0.00 0.00 0.00 -0.00 0.00 0.00 -0.00 0.00 0.00 -0.00 0.00 0.00 -0.00 0.00 0.00 -0.00 0.00 0.00 -0.00 0.00
-0.0000 0.0288 0.0000 0.00 -0.00 0.00 0.00 -0.00 0.00 0.00 -0.00 0.00 0.00 -0.00 0.00 0.00 -0.00 0.00 0.00 -0.00 0.00 0.00 -0.00 0.00 0.00 -0.00 0.00 0.00 -0.00 0.00 0.00 -0.00 0.00 0.00 -0.00 0.00 0.00 -0.00 0.00 0.00 -0.00 0.00 0.00 -0.00 0.00 0.00 -0.00 0.00 0.00 -0.00 0.00 0.00 -0.00 0.00 0.00 -0.00 0.00 69.06 -37.95 134.56 -0.00 23.42 -0.00 -6.28 10.14 20.11 -1.35 12.81 32.73 0.00 0.00 -0.00 2.00 -0.02 0.61 -0.05 -0.29 8.55 -0.04 -0.15 4.31 0.00 0.00 -0.00 0.00 -0.00 1.62 -0.00 -0.00 16.38 0.00 -0.00 8.49 0.00 0.00 -0.00 -2.00 0.08 2.24 0.26 0.63 19.89 0.20 0.31 10.45 0.00 0.00 -0.00 -4.00 0.02 0.25 0.02 0.30 4.33 0.02 0.15 2.15 0.00 -0.00 0.00 0.00 -0.00 0.00 0.00 -0.00 0.00 0.00 -0.00 0.00 0.00 -0.00 0.00 0.00 -0.00 0.00 0.00 -0.00 0.00 0.00 -0.00 0.00 0.00 -0.00 0.00 0.00 -0.00 0.00 0.00 -0.00 0.00 0.00 -0.00 0.00 0.00 -0.00 0.00 0.00 -0.00 0.00 0.00 -0.00 0.00 0.00 -0.00 0.00 0.00 -0.00 0.00 0.00 -0.00 0.00 0.00 -0.00 0.00 0.00 -0.00 0.00 0.00 -0.00 0.00 0.00 -0.00 0.00 0.00 -0.00 0.00
-0.0000 0.0288 0.0000 0.00 -0.00 0.00 0.00 -0.00 0.00 0.00 -0.00 0.00 0.00 -0.00 0.00 0.00 -0.00 0.00 0.00 -0.00 0.00 0.00 -0.00 0.00 0.00 -0.00 0.00 0.00 -0.00 0.00 0.00 -0.00 0.00 0.00 -0.00 0.00 0.00 -0.00 0.00 0.00 -0.00 0.00 0.00 -0.00 0.00 0.00 -0.00 0.00 0.00 -0.00 0.00 0.00 -0.00 0.00 0.00 -0.00 0.00 69.06 -37.95 134.56 -0.00 23.42 -0.00 -6.28 10.14 20.11 -1.35 12.81 32.73 0.00 0.00 -0.00 2.00 -0.02 0.61 -0.05 -0.29 8.55 -0.04 -0.15 4.31 0.00 0.00 -0.00 0.00 -0.00 1.62 -0.00 -0.00 16.38 0.00 -0.00 8.49 0.00 0.00 -0.00 -2.00 0.08 2.24 0.26 0.63 19.89 0.20 0.31 10.45 0.00 0.00 -0.00 -4.00 0.02 0.25 0.02 0.30 4.33 0.02 0.15 2.15 0.00 -0.00 0.00 0.00 -0.00 0.00 0.00 -0.00 0.00 0.00 -0.00 0.00 0.00 -0.00 0.00 0.00 -0.00 0.00 0.00 -0.00 0.00 0.00 -0.00 0.00 0.00 -0.00 0.00 0.00 -0.00 0.00 0.00 -0.00 0.00 0.00 -0.00 0.00 0.00 -0.00 0.00 0.00 -0.00 0.00 0.00 -0.00 0.00 0.00 -0.00 0.00 0.00 -0.00 0.00 0.00 -0.00 0.00 0.00 -0.00 0.00 0.00 -0.00 0.00 0.00 -0.00 0.00 0.00 -0.00 0.00 0.00 -0.00 0.00
-0.0000 0.0288 0.0000 0.00 -0.00 0.00 0.00 -0.00 0.00 0.00 -0.00 0.00 0.00 -0.00 0.00 0.00 -0.00 0.00 0.00 -0.00 0.00 0.00 -0.00 0.00 0.00 -0.00 0.00 0.00 -0.00 0.00 0.00 -0.00 0.00 0.00 -0.00 0.00 0.00 -0.00 0.00 0.00 -0.00 0.00 0.00 -0.00 0.00 0.00 -0.00 0.00 0.00 -0.00 0.00 0.00 -0.00 0.00 0.00 -0.00 0.00 69.06 -37.95 134.56 -0.00 23.42 -0.00 -6.28 10.14 20.11 -1.35 12.81 32.73 0.00 0.00 -0.00 2.00 -0.02 0.61 -0.05 -0.29 8.55 -0.04 -0.15 4.31 0.00 0.00 -0.00 0.00 -0.00 1.62 -0.00 -0.00 16.38 0.00 -0.00 8.49 0.00 0.00 -0.00 -2.00 0.08 2.24 0.26 0.63 19.89 0.20 0.31 10.45 0.00 0.00 -0.00 -4.00 0.02 0.25 0.02 0.30 4.33 0.02 0.15 2.15 0.00 -0.00 0.00 0.00 -0.00 0.00 0.00 -0.00 0.00 0.00 -0.00 0.00 0.00 -0.00 0.00 0.00 -0.00 0.00 0.00 -0.00 0.00 0.00 -0.00 0.00 0.00 -0.00 0.00 0.00 -0.00 0.00 0.00 -0.00 0.00 0.00 -0.00 0.00 0.00 -0.00 0.00 0.00 -0.00 0.00 0.00 -0.00 0.00 0.00 -0.00 0.00 0.00 -0.00 0.00 0.00 -0.00 0.00 0.00 -0.00 0.00 0.00 -0.00 0.00 0.00 -0.00 0.00 0.00 -0.00 0.00 0.00 -0.00 0.00
-0.0000 0.0282 0.0000 0.00 -0.00 0.00 0.00 -0.00 0.00 0.00 -0.00 0.00 0.00 -0.00 0.00 0.00 -0.00 0.00 0.00 -0.00 0.00 0.00 -0.00 0.00 0.00 -0.00 0.00 0.00 -0.00 0.00 0.00 -0.00 0.00 0.00 -0.00 0.00 0.00 -0.00 0.00 0.00 -0.00 0.00 0.00 -0.00 0.00 0.00 -0.00 0.00 0.00 -0.00 0.00 0.00 -0.00 0.00 0.00 -0.00 0.00 69.06 -37.95 134.56 -0.00 23.42 -0.00 -6.28 10.14 20.11 -1.35 12.81 32.73 0.00 0.00 -0.00 2.00 -0.02 0.61 -0.05 -0.29 8.55 -0.04 -0.15 4.31 0.00 0.00 -0.00 0.00 -0.00 1.62 -0.00 -0.00 16.38 0.00 -0.00 8.49 0.00 0.00 -0.00 -2.00 0.08 2.24 0.26 0.63 19.89 0.20 0.31 10.45 0.00 0.00 -0.00 -4.00 0.02 0.25 0.02 0.30 4.33 0.02 0.15 2.15 0.00 -0.00 0.00 0.00 -0.00 0.00 0.00 -0.00 0.00 0.00 -0.00 0.00 0.00 -0.00 0.00 0.00 -0.00 0.00 0.00 -0.00 0.00 0.00 -0.00 0.00 0.00 -0.00 0.00 0.00 -0.00 0.00 0.00 -0.00 0.00 0.00 -0.00 0.00 0.00 -0.00 0.00 0.00 -0.00 0.00 0.00 -0.00 0.00 0.00 -0.00 0.00 0.00 -0.00 0.00 0.00 -0.00 0.00 0.00 -0.00 0.00 0.00 -0.00 0.00 0.00 -0.00 0.00 0.00 -0.00 0.00 0.00 -0.00 0.00
-0.0000 0.0289 0.0000 0.00 -0.00 0.00 0.00 -0.00 0.00 0.00 -0.00 0.00 0.00 -0.00 0.00 0.00 -0.00 0.00 0.00 -0.00 0.00 0.00 -0.00 0.00 0.00 -0.00 0.00 0.00 -0.00 0.00 0.00 -0.00 0.00 0.00 -0.00 0.00 0.00 -0.00 0.00 0.00 -0.00 0.00 0.00 -0.00 0.00 0.00 -0.00 0.00 0.00 -0.00 0.00 0.00 -0.00 0.00 0.00 -0.00 0.00 69.06 -37.95 134.56 -0.00 23.42 -0.00 -6.28 10.14 20.11 -1.35 12.81 32.73 0.00 0.00 -0.00 2.00 -0.02 0.61 -0.05 -0.29 8.55 -0.04 -0.15 4.31 0.00 0.00 -0.00 0.00 -0.00 1.62 -0.00 -0.00 16.38 0.00 -0.00 8.49 0.00 0.00 -0.00 -2.00 0.08 2.24 0.26 0.63 19.89 0.20 0.31 10.45 0.00 0.00 -0.00 -4.00 0.02 0.25 0.02 0.30 4.33 0.02 0.15 2.15 0.00 -0.00 0.00 0.00 -0.00 0.00 0.00 -0.00 0.00 0.00 -0.00 0.00 0.00 -0.00 0.00 0.00 -0.00 0.00 0.00 -0.00 0.00 0.00 -0.00 0.00 0.00 -0.00 0.00 0.00 -0.00 0.00 0.00 -0.00 0.00 0.00 -0.00 0.00 0.00 -0.00 0.00 0.00 -0.00 0.00 0.00 -0.00 0.00 0.00 -0.00 0.00 0.00 -0.00 0.00 0.00 -0.00 0.00 0.00 -0.00 0.00 0.00 -0.00 0.00 0.00 -0.00 0.00 0.00 -0.00 0.00 0.00 -0.00 0.00
-0.0000 0.0295 0.0000 0.00 -0.00 0.00 0.00 -0.00 0.00 0.00 -0.00 0.00 0.00 -0.00 0.00 0.00 -0.00 0.00 0.00 -0.00 0.00 0.00 -0.00 0.00 0.00 -0.00 0.00 0.00 -0.00 0.00 0.00 -0.00 0.00 0.00 -0.00 0.00 0.00 -0.00 0.00 0.00 -0.00 0.00 0.00 -0.00 0.00 0.00 -0.00 0.00 0.00 -0.00 0.00 0.00 -0.00 0.00 0.00 -0.00 0.00 69.06 -37.95 134.56 -0.00 23.42 -0.00 -6.28 10.14 20.11 -1.35 12.81 32.73 0.00 0.00 -0.00 2.00 -0.02 0.61 -0.05 -0.29 8.55 -0.04 -0.15 4.31 0.00 0.00 -0.00 0.00 -0.00 1.62 -0.00 -0.00 16.38 0.00 -0.00 8.49 0.00 0.00 -0.00 -2.00 0.08 2.24 0.26 0.63 19.89 0.20 0.31 10.45 0.00 0.00 -0.00 -4.00 0.02 0.25 0.02 0.30 4.33 0.02 0.15 2.15 0.00 -0.00 0.00 0.00 -0.00 0.00 0.00 -0.00 0.00 0.00 -0.00 0.00 0.00 -0.00 0.00 0.00 -0.00 0.00 0.00 -0.00 0.00 0.00 -0.00 0.00 0.00 -0.00 0.00 0.00 -0.00 0.00 0.00 -0.00 0.00 0.00 -0.00 0.00 0.00 -0.00 0.00 0.00 -0.00 0.00 0.00 -0.00 0.00 0.00 -0.00 0.00 0.00 -0.00 0.00 0.00 -0.00 0.00 0.00 -0.00 0.00 0.00 -0.00 0.00 0.00 -0.00 0.00 0.00 -0.00 0.00 0.00 -0.00 0.00
-0.0000 0.0294 0.0000 0.00 -0.00 0.00 0.00 -0.00 0.00 0.00 -0.00 0.00 0.00 -0.00 0.00 0.00 -0.00 0.00 0.00 -0.00 0.00 0.00 -0.00 0.00 0.00 -0.00 0.00 0.00 -0.00 0.00 0.00 -0.00 0.00 0.00 -0.00 0.00 0.00 -0.00 0.00 0.00 -0.00 0.00 0.00 -0.00 0.00 0.00 -0.00 0.00 0.00 -0.00 0.00 0.00 -0.00 0.00 0.00 -0.00 0.00 69.06 -37.95 134.56 -0.00 23.42 -0.00 -6.28 10.14 20.11 -1.35 12.81 32.73 0.00 0.00 -0.00 2.00 -0.02 0.61 -0.05 -0.29 8.55 -0.04 -0.15 4.31 0.00 0.00 -0.00 0.00 -0.00 1.62 -0.00 -0.00 16.38 0.00 -0.00 8.49 0.00 0.00 -0.00 -2.00 0.08 2.24 0.26 0.63 19.89 0.20 0.31 10.45 0.00 0.00 -0.00 -4.00 0.02 0.25 0.02 0.30 4.33 0.02 0.15 2.15 0.00 -0.00 0.00 0.00 -0.00 0.00 0.00 -0.00 0.00 0.00 -0.00 0.00 0.00 -0.00 0.00 0.00 -0.00 0.00 0.00 -0.00 0.00 0.00 -0.00 0.00 0.00 -0.00 0.00 0.00 -0.00 0.00 0.00 -0.00 0.00 0.00 -0.00 0.00 0.00 -0.00 0.00 0.00 -0.00 0.00 0.00 -0.00 0.00 0.00 -0.00 0.00 0.00 -0.00 0.00 0.00 -0.00 0.00 0.00 -0.00 0.00 0.00 -0.00 0.00 0.00 -0.00 0.00 0.00 -0.00 0.00 0.00 -0.00 0.00
-0.0000 0.0284 0.0000 0.00 -0.00 0.00 0.00 -0.00 0.00 0.00 -0.00 0.00 0.00 -0.00 0.00 0.00 -0.00 0.00 0.00 -0.00 0.00 0.00 -0.00 0.00 0.00 -0.00 0.00 0.00 -0.00 0.00 0.00 -0.00 0.00 0.00 -0.00 0.00 0.00 -0.00 0.00 0.00 -0.00 0.00 0.00 -0.00 0.00 0.00 -0.00 0.00 0.00 -0.00 0.00 0.00 -0.00 0.00 0.00 -0.00 0.00 69.06 -37.95 134.56 -0.00 23.42 -0.00 -6.28 10.14 20.11 -1.35 12.81 32.73 0.00 0.00 -0.00 2.00 -0.02 0.61 -0.05 -0.29 8.55 -0.04 -0.15 4.31 0.00 0.00 -0.00 0.00 -0.00 1.62 -0.00 -0.00 16.38 0.00 -0.00 8.49 0.00 0.00 -0.00 -2.00 0.08 2.24 0.26 0.63 19.89 0.20 0.31 10.45 0.00 0.00 -0.00 -4.00 0.02 0.25 0.02 0.30 4.33 0.02 0.15 2.15 0.00 -0.00 0.00 0.00 -0.00 0.00 0.00 -0.00 0.00 0.00 -0.00 0.00 0.00 -0.00 0.00 0.00 -0.00 0.00 0.00 -0.00 0.00 0.00 -0.00 0.00 0.00 -0.00 0.00 0.00 -0.00 0.00 0.00 -0.00 0.00 0.00 -0.00 0.00 0.00 -0.00 0.00 0.00 -0.00 0.00 0.00 -0.00 0.00 0.00 -0.00 0.00 0.00 -0.00 0.00 0.00 -0.00 0.00 0.00 -0.00 0.00 0.00 -0.00 0.00 0.00 -0.00 0.00 0.00 -0.00 0.00 0.00 -0.00 0.00
-0.0000 0.0273 0.0000 0.00 -0.00 0.00 0.00 -0.00 0.00 0.00 -0.00 0.00 0.00 -0.00 0.00 0.00 -0.00 0.00 0.00 -0.00 0.00 0.00 -0.00 0.00 0.00 -0.00 0.00 0.00 -0.00 0.00 0.00 -0.00 0.00 0.00 -0.00 0.00 0.00 -0.00 0.00 0.00 -0.00 0.00 0.00 -0.00 0.00 0.00 -0.00 0.00 0.00 -0.00 0.00 0.00 -0.00 0.00 0.00 -0.00 0.00 69.06 -37.95 134.56 -0.00 23.42 -0.00 -6.28 10.14 20.11 -1.35 12.81 32.73 0.00 0.00 -0.00 2.00 -0.02 0.61 -0.05 -0.29 8.55 -0.04 -0.15 4.31 0.00 0.00 -0.00 0.00 -0.00 1.62 -0.00 -0.00 16.38 0.00 -0.00 8.49 0.00 0.00 -0.00 -2.00 0.08 2.24 0.26 0.63 19.89 0.20 0.31 10.45 0.00 0.00 -0.00 -4.00 0.02 0.25 0.02 0.30 4.33 0.02 0.15 2.15 0.00 -0.00 0.00 0.00 -0.00 0.00 0.00 -0.00 0.00 0.00 -0.00 0.00 0.00 -0.00 0.00 0.00 -0.00 0.00 0.00 -0.00 0.00 0.00 -0.00 0.00 0.00 -0.00 0.00 0.00 -0.00 0.00 0.00 -0.00 0.00 0.00 -0.00 0.00 0.00 -0.00 0.00 0.00 -0.00 0.00 0.00 -0.00 0.00 0.00 -0.00 0.00 0.00 -0.00 0.00 0.00 -0.00 0.00 0.00 -0.00 0.00 0.00 -0.00 0.00 0.00 -0.00 0.00 0.00 -0.00 0.00 0.00 -0.00 0.00
-0.0000 0.0285 0.0000 0.00 -0.00 0.00 0.00 -0.00 0.00 0.00 -0.00 0.00 0.00 -0.00 0.00 0.00 -0.00 0.00 0.00 -0.00 0.00 0.00 -0.00 0.00 0.00 -0.00 0.00 0.00 -0.00 0.00 0.00 -0.00 0.00 0.00 -0.00 0.00 0.00 -0.00 0.00 0.00 -0.00 0.00 0.00 -0.00 0.00 0.00 -0.00 0.00 0.00 -0.00 0.00 0.00 -0.00 0.00 0.00 -0.00 0.00 69.06 -37.95 134.56 -0.00 23.42 -0.00 -6.28 10.14 20.11 -1.35 12.81 32.73 0.00 0.00 -0.00 2.00 -0.02 0.61 -0.05 -0.29 8.55 -0.04 -0.15 4.31 0.00 0.00 -0.00 0.00 -0.00 1.62 -0.00 -0.00 16.38 0.00 -0.00 8.49 0.00 0.00 -0.00 -2.00 0.08 2.24 0.26 0.63 19.89 0.20 0.31 10.45 0.00 0.00 -0.00 -4.00 0.02 0.25 0.02 0.30 4.33 0.02 0.15 2.15 0.00 -0.00 0.00 0.00 -0.00 0.00 0.00 -0.00 0.00 0.00 -0.00 0.00 0.00 -0.00 0.00 0.00 -0.00 0.00 0.00 -0.00 0.00 0.00 -0.00 0.00 0.00 -0.00 0.00 0.00 -0.00 0.00 0.00 -0.00 0.00 0.00 -0.00 0.00 0.00 -0.00 0.00 0.00 -0.00 0.00 0.00 -0.00 0.00 0.00 -0.00 0.00 0.00 -0.00 0.00 0.00 -0.00 0.00 0.00 -0.00 0.00 0.00 -0.00 0.00 0.00 -0.00 0.00 0.00 -0.00 0.00 0.00 -0.00 0.00
-0.0000 0.0291 0.0000 0.00 -0.00 0.00 0.00 -0.00 0.00 0.00 -0.00 0.00 0.00 -0.00 0.00 0.00 -0.00 0.00 0.00 -0.00 0.00 0.00 -0.00 0.00 0.00 -0.00 0.00 0.00 -0.00 0.00 0.00 -0.00 0.00 0.00 -0.00 0.00 0.00 -0.00 0.00 0.00 -0.00 0.00 0.00 -0.00 0.00 0.00 -0.00 0.00 0.00 -0.00 0.00 0.00 -0.00 0.00 0.00 -0.00 0.00 69.06 -37.95 134.56 -0.00 23.42 -0.00 -6.28 10.14 20.11 -1.35 12.81 32.73 0.00 0.00 -0.00 2.00 -0.02 0.61 -0.05 -0.29 8.55 -0.04 -0.15 4.31 0.00 0.00 -0.00 0.00 -0.00 1.62 -0.00 -0.00 16.38 0.00 -0.00 8.49 0.00 0.00 -0.00 -2.00 0.08 2.24 0.26 0.63 19.89 0.20 0.31 10.45 0.00 0.00 -0.00 -4.00 0.02 0.25 0.02 0.30 4.33 0.02 0.15 2.15 0.00 -0.00 0.00 0.00 -0.00 0.00 0.00 -0.00 0.00 0.00 -0.00 0.00 0.00 -0.00 0.00 0.00 -0.00 0.00 0.00 -0.00 0.00 0.00 -0.00 0.00 0.00 -0.00 0.00 0.00 -0.00 0.00 0.00 -0.00 0.00 0.00 -0.00 0.00 0.00 -0.00 0.00 0.00 -0.00 0.00 0.00 -0.00 0.00 0.00 -0.00 0.00 0.00 -0.00 0.00 0.00 -0.00 0.00 0.00 -0.00 0.00 0.00 -0.00 0.00 0.00 -0.00 0.00 0.00 -0.00 0.00 0.00 -0.00 0.00
-0.0000 0.0286 0.0000 0.00 -0.00 0.00 0.00 -0.00 0.00 0.00 -0.00 0.00 0.00 -0.00 0.00 0.00 -0.00 0.00 0.00 -0.00 0.00 0.00 -0.00 0.00 0.00 -0.00 0.00 0.00 -0.00 0.00 0.00 -0.00 0.00 0.00 -0.00 0.00 0.00 -0.00 0.00 0.00 -0.00 0.00 0.00 -0.00 0.00 0.00 -0.00 0.00 0.00 -0.00 0.00 0.00 -0.00 0.00 0.00 -0.00 0.00 69.06 -37.95 134.56 -0.00 23.42 -0.00 -6.28 10.14 20.11 -1.35 12.81 32.73 0.00 0.00 -0.00 2.00 -0.02 0.61 -0.05 -0.29 8.55 -0.04 -0.15 4.31 0.00 0.00 -0.00 0.00 -0.00 1.62 -0.00 -0.00 16.38 0.00 -0.00 8.49 0.00 0.00 -0.00 -2.00 0.08 2.24 0.26 0.63 19.89 0.20 0.31 10.45 0.00 0.00 -0.00 -4.00 0.02 0.25 0.02 0.30 4.33 0.02 0.15 2.15 0.00 -0.00 0.00 0.00 -0.00 0.00 0.00 -0.00 0.00 0.00 -0.00 0.00 0.00 -0.00 0.00 0.00 -0.00 0.00 0.00 -0.00 0.00 0.00 -0.00 0.00 0.00 -0.00 0.00 0.00 -0.00 0.00 0.00 -0.00 0.00 0.00 -0.00 0.00 0.00 -0.00 0.00 0.00 -0.00 0.00 0.00 -0.00 0.00 0.00 -0.00 0.00 0.00 -0.00 0.00 0.00 -0.00 0.00 0.00 -0.00 0.00 0.00 -0.00 0.00 0.00 -0.00 0.00 0.00 -0.00 0.00 0.00 -0.00 0.00
-0.0000 0.0283 0.0000 0.00 -0.00 0.00 0.00 -0.00 0.00 0.00 -0.00 0.00 0.00 -0.00 0.00 0.00 -0.00 0.00 0.00 -0.00 0.00 0.00 -0.00 0.00 0.00 -0.00 0.00 0.00 -0.00 0.00 0.00 -0.00 0.00 0.00 -0.00 0.00 0.00 -0.00 0.00 0.00 -0.00 0.00 0.00 -0.00 0.00 0.00 -0.00 0.00 0.00 -0.00 0.00 0.00 -0.00 0.00 0.00 -0.00 0.00 69.06 -37.95 134.56 -0.00 23.42 -0.00 -6.28 10.14 20.11 -1.35 12.81 32.73 0.00 0.00 -0.00 2.00 -0.02 0.61 -0.05 -0.29 8.55 -0.04 -0.15 4.31 0.00 0.00 -0.00 0.00 -0.00 1.62 -0.00 -0.00 16.38 0.00 -0.00 8.49 0.00 0.00 -0.00 -2.00 0.08 2.24 0.26 0.63 19.89 0.20 0.31 10.45 0.00 0.00 -0.00 -4.00 0.02 0.25 0.02 0.30 4.33 0.02 0.15 2.15 0.00 -0.00 0.00 0.00 -0.00 0.00 0.00 -0.00 0.00 0.00 -0.00 0.00 0.00 -0.00 0.00 0.00 -0.00 0.00 0.00 -0.00 0.00 0.00 -0.00 0.00 0.00 -0.00 0.00 0.00 -0.00 0.00 0.00 -0.00 0.00 0.00 -0.00 0.00 0.00 -0.00 0.00 0.00 -0.00 0.00 0.00 -0.00 0.00 0.00 -0.00 0.00 0.00 -0.00 0.00 0.00 -0.00 0.00 0.00 -0.00 0.00 0.00 -0.00 0.00 0.00 -0.00 0.00 0.00 -0.00 0.00 0.00 -0.00 0.00
-0.0000 0.0278 0.0000 0.00 -0.00 0.00 0.00 -0.00 0.00 0.00 -0.00 0.00 0.00 -0.00 0.00 0.00 -0.00 0.00 0.00 -0.00 0.00 0.00 -0.00 0.00 0.00 -0.00 0.00 0.00 -0.00 0.00 0.00 -0.00 0.00 0.00 -0.00 0.00 0.00 -0.00 0.00 0.00 -0.00 0.00 0.00 -0.00 0.00 0.00 -0.00 0.00 0.00 -0.00 0.00 0.00 -0.00 0.00 0.00 -0.00 0.00 69.06 -37.95 134.56 -0.00 23.42 -0.00 -6.28 10.14 20.11 -1.35 12.81 32.73 0.00 0.00 -0.00 2.00 -0.02 0.61 -0.05 -0.29 8.55 -0.04 -0.15 4.31 0.00 0.00 -0.00 0.00 -0.00 1.62 -0.00 -0.00 16.38 0.00 -0.00 8.49 0.00 0.00 -0.00 -2.00 0.08 2.24 0.26 0.63 19.89 0.20 0.31 10.45 0.00 0.00 -0.00 -4.00 0.02 0.25 0.02 0.30 4.33 0.02 0.15 2.15 0.00 -0.00 0.00 0.00 -0.00 0.00 0.00 -0.00 0.00 0.00 -0.00 0.00 0.00 -0.00 0.00 0.00 -0.00 0.00 0.00 -0.00 0.00 0.00 -0.00 0.00 0.00 -0.00 0.00 0.00 -0.00 0.00 0.00 -0.00 0.00 0.00 -0.00 0.00 0.00 -0.00 0.00 0.00 -0.00 0.00 0.00 -0.00 0.00 0.00 -0.00 0.00 0.00 -0.00 0.00 0.00 -0.00 0.00 0.00 -0.00 0.00 0.00 -0.00 0.00 0.00 -0.00 0.00 0.00 -0.00 0.00 0.00 -0.00 0.00
-0.0000 0.0285 0.0000 0.00 -0.00 0.00 0.00 -0.00 0.00 0.00 -0.00 0.00 0.00 -0.00 0.00 0.00 -0.00 0.00 0.00 -0.00 0.00 0.00 -0.00 0.00 0.00 -0.00 0.00 0.00 -0.00 0.00 0.00 -0.00 0.00 0.00 -0.00 0.00 0.00 -0.00 0.00 0.00 -0.00 0.00 0.00 -0.00 0.00 0.00 -0.00 0.00 0.00 -0.00 0.00 0.00 -0.00 0.00 0.00 -0.00 0.00 69.06 -37.95 134.56 -0.00 23.42 -0.00 -6.28 10.14 20.11 -1.35 12.81 32.73 0.00 0.00 -0.00 2.00 -0.02 0.61 -0.05 -0.29 8.55 -0.04 -0.15 4.31 0.00 0.00 -0.00 0.00 -0.00 1.62 -0.00 -0.00 16.38 0.00 -0.00 8.49 0.00 0.00 -0.00 -2.00 0.08 2.24 0.26 0.63 19.89 0.20 0.31 10.45 0.00 0.00 -0.00 -4.00 0.02 0.25 0.02 0.30 4.33 0.02 0.15 2.15 0.00 -0.00 0.00 0.00 -0.00 0.00 0.00 -0.00 0.00 0.00 -0.00 0.00 0.00 -0.00 0.00 0.00 -0.00 0.00 0.00 -0.00 0.00 0.00 -0.00 0.00 0.00 -0.00 0.00 0.00 -0.00 0.00 0.00 -0.00 0.00 0.00 -0.00 0.00 0.00 -0.00 0.00 0.00 -0.00 0.00 0.00 -0.00 0.00 0.00 -0.00 0.00 0.00 -0.00 0.00 0.00 -0.00 0.00 0.00 -0.00 0.00 0.00 -0.00 0.00 0.00 -0.00 0.00 0.00 -0.00 0.00 0.00 -0.00 0.00
-0.0000 0.0280 0.0000 0.00 -0.00 0.00 0.00 -0.00 0.00 0.00 -0.00 0.00 0.00 -0.00 0.00 0.00 -0.00 0.00 0.00 -0.00 0.00 0.00 -0.00 0.00 0.00 -0.00 0.00 0.00 -0.00 0.00 0.00 -0.00 0.00 0.00 -0.00 0.00 0.00 -0.00 0.00 0.00 -0.00 0.00 0.00 -0.00 0.00 0.00 -0.00 0.00 0.00 -0.00 0.00 0.00 -0.00 0.00 0.00 -0.00 0.00 69.06 -37.95 134.56 -0.00 23.42 -0.00 -6.28 10.14 20.11 -1.35 12.81 32.73 0.00 0.00 -0.00 2.00 -0.02 0.61 -0.05 -0.29 8.55 -0.04 -0.15 4.31 0.00 0.00 -0.00 0.00 -0.00 1.62 -0.00 -0.00 16.38 0.00 -0.00 8.49 0.00 0.00 -0.00 -2.00 0.08 2.24 0.26 0.63 19.89 0.20 0.31 10.45 0.00 0.00 -0.00 -4.00 0.02 0.25 0.02 0.30 4.33 0.02 0.15 2.15 0.00 -0.00 0.00 0.00 -0.00 0.00 0.00 -0.00 0.00 0.00 -0.00 0.00 0.00 -0.00 0.00 0.00 -0.00 0.00 0.00 -0.00 0.00 0.00 -0.00 0.00 0.00 -0.00 0.00 0.00 -0.00 0.00 0.00 -0.00 0.00 0.00 -0.00 0.00 0.00 -0.00 0.00 0.00 -0.00 0.00 0.00 -0.00 0.00 0.00 -0.00 0.00 0.00 -0.00 0.00 0.00 -0.00 0.00 0.00 -0.00 0.00 0.00 -0.00 0.00 0.00 -0.00 0.00 0.00 -0.00 0.00 0.00 -0.00 0.00
-0.0000 0.0283 0.0000 0.00 -0.00 0.00 0.00 -0.00 0.00 0.00 -0.00 0.00 0.00 -0.00 0.00 0.00 -0.00 0.00 0.00 -0.00 0.00 0.00 -0.00 0.00 0.00 -0.00 0.00 0.00 -0.00 0.00 0.00 -0.00 0.00 0.00 -0.00 0.00 0.00 -0.00 0.00 0.00 -0.00 0.00 0.00 -0.00 0.00 0.00 -0.00 0.00 0.00 -0.00 0.00 0.00 -0.00 0.00 0.00 -0.00 0.00 69.06 -37.95 134.56 -0.00 23.42 -0.00 -6.28 10.14 20.11 -1.35 12.81 32.73 0.00 0.00 -0.00 2.00 -0.02 0.61 -0.05 -0.29 8.55 -0.04 -0.15 4.31 0.00 0.00 -0.00 0.00 -0.00 1.62 -0.00 -0.00 16.38 0.00 -0.00 8.49 0.00 0.00 -0.00 -2.00 0.08 2.24 0.26 0.63 19.89 0.20 0.31 10.45 0.00 0.00 -0.00 -4.00 0.02 0.25 0.02 0.30 4.33 0.02 0.15 2.15 0.00 -0.00 0.00 0.00 -0.00 0.00 0.00 -0.00 0.00 0.00 -0.00 0.00 0.00 -0.00 0.00 0.00 -0.00 0.00 0.00 -0.00 0.00 0.00 -0.00 0.00 0.00 -0.00 0.00 0.00 -0.00 0.00 0.00 -0.00 0.00 0.00 -0.00 0.00 0.00 -0.00 0.00 0.00 -0.00 0.00 0.00 -0.00 0.00 0.00 -0.00 0.00 0.00 -0.00 0.00 0.00 -0.00 0.00 0.00 -0.00 0.00 0.00 -0.00 0.00 0.00 -0.00 0.00 0.00 -0.00 0.00 0.00 -0.00 0.00
-0.0000 0.0284 0.0000 0.00 -0.00 0.00 0.00 -0.00 0.00 0.00 -0.00 0.00 0.00 -0.00 0.00 0.00 -0.00 0.00 0.00 -0.00 0.00 0.00 -0.00 0.00 0.00 -0.00 0.00 0.00 -0.00 0.00 0.00 -0.00 0.00 0.00 -0.00 0.00 0.00 -0.00 0.00 0.00 -0.00 0.00 0.00 -0.00 0.00 0.00 -0.00 0.00 0.00 -0.00 0.00 0.00 -0.00 0.00 0.00 -0.00 0.00 69.06 -37.95 134.56 -0.00 23.42 -0.00 -6.28 10.14 20.11 -1.35 12.81 32.73 0.00 0.00 -0.00 2.00 -0.02 0.61 -0.05 -0.29 8.55 -0.04 -0.15 4.31 0.00 0.00 -0.00 0.00 -0.00 1.62 -0.00 -0.00 16.38 0.00 -0.00 8.49 0.00 0.00 -0.00 -2.00 0.08 2.24 0.26 0.63 19.89 0.20 0.31 10.45 0.00 0.00 -0.00 -4.00 0.02 0.25 0.02 0.30 4.33 0.02 0.15 2.15 0.00 -0.00 0.00 0.00 -0.00 0.00 0.00 -0.00 0.00 0.00 -0.00 0.00 0.00 -0.00 0.00 0.00 -0.00 0.00 0.00 -0.00 0.00 0.00 -0.00 0.00 0.00 -0.00 0.00 0.00 -0.00 0.00 0.00 -0.00 0.00 0.00 -0.00 0.00 0.00 -0.00 0.00 0.00 -0.00 0.00 0.00 -0.00 0.00 0.00 -0.00 0.00 0.00 -0.00 0.00 0.00 -0.00 0.00 0.00 -0.00 0.00 0.00 -0.00 0.00 0.00 -0.00 0.00 0.00 -0.00 0.00 0.00 -0.00 0.00
-0.0000 0.0288 0.0000 0.00 -0.00 0.00 0.00 -0.00 0.00 0.00 -0.00 0.00 0.00 -0.00 0.00 0.00 -0.00 0.00 0.00 -0.00 0.00 0.00 -0.00 0.00 0.00 -0.00 0.00 0.00 -0.00 0.00 0.00 -0.00 0.00 0.00 -0.00 0.00 0.00 -0.00 0.00 0.00 -0.00 0.00 0.00 -0.00 0.00 0.00 -0.00 0.00 0.00 -0.00 0.00 0.00 -0.00 0.00 0.00 -0.00 0.00 69.06 -37.95 134.56 -0.00 23.42 -0.00 -6.28 10.14 20.11 -1.35 12.81 32.73 0.00 0.00 -0.00 2.00 -0.02 0.61 -0.05 -0.29 8.55 -0.04 -0.15 4.31 0.00 0.00 -0.00 0.00 -0.00 1.62 -0.00 -0.00 16.38 0.00 -0.00 8.49 0.00 0.00 -0.00 -2.00 0.08 2.24 0.26 0.63 19.89 0.20 0.31 10.45 0.00 0.00 -0.00 -4.00 0.02 0.25 0.02 0.30 4.33 0.02 0.15 2.15 0.00 -0.00 0.00 0.00 -0.00 0.00 0.00 -0.00 0.00 0.00 -0.00 0.00 0.00 -0.00 0.00 0.00 -0.00 0.00 0.00 -0.00 0.00 0.00 -0.00 0.00 0.00 -0.00 0.00 0.00 -0.00 0.00 0.00 -0.00 0.00 0.00 -0.00 0.00 0.00 -0.00 0.00 0.00 -0.00 0.00 0.00 -0.00 0.00 0.00 -0.00 0.00 0.00 -0.00 0.00 0.00 -0.00 0.00 0.00 -0.00 0.00 0.00 -0.00 0.00 0.00 -0.00 0.00 0.00 -0.00 0.00 0.00 -0.00 0.00
-0.0000 0.0291 0.0000 0.00 -0.00 0.00 0.00 -0.00 0.00 0.00 -0.00 0.00 0.00 -0.00 0.00 0.00 -0.00 0.00 0.00 -0.00 0.00 0.00 -0.00 0.00 0.00 -0.00 0.00 0.00 -0.00 0.00 0.00 -0.00 0.00 0.00 -0.00 0.00 0.00 -0.00 0.00 0.00 -0.00 0.00 0.00 -0.00 0.00 0.00 -0.00 0.00 0.00 -0.00 0.00 0.00 -0.00 0.00 0.00 -0.00 0.00 69.06 -37.95 134.56 -0.00 23.42 -0.00 -6.28 10.14 20.11 -1.35 12.81 32.73 0.00 0.00 -0.00 2.00 -0.02 0.61 -0.05 -0.29 8.55 -0.04 -0.15 4.31 0.00 0.00 -0.00 0.00 -0.00 1.62 -0.00 -0.00 16.38 0.00 -0.00 8.49 0.00 0.00 -0.00 -2.00 0.08 2.24 0.26 0.63 19.89 0.20 0.31 10.45 0.00 0.00 -0.00 -4.00 0.02 0.25 0.02 0.30 4.33 0.02 0.15 2.15 0.00 -0.00 0.00 0.00 -0.00 0.00 0.00 -0.00 0.00 0.00 -0.00 0.00 0.00 -0.00 0.00 0.00 -0.00 0.00 0.00 -0.00 0.00 0.00 -0.00 0.00 0.00 -0.00 0.00 0.00 -0.00 0.00 0.00 -0.00 0.00 0.00 -0.00 0.00 0.00 -0.00 0.00 0.00 -0.00 0.00 0.00 -0.00 0.00 0.00 -0.00 0.00 0.00 -0.00 0.00 0.00 -0.00 0.00 0.00 -0.00 0.00 0.00 -0.00 0.00 0.00 -0.00 0.00 0.00 -0.00 0.00 0.00 -0.00 0.00
-0.0000 0.0277 0.0000 0.00 -0.00 0.00 0.00 -0.00 0.00 0.00 -0.00 0.00 0.00 -0.00 0.00 0.00 -0.00 0.00 0.00 -0.00 0.00 0.00 -0.00 0.00 0.00 -0.00 0.00 0.00 -0.00 0.00 0.00 -0.00 0.00 0.00 -0.00 0.00 0.00 -0.00 0.00 0.00 -0.00 0.00 0.00 -0.00 0.00 0.00 -0.00 0.00 0.00 -0.00 0.00 0.00 -0.00 0.00 0.00 -0.00 0.00 69.06 -37.95 134.56 -0.00 23.42 -0.00 -6.28 10.14 20.11 -1.35 12.81 32.73 0.00 0.00 -0.00 2.00 -0.02 0.61 -0.05 -0.29 8.55 -0.04 -0.15 4.31 0.00 0.00 -0.00 0.00 -0.00 1.62 -0.00 -0.00 16.38 0.00 -0.00 8.49 0.00 0.00 -0.00 -2.00 0.08 2.24 0.26 0.63 19.89 0.20 0.31 10.45 0.00 0.00 -0.00 -4.00 0.02 0.25 0.02 0.30 4.33 0.02 0.15 2.15 0.00 -0.00 0.00 0.00 -0.00 0.00 0.00 -0.00 0.00 0.00 -0.00 0.00 0.00 -0.00 0.00 0.00 -0.00 0.00 0.00 -0.00 0.00 0.00 -0.00 0.00 0.00 -0.00 0.00 0.00 -0.00 0.00 0.00 -0.00 0.00 0.00 -0.00 0.00 0.00 -0.00 0.00 0.00 -0.00 0.00 0.00 -0.00 0.00 0.00 -0.00 0.00 0.00 -0.00 0.00 0.00 -0.00 0.00 0.00 -0.00 0.00 0.00 -0.00 0.00 0.00 -0.00 0.00 0.00 -0.00 0.00 0.00 -0.00 0.00
-0.0000 0.0276 0.0000 0.00 -0.00 0.00 0.00 -0.00 0.00 0.00 -0.00 0.00 0.00 -0.00 0.00 0.00 -0.00 0.00 0.00 -0.00 0.00 0.00 -0.00 0.00 0.00 -0.00 0.00 0.00 -0.00 0.00 0.00 -0.00 0.00 0.00 -0.00 0.00 0.00 -0.00 0.00 0.00 -0.00 0.00 0.00 -0.00 0.00 0.00 -0.00 0.00 0.00 -0.00 0.00 0.00 -0.00 0.00 0.00 -0.00 0.00 69.06 -37.95 134.56 -0.00 23.42 -0.00 -6.28 10.14 20.11 -1.35 12.81 32.73 0.00 0.00 -0.00 2.00 -0.02 0.61 -0.05 -0.29 8.55 -0.04 -0.15 4.31 0.00 0.00 -0.00 0.00 -0.00 1.62 -0.00 -0.00 16.38 0.00 -0.00 8.49 0.00 0.00 -0.00 -2.00 0.08 2.24 0.26 0.63 19.89 0.20 0.31 10.45 0.00 0.00 -0.00 -4.00 0.02 0.25 0.02 0.30 4.33 0.02 0.15 2.15 0.00 -0.00 0.00 0.00 -0.00 0.00 0.00 -0.00 0.00 0.00 -0.00 0.00 0.00 -0.00 0.00 0.00 -0.00 0.00 0.00 -0.00 0.00 0.00 -0.00 0.00 0.00 -0.00 0.00 0.00 -0.00 0.00 0.00 -0.00 0.00 0.00 -0.00 0.00 0.00 -0.00 0.00 0.00 -0.00 0.00 0.00 -0.00 0.00 0.00 -0.00 0.00 0.00 -0.00 0.00 0.00 -0.00 0.00 0.00 -0.00 0.00 0.00 -0.00 0.00 0.00 -0.00 0.00 0.00 -0.00 0.00 0.00 -0.00 0.00
-0.0000 0.0266 0.0000 0.00 -0.00 0.00 0.00 -0.00 0.00 0.00 -0.00 0.00 0.00 -0.00 0.00 0.00 -0.00 0.00 0.00 -0.00 0.00 0.00 -0.00 0.00 0.00 -0.00 0.00 0.00 -0.00 0.00 0.00 -0.00 0.00 0.00 -0.00 0.00 0.00 -0.00 0.00 0.00 -0.00 0.00 0.00 -0.00 0.00 0.00 -0.00 0.00 0.00 -0.00 0.00 0.00 -0.00 0.00 0.00 -0.00 0.00 69.06 -37.95 134.56 -0.00 23.42 -0.00 -6.28 10.14 20.11 -1.35 12.81 32.73 0.00 0.00 -0.00 2.00 -0.02 0.61 -0.05 -0.29 8.55 -0.04 -0.15 4.31 0.00 0.00 -0.00 0.00 -0.00 1.62 -0.00 -0.00 16.38 0.00 -0.00 8.49 0.00 0.00 -0.00 -2.00 0.08 2.24 0.26 0.63 19.89 0.20 0.31 10.45 0.00 0.00 -0.00 -4.00 0.02 0.25 0.02 0.30 4.33 0.02 0.15 2.15 0.00 -0.00 0.00 0.00 -0.00 0.00 0.00 -0.00 0.00 0.00 -0.00 0.00 0.00 -0.00 0.00 0.00 -0.00 0.00 0.00 -0.00 0.00 0.00 -0.00 0.00 0.00 -0.00 0.00 0.00 -0.00 0.00 0.00 -0.00 0.00 0.00 -0.00 0.00 0.00 -0.00 0.00 0.00 -0.00 0.00 0.00 -0.00 0.00 0.00 -0.00 0.00 0.00 -0.00 0.00 0.00 -0.00 0.00 0.00 -0.00 0.00 0.00 -0.00 0.00 0.00 -0.00 0.00 0.00 -0.00 0.00 0.00 -0.00 0.00
-0.0000 0.0266 0.0000 0.00 -0.00 0.00 0.00 -0.00 0.00 0.00 -0.00 0.00 0.00 -0.00 0.00 0.00 -0.00 0.00 0.00 -0.00 0.00 0.00 -0.00 0.00 0.00 -0.00 0.00 0.00 -0.00 0.00 0.00 -0.00 0.00 0.00 -0.00 0.00 0.00 -0.00 0.00 0.00 -0.00 0.00 0.00 -0.00 0.00 0.00 -0.00 0.00 0.00 -0.00 0.00 0.00 -0.00 0.00 0.00 -0.00 0.00 69.06 -37.95 134.56 -0.00 23.42 -0.00 -6.28 10.14 20.11 -1.35 12.81 32.73 0.00 0.00 -0.00 2.00 -0.02 0.61 -0.05 -0.29 8.55 -0.04 -0.15 4.31 0.00 0.00 -0.00 0.00 -0.00 1.62 -0.00 -0.00 16.38 0.00 -0.00 8.49 0.00 0.00 -0.00 -2.00 0.08 2.24 0.26 0.63 19.89 0.20 0.31 10.45 0.00 0.00 -0.00 -4.00 0.02 0.25 0.02 0.30 4.33 0.02 0.15 2.15 0.00 -0.00 0.00 0.00 -0.00 0.00 0.00 -0.00 0.00 0.00 -0.00 0.00 0.00 -0.00 0.00 0.00 -0.00 0.00 0.00 -0.00 0.00 0.00 -0.00 0.00 0.00 -0.00 0.00 0.00 -0.00 0.00 0.00 -0.00 0.00 0.00 -0.00 0.00 0.00 -0.00 0.00 0.00 -0.00 0.00 0.00 -0.00 0.00 0.00 -0.00 0.00 0.00 -0.00 0.00 0.00 -0.00 0.00 0.00 -0.00 0.00 0.00 -0.00 0.00 0.00 -0.00 0.00 0.00 -0.00 0.00 0.00 -0.00 0.00
-0.0000 0.0278 0.0000 0.00 -0.00 0.00 0.00 -0.00 0.00 0.00 -0.00 0.00 0.00 -0.00 0.00 0.00 -0.00 0.00 0.00 -0.00 0.00 0.00 -0.00 0.00 0.00 -0.00 0.00 0.00 -0.00 0.00 0.00 -0.00 0.00 0.00 -0.00 0.00 0.00 -0.00 0.00 0.00 -0.00 0.00 0.00 -0.00 0.00 0.00 -0.00 0.00 0.00 -0.00 0.00 0.00 -0.00 0.00 0.00 -0.00 0.00 69.06 -37.95 134.56 -0.00 23.42 -0.00 -6.28 10.14 20.11 -1.35 12.81 32.73 0.00 0.00 -0.00 2.00 -0.02 0.61 -0.05 -0.29 8.55 -0.04 -0.15 4.31 0.00 0.00 -0.00 0.00 -0.00 1.62 -0.00 -0.00 16.38 0.00 -0.00 8.49 0.00 0.00 -0.00 -2.00 0.08 2.24 0.26 0.63 19.89 0.20 0.31 10.45 0.00 0.00 -0.00 -4.00 0.02 0.25 0.02 0.30 4.33 0.02 0.15 2.15 0.00 -0.00 0.00 0.00 -0.00 0.00 0.00 -0.00 0.00 0.00 -0.00 0.00 0.00 -0.00 0.00 0.00 -0.00 0.00 0.00 -0.00 0.00 0.00 -0.00 0.00 0.00 -0.00 0.00 0.00 -0.00 0.00 0.00 -0.00 0.00 0.00 -0.00 0.00 0.00 -0.00 0.00 0.00 -0.00 0.00 0.00 -0.00 0.00 0.00 -0.00 0.00 0.00 -0.00 0.00 0.00 -0.00 0.00 0.00 -0.00 0.00 0.00 -0.00 0.00 0.00 -0.00 0.00 0.00 -0.00 0.00 0.00 -0.00 0.00
-0.0000 0.0291 0.0000 0.00 -0.00 0.00 0.00 -0.00 0.00 0.00 -0.00 0.00 0.00 -0.00 0.00 0.00 -0.00 0.00 0.00 -0.00 0.00 0.00 -0.00 0.00 0.00 -0.00 0.00 0.00 -0.00 0.00 0.00 -0.00 0.00 0.00 -0.00 0.00 0.00 -0.00 0.00 0.00 -0.00 0.00 0.00 -0.00 0.00 0.00 -0.00 0.00 0.00 -0.00 0.00 0.00 -0.00 0.00 0.00 -0.00 0.00 69.06 -37.95 134.56 -0.00 23.42 -0.00 -6.28 10.14 20.11 -1.35 12.81 32.73 0.00 0.00 -0.00 2.00 -0.02 0.61 -0.05 -0.29 8.55 -0.04 -0.15 4.31 0.00 0.00 -0.00 0.00 -0.00 1.62 -0.00 -0.00 16.38 0.00 -0.00 8.49 0.00 0.00 -0.00 -2.00 0.08 2.24 0.26 0.63 19.89 0.20 0.31 10.45 0.00 0.00 -0.00 -4.00 0.02 0.25 0.02 0.30 4.33 0.02 0.15 2.15 0.00 -0.00 0.00 0.00 -0.00 0.00 0.00 -0.00 0.00 0.00 -0.00 0.00 0.00 -0.00 0.00 0.00 -0.00 0.00 0.00 -0.00 0.00 0.00 -0.00 0.00 0.00 -0.00 0.00 0.00 -0.00 0.00 0.00 -0.00 0.00 0.00 -0.00 0.00 0.00 -0.00 0.00 0.00 -0.00 0.00 0.00 -0.00 0.00 0.00 -0.00 0.00 0.00 -0.00 0.00 0.00 -0.00 0.00 0.00 -0.00 0.00 0.00 -0.00 0.00 0.00 -0.00 0.00 0.00 -0.00 0.00 0.00 -0.00 0.00
-0.0000 0.0274 0.0000 0.00 -0.00 0.00 0.00 -0.00 0.00 0.00 -0.00 0.00 0.00 -0.00 0.00 0.00 -0.00 0.00 0.00 -0.00 0.00 0.00 -0.00 0.00 0.00 -0.00 0.00 0.00 -0.00 0.00 0.00 -0.00 0.00 0.00 -0.00 0.00 0.00 -0.00 0.00 0.00 -0.00 0.00 0.00 -0.00 0.00 0.00 -0.00 0.00 0.00 -0.00 0.00 0.00 -0.00 0.00 0.00 -0.00 0.00 69.06 -37.95 134.56 -0.00 23.42 -0.00 -6.28 10.14 20.11 -1.35 12.81 32.73 0.00 0.00 -0.00 2.00 -0.02 0.61 -0.05 -0.29 8.55 -0.04 -0.15 4.31 0.00 0.00 -0.00 0.00 -0.00 1.62 -0.00 -0.00 16.38 0.00 -0.00 8.49 0.00 0.00 -0.00 -2.00 0.08 2.24 0.26 0.63 19.89 0.20 0.31 10.45 0.00 0.00 -0.00 -4.00 0.02 0.25 0.02 0.30 4.33 0.02 0.15 2.15 0.00 -0.00 0.00 0.00 -0.00 0.00 0.00 -0.00 0.00 0.00 -0.00 0.00 0.00 -0.00 0.00 0.00 -0.00 0.00 0.00 -0.00 0.00 0.00 -0.00 0.00 0.00 -0.00 0.00 0.00 -0.00 0.00 0.00 -0.00 0.00 0.00 -0.00 0.00 0.00 -0.00 0.00 0.00 -0.00 0.00 0.00 -0.00 0.00 0.00 -0.00 0.00 0.00 -0.00 0.00 0.00 -0.00 0.00 0.00 -0.00 0.00 0.00 -0.00 0.00 0.00 -0.00 0.00 0.00 -0.00 0.00 0.00 -0.00 0.00
-0.0000 0.0260 0.0000 0.00 -0.00 0.00 0.00 -0.00 0.00 0.00 -0.00 0.00 0.00 -0.00 0.00 0.00 -0.00 0.00 0.00 -0.00 0.00 0.00 -0.00 0.00 0.00 -0.00 0.00 0.00 -0.00 0.00 0.00 -0.00 0.00 0.00 -0.00 0.00 0.00 -0.00 0.00 0.00 -0.00 0.00 0.00 -0.00 0.00 0.00 -0.00 0.00 0.00 -0.00 0.00 0.00 -0.00 0.00 0.00 -0.00 0.00 69.06 -37.95 134.56 -0.00 23.42 -0.00 -6.28 10.14 20.11 -1.35 12.81 32.73 0.00 0.00 -0.00 2.00 -0.02 0.61 -0.05 -0.29 8.55 -0.04 -0.15 4.31 0.00 0.00 -0.00 0.00 -0.00 1.62 -0.00 -0.00 16.38 0.00 -0.00 8.49 0.00 0.00 -0.00 -2.00 0.08 2.24 0.26 0.63 19.89 0.20 0.31 10.45 0.00 0.00 -0.00 -4.00 0.02 0.25 0.02 0.30 4.33 0.02 0.15 2.15 0.00 -0.00 0.00 0.00 -0.00 0.00 0.00 -0.00 0.00 0.00 -0.00 0.00 0.00 -0.00 0.00 0.00 -0.00 0.00 0.00 -0.00 0.00 0.00 -0.00 0.00 0.00 -0.00 0.00 0.00 -0.00 0.00 0.00 -0.00 0.00 0.00 -0.00 0.00 0.00 -0.00 0.00 0.00 -0.00 0.00 0.00 -0.00 0.00 0.00 -0.00 0.00 0.00 -0.00 0.00 0.00 -0.00 0.00 0.00 -0.00 0.00 0.00 -0.00 0.00 0.00 -0.00 0.00 0.00 -0.00 0.00 0.00 -0.00 0.00
-0.0000 0.0266 0.0000 0.00 -0.00 0.00 0.00 -0.00 0.00 0.00 -0.00 0.00 0.00 -0.00 0.00 0.00 -0.00 0.00 0.00 -0.00 0.00 0.00 -0.00 0.00 0.00 -0.00 0.00 0.00 -0.00 0.00 0.00 -0.00 0.00 0.00 -0.00 0.00 0.00 -0.00 0.00 0.00 -0.00 0.00 0.00 -0.00 0.00 0.00 -0.00 0.00 0.00 -0.00 0.00 0.00 -0.00 0.00 0.00 -0.00 0.00 69.06 -37.95 134.56 -0.00 23.42 -0.00 -6.28 10.14 20.11 -1.35 12.81 32.73 0.00 0.00 -0.00 2.00 -0.02 0.61 -0.05 -0.29 8.55 -0.04 -0.15 4.31 0.00 0.00 -0.00 0.00 -0.00 1.62 -0.00 -0.00 16.38 0.00 -0.00 8.49 0.00 0.00 -0.00 -2.00 0.08 2.24 0.26 0.63 19.89 0.20 0.31 10.45 0.00 0.00 -0.00 -4.00 0.02 0.25 0.02 0.30 4.33 0.02 0.15 2.15 0.00 -0.00 0.00 0.00 -0.00 0.00 0.00 -0.00 0.00 0.00 -0.00 0.00 0.00 -0.00 0.00 0.00 -0.00 0.00 0.00 -0.00 0.00 0.00 -0.00 0.00 0.00 -0.00 0.00 0.00 -0.00 0.00 0.00 -0.00 0.00 0.00 -0.00 0.00 0.00 -0.00 0.00 0.00 -0.00 0.00 0.00 -0.00 0.00 0.00 -0.00 0.00 0.00 -0.00 0.00 0.00 -0.00 0.00 0.00 -0.00 0.00 0.00 -0.00 0.00 0.00 -0.00 0.00 0.00 -0.00 0.00 0.00 -0.00 0.00
-0.0000 0.0277 0.0000 0.00 -0.00 0.00 0.00 -0.00 0.00 0.00 -0.00 0.00 0.00 -0.00 0.00 0.00 -0.00 0.00 0.00 -0.00 0.00 0.00 -0.00 0.00 0.00 -0.00 0.00 0.00 -0.00 0.00 0.00 -0.00 0.00 0.00 -0.00 0.00 0.00 -0.00 0.00 0.00 -0.00 0.00 0.00 -0.00 0.00 0.00 -0.00 0.00 0.00 -0.00 0.00 0.00 -0.00 0.00 0.00 -0.00 0.00 69.06 -37.95 134.56 -0.00 23.42 -0.00 -6.28 10.14 20.11 -1.35 12.81 32.73 0.00 0.00 -0.00 2.00 -0.02 0.61 -0.05 -0.29 8.55 -0.04 -0.15 4.31 0.00 0.00 -0.00 0.00 -0.00 1.62 -0.00 -0.00 16.38 0.00 -0.00 8.49 0.00 0.00 -0.00 -2.00 0.08 2.24 0.26 0.63 19.89 0.20 0.31 10.45 0.00 0.00 -0.00 -4.00 0.02 0.25 0.02 0.30 4.33 0.02 0.15 2.15 0.00 -0.00 0.00 0.00 -0.00 0.00 0.00 -0.00 0.00 0.00 -0.00 0.00 0.00 -0.00 0.00 0.00 -0.00 0.00 0.00 -0.00 0.00 0.00 -0.00 0.00 0.00 -0.00 0.00 0.00 -0.00 0.00 0.00 -0.00 0.00 0.00 -0.00 0.00 0.00 -0.00 0.00 0.00 -0.00 0.00 0.00 -0.00 0.00 0.00 -0.00 0.00 0.00 -0.00 0.00 0.00 -0.00 0.00 0.00 -0.00 0.00 0.00 -0.00 0.00 0.00 -0.00 0.00 0.00 -0.00 0.00 0.00 -0.00 0.00
-0.0000 0.0285 0.0000 0.00 -0.00 0.00 0.00 -0.00 0.00 0.00 -0.00 0.00 0.00 -0.00 0.00 0.00 -0.00 0.00 0.00 -0.00 0.00 0.00 -0.00 0.00 0.00 -0.00 0.00 0.00 -0.00 0.00 0.00 -0.00 0.00 0.00 -0.00 0.00 0.00 -0.00 0.00 0.00 -0.00 0.00 0.00 -0.00 0.00 0.00 -0.00 0.00 0.00 -0.00 0.00 0.00 -0.00 0.00 0.00 -0.00 0.00 69.06 -37.95 134.56 -0.00 23.42 -0.00 -6.28 10.14 20.11 -1.35 12.81 32.73 0.00 0.00 -0.00 2.00 -0.02 0.61 -0.05 -0.29 8.55 -0.04 -0.15 4.31 0.00 0.00 -0.00 0.00 -0.00 1.62 -0.00 -0.00 16.38 0.00 -0.00 8.49 0.00 0.00 -0.00 -2.00 0.08 2.24 0.26 0.63 19.89 0.20 0.31 10.45 0.00 0.00 -0.00 -4.00 0.02 0.25 0.02 0.30 4.33 0.02 0.15 2.15 0.00 -0.00 0.00 0.00 -0.00 0.00 0.00 -0.00 0.00 0.00 -0.00 0.00 0.00 -0.00 0.00 0.00 -0.00 0.00 0.00 -0.00 0.00 0.00 -0.00 0.00 0.00 -0.00 0.00 0.00 -0.00 0.00 0.00 -0.00 0.00 0.00 -0.00 0.00 0.00 -0.00 0.00 0.00 -0.00 0.00 0.00 -0.00 0.00 0.00 -0.00 0.00 0.00 -0.00 0.00 0.00 -0.00 0.00 0.00 -0.00 0.00 0.00 -0.00 0.00 0.00 -0.00 0.00 0.00 -0.00 0.00 0.00 -0.00 0.00
-0.0000 0.0283 0.0000 0.00 -0.00 0.00 0.00 -0.00 0.00 0.00 -0.00 0.00 0.00 -0.00 0.00 0.00 -0.00 0.00 0.00 -0.00 0.00 0.00 -0.00 0.00 0.00 -0.00 0.00 0.00 -0.00 0.00 0.00 -0.00 0.00 0.00 -0.00 0.00 0.00 -0.00 0.00 0.00 -0.00 0.00 0.00 -0.00 0.00 0.00 -0.00 0.00 0.00 -0.00 0.00 0.00 -0.00 0.00 0.00 -0.00 0.00 69.06 -37.95 134.56 -0.00 23.42 -0.00 -6.28 10.14 20.11 -1.35 12.81 32.73 0.00 0.00 -0.00 2.00 -0.02 0.61 -0.05 -0.29 8.55 -0.04 -0.15 4.31 0.00 0.00 -0.00 0.00 -0.00 1.62 -0.00 -0.00 16.38 0.00 -0.00 8.49 0.00 0.00 -0.00 -2.00 0.08 2.24 0.26 0.63 19.89 0.20 0.31 10.45 0.00 0.00 -0.00 -4.00 0.02 0.25 0.02 0.30 4.33 0.02 0.15 2.15 0.00 -0.00 0.00 0.00 -0.00 0.00 0.00 -0.00 0.00 0.00 -0.00 0.00 0.00 -0.00 0.00 0.00 -0.00 0.00 0.00 -0.00 0.00 0.00 -0.00 0.00 0.00 -0.00 0.00 0.00 -0.00 0.00 0.00 -0.00 0.00 0.00 -0.00 0.00 0.00 -0.00 0.00 0.00 -0.00 0.00 0.00 -0.00 0.00 0.00 -0.00 0.00 0.00 -0.00 0.00 0.00 -0.00 0.00 0.00 -0.00 0.00 0.00 -0.00 0.00 0.00 -0.00 0.00 0.00 -0.00 0.00 0.00 -0.00 0.00
-0.0000 0.0283 0.0000 0.00 -0.00 0.00 0.00 -0.00 0.00 0.00 -0.00 0.00 0.00 -0.00 0.00 0.00 -0.00 0.00 0.00 -0.00 0.00 0.00 -0.00 0.00 0.00 -0.00 0.00 0.00 -0.00 0.00 0.00 -0.00 0.00 0.00 -0.00 0.00 0.00 -0.00 0.00 0.00 -0.00 0.00 0.00 -0.00 0.00 0.00 -0.00 0.00 0.00 -0.00 0.00 0.00 -0.00 0.00 0.00 -0.00 0.00 69.06 -37.95 134.56 -0.00 23.42 -0.00 -6.28 10.14 20.11 -1.35 12.81 32.73 0.00 0.00 -0.00 2.00 -0.02 0.61 -0.05 -0.29 8.55 -0.04 -0.15 4.31 0.00 0.00 -0.00 0.00 -0.00 1.62 -0.00 -0.00 16.38 0.00 -0.00 8.49 0.00 0.00 -0.00 -2.00 0.08 2.24 0.26 0.63 19.89 0.20 0.31 10.45 0.00 0.00 -0.00 -4.00 0.02 0.25 0.02 0.30 4.33 0.02 0.15 2.15 0.00 -0.00 0.00 0.00 -0.00 0.00 0.00 -0.00 0.00 0.00 -0.00 0.00 0.00 -0.00 0.00 0.00 -0.00 0.00 0.00 -0.00 0.00 0.00 -0.00 0.00 0.00 -0.00 0.00 0.00 -0.00 0.00 0.00 -0.00 0.00 0.00 -0.00 0.00 0.00 -0.00 0.00 0.00 -0.00 0.00 0.00 -0.00 0.00 0.00 -0.00 0.00 0.00 -0.00 0.00 0.00 -0.00 0.00 0.00 -0.00 0.00 0.00 -0.00 0.00 0.00 -0.00 0.00 0.00 -0.00 0.00 0.00 -0.00 0.00
-0.0000 0.0278 0.0000 0.00 -0.00 0.00 0.00 -0.00 0.00 0.00 -0.00 0.00 0.00 -0.00 0.00 0.00 -0.00 0.00 0.00 -0.00 0.00 0.00 -0.00 0.00 0.00 -0.00 0.00 0.00 -0.00 0.00 0.00 -0.00 0.00 0.00 -0.00 0.00 0.00 -0.00 0.00 0.00 -0.00 0.00 0.00 -0.00 0.00 0.00 -0.00 0.00 0.00 -0.00 0.00 0.00 -0.00 0.00 0.00 -0.00 0.00 69.06 -37.95 134.56 -0.00 23.42 -0.00 -6.28 10.14 20.11 -1.35 12.81 32.73 0.00 0.00 -0.00 2.00 -0.02 0.61 -0.05 -0.29 8.55 -0.04 -0.15 4.31 0.00 0.00 -0.00 0.00 -0.00 1.62 -0.00 -0.00 16.38 0.00 -0.00 8.49 0.00 0.00 -0.00 -2.00 0.08 2.24 0.26 0.63 19.89 0.20 0.31 10.45 0.00 0.00 -0.00 -4.00 0.02 0.25 0.02 0.30 4.33 0.02 0.15 2.15 0.00 -0.00 0.00 0.00 -0.00 0.00 0.00 -0.00 0.00 0.00 -0.00 0.00 0.00 -0.00 0.00 0.00 -0.00 0.00 0.00 -0.00 0.00 0.00 -0.00 0.00 0.00 -0.00 0.00 0.00 -0.00 0.00 0.00 -0.00 0.00 0.00 -0.00 0.00 0.00 -0.00 0.00 0.00 -0.00 0.00 0.00 -0.00 0.00 0.00 -0.00 0.00 0.00 -0.00 0.00 0.00 -0.00 0.00 0.00 -0.00 0.00 0.00 -0.00 0.00 0.00 -0.00 0.00 0.00 -0.00 0.00 0.00 -0.00 0.00
-0.0000 0.0277 0.0000 0.00 -0.00 0.00 0.00 -0.00 0.00 0.00 -0.00 0.00 0.00 -0.00 0.00 0.00 -0.00 0.00 0.00 -0.00 0.00 0.00 -0.00 0.00 0.00 -0.00 0.00 0.00 -0.00 0.00 0.00 -0.00 0.00 0.00 -0.00 0.00 0.00 -0.00 0.00 0.00 -0.00 0.00 0.00 -0.00 0.00 0.00 -0.00 0.00 0.00 -0.00 0.00 0.00 -0.00 0.00 0.00 -0.00 0.00 69.06 -37.95 134.56 -0.00 23.42 -0.00 -6.28 10.14 20.11 -1.35 12.81 32.73 0.00 0.00 -0.00 2.00 -0.02 0.61 -0.05 -0.29 8.55 -0.04 -0.15 4.31 0.00 0.00 -0.00 0.00 -0.00 1.62 -0.00 -0.00 16.38 0.00 -0.00 8.49 0.00 0.00 -0.00 -2.00 0.08 2.24 0.26 0.63 19.89 0.20 0.31 10.45 0.00 0.00 -0.00 -4.00 0.02 0.25 0.02 0.30 4.33 0.02 0.15 2.15 0.00 -0.00 0.00 0.00 -0.00 0.00 0.00 -0.00 0.00 0.00 -0.00 0.00 0.00 -0.00 0.00 0.00 -0.00 0.00 0.00 -0.00 0.00 0.00 -0.00 0.00 0.00 -0.00 0.00 0.00 -0.00 0.00 0.00 -0.00 0.00 0.00 -0.00 0.00 0.00 -0.00 0.00 0.00 -0.00 0.00 0.00 -0.00 0.00 0.00 -0.00 0.00 0.00 -0.00 0.00 0.00 -0.00 0.00 0.00 -0.00 0.00 0.00 -0.00 0.00 0.00 -0.00 0.00 0.00 -0.00 0.00 0.00 -0.00 0.00
-0.0000 0.0283 0.0000 0.00 -0.00 0.00 0.00 -0.00 0.00 0.00 -0.00 0.00 0.00 -0.00 0.00 0.00 -0.00 0.00 0.00 -0.00 0.00 0.00 -0.00 0.00 0.00 -0.00 0.00 0.00 -0.00 0.00 0.00 -0.00 0.00 0.00 -0.00 0.00 0.00 -0.00 0.00 0.00 -0.00 0.00 0.00 -0.00 0.00 0.00 -0.00 0.00 0.00 -0.00 0.00 0.00 -0.00 0.00 0.00 -0.00 0.00 69.06 -37.95 134.56 -0.00 23.42 -0.00 -6.28 10.14 20.11 -1.35 12.81 32.73 0.00 0.00 -0.00 2.00 -0.02 0.61 -0.05 -0.29 8.55 -0.04 -0.15 4.31 0.00 0.00 -0.00 0.00 -0.00 1.62 -0.00 -0.00 16.38 0.00 -0.00 8.49 0.00 0.00 -0.00 -2.00 0.08 2.24 0.26 0.63 19.89 0.20 0.31 10.45 0.00 0.00 -0.00 -4.00 0.02 0.25 0.02 0.30 4.33 0.02 0.15 2.15 0.00 -0.00 0.00 0.00 -0.00 0.00 0.00 -0.00 0.00 0.00 -0.00 0.00 0.00 -0.00 0.00 0.00 -0.00 0.00 0.00 -0.00 0.00 0.00 -0.00 0.00 0.00 -0.00 0.00 0.00 -0.00 0.00 0.00 -0.00 0.00 0.00 -0.00 0.00 0.00 -0.00 0.00 0.00 -0.00 0.00 0.00 -0.00 0.00 0.00 -0.00 0.00 0.00 -0.00 0.00 0.00 -0.00 0.00 0.00 -0.00 0.00 0.00 -0.00 0.00 0.00 -0.00 0.00 0.00 -0.00 0.00 0.00 -0.00 0.00
-0.0000 0.0284 0.0000 0.00 -0.00 0.00 0.00 -0.00 0.00 0.00 -0.00 0.00 0.00 -0.00 0.00 0.00 -0.00 0.00 0.00 -0.00 0.00 0.00 -0.00 0.00 0.00 -0.00 0.00 0.00 -0.00 0.00 0.00 -0.00 0.00 0.00 -0.00 0.00 0.00 -0.00 0.00 0.00 -0.00 0.00 0.00 -0.00 0.00 0.00 -0.00 0.00 0.00 -0.00 0.00 0.00 -0.00 0.00 0.00 -0.00 0.00 69.06 -37.95 134.56 -0.00 23.42 -0.00 -6.28 10.14 20.11 -1.35 12.81 32.73 0.00 0.00 -0.00 2.00 -0.02 0.61 -0.05 -0.29 8.55 -0.04 -0.15 4.31 0.00 0.00 -0.00 0.00 -0.00 1.62 -0.00 -0.00 16.38 0.00 -0.00 8.49 0.00 0.00 -0.00 -2.00 0.08 2.24 0.26 0.63 19.89 0.20 0.31 10.45 0.00 0.00 -0.00 -4.00 0.02 0.25 0.02 0.30 4.33 0.02 0.15 2.15 0.00 -0.00 0.00 0.00 -0.00 0.00 0.00 -0.00 0.00 0.00 -0.00 0.00 0.00 -0.00 0.00 0.00 -0.00 0.00 0.00 -0.00 0.00 0.00 -0.00 0.00 0.00 -0.00 0.00 0.00 -0.00 0.00 0.00 -0.00 0.00 0.00 -0.00 0.00 0.00 -0.00 0.00 0.00 -0.00 0.00 0.00 -0.00 0.00 0.00 -0.00 0.00 0.00 -0.00 0.00 0.00 -0.00 0.00 0.00 -0.00 0.00 0.00 -0.00 0.00 0.00 -0.00 0.00 0.00 -0.00 0.00 0.00 -0.00 0.00
-0.0000 0.0282 0.0000 0.00 -0.00 0.00 0.00 -0.00 0.00 0.00 -0.00 0.00 0.00 -0.00 0.00 0.00 -0.00 0.00 0.00 -0.00 0.00 0.00 -0.00 0.00 0.00 -0.00 0.00 0.00 -0.00 0.00 0.00 -0.00 0.00 0.00 -0.00 0.00 0.00 -0.00 0.00 0.00 -0.00 0.00 0.00 -0.00 0.00 0.00 -0.00 0.00 0.00 -0.00 0.00 0.00 -0.00 0.00 0.00 -0.00 0.00 69.06 -37.95 134.56 -0.00 23.42 -0.00 -6.28 10.14 20.11 -1.35 12.81 32.73 0.00 0.00 -0.00 2.00 -0.02 0.61 -0.05 -0.29 8.55 -0.04 -0.15 4.31 0.00 0.00 -0.00 0.00 -0.00 1.62 -0.00 -0.00 16.38 0.00 -0.00 8.49 0.00 0.00 -0.00 -2.00 0.08 2.24 0.26 0.63 19.89 0.20 0.31 10.45 0.00 0.00 -0.00 -4.00 0.02 0.25 0.02 0.30 4.33 0.02 0.15 2.15 0.00 -0.00 0.00 0.00 -0.00 0.00 0.00 -0.00 0.00 0.00 -0.00 0.00 0.00 -0.00 0.00 0.00 -0.00 0.00 0.00 -0.00 0.00 0.00 -0.00 0.00 0.00 -0.00 0.00 0.00 -0.00 0.00 0.00 -0.00 0.00 0.00 -0.00 0.00 0.00 -0.00 0.00 0.00 -0.00 0.00 0.00 -0.00 0.00 0.00 -0.00 0.00 0.00 -0.00 0.00 0.00 -0.00 0.00 0.00 -0.00 0.00 0.00 -0.00 0.00 0.00 -0.00 0.00 0.00 -0.00 0.00 0.00 -0.00 0.00
-0.0000 0.0263 0.0000 0.00 -0.00 0.00 0.00 -0.00 0.00 0.00 -0.00 0.00 0.00 -0.00 0.00 0.00 -0.00 0.00 0.00 -0.00 0.00 0.00 -0.00 0.00 0.00 -0.00 0.00 0.00 -0.00 0.00 0.00 -0.00 0.00 0.00 -0.00 0.00 0.00 -0.00 0.00 0.00 -0.00 0.00 0.00 -0.00 0.00 0.00 -0.00 0.00 0.00 -0.00 0.00 0.00 -0.00 0.00 0.00 -0.00 0.00 69.06 -37.95 134.56 -0.00 23.42 -0.00 -6.28 10.14 20.11 -1.35 12.81 32.73 0.00 0.00 -0.00 2.00 -0.02 0.61 -0.05 -0.29 8.55 -0.04 -0.15 4.31 0.00 0.00 -0.00 0.00 -0.00 1.62 -0.00 -0.00 16.38 0.00 -0.00 8.49 0.00 0.00 -0.00 -2.00 0.08 2.24 0.26 0.63 19.89 0.20 0.31 10.45 0.00 0.00 -0.00 -4.00 0.02 0.25 0.02 0.30 4.33 0.02 0.15 2.15 0.00 -0.00 0.00 0.00 -0.00 0.00 0.00 -0.00 0.00 0.00 -0.00 0.00 0.00 -0.00 0.00 0.00 -0.00 0.00 0.00 -0.00 0.00 0.00 -0.00 0.00 0.00 -0.00 0.00 0.00 -0.00 0.00 0.00 -0.00 0.00 0.00 -0.00 0.00 0.00 -0.00 0.00 0.00 -0.00 0.00 0.00 -0.00 0.00 0.00 -0.00 0.00 0.00 -0.00 0.00 0.00 -0.00 0.00 0.00 -0.00 0.00 0.00 -0.00 0.00 0.00 -0.00 0.00 0.00 -0.00 0.00 0.00 -0.00 0.00
-0.0000 0.0262 0.0000 0.00 -0.00 0.00 0.00 -0.00 0.00 0.00 -0.00 0.00 0.00 -0.00 0.00 0.00 -0.00 0.00 0.00 -0.00 0.00 0.00 -0.00 0.00 0.00 -0.00 0.00 0.00 -0.00 0.00 0.00 -0.00 0.00 0.00 -0.00 0.00 0.00 -0.00 0.00 0.00 -0.00 0.00 0.00 -0.00 0.00 0.00 -0.00 0.00 0.00 -0.00 0.00 0.00 -0.00 0.00 0.00 -0.00 0.00 69.06 -37.95 134.56 -0.00 23.42 -0.00 -6.28 10.14 20.11 -1.35 12.81 32.73 0.00 0.00 -0.00 2.00 -0.02 0.61 -0.05 -0.29 8.55 -0.04 -0.15 4.31 0.00 0.00 -0.00 0.00 -0.00 1.62 -0.00 -0.00 16.38 0.00 -0.00 8.49 0.00 0.00 -0.00 -2.00 0.08 2.24 0.26 0.63 19.89 0.20 0.31 10.45 0.00 0.00 -0.00 -4.00 0.02 0.25 0.02 0.30 4.33 0.02 0.15 2.15 0.00 -0.00 0.00 0.00 -0.00 0.00 0.00 -0.00 0.00 0.00 -0.00 0.00 0.00 -0.00 0.00 0.00 -0.00 0.00 0.00 -0.00 0.00 0.00 -0.00 0.00 0.00 -0.00 0.00 0.00 -0.00 0.00 0.00 -0.00 0.00 0.00 -0.00 0.00 0.00 -0.00 0.00 0.00 -0.00 0.00 0.00 -0.00 0.00 0.00 -0.00 0.00 0.00 -0.00 0.00 0.00 -0.00 0.00 0.00 -0.00 0.00 0.00 -0.00 0.00 0.00 -0.00 0.00 0.00 -0.00 0.00 0.00 -0.00 0.00
-0.0000 0.0263 0.0000 0.00 -0.00 0.00 0.00 -0.00 0.00 0.00 -0.00 0.00 0.00 -0.00 0.00 0.00 -0.00 0.00 0.00 -0.00 0.00 0.00 -0.00 0.00 0.00 -0.00 0.00 0.00 -0.00 0.00 0.00 -0.00 0.00 0.00 -0.00 0.00 0.00 -0.00 0.00 0.00 -0.00 0.00 0.00 -0.00 0.00 0.00 -0.00 0.00 0.00 -0.00 0.00 0.00 -0.00 0.00 0.00 -0.00 0.00 69.06 -37.95 134.56 -0.00 23.42 -0.00 -6.28 10.14 20.11 -1.35 12.81 32.73 0.00 0.00 -0.00 2.00 -0.02 0.61 -0.05 -0.29 8.55 -0.04 -0.15 4.31 0.00 0.00 -0.00 0.00 -0.00 1.62 -0.00 -0.00 16.38 0.00 -0.00 8.49 0.00 0.00 -0.00 -2.00 0.08 2.24 0.26 0.63 19.89 0.20 0.31 10.45 0.00 0.00 -0.00 -4.00 0.02 0.25 0.02 0.30 4.33 0.02 0.15 2.15 0.00 -0.00 0.00 0.00 -0.00 0.00 0.00 -0.00 0.00 0.00 -0.00 0.00 0.00 -0.00 0.00 0.00 -0.00 0.00 0.00 -0.00 0.00 0.00 -0.00 0.00 0.00 -0.00 0.00 0.00 -0.00 0.00 0.00 -0.00 0.00 0.00 -0.00 0.00 0.00 -0.00 0.00 0.00 -0.00 0.00 0.00 -0.00 0.00 0.00 -0.00 0.00 0.00 -0.00 0.00 0.00 -0.00 0.00 0.00 -0.00 0.00 0.00 -0.00 0.00 0.00 -0.00 0.00 0.00 -0.00 0.00 0.00 -0.00 0.00
-0.0000 0.0259 0.0000 0.00 -0.00 0.00 0.00 -0.00 0.00 0.00 -0.00 0.00 0.00 -0.00 0.00 0.00 -0.00 0.00 0.00 -0.00 0.00 0.00 -0.00 0.00 0.00 -0.00 0.00 0.00 -0.00 0.00 0.00 -0.00 0.00 0.00 -0.00 0.00 0.00 -0.00 0.00 0.00 -0.00 0.00 0.00 -0.00 0.00 0.00 -0.00 0.00 0.00 -0.00 0.00 0.00 -0.00 0.00 0.00 -0.00 0.00 69.06 -37.95 134.56 -0.00 23.42 -0.00 -6.28 10.14 20.11 -1.35 12.81 32.73 0.00 0.00 -0.00 2.00 -0.02 0.61 -0.05 -0.29 8.55 -0.04 -0.15 4.31 0.00 0.00 -0.00 0.00 -0.00 1.62 -0.00 -0.00 16.38 0.00 -0.00 8.49 0.00 0.00 -0.00 -2.00 0.08 2.24 0.26 0.63 19.89 0.20 0.31 10.45 0.00 0.00 -0.00 -4.00 0.02 0.25 0.02 0.30 4.33 0.02 0.15 2.15 0.00 -0.00 0.00 0.00 -0.00 0.00 0.00 -0.00 0.00 0.00 -0.00 0.00 0.00 -0.00 0.00 0.00 -0.00 0.00 0.00 -0.00 0.00 0.00 -0.00 0.00 0.00 -0.00 0.00 0.00 -0.00 0.00 0.00 -0.00 0.00 0.00 -0.00 0.00 0.00 -0.00 0.00 0.00 -0.00 0.00 0.00 -0.00 0.00 0.00 -0.00 0.00 0.00 -0.00 0.00 0.00 -0.00 0.00 0.00 -0.00 0.00 0.00 -0.00 0.00 0.00 -0.00 0.00 0.00 -0.00 0.00 0.00 -0.00 0.00
-0.0000 0.0250 0.0000 0.00 -0.00 0.00 0.00 -0.00 0.00 0.00 -0.00 0.00 0.00 -0.00 0.00 0.00 -0.00 0.00 0.00 -0.00 0.00 0.00 -0.00 0.00 0.00 -0.00 0.00 0.00 -0.00 0.00 0.00 -0.00 0.00 0.00 -0.00 0.00 0.00 -0.00 0.00 0.00 -0.00 0.00 0.00 -0.00 0.00 0.00 -0.00 0.00 0.00 -0.00 0.00 0.00 -0.00 0.00 0.00 -0.00 0.00 69.06 -37.95 134.56 -0.00 23.42 -0.00 -6.28 10.14 20.11 -1.35 12.81 32.73 0.00 0.00 -0.00 2.00 -0.02 0.61 -0.05 -0.29 8.55 -0.04 -0.15 4.31 0.00 0.00 -0.00 0.00 -0.00 1.62 -0.00 -0.00 16.38 0.00 -0.00 8.49 0.00 0.00 -0.00 -2.00 0.08 2.24 0.26 0.63 19.89 0.20 0.31 10.45 0.00 0.00 -0.00 -4.00 0.02 0.25 0.02 0.30 4.33 0.02 0.15 2.15 0.00 -0.00 0.00 0.00 -0.00 0.00 0.00 -0.00 0.00 0.00 -0.00 0.00 0.00 -0.00 0.00 0.00 -0.00 0.00 0.00 -0.00 0.00 0.00 -0.00 0.00 0.00 -0.00 0.00 0.00 -0.00 0.00 0.00 -0.00 0.00 0.00 -0.00 0.00 0.00 -0.00 0.00 0.00 -0.00 0.00 0.00 -0.00 0.00 0.00 -0.00 0.00 0.00 -0.00 0.00 0.00 -0.00 0.00 0.00 -0.00 0.00 0.00 -0.00 0.00 0.00 -0.00 0.00 0.00 -0.00 0.00 0.00 -0.00 0.00
-0.0000 0.0244 0.0000 0.00 -0.00 0.00 0.00 -0.00 0.00 0.00 -0.00 0.00 0.00 -0.00 0.00 0.00 -0.00 0.00 0.00 -0.00 0.00 0.00 -0.00 0.00 0.00 -0.00 0.00 0.00 -0.00 0.00 0.00 -0.00 0.00 0.00 -0.00 0.00 0.00 -0.00 0.00 0.00 -0.00 0.00 0.00 -0.00 0.00 0.00 -0.00 0.00 0.00 -0.00 0.00 0.00 -0.00 0.00 0.00 -0.00 0.00 69.06 -37.95 134.56 -0.00 23.42 -0.00 -6.28 10.14 20.11 -1.35 12.81 32.73 0.00 0.00 -0.00 2.00 -0.02 0.61 -0.05 -0.29 8.55 -0.04 -0.15 4.31 0.00 0.00 -0.00 0.00 -0.00 1.62 -0.00 -0.00 16.38 0.00 -0.00 8.49 0.00 0.00 -0.00 -2.00 0.08 2.24 0.26 0.63 19.89 0.20 0.31 10.45 0.00 0.00 -0.00 -4.00 0.02 0.25 0.02 0.30 4.33 0.02 0.15 2.15 0.00 -0.00 0.00 0.00 -0.00 0.00 0.00 -0.00 0.00 0.00 -0.00 0.00 0.00 -0.00 0.00 0.00 -0.00 0.00 0.00 -0.00 0.00 0.00 -0.00 0.00 0.00 -0.00 0.00 0.00 -0.00 0.00 0.00 -0.00 0.00 0.00 -0.00 0.00 0.00 -0.00 0.00 0.00 -0.00 0.00 0.00 -0.00 0.00 0.00 -0.00 0.00 0.00 -0.00 0.00 0.00 -0.00 0.00 0.00 -0.00 0.00 0.00 -0.00 0.00 0.00 -0.00 0.00 0.00 -0.00 0.00 0.00 -0.00 0.00
-0.0000 0.0240 0.0000 0.00 -0.00 0.00 0.00 -0.00 0.00 0.00 -0.00 0.00 0.00 -0.00 0.00 0.00 -0.00 0.00 0.00 -0.00 0.00 0.00 -0.00 0.00 0.00 -0.00 0.00 0.00 -0.00 0.00 0.00 -0.00 0.00 0.00 -0.00 0.00 0.00 -0.00 0.00 0.00 -0.00 0.00 0.00 -0.00 0.00 0.00 -0.00 0.00 0.00 -0.00 0.00 0.00 -0.00 0.00 0.00 -0.00 0.00 69.06 -37.95 134.56 -0.00 23.42 -0.00 -6.28 10.14 20.11 -1.35 12.81 32.73 0.00 0.00 -0.00 2.00 -0.02 0.61 -0.05 -0.29 8.55 -0.04 -0.15 4.31 0.00 0.00 -0.00 0.00 -0.00 1.62 -0.00 -0.00 16.38 0.00 -0.00 8.49 0.00 0.00 -0.00 -2.00 0.08 2.24 0.26 0.63 19.89 0.20 0.31 10.45 0.00 0.00 -0.00 -4.00 0.02 0.25 0.02 0.30 4.33 0.02 0.15 2.15 0.00 -0.00 0.00 0.00 -0.00 0.00 0.00 -0.00 0.00 0.00 -0.00 0.00 0.00 -0.00 0.00 0.00 -0.00 0.00 0.00 -0.00 0.00 0.00 -0.00 0.00 0.00 -0.00 0.00 0.00 -0.00 0.00 0.00 -0.00 0.00 0.00 -0.00 0.00 0.00 -0.00 0.00 0.00 -0.00 0.00 0.00 -0.00 0.00 0.00 -0.00 0.00 0.00 -0.00 0.00 0.00 -0.00 0.00 0.00 -0.00 0.00 0.00 -0.00 0.00 0.00 -0.00 0.00 0.00 -0.00 0.00 0.00 -0.00 0.00
-0.0000 0.0239 0.0000 0.00 -0.00 0.00 0.00 -0.00 0.00 0.00 -0.00 0.00 0.00 -0.00 0.00 0.00 -0.00 0.00 0.00 -0.00 0.00 0.00 -0.00 0.00 0.00 -0.00 0.00 0.00 -0.00 0.00 0.00 -0.00 0.00 0.00 -0.00 0.00 0.00 -0.00 0.00 0.00 -0.00 0.00 0.00 -0.00 0.00 0.00 -0.00 0.00 0.00 -0.00 0.00 0.00 -0.00 0.00 0.00 -0.00 0.00 69.06 -37.95 134.56 -0.00 23.42 -0.00 -6.28 10.14 20.11 -1.35 12.81 32.73 0.00 0.00 -0.00 2.00 -0.02 0.61 -0.05 -0.29 8.55 -0.04 -0.15 4.31 0.00 0.00 -0.00 0.00 -0.00 1.62 -0.00 -0.00 16.38 0.00 -0.00 8.49 0.00 0.00 -0.00 -2.00 0.08 2.24 0.26 0.63 19.89 0.20 0.31 10.45 0.00 0.00 -0.00 -4.00 0.02 0.25 0.02 0.30 4.33 0.02 0.15 2.15 0.00 -0.00 0.00 0.00 -0.00 0.00 0.00 -0.00 0.00 0.00 -0.00 0.00 0.00 -0.00 0.00 0.00 -0.00 0.00 0.00 -0.00 0.00 0.00 -0.00 0.00 0.00 -0.00 0.00 0.00 -0.00 0.00 0.00 -0.00 0.00 0.00 -0.00 0.00 0.00 -0.00 0.00 0.00 -0.00 0.00 0.00 -0.00 0.00 0.00 -0.00 0.00 0.00 -0.00 0.00 0.00 -0.00 0.00 0.00 -0.00 0.00 0.00 -0.00 0.00 0.00 -0.00 0.00 0.00 -0.00 0.00 0.00 -0.00 0.00
-0.0000 0.0236 0.0000 0.00 -0.00 0.00 0.00 -0.00 0.00 0.00 -0.00 0.00 0.00 -0.00 0.00 0.00 -0.00 0.00 0.00 -0.00 0.00 0.00 -0.00 0.00 0.00 -0.00 0.00 0.00 -0.00 0.00 0.00 -0.00 0.00 0.00 -0.00 0.00 0.00 -0.00 0.00 0.00 -0.00 0.00 0.00 -0.00 0.00 0.00 -0.00 0.00 0.00 -0.00 0.00 0.00 -0.00 0.00 0.00 -0.00 0.00 69.06 -37.95 134.56 -0.00 23.42 -0.00 -6.28 10.14 20.11 -1.35 12.81 32.73 0.00 0.00 -0.00 2.00 -0.02 0.61 -0.05 -0.29 8.55 -0.04 -0.15 4.31 0.00 0.00 -0.00 0.00 -0.00 1.62 -0.00 -0.00 16.38 0.00 -0.00 8.49 0.00 0.00 -0.00 -2.00 0.08 2.24 0.26 0.63 19.89 0.20 0.31 10.45 0.00 0.00 -0.00 -4.00 0.02 0.25 0.02 0.30 4.33 0.02 0.15 2.15 0.00 -0.00 0.00 0.00 -0.00 0.00 0.00 -0.00 0.00 0.00 -0.00 0.00 0.00 -0.00 0.00 0.00 -0.00 0.00 0.00 -0.00 0.00 0.00 -0.00 0.00 0.00 -0.00 0.00 0.00 -0.00 0.00 0.00 -0.00 0.00 0.00 -0.00 0.00 0.00 -0.00 0.00 0.00 -0.00 0.00 0.00 -0.00 0.00 0.00 -0.00 0.00 0.00 -0.00 0.00 0.00 -0.00 0.00 0.00 -0.00 0.00 0.00 -0.00 0.00 0.00 -0.00 0.00 0.00 -0.00 0.00 0.00 -0.00 0.00
-0.0000 0.0227 0.0000 0.00 -0.00 0.00 0.00 -0.00 0.00 0.00 -0.00 0.00 0.00 -0.00 0.00 0.00 -0.00 0.00 0.00 -0.00 0.00 0.00 -0.00 0.00 0.00 -0.00 0.00 0.00 -0.00 0.00 0.00 -0.00 0.00 0.00 -0.00 0.00 0.00 -0.00 0.00 0.00 -0.00 0.00 0.00 -0.00 0.00 0.00 -0.00 0.00 0.00 -0.00 0.00 0.00 -0.00 0.00 0.00 -0.00 0.00 69.06 -37.95 134.56 -0.00 23.42 -0.00 -6.28 10.14 20.11 -1.35 12.81 32.73 0.00 0.00 -0.00 2.00 -0.02 0.61 -0.05 -0.29 8.55 -0.04 -0.15 4.31 0.00 0.00 -0.00 0.00 -0.00 1.62 -0.00 -0.00 16.38 0.00 -0.00 8.49 0.00 0.00 -0.00 -2.00 0.08 2.24 0.26 0.63 19.89 0.20 0.31 10.45 0.00 0.00 -0.00 -4.00 0.02 0.25 0.02 0.30 4.33 0.02 0.15 2.15 0.00 -0.00 0.00 0.00 -0.00 0.00 0.00 -0.00 0.00 0.00 -0.00 0.00 0.00 -0.00 0.00 0.00 -0.00 0.00 0.00 -0.00 0.00 0.00 -0.00 0.00 0.00 -0.00 0.00 0.00 -0.00 0.00 0.00 -0.00 0.00 0.00 -0.00 0.00 0.00 -0.00 0.00 0.00 -0.00 0.00 0.00 -0.00 0.00 0.00 -0.00 0.00 0.00 -0.00 0.00 0.00 -0.00 0.00 0.00 -0.00 0.00 0.00 -0.00 0.00 0.00 -0.00 0.00 0.00 -0.00 0.00 0.00 -0.00 0.00
-0.0000 0.0229 0.0000 0.00 -0.00 0.00 0.00 -0.00 0.00 0.00 -0.00 0.00 0.00 -0.00 0.00 0.00 -0.00 0.00 0.00 -0.00 0.00 0.00 -0.00 0.00 0.00 -0.00 0.00 0.00 -0.00 0.00 0.00 -0.00 0.00 0.00 -0.00 0.00 0.00 -0.00 0.00 0.00 -0.00 0.00 0.00 -0.00 0.00 0.00 -0.00 0.00 0.00 -0.00 0.00 0.00 -0.00 0.00 0.00 -0.00 0.00 69.06 -37.95 134.56 -0.00 23.42 -0.00 -6.28 10.14 20.11 -1.35 12.81 32.73 0.00 0.00 -0.00 2.00 -0.02 0.61 -0.05 -0.29 8.55 -0.04 -0.15 4.31 0.00 0.00 -0.00 0.00 -0.00 1.62 -0.00 -0.00 16.38 0.00 -0.00 8.49 0.00 0.00 -0.00 -2.00 0.08 2.24 0.26 0.63 19.89 0.20 0.31 10.45 0.00 0.00 -0.00 -4.00 0.02 0.25 0.02 0.30 4.33 0.02 0.15 2.15 0.00 -0.00 0.00 0.00 -0.00 0.00 0.00 -0.00 0.00 0.00 -0.00 0.00 0.00 -0.00 0.00 0.00 -0.00 0.00 0.00 -0.00 0.00 0.00 -0.00 0.00 0.00 -0.00 0.00 0.00 -0.00 0.00 0.00 -0.00 0.00 0.00 -0.00 0.00 0.00 -0.00 0.00 0.00 -0.00 0.00 0.00 -0.00 0.00 0.00 -0.00 0.00 0.00 -0.00 0.00 0.00 -0.00 0.00 0.00 -0.00 0.00 0.00 -0.00 0.00 0.00 -0.00 0.00 0.00 -0.00 0.00 0.00 -0.00 0.00
-0.0000 0.0231 0.0000 0.00 -0.00 0.00 0.00 -0.00 0.00 0.00 -0.00 0.00 0.00 -0.00 0.00 0.00 -0.00 0.00 0.00 -0.00 0.00 0.00 -0.00 0.00 0.00 -0.00 0.00 0.00 -0.00 0.00 0.00 -0.00 0.00 0.00 -0.00 0.00 0.00 -0.00 0.00 0.00 -0.00 0.00 0.00 -0.00 0.00 0.00 -0.00 0.00 0.00 -0.00 0.00 0.00 -0.00 0.00 0.00 -0.00 0.00 69.06 -37.95 134.56 -0.00 23.42 -0.00 -6.28 10.14 20.11 -1.35 12.81 32.73 0.00 0.00 -0.00 2.00 -0.02 0.61 -0.05 -0.29 8.55 -0.04 -0.15 4.31 0.00 0.00 -0.00 0.00 -0.00 1.62 -0.00 -0.00 16.38 0.00 -0.00 8.49 0.00 0.00 -0.00 -2.00 0.08 2.24 0.26 0.63 19.89 0.20 0.31 10.45 0.00 0.00 -0.00 -4.00 0.02 0.25 0.02 0.30 4.33 0.02 0.15 2.15 0.00 -0.00 0.00 0.00 -0.00 0.00 0.00 -0.00 0.00 0.00 -0.00 0.00 0.00 -0.00 0.00 0.00 -0.00 0.00 0.00 -0.00 0.00 0.00 -0.00 0.00 0.00 -0.00 0.00 0.00 -0.00 0.00 0.00 -0.00 0.00 0.00 -0.00 0.00 0.00 -0.00 0.00 0.00 -0.00 0.00 0.00 -0.00 0.00 0.00 -0.00 0.00 0.00 -0.00 0.00 0.00 -0.00 0.00 0.00 -0.00 0.00 0.00 -0.00 0.00 0.00 -0.00 0.00 0.00 -0.00 0.00 0.00 -0.00 0.00
-0.0000 0.0231 0.0000 0.00 -0.00 0.00 0.00 -0.00 0.00 0.00 -0.00 0.00 0.00 -0.00 0.00 0.00 -0.00 0.00 0.00 -0.00 0.00 0.00 -0.00 0.00 0.00 -0.00 0.00 0.00 -0.00 0.00 0.00 -0.00 0.00 0.00 -0.00 0.00 0.00 -0.00 0.00 0.00 -0.00 0.00 0.00 -0.00 0.00 0.00 -0.00 0.00 0.00 -0.00 0.00 0.00 -0.00 0.00 0.00 -0.00 0.00 69.06 -37.95 134.56 -0.00 23.42 -0.00 -6.28 10.14 20.11 -1.35 12.81 32.73 0.00 0.00 -0.00 2.00 -0.02 0.61 -0.05 -0.29 8.55 -0.04 -0.15 4.31 0.00 0.00 -0.00 0.00 -0.00 1.62 -0.00 -0.00 16.38 0.00 -0.00 8.49 0.00 0.00 -0.00 -2.00 0.08 2.24 0.26 0.63 19.89 0.20 0.31 10.45 0.00 0.00 -0.00 -4.00 0.02 0.25 0.02 0.30 4.33 0.02 0.15 2.15 0.00 -0.00 0.00 0.00 -0.00 0.00 0.00 -0.00 0.00 0.00 -0.00 0.00 0.00 -0.00 0.00 0.00 -0.00 0.00 0.00 -0.00 0.00 0.00 -0.00 0.00 0.00 -0.00 0.00 0.00 -0.00 0.00 0.00 -0.00 0.00 0.00 -0.00 0.00 0.00 -0.00 0.00 0.00 -0.00 0.00 0.00 -0.00 0.00 0.00 -0.00 0.00 0.00 -0.00 0.00 0.00 -0.00 0.00 0.00 -0.00 0.00 0.00 -0.00 0.00 0.00 -0.00 0.00 0.00 -0.00 0.00 0.00 -0.00 0.00
-0.0000 0.0227 0.0000 0.00 -0.00 0.00 0.00 -0.00 0.00 0.00 -0.00 0.00 0.00 -0.00 0.00 0.00 -0.00 0.00 0.00 -0.00 0.00 0.00 -0.00 0.00 0.00 -0.00 0.00 0.00 -0.00 0.00 0.00 -0.00 0.00 0.00 -0.00 0.00 0.00 -0.00 0.00 0.00 -0.00 0.00 0.00 -0.00 0.00 0.00 -0.00 0.00 0.00 -0.00 0.00 0.00 -0.00 0.00 0.00 -0.00 0.00 69.06 -37.95 134.56 -0.00 23.42 -0.00 -6.28 10.14 20.11 -1.35 12.81 32.73 0.00 0.00 -0.00 2.00 -0.02 0.61 -0.05 -0.29 8.55 -0.04 -0.15 4.31 0.00 0.00 -0.00 0.00 -0.00 1.62 -0.00 -0.00 16.38 0.00 -0.00 8.49 0.00 0.00 -0.00 -2.00 0.08 2.24 0.26 0.63 19.89 0.20 0.31 10.45 0.00 0.00 -0.00 -4.00 0.02 0.25 0.02 0.30 4.33 0.02 0.15 2.15 0.00 -0.00 0.00 0.00 -0.00 0.00 0.00 -0.00 0.00 0.00 -0.00 0.00 0.00 -0.00 0.00 0.00 -0.00 0.00 0.00 -0.00 0.00 0.00 -0.00 0.00 0.00 -0.00 0.00 0.00 -0.00 0.00 0.00 -0.00 0.00 0.00 -0.00 0.00 0.00 -0.00 0.00 0.00 -0.00 0.00 0.00 -0.00 0.00 0.00 -0.00 0.00 0.00 -0.00 0.00 0.00 -0.00 0.00 0.00 -0.00 0.00 0.00 -0.00 0.00 0.00 -0.00 0.00 0.00 -0.00 0.00 0.00 -0.00 0.00
-0.0000 0.0225 0.0000 0.00 -0.00 0.00 0.00 -0.00 0.00 0.00 -0.00 0.00 0.00 -0.00 0.00 0.00 -0.00 0.00 0.00 -0.00 0.00 0.00 -0.00 0.00 0.00 -0.00 0.00 0.00 -0.00 0.00 0.00 -0.00 0.00 0.00 -0.00 0.00 0.00 -0.00 0.00 0.00 -0.00 0.00 0.00 -0.00 0.00 0.00 -0.00 0.00 0.00 -0.00 0.00 0.00 -0.00 0.00 0.00 -0.00 0.00 69.06 -37.95 134.56 -0.00 23.42 -0.00 -6.28 10.14 20.11 -1.35 12.81 32.73 0.00 0.00 -0.00 2.00 -0.02 0.61 -0.05 -0.29 8.55 -0.04 -0.15 4.31 0.00 0.00 -0.00 0.00 -0.00 1.62 -0.00 -0.00 16.38 0.00 -0.00 8.49 0.00 0.00 -0.00 -2.00 0.08 2.24 0.26 0.63 19.89 0.20 0.31 10.45 0.00 0.00 -0.00 -4.00 0.02 0.25 0.02 0.30 4.33 0.02 0.15 2.15 0.00 -0.00 0.00 0.00 -0.00 0.00 0.00 -0.00 0.00 0.00 -0.00 0.00 0.00 -0.00 0.00 0.00 -0.00 0.00 0.00 -0.00 0.00 0.00 -0.00 0.00 0.00 -0.00 0.00 0.00 -0.00 0.00 0.00 -0.00 0.00 0.00 -0.00 0.00 0.00 -0.00 0.00 0.00 -0.00 0.00 0.00 -0.00 0.00 0.00 -0.00 0.00 0.00 -0.00 0.00 0.00 -0.00 0.00 0.00 -0.00 0.00 0.00 -0.00 0.00 0.00 -0.00 0.00 0.00 -0.00 0.00 0.00 -0.00 0.00
-0.0000 0.0221 0.0000 0.00 -0.00 0.00 0.00 -0.00 0.00 0.00 -0.00 0.00 0.00 -0.00 0.00 0.00 -0.00 0.00 0.00 -0.00 0.00 0.00 -0.00 0.00 0.00 -0.00 0.00 0.00 -0.00 0.00 0.00 -0.00 0.00 0.00 -0.00 0.00 0.00 -0.00 0.00 0.00 -0.00 0.00 0.00 -0.00 0.00 0.00 -0.00 0.00 0.00 -0.00 0.00 0.00 -0.00 0.00 0.00 -0.00 0.00 69.06 -37.95 134.56 -0.00 23.42 -0.00 -6.28 10.14 20.11 -1.35 12.81 32.73 0.00 0.00 -0.00 2.00 -0.02 0.61 -0.05 -0.29 8.55 -0.04 -0.15 4.31 0.00 0.00 -0.00 0.00 -0.00 1.62 -0.00 -0.00 16.38 0.00 -0.00 8.49 0.00 0.00 -0.00 -2.00 0.08 2.24 0.26 0.63 19.89 0.20 0.31 10.45 0.00 0.00 -0.00 -4.00 0.02 0.25 0.02 0.30 4.33 0.02 0.15 2.15 0.00 -0.00 0.00 0.00 -0.00 0.00 0.00 -0.00 0.00 0.00 -0.00 0.00 0.00 -0.00 0.00 0.00 -0.00 0.00 0.00 -0.00 0.00 0.00 -0.00 0.00 0.00 -0.00 0.00 0.00 -0.00 0.00 0.00 -0.00 0.00 0.00 -0.00 0.00 0.00 -0.00 0.00 0.00 -0.00 0.00 0.00 -0.00 0.00 0.00 -0.00 0.00 0.00 -0.00 0.00 0.00 -0.00 0.00 0.00 -0.00 0.00 0.00 -0.00 0.00 0.00 -0.00 0.00 0.00 -0.00 0.00 0.00 -0.00 0.00
-0.0000 0.0223 0.0000 0.00 -0.00 0.00 0.00 -0.00 0.00 0.00 -0.00 0.00 0.00 -0.00 0.00 0.00 -0.00 0.00 0.00 -0.00 0.00 0.00 -0.00 0.00 0.00 -0.00 0.00 0.00 -0.00 0.00 0.00 -0.00 0.00 0.00 -0.00 0.00 0.00 -0.00 0.00 0.00 -0.00 0.00 0.00 -0.00 0.00 0.00 -0.00 0.00 0.00 -0.00 0.00 0.00 -0.00 0.00 0.00 -0.00 0.00 69.06 -37.95 134.56 -0.00 23.42 -0.00 -6.28 10.14 20.11 -1.35 12.81 32.73 0.00 0.00 -0.00 2.00 -0.02 0.61 -0.05 -0.29 8.55 -0.04 -0.15 4.31 0.00 0.00 -0.00 0.00 -0.00 1.62 -0.00 -0.00 16.38 0.00 -0.00 8.49 0.00 0.00 -0.00 -2.00 0.08 2.24 0.26 0.63 19.89 0.20 0.31 10.45 0.00 0.00 -0.00 -4.00 0.02 0.25 0.02 0.30 4.33 0.02 0.15 2.15 0.00 -0.00 0.00 0.00 -0.00 0.00 0.00 -0.00 0.00 0.00 -0.00 0.00 0.00 -0.00 0.00 0.00 -0.00 0.00 0.00 -0.00 0.00 0.00 -0.00 0.00 0.00 -0.00 0.00 0.00 -0.00 0.00 0.00 -0.00 0.00 0.00 -0.00 0.00 0.00 -0.00 0.00 0.00 -0.00 0.00 0.00 -0.00 0.00 0.00 -0.00 0.00 0.00 -0.00 0.00 0.00 -0.00 0.00 0.00 -0.00 0.00 0.00 -0.00 0.00 0.00 -0.00 0.00 0.00 -0.00 0.00 0.00 -0.00 0.00
-0.0000 0.0226 0.0000 0.00 -0.00 0.00 0.00 -0.00 0.00 0.00 -0.00 0.00 0.00 -0.00 0.00 0.00 -0.00 0.00 0.00 -0.00 0.00 0.00 -0.00 0.00 0.00 -0.00 0.00 0.00 -0.00 0.00 0.00 -0.00 0.00 0.00 -0.00 0.00 0.00 -0.00 0.00 0.00 -0.00 0.00 0.00 -0.00 0.00 0.00 -0.00 0.00 0.00 -0.00 0.00 0.00 -0.00 0.00 0.00 -0.00 0.00 69.06 -37.95 134.56 -0.00 23.42 -0.00 -6.28 10.14 20.11 -1.35 12.81 32.73 0.00 0.00 -0.00 2.00 -0.02 0.61 -0.05 -0.29 8.55 -0.04 -0.15 4.31 0.00 0.00 -0.00 0.00 -0.00 1.62 -0.00 -0.00 16.38 0.00 -0.00 8.49 0.00 0.00 -0.00 -2.00 0.08 2.24 0.26 0.63 19.89 0.20 0.31 10.45 0.00 0.00 -0.00 -4.00 0.02 0.25 0.02 0.30 4.33 0.02 0.15 2.15 0.00 -0.00 0.00 0.00 -0.00 0.00 0.00 -0.00 0.00 0.00 -0.00 0.00 0.00 -0.00 0.00 0.00 -0.00 0.00 0.00 -0.00 0.00 0.00 -0.00 0.00 0.00 -0.00 0.00 0.00 -0.00 0.00 0.00 -0.00 0.00 0.00 -0.00 0.00 0.00 -0.00 0.00 0.00 -0.00 0.00 0.00 -0.00 0.00 0.00 -0.00 0.00 0.00 -0.00 0.00 0.00 -0.00 0.00 0.00 -0.00 0.00 0.00 -0.00 0.00 0.00 -0.00 0.00 0.00 -0.00 0.00 0.00 -0.00 0.00
-0.0000 0.0228 0.0000 0.00 -0.00 0.00 0.00 -0.00 0.00 0.00 -0.00 0.00 0.00 -0.00 0.00 0.00 -0.00 0.00 0.00 -0.00 0.00 0.00 -0.00 0.00 0.00 -0.00 0.00 0.00 -0.00 0.00 0.00 -0.00 0.00 0.00 -0.00 0.00 0.00 -0.00 0.00 0.00 -0.00 0.00 0.00 -0.00 0.00 0.00 -0.00 0.00 0.00 -0.00 0.00 0.00 -0.00 0.00 0.00 -0.00 0.00 69.06 -37.95 134.56 -0.00 23.42 -0.00 -6.28 10.14 20.11 -1.35 12.81 32.73 0.00 0.00 -0.00 2.00 -0.02 0.61 -0.05 -0.29 8.55 -0.04 -0.15 4.31 0.00 0.00 -0.00 0.00 -0.00 1.62 -0.00 -0.00 16.38 0.00 -0.00 8.49 0.00 0.00 -0.00 -2.00 0.08 2.24 0.26 0.63 19.89 0.20 0.31 10.45 0.00 0.00 -0.00 -4.00 0.02 0.25 0.02 0.30 4.33 0.02 0.15 2.15 0.00 -0.00 0.00 0.00 -0.00 0.00 0.00 -0.00 0.00 0.00 -0.00 0.00 0.00 -0.00 0.00 0.00 -0.00 0.00 0.00 -0.00 0.00 0.00 -0.00 0.00 0.00 -0.00 0.00 0.00 -0.00 0.00 0.00 -0.00 0.00 0.00 -0.00 0.00 0.00 -0.00 0.00 0.00 -0.00 0.00 0.00 -0.00 0.00 0.00 -0.00 0.00 0.00 -0.00 0.00 0.00 -0.00 0.00 0.00 -0.00 0.00 0.00 -0.00 0.00 0.00 -0.00 0.00 0.00 -0.00 0.00 0.00 -0.00 0.00
-0.0000 0.0223 0.0000 0.00 -0.00 0.00 0.00 -0.00 0.00 0.00 -0.00 0.00 0.00 -0.00 0.00 0.00 -0.00 0.00 0.00 -0.00 0.00 0.00 -0.00 0.00 0.00 -0.00 0.00 0.00 -0.00 0.00 0.00 -0.00 0.00 0.00 -0.00 0.00 0.00 -0.00 0.00 0.00 -0.00 0.00 0.00 -0.00 0.00 0.00 -0.00 0.00 0.00 -0.00 0.00 0.00 -0.00 0.00 0.00 -0.00 0.00 69.06 -37.95 134.56 -0.00 23.42 -0.00 -6.28 10.14 20.11 -1.35 12.81 32.73 0.00 0.00 -0.00 2.00 -0.02 0.61 -0.05 -0.29 8.55 -0.04 -0.15 4.31 0.00 0.00 -0.00 0.00 -0.00 1.62 -0.00 -0.00 16.38 0.00 -0.00 8.49 0.00 0.00 -0.00 -2.00 0.08 2.24 0.26 0.63 19.89 0.20 0.31 10.45 0.00 0.00 -0.00 -4.00 0.02 0.25 0.02 0.30 4.33 0.02 0.15 2.15 0.00 -0.00 0.00 0.00 -0.00 0.00 0.00 -0.00 0.00 0.00 -0.00 0.00 0.00 -0.00 0.00 0.00 -0.00 0.00 0.00 -0.00 0.00 0.00 -0.00 0.00 0.00 -0.00 0.00 0.00 -0.00 0.00 0.00 -0.00 0.00 0.00 -0.00 0.00 0.00 -0.00 0.00 0.00 -0.00 0.00 0.00 -0.00 0.00 0.00 -0.00 0.00 0.00 -0.00 0.00 0.00 -0.00 0.00 0.00 -0.00 0.00 0.00 -0.00 0.00 0.00 -0.00 0.00 0.00 -0.00 0.00 0.00 -0.00 0.00
-0.0000 0.0219 0.0000 0.00 -0.00 0.00 0.00 -0.00 0.00 0.00 -0.00 0.00 0.00 -0.00 0.00 0.00 -0.00 0.00 0.00 -0.00 0.00 0.00 -0.00 0.00 0.00 -0.00 0.00 0.00 -0.00 0.00 0.00 -0.00 0.00 0.00 -0.00 0.00 0.00 -0.00 0.00 0.00 -0.00 0.00 0.00 -0.00 0.00 0.00 -0.00 0.00 0.00 -0.00 0.00 0.00 -0.00 0.00 0.00 -0.00 0.00 69.06 -37.95 134.56 -0.00 23.42 -0.00 -6.28 10.14 20.11 -1.35 12.81 32.73 0.00 0.00 -0.00 2.00 -0.02 0.61 -0.05 -0.29 8.55 -0.04 -0.15 4.31 0.00 0.00 -0.00 0.00 -0.00 1.62 -0.00 -0.00 16.38 0.00 -0.00 8.49 0.00 0.00 -0.00 -2.00 0.08 2.24 0.26 0.63 19.89 0.20 0.31 10.45 0.00 0.00 -0.00 -4.00 0.02 0.25 0.02 0.30 4.33 0.02 0.15 2.15 0.00 -0.00 0.00 0.00 -0.00 0.00 0.00 -0.00 0.00 0.00 -0.00 0.00 0.00 -0.00 0.00 0.00 -0.00 0.00 0.00 -0.00 0.00 0.00 -0.00 0.00 0.00 -0.00 0.00 0.00 -0.00 0.00 0.00 -0.00 0.00 0.00 -0.00 0.00 0.00 -0.00 0.00 0.00 -0.00 0.00 0.00 -0.00 0.00 0.00 -0.00 0.00 0.00 -0.00 0.00 0.00 -0.00 0.00 0.00 -0.00 0.00 0.00 -0.00 0.00 0.00 -0.00 0.00 0.00 -0.00 0.00 0.00 -0.00 0.00
-0.0000 0.0221 0.0000 0.00 -0.00 0.00 0.00 -0.00 0.00 0.00 -0.00 0.00 0.00 -0.00 0.00 0.00 -0.00 0.00 0.00 -0.00 0.00 0.00 -0.00 0.00 0.00 -0.00 0.00 0.00 -0.00 0.00 0.00 -0.00 0.00 0.00 -0.00 0.00 0.00 -0.00 0.00 0.00 -0.00 0.00 0.00 -0.00 0.00 0.00 -0.00 0.00 0.00 -0.00 0.00 0.00 -0.00 0.00 0.00 -0.00 0.00 69.06 -37.95 134.56 -0.00 23.42 -0.00 -6.28 10.14 20.11 -1.35 12.81 32.73 0.00 0.00 -0.00 2.00 -0.02 0.61 -0.05 -0.29 8.55 -0.04 -0.15 4.31 0.00 0.00 -0.00 0.00 -0.00 1.62 -0.00 -0.00 16.38 0.00 -0.00 8.49 0.00 0.00 -0.00 -2.00 0.08 2.24 0.26 0.63 19.89 0.20 0.31 10.45 0.00 0.00 -0.00 -4.00 0.02 0.25 0.02 0.30 4.33 0.02 0.15 2.15 0.00 -0.00 0.00 0.00 -0.00 0.00 0.00 -0.00 0.00 0.00 -0.00 0.00 0.00 -0.00 0.00 0.00 -0.00 0.00 0.00 -0.00 0.00 0.00 -0.00 0.00 0.00 -0.00 0.00 0.00 -0.00 0.00 0.00 -0.00 0.00 0.00 -0.00 0.00 0.00 -0.00 0.00 0.00 -0.00 0.00 0.00 -0.00 0.00 0.00 -0.00 0.00 0.00 -0.00 0.00 0.00 -0.00 0.00 0.00 -0.00 0.00 0.00 -0.00 0.00 0.00 -0.00 0.00 0.00 -0.00 0.00 0.00 -0.00 0.00
-0.0000 0.0225 0.0000 0.00 -0.00 0.00 0.00 -0.00 0.00 0.00 -0.00 0.00 0.00 -0.00 0.00 0.00 -0.00 0.00 0.00 -0.00 0.00 0.00 -0.00 0.00 0.00 -0.00 0.00 0.00 -0.00 0.00 0.00 -0.00 0.00 0.00 -0.00 0.00 0.00 -0.00 0.00 0.00 -0.00 0.00 0.00 -0.00 0.00 0.00 -0.00 0.00 0.00 -0.00 0.00 0.00 -0.00 0.00 0.00 -0.00 0.00 69.06 -37.95 134.56 -0.00 23.42 -0.00 -6.28 10.14 20.11 -1.35 12.81 32.73 0.00 0.00 -0.00 2.00 -0.02 0.61 -0.05 -0.29 8.55 -0.04 -0.15 4.31 0.00 0.00 -0.00 0.00 -0.00 1.62 -0.00 -0.00 16.38 0.00 -0.00 8.49 0.00 0.00 -0.00 -2.00 0.08 2.24 0.26 0.63 19.89 0.20 0.31 10.45 0.00 0.00 -0.00 -4.00 0.02 0.25 0.02 0.30 4.33 0.02 0.15 2.15 0.00 -0.00 0.00 0.00 -0.00 0.00 0.00 -0.00 0.00 0.00 -0.00 0.00 0.00 -0.00 0.00 0.00 -0.00 0.00 0.00 -0.00 0.00 0.00 -0.00 0.00 0.00 -0.00 0.00 0.00 -0.00 0.00 0.00 -0.00 0.00 0.00 -0.00 0.00 0.00 -0.00 0.00 0.00 -0.00 0.00 0.00 -0.00 0.00 0.00 -0.00 0.00 0.00 -0.00 0.00 0.00 -0.00 0.00 0.00 -0.00 0.00 0.00 -0.00 0.00 0.00 -0.00 0.00 0.00 -0.00 0.00 0.00 -0.00 0.00
-0.0000 0.0226 0.0000 0.00 -0.00 0.00 0.00 -0.00 0.00 0.00 -0.00 0.00 0.00 -0.00 0.00 0.00 -0.00 0.00 0.00 -0.00 0.00 0.00 -0.00 0.00 0.00 -0.00 0.00 0.00 -0.00 0.00 0.00 -0.00 0.00 0.00 -0.00 0.00 0.00 -0.00 0.00 0.00 -0.00 0.00 0.00 -0.00 0.00 0.00 -0.00 0.00 0.00 -0.00 0.00 0.00 -0.00 0.00 0.00 -0.00 0.00 69.06 -37.95 134.56 -0.00 23.42 -0.00 -6.28 10.14 20.11 -1.35 12.81 32.73 0.00 0.00 -0.00 2.00 -0.02 0.61 -0.05 -0.29 8.55 -0.04 -0.15 4.31 0.00 0.00 -0.00 0.00 -0.00 1.62 -0.00 -0.00 16.38 0.00 -0.00 8.49 0.00 0.00 -0.00 -2.00 0.08 2.24 0.26 0.63 19.89 0.20 0.31 10.45 0.00 0.00 -0.00 -4.00 0.02 0.25 0.02 0.30 4.33 0.02 0.15 2.15 0.00 -0.00 0.00 0.00 -0.00 0.00 0.00 -0.00 0.00 0.00 -0.00 0.00 0.00 -0.00 0.00 0.00 -0.00 0.00 0.00 -0.00 0.00 0.00 -0.00 0.00 0.00 -0.00 0.00 0.00 -0.00 0.00 0.00 -0.00 0.00 0.00 -0.00 0.00 0.00 -0.00 0.00 0.00 -0.00 0.00 0.00 -0.00 0.00 0.00 -0.00 0.00 0.00 -0.00 0.00 0.00 -0.00 0.00 0.00 -0.00 0.00 0.00 -0.00 0.00 0.00 -0.00 0.00 0.00 -0.00 0.00 0.00 -0.00 0.00
-0.0000 0.0222 0.0000 0.00 -0.00 0.00 0.00 -0.00 0.00 0.00 -0.00 0.00 0.00 -0.00 0.00 0.00 -0.00 0.00 0.00 -0.00 0.00 0.00 -0.00 0.00 0.00 -0.00 0.00 0.00 -0.00 0.00 0.00 -0.00 0.00 0.00 -0.00 0.00 0.00 -0.00 0.00 0.00 -0.00 0.00 0.00 -0.00 0.00 0.00 -0.00 0.00 0.00 -0.00 0.00 0.00 -0.00 0.00 0.00 -0.00 0.00 69.06 -37.95 134.56 -0.00 23.42 -0.00 -6.28 10.14 20.11 -1.35 12.81 32.73 0.00 0.00 -0.00 2.00 -0.02 0.61 -0.05 -0.29 8.55 -0.04 -0.15 4.31 0.00 0.00 -0.00 0.00 -0.00 1.62 -0.00 -0.00 16.38 0.00 -0.00 8.49 0.00 0.00 -0.00 -2.00 0.08 2.24 0.26 0.63 19.89 0.20 0.31 10.45 0.00 0.00 -0.00 -4.00 0.02 0.25 0.02 0.30 4.33 0.02 0.15 2.15 0.00 -0.00 0.00 0.00 -0.00 0.00 0.00 -0.00 0.00 0.00 -0.00 0.00 0.00 -0.00 0.00 0.00 -0.00 0.00 0.00 -0.00 0.00 0.00 -0.00 0.00 0.00 -0.00 0.00 0.00 -0.00 0.00 0.00 -0.00 0.00 0.00 -0.00 0.00 0.00 -0.00 0.00 0.00 -0.00 0.00 0.00 -0.00 0.00 0.00 -0.00 0.00 0.00 -0.00 0.00 0.00 -0.00 0.00 0.00 -0.00 0.00 0.00 -0.00 0.00 0.00 -0.00 0.00 0.00 -0.00 0.00 0.00 -0.00 0.00
-0.0000 0.0223 0.0000 0.00 -0.00 0.00 0.00 -0.00 0.00 0.00 -0.00 0.00 0.00 -0.00 0.00 0.00 -0.00 0.00 0.00 -0.00 0.00 0.00 -0.00 0.00 0.00 -0.00 0.00 0.00 -0.00 0.00 0.00 -0.00 0.00 0.00 -0.00 0.00 0.00 -0.00 0.00 0.00 -0.00 0.00 0.00 -0.00 0.00 0.00 -0.00 0.00 0.00 -0.00 0.00 0.00 -0.00 0.00 0.00 -0.00 0.00 69.06 -37.95 134.56 -0.00 23.42 -0.00 -6.28 10.14 20.11 -1.35 12.81 32.73 0.00 0.00 -0.00 2.00 -0.02 0.61 -0.05 -0.29 8.55 -0.04 -0.15 4.31 0.00 0.00 -0.00 0.00 -0.00 1.62 -0.00 -0.00 16.38 0.00 -0.00 8.49 0.00 0.00 -0.00 -2.00 0.08 2.24 0.26 0.63 19.89 0.20 0.31 10.45 0.00 0.00 -0.00 -4.00 0.02 0.25 0.02 0.30 4.33 0.02 0.15 2.15 0.00 -0.00 0.00 0.00 -0.00 0.00 0.00 -0.00 0.00 0.00 -0.00 0.00 0.00 -0.00 0.00 0.00 -0.00 0.00 0.00 -0.00 0.00 0.00 -0.00 0.00 0.00 -0.00 0.00 0.00 -0.00 0.00 0.00 -0.00 0.00 0.00 -0.00 0.00 0.00 -0.00 0.00 0.00 -0.00 0.00 0.00 -0.00 0.00 0.00 -0.00 0.00 0.00 -0.00 0.00 0.00 -0.00 0.00 0.00 -0.00 0.00 0.00 -0.00 0.00 0.00 -0.00 0.00 0.00 -0.00 0.00 0.00 -0.00 0.00
-0.0000 0.0226 0.0000 0.00 -0.00 0.00 0.00 -0.00 0.00 0.00 -0.00 0.00 0.00 -0.00 0.00 0.00 -0.00 0.00 0.00 -0.00 0.00 0.00 -0.00 0.00 0.00 -0.00 0.00 0.00 -0.00 0.00 0.00 -0.00 0.00 0.00 -0.00 0.00 0.00 -0.00 0.00 0.00 -0.00 0.00 0.00 -0.00 0.00 0.00 -0.00 0.00 0.00 -0.00 0.00 0.00 -0.00 0.00 0.00 -0.00 0.00 69.06 -37.95 134.56 -0.00 23.42 -0.00 -6.28 10.14 20.11 -1.35 12.81 32.73 0.00 0.00 -0.00 2.00 -0.02 0.61 -0.05 -0.29 8.55 -0.04 -0.15 4.31 0.00 0.00 -0.00 0.00 -0.00 1.62 -0.00 -0.00 16.38 0.00 -0.00 8.49 0.00 0.00 -0.00 -2.00 0.08 2.24 0.26 0.63 19.89 0.20 0.31 10.45 0.00 0.00 -0.00 -4.00 0.02 0.25 0.02 0.30 4.33 0.02 0.15 2.15 0.00 -0.00 0.00 0.00 -0.00 0.00 0.00 -0.00 0.00 0.00 -0.00 0.00 0.00 -0.00 0.00 0.00 -0.00 0.00 0.00 -0.00 0.00 0.00 -0.00 0.00 0.00 -0.00 0.00 0.00 -0.00 0.00 0.00 -0.00 0.00 0.00 -0.00 0.00 0.00 -0.00 0.00 0.00 -0.00 0.00 0.00 -0.00 0.00 0.00 -0.00 0.00 0.00 -0.00 0.00 0.00 -0.00 0.00 0.00 -0.00 0.00 0.00 -0.00 0.00 0.00 -0.00 0.00 0.00 -0.00 0.00 0.00 -0.00 0.00
-0.0000 0.0229 0.0000 0.00 -0.00 0.00 0.00 -0.00 0.00 0.00 -0.00 0.00 0.00 -0.00 0.00 0.00 -0.00 0.00 0.00 -0.00 0.00 0.00 -0.00 0.00 0.00 -0.00 0.00 0.00 -0.00 0.00 0.00 -0.00 0.00 0.00 -0.00 0.00 0.00 -0.00 0.00 0.00 -0.00 0.00 0.00 -0.00 0.00 0.00 -0.00 0.00 0.00 -0.00 0.00 0.00 -0.00 0.00 0.00 -0.00 0.00 69.06 -37.95 134.56 -0.00 23.42 -0.00 -6.28 10.14 20.11 -1.35 12.81 32.73 0.00 0.00 -0.00 2.00 -0.02 0.61 -0.05 -0.29 8.55 -0.04 -0.15 4.31 0.00 0.00 -0.00 0.00 -0.00 1.62 -0.00 -0.00 16.38 0.00 -0.00 8.49 0.00 0.00 -0.00 -2.00 0.08 2.24 0.26 0.63 19.89 0.20 0.31 10.45 0.00 0.00 -0.00 -4.00 0.02 0.25 0.02 0.30 4.33 0.02 0.15 2.15 0.00 -0.00 0.00 0.00 -0.00 0.00 0.00 -0.00 0.00 0.00 -0.00 0.00 0.00 -0.00 0.00 0.00 -0.00 0.00 0.00 -0.00 0.00 0.00 -0.00 0.00 0.00 -0.00 0.00 0.00 -0.00 0.00 0.00 -0.00 0.00 0.00 -0.00 0.00 0.00 -0.00 0.00 0.00 -0.00 0.00 0.00 -0.00 0.00 0.00 -0.00 0.00 0.00 -0.00 0.00 0.00 -0.00 0.00 0.00 -0.00 0.00 0.00 -0.00 0.00 0.00 -0.00 0.00 0.00 -0.00 0.00 0.00 -0.00 0.00
-0.0000 0.0223 0.0000 0.00 -0.00 0.00 0.00 -0.00 0.00 0.00 -0.00 0.00 0.00 -0.00 0.00 0.00 -0.00 0.00 0.00 -0.00 0.00 0.00 -0.00 0.00 0.00 -0.00 0.00 0.00 -0.00 0.00 0.00 -0.00 0.00 0.00 -0.00 0.00 0.00 -0.00 0.00 0.00 -0.00 0.00 0.00 -0.00 0.00 0.00 -0.00 0.00 0.00 -0.00 0.00 0.00 -0.00 0.00 0.00 -0.00 0.00 69.06 -37.95 134.56 -0.00 23.42 -0.00 -6.28 10.14 20.11 -1.35 12.81 32.73 0.00 0.00 -0.00 2.00 -0.02 0.61 -0.05 -0.29 8.55 -0.04 -0.15 4.31 0.00 0.00 -0.00 0.00 -0.00 1.62 -0.00 -0.00 16.38 0.00 -0.00 8.49 0.00 0.00 -0.00 -2.00 0.08 2.24 0.26 0.63 19.89 0.20 0.31 10.45 0.00 0.00 -0.00 -4.00 0.02 0.25 0.02 0.30 4.33 0.02 0.15 2.15 0.00 -0.00 0.00 0.00 -0.00 0.00 0.00 -0.00 0.00 0.00 -0.00 0.00 0.00 -0.00 0.00 0.00 -0.00 0.00 0.00 -0.00 0.00 0.00 -0.00 0.00 0.00 -0.00 0.00 0.00 -0.00 0.00 0.00 -0.00 0.00 0.00 -0.00 0.00 0.00 -0.00 0.00 0.00 -0.00 0.00 0.00 -0.00 0.00 0.00 -0.00 0.00 0.00 -0.00 0.00 0.00 -0.00 0.00 0.00 -0.00 0.00 0.00 -0.00 0.00 0.00 -0.00 0.00 0.00 -0.00 0.00 0.00 -0.00 0.00
-0.0000 0.0234 0.0000 0.00 -0.00 0.00 0.00 -0.00 0.00 0.00 -0.00 0.00 0.00 -0.00 0.00 0.00 -0.00 0.00 0.00 -0.00 0.00 0.00 -0.00 0.00 0.00 -0.00 0.00 0.00 -0.00 0.00 0.00 -0.00 0.00 0.00 -0.00 0.00 0.00 -0.00 0.00 0.00 -0.00 0.00 0.00 -0.00 0.00 0.00 -0.00 0.00 0.00 -0.00 0.00 0.00 -0.00 0.00 0.00 -0.00 0.00 69.06 -37.95 134.56 -0.00 23.42 -0.00 -6.28 10.14 20.11 -1.35 12.81 32.73 0.00 0.00 -0.00 2.00 -0.02 0.61 -0.05 -0.29 8.55 -0.04 -0.15 4.31 0.00 0.00 -0.00 0.00 -0.00 1.62 -0.00 -0.00 16.38 0.00 -0.00 8.49 0.00 0.00 -0.00 -2.00 0.08 2.24 0.26 0.63 19.89 0.20 0.31 10.45 0.00 0.00 -0.00 -4.00 0.02 0.25 0.02 0.30 4.33 0.02 0.15 2.15 0.00 -0.00 0.00 0.00 -0.00 0.00 0.00 -0.00 0.00 0.00 -0.00 0.00 0.00 -0.00 0.00 0.00 -0.00 0.00 0.00 -0.00 0.00 0.00 -0.00 0.00 0.00 -0.00 0.00 0.00 -0.00 0.00 0.00 -0.00 0.00 0.00 -0.00 0.00 0.00 -0.00 0.00 0.00 -0.00 0.00 0.00 -0.00 0.00 0.00 -0.00 0.00 0.00 -0.00 0.00 0.00 -0.00 0.00 0.00 -0.00 0.00 0.00 -0.00 0.00 0.00 -0.00 0.00 0.00 -0.00 0.00 0.00 -0.00 0.00
-0.0000 0.0224 0.0000 0.00 -0.00 0.00 0.00 -0.00 0.00 0.00 -0.00 0.00 0.00 -0.00 0.00 0.00 -0.00 0.00 0.00 -0.00 0.00 0.00 -0.00 0.00 0.00 -0.00 0.00 0.00 -0.00 0.00 0.00 -0.00 0.00 0.00 -0.00 0.00 0.00 -0.00 0.00 0.00 -0.00 0.00 0.00 -0.00 0.00 0.00 -0.00 0.00 0.00 -0.00 0.00 0.00 -0.00 0.00 0.00 -0.00 0.00 69.06 -37.95 134.56 -0.00 23.42 -0.00 -6.28 10.14 20.11 -1.35 12.81 32.73 0.00 0.00 -0.00 2.00 -0.02 0.61 -0.05 -0.29 8.55 -0.04 -0.15 4.31 0.00 0.00 -0.00 0.00 -0.00 1.62 -0.00 -0.00 16.38 0.00 -0.00 8.49 0.00 0.00 -0.00 -2.00 0.08 2.24 0.26 0.63 19.89 0.20 0.31 10.45 0.00 0.00 -0.00 -4.00 0.02 0.25 0.02 0.30 4.33 0.02 0.15 2.15 0.00 -0.00 0.00 0.00 -0.00 0.00 0.00 -0.00 0.00 0.00 -0.00 0.00 0.00 -0.00 0.00 0.00 -0.00 0.00 0.00 -0.00 0.00 0.00 -0.00 0.00 0.00 -0.00 0.00 0.00 -0.00 0.00 0.00 -0.00 0.00 0.00 -0.00 0.00 0.00 -0.00 0.00 0.00 -0.00 0.00 0.00 -0.00 0.00 0.00 -0.00 0.00 0.00 -0.00 0.00 0.00 -0.00 0.00 0.00 -0.00 0.00 0.00 -0.00 0.00 0.00 -0.00 0.00 0.00 -0.00 0.00 0.00 -0.00 0.00
-0.0000 0.0222 0.0000 0.00 -0.00 0.00 0.00 -0.00 0.00 0.00 -0.00 0.00 0.00 -0.00 0.00 0.00 -0.00 0.00 0.00 -0.00 0.00 0.00 -0.00 0.00 0.00 -0.00 0.00 0.00 -0.00 0.00 0.00 -0.00 0.00 0.00 -0.00 0.00 0.00 -0.00 0.00 0.00 -0.00 0.00 0.00 -0.00 0.00 0.00 -0.00 0.00 0.00 -0.00 0.00 0.00 -0.00 0.00 0.00 -0.00 0.00 69.06 -37.95 134.56 -0.00 23.42 -0.00 -6.28 10.14 20.11 -1.35 12.81 32.73 0.00 0.00 -0.00 2.00 -0.02 0.61 -0.05 -0.29 8.55 -0.04 -0.15 4.31 0.00 0.00 -0.00 0.00 -0.00 1.62 -0.00 -0.00 16.38 0.00 -0.00 8.49 0.00 0.00 -0.00 -2.00 0.08 2.24 0.26 0.63 19.89 0.20 0.31 10.45 0.00 0.00 -0.00 -4.00 0.02 0.25 0.02 0.30 4.33 0.02 0.15 2.15 0.00 -0.00 0.00 0.00 -0.00 0.00 0.00 -0.00 0.00 0.00 -0.00 0.00 0.00 -0.00 0.00 0.00 -0.00 0.00 0.00 -0.00 0.00 0.00 -0.00 0.00 0.00 -0.00 0.00 0.00 -0.00 0.00 0.00 -0.00 0.00 0.00 -0.00 0.00 0.00 -0.00 0.00 0.00 -0.00 0.00 0.00 -0.00 0.00 0.00 -0.00 0.00 0.00 -0.00 0.00 0.00 -0.00 0.00 0.00 -0.00 0.00 0.00 -0.00 0.00 0.00 -0.00 0.00 0.00 -0.00 0.00 0.00 -0.00 0.00
-0.0000 0.0229 0.0000 0.00 -0.00 0.00 0.00 -0.00 0.00 0.00 -0.00 0.00 0.00 -0.00 0.00 0.00 -0.00 0.00 0.00 -0.00 0.00 0.00 -0.00 0.00 0.00 -0.00 0.00 0.00 -0.00 0.00 0.00 -0.00 0.00 0.00 -0.00 0.00 0.00 -0.00 0.00 0.00 -0.00 0.00 0.00 -0.00 0.00 0.00 -0.00 0.00 0.00 -0.00 0.00 0.00 -0.00 0.00 0.00 -0.00 0.00 69.06 -37.95 134.56 -0.00 23.42 -0.00 -6.28 10.14 20.11 -1.35 12.81 32.73 0.00 0.00 -0.00 2.00 -0.02 0.61 -0.05 -0.29 8.55 -0.04 -0.15 4.31 0.00 0.00 -0.00 0.00 -0.00 1.62 -0.00 -0.00 16.38 0.00 -0.00 8.49 0.00 0.00 -0.00 -2.00 0.08 2.24 0.26 0.63 19.89 0.20 0.31 10.45 0.00 0.00 -0.00 -4.00 0.02 0.25 0.02 0.30 4.33 0.02 0.15 2.15 0.00 -0.00 0.00 0.00 -0.00 0.00 0.00 -0.00 0.00 0.00 -0.00 0.00 0.00 -0.00 0.00 0.00 -0.00 0.00 0.00 -0.00 0.00 0.00 -0.00 0.00 0.00 -0.00 0.00 0.00 -0.00 0.00 0.00 -0.00 0.00 0.00 -0.00 0.00 0.00 -0.00 0.00 0.00 -0.00 0.00 0.00 -0.00 0.00 0.00 -0.00 0.00 0.00 -0.00 0.00 0.00 -0.00 0.00 0.00 -0.00 0.00 0.00 -0.00 0.00 0.00 -0.00 0.00 0.00 -0.00 0.00 0.00 -0.00 0.00
-0.0000 0.0219 0.0000 0.00 -0.00 0.00 0.00 -0.00 0.00 0.00 -0.00 0.00 0.00 -0.00 0.00 0.00 -0.00 0.00 0.00 -0.00 0.00 0.00 -0.00 0.00 0.00 -0.00 0.00 0.00 -0.00 0.00 0.00 -0.00 0.00 0.00 -0.00 0.00 0.00 -0.00 0.00 0.00 -0.00 0.00 0.00 -0.00 0.00 0.00 -0.00 0.00 0.00 -0.00 0.00 0.00 -0.00 0.00 0.00 -0.00 0.00 69.06 -37.95 134.56 -0.00 23.42 -0.00 -6.28 10.14 20.11 -1.35 12.81 32.73 0.00 0.00 -0.00 2.00 -0.02 0.61 -0.05 -0.29 8.55 -0.04 -0.15 4.31 0.00 0.00 -0.00 0.00 -0.00 1.62 -0.00 -0.00 16.38 0.00 -0.00 8.49 0.00 0.00 -0.00 -2.00 0.08 2.24 0.26 0.63 19.89 0.20 0.31 10.45 0.00 0.00 -0.00 -4.00 0.02 0.25 0.02 0.30 4.33 0.02 0.15 2.15 0.00 -0.00 0.00 0.00 -0.00 0.00 0.00 -0.00 0.00 0.00 -0.00 0.00 0.00 -0.00 0.00 0.00 -0.00 0.00 0.00 -0.00 0.00 0.00 -0.00 0.00 0.00 -0.00 0.00 0.00 -0.00 0.00 0.00 -0.00 0.00 0.00 -0.00 0.00 0.00 -0.00 0.00 0.00 -0.00 0.00 0.00 -0.00 0.00 0.00 -0.00 0.00 0.00 -0.00 0.00 0.00 -0.00 0.00 0.00 -0.00 0.00 0.00 -0.00 0.00 0.00 -0.00 0.00 0.00 -0.00 0.00 0.00 -0.00 0.00
-0.0000 0.0232 0.0000 0.00 -0.00 0.00 0.00 -0.00 0.00 0.00 -0.00 0.00 0.00 -0.00 0.00 0.00 -0.00 0.00 0.00 -0.00 0.00 0.00 -0.00 0.00 0.00 -0.00 0.00 0.00 -0.00 0.00 0.00 -0.00 0.00 0.00 -0.00 0.00 0.00 -0.00 0.00 0.00 -0.00 0.00 0.00 -0.00 0.00 0.00 -0.00 0.00 0.00 -0.00 0.00 0.00 -0.00 0.00 0.00 -0.00 0.00 69.06 -37.95 134.56 -0.00 23.42 -0.00 -6.28 10.14 20.11 -1.35 12.81 32.73 0.00 0.00 -0.00 2.00 -0.02 0.61 -0.05 -0.29 8.55 -0.04 -0.15 4.31 0.00 0.00 -0.00 0.00 -0.00 1.62 -0.00 -0.00 16.38 0.00 -0.00 8.49 0.00 0.00 -0.00 -2.00 0.08 2.24 0.26 0.63 19.89 0.20 0.31 10.45 0.00 0.00 -0.00 -4.00 0.02 0.25 0.02 0.30 4.33 0.02 0.15 2.15 0.00 -0.00 0.00 0.00 -0.00 0.00 0.00 -0.00 0.00 0.00 -0.00 0.00 0.00 -0.00 0.00 0.00 -0.00 0.00 0.00 -0.00 0.00 0.00 -0.00 0.00 0.00 -0.00 0.00 0.00 -0.00 0.00 0.00 -0.00 0.00 0.00 -0.00 0.00 0.00 -0.00 0.00 0.00 -0.00 0.00 0.00 -0.00 0.00 0.00 -0.00 0.00 0.00 -0.00 0.00 0.00 -0.00 0.00 0.00 -0.00 0.00 0.00 -0.00 0.00 0.00 -0.00 0.00 0.00 -0.00 0.00 0.00 -0.00 0.00
-0.0000 0.0233 0.0000 0.00 -0.00 0.00 0.00 -0.00 0.00 0.00 -0.00 0.00 0.00 -0.00 0.00 0.00 -0.00 0.00 0.00 -0.00 0.00 0.00 -0.00 0.00 0.00 -0.00 0.00 0.00 -0.00 0.00 0.00 -0.00 0.00 0.00 -0.00 0.00 0.00 -0.00 0.00 0.00 -0.00 0.00 0.00 -0.00 0.00 0.00 -0.00 0.00 0.00 -0.00 0.00 0.00 -0.00 0.00 0.00 -0.00 0.00 69.06 -37.95 134.56 -0.00 23.42 -0.00 -6.28 10.14 20.11 -1.35 12.81 32.73 0.00 0.00 -0.00 2.00 -0.02 0.61 -0.05 -0.29 8.55 -0.04 -0.15 4.31 0.00 0.00 -0.00 0.00 -0.00 1.62 -0.00 -0.00 16.38 0.00 -0.00 8.49 0.00 0.00 -0.00 -2.00 0.08 2.24 0.26 0.63 19.89 0.20 0.31 10.45 0.00 0.00 -0.00 -4.00 0.02 0.25 0.02 0.30 4.33 0.02 0.15 2.15 0.00 -0.00 0.00 0.00 -0.00 0.00 0.00 -0.00 0.00 0.00 -0.00 0.00 0.00 -0.00 0.00 0.00 -0.00 0.00 0.00 -0.00 0.00 0.00 -0.00 0.00 0.00 -0.00 0.00 0.00 -0.00 0.00 0.00 -0.00 0.00 0.00 -0.00 0.00 0.00 -0.00 0.00 0.00 -0.00 0.00 0.00 -0.00 0.00 0.00 -0.00 0.00 0.00 -0.00 0.00 0.00 -0.00 0.00 0.00 -0.00 0.00 0.00 -0.00 0.00 0.00 -0.00 0.00 0.00 -0.00 0.00 0.00 -0.00 0.00
-0.0000 0.0234 0.0000 0.00 -0.00 0.00 0.00 -0.00 0.00 0.00 -0.00 0.00 0.00 -0.00 0.00 0.00 -0.00 0.00 0.00 -0.00 0.00 0.00 -0.00 0.00 0.00 -0.00 0.00 0.00 -0.00 0.00 0.00 -0.00 0.00 0.00 -0.00 0.00 0.00 -0.00 0.00 0.00 -0.00 0.00 0.00 -0.00 0.00 0.00 -0.00 0.00 0.00 -0.00 0.00 0.00 -0.00 0.00 0.00 -0.00 0.00 69.06 -37.95 134.56 -0.00 23.42 -0.00 -6.28 10.14 20.11 -1.35 12.81 32.73 0.00 0.00 -0.00 2.00 -0.02 0.61 -0.05 -0.29 8.55 -0.04 -0.15 4.31 0.00 0.00 -0.00 0.00 -0.00 1.62 -0.00 -0.00 16.38 0.00 -0.00 8.49 0.00 0.00 -0.00 -2.00 0.08 2.24 0.26 0.63 19.89 0.20 0.31 10.45 0.00 0.00 -0.00 -4.00 0.02 0.25 0.02 0.30 4.33 0.02 0.15 2.15 0.00 -0.00 0.00 0.00 -0.00 0.00 0.00 -0.00 0.00 0.00 -0.00 0.00 0.00 -0.00 0.00 0.00 -0.00 0.00 0.00 -0.00 0.00 0.00 -0.00 0.00 0.00 -0.00 0.00 0.00 -0.00 0.00 0.00 -0.00 0.00 0.00 -0.00 0.00 0.00 -0.00 0.00 0.00 -0.00 0.00 0.00 -0.00 0.00 0.00 -0.00 0.00 0.00 -0.00 0.00 0.00 -0.00 0.00 0.00 -0.00 0.00 0.00 -0.00 0.00 0.00 -0.00 0.00 0.00 -0.00 0.00 0.00 -0.00 0.00
-0.0000 0.0247 0.0000 0.00 -0.00 0.00 0.00 -0.00 0.00 0.00 -0.00 0.00 0.00 -0.00 0.00 0.00 -0.00 0.00 0.00 -0.00 0.00 0.00 -0.00 0.00 0.00 -0.00 0.00 0.00 -0.00 0.00 0.00 -0.00 0.00 0.00 -0.00 0.00 0.00 -0.00 0.00 0.00 -0.00 0.00 0.00 -0.00 0.00 0.00 -0.00 0.00 0.00 -0.00 0.00 0.00 -0.00 0.00 0.00 -0.00 0.00 69.06 -37.95 134.56 -0.00 23.42 -0.00 -6.28 10.14 20.11 -1.35 12.81 32.73 0.00 0.00 -0.00 2.00 -0.02 0.61 -0.05 -0.29 8.55 -0.04 -0.15 4.31 0.00 0.00 -0.00 0.00 -0.00 1.62 -0.00 -0.00 16.38 0.00 -0.00 8.49 0.00 0.00 -0.00 -2.00 0.08 2.24 0.26 0.63 19.89 0.20 0.31 10.45 0.00 0.00 -0.00 -4.00 0.02 0.25 0.02 0.30 4.33 0.02 0.15 2.15 0.00 -0.00 0.00 0.00 -0.00 0.00 0.00 -0.00 0.00 0.00 -0.00 0.00 0.00 -0.00 0.00 0.00 -0.00 0.00 0.00 -0.00 0.00 0.00 -0.00 0.00 0.00 -0.00 0.00 0.00 -0.00 0.00 0.00 -0.00 0.00 0.00 -0.00 0.00 0.00 -0.00 0.00 0.00 -0.00 0.00 0.00 -0.00 0.00 0.00 -0.00 0.00 0.00 -0.00 0.00 0.00 -0.00 0.00 0.00 -0.00 0.00 0.00 -0.00 0.00 0.00 -0.00 0.00 0.00 -0.00 0.00 0.00 -0.00 0.00
-0.0000 0.0249 0.0000 0.00 -0.00 0.00 0.00 -0.00 0.00 0.00 -0.00 0.00 0.00 -0.00 0.00 0.00 -0.00 0.00 0.00 -0.00 0.00 0.00 -0.00 0.00 0.00 -0.00 0.00 0.00 -0.00 0.00 0.00 -0.00 0.00 0.00 -0.00 0.00 0.00 -0.00 0.00 0.00 -0.00 0.00 0.00 -0.00 0.00 0.00 -0.00 0.00 0.00 -0.00 0.00 0.00 -0.00 0.00 0.00 -0.00 0.00 69.06 -37.95 134.56 -0.00 23.42 -0.00 -6.28 10.14 20.11 -1.35 12.81 32.73 0.00 0.00 -0.00 2.00 -0.02 0.61 -0.05 -0.29 8.55 -0.04 -0.15 4.31 0.00 0.00 -0.00 0.00 -0.00 1.62 -0.00 -0.00 16.38 0.00 -0.00 8.49 0.00 0.00 -0.00 -2.00 0.08 2.24 0.26 0.63 19.89 0.20 0.31 10.45 0.00 0.00 -0.00 -4.00 0.02 0.25 0.02 0.30 4.33 0.02 0.15 2.15 0.00 -0.00 0.00 0.00 -0.00 0.00 0.00 -0.00 0.00 0.00 -0.00 0.00 0.00 -0.00 0.00 0.00 -0.00 0.00 0.00 -0.00 0.00 0.00 -0.00 0.00 0.00 -0.00 0.00 0.00 -0.00 0.00 0.00 -0.00 0.00 0.00 -0.00 0.00 0.00 -0.00 0.00 0.00 -0.00 0.00 0.00 -0.00 0.00 0.00 -0.00 0.00 0.00 -0.00 0.00 0.00 -0.00 0.00 0.00 -0.00 0.00 0.00 -0.00 0.00 0.00 -0.00 0.00 0.00 -0.00 0.00 0.00 -0.00 0.00
-0.0000 0.0255 0.0000 0.00 -0.00 0.00 0.00 -0.00 0.00 0.00 -0.00 0.00 0.00 -0.00 0.00 0.00 -0.00 0.00 0.00 -0.00 0.00 0.00 -0.00 0.00 0.00 -0.00 0.00 0.00 -0.00 0.00 0.00 -0.00 0.00 0.00 -0.00 0.00 0.00 -0.00 0.00 0.00 -0.00 0.00 0.00 -0.00 0.00 0.00 -0.00 0.00 0.00 -0.00 0.00 0.00 -0.00 0.00 0.00 -0.00 0.00 69.06 -37.95 134.56 -0.00 23.42 -0.00 -6.28 10.14 20.11 -1.35 12.81 32.73 0.00 0.00 -0.00 2.00 -0.02 0.61 -0.05 -0.29 8.55 -0.04 -0.15 4.31 0.00 0.00 -0.00 0.00 -0.00 1.62 -0.00 -0.00 16.38 0.00 -0.00 8.49 0.00 0.00 -0.00 -2.00 0.08 2.24 0.26 0.63 19.89 0.20 0.31 10.45 0.00 0.00 -0.00 -4.00 0.02 0.25 0.02 0.30 4.33 0.02 0.15 2.15 0.00 -0.00 0.00 0.00 -0.00 0.00 0.00 -0.00 0.00 0.00 -0.00 0.00 0.00 -0.00 0.00 0.00 -0.00 0.00 0.00 -0.00 0.00 0.00 -0.00 0.00 0.00 -0.00 0.00 0.00 -0.00 0.00 0.00 -0.00 0.00 0.00 -0.00 0.00 0.00 -0.00 0.00 0.00 -0.00 0.00 0.00 -0.00 0.00 0.00 -0.00 0.00 0.00 -0.00 0.00 0.00 -0.00 0.00 0.00 -0.00 0.00 0.00 -0.00 0.00 0.00 -0.00 0.00 0.00 -0.00 0.00 0.00 -0.00 0.00
-0.0000 0.0248 0.0000 0.00 -0.00 0.00 0.00 -0.00 0.00 0.00 -0.00 0.00 0.00 -0.00 0.00 0.00 -0.00 0.00 0.00 -0.00 0.00 0.00 -0.00 0.00 0.00 -0.00 0.00 0.00 -0.00 0.00 0.00 -0.00 0.00 0.00 -0.00 0.00 0.00 -0.00 0.00 0.00 -0.00 0.00 0.00 -0.00 0.00 0.00 -0.00 0.00 0.00 -0.00 0.00 0.00 -0.00 0.00 0.00 -0.00 0.00 69.06 -37.95 134.56 -0.00 23.42 -0.00 -6.28 10.14 20.11 -1.35 12.81 32.73 0.00 0.00 -0.00 2.00 -0.02 0.61 -0.05 -0.29 8.55 -0.04 -0.15 4.31 0.00 0.00 -0.00 0.00 -0.00 1.62 -0.00 -0.00 16.38 0.00 -0.00 8.49 0.00 0.00 -0.00 -2.00 0.08 2.24 0.26 0.63 19.89 0.20 0.31 10.45 0.00 0.00 -0.00 -4.00 0.02 0.25 0.02 0.30 4.33 0.02 0.15 2.15 0.00 -0.00 0.00 0.00 -0.00 0.00 0.00 -0.00 0.00 0.00 -0.00 0.00 0.00 -0.00 0.00 0.00 -0.00 0.00 0.00 -0.00 0.00 0.00 -0.00 0.00 0.00 -0.00 0.00 0.00 -0.00 0.00 0.00 -0.00 0.00 0.00 -0.00 0.00 0.00 -0.00 0.00 0.00 -0.00 0.00 0.00 -0.00 0.00 0.00 -0.00 0.00 0.00 -0.00 0.00 0.00 -0.00 0.00 0.00 -0.00 0.00 0.00 -0.00 0.00 0.00 -0.00 0.00 0.00 -0.00 0.00 0.00 -0.00 0.00
-0.0000 0.0243 0.0000 0.00 -0.00 0.00 0.00 -0.00 0.00 0.00 -0.00 0.00 0.00 -0.00 0.00 0.00 -0.00 0.00 0.00 -0.00 0.00 0.00 -0.00 0.00 0.00 -0.00 0.00 0.00 -0.00 0.00 0.00 -0.00 0.00 0.00 -0.00 0.00 0.00 -0.00 0.00 0.00 -0.00 0.00 0.00 -0.00 0.00 0.00 -0.00 0.00 0.00 -0.00 0.00 0.00 -0.00 0.00 0.00 -0.00 0.00 69.06 -37.95 134.56 -0.00 23.42 -0.00 -6.28 10.14 20.11 -1.35 12.81 32.73 0.00 0.00 -0.00 2.00 -0.02 0.61 -0.05 -0.29 8.55 -0.04 -0.15 4.31 0.00 0.00 -0.00 0.00 -0.00 1.62 -0.00 -0.00 16.38 0.00 -0.00 8.49 0.00 0.00 -0.00 -2.00 0.08 2.24 0.26 0.63 19.89 0.20 0.31 10.45 0.00 0.00 -0.00 -4.00 0.02 0.25 0.02 0.30 4.33 0.02 0.15 2.15 0.00 -0.00 0.00 0.00 -0.00 0.00 0.00 -0.00 0.00 0.00 -0.00 0.00 0.00 -0.00 0.00 0.00 -0.00 0.00 0.00 -0.00 0.00 0.00 -0.00 0.00 0.00 -0.00 0.00 0.00 -0.00 0.00 0.00 -0.00 0.00 0.00 -0.00 0.00 0.00 -0.00 0.00 0.00 -0.00 0.00 0.00 -0.00 0.00 0.00 -0.00 0.00 0.00 -0.00 0.00 0.00 -0.00 0.00 0.00 -0.00 0.00 0.00 -0.00 0.00 0.00 -0.00 0.00 0.00 -0.00 0.00 0.00 -0.00 0.00
-0.0000 0.0246 0.0000 0.00 -0.00 0.00 0.00 -0.00 0.00 0.00 -0.00 0.00 0.00 -0.00 0.00 0.00 -0.00 0.00 0.00 -0.00 0.00 0.00 -0.00 0.00 0.00 -0.00 0.00 0.00 -0.00 0.00 0.00 -0.00 0.00 0.00 -0.00 0.00 0.00 -0.00 0.00 0.00 -0.00 0.00 0.00 -0.00 0.00 0.00 -0.00 0.00 0.00 -0.00 0.00 0.00 -0.00 0.00 0.00 -0.00 0.00 69.06 -37.95 134.56 -0.00 23.42 -0.00 -6.28 10.14 20.11 -1.35 12.81 32.73 0.00 0.00 -0.00 2.00 -0.02 0.61 -0.05 -0.29 8.55 -0.04 -0.15 4.31 0.00 0.00 -0.00 0.00 -0.00 1.62 -0.00 -0.00 16.38 0.00 -0.00 8.49 0.00 0.00 -0.00 -2.00 0.08 2.24 0.26 0.63 19.89 0.20 0.31 10.45 0.00 0.00 -0.00 -4.00 0.02 0.25 0.02 0.30 4.33 0.02 0.15 2.15 0.00 -0.00 0.00 0.00 -0.00 0.00 0.00 -0.00 0.00 0.00 -0.00 0.00 0.00 -0.00 0.00 0.00 -0.00 0.00 0.00 -0.00 0.00 0.00 -0.00 0.00 0.00 -0.00 0.00 0.00 -0.00 0.00 0.00 -0.00 0.00 0.00 -0.00 0.00 0.00 -0.00 0.00 0.00 -0.00 0.00 0.00 -0.00 0.00 0.00 -0.00 0.00 0.00 -0.00 0.00 0.00 -0.00 0.00 0.00 -0.00 0.00 0.00 -0.00 0.00 0.00 -0.00 0.00 0.00 -0.00 0.00 0.00 -0.00 0.00
-0.0000 0.0255 0.0000 0.00 -0.00 0.00 0.00 -0.00 0.00 0.00 -0.00 0.00 0.00 -0.00 0.00 0.00 -0.00 0.00 0.00 -0.00 0.00 0.00 -0.00 0.00 0.00 -0.00 0.00 0.00 -0.00 0.00 0.00 -0.00 0.00 0.00 -0.00 0.00 0.00 -0.00 0.00 0.00 -0.00 0.00 0.00 -0.00 0.00 0.00 -0.00 0.00 0.00 -0.00 0.00 0.00 -0.00 0.00 0.00 -0.00 0.00 69.06 -37.95 134.56 -0.00 23.42 -0.00 -6.28 10.14 20.11 -1.35 12.81 32.73 0.00 0.00 -0.00 2.00 -0.02 0.61 -0.05 -0.29 8.55 -0.04 -0.15 4.31 0.00 0.00 -0.00 0.00 -0.00 1.62 -0.00 -0.00 16.38 0.00 -0.00 8.49 0.00 0.00 -0.00 -2.00 0.08 2.24 0.26 0.63 19.89 0.20 0.31 10.45 0.00 0.00 -0.00 -4.00 0.02 0.25 0.02 0.30 4.33 0.02 0.15 2.15 0.00 -0.00 0.00 0.00 -0.00 0.00 0.00 -0.00 0.00 0.00 -0.00 0.00 0.00 -0.00 0.00 0.00 -0.00 0.00 0.00 -0.00 0.00 0.00 -0.00 0.00 0.00 -0.00 0.00 0.00 -0.00 0.00 0.00 -0.00 0.00 0.00 -0.00 0.00 0.00 -0.00 0.00 0.00 -0.00 0.00 0.00 -0.00 0.00 0.00 -0.00 0.00 0.00 -0.00 0.00 0.00 -0.00 0.00 0.00 -0.00 0.00 0.00 -0.00 0.00 0.00 -0.00 0.00 0.00 -0.00 0.00 0.00 -0.00 0.00
-0.0000 0.0259 0.0000 0.00 -0.00 0.00 0.00 -0.00 0.00 0.00 -0.00 0.00 0.00 -0.00 0.00 0.00 -0.00 0.00 0.00 -0.00 0.00 0.00 -0.00 0.00 0.00 -0.00 0.00 0.00 -0.00 0.00 0.00 -0.00 0.00 0.00 -0.00 0.00 0.00 -0.00 0.00 0.00 -0.00 0.00 0.00 -0.00 0.00 0.00 -0.00 0.00 0.00 -0.00 0.00 0.00 -0.00 0.00 0.00 -0.00 0.00 69.06 -37.95 134.56 -0.00 23.42 -0.00 -6.28 10.14 20.11 -1.35 12.81 32.73 0.00 0.00 -0.00 2.00 -0.02 0.61 -0.05 -0.29 8.55 -0.04 -0.15 4.31 0.00 0.00 -0.00 0.00 -0.00 1.62 -0.00 -0.00 16.38 0.00 -0.00 8.49 0.00 0.00 -0.00 -2.00 0.08 2.24 0.26 0.63 19.89 0.20 0.31 10.45 0.00 0.00 -0.00 -4.00 0.02 0.25 0.02 0.30 4.33 0.02 0.15 2.15 0.00 -0.00 0.00 0.00 -0.00 0.00 0.00 -0.00 0.00 0.00 -0.00 0.00 0.00 -0.00 0.00 0.00 -0.00 0.00 0.00 -0.00 0.00 0.00 -0.00 0.00 0.00 -0.00 0.00 0.00 -0.00 0.00 0.00 -0.00 0.00 0.00 -0.00 0.00 0.00 -0.00 0.00 0.00 -0.00 0.00 0.00 -0.00 0.00 0.00 -0.00 0.00 0.00 -0.00 0.00 0.00 -0.00 0.00 0.00 -0.00 0.00 0.00 -0.00 0.00 0.00 -0.00 0.00 0.00 -0.00 0.00 0.00 -0.00 0.00
-0.0000 0.0243 0.0000 0.00 -0.00 0.00 0.00 -0.00 0.00 0.00 -0.00 0.00 0.00 -0.00 0.00 0.00 -0.00 0.00 0.00 -0.00 0.00 0.00 -0.00 0.00 0.00 -0.00 0.00 0.00 -0.00 0.00 0.00 -0.00 0.00 0.00 -0.00 0.00 0.00 -0.00 0.00 0.00 -0.00 0.00 0.00 -0.00 0.00 0.00 -0.00 0.00 0.00 -0.00 0.00 0.00 -0.00 0.00 0.00 -0.00 0.00 69.06 -37.95 134.56 -0.00 23.42 -0.00 -6.28 10.14 20.11 -1.35 12.81 32.73 0.00 0.00 -0.00 2.00 -0.02 0.61 -0.05 -0.29 8.55 -0.04 -0.15 4.31 0.00 0.00 -0.00 0.00 -0.00 1.62 -0.00 -0.00 16.38 0.00 -0.00 8.49 0.00 0.00 -0.00 -2.00 0.08 2.24 0.26 0.63 19.89 0.20 0.31 10.45 0.00 0.00 -0.00 -4.00 0.02 0.25 0.02 0.30 4.33 0.02 0.15 2.15 0.00 -0.00 0.00 0.00 -0.00 0.00 0.00 -0.00 0.00 0.00 -0.00 0.00 0.00 -0.00 0.00 0.00 -0.00 0.00 0.00 -0.00 0.00 0.00 -0.00 0.00 0.00 -0.00 0.00 0.00 -0.00 0.00 0.00 -0.00 0.00 0.00 -0.00 0.00 0.00 -0.00 0.00 0.00 -0.00 0.00 0.00 -0.00 0.00 0.00 -0.00 0.00 0.00 -0.00 0.00 0.00 -0.00 0.00 0.00 -0.00 0.00 0.00 -0.00 0.00 0.00 -0.00 0.00 0.00 -0.00 0.00 0.00 -0.00 0.00
-0.0000 0.0228 0.0000 0.00 -0.00 0.00 0.00 -0.00 0.00 0.00 -0.00 0.00 0.00 -0.00 0.00 0.00 -0.00 0.00 0.00 -0.00 0.00 0.00 -0.00 0.00 0.00 -0.00 0.00 0.00 -0.00 0.00 0.00 -0.00 0.00 0.00 -0.00 0.00 0.00 -0.00 0.00 0.00 -0.00 0.00 0.00 -0.00 0.00 0.00 -0.00 0.00 0.00 -0.00 0.00 0.00 -0.00 0.00 0.00 -0.00 0.00 69.06 -37.95 134.56 -0.00 23.42 -0.00 -6.28 10.14 20.11 -1.35 12.81 32.73 0.00 0.00 -0.00 2.00 -0.02 0.61 -0.05 -0.29 8.55 -0.04 -0.15 4.31 0.00 0.00 -0.00 0.00 -0.00 1.62 -0.00 -0.00 16.38 0.00 -0.00 8.49 0.00 0.00 -0.00 -2.00 0.08 2.24 0.26 0.63 19.89 0.20 0.31 10.45 0.00 0.00 -0.00 -4.00 0.02 0.25 0.02 0.30 4.33 0.02 0.15 2.15 0.00 -0.00 0.00 0.00 -0.00 0.00 0.00 -0.00 0.00 0.00 -0.00 0.00 0.00 -0.00 0.00 0.00 -0.00 0.00 0.00 -0.00 0.00 0.00 -0.00 0.00 0.00 -0.00 0.00 0.00 -0.00 0.00 0.00 -0.00 0.00 0.00 -0.00 0.00 0.00 -0.00 0.00 0.00 -0.00 0.00 0.00 -0.00 0.00 0.00 -0.00 0.00 0.00 -0.00 0.00 0.00 -0.00 0.00 0.00 -0.00 0.00 0.00 -0.00 0.00 0.00 -0.00 0.00 0.00 -0.00 0.00 0.00 -0.00 0.00
-0.0000 0.0228 0.0000 0.00 -0.00 0.00 0.00 -0.00 0.00 0.00 -0.00 0.00 0.00 -0.00 0.00 0.00 -0.00 0.00 0.00 -0.00 0.00 0.00 -0.00 0.00 0.00 -0.00 0.00 0.00 -0.00 0.00 0.00 -0.00 0.00 0.00 -0.00 0.00 0.00 -0.00 0.00 0.00 -0.00 0.00 0.00 -0.00 0.00 0.00 -0.00 0.00 0.00 -0.00 0.00 0.00 -0.00 0.00 0.00 -0.00 0.00 69.06 -37.95 134.56 -0.00 23.42 -0.00 -6.28 10.14 20.11 -1.35 12.81 32.73 0.00 0.00 -0.00 2.00 -0.02 0.61 -0.05 -0.29 8.55 -0.04 -0.15 4.31 0.00 0.00 -0.00 0.00 -0.00 1.62 -0.00 -0.00 16.38 0.00 -0.00 8.49 0.00 0.00 -0.00 -2.00 0.08 2.24 0.26 0.63 19.89 0.20 0.31 10.45 0.00 0.00 -0.00 -4.00 0.02 0.25 0.02 0.30 4.33 0.02 0.15 2.15 0.00 -0.00 0.00 0.00 -0.00 0.00 0.00 -0.00 0.00 0.00 -0.00 0.00 0.00 -0.00 0.00 0.00 -0.00 0.00 0.00 -0.00 0.00 0.00 -0.00 0.00 0.00 -0.00 0.00 0.00 -0.00 0.00 0.00 -0.00 0.00 0.00 -0.00 0.00 0.00 -0.00 0.00 0.00 -0.00 0.00 0.00 -0.00 0.00 0.00 -0.00 0.00 0.00 -0.00 0.00 0.00 -0.00 0.00 0.00 -0.00 0.00 0.00 -0.00 0.00 0.00 -0.00 0.00 0.00 -0.00 0.00 0.00 -0.00 0.00
-0.0000 0.0229 0.0000 0.00 -0.00 0.00 0.00 -0.00 0.00 0.00 -0.00 0.00 0.00 -0.00 0.00 0.00 -0.00 0.00 0.00 -0.00 0.00 0.00 -0.00 0.00 0.00 -0.00 0.00 0.00 -0.00 0.00 0.00 -0.00 0.00 0.00 -0.00 0.00 0.00 -0.00 0.00 0.00 -0.00 0.00 0.00 -0.00 0.00 0.00 -0.00 0.00 0.00 -0.00 0.00 0.00 -0.00 0.00 0.00 -0.00 0.00 69.06 -37.95 134.56 -0.00 23.42 -0.00 -6.28 10.14 20.11 -1.35 12.81 32.73 0.00 0.00 -0.00 2.00 -0.02 0.61 -0.05 -0.29 8.55 -0.04 -0.15 4.31 0.00 0.00 -0.00 0.00 -0.00 1.62 -0.00 -0.00 16.38 0.00 -0.00 8.49 0.00 0.00 -0.00 -2.00 0.08 2.24 0.26 0.63 19.89 0.20 0.31 10.45 0.00 0.00 -0.00 -4.00 0.02 0.25 0.02 0.30 4.33 0.02 0.15 2.15 0.00 -0.00 0.00 0.00 -0.00 0.00 0.00 -0.00 0.00 0.00 -0.00 0.00 0.00 -0.00 0.00 0.00 -0.00 0.00 0.00 -0.00 0.00 0.00 -0.00 0.00 0.00 -0.00 0.00 0.00 -0.00 0.00 0.00 -0.00 0.00 0.00 -0.00 0.00 0.00 -0.00 0.00 0.00 -0.00 0.00 0.00 -0.00 0.00 0.00 -0.00 0.00 0.00 -0.00 0.00 0.00 -0.00 0.00 0.00 -0.00 0.00 0.00 -0.00 0.00 0.00 -0.00 0.00 0.00 -0.00 0.00 0.00 -0.00 0.00
-0.0000 0.0229 0.0000 0.00 -0.00 0.00 0.00 -0.00 0.00 0.00 -0.00 0.00 0.00 -0.00 0.00 0.00 -0.00 0.00 0.00 -0.00 0.00 0.00 -0.00 0.00 0.00 -0.00 0.00 0.00 -0.00 0.00 0.00 -0.00 0.00 0.00 -0.00 0.00 0.00 -0.00 0.00 0.00 -0.00 0.00 0.00 -0.00 0.00 0.00 -0.00 0.00 0.00 -0.00 0.00 0.00 -0.00 0.00 0.00 -0.00 0.00 69.06 -37.95 134.56 -0.00 23.42 -0.00 -6.28 10.14 20.11 -1.35 12.81 32.73 0.00 0.00 -0.00 2.00 -0.02 0.61 -0.05 -0.29 8.55 -0.04 -0.15 4.31 0.00 0.00 -0.00 0.00 -0.00 1.62 -0.00 -0.00 16.38 0.00 -0.00 8.49 0.00 0.00 -0.00 -2.00 0.08 2.24 0.26 0.63 19.89 0.20 0.31 10.45 0.00 0.00 -0.00 -4.00 0.02 0.25 0.02 0.30 4.33 0.02 0.15 2.15 0.00 -0.00 0.00 0.00 -0.00 0.00 0.00 -0.00 0.00 0.00 -0.00 0.00 0.00 -0.00 0.00 0.00 -0.00 0.00 0.00 -0.00 0.00 0.00 -0.00 0.00 0.00 -0.00 0.00 0.00 -0.00 0.00 0.00 -0.00 0.00 0.00 -0.00 0.00 0.00 -0.00 0.00 0.00 -0.00 0.00 0.00 -0.00 0.00 0.00 -0.00 0.00 0.00 -0.00 0.00 0.00 -0.00 0.00 0.00 -0.00 0.00 0.00 -0.00 0.00 0.00 -0.00 0.00 0.00 -0.00 0.00 0.00 -0.00 0.00
-0.0000 0.0225 0.0000 0.00 -0.00 0.00 0.00 -0.00 0.00 0.00 -0.00 0.00 0.00 -0.00 0.00 0.00 -0.00 0.00 0.00 -0.00 0.00 0.00 -0.00 0.00 0.00 -0.00 0.00 0.00 -0.00 0.00 0.00 -0.00 0.00 0.00 -0.00 0.00 0.00 -0.00 0.00 0.00 -0.00 0.00 0.00 -0.00 0.00 0.00 -0.00 0.00 0.00 -0.00 0.00 0.00 -0.00 0.00 0.00 -0.00 0.00 69.06 -37.95 134.56 -0.00 23.42 -0.00 -6.28 10.14 20.11 -1.35 12.81 32.73 0.00 0.00 -0.00 2.00 -0.02 0.61 -0.05 -0.29 8.55 -0.04 -0.15 4.31 0.00 0.00 -0.00 0.00 -0.00 1.62 -0.00 -0.00 16.38 0.00 -0.00 8.49 0.00 0.00 -0.00 -2.00 0.08 2.24 0.26 0.63 19.89 0.20 0.31 10.45 0.00 0.00 -0.00 -4.00 0.02 0.25 0.02 0.30 4.33 0.02 0.15 2.15 0.00 -0.00 0.00 0.00 -0.00 0.00 0.00 -0.00 0.00 0.00 -0.00 0.00 0.00 -0.00 0.00 0.00 -0.00 0.00 0.00 -0.00 0.00 0.00 -0.00 0.00 0.00 -0.00 0.00 0.00 -0.00 0.00 0.00 -0.00 0.00 0.00 -0.00 0.00 0.00 -0.00 0.00 0.00 -0.00 0.00 0.00 -0.00 0.00 0.00 -0.00 0.00 0.00 -0.00 0.00 0.00 -0.00 0.00 0.00 -0.00 0.00 0.00 -0.00 0.00 0.00 -0.00 0.00 0.00 -0.00 0.00 0.00 -0.00 0.00
-0.0000 0.0213 0.0000 0.00 -0.00 0.00 0.00 -0.00 0.00 0.00 -0.00 0.00 0.00 -0.00 0.00 0.00 -0.00 0.00 0.00 -0.00 0.00 0.00 -0.00 0.00 0.00 -0.00 0.00 0.00 -0.00 0.00 0.00 -0.00 0.00 0.00 -0.00 0.00 0.00 -0.00 0.00 0.00 -0.00 0.00 0.00 -0.00 0.00 0.00 -0.00 0.00 0.00 -0.00 0.00 0.00 -0.00 0.00 0.00 -0.00 0.00 69.06 -37.95 134.56 -0.00 23.42 -0.00 -6.28 10.14 20.11 -1.35 12.81 32.73 0.00 0.00 -0.00 2.00 -0.02 0.61 -0.05 -0.29 8.55 -0.04 -0.15 4.31 0.00 0.00 -0.00 0.00 -0.00 1.62 -0.00 -0.00 16.38 0.00 -0.00 8.49 0.00 0.00 -0.00 -2.00 0.08 2.24 0.26 0.63 19.89 0.20 0.31 10.45 0.00 0.00 -0.00 -4.00 0.02 0.25 0.02 0.30 4.33 0.02 0.15 2.15 0.00 -0.00 0.00 0.00 -0.00 0.00 0.00 -0.00 0.00 0.00 -0.00 0.00 0.00 -0.00 0.00 0.00 -0.00 0.00 0.00 -0.00 0.00 0.00 -0.00 0.00 0.00 -0.00 0.00 0.00 -0.00 0.00 0.00 -0.00 0.00 0.00 -0.00 0.00 0.00 -0.00 0.00 0.00 -0.00 0.00 0.00 -0.00 0.00 0.00 -0.00 0.00 0.00 -0.00 0.00 0.00 -0.00 0.00 0.00 -0.00 0.00 0.00 -0.00 0.00 0.00 -0.00 0.00 0.00 -0.00 0.00 0.00 -0.00 0.00
-0.0000 0.0219 0.0000 0.00 -0.00 0.00 0.00 -0.00 0.00 0.00 -0.00 0.00 0.00 -0.00 0.00 0.00 -0.00 0.00 0.00 -0.00 0.00 0.00 -0.00 0.00 0.00 -0.00 0.00 0.00 -0.00 0.00 0.00 -0.00 0.00 0.00 -0.00 0.00 0.00 -0.00 0.00 0.00 -0.00 0.00 0.00 -0.00 0.00 0.00 -0.00 0.00 0.00 -0.00 0.00 0.00 -0.00 0.00 0.00 -0.00 0.00 69.06 -37.95 134.56 -0.00 23.42 -0.00 -6.28 10.14 20.11 -1.35 12.81 32.73 0.00 0.00 -0.00 2.00 -0.02 0.61 -0.05 -0.29 8.55 -0.04 -0.15 4.31 0.00 0.00 -0.00 0.00 -0.00 1.62 -0.00 -0.00 16.38 0.00 -0.00 8.49 0.00 0.00 -0.00 -2.00 0.08 2.24 0.26 0.63 19.89 0.20 0.31 10.45 0.00 0.00 -0.00 -4.00 0.02 0.25 0.02 0.30 4.33 0.02 0.15 2.15 0.00 -0.00 0.00 0.00 -0.00 0.00 0.00 -0.00 0.00 0.00 -0.00 0.00 0.00 -0.00 0.00 0.00 -0.00 0.00 0.00 -0.00 0.00 0.00 -0.00 0.00 0.00 -0.00 0.00 0.00 -0.00 0.00 0.00 -0.00 0.00 0.00 -0.00 0.00 0.00 -0.00 0.00 0.00 -0.00 0.00 0.00 -0.00 0.00 0.00 -0.00 0.00 0.00 -0.00 0.00 0.00 -0.00 0.00 0.00 -0.00 0.00 0.00 -0.00 0.00 0.00 -0.00 0.00 0.00 -0.00 0.00 0.00 -0.00 0.00
-0.0000 0.0226 0.0000 0.00 -0.00 0.00 0.00 -0.00 0.00 0.00 -0.00 0.00 0.00 -0.00 0.00 0.00 -0.00 0.00 0.00 -0.00 0.00 0.00 -0.00 0.00 0.00 -0.00 0.00 0.00 -0.00 0.00 0.00 -0.00 0.00 0.00 -0.00 0.00 0.00 -0.00 0.00 0.00 -0.00 0.00 0.00 -0.00 0.00 0.00 -0.00 0.00 0.00 -0.00 0.00 0.00 -0.00 0.00 0.00 -0.00 0.00 69.06 -37.95 134.56 -0.00 23.42 -0.00 -6.28 10.14 20.11 -1.35 12.81 32.73 0.00 0.00 -0.00 2.00 -0.02 0.61 -0.05 -0.29 8.55 -0.04 -0.15 4.31 0.00 0.00 -0.00 0.00 -0.00 1.62 -0.00 -0.00 16.38 0.00 -0.00 8.49 0.00 0.00 -0.00 -2.00 0.08 2.24 0.26 0.63 19.89 0.20 0.31 10.45 0.00 0.00 -0.00 -4.00 0.02 0.25 0.02 0.30 4.33 0.02 0.15 2.15 0.00 -0.00 0.00 0.00 -0.00 0.00 0.00 -0.00 0.00 0.00 -0.00 0.00 0.00 -0.00 0.00 0.00 -0.00 0.00 0.00 -0.00 0.00 0.00 -0.00 0.00 0.00 -0.00 0.00 0.00 -0.00 0.00 0.00 -0.00 0.00 0.00 -0.00 0.00 0.00 -0.00 0.00 0.00 -0.00 0.00 0.00 -0.00 0.00 0.00 -0.00 0.00 0.00 -0.00 0.00 0.00 -0.00 0.00 0.00 -0.00 0.00 0.00 -0.00 0.00 0.00 -0.00 0.00 0.00 -0.00 0.00 0.00 -0.00 0.00
-0.0000 0.0232 0.0000 0.00 -0.00 0.00 0.00 -0.00 0.00 0.00 -0.00 0.00 0.00 -0.00 0.00 0.00 -0.00 0.00 0.00 -0.00 0.00 0.00 -0.00 0.00 0.00 -0.00 0.00 0.00 -0.00 0.00 0.00 -0.00 0.00 0.00 -0.00 0.00 0.00 -0.00 0.00 0.00 -0.00 0.00 0.00 -0.00 0.00 0.00 -0.00 0.00 0.00 -0.00 0.00 0.00 -0.00 0.00 0.00 -0.00 0.00 69.06 -37.95 134.56 -0.00 23.42 -0.00 -6.28 10.14 20.11 -1.35 12.81 32.73 0.00 0.00 -0.00 2.00 -0.02 0.61 -0.05 -0.29 8.55 -0.04 -0.15 4.31 0.00 0.00 -0.00 0.00 -0.00 1.62 -0.00 -0.00 16.38 0.00 -0.00 8.49 0.00 0.00 -0.00 -2.00 0.08 2.24 0.26 0.63 19.89 0.20 0.31 10.45 0.00 0.00 -0.00 -4.00 0.02 0.25 0.02 0.30 4.33 0.02 0.15 2.15 0.00 -0.00 0.00 0.00 -0.00 0.00 0.00 -0.00 0.00 0.00 -0.00 0.00 0.00 -0.00 0.00 0.00 -0.00 0.00 0.00 -0.00 0.00 0.00 -0.00 0.00 0.00 -0.00 0.00 0.00 -0.00 0.00 0.00 -0.00 0.00 0.00 -0.00 0.00 0.00 -0.00 0.00 0.00 -0.00 0.00 0.00 -0.00 0.00 0.00 -0.00 0.00 0.00 -0.00 0.00 0.00 -0.00 0.00 0.00 -0.00 0.00 0.00 -0.00 0.00 0.00 -0.00 0.00 0.00 -0.00 0.00 0.00 -0.00 0.00
-0.0000 0.0226 0.0000 0.00 -0.00 0.00 0.00 -0.00 0.00 0.00 -0.00 0.00 0.00 -0.00 0.00 0.00 -0.00 0.00 0.00 -0.00 0.00 0.00 -0.00 0.00 0.00 -0.00 0.00 0.00 -0.00 0.00 0.00 -0.00 0.00 0.00 -0.00 0.00 0.00 -0.00 0.00 0.00 -0.00 0.00 0.00 -0.00 0.00 0.00 -0.00 0.00 0.00 -0.00 0.00 0.00 -0.00 0.00 0.00 -0.00 0.00 69.06 -37.95 134.56 -0.00 23.42 -0.00 -6.28 10.14 20.11 -1.35 12.81 32.73 0.00 0.00 -0.00 2.00 -0.02 0.61 -0.05 -0.29 8.55 -0.04 -0.15 4.31 0.00 0.00 -0.00 0.00 -0.00 1.62 -0.00 -0.00 16.38 0.00 -0.00 8.49 0.00 0.00 -0.00 -2.00 0.08 2.24 0.26 0.63 19.89 0.20 0.31 10.45 0.00 0.00 -0.00 -4.00 0.02 0.25 0.02 0.30 4.33 0.02 0.15 2.15 0.00 -0.00 0.00 0.00 -0.00 0.00 0.00 -0.00 0.00 0.00 -0.00 0.00 0.00 -0.00 0.00 0.00 -0.00 0.00 0.00 -0.00 0.00 0.00 -0.00 0.00 0.00 -0.00 0.00 0.00 -0.00 0.00 0.00 -0.00 0.00 0.00 -0.00 0.00 0.00 -0.00 0.00 0.00 -0.00 0.00 0.00 -0.00 0.00 0.00 -0.00 0.00 0.00 -0.00 0.00 0.00 -0.00 0.00 0.00 -0.00 0.00 0.00 -0.00 0.00 0.00 -0.00 0.00 0.00 -0.00 0.00 0.00 -0.00 0.00
-0.0000 0.0226 0.0000 0.00 -0.00 0.00 0.00 -0.00 0.00 0.00 -0.00 0.00 0.00 -0.00 0.00 0.00 -0.00 0.00 0.00 -0.00 0.00 0.00 -0.00 0.00 0.00 -0.00 0.00 0.00 -0.00 0.00 0.00 -0.00 0.00 0.00 -0.00 0.00 0.00 -0.00 0.00 0.00 -0.00 0.00 0.00 -0.00 0.00 0.00 -0.00 0.00 0.00 -0.00 0.00 0.00 -0.00 0.00 0.00 -0.00 0.00 69.06 -37.95 134.56 -0.00 23.42 -0.00 -6.28 10.14 20.11 -1.35 12.81 32.73 0.00 0.00 -0.00 2.00 -0.02 0.61 -0.05 -0.29 8.55 -0.04 -0.15 4.31 0.00 0.00 -0.00 0.00 -0.00 1.62 -0.00 -0.00 16.38 0.00 -0.00 8.49 0.00 0.00 -0.00 -2.00 0.08 2.24 0.26 0.63 19.89 0.20 0.31 10.45 0.00 0.00 -0.00 -4.00 0.02 0.25 0.02 0.30 4.33 0.02 0.15 2.15 0.00 -0.00 0.00 0.00 -0.00 0.00 0.00 -0.00 0.00 0.00 -0.00 0.00 0.00 -0.00 0.00 0.00 -0.00 0.00 0.00 -0.00 0.00 0.00 -0.00 0.00 0.00 -0.00 0.00 0.00 -0.00 0.00 0.00 -0.00 0.00 0.00 -0.00 0.00 0.00 -0.00 0.00 0.00 -0.00 0.00 0.00 -0.00 0.00 0.00 -0.00 0.00 0.00 -0.00 0.00 0.00 -0.00 0.00 0.00 -0.00 0.00 0.00 -0.00 0.00 0.00 -0.00 0.00 0.00 -0.00 0.00 0.00 -0.00 0.00
-0.0000 0.0223 0.0000 0.00 -0.00 0.00 0.00 -0.00 0.00 0.00 -0.00 0.00 0.00 -0.00 0.00 0.00 -0.00 0.00 0.00 -0.00 0.00 0.00 -0.00 0.00 0.00 -0.00 0.00 0.00 -0.00 0.00 0.00 -0.00 0.00 0.00 -0.00 0.00 0.00 -0.00 0.00 0.00 -0.00 0.00 0.00 -0.00 0.00 0.00 -0.00 0.00 0.00 -0.00 0.00 0.00 -0.00 0.00 0.00 -0.00 0.00 69.06 -37.95 134.56 -0.00 23.42 -0.00 -6.28 10.14 20.11 -1.35 12.81 32.73 0.00 0.00 -0.00 2.00 -0.02 0.61 -0.05 -0.29 8.55 -0.04 -0.15 4.31 0.00 0.00 -0.00 0.00 -0.00 1.62 -0.00 -0.00 16.38 0.00 -0.00 8.49 0.00 0.00 -0.00 -2.00 0.08 2.24 0.26 0.63 19.89 0.20 0.31 10.45 0.00 0.00 -0.00 -4.00 0.02 0.25 0.02 0.30 4.33 0.02 0.15 2.15 0.00 -0.00 0.00 0.00 -0.00 0.00 0.00 -0.00 0.00 0.00 -0.00 0.00 0.00 -0.00 0.00 0.00 -0.00 0.00 0.00 -0.00 0.00 0.00 -0.00 0.00 0.00 -0.00 0.00 0.00 -0.00 0.00 0.00 -0.00 0.00 0.00 -0.00 0.00 0.00 -0.00 0.00 0.00 -0.00 0.00 0.00 -0.00 0.00 0.00 -0.00 0.00 0.00 -0.00 0.00 0.00 -0.00 0.00 0.00 -0.00 0.00 0.00 -0.00 0.00 0.00 -0.00 0.00 0.00 -0.00 0.00 0.00 -0.00 0.00
-0.0000 0.0230 0.0000 0.00 -0.00 0.00 0.00 -0.00 0.00 0.00 -0.00 0.00 0.00 -0.00 0.00 0.00 -0.00 0.00 0.00 -0.00 0.00 0.00 -0.00 0.00 0.00 -0.00 0.00 0.00 -0.00 0.00 0.00 -0.00 0.00 0.00 -0.00 0.00 0.00 -0.00 0.00 0.00 -0.00 0.00 0.00 -0.00 0.00 0.00 -0.00 0.00 0.00 -0.00 0.00 0.00 -0.00 0.00 0.00 -0.00 0.00 69.06 -37.95 134.56 -0.00 23.42 -0.00 -6.28 10.14 20.11 -1.35 12.81 32.73 0.00 0.00 -0.00 2.00 -0.02 0.61 -0.05 -0.29 8.55 -0.04 -0.15 4.31 0.00 0.00 -0.00 0.00 -0.00 1.62 -0.00 -0.00 16.38 0.00 -0.00 8.49 0.00 0.00 -0.00 -2.00 0.08 2.24 0.26 0.63 19.89 0.20 0.31 10.45 0.00 0.00 -0.00 -4.00 0.02 0.25 0.02 0.30 4.33 0.02 0.15 2.15 0.00 -0.00 0.00 0.00 -0.00 0.00 0.00 -0.00 0.00 0.00 -0.00 0.00 0.00 -0.00 0.00 0.00 -0.00 0.00 0.00 -0.00 0.00 0.00 -0.00 0.00 0.00 -0.00 0.00 0.00 -0.00 0.00 0.00 -0.00 0.00 0.00 -0.00 0.00 0.00 -0.00 0.00 0.00 -0.00 0.00 0.00 -0.00 0.00 0.00 -0.00 0.00 0.00 -0.00 0.00 0.00 -0.00 0.00 0.00 -0.00 0.00 0.00 -0.00 0.00 0.00 -0.00 0.00 0.00 -0.00 0.00 0.00 -0.00 0.00
-0.0000 0.0238 0.0000 0.00 -0.00 0.00 0.00 -0.00 0.00 0.00 -0.00 0.00 0.00 -0.00 0.00 0.00 -0.00 0.00 0.00 -0.00 0.00 0.00 -0.00 0.00 0.00 -0.00 0.00 0.00 -0.00 0.00 0.00 -0.00 0.00 0.00 -0.00 0.00 0.00 -0.00 0.00 0.00 -0.00 0.00 0.00 -0.00 0.00 0.00 -0.00 0.00 0.00 -0.00 0.00 0.00 -0.00 0.00 0.00 -0.00 0.00 69.06 -37.95 134.56 -0.00 23.42 -0.00 -6.28 10.14 20.11 -1.35 12.81 32.73 0.00 0.00 -0.00 2.00 -0.02 0.61 -0.05 -0.29 8.55 -0.04 -0.15 4.31 0.00 0.00 -0.00 0.00 -0.00 1.62 -0.00 -0.00 16.38 0.00 -0.00 8.49 0.00 0.00 -0.00 -2.00 0.08 2.24 0.26 0.63 19.89 0.20 0.31 10.45 0.00 0.00 -0.00 -4.00 0.02 0.25 0.02 0.30 4.33 0.02 0.15 2.15 0.00 -0.00 0.00 0.00 -0.00 0.00 0.00 -0.00 0.00 0.00 -0.00 0.00 0.00 -0.00 0.00 0.00 -0.00 0.00 0.00 -0.00 0.00 0.00 -0.00 0.00 0.00 -0.00 0.00 0.00 -0.00 0.00 0.00 -0.00 0.00 0.00 -0.00 0.00 0.00 -0.00 0.00 0.00 -0.00 0.00 0.00 -0.00 0.00 0.00 -0.00 0.00 0.00 -0.00 0.00 0.00 -0.00 0.00 0.00 -0.00 0.00 0.00 -0.00 0.00 0.00 -0.00 0.00 0.00 -0.00 0.00 0.00 -0.00 0.00
-0.0000 0.0230 0.0000 0.00 -0.00 0.00 0.00 -0.00 0.00 0.00 -0.00 0.00 0.00 -0.00 0.00 0.00 -0.00 0.00 0.00 -0.00 0.00 0.00 -0.00 0.00 0.00 -0.00 0.00 0.00 -0.00 0.00 0.00 -0.00 0.00 0.00 -0.00 0.00 0.00 -0.00 0.00 0.00 -0.00 0.00 0.00 -0.00 0.00 0.00 -0.00 0.00 0.00 -0.00 0.00 0.00 -0.00 0.00 0.00 -0.00 0.00 69.06 -37.95 134.56 -0.00 23.42 -0.00 -6.28 10.14 20.11 -1.35 12.81 32.73 0.00 0.00 -0.00 2.00 -0.02 0.61 -0.05 -0.29 8.55 -0.04 -0.15 4.31 0.00 0.00 -0.00 0.00 -0.00 1.62 -0.00 -0.00 16.38 0.00 -0.00 8.49 0.00 0.00 -0.00 -2.00 0.08 2.24 0.26 0.63 19.89 0.20 0.31 10.45 0.00 0.00 -0.00 -4.00 0.02 0.25 0.02 0.30 4.33 0.02 0.15 2.15 0.00 -0.00 0.00 0.00 -0.00 0.00 0.00 -0.00 0.00 0.00 -0.00 0.00 0.00 -0.00 0.00 0.00 -0.00 0.00 0.00 -0.00 0.00 0.00 -0.00 0.00 0.00 -0.00 0.00 0.00 -0.00 0.00 0.00 -0.00 0.00 0.00 -0.00 0.00 0.00 -0.00 0.00 0.00 -0.00 0.00 0.00 -0.00 0.00 0.00 -0.00 0.00 0.00 -0.00 0.00 0.00 -0.00 0.00 0.00 -0.00 0.00 0.00 -0.00 0.00 0.00 -0.00 0.00 0.00 -0.00 0.00 0.00 -0.00 0.00
-0.0000 0.0231 0.0000 0.00 -0.00 0.00 0.00 -0.00 0.00 0.00 -0.00 0.00 0.00 -0.00 0.00 0.00 -0.00 0.00 0.00 -0.00 0.00 0.00 -0.00 0.00 0.00 -0.00 0.00 0.00 -0.00 0.00 0.00 -0.00 0.00 0.00 -0.00 0.00 0.00 -0.00 0.00 0.00 -0.00 0.00 0.00 -0.00 0.00 0.00 -0.00 0.00 0.00 -0.00 0.00 0.00 -0.00 0.00 0.00 -0.00 0.00 69.06 -37.95 134.56 -0.00 23.42 -0.00 -6.28 10.14 20.11 -1.35 12.81 32.73 0.00 0.00 -0.00 2.00 -0.02 0.61 -0.05 -0.29 8.55 -0.04 -0.15 4.31 0.00 0.00 -0.00 0.00 -0.00 1.62 -0.00 -0.00 16.38 0.00 -0.00 8.49 0.00 0.00 -0.00 -2.00 0.08 2.24 0.26 0.63 19.89 0.20 0.31 10.45 0.00 0.00 -0.00 -4.00 0.02 0.25 0.02 0.30 4.33 0.02 0.15 2.15 0.00 -0.00 0.00 0.00 -0.00 0.00 0.00 -0.00 0.00 0.00 -0.00 0.00 0.00 -0.00 0.00 0.00 -0.00 0.00 0.00 -0.00 0.00 0.00 -0.00 0.00 0.00 -0.00 0.00 0.00 -0.00 0.00 0.00 -0.00 0.00 0.00 -0.00 0.00 0.00 -0.00 0.00 0.00 -0.00 0.00 0.00 -0.00 0.00 0.00 -0.00 0.00 0.00 -0.00 0.00 0.00 -0.00 0.00 0.00 -0.00 0.00 0.00 -0.00 0.00 0.00 -0.00 0.00 0.00 -0.00 0.00 0.00 -0.00 0.00
-0.0000 0.0232 0.0000 0.00 -0.00 0.00 0.00 -0.00 0.00 0.00 -0.00 0.00 0.00 -0.00 0.00 0.00 -0.00 0.00 0.00 -0.00 0.00 0.00 -0.00 0.00 0.00 -0.00 0.00 0.00 -0.00 0.00 0.00 -0.00 0.00 0.00 -0.00 0.00 0.00 -0.00 0.00 0.00 -0.00 0.00 0.00 -0.00 0.00 0.00 -0.00 0.00 0.00 -0.00 0.00 0.00 -0.00 0.00 0.00 -0.00 0.00 69.06 -37.95 134.56 -0.00 23.42 -0.00 -6.28 10.14 20.11 -1.35 12.81 32.73 0.00 0.00 -0.00 2.00 -0.02 0.61 -0.05 -0.29 8.55 -0.04 -0.15 4.31 0.00 0.00 -0.00 0.00 -0.00 1.62 -0.00 -0.00 16.38 0.00 -0.00 8.49 0.00 0.00 -0.00 -2.00 0.08 2.24 0.26 0.63 19.89 0.20 0.31 10.45 0.00 0.00 -0.00 -4.00 0.02 0.25 0.02 0.30 4.33 0.02 0.15 2.15 0.00 -0.00 0.00 0.00 -0.00 0.00 0.00 -0.00 0.00 0.00 -0.00 0.00 0.00 -0.00 0.00 0.00 -0.00 0.00 0.00 -0.00 0.00 0.00 -0.00 0.00 0.00 -0.00 0.00 0.00 -0.00 0.00 0.00 -0.00 0.00 0.00 -0.00 0.00 0.00 -0.00 0.00 0.00 -0.00 0.00 0.00 -0.00 0.00 0.00 -0.00 0.00 0.00 -0.00 0.00 0.00 -0.00 0.00 0.00 -0.00 0.00 0.00 -0.00 0.00 0.00 -0.00 0.00 0.00 -0.00 0.00 0.00 -0.00 0.00
-0.0000 0.0233 0.0000 0.00 -0.00 0.00 0.00 -0.00 0.00 0.00 -0.00 0.00 0.00 -0.00 0.00 0.00 -0.00 0.00 0.00 -0.00 0.00 0.00 -0.00 0.00 0.00 -0.00 0.00 0.00 -0.00 0.00 0.00 -0.00 0.00 0.00 -0.00 0.00 0.00 -0.00 0.00 0.00 -0.00 0.00 0.00 -0.00 0.00 0.00 -0.00 0.00 0.00 -0.00 0.00 0.00 -0.00 0.00 0.00 -0.00 0.00 69.06 -37.95 134.56 -0.00 23.42 -0.00 -6.28 10.14 20.11 -1.35 12.81 32.73 0.00 0.00 -0.00 2.00 -0.02 0.61 -0.05 -0.29 8.55 -0.04 -0.15 4.31 0.00 0.00 -0.00 0.00 -0.00 1.62 -0.00 -0.00 16.38 0.00 -0.00 8.49 0.00 0.00 -0.00 -2.00 0.08 2.24 0.26 0.63 19.89 0.20 0.31 10.45 0.00 0.00 -0.00 -4.00 0.02 0.25 0.02 0.30 4.33 0.02 0.15 2.15 0.00 -0.00 0.00 0.00 -0.00 0.00 0.00 -0.00 0.00 0.00 -0.00 0.00 0.00 -0.00 0.00 0.00 -0.00 0.00 0.00 -0.00 0.00 0.00 -0.00 0.00 0.00 -0.00 0.00 0.00 -0.00 0.00 0.00 -0.00 0.00 0.00 -0.00 0.00 0.00 -0.00 0.00 0.00 -0.00 0.00 0.00 -0.00 0.00 0.00 -0.00 0.00 0.00 -0.00 0.00 0.00 -0.00 0.00 0.00 -0.00 0.00 0.00 -0.00 0.00 0.00 -0.00 0.00 0.00 -0.00 0.00 0.00 -0.00 0.00
-0.0000 0.0235 0.0000 0.00 -0.00 0.00 0.00 -0.00 0.00 0.00 -0.00 0.00 0.00 -0.00 0.00 0.00 -0.00 0.00 0.00 -0.00 0.00 0.00 -0.00 0.00 0.00 -0.00 0.00 0.00 -0.00 0.00 0.00 -0.00 0.00 0.00 -0.00 0.00 0.00 -0.00 0.00 0.00 -0.00 0.00 0.00 -0.00 0.00 0.00 -0.00 0.00 0.00 -0.00 0.00 0.00 -0.00 0.00 0.00 -0.00 0.00 69.06 -37.95 134.56 -0.00 23.42 -0.00 -6.28 10.14 20.11 -1.35 12.81 32.73 0.00 0.00 -0.00 2.00 -0.02 0.61 -0.05 -0.29 8.55 -0.04 -0.15 4.31 0.00 0.00 -0.00 0.00 -0.00 1.62 -0.00 -0.00 16.38 0.00 -0.00 8.49 0.00 0.00 -0.00 -2.00 0.08 2.24 0.26 0.63 19.89 0.20 0.31 10.45 0.00 0.00 -0.00 -4.00 0.02 0.25 0.02 0.30 4.33 0.02 0.15 2.15 0.00 -0.00 0.00 0.00 -0.00 0.00 0.00 -0.00 0.00 0.00 -0.00 0.00 0.00 -0.00 0.00 0.00 -0.00 0.00 0.00 -0.00 0.00 0.00 -0.00 0.00 0.00 -0.00 0.00 0.00 -0.00 0.00 0.00 -0.00 0.00 0.00 -0.00 0.00 0.00 -0.00 0.00 0.00 -0.00 0.00 0.00 -0.00 0.00 0.00 -0.00 0.00 0.00 -0.00 0.00 0.00 -0.00 0.00 0.00 -0.00 0.00 0.00 -0.00 0.00 0.00 -0.00 0.00 0.00 -0.00 0.00 0.00 -0.00 0.00
-0.0000 0.0235 0.0000 0.00 -0.00 0.00 0.00 -0.00 0.00 0.00 -0.00 0.00 0.00 -0.00 0.00 0.00 -0.00 0.00 0.00 -0.00 0.00 0.00 -0.00 0.00 0.00 -0.00 0.00 0.00 -0.00 0.00 0.00 -0.00 0.00 0.00 -0.00 0.00 0.00 -0.00 0.00 0.00 -0.00 0.00 0.00 -0.00 0.00 0.00 -0.00 0.00 0.00 -0.00 0.00 0.00 -0.00 0.00 0.00 -0.00 0.00 69.06 -37.95 134.56 -0.00 23.42 -0.00 -6.28 10.14 20.11 -1.35 12.81 32.73 0.00 0.00 -0.00 2.00 -0.02 0.61 -0.05 -0.29 8.55 -0.04 -0.15 4.31 0.00 0.00 -0.00 0.00 -0.00 1.62 -0.00 -0.00 16.38 0.00 -0.00 8.49 0.00 0.00 -0.00 -2.00 0.08 2.24 0.26 0.63 19.89 0.20 0.31 10.45 0.00 0.00 -0.00 -4.00 0.02 0.25 0.02 0.30 4.33 0.02 0.15 2.15 0.00 -0.00 0.00 0.00 -0.00 0.00 0.00 -0.00 0.00 0.00 -0.00 0.00 0.00 -0.00 0.00 0.00 -0.00 0.00 0.00 -0.00 0.00 0.00 -0.00 0.00 0.00 -0.00 0.00 0.00 -0.00 0.00 0.00 -0.00 0.00 0.00 -0.00 0.00 0.00 -0.00 0.00 0.00 -0.00 0.00 0.00 -0.00 0.00 0.00 -0.00 0.00 0.00 -0.00 0.00 0.00 -0.00 0.00 0.00 -0.00 0.00 0.00 -0.00 0.00 0.00 -0.00 0.00 0.00 -0.00 0.00 0.00 -0.00 0.00
-0.0000 0.0228 0.0000 0.00 -0.00 0.00 0.00 -0.00 0.00 0.00 -0.00 0.00 0.00 -0.00 0.00 0.00 -0.00 0.00 0.00 -0.00 0.00 0.00 -0.00 0.00 0.00 -0.00 0.00 0.00 -0.00 0.00 0.00 -0.00 0.00 0.00 -0.00 0.00 0.00 -0.00 0.00 0.00 -0.00 0.00 0.00 -0.00 0.00 0.00 -0.00 0.00 0.00 -0.00 0.00 0.00 -0.00 0.00 0.00 -0.00 0.00 69.06 -37.95 134.56 -0.00 23.42 -0.00 -6.28 10.14 20.11 -1.35 12.81 32.73 0.00 0.00 -0.00 2.00 -0.02 0.61 -0.05 -0.29 8.55 -0.04 -0.15 4.31 0.00 0.00 -0.00 0.00 -0.00 1.62 -0.00 -0.00 16.38 0.00 -0.00 8.49 0.00 0.00 -0.00 -2.00 0.08 2.24 0.26 0.63 19.89 0.20 0.31 10.45 0.00 0.00 -0.00 -4.00 0.02 0.25 0.02 0.30 4.33 0.02 0.15 2.15 0.00 -0.00 0.00 0.00 -0.00 0.00 0.00 -0.00 0.00 0.00 -0.00 0.00 0.00 -0.00 0.00 0.00 -0.00 0.00 0.00 -0.00 0.00 0.00 -0.00 0.00 0.00 -0.00 0.00 0.00 -0.00 0.00 0.00 -0.00 0.00 0.00 -0.00 0.00 0.00 -0.00 0.00 0.00 -0.00 0.00 0.00 -0.00 0.00 0.00 -0.00 0.00 0.00 -0.00 0.00 0.00 -0.00 0.00 0.00 -0.00 0.00 0.00 -0.00 0.00 0.00 -0.00 0.00 0.00 -0.00 0.00 0.00 -0.00 0.00
-0.0000 0.0227 0.0000 0.00 -0.00 0.00 0.00 -0.00 0.00 0.00 -0.00 0.00 0.00 -0.00 0.00 0.00 -0.00 0.00 0.00 -0.00 0.00 0.00 -0.00 0.00 0.00 -0.00 0.00 0.00 -0.00 0.00 0.00 -0.00 0.00 0.00 -0.00 0.00 0.00 -0.00 0.00 0.00 -0.00 0.00 0.00 -0.00 0.00 0.00 -0.00 0.00 0.00 -0.00 0.00 0.00 -0.00 0.00 0.00 -0.00 0.00 69.06 -37.95 134.56 -0.00 23.42 -0.00 -6.28 10.14 20.11 -1.35 12.81 32.73 0.00 0.00 -0.00 2.00 -0.02 0.61 -0.05 -0.29 8.55 -0.04 -0.15 4.31 0.00 0.00 -0.00 0.00 -0.00 1.62 -0.00 -0.00 16.38 0.00 -0.00 8.49 0.00 0.00 -0.00 -2.00 0.08 2.24 0.26 0.63 19.89 0.20 0.31 10.45 0.00 0.00 -0.00 -4.00 0.02 0.25 0.02 0.30 4.33 0.02 0.15 2.15 0.00 -0.00 0.00 0.00 -0.00 0.00 0.00 -0.00 0.00 0.00 -0.00 0.00 0.00 -0.00 0.00 0.00 -0.00 0.00 0.00 -0.00 0.00 0.00 -0.00 0.00 0.00 -0.00 0.00 0.00 -0.00 0.00 0.00 -0.00 0.00 0.00 -0.00 0.00 0.00 -0.00 0.00 0.00 -0.00 0.00 0.00 -0.00 0.00 0.00 -0.00 0.00 0.00 -0.00 0.00 0.00 -0.00 0.00 0.00 -0.00 0.00 0.00 -0.00 0.00 0.00 -0.00 0.00 0.00 -0.00 0.00 0.00 -0.00 0.00
-0.0000 0.0234 0.0000 0.00 -0.00 0.00 0.00 -0.00 0.00 0.00 -0.00 0.00 0.00 -0.00 0.00 0.00 -0.00 0.00 0.00 -0.00 0.00 0.00 -0.00 0.00 0.00 -0.00 0.00 0.00 -0.00 0.00 0.00 -0.00 0.00 0.00 -0.00 0.00 0.00 -0.00 0.00 0.00 -0.00 0.00 0.00 -0.00 0.00 0.00 -0.00 0.00 0.00 -0.00 0.00 0.00 -0.00 0.00 0.00 -0.00 0.00 69.06 -37.95 134.56 -0.00 23.42 -0.00 -6.28 10.14 20.11 -1.35 12.81 32.73 0.00 0.00 -0.00 2.00 -0.02 0.61 -0.05 -0.29 8.55 -0.04 -0.15 4.31 0.00 0.00 -0.00 0.00 -0.00 1.62 -0.00 -0.00 16.38 0.00 -0.00 8.49 0.00 0.00 -0.00 -2.00 0.08 2.24 0.26 0.63 19.89 0.20 0.31 10.45 0.00 0.00 -0.00 -4.00 0.02 0.25 0.02 0.30 4.33 0.02 0.15 2.15 0.00 -0.00 0.00 0.00 -0.00 0.00 0.00 -0.00 0.00 0.00 -0.00 0.00 0.00 -0.00 0.00 0.00 -0.00 0.00 0.00 -0.00 0.00 0.00 -0.00 0.00 0.00 -0.00 0.00 0.00 -0.00 0.00 0.00 -0.00 0.00 0.00 -0.00 0.00 0.00 -0.00 0.00 0.00 -0.00 0.00 0.00 -0.00 0.00 0.00 -0.00 0.00 0.00 -0.00 0.00 0.00 -0.00 0.00 0.00 -0.00 0.00 0.00 -0.00 0.00 0.00 -0.00 0.00 0.00 -0.00 0.00 0.00 -0.00 0.00
-0.0000 0.0232 0.0000 0.00 -0.00 0.00 0.00 -0.00 0.00 0.00 -0.00 0.00 0.00 -0.00 0.00 0.00 -0.00 0.00 0.00 -0.00 0.00 0.00 -0.00 0.00 0.00 -0.00 0.00 0.00 -0.00 0.00 0.00 -0.00 0.00 0.00 -0.00 0.00 0.00 -0.00 0.00 0.00 -0.00 0.00 0.00 -0.00 0.00 0.00 -0.00 0.00 0.00 -0.00 0.00 0.00 -0.00 0.00 0.00 -0.00 0.00 69.06 -37.95 134.56 -0.00 23.42 -0.00 -6.28 10.14 20.11 -1.35 12.81 32.73 0.00 0.00 -0.00 2.00 -0.02 0.61 -0.05 -0.29 8.55 -0.04 -0.15 4.31 0.00 0.00 -0.00 0.00 -0.00 1.62 -0.00 -0.00 16.38 0.00 -0.00 8.49 0.00 0.00 -0.00 -2.00 0.08 2.24 0.26 0.63 19.89 0.20 0.31 10.45 0.00 0.00 -0.00 -4.00 0.02 0.25 0.02 0.30 4.33 0.02 0.15 2.15 0.00 -0.00 0.00 0.00 -0.00 0.00 0.00 -0.00 0.00 0.00 -0.00 0.00 0.00 -0.00 0.00 0.00 -0.00 0.00 0.00 -0.00 0.00 0.00 -0.00 0.00 0.00 -0.00 0.00 0.00 -0.00 0.00 0.00 -0.00 0.00 0.00 -0.00 0.00 0.00 -0.00 0.00 0.00 -0.00 0.00 0.00 -0.00 0.00 0.00 -0.00 0.00 0.00 -0.00 0.00 0.00 -0.00 0.00 0.00 -0.00 0.00 0.00 -0.00 0.00 0.00 -0.00 0.00 0.00 -0.00 0.00 0.00 -0.00 0.00
-0.0000 0.0231 0.0000 0.00 -0.00 0.00 0.00 -0.00 0.00 0.00 -0.00 0.00 0.00 -0.00 0.00 0.00 -0.00 0.00 0.00 -0.00 0.00 0.00 -0.00 0.00 0.00 -0.00 0.00 0.00 -0.00 0.00 0.00 -0.00 0.00 0.00 -0.00 0.00 0.00 -0.00 0.00 0.00 -0.00 0.00 0.00 -0.00 0.00 0.00 -0.00 0.00 0.00 -0.00 0.00 0.00 -0.00 0.00 0.00 -0.00 0.00 69.06 -37.95 134.56 -0.00 23.42 -0.00 -6.28 10.14 20.11 -1.35 12.81 32.73 0.00 0.00 -0.00 2.00 -0.02 0.61 -0.05 -0.29 8.55 -0.04 -0.15 4.31 0.00 0.00 -0.00 0.00 -0.00 1.62 -0.00 -0.00 16.38 0.00 -0.00 8.49 0.00 0.00 -0.00 -2.00 0.08 2.24 0.26 0.63 19.89 0.20 0.31 10.45 0.00 0.00 -0.00 -4.00 0.02 0.25 0.02 0.30 4.33 0.02 0.15 2.15 0.00 -0.00 0.00 0.00 -0.00 0.00 0.00 -0.00 0.00 0.00 -0.00 0.00 0.00 -0.00 0.00 0.00 -0.00 0.00 0.00 -0.00 0.00 0.00 -0.00 0.00 0.00 -0.00 0.00 0.00 -0.00 0.00 0.00 -0.00 0.00 0.00 -0.00 0.00 0.00 -0.00 0.00 0.00 -0.00 0.00 0.00 -0.00 0.00 0.00 -0.00 0.00 0.00 -0.00 0.00 0.00 -0.00 0.00 0.00 -0.00 0.00 0.00 -0.00 0.00 0.00 -0.00 0.00 0.00 -0.00 0.00 0.00 -0.00 0.00
-0.0000 0.0228 0.0000 0.00 -0.00 0.00 0.00 -0.00 0.00 0.00 -0.00 0.00 0.00 -0.00 0.00 0.00 -0.00 0.00 0.00 -0.00 0.00 0.00 -0.00 0.00 0.00 -0.00 0.00 0.00 -0.00 0.00 0.00 -0.00 0.00 0.00 -0.00 0.00 0.00 -0.00 0.00 0.00 -0.00 0.00 0.00 -0.00 0.00 0.00 -0.00 0.00 0.00 -0.00 0.00 0.00 -0.00 0.00 0.00 -0.00 0.00 69.06 -37.95 134.56 -0.00 23.42 -0.00 -6.28 10.14 20.11 -1.35 12.81 32.73 0.00 0.00 -0.00 2.00 -0.02 0.61 -0.05 -0.29 8.55 -0.04 -0.15 4.31 0.00 0.00 -0.00 0.00 -0.00 1.62 -0.00 -0.00 16.38 0.00 -0.00 8.49 0.00 0.00 -0.00 -2.00 0.08 2.24 0.26 0.63 19.89 0.20 0.31 10.45 0.00 0.00 -0.00 -4.00 0.02 0.25 0.02 0.30 4.33 0.02 0.15 2.15 0.00 -0.00 0.00 0.00 -0.00 0.00 0.00 -0.00 0.00 0.00 -0.00 0.00 0.00 -0.00 0.00 0.00 -0.00 0.00 0.00 -0.00 0.00 0.00 -0.00 0.00 0.00 -0.00 0.00 0.00 -0.00 0.00 0.00 -0.00 0.00 0.00 -0.00 0.00 0.00 -0.00 0.00 0.00 -0.00 0.00 0.00 -0.00 0.00 0.00 -0.00 0.00 0.00 -0.00 0.00 0.00 -0.00 0.00 0.00 -0.00 0.00 0.00 -0.00 0.00 0.00 -0.00 0.00 0.00 -0.00 0.00 0.00 -0.00 0.00
-0.0000 0.0232 0.0000 0.00 -0.00 0.00 0.00 -0.00 0.00 0.00 -0.00 0.00 0.00 -0.00 0.00 0.00 -0.00 0.00 0.00 -0.00 0.00 0.00 -0.00 0.00 0.00 -0.00 0.00 0.00 -0.00 0.00 0.00 -0.00 0.00 0.00 -0.00 0.00 0.00 -0.00 0.00 0.00 -0.00 0.00 0.00 -0.00 0.00 0.00 -0.00 0.00 0.00 -0.00 0.00 0.00 -0.00 0.00 0.00 -0.00 0.00 69.06 -37.95 134.56 -0.00 23.42 -0.00 -6.28 10.14 20.11 -1.35 12.81 32.73 0.00 0.00 -0.00 2.00 -0.02 0.61 -0.05 -0.29 8.55 -0.04 -0.15 4.31 0.00 0.00 -0.00 0.00 -0.00 1.62 -0.00 -0.00 16.38 0.00 -0.00 8.49 0.00 0.00 -0.00 -2.00 0.08 2.24 0.26 0.63 19.89 0.20 0.31 10.45 0.00 0.00 -0.00 -4.00 0.02 0.25 0.02 0.30 4.33 0.02 0.15 2.15 0.00 -0.00 0.00 0.00 -0.00 0.00 0.00 -0.00 0.00 0.00 -0.00 0.00 0.00 -0.00 0.00 0.00 -0.00 0.00 0.00 -0.00 0.00 0.00 -0.00 0.00 0.00 -0.00 0.00 0.00 -0.00 0.00 0.00 -0.00 0.00 0.00 -0.00 0.00 0.00 -0.00 0.00 0.00 -0.00 0.00 0.00 -0.00 0.00 0.00 -0.00 0.00 0.00 -0.00 0.00 0.00 -0.00 0.00 0.00 -0.00 0.00 0.00 -0.00 0.00 0.00 -0.00 0.00 0.00 -0.00 0.00 0.00 -0.00 0.00
-0.0000 0.0235 0.0000 0.00 -0.00 0.00 0.00 -0.00 0.00 0.00 -0.00 0.00 0.00 -0.00 0.00 0.00 -0.00 0.00 0.00 -0.00 0.00 0.00 -0.00 0.00 0.00 -0.00 0.00 0.00 -0.00 0.00 0.00 -0.00 0.00 0.00 -0.00 0.00 0.00 -0.00 0.00 0.00 -0.00 0.00 0.00 -0.00 0.00 0.00 -0.00 0.00 0.00 -0.00 0.00 0.00 -0.00 0.00 0.00 -0.00 0.00 69.06 -37.95 134.56 -0.00 23.42 -0.00 -6.28 10.14 20.11 -1.35 12.81 32.73 0.00 0.00 -0.00 2.00 -0.02 0.61 -0.05 -0.29 8.55 -0.04 -0.15 4.31 0.00 0.00 -0.00 0.00 -0.00 1.62 -0.00 -0.00 16.38 0.00 -0.00 8.49 0.00 0.00 -0.00 -2.00 0.08 2.24 0.26 0.63 19.89 0.20 0.31 10.45 0.00 0.00 -0.00 -4.00 0.02 0.25 0.02 0.30 4.33 0.02 0.15 2.15 0.00 -0.00 0.00 0.00 -0.00 0.00 0.00 -0.00 0.00 0.00 -0.00 0.00 0.00 -0.00 0.00 0.00 -0.00 0.00 0.00 -0.00 0.00 0.00 -0.00 0.00 0.00 -0.00 0.00 0.00 -0.00 0.00 0.00 -0.00 0.00 0.00 -0.00 0.00 0.00 -0.00 0.00 0.00 -0.00 0.00 0.00 -0.00 0.00 0.00 -0.00 0.00 0.00 -0.00 0.00 0.00 -0.00 0.00 0.00 -0.00 0.00 0.00 -0.00 0.00 0.00 -0.00 0.00 0.00 -0.00 0.00 0.00 -0.00 0.00
-0.0000 0.0238 0.0000 0.00 -0.00 0.00 0.00 -0.00 0.00 0.00 -0.00 0.00 0.00 -0.00 0.00 0.00 -0.00 0.00 0.00 -0.00 0.00 0.00 -0.00 0.00 0.00 -0.00 0.00 0.00 -0.00 0.00 0.00 -0.00 0.00 0.00 -0.00 0.00 0.00 -0.00 0.00 0.00 -0.00 0.00 0.00 -0.00 0.00 0.00 -0.00 0.00 0.00 -0.00 0.00 0.00 -0.00 0.00 0.00 -0.00 0.00 69.06 -37.95 134.56 -0.00 23.42 -0.00 -6.28 10.14 20.11 -1.35 12.81 32.73 0.00 0.00 -0.00 2.00 -0.02 0.61 -0.05 -0.29 8.55 -0.04 -0.15 4.31 0.00 0.00 -0.00 0.00 -0.00 1.62 -0.00 -0.00 16.38 0.00 -0.00 8.49 0.00 0.00 -0.00 -2.00 0.08 2.24 0.26 0.63 19.89 0.20 0.31 10.45 0.00 0.00 -0.00 -4.00 0.02 0.25 0.02 0.30 4.33 0.02 0.15 2.15 0.00 -0.00 0.00 0.00 -0.00 0.00 0.00 -0.00 0.00 0.00 -0.00 0.00 0.00 -0.00 0.00 0.00 -0.00 0.00 0.00 -0.00 0.00 0.00 -0.00 0.00 0.00 -0.00 0.00 0.00 -0.00 0.00 0.00 -0.00 0.00 0.00 -0.00 0.00 0.00 -0.00 0.00 0.00 -0.00 0.00 0.00 -0.00 0.00 0.00 -0.00 0.00 0.00 -0.00 0.00 0.00 -0.00 0.00 0.00 -0.00 0.00 0.00 -0.00 0.00 0.00 -0.00 0.00 0.00 -0.00 0.00 0.00 -0.00 0.00
-0.0000 0.0232 0.0000 0.00 -0.00 0.00 0.00 -0.00 0.00 0.00 -0.00 0.00 0.00 -0.00 0.00 0.00 -0.00 0.00 0.00 -0.00 0.00 0.00 -0.00 0.00 0.00 -0.00 0.00 0.00 -0.00 0.00 0.00 -0.00 0.00 0.00 -0.00 0.00 0.00 -0.00 0.00 0.00 -0.00 0.00 0.00 -0.00 0.00 0.00 -0.00 0.00 0.00 -0.00 0.00 0.00 -0.00 0.00 0.00 -0.00 0.00 69.06 -37.95 134.56 -0.00 23.42 -0.00 -6.28 10.14 20.11 -1.35 12.81 32.73 0.00 0.00 -0.00 2.00 -0.02 0.61 -0.05 -0.29 8.55 -0.04 -0.15 4.31 0.00 0.00 -0.00 0.00 -0.00 1.62 -0.00 -0.00 16.38 0.00 -0.00 8.49 0.00 0.00 -0.00 -2.00 0.08 2.24 0.26 0.63 19.89 0.20 0.31 10.45 0.00 0.00 -0.00 -4.00 0.02 0.25 0.02 0.30 4.33 0.02 0.15 2.15 0.00 -0.00 0.00 0.00 -0.00 0.00 0.00 -0.00 0.00 0.00 -0.00 0.00 0.00 -0.00 0.00 0.00 -0.00 0.00 0.00 -0.00 0.00 0.00 -0.00 0.00 0.00 -0.00 0.00 0.00 -0.00 0.00 0.00 -0.00 0.00 0.00 -0.00 0.00 0.00 -0.00 0.00 0.00 -0.00 0.00 0.00 -0.00 0.00 0.00 -0.00 0.00 0.00 -0.00 0.00 0.00 -0.00 0.00 0.00 -0.00 0.00 0.00 -0.00 0.00 0.00 -0.00 0.00 0.00 -0.00 0.00 0.00 -0.00 0.00
-0.0000 0.0238 0.0000 0.00 -0.00 0.00 0.00 -0.00 0.00 0.00 -0.00 0.00 0.00 -0.00 0.00 0.00 -0.00 0.00 0.00 -0.00 0.00 0.00 -0.00 0.00 0.00 -0.00 0.00 0.00 -0.00 0.00 0.00 -0.00 0.00 0.00 -0.00 0.00 0.00 -0.00 0.00 0.00 -0.00 0.00 0.00 -0.00 0.00 0.00 -0.00 0.00 0.00 -0.00 0.00 0.00 -0.00 0.00 0.00 -0.00 0.00 69.06 -37.95 134.56 -0.00 23.42 -0.00 -6.28 10.14 20.11 -1.35 12.81 32.73 0.00 0.00 -0.00 2.00 -0.02 0.61 -0.05 -0.29 8.55 -0.04 -0.15 4.31 0.00 0.00 -0.00 0.00 -0.00 1.62 -0.00 -0.00 16.38 0.00 -0.00 8.49 0.00 0.00 -0.00 -2.00 0.08 2.24 0.26 0.63 19.89 0.20 0.31 10.45 0.00 0.00 -0.00 -4.00 0.02 0.25 0.02 0.30 4.33 0.02 0.15 2.15 0.00 -0.00 0.00 0.00 -0.00 0.00 0.00 -0.00 0.00 0.00 -0.00 0.00 0.00 -0.00 0.00 0.00 -0.00 0.00 0.00 -0.00 0.00 0.00 -0.00 0.00 0.00 -0.00 0.00 0.00 -0.00 0.00 0.00 -0.00 0.00 0.00 -0.00 0.00 0.00 -0.00 0.00 0.00 -0.00 0.00 0.00 -0.00 0.00 0.00 -0.00 0.00 0.00 -0.00 0.00 0.00 -0.00 0.00 0.00 -0.00 0.00 0.00 -0.00 0.00 0.00 -0.00 0.00 0.00 -0.00 0.00 0.00 -0.00 0.00
-0.0000 0.0241 0.0000 0.00 -0.00 0.00 0.00 -0.00 0.00 0.00 -0.00 0.00 0.00 -0.00 0.00 0.00 -0.00 0.00 0.00 -0.00 0.00 0.00 -0.00 0.00 0.00 -0.00 0.00 0.00 -0.00 0.00 0.00 -0.00 0.00 0.00 -0.00 0.00 0.00 -0.00 0.00 0.00 -0.00 0.00 0.00 -0.00 0.00 0.00 -0.00 0.00 0.00 -0.00 0.00 0.00 -0.00 0.00 0.00 -0.00 0.00 69.06 -37.95 134.56 -0.00 23.42 -0.00 -6.28 10.14 20.11 -1.35 12.81 32.73 0.00 0.00 -0.00 2.00 -0.02 0.61 -0.05 -0.29 8.55 -0.04 -0.15 4.31 0.00 0.00 -0.00 0.00 -0.00 1.62 -0.00 -0.00 16.38 0.00 -0.00 8.49 0.00 0.00 -0.00 -2.00 0.08 2.24 0.26 0.63 19.89 0.20 0.31 10.45 0.00 0.00 -0.00 -4.00 0.02 0.25 0.02 0.30 4.33 0.02 0.15 2.15 0.00 -0.00 0.00 0.00 -0.00 0.00 0.00 -0.00 0.00 0.00 -0.00 0.00 0.00 -0.00 0.00 0.00 -0.00 0.00 0.00 -0.00 0.00 0.00 -0.00 0.00 0.00 -0.00 0.00 0.00 -0.00 0.00 0.00 -0.00 0.00 0.00 -0.00 0.00 0.00 -0.00 0.00 0.00 -0.00 0.00 0.00 -0.00 0.00 0.00 -0.00 0.00 0.00 -0.00 0.00 0.00 -0.00 0.00 0.00 -0.00 0.00 0.00 -0.00 0.00 0.00 -0.00 0.00 0.00 -0.00 0.00 0.00 -0.00 0.00
-0.0000 0.0232 0.0000 0.00 -0.00 0.00 0.00 -0.00 0.00 0.00 -0.00 0.00 0.00 -0.00 0.00 0.00 -0.00 0.00 0.00 -0.00 0.00 0.00 -0.00 0.00 0.00 -0.00 0.00 0.00 -0.00 0.00 0.00 -0.00 0.00 0.00 -0.00 0.00 0.00 -0.00 0.00 0.00 -0.00 0.00 0.00 -0.00 0.00 0.00 -0.00 0.00 0.00 -0.00 0.00 0.00 -0.00 0.00 0.00 -0.00 0.00 69.06 -37.95 134.56 -0.00 23.42 -0.00 -6.28 10.14 20.11 -1.35 12.81 32.73 0.00 0.00 -0.00 2.00 -0.02 0.61 -0.05 -0.29 8.55 -0.04 -0.15 4.31 0.00 0.00 -0.00 0.00 -0.00 1.62 -0.00 -0.00 16.38 0.00 -0.00 8.49 0.00 0.00 -0.00 -2.00 0.08 2.24 0.26 0.63 19.89 0.20 0.31 10.45 0.00 0.00 -0.00 -4.00 0.02 0.25 0.02 0.30 4.33 0.02 0.15 2.15 0.00 -0.00 0.00 0.00 -0.00 0.00 0.00 -0.00 0.00 0.00 -0.00 0.00 0.00 -0.00 0.00 0.00 -0.00 0.00 0.00 -0.00 0.00 0.00 -0.00 0.00 0.00 -0.00 0.00 0.00 -0.00 0.00 0.00 -0.00 0.00 0.00 -0.00 0.00 0.00 -0.00 0.00 0.00 -0.00 0.00 0.00 -0.00 0.00 0.00 -0.00 0.00 0.00 -0.00 0.00 0.00 -0.00 0.00 0.00 -0.00 0.00 0.00 -0.00 0.00 0.00 -0.00 0.00 0.00 -0.00 0.00 0.00 -0.00 0.00
-0.0000 0.0231 0.0000 0.00 -0.00 0.00 0.00 -0.00 0.00 0.00 -0.00 0.00 0.00 -0.00 0.00 0.00 -0.00 0.00 0.00 -0.00 0.00 0.00 -0.00 0.00 0.00 -0.00 0.00 0.00 -0.00 0.00 0.00 -0.00 0.00 0.00 -0.00 0.00 0.00 -0.00 0.00 0.00 -0.00 0.00 0.00 -0.00 0.00 0.00 -0.00 0.00 0.00 -0.00 0.00 0.00 -0.00 0.00 0.00 -0.00 0.00 69.06 -37.95 134.56 -0.00 23.42 -0.00 -6.28 10.14 20.11 -1.35 12.81 32.73 0.00 0.00 -0.00 2.00 -0.02 0.61 -0.05 -0.29 8.55 -0.04 -0.15 4.31 0.00 0.00 -0.00 0.00 -0.00 1.62 -0.00 -0.00 16.38 0.00 -0.00 8.49 0.00 0.00 -0.00 -2.00 0.08 2.24 0.26 0.63 19.89 0.20 0.31 10.45 0.00 0.00 -0.00 -4.00 0.02 0.25 0.02 0.30 4.33 0.02 0.15 2.15 0.00 -0.00 0.00 0.00 -0.00 0.00 0.00 -0.00 0.00 0.00 -0.00 0.00 0.00 -0.00 0.00 0.00 -0.00 0.00 0.00 -0.00 0.00 0.00 -0.00 0.00 0.00 -0.00 0.00 0.00 -0.00 0.00 0.00 -0.00 0.00 0.00 -0.00 0.00 0.00 -0.00 0.00 0.00 -0.00 0.00 0.00 -0.00 0.00 0.00 -0.00 0.00 0.00 -0.00 0.00 0.00 -0.00 0.00 0.00 -0.00 0.00 0.00 -0.00 0.00 0.00 -0.00 0.00 0.00 -0.00 0.00 0.00 -0.00 0.00
-0.0000 0.0236 0.0000 0.00 -0.00 0.00 0.00 -0.00 0.00 0.00 -0.00 0.00 0.00 -0.00 0.00 0.00 -0.00 0.00 0.00 -0.00 0.00 0.00 -0.00 0.00 0.00 -0.00 0.00 0.00 -0.00 0.00 0.00 -0.00 0.00 0.00 -0.00 0.00 0.00 -0.00 0.00 0.00 -0.00 0.00 0.00 -0.00 0.00 0.00 -0.00 0.00 0.00 -0.00 0.00 0.00 -0.00 0.00 0.00 -0.00 0.00 69.06 -37.95 134.56 -0.00 23.42 -0.00 -6.28 10.14 20.11 -1.35 12.81 32.73 0.00 0.00 -0.00 2.00 -0.02 0.61 -0.05 -0.29 8.55 -0.04 -0.15 4.31 0.00 0.00 -0.00 0.00 -0.00 1.62 -0.00 -0.00 16.38 0.00 -0.00 8.49 0.00 0.00 -0.00 -2.00 0.08 2.24 0.26 0.63 19.89 0.20 0.31 10.45 0.00 0.00 -0.00 -4.00 0.02 0.25 0.02 0.30 4.33 0.02 0.15 2.15 0.00 -0.00 0.00 0.00 -0.00 0.00 0.00 -0.00 0.00 0.00 -0.00 0.00 0.00 -0.00 0.00 0.00 -0.00 0.00 0.00 -0.00 0.00 0.00 -0.00 0.00 0.00 -0.00 0.00 0.00 -0.00 0.00 0.00 -0.00 0.00 0.00 -0.00 0.00 0.00 -0.00 0.00 0.00 -0.00 0.00 0.00 -0.00 0.00 0.00 -0.00 0.00 0.00 -0.00 0.00 0.00 -0.00 0.00 0.00 -0.00 0.00 0.00 -0.00 0.00 0.00 -0.00 0.00 0.00 -0.00 0.00 0.00 -0.00 0.00
-0.0000 0.0227 0.0000 0.00 -0.00 0.00 0.00 -0.00 0.00 0.00 -0.00 0.00 0.00 -0.00 0.00 0.00 -0.00 0.00 0.00 -0.00 0.00 0.00 -0.00 0.00 0.00 -0.00 0.00 0.00 -0.00 0.00 0.00 -0.00 0.00 0.00 -0.00 0.00 0.00 -0.00 0.00 0.00 -0.00 0.00 0.00 -0.00 0.00 0.00 -0.00 0.00 0.00 -0.00 0.00 0.00 -0.00 0.00 0.00 -0.00 0.00 69.06 -37.95 134.56 -0.00 23.42 -0.00 -6.28 10.14 20.11 -1.35 12.81 32.73 0.00 0.00 -0.00 2.00 -0.02 0.61 -0.05 -0.29 8.55 -0.04 -0.15 4.31 0.00 0.00 -0.00 0.00 -0.00 1.62 -0.00 -0.00 16.38 0.00 -0.00 8.49 0.00 0.00 -0.00 -2.00 0.08 2.24 0.26 0.63 19.89 0.20 0.31 10.45 0.00 0.00 -0.00 -4.00 0.02 0.25 0.02 0.30 4.33 0.02 0.15 2.15 0.00 -0.00 0.00 0.00 -0.00 0.00 0.00 -0.00 0.00 0.00 -0.00 0.00 0.00 -0.00 0.00 0.00 -0.00 0.00 0.00 -0.00 0.00 0.00 -0.00 0.00 0.00 -0.00 0.00 0.00 -0.00 0.00 0.00 -0.00 0.00 0.00 -0.00 0.00 0.00 -0.00 0.00 0.00 -0.00 0.00 0.00 -0.00 0.00 0.00 -0.00 0.00 0.00 -0.00 0.00 0.00 -0.00 0.00 0.00 -0.00 0.00 0.00 -0.00 0.00 0.00 -0.00 0.00 0.00 -0.00 0.00 0.00 -0.00 0.00
-0.0000 0.0226 0.0000 0.00 -0.00 0.00 0.00 -0.00 0.00 0.00 -0.00 0.00 0.00 -0.00 0.00 0.00 -0.00 0.00 0.00 -0.00 0.00 0.00 -0.00 0.00 0.00 -0.00 0.00 0.00 -0.00 0.00 0.00 -0.00 0.00 0.00 -0.00 0.00 0.00 -0.00 0.00 0.00 -0.00 0.00 0.00 -0.00 0.00 0.00 -0.00 0.00 0.00 -0.00 0.00 0.00 -0.00 0.00 0.00 -0.00 0.00 69.06 -37.95 134.56 -0.00 23.42 -0.00 -6.28 10.14 20.11 -1.35 12.81 32.73 0.00 0.00 -0.00 2.00 -0.02 0.61 -0.05 -0.29 8.55 -0.04 -0.15 4.31 0.00 0.00 -0.00 0.00 -0.00 1.62 -0.00 -0.00 16.38 0.00 -0.00 8.49 0.00 0.00 -0.00 -2.00 0.08 2.24 0.26 0.63 19.89 0.20 0.31 10.45 0.00 0.00 -0.00 -4.00 0.02 0.25 0.02 0.30 4.33 0.02 0.15 2.15 0.00 -0.00 0.00 0.00 -0.00 0.00 0.00 -0.00 0.00 0.00 -0.00 0.00 0.00 -0.00 0.00 0.00 -0.00 0.00 0.00 -0.00 0.00 0.00 -0.00 0.00 0.00 -0.00 0.00 0.00 -0.00 0.00 0.00 -0.00 0.00 0.00 -0.00 0.00 0.00 -0.00 0.00 0.00 -0.00 0.00 0.00 -0.00 0.00 0.00 -0.00 0.00 0.00 -0.00 0.00 0.00 -0.00 0.00 0.00 -0.00 0.00 0.00 -0.00 0.00 0.00 -0.00 0.00 0.00 -0.00 0.00 0.00 -0.00 0.00
-0.0000 0.0222 0.0000 0.00 -0.00 0.00 0.00 -0.00 0.00 0.00 -0.00 0.00 0.00 -0.00 0.00 0.00 -0.00 0.00 0.00 -0.00 0.00 0.00 -0.00 0.00 0.00 -0.00 0.00 0.00 -0.00 0.00 0.00 -0.00 0.00 0.00 -0.00 0.00 0.00 -0.00 0.00 0.00 -0.00 0.00 0.00 -0.00 0.00 0.00 -0.00 0.00 0.00 -0.00 0.00 0.00 -0.00 0.00 0.00 -0.00 0.00 69.06 -37.95 134.56 -0.00 23.42 -0.00 -6.28 10.14 20.11 -1.35 12.81 32.73 0.00 0.00 -0.00 2.00 -0.02 0.61 -0.05 -0.29 8.55 -0.04 -0.15 4.31 0.00 0.00 -0.00 0.00 -0.00 1.62 -0.00 -0.00 16.38 0.00 -0.00 8.49 0.00 0.00 -0.00 -2.00 0.08 2.24 0.26 0.63 19.89 0.20 0.31 10.45 0.00 0.00 -0.00 -4.00 0.02 0.25 0.02 0.30 4.33 0.02 0.15 2.15 0.00 -0.00 0.00 0.00 -0.00 0.00 0.00 -0.00 0.00 0.00 -0.00 0.00 0.00 -0.00 0.00 0.00 -0.00 0.00 0.00 -0.00 0.00 0.00 -0.00 0.00 0.00 -0.00 0.00 0.00 -0.00 0.00 0.00 -0.00 0.00 0.00 -0.00 0.00 0.00 -0.00 0.00 0.00 -0.00 0.00 0.00 -0.00 0.00 0.00 -0.00 0.00 0.00 -0.00 0.00 0.00 -0.00 0.00 0.00 -0.00 0.00 0.00 -0.00 0.00 0.00 -0.00 0.00 0.00 -0.00 0.00 0.00 -0.00 0.00
-0.0000 0.0220 0.0000 0.00 -0.00 0.00 0.00 -0.00 0.00 0.00 -0.00 0.00 0.00 -0.00 0.00 0.00 -0.00 0.00 0.00 -0.00 0.00 0.00 -0.00 0.00 0.00 -0.00 0.00 0.00 -0.00 0.00 0.00 -0.00 0.00 0.00 -0.00 0.00 0.00 -0.00 0.00 0.00 -0.00 0.00 0.00 -0.00 0.00 0.00 -0.00 0.00 0.00 -0.00 0.00 0.00 -0.00 0.00 0.00 -0.00 0.00 69.06 -37.95 134.56 -0.00 23.42 -0.00 -6.28 10.14 20.11 -1.35 12.81 32.73 0.00 0.00 -0.00 2.00 -0.02 0.61 -0.05 -0.29 8.55 -0.04 -0.15 4.31 0.00 0.00 -0.00 0.00 -0.00 1.62 -0.00 -0.00 16.38 0.00 -0.00 8.49 0.00 0.00 -0.00 -2.00 0.08 2.24 0.26 0.63 19.89 0.20 0.31 10.45 0.00 0.00 -0.00 -4.00 0.02 0.25 0.02 0.30 4.33 0.02 0.15 2.15 0.00 -0.00 0.00 0.00 -0.00 0.00 0.00 -0.00 0.00 0.00 -0.00 0.00 0.00 -0.00 0.00 0.00 -0.00 0.00 0.00 -0.00 0.00 0.00 -0.00 0.00 0.00 -0.00 0.00 0.00 -0.00 0.00 0.00 -0.00 0.00 0.00 -0.00 0.00 0.00 -0.00 0.00 0.00 -0.00 0.00 0.00 -0.00 0.00 0.00 -0.00 0.00 0.00 -0.00 0.00 0.00 -0.00 0.00 0.00 -0.00 0.00 0.00 -0.00 0.00 0.00 -0.00 0.00 0.00 -0.00 0.00 0.00 -0.00 0.00
-0.0000 0.0224 0.0000 0.00 -0.00 0.00 0.00 -0.00 0.00 0.00 -0.00 0.00 0.00 -0.00 0.00 0.00 -0.00 0.00 0.00 -0.00 0.00 0.00 -0.00 0.00 0.00 -0.00 0.00 0.00 -0.00 0.00 0.00 -0.00 0.00 0.00 -0.00 0.00 0.00 -0.00 0.00 0.00 -0.00 0.00 0.00 -0.00 0.00 0.00 -0.00 0.00 0.00 -0.00 0.00 0.00 -0.00 0.00 0.00 -0.00 0.00 69.06 -37.95 134.56 -0.00 23.42 -0.00 -6.28 10.14 20.11 -1.35 12.81 32.73 0.00 0.00 -0.00 2.00 -0.02 0.61 -0.05 -0.29 8.55 -0.04 -0.15 4.31 0.00 0.00 -0.00 0.00 -0.00 1.62 -0.00 -0.00 16.38 0.00 -0.00 8.49 0.00 0.00 -0.00 -2.00 0.08 2.24 0.26 0.63 19.89 0.20 0.31 10.45 0.00 0.00 -0.00 -4.00 0.02 0.25 0.02 0.30 4.33 0.02 0.15 2.15 0.00 -0.00 0.00 0.00 -0.00 0.00 0.00 -0.00 0.00 0.00 -0.00 0.00 0.00 -0.00 0.00 0.00 -0.00 0.00 0.00 -0.00 0.00 0.00 -0.00 0.00 0.00 -0.00 0.00 0.00 -0.00 0.00 0.00 -0.00 0.00 0.00 -0.00 0.00 0.00 -0.00 0.00 0.00 -0.00 0.00 0.00 -0.00 0.00 0.00 -0.00 0.00 0.00 -0.00 0.00 0.00 -0.00 0.00 0.00 -0.00 0.00 0.00 -0.00 0.00 0.00 -0.00 0.00 0.00 -0.00 0.00 0.00 -0.00 0.00
-0.0000 0.0216 0.0000 0.00 -0.00 0.00 0.00 -0.00 0.00 0.00 -0.00 0.00 0.00 -0.00 0.00 0.00 -0.00 0.00 0.00 -0.00 0.00 0.00 -0.00 0.00 0.00 -0.00 0.00 0.00 -0.00 0.00 0.00 -0.00 0.00 0.00 -0.00 0.00 0.00 -0.00 0.00 0.00 -0.00 0.00 0.00 -0.00 0.00 0.00 -0.00 0.00 0.00 -0.00 0.00 0.00 -0.00 0.00 0.00 -0.00 0.00 69.06 -37.95 134.56 -0.00 23.42 -0.00 -6.28 10.14 20.11 -1.35 12.81 32.73 0.00 0.00 -0.00 2.00 -0.02 0.61 -0.05 -0.29 8.55 -0.04 -0.15 4.31 0.00 0.00 -0.00 -0.00 -0.00 1.62 0.00 0.00 16.38 0.00 0.00 8.49 0.00 0.00 -0.00 -2.00 0.08 2.24 0.26 0.63 19.88 0.20 0.31 10.45 0.00 0.00 -0.00 -4.00 0.02 0.25 0.02 0.30 4.33 0.02 0.15 2.15 0.00 -0.00 0.00 0.00 -0.00 0.00 0.00 -0.00 0.00 0.00 -0.00 0.00 0.00 -0.00 0.00 0.00 -0.00 0.00 0.00 -0.00 0.00 0.00 -0.00 0.00 0.00 -0.00 0.00 0.00 -0.00 0.00 0.00 -0.00 0.00 0.00 -0.00 0.00 0.00 -0.00 0.00 0.00 -0.00 0.00 0.00 -0.00 0.00 0.00 -0.00 0.00 0.00 -0.00 0.00 0.00 -0.00 0.00 0.00 -0.00 0.00 0.00 -0.00 0.00 0.00 -0.00 0.00 0.00 -0.00 0.00 0.00 -0.00 0.00
-0.0000 0.0214 0.0000 0.00 -0.00 0.00 0.00 -0.00 0.00 0.00 -0.00 0.00 0.00 -0.00 0.00 0.00 -0.00 0.00 0.00 -0.00 0.00 0.00 -0.00 0.00 0.00 -0.00 0.00 0.00 -0.00 0.00 0.00 -0.00 0.00 0.00 -0.00 0.00 0.00 -0.00 0.00 0.00 -0.00 0.00 0.00 -0.00 0.00 0.00 -0.00 0.00 0.00 -0.00 0.00 0.00 -0.00 0.00 0.00 -0.00 0.00 69.06 -37.95 134.56 -0.00 23.42 -0.00 -6.28 10.14 20.11 -1.35 12.81 32.73 0.00 0.00 -0.00 2.00 -0.02 0.61 -0.05 -0.29 8.55 -0.04 -0.15 4.31 0.00 0.00 -0.00 0.00 -0.00 1.62 -0.00 0.00 16.38 -0.00 -0.00 8.49 0.00 0.00 -0.00 -2.00 0.08 2.24 0.26 0.63 19.88 0.20 0.31 10.45 0.00 0.00 -0.00 -4.00 0.02 0.25 0.02 0.30 4.33 0.02 0.15 2.15 0.00 -0.00 0.00 0.00 -0.00 0.00 0.00 -0.00 0.00 0.00 -0.00 0.00 0.00 -0.00 0.00 0.00 -0.00 0.00 0.00 -0.00 0.00 0.00 -0.00 0.00 0.00 -0.00 0.00 0.00 -0.00 0.00 0.00 -0.00 0.00 0.00 -0.00 0.00 0.00 -0.00 0.00 0.00 -0.00 0.00 0.00 -0.00 0.00 0.00 -0.00 0.00 0.00 -0.00 0.00 0.00 -0.00 0.00 0.00 -0.00 0.00 0.00 -0.00 0.00 0.00 -0.00 0.00 0.00 -0.00 0.00 0.00 -0.00 0.00
-0.0000 0.0223 0.0000 0.00 -0.00 0.00 0.00 -0.00 0.00 0.00 -0.00 0.00 0.00 -0.00 0.00 0.00 -0.00 0.00 0.00 -0.00 0.00 0.00 -0.00 0.00 0.00 -0.00 0.00 0.00 -0.00 0.00 0.00 -0.00 0.00 0.00 -0.00 0.00 0.00 -0.00 0.00 0.00 -0.00 0.00 0.00 -0.00 0.00 0.00 -0.00 0.00 0.00 -0.00 0.00 0.00 -0.00 0.00 0.00 -0.00 0.00 69.06 -37.95 134.56 -0.00 23.42 -0.00 -6.28 10.14 20.11 -1.35 12.81 32.73 0.00 0.00 -0.00 2.00 -0.02 0.61 -0.05 -0.29 8.55 -0.04 -0.15 4.31 0.00 0.00 -0.00 -0.00 -0.00 1.62 0.00 -0.00 16.38 -0.00 0.00 8.49 0.00 0.00 -0.00 -2.00 0.08 2.24 0.26 0.63 19.88 0.20 0.31 10.44 0.00 0.00 -0.00 -4.00 0.02 0.25 0.02 0.30 4.33 0.02 0.15 2.15 0.00 -0.00 0.00 0.00 -0.00 0.00 0.00 -0.00 0.00 0.00 -0.00 0.00 0.00 -0.00 0.00 0.00 -0.00 0.00 0.00 -0.00 0.00 0.00 -0.00 0.00 0.00 -0.00 0.00 0.00 -0.00 0.00 0.00 -0.00 0.00 0.00 -0.00 0.00 0.00 -0.00 0.00 0.00 -0.00 0.00 0.00 -0.00 0.00 0.00 -0.00 0.00 0.00 -0.00 0.00 0.00 -0.00 0.00 0.00 -0.00 0.00 0.00 -0.00 0.00 0.00 -0.00 0.00 0.00 -0.00 0.00 0.00 -0.00 0.00
-0.0000 0.0228 0.0000 0.00 -0.00 0.00 0.00 -0.00 0.00 0.00 -0.00 0.00 0.00 -0.00 0.00 0.00 -0.00 0.00 0.00 -0.00 0.00 0.00 -0.00 0.00 0.00 -0.00 0.00 0.00 -0.00 0.00 0.00 -0.00 0.00 0.00 -0.00 0.00 0.00 -0.00 0.00 0.00 -0.00 0.00 0.00 -0.00 0.00 0.00 -0.00 0.00 0.00 -0.00 0.00 0.00 -0.00 0.00 0.00 -0.00 0.00 69.06 -37.95 134.56 -0.00 23.42 -0.00 -6.28 10.14 20.11 -1.35 12.81 32.73 0.00 0.00 -0.00 2.00 -0.02 0.61 -0.05 -0.29 8.55 -0.04 -0.15 4.31 0.00 0.00 -0.00 -0.00 -0.00 1.62 -0.00 0.00 16.38 0.00 0.00 8.49 0.00 0.00 -0.00 -2.00 0.08 2.24 0.26 0.63 19.88 0.20 0.31 10.44 0.00 0.00 -0.00 -4.00 0.02 0.25 0.02 0.30 4.33 0.02 0.15 2.15 0.00 -0.00 0.00 0.00 -0.00 0.00 0.00 -0.00 0.00 0.00 -0.00 0.00 0.00 -0.00 0.00 0.00 -0.00 0.00 0.00 -0.00 0.00 0.00 -0.00 0.00 0.00 -0.00 0.00 0.00 -0.00 0.00 0.00 -0.00 0.00 0.00 -0.00 0.00 0.00 -0.00 0.00 0.00 -0.00 0.00 0.00 -0.00 0.00 0.00 -0.00 0.00 0.00 -0.00 0.00 0.00 -0.00 0.00 0.00 -0.00 0.00 0.00 -0.00 0.00 0.00 -0.00 0.00 0.00 -0.00 0.00 0.00 -0.00 0.00
-0.0000 0.0226 0.0000 0.00 -0.00 0.00 0.00 -0.00 0.00 0.00 -0.00 0.00 0.00 -0.00 0.00 0.00 -0.00 0.00 0.00 -0.00 0.00 0.00 -0.00 0.00 0.00 -0.00 0.00 0.00 -0.00 0.00 0.00 -0.00 0.00 0.00 -0.00 0.00 0.00 -0.00 0.00 0.00 -0.00 0.00 0.00 -0.00 0.00 0.00 -0.00 0.00 0.00 -0.00 0.00 0.00 -0.00 0.00 0.00 -0.00 0.00 69.06 -37.95 134.56 -0.00 23.42 -0.00 -6.28 10.14 20.11 -1.35 12.81 32.73 0.00 0.00 -0.00 2.00 -0.02 0.61 -0.05 -0.29 8.55 -0.04 -0.15 4.31 0.00 0.00 -0.00 -0.00 -0.00 1.62 0.00 0.00 16.38 -0.00 -0.00 8.49 0.00 0.00 -0.00 -2.00 0.08 2.24 0.26 0.63 19.88 0.20 0.31 10.44 0.00 0.00 -0.00 -4.00 0.02 0.25 0.02 0.30 4.33 0.02 0.15 2.15 0.00 -0.00 0.00 0.00 -0.00 0.00 0.00 -0.00 0.00 0.00 -0.00 0.00 0.00 -0.00 0.00 0.00 -0.00 0.00 0.00 -0.00 0.00 0.00 -0.00 0.00 0.00 -0.00 0.00 0.00 -0.00 0.00 0.00 -0.00 0.00 0.00 -0.00 0.00 0.00 -0.00 0.00 0.00 -0.00 0.00 0.00 -0.00 0.00 0.00 -0.00 0.00 0.00 -0.00 0.00 0.00 -0.00 0.00 0.00 -0.00 0.00 0.00 -0.00 0.00 0.00 -0.00 0.00 0.00 -0.00 0.00 0.00 -0.00 0.00
-0.0000 0.0225 0.0000 0.00 -0.00 0.00 0.00 -0.00 0.00 0.00 -0.00 0.00 0.00 -0.00 0.00 0.00 -0.00 0.00 0.00 -0.00 0.00 0.00 -0.00 0.00 0.00 -0.00 0.00 0.00 -0.00 0.00 0.00 -0.00 0.00 0.00 -0.00 0.00 0.00 -0.00 0.00 0.00 -0.00 0.00 0.00 -0.00 0.00 0.00 -0.00 0.00 0.00 -0.00 0.00 0.00 -0.00 0.00 0.00 -0.00 0.00 69.06 -37.95 134.56 -0.00 23.42 -0.00 -6.28 10.14 20.11 -1.35 12.81 32.73 0.00 0.00 -0.00 2.00 -0.02 0.61 -0.05 -0.29 8.55 -0.04 -0.15 4.31 0.00 0.00 -0.00 0.00 -0.00 1.62 -0.00 0.00 16.38 0.00 0.00 8.49 0.00 0.00 -0.00 -2.00 0.08 2.24 0.26 0.63 19.88 0.20 0.31 10.44 0.00 0.00 -0.00 -4.00 0.02 0.25 0.02 0.30 4.33 0.02 0.15 2.15 0.00 -0.00 0.00 0.00 -0.00 0.00 0.00 -0.00 0.00 0.00 -0.00 0.00 0.00 -0.00 0.00 0.00 -0.00 0.00 0.00 -0.00 0.00 0.00 -0.00 0.00 0.00 -0.00 0.00 0.00 -0.00 0.00 0.00 -0.00 0.00 0.00 -0.00 0.00 0.00 -0.00 0.00 0.00 -0.00 0.00 0.00 -0.00 0.00 0.00 -0.00 0.00 0.00 -0.00 0.00 0.00 -0.00 0.00 0.00 -0.00 0.00 0.00 -0.00 0.00 0.00 -0.00 0.00 0.00 -0.00 0.00 0.00 -0.00 0.00
-0.0000 0.0221 0.0000 0.00 -0.00 0.00 0.00 -0.00 0.00 0.00 -0.00 0.00 0.00 -0.00 0.00 0.00 -0.00 0.00 0.00 -0.00 0.00 0.00 -0.00 0.00 0.00 -0.00 0.00 0.00 -0.00 0.00 0.00 -0.00 0.00 0.00 -0.00 0.00 0.00 -0.00 0.00 0.00 -0.00 0.00 0.00 -0.00 0.00 0.00 -0.00 0.00 0.00 -0.00 0.00 0.00 -0.00 0.00 0.00 -0.00 0.00 69.06 -37.95 134.56 -0.00 23.42 -0.00 -6.28 10.14 20.11 -1.35 12.81 32.73 0.00 0.00 -0.00 2.00 -0.02 0.61 -0.05 -0.29 8.55 -0.04 -0.15 4.31 0.00 0.00 -0.00 0.00 -0.00 1.62 -0.00 0.00 16.38 0.00 -0.00 8.49 0.00 0.00 -0.00 -2.00 0.08 2.24 0.26 0.63 19.88 0.20 0.31 10.44 0.00 0.00 -0.00 -4.00 0.02 0.25 0.02 0.30 4.33 0.02 0.15 2.15 0.00 -0.00 0.00 0.00 -0.00 0.00 0.00 -0.00 0.00 0.00 -0.00 0.00 0.00 -0.00 0.00 0.00 -0.00 0.00 0.00 -0.00 0.00 0.00 -0.00 0.00 0.00 -0.00 0.00 0.00 -0.00 0.00 0.00 -0.00 0.00 0.00 -0.00 0.00 0.00 -0.00 0.00 0.00 -0.00 0.00 0.00 -0.00 0.00 0.00 -0.00 0.00 0.00 -0.00 0.00 0.00 -0.00 0.00 0.00 -0.00 0.00 0.00 -0.00 0.00 0.00 -0.00 0.00 0.00 -0.00 0.00 0.00 -0.00 0.00
-0.0000 0.0225 0.0000 0.00 -0.00 0.00 0.00 -0.00 0.00 0.00 -0.00 0.00 0.00 -0.00 0.00 0.00 -0.00 0.00 0.00 -0.00 0.00 0.00 -0.00 0.00 0.00 -0.00 0.00 0.00 -0.00 0.00 0.00 -0.00 0.00 0.00 -0.00 0.00 0.00 -0.00 0.00 0.00 -0.00 0.00 0.00 -0.00 0.00 0.00 -0.00 0.00 0.00 -0.00 0.00 0.00 -0.00 0.00 0.00 -0.00 0.00 69.06 -37.95 134.56 -0.00 23.42 -0.00 -6.28 10.14 20.11 -1.35 12.81 32.73 0.00 0.00 -0.00 2.00 -0.02 0.61 -0.05 -0.29 8.55 -0.04 -0.15 4.31 0.00 0.00 -0.00 0.00 -0.00 1.62 -0.00 0.00 16.38 0.00 0.00 8.49 0.00 0.00 -0.00 -2.00 0.08 2.24 0.26 0.63 19.88 0.20 0.31 10.44 0.00 0.00 -0.00 -4.00 0.02 0.25 0.02 0.30 4.33 0.02 0.15 2.15 0.00 -0.00 0.00 0.00 -0.00 0.00 0.00 -0.00 0.00 0.00 -0.00 0.00 0.00 -0.00 0.00 0.00 -0.00 0.00 0.00 -0.00 0.00 0.00 -0.00 0.00 0.00 -0.00 0.00 0.00 -0.00 0.00 0.00 -0.00 0.00 0.00 -0.00 0.00 0.00 -0.00 0.00 0.00 -0.00 0.00 0.00 -0.00 0.00 0.00 -0.00 0.00 0.00 -0.00 0.00 0.00 -0.00 0.00 0.00 -0.00 0.00 0.00 -0.00 0.00 0.00 -0.00 0.00 0.00 -0.00 0.00 0.00 -0.00 0.00
-0.0000 0.0230 0.0000 0.00 -0.00 0.00 0.00 -0.00 0.00 0.00 -0.00 0.00 0.00 -0.00 0.00 0.00 -0.00 0.00 0.00 -0.00 0.00 0.00 -0.00 0.00 0.00 -0.00 0.00 0.00 -0.00 0.00 0.00 -0.00 0.00 0.00 -0.00 0.00 0.00 -0.00 0.00 0.00 -0.00 0.00 0.00 -0.00 0.00 0.00 -0.00 0.00 0.00 -0.00 0.00 0.00 -0.00 0.00 0.00 -0.00 0.00 69.06 -37.95 134.56 -0.00 23.42 -0.00 -6.28 10.14 20.11 -1.35 12.81 32.73 0.00 0.00 -0.00 2.00 -0.02 0.61 -0.05 -0.29 8.55 -0.04 -0.15 4.31 0.00 0.00 -0.00 0.00 -0.00 1.62 -0.00 0.00 16.38 0.00 0.00 8.49 0.00 0.00 -0.00 -2.00 0.08 2.24 0.26 0.63 19.88 0.20 0.31 10.44 0.00 0.00 -0.00 -4.00 0.02 0.25 0.02 0.30 4.33 0.02 0.15 2.15 0.00 -0.00 0.00 0.00 -0.00 0.00 0.00 -0.00 0.00 0.00 -0.00 0.00 0.00 -0.00 0.00 0.00 -0.00 0.00 0.00 -0.00 0.00 0.00 -0.00 0.00 0.00 -0.00 0.00 0.00 -0.00 0.00 0.00 -0.00 0.00 0.00 -0.00 0.00 0.00 -0.00 0.00 0.00 -0.00 0.00 0.00 -0.00 0.00 0.00 -0.00 0.00 0.00 -0.00 0.00 0.00 -0.00 0.00 0.00 -0.00 0.00 0.00 -0.00 0.00 0.00 -0.00 0.00 0.00 -0.00 0.00 0.00 -0.00 0.00
-0.0000 0.0240 0.0000 0.00 -0.00 0.00 0.00 -0.00 0.00 0.00 -0.00 0.00 0.00 -0.00 0.00 0.00 -0.00 0.00 0.00 -0.00 0.00 0.00 -0.00 0.00 0.00 -0.00 0.00 0.00 -0.00 0.00 0.00 -0.00 0.00 0.00 -0.00 0.00 0.00 -0.00 0.00 0.00 -0.00 0.00 0.00 -0.00 0.00 0.00 -0.00 0.00 0.00 -0.00 0.00 0.00 -0.00 0.00 0.00 -0.00 0.00 69.06 -37.95 134.56 -0.00 23.42 -0.00 -6.28 10.14 20.11 -1.35 12.81 32.73 0.00 0.00 -0.00 2.00 -0.02 0.61 -0.05 -0.29 8.55 -0.04 -0.15 4.31 0.00 0.00 -0.00 0.00 -0.00 1.62 -0.00 0.00 16.38 0.00 0.00 8.49 0.00 0.00 -0.00 -2.00 0.08 2.24 0.26 0.63 19.88 0.20 0.31 10.44 0.00 0.00 -0.00 -4.00 0.02 0.25 0.02 0.30 4.33 0.02 0.15 2.15 0.00 -0.00 0.00 0.00 -0.00 0.00 0.00 -0.00 0.00 0.00 -0.00 0.00 0.00 -0.00 0.00 0.00 -0.00 0.00 0.00 -0.00 0.00 0.00 -0.00 0.00 0.00 -0.00 0.00 0.00 -0.00 0.00 0.00 -0.00 0.00 0.00 -0.00 0.00 0.00 -0.00 0.00 0.00 -0.00 0.00 0.00 -0.00 0.00 0.00 -0.00 0.00 0.00 -0.00 0.00 0.00 -0.00 0.00 0.00 -0.00 0.00 0.00 -0.00 0.00 0.00 -0.00 0.00 0.00 -0.00 0.00 0.00 -0.00 0.00
-0.0000 0.0232 0.0000 0.00 -0.00 0.00 0.00 -0.00 0.00 0.00 -0.00 0.00 0.00 -0.00 0.00 0.00 -0.00 0.00 0.00 -0.00 0.00 0.00 -0.00 0.00 0.00 -0.00 0.00 0.00 -0.00 0.00 0.00 -0.00 0.00 0.00 -0.00 0.00 0.00 -0.00 0.00 0.00 -0.00 0.00 0.00 -0.00 0.00 0.00 -0.00 0.00 0.00 -0.00 0.00 0.00 -0.00 0.00 0.00 -0.00 0.00 69.06 -37.95 134.56 -0.00 23.42 -0.00 -6.28 10.14 20.11 -1.35 12.81 32.73 0.00 0.00 -0.00 2.00 -0.02 0.61 -0.05 -0.29 8.55 -0.04 -0.15 4.31 0.00 0.00 -0.00 0.00 -0.00 1.62 -0.00 0.00 16.38 0.00 0.00 8.49 0.00 0.00 -0.00 -2.00 0.08 2.24 0.26 0.63 19.88 0.20 0.31 10.44 0.00 0.00 -0.00 -4.00 0.02 0.25 0.02 0.30 4.33 0.02 0.15 2.15 0.00 -0.00 0.00 0.00 -0.00 0.00 0.00 -0.00 0.00 0.00 -0.00 0.00 0.00 -0.00 0.00 0.00 -0.00 0.00 0.00 -0.00 0.00 0.00 -0.00 0.00 0.00 -0.00 0.00 0.00 -0.00 0.00 0.00 -0.00 0.00 0.00 -0.00 0.00 0.00 -0.00 0.00 0.00 -0.00 0.00 0.00 -0.00 0.00 0.00 -0.00 0.00 0.00 -0.00 0.00 0.00 -0.00 0.00 0.00 -0.00 0.00 0.00 -0.00 0.00 0.00 -0.00 0.00 0.00 -0.00 0.00 0.00 -0.00 0.00
-0.0000 0.0224 0.0000 0.00 -0.00 0.00 0.00 -0.00 0.00 0.00 -0.00 0.00 0.00 -0.00 0.00 0.00 -0.00 0.00 0.00 -0.00 0.00 0.00 -0.00 0.00 0.00 -0.00 0.00 0.00 -0.00 0.00 0.00 -0.00 0.00 0.00 -0.00 0.00 0.00 -0.00 0.00 0.00 -0.00 0.00 0.00 -0.00 0.00 0.00 -0.00 0.00 0.00 -0.00 0.00 0.00 -0.00 0.00 0.00 -0.00 0.00 69.06 -37.95 134.56 -0.00 23.42 -0.00 -6.28 10.14 20.11 -1.35 12.81 32.73 0.00 0.00 -0.00 2.00 -0.02 0.61 -0.05 -0.29 8.55 -0.04 -0.15 4.31 0.00 0.00 -0.00 0.00 -0.00 1.62 -0.00 0.00 16.38 0.00 0.00 8.49 0.00 0.00 -0.00 -2.00 0.08 2.24 0.26 0.63 19.88 0.20 0.31 10.44 0.00 0.00 -0.00 -4.00 0.02 0.25 0.02 0.30 4.33 0.02 0.15 2.15 0.00 -0.00 0.00 0.00 -0.00 0.00 0.00 -0.00 0.00 0.00 -0.00 0.00 0.00 -0.00 0.00 0.00 -0.00 0.00 0.00 -0.00 0.00 0.00 -0.00 0.00 0.00 -0.00 0.00 0.00 -0.00 0.00 0.00 -0.00 0.00 0.00 -0.00 0.00 0.00 -0.00 0.00 0.00 -0.00 0.00 0.00 -0.00 0.00 0.00 -0.00 0.00 0.00 -0.00 0.00 0.00 -0.00 0.00 0.00 -0.00 0.00 0.00 -0.00 0.00 0.00 -0.00 0.00 0.00 -0.00 0.00 0.00 -0.00 0.00
-0.0000 0.0220 0.0000 0.00 -0.00 0.00 0.00 -0.00 0.00 0.00 -0.00 0.00 0.00 -0.00 0.00 0.00 -0.00 0.00 0.00 -0.00 0.00 0.00 -0.00 0.00 0.00 -0.00 0.00 0.00 -0.00 0.00 0.00 -0.00 0.00 0.00 -0.00 0.00 0.00 -0.00 0.00 0.00 -0.00 0.00 0.00 -0.00 0.00 0.00 -0.00 0.00 0.00 -0.00 0.00 0.00 -0.00 0.00 0.00 -0.00 0.00 69.06 -37.95 134.56 -0.00 23.42 -0.00 -6.28 10.14 20.11 -1.35 12.81 32.73 0.00 0.00 -0.00 2.00 -0.02 0.61 -0.05 -0.29 8.55 -0.04 -0.15 4.31 0.00 0.00 -0.00 0.00 -0.00 1.62 -0.00 0.00 16.38 0.00 0.00 8.49 0.00 0.00 -0.00 -2.00 0.08 2.24 0.26 0.63 19.88 0.20 0.31 10.44 0.00 0.00 -0.00 -4.00 0.02 0.25 0.02 0.30 4.33 0.02 0.15 2.15 0.00 -0.00 0.00 0.00 -0.00 0.00 0.00 -0.00 0.00 0.00 -0.00 0.00 0.00 -0.00 0.00 0.00 -0.00 0.00 0.00 -0.00 0.00 0.00 -0.00 0.00 0.00 -0.00 0.00 0.00 -0.00 0.00 0.00 -0.00 0.00 0.00 -0.00 0.00 0.00 -0.00 0.00 0.00 -0.00 0.00 0.00 -0.00 0.00 0.00 -0.00 0.00 0.00 -0.00 0.00 0.00 -0.00 0.00 0.00 -0.00 0.00 0.00 -0.00 0.00 0.00 -0.00 0.00 0.00 -0.00 0.00 0.00 -0.00 0.00
-0.0000 0.0225 0.0000 0.00 -0.00 0.00 0.00 -0.00 0.00 0.00 -0.00 0.00 0.00 -0.00 0.00 0.00 -0.00 0.00 0.00 -0.00 0.00 0.00 -0.00 0.00 0.00 -0.00 0.00 0.00 -0.00 0.00 0.00 -0.00 0.00 0.00 -0.00 0.00 0.00 -0.00 0.00 0.00 -0.00 0.00 0.00 -0.00 0.00 0.00 -0.00 0.00 0.00 -0.00 0.00 0.00 -0.00 0.00 0.00 -0.00 0.00 69.06 -37.95 134.56 -0.00 23.42 -0.00 -6.28 10.14 20.11 -1.35 12.81 32.73 0.00 0.00 -0.00 2.00 -0.02 0.61 -0.05 -0.29 8.55 -0.04 -0.15 4.31 0.00 0.00 -0.00 0.00 -0.00 1.62 -0.00 0.00 16.38 0.00 0.00 8.49 0.00 0.00 -0.00 -2.00 0.08 2.24 0.26 0.63 19.88 0.20 0.31 10.44 0.00 0.00 -0.00 -4.00 0.02 0.25 0.02 0.30 4.33 0.02 0.15 2.15 0.00 -0.00 0.00 0.00 -0.00 0.00 0.00 -0.00 0.00 0.00 -0.00 0.00 0.00 -0.00 0.00 0.00 -0.00 0.00 0.00 -0.00 0.00 0.00 -0.00 0.00 0.00 -0.00 0.00 0.00 -0.00 0.00 0.00 -0.00 0.00 0.00 -0.00 0.00 0.00 -0.00 0.00 0.00 -0.00 0.00 0.00 -0.00 0.00 0.00 -0.00 0.00 0.00 -0.00 0.00 0.00 -0.00 0.00 0.00 -0.00 0.00 0.00 -0.00 0.00 0.00 -0.00 0.00 0.00 -0.00 0.00 0.00 -0.00 0.00
-0.0000 0.0225 0.0000 0.00 -0.00 0.00 0.00 -0.00 0.00 0.00 -0.00 0.00 0.00 -0.00 0.00 0.00 -0.00 0.00 0.00 -0.00 0.00 0.00 -0.00 0.00 0.00 -0.00 0.00 0.00 -0.00 0.00 0.00 -0.00 0.00 0.00 -0.00 0.00 0.00 -0.00 0.00 0.00 -0.00 0.00 0.00 -0.00 0.00 0.00 -0.00 0.00 0.00 -0.00 0.00 0.00 -0.00 0.00 0.00 -0.00 0.00 69.06 -37.95 134.56 -0.00 23.42 -0.00 -6.28 10.14 20.11 -1.35 12.81 32.73 0.00 0.00 -0.00 2.00 -0.02 0.61 -0.05 -0.29 8.55 -0.04 -0.15 4.31 0.00 0.00 -0.00 0.00 -0.00 1.62 -0.00 0.00 16.38 0.00 0.00 8.49 0.00 0.00 -0.00 -2.00 0.08 2.24 0.26 0.63 19.88 0.20 0.31 10.44 0.00 0.00 -0.00 -4.00 0.02 0.25 0.02 0.30 4.33 0.02 0.15 2.15 0.00 -0.00 0.00 0.00 -0.00 0.00 0.00 -0.00 0.00 0.00 -0.00 0.00 0.00 -0.00 0.00 0.00 -0.00 0.00 0.00 -0.00 0.00 0.00 -0.00 0.00 0.00 -0.00 0.00 0.00 -0.00 0.00 0.00 -0.00 0.00 0.00 -0.00 0.00 0.00 -0.00 0.00 0.00 -0.00 0.00 0.00 -0.00 0.00 0.00 -0.00 0.00 0.00 -0.00 0.00 0.00 -0.00 0.00 0.00 -0.00 0.00 0.00 -0.00 0.00 0.00 -0.00 0.00 0.00 -0.00 0.00 0.00 -0.00 0.00
-0.0000 0.0225 0.0000 0.00 -0.00 0.00 0.00 -0.00 0.00 0.00 -0.00 0.00 0.00 -0.00 0.00 0.00 -0.00 0.00 0.00 -0.00 0.00 0.00 -0.00 0.00 0.00 -0.00 0.00 0.00 -0.00 0.00 0.00 -0.00 0.00 0.00 -0.00 0.00 0.00 -0.00 0.00 0.00 -0.00 0.00 0.00 -0.00 0.00 0.00 -0.00 0.00 0.00 -0.00 0.00 0.00 -0.00 0.00 0.00 -0.00 0.00 69.06 -37.95 134.56 -0.00 23.42 -0.00 -6.28 10.14 20.11 -1.35 12.81 32.73 0.00 0.00 -0.00 2.00 -0.02 0.61 -0.05 -0.29 8.55 -0.04 -0.15 4.31 0.00 0.00 -0.00 0.00 -0.00 1.62 -0.00 0.00 16.38 0.00 0.00 8.49 0.00 0.00 -0.00 -2.00 0.08 2.24 0.26 0.63 19.88 0.20 0.31 10.44 0.00 0.00 -0.00 -4.00 0.02 0.25 0.02 0.30 4.33 0.02 0.15 2.15 0.00 -0.00 0.00 0.00 -0.00 0.00 0.00 -0.00 0.00 0.00 -0.00 0.00 0.00 -0.00 0.00 0.00 -0.00 0.00 0.00 -0.00 0.00 0.00 -0.00 0.00 0.00 -0.00 0.00 0.00 -0.00 0.00 0.00 -0.00 0.00 0.00 -0.00 0.00 0.00 -0.00 0.00 0.00 -0.00 0.00 0.00 -0.00 0.00 0.00 -0.00 0.00 0.00 -0.00 0.00 0.00 -0.00 0.00 0.00 -0.00 0.00 0.00 -0.00 0.00 0.00 -0.00 0.00 0.00 -0.00 0.00 0.00 -0.00 0.00
-0.0000 0.0220 0.0000 0.00 -0.00 0.00 0.00 -0.00 0.00 0.00 -0.00 0.00 0.00 -0.00 0.00 0.00 -0.00 0.00 0.00 -0.00 0.00 0.00 -0.00 0.00 0.00 -0.00 0.00 0.00 -0.00 0.00 0.00 -0.00 0.00 0.00 -0.00 0.00 0.00 -0.00 0.00 0.00 -0.00 0.00 0.00 -0.00 0.00 0.00 -0.00 0.00 0.00 -0.00 0.00 0.00 -0.00 0.00 0.00 -0.00 0.00 69.06 -37.95 134.56 -0.00 23.42 -0.00 -6.28 10.14 20.11 -1.35 12.81 32.73 0.00 0.00 -0.00 2.00 -0.02 0.61 -0.05 -0.29 8.55 -0.04 -0.15 4.31 0.00 0.00 -0.00 0.00 -0.00 1.62 -0.00 0.00 16.38 0.00 0.00 8.49 0.00 0.00 -0.00 -2.00 0.08 2.24 0.26 0.63 19.88 0.20 0.31 10.44 0.00 0.00 -0.00 -4.00 0.02 0.25 0.02 0.30 4.33 0.02 0.15 2.15 0.00 -0.00 0.00 0.00 -0.00 0.00 0.00 -0.00 0.00 0.00 -0.00 0.00 0.00 -0.00 0.00 0.00 -0.00 0.00 0.00 -0.00 0.00 0.00 -0.00 0.00 0.00 -0.00 0.00 0.00 -0.00 0.00 0.00 -0.00 0.00 0.00 -0.00 0.00 0.00 -0.00 0.00 0.00 -0.00 0.00 0.00 -0.00 0.00 0.00 -0.00 0.00 0.00 -0.00 0.00 0.00 -0.00 0.00 0.00 -0.00 0.00 0.00 -0.00 0.00 0.00 -0.00 0.00 0.00 -0.00 0.00 0.00 -0.00 0.00
-0.0000 0.0216 0.0000 0.00 -0.00 0.00 0.00 -0.00 0.00 0.00 -0.00 0.00 0.00 -0.00 0.00 0.00 -0.00 0.00 0.00 -0.00 0.00 0.00 -0.00 0.00 0.00 -0.00 0.00 0.00 -0.00 0.00 0.00 -0.00 0.00 0.00 -0.00 0.00 0.00 -0.00 0.00 0.00 -0.00 0.00 0.00 -0.00 0.00 0.00 -0.00 0.00 0.00 -0.00 0.00 0.00 -0.00 0.00 0.00 -0.00 0.00 69.06 -37.95 134.56 -0.00 23.42 -0.00 -6.28 10.14 20.11 -1.35 12.81 32.73 0.00 0.00 -0.00 2.00 -0.02 0.61 -0.05 -0.29 8.55 -0.04 -0.15 4.31 0.00 0.00 -0.00 -0.00 0.00 1.62 -0.00 -0.00 16.38 -0.00 0.00 8.49 0.00 0.00 -0.00 -2.00 0.08 2.24 0.26 0.63 19.88 0.20 0.31 10.44 0.00 0.00 -0.00 -4.00 0.02 0.25 0.02 0.30 4.33 0.02 0.15 2.16 0.00 -0.00 0.00 0.00 -0.00 0.00 0.00 -0.00 0.00 0.00 -0.00 0.00 0.00 -0.00 0.00 0.00 -0.00 0.00 0.00 -0.00 0.00 0.00 -0.00 0.00 0.00 -0.00 0.00 0.00 -0.00 0.00 0.00 -0.00 0.00 0.00 -0.00 0.00 0.00 -0.00 0.00 0.00 -0.00 0.00 0.00 -0.00 0.00 0.00 -0.00 0.00 0.00 -0.00 0.00 0.00 -0.00 0.00 0.00 -0.00 0.00 0.00 -0.00 0.00 0.00 -0.00 0.00 0.00 -0.00 0.00 0.00 -0.00 0.00
-0.0000 0.0225 0.0000 0.00 -0.00 0.00 0.00 -0.00 0.00 0.00 -0.00 0.00 0.00 -0.00 0.00 0.00 -0.00 0.00 0.00 -0.00 0.00 0.00 -0.00 0.00 0.00 -0.00 0.00 0.00 -0.00 0.00 0.00 -0.00 0.00 0.00 -0.00 0.00 0.00 -0.00 0.00 0.00 -0.00 0.00 0.00 -0.00 0.00 0.00 -0.00 0.00 0.00 -0.00 0.00 0.00 -0.00 0.00 0.00 -0.00 0.00 69.06 -37.95 134.56 -0.00 23.42 -0.00 -6.28 10.14 20.11 -1.35 12.81 32.73 0.00 0.00 -0.00 2.00 -0.02 0.61 -0.05 -0.29 8.55 -0.04 -0.15 4.31 0.00 0.00 -0.00 0.00 -0.00 1.62 -0.00 0.00 16.38 -0.00 -0.00 8.49 0.00 0.00 -0.00 -2.00 0.08 2.24 0.26 0.63 19.88 0.20 0.31 10.44 0.00 0.00 -0.00 -4.00 0.02 0.25 0.02 0.30 4.34 0.02 0.15 2.16 0.00 -0.00 0.00 0.00 -0.00 0.00 0.00 -0.00 0.00 0.00 -0.00 0.00 0.00 -0.00 0.00 0.00 -0.00 0.00 0.00 -0.00 0.00 0.00 -0.00 0.00 0.00 -0.00 0.00 0.00 -0.00 0.00 0.00 -0.00 0.00 0.00 -0.00 0.00 0.00 -0.00 0.00 0.00 -0.00 0.00 0.00 -0.00 0.00 0.00 -0.00 0.00 0.00 -0.00 0.00 0.00 -0.00 0.00 0.00 -0.00 0.00 0.00 -0.00 0.00 0.00 -0.00 0.00 0.00 -0.00 0.00 0.00 -0.00 0.00
-0.0000 0.0223 0.0000 0.00 -0.00 0.00 0.00 -0.00 0.00 0.00 -0.00 0.00 0.00 -0.00 0.00 0.00 -0.00 0.00 0.00 -0.00 0.00 0.00 -0.00 0.00 0.00 -0.00 0.00 0.00 -0.00 0.00 0.00 -0.00 0.00 0.00 -0.00 0.00 0.00 -0.00 0.00 0.00 -0.00 0.00 0.00 -0.00 0.00 0.00 -0.00 0.00 0.00 -0.00 0.00 0.00 -0.00 0.00 0.00 -0.00 0.00 69.06 -37.95 134.56 -0.00 23.42 -0.00 -6.28 10.14 20.11 -1.35 12.81 32.73 0.00 0.00 -0.00 2.00 -0.02 0.61 -0.05 -0.29 8.55 -0.04 -0.15 4.31 0.00 0.00 -0.00 -0.00 -0.00 1.62 0.00 0.00 16.38 0.00 -0.00 8.49 0.00 0.00 -0.00 -2.00 0.08 2.24 0.26 0.63 19.88 0.20 0.31 10.44 0.00 0.00 -0.00 -4.00 0.02 0.25 0.02 0.30 4.34 0.02 0.15 2.16 0.00 -0.00 0.00 0.00 -0.00 0.00 0.00 -0.00 0.00 0.00 -0.00 0.00 0.00 -0.00 0.00 0.00 -0.00 0.00 0.00 -0.00 0.00 0.00 -0.00 0.00 0.00 -0.00 0.00 0.00 -0.00 0.00 0.00 -0.00 0.00 0.00 -0.00 0.00 0.00 -0.00 0.00 0.00 -0.00 0.00 0.00 -0.00 0.00 0.00 -0.00 0.00 0.00 -0.00 0.00 0.00 -0.00 0.00 0.00 -0.00 0.00 0.00 -0.00 0.00 0.00 -0.00 0.00 0.00 -0.00 0.00 0.00 -0.00 0.00
-0.0000 0.0218 0.0000 0.00 -0.00 0.00 0.00 -0.00 0.00 0.00 -0.00 0.00 0.00 -0.00 0.00 0.00 -0.00 0.00 0.00 -0.00 0.00 0.00 -0.00 0.00 0.00 -0.00 0.00 0.00 -0.00 0.00 0.00 -0.00 0.00 0.00 -0.00 0.00 0.00 -0.00 0.00 0.00 -0.00 0.00 0.00 -0.00 0.00 0.00 -0.00 0.00 0.00 -0.00 0.00 0.00 -0.00 0.00 0.00 -0.00 0.00 69.06 -37.95 134.56 -0.00 23.42 -0.00 -6.28 10.14 20.11 -1.35 12.81 32.73 0.00 0.00 -0.00 2.00 -0.02 0.61 -0.05 -0.29 8.55 -0.04 -0.15 4.31 0.00 0.00 -0.00 -0.00 -0.00 1.62 -0.00 0.00 16.38 -0.00 -0.00 8.49 0.00 0.00 -0.00 -2.00 0.08 2.24 0.26 0.63 19.88 0.20 0.31 10.44 0.00 0.00 -0.00 -4.00 0.02 0.25 0.02 0.30 4.34 0.02 0.15 2.16 0.00 -0.00 0.00 0.00 -0.00 0.00 0.00 -0.00 0.00 0.00 -0.00 0.00 0.00 -0.00 0.00 0.00 -0.00 0.00 0.00 -0.00 0.00 0.00 -0.00 0.00 0.00 -0.00 0.00 0.00 -0.00 0.00 0.00 -0.00 0.00 0.00 -0.00 0.00 0.00 -0.00 0.00 0.00 -0.00 0.00 0.00 -0.00 0.00 0.00 -0.00 0.00 0.00 -0.00 0.00 0.00 -0.00 0.00 0.00 -0.00 0.00 0.00 -0.00 0.00 0.00 -0.00 0.00 0.00 -0.00 0.00 0.00 -0.00 0.00
-0.0000 0.0221 0.0000 0.00 -0.00 0.00 0.00 -0.00 0.00 0.00 -0.00 0.00 0.00 -0.00 0.00 0.00 -0.00 0.00 0.00 -0.00 0.00 0.00 -0.00 0.00 0.00 -0.00 0.00 0.00 -0.00 0.00 0.00 -0.00 0.00 0.00 -0.00 0.00 0.00 -0.00 0.00 0.00 -0.00 0.00 0.00 -0.00 0.00 0.00 -0.00 0.00 0.00 -0.00 0.00 0.00 -0.00 0.00 0.00 -0.00 0.00 69.06 -37.95 134.56 -0.00 23.42 -0.00 -6.28 10.14 20.11 -1.35 12.81 32.73 0.00 0.00 -0.00 2.00 -0.02 0.61 -0.05 -0.29 8.55 -0.04 -0.15 4.31 0.00 0.00 -0.00 0.00 -0.00 1.62 -0.00 0.00 16.38 -0.00 0.00 8.49 0.00 0.00 -0.00 -2.00 0.08 2.24 0.26 0.63 19.88 0.20 0.31 10.44 0.00 0.00 -0.00 -4.00 0.02 0.25 0.02 0.30 4.34 0.02 0.15 2.16 0.00 -0.00 0.00 0.00 -0.00 0.00 0.00 -0.00 0.00 0.00 -0.00 0.00 0.00 -0.00 0.00 0.00 -0.00 0.00 0.00 -0.00 0.00 0.00 -0.00 0.00 0.00 -0.00 0.00 0.00 -0.00 0.00 0.00 -0.00 0.00 0.00 -0.00 0.00 0.00 -0.00 0.00 0.00 -0.00 0.00 0.00 -0.00 0.00 0.00 -0.00 0.00 0.00 -0.00 0.00 0.00 -0.00 0.00 0.00 -0.00 0.00 0.00 -0.00 0.00 0.00 -0.00 0.00 0.00 -0.00 0.00 0.00 -0.00 0.00
-0.0000 0.0216 0.0000 0.00 -0.00 0.00 0.00 -0.00 0.00 0.00 -0.00 0.00 0.00 -0.00 0.00 0.00 -0.00 0.00 0.00 -0.00 0.00 0.00 -0.00 0.00 0.00 -0.00 0.00 0.00 -0.00 0.00 0.00 -0.00 0.00 0.00 -0.00 0.00 0.00 -0.00 0.00 0.00 -0.00 0.00 0.00 -0.00 0.00 0.00 -0.00 0.00 0.00 -0.00 0.00 0.00 -0.00 0.00 0.00 -0.00 0.00 69.06 -37.95 134.56 -0.00 23.42 -0.00 -6.28 10.14 20.11 -1.35 12.81 32.73 0.00 0.00 -0.00 2.00 -0.02 0.61 -0.05 -0.29 8.55 -0.04 -0.15 4.31 0.00 0.00 -0.00 -0.00 -0.00 1.62 0.00 -0.00 16.38 -0.00 0.00 8.49 0.00 0.00 -0.00 -2.00 0.08 2.24 0.26 0.63 19.88 0.20 0.31 10.45 0.00 0.00 -0.00 -4.00 0.02 0.25 0.02 0.30 4.34 0.02 0.15 2.16 0.00 -0.00 0.00 0.00 -0.00 0.00 0.00 -0.00 0.00 0.00 -0.00 0.00 0.00 -0.00 0.00 0.00 -0.00 0.00 0.00 -0.00 0.00 0.00 -0.00 0.00 0.00 -0.00 0.00 0.00 -0.00 0.00 0.00 -0.00 0.00 0.00 -0.00 0.00 0.00 -0.00 0.00 0.00 -0.00 0.00 0.00 -0.00 0.00 0.00 -0.00 0.00 0.00 -0.00 0.00 0.00 -0.00 0.00 0.00 -0.00 0.00 0.00 -0.00 0.00 0.00 -0.00 0.00 0.00 -0.00 0.00 0.00 -0.00 0.00
-0.0000 0.0226 0.0000 0.00 -0.00 0.00 0.00 -0.00 0.00 0.00 -0.00 0.00 0.00 -0.00 0.00 0.00 -0.00 0.00 0.00 -0.00 0.00 0.00 -0.00 0.00 0.00 -0.00 0.00 0.00 -0.00 0.00 0.00 -0.00 0.00 0.00 -0.00 0.00 0.00 -0.00 0.00 0.00 -0.00 0.00 0.00 -0.00 0.00 0.00 -0.00 0.00 0.00 -0.00 0.00 0.00 -0.00 0.00 0.00 -0.00 0.00 69.06 -37.95 134.56 -0.00 23.42 -0.00 -6.28 10.14 20.11 -1.35 12.81 32.73 0.00 0.00 -0.00 2.00 -0.02 0.61 -0.05 -0.29 8.55 -0.04 -0.15 4.31 0.00 0.00 -0.00 -0.00 -0.00 1.62 -0.00 -0.00 16.38 -0.00 0.00 8.49 0.00 0.00 -0.00 -2.00 0.08 2.24 0.26 0.63 19.88 0.20 0.31 10.45 0.00 0.00 -0.00 -4.00 0.02 0.25 0.02 0.30 4.34 0.02 0.15 2.16 0.00 -0.00 0.00 0.00 -0.00 0.00 0.00 -0.00 0.00 0.00 -0.00 0.00 0.00 -0.00 0.00 0.00 -0.00 0.00 0.00 -0.00 0.00 0.00 -0.00 0.00 0.00 -0.00 0.00 0.00 -0.00 0.00 0.00 -0.00 0.00 0.00 -0.00 0.00 0.00 -0.00 0.00 0.00 -0.00 0.00 0.00 -0.00 0.00 0.00 -0.00 0.00 0.00 -0.00 0.00 0.00 -0.00 0.00 0.00 -0.00 0.00 0.00 -0.00 0.00 0.00 -0.00 0.00 0.00 -0.00 0.00 0.00 -0.00 0.00
-0.0000 0.0230 0.0000 0.00 -0.00 0.00 0.00 -0.00 0.00 0.00 -0.00 0.00 0.00 -0.00 0.00 0.00 -0.00 0.00 0.00 -0.00 0.00 0.00 -0.00 0.00 0.00 -0.00 0.00 0.00 -0.00 0.00 0.00 -0.00 0.00 0.00 -0.00 0.00 0.00 -0.00 0.00 0.00 -0.00 0.00 0.00 -0.00 0.00 0.00 -0.00 0.00 0.00 -0.00 0.00 0.00 -0.00 0.00 0.00 -0.00 0.00 69.06 -37.95 134.56 -0.00 23.42 -0.00 -6.28 10.14 20.11 -1.35 12.81 32.73 0.00 0.00 -0.00 2.00 -0.02 0.61 -0.05 -0.29 8.55 -0.04 -0.15 4.31 0.00 0.00 -0.00 -0.00 -0.00 1.62 0.00 -0.00 16.38 -0.00 0.00 8.49 0.00 0.00 -0.00 -2.00 0.08 2.24 0.26 0.63 19.89 0.20 0.31 10.45 0.00 0.00 -0.00 -4.00 0.02 0.25 0.02 0.30 4.34 0.02 0.15 2.16 0.00 -0.00 0.00 0.00 -0.00 0.00 0.00 -0.00 0.00 0.00 -0.00 0.00 0.00 -0.00 0.00 0.00 -0.00 0.00 0.00 -0.00 0.00 0.00 -0.00 0.00 0.00 -0.00 0.00 0.00 -0.00 0.00 0.00 -0.00 0.00 0.00 -0.00 0.00 0.00 -0.00 0.00 0.00 -0.00 0.00 0.00 -0.00 0.00 0.00 -0.00 0.00 0.00 -0.00 0.00 0.00 -0.00 0.00 0.00 -0.00 0.00 0.00 -0.00 0.00 0.00 -0.00 0.00 0.00 -0.00 0.00 0.00 -0.00 0.00
-0.0000 0.0224 0.0000 0.00 -0.00 0.00 0.00 -0.00 0.00 0.00 -0.00 0.00 0.00 -0.00 0.00 0.00 -0.00 0.00 0.00 -0.00 0.00 0.00 -0.00 0.00 0.00 -0.00 0.00 0.00 -0.00 0.00 0.00 -0.00 0.00 0.00 -0.00 0.00 0.00 -0.00 0.00 0.00 -0.00 0.00 0.00 -0.00 0.00 0.00 -0.00 0.00 0.00 -0.00 0.00 0.00 -0.00 0.00 0.00 -0.00 0.00 69.06 -37.95 134.56 -0.00 23.42 -0.00 -6.28 10.14 20.11 -1.35 12.81 32.73 0.00 0.00 -0.00 2.00 -0.02 0.61 -0.05 -0.29 8.55 -0.04 -0.15 4.31 0.00 0.00 -0.00 0.00 0.00 1.62 -0.00 -0.00 16.38 0.00 0.00 8.49 0.00 0.00 -0.00 -2.00 0.08 2.24 0.26 0.63 19.89 0.20 0.31 10.45 0.00 0.00 -0.00 -4.00 0.02 0.25 0.02 0.30 4.34 0.02 0.15 2.16 0.00 -0.00 0.00 0.00 -0.00 0.00 0.00 -0.00 0.00 0.00 -0.00 0.00 0.00 -0.00 0.00 0.00 -0.00 0.00 0.00 -0.00 0.00 0.00 -0.00 0.00 0.00 -0.00 0.00 0.00 -0.00 0.00 0.00 -0.00 0.00 0.00 -0.00 0.00 0.00 -0.00 0.00 0.00 -0.00 0.00 0.00 -0.00 0.00 0.00 -0.00 0.00 0.00 -0.00 0.00 0.00 -0.00 0.00 0.00 -0.00 0.00 0.00 -0.00 0.00 0.00 -0.00 0.00 0.00 -0.00 0.00 0.00 -0.00 0.00
-0.0000 0.0217 0.0000 0.00 -0.00 0.00 0.00 -0.00 0.00 0.00 -0.00 0.00 0.00 -0.00 0.00 0.00 -0.00 0.00 0.00 -0.00 0.00 0.00 -0.00 0.00 0.00 -0.00 0.00 0.00 -0.00 0.00 0.00 -0.00 0.00 0.00 -0.00 0.00 0.00 -0.00 0.00 0.00 -0.00 0.00 0.00 -0.00 0.00 0.00 -0.00 0.00 0.00 -0.00 0.00 0.00 -0.00 0.00 0.00 -0.00 0.00 69.06 -37.95 134.56 -0.00 23.42 -0.00 -6.28 10.14 20.11 -1.35 12.81 32.73 0.00 0.00 -0.00 2.00 -0.02 0.61 -0.05 -0.29 8.55 -0.04 -0.15 4.31 0.00 0.00 -0.00 0.00 0.00 1.62 -0.00 0.00 16.38 -0.00 0.00 8.49 0.00 0.00 -0.00 -2.00 0.08 2.24 0.26 0.63 19.89 0.20 0.31 10.45 0.00 0.00 -0.00 -4.00 0.02 0.25 0.02 0.30 4.34 0.02 0.15 2.16 0.00 -0.00 0.00 0.00 -0.00 0.00 0.00 -0.00 0.00 0.00 -0.00 0.00 0.00 -0.00 0.00 0.00 -0.00 0.00 0.00 -0.00 0.00 0.00 -0.00 0.00 0.00 -0.00 0.00 0.00 -0.00 0.00 0.00 -0.00 0.00 0.00 -0.00 0.00 0.00 -0.00 0.00 0.00 -0.00 0.00 0.00 -0.00 0.00 0.00 -0.00 0.00 0.00 -0.00 0.00 0.00 -0.00 0.00 0.00 -0.00 0.00 0.00 -0.00 0.00 0.00 -0.00 0.00 0.00 -0.00 0.00 0.00 -0.00 0.00
-0.0000 0.0220 0.0000 0.00 -0.00 0.00 0.00 -0.00 0.00 0.00 -0.00 0.00 0.00 -0.00 0.00 0.00 -0.00 0.00 0.00 -0.00 0.00 0.00 -0.00 0.00 0.00 -0.00 0.00 0.00 -0.00 0.00 0.00 -0.00 0.00 0.00 -0.00 0.00 0.00 -0.00 0.00 0.00 -0.00 0.00 0.00 -0.00 0.00 0.00 -0.00 0.00 0.00 -0.00 0.00 0.00 -0.00 0.00 0.00 -0.00 0.00 69.06 -37.95 134.56 -0.00 23.42 -0.00 -6.28 10.14 20.11 -1.35 12.81 32.73 0.00 0.00 -0.00 2.00 -0.02 0.61 -0.05 -0.29 8.55 -0.04 -0.15 4.31 0.00 0.00 -0.00 0.00 -0.00 1.62 -0.00 0.00 16.38 -0.00 0.00 8.49 0.00 0.00 -0.00 -2.00 0.08 2.24 0.26 0.63 19.89 0.20 0.31 10.45 0.00 0.00 -0.00 -4.00 0.02 0.25 0.02 0.30 4.34 0.02 0.15 2.16 0.00 -0.00 0.00 0.00 -0.00 0.00 0.00 -0.00 0.00 0.00 -0.00 0.00 0.00 -0.00 0.00 0.00 -0.00 0.00 0.00 -0.00 0.00 0.00 -0.00 0.00 0.00 -0.00 0.00 0.00 -0.00 0.00 0.00 -0.00 0.00 0.00 -0.00 0.00 0.00 -0.00 0.00 0.00 -0.00 0.00 0.00 -0.00 0.00 0.00 -0.00 0.00 0.00 -0.00 0.00 0.00 -0.00 0.00 0.00 -0.00 0.00 0.00 -0.00 0.00 0.00 -0.00 0.00 0.00 -0.00 0.00 0.00 -0.00 0.00
-0.0000 0.0222 0.0000 0.00 -0.00 0.00 0.00 -0.00 0.00 0.00 -0.00 0.00 0.00 -0.00 0.00 0.00 -0.00 0.00 0.00 -0.00 0.00 0.00 -0.00 0.00 0.00 -0.00 0.00 0.00 -0.00 0.00 0.00 -0.00 0.00 0.00 -0.00 0.00 0.00 -0.00 0.00 0.00 -0.00 0.00 0.00 -0.00 0.00 0.00 -0.00 0.00 0.00 -0.00 0.00 0.00 -0.00 0.00 0.00 -0.00 0.00 69.06 -37.95 134.56 -0.00 23.42 -0.00 -6.28 10.14 20.11 -1.35 12.81 32.73 0.00 0.00 -0.00 2.00 -0.02 0.61 -0.05 -0.29 8.55 -0.04 -0.15 4.31 0.00 0.00 -0.00 0.00 -0.00 1.62 -0.00 -0.00 16.38 0.00 -0.00 8.49 0.00 0.00 -0.00 -2.00 0.08 2.24 0.26 0.63 19.89 0.20 0.31 10.45 0.00 0.00 -0.00 -4.00 0.02 0.25 0.02 0.30 4.34 0.02 0.15 2.16 0.00 -0.00 0.00 0.00 -0.00 0.00 0.00 -0.00 0.00 0.00 -0.00 0.00 0.00 -0.00 0.00 0.00 -0.00 0.00 0.00 -0.00 0.00 0.00 -0.00 0.00 0.00 -0.00 0.00 0.00 -0.00 0.00 0.00 -0.00 0.00 0.00 -0.00 0.00 0.00 -0.00 0.00 0.00 -0.00 0.00 0.00 -0.00 0.00 0.00 -0.00 0.00 0.00 -0.00 0.00 0.00 -0.00 0.00 0.00 -0.00 0.00 0.00 -0.00 0.00 0.00 -0.00 0.00 0.00 -0.00 0.00 0.00 -0.00 0.00
-0.0000 0.0225 0.0000 0.00 -0.00 0.00 0.00 -0.00 0.00 0.00 -0.00 0.00 0.00 -0.00 0.00 0.00 -0.00 0.00 0.00 -0.00 0.00 0.00 -0.00 0.00 0.00 -0.00 0.00 0.00 -0.00 0.00 0.00 -0.00 0.00 0.00 -0.00 0.00 0.00 -0.00 0.00 0.00 -0.00 0.00 0.00 -0.00 0.00 0.00 -0.00 0.00 0.00 -0.00 0.00 0.00 -0.00 0.00 0.00 -0.00 0.00 69.06 -37.95 134.56 -0.00 23.42 -0.00 -6.28 10.14 20.11 -1.35 12.81 32.73 0.00 0.00 -0.00 2.00 -0.02 0.61 -0.05 -0.29 8.55 -0.04 -0.15 4.31 0.00 0.00 -0.00 0.00 -0.00 1.62 -0.00 -0.00 16.38 0.00 0.00 8.49 0.00 0.00 -0.00 -2.00 0.08 2.24 0.26 0.63 19.89 0.20 0.31 10.45 0.00 0.00 -0.00 -4.00 0.02 0.25 0.02 0.30 4.34 0.02 0.15 2.16 0.00 -0.00 0.00 0.00 -0.00 0.00 0.00 -0.00 0.00 0.00 -0.00 0.00 0.00 -0.00 0.00 0.00 -0.00 0.00 0.00 -0.00 0.00 0.00 -0.00 0.00 0.00 -0.00 0.00 0.00 -0.00 0.00 0.00 -0.00 0.00 0.00 -0.00 0.00 0.00 -0.00 0.00 0.00 -0.00 0.00 0.00 -0.00 0.00 0.00 -0.00 0.00 0.00 -0.00 0.00 0.00 -0.00 0.00 0.00 -0.00 0.00 0.00 -0.00 0.00 0.00 -0.00 0.00 0.00 -0.00 0.00 0.00 -0.00 0.00
-0.0000 0.0229 0.0000 0.00 -0.00 0.00 0.00 -0.00 0.00 0.00 -0.00 0.00 0.00 -0.00 0.00 0.00 -0.00 0.00 0.00 -0.00 0.00 0.00 -0.00 0.00 0.00 -0.00 0.00 0.00 -0.00 0.00 0.00 -0.00 0.00 0.00 -0.00 0.00 0.00 -0.00 0.00 0.00 -0.00 0.00 0.00 -0.00 0.00 0.00 -0.00 0.00 0.00 -0.00 0.00 0.00 -0.00 0.00 0.00 -0.00 0.00 69.06 -37.95 134.56 -0.00 23.42 -0.00 -6.28 10.14 20.11 -1.35 12.81 32.73 0.00 0.00 -0.00 2.00 -0.02 0.61 -0.05 -0.29 8.55 -0.04 -0.15 4.31 0.00 0.00 -0.00 0.00 -0.00 1.62 -0.00 -0.00 16.38 0.00 0.00 8.49 0.00 0.00 -0.00 -2.00 0.08 2.24 0.26 0.63 19.89 0.20 0.31 10.45 0.00 0.00 -0.00 -4.00 0.02 0.25 0.02 0.30 4.34 0.02 0.15 2.16 0.00 -0.00 0.00 0.00 -0.00 0.00 0.00 -0.00 0.00 0.00 -0.00 0.00 0.00 -0.00 0.00 0.00 -0.00 0.00 0.00 -0.00 0.00 0.00 -0.00 0.00 0.00 -0.00 0.00 0.00 -0.00 0.00 0.00 -0.00 0.00 0.00 -0.00 0.00 0.00 -0.00 0.00 0.00 -0.00 0.00 0.00 -0.00 0.00 0.00 -0.00 0.00 0.00 -0.00 0.00 0.00 -0.00 0.00 0.00 -0.00 0.00 0.00 -0.00 0.00 0.00 -0.00 0.00 0.00 -0.00 0.00 0.00 -0.00 0.00
-0.0000 0.0208 0.0000 0.00 -0.00 0.00 0.00 -0.00 0.00 0.00 -0.00 0.00 0.00 -0.00 0.00 0.00 -0.00 0.00 0.00 -0.00 0.00 0.00 -0.00 0.00 0.00 -0.00 0.00 0.00 -0.00 0.00 0.00 -0.00 0.00 0.00 -0.00 0.00 0.00 -0.00 0.00 0.00 -0.00 0.00 0.00 -0.00 0.00 0.00 -0.00 0.00 0.00 -0.00 0.00 0.00 -0.00 0.00 0.00 -0.00 0.00 69.06 -37.95 134.56 -0.00 23.42 -0.00 -6.28 10.14 20.11 -1.35 12.81 32.73 0.00 0.00 -0.00 2.00 -0.02 0.61 -0.05 -0.29 8.55 -0.04 -0.15 4.31 0.00 0.00 -0.00 0.00 -0.00 1.62 -0.00 -0.00 16.38 0.00 0.00 8.49 0.00 0.00 -0.00 -2.00 0.08 2.24 0.26 0.63 19.89 0.20 0.31 10.45 0.00 0.00 -0.00 -4.00 0.02 0.25 0.02 0.30 4.34 0.02 0.15 2.16 0.00 -0.00 0.00 0.00 -0.00 0.00 0.00 -0.00 0.00 0.00 -0.00 0.00 0.00 -0.00 0.00 0.00 -0.00 0.00 0.00 -0.00 0.00 0.00 -0.00 0.00 0.00 -0.00 0.00 0.00 -0.00 0.00 0.00 -0.00 0.00 0.00 -0.00 0.00 0.00 -0.00 0.00 0.00 -0.00 0.00 0.00 -0.00 0.00 0.00 -0.00 0.00 0.00 -0.00 0.00 0.00 -0.00 0.00 0.00 -0.00 0.00 0.00 -0.00 0.00 0.00 -0.00 0.00 0.00 -0.00 0.00 0.00 -0.00 0.00
-0.0000 0.0219 0.0000 0.00 -0.00 0.00 0.00 -0.00 0.00 0.00 -0.00 0.00 0.00 -0.00 0.00 0.00 -0.00 0.00 0.00 -0.00 0.00 0.00 -0.00 0.00 0.00 -0.00 0.00 0.00 -0.00 0.00 0.00 -0.00 0.00 0.00 -0.00 0.00 0.00 -0.00 0.00 0.00 -0.00 0.00 0.00 -0.00 0.00 0.00 -0.00 0.00 0.00 -0.00 0.00 0.00 -0.00 0.00 0.00 -0.00 0.00 69.06 -37.95 134.56 -0.00 23.42 -0.00 -6.28 10.14 20.11 -1.35 12.81 32.73 0.00 0.00 -0.00 2.00 -0.02 0.61 -0.05 -0.29 8.55 -0.04 -0.15 4.31 0.00 0.00 -0.00 0.00 -0.00 1.62 -0.00 -0.00 16.38 0.00 0.00 8.49 0.00 0.00 -0.00 -2.00 0.08 2.24 0.26 0.63 19.89 0.20 0.31 10.45 0.00 0.00 -0.00 -4.00 0.02 0.25 0.02 0.30 4.34 0.02 0.15 2.16 0.00 -0.00 0.00 0.00 -0.00 0.00 0.00 -0.00 0.00 0.00 -0.00 0.00 0.00 -0.00 0.00 0.00 -0.00 0.00 0.00 -0.00 0.00 0.00 -0.00 0.00 0.00 -0.00 0.00 0.00 -0.00 0.00 0.00 -0.00 0.00 0.00 -0.00 0.00 0.00 -0.00 0.00 0.00 -0.00 0.00 0.00 -0.00 0.00 0.00 -0.00 0.00 0.00 -0.00 0.00 0.00 -0.00 0.00 0.00 -0.00 0.00 0.00 -0.00 0.00 0.00 -0.00 0.00 0.00 -0.00 0.00 0.00 -0.00 0.00
-0.0000 0.0224 0.0000 0.00 -0.00 0.00 0.00 -0.00 0.00 0.00 -0.00 0.00 0.00 -0.00 0.00 0.00 -0.00 0.00 0.00 -0.00 0.00 0.00 -0.00 0.00 0.00 -0.00 0.00 0.00 -0.00 0.00 0.00 -0.00 0.00 0.00 -0.00 0.00 0.00 -0.00 0.00 0.00 -0.00 0.00 0.00 -0.00 0.00 0.00 -0.00 0.00 0.00 -0.00 0.00 0.00 -0.00 0.00 0.00 -0.00 0.00 69.06 -37.95 134.56 -0.00 23.42 -0.00 -6.28 10.14 20.11 -1.35 12.81 32.73 0.00 0.00 -0.00 2.00 -0.02 0.61 -0.05 -0.29 8.55 -0.04 -0.15 4.31 0.00 0.00 -0.00 0.00 -0.00 1.62 -0.00 -0.00 16.38 0.00 0.00 8.49 0.00 0.00 -0.00 -2.00 0.08 2.24 0.26 0.63 19.89 0.20 0.31 10.45 0.00 0.00 -0.00 -4.00 0.02 0.25 0.02 0.30 4.34 0.02 0.15 2.16 0.00 -0.00 0.00 0.00 -0.00 0.00 0.00 -0.00 0.00 0.00 -0.00 0.00 0.00 -0.00 0.00 0.00 -0.00 0.00 0.00 -0.00 0.00 0.00 -0.00 0.00 0.00 -0.00 0.00 0.00 -0.00 0.00 0.00 -0.00 0.00 0.00 -0.00 0.00 0.00 -0.00 0.00 0.00 -0.00 0.00 0.00 -0.00 0.00 0.00 -0.00 0.00 0.00 -0.00 0.00 0.00 -0.00 0.00 0.00 -0.00 0.00 0.00 -0.00 0.00 0.00 -0.00 0.00 0.00 -0.00 0.00 0.00 -0.00 0.00
-0.0000 0.0220 0.0000 0.00 -0.00 0.00 0.00 -0.00 0.00 0.00 -0.00 0.00 0.00 -0.00 0.00 0.00 -0.00 0.00 0.00 -0.00 0.00 0.00 -0.00 0.00 0.00 -0.00 0.00 0.00 -0.00 0.00 0.00 -0.00 0.00 0.00 -0.00 0.00 0.00 -0.00 0.00 0.00 -0.00 0.00 0.00 -0.00 0.00 0.00 -0.00 0.00 0.00 -0.00 0.00 0.00 -0.00 0.00 0.00 -0.00 0.00 69.06 -37.95 134.56 -0.00 23.42 -0.00 -6.28 10.14 20.11 -1.35 12.81 32.73 0.00 0.00 -0.00 2.00 -0.02 0.61 -0.05 -0.29 8.55 -0.04 -0.15 4.31 0.00 0.00 -0.00 0.00 -0.00 1.62 -0.00 -0.00 16.38 0.00 0.00 8.49 0.00 0.00 -0.00 -2.00 0.08 2.24 0.26 0.63 19.89 0.20 0.31 10.45 0.00 0.00 -0.00 -4.00 0.02 0.25 0.02 0.30 4.34 0.02 0.15 2.16 0.00 -0.00 0.00 0.00 -0.00 0.00 0.00 -0.00 0.00 0.00 -0.00 0.00 0.00 -0.00 0.00 0.00 -0.00 0.00 0.00 -0.00 0.00 0.00 -0.00 0.00 0.00 -0.00 0.00 0.00 -0.00 0.00 0.00 -0.00 0.00 0.00 -0.00 0.00 0.00 -0.00 0.00 0.00 -0.00 0.00 0.00 -0.00 0.00 0.00 -0.00 0.00 0.00 -0.00 0.00 0.00 -0.00 0.00 0.00 -0.00 0.00 0.00 -0.00 0.00 0.00 -0.00 0.00 0.00 -0.00 0.00 0.00 -0.00 0.00
-0.0000 0.0222 0.0000 0.00 -0.00 0.00 0.00 -0.00 0.00 0.00 -0.00 0.00 0.00 -0.00 0.00 0.00 -0.00 0.00 0.00 -0.00 0.00 0.00 -0.00 0.00 0.00 -0.00 0.00 0.00 -0.00 0.00 0.00 -0.00 0.00 0.00 -0.00 0.00 0.00 -0.00 0.00 0.00 -0.00 0.00 0.00 -0.00 0.00 0.00 -0.00 0.00 0.00 -0.00 0.00 0.00 -0.00 0.00 0.00 -0.00 0.00 69.06 -37.95 134.56 -0.00 23.42 -0.00 -6.28 10.14 20.11 -1.35 12.81 32.73 0.00 0.00 -0.00 2.00 -0.02 0.61 -0.05 -0.29 8.55 -0.04 -0.15 4.31 0.00 0.00 -0.00 0.00 -0.00 1.62 -0.00 -0.00 16.38 0.00 0.00 8.49 0.00 0.00 -0.00 -2.00 0.08 2.24 0.26 0.63 19.89 0.20 0.31 10.45 0.00 0.00 -0.00 -4.00 0.02 0.25 0.02 0.30 4.34 0.02 0.15 2.16 0.00 -0.00 0.00 0.00 -0.00 0.00 0.00 -0.00 0.00 0.00 -0.00 0.00 0.00 -0.00 0.00 0.00 -0.00 0.00 0.00 -0.00 0.00 0.00 -0.00 0.00 0.00 -0.00 0.00 0.00 -0.00 0.00 0.00 -0.00 0.00 0.00 -0.00 0.00 0.00 -0.00 0.00 0.00 -0.00 0.00 0.00 -0.00 0.00 0.00 -0.00 0.00 0.00 -0.00 0.00 0.00 -0.00 0.00 0.00 -0.00 0.00 0.00 -0.00 0.00 0.00 -0.00 0.00 0.00 -0.00 0.00 0.00 -0.00 0.00
-0.0000 0.0219 0.0000 0.00 -0.00 0.00 0.00 -0.00 0.00 0.00 -0.00 0.00 0.00 -0.00 0.00 0.00 -0.00 0.00 0.00 -0.00 0.00 0.00 -0.00 0.00 0.00 -0.00 0.00 0.00 -0.00 0.00 0.00 -0.00 0.00 0.00 -0.00 0.00 0.00 -0.00 0.00 0.00 -0.00 0.00 0.00 -0.00 0.00 0.00 -0.00 0.00 0.00 -0.00 0.00 0.00 -0.00 0.00 0.00 -0.00 0.00 69.06 -37.95 134.56 -0.00 23.42 -0.00 -6.28 10.14 20.11 -1.35 12.81 32.73 0.00 0.00 -0.00 2.00 -0.02 0.61 -0.05 -0.29 8.55 -0.04 -0.15 4.31 0.00 0.00 -0.00 0.00 -0.00 1.62 -0.00 -0.00 16.38 0.00 0.00 8.49 0.00 0.00 -0.00 -2.00 0.08 2.24 0.26 0.63 19.89 0.20 0.31 10.45 0.00 0.00 -0.00 -4.00 0.02 0.25 0.02 0.30 4.34 0.02 0.15 2.16 0.00 -0.00 0.00 0.00 -0.00 0.00 0.00 -0.00 0.00 0.00 -0.00 0.00 0.00 -0.00 0.00 0.00 -0.00 0.00 0.00 -0.00 0.00 0.00 -0.00 0.00 0.00 -0.00 0.00 0.00 -0.00 0.00 0.00 -0.00 0.00 0.00 -0.00 0.00 0.00 -0.00 0.00 0.00 -0.00 0.00 0.00 -0.00 0.00 0.00 -0.00 0.00 0.00 -0.00 0.00 0.00 -0.00 0.00 0.00 -0.00 0.00 0.00 -0.00 0.00 0.00 -0.00 0.00 0.00 -0.00 0.00 0.00 -0.00 0.00
-0.0000 0.0223 0.0000 0.00 -0.00 0.00 0.00 -0.00 0.00 0.00 -0.00 0.00 0.00 -0.00 0.00 0.00 -0.00 0.00 0.00 -0.00 0.00 0.00 -0.00 0.00 0.00 -0.00 0.00 0.00 -0.00 0.00 0.00 -0.00 0.00 0.00 -0.00 0.00 0.00 -0.00 0.00 0.00 -0.00 0.00 0.00 -0.00 0.00 0.00 -0.00 0.00 0.00 -0.00 0.00 0.00 -0.00 0.00 0.00 -0.00 0.00 69.06 -37.95 134.56 -0.00 23.42 -0.00 -6.28 10.14 20.11 -1.35 12.81 32.73 0.00 0.00 -0.00 2.00 -0.02 0.61 -0.05 -0.29 8.55 -0.04 -0.15 4.31 0.00 0.00 -0.00 0.00 -0.00 1.62 -0.00 -0.00 16.38 0.00 0.00 8.49 0.00 0.00 -0.00 -2.00 0.08 2.24 0.26 0.63 19.89 0.20 0.31 10.45 0.00 0.00 -0.00 -4.00 0.02 0.25 0.02 0.30 4.34 0.02 0.15 2.16 0.00 -0.00 0.00 0.00 -0.00 0.00 0.00 -0.00 0.00 0.00 -0.00 0.00 0.00 -0.00 0.00 0.00 -0.00 0.00 0.00 -0.00 0.00 0.00 -0.00 0.00 0.00 -0.00 0.00 0.00 -0.00 0.00 0.00 -0.00 0.00 0.00 -0.00 0.00 0.00 -0.00 0.00 0.00 -0.00 0.00 0.00 -0.00 0.00 0.00 -0.00 0.00 0.00 -0.00 0.00 0.00 -0.00 0.00 0.00 -0.00 0.00 0.00 -0.00 0.00 0.00 -0.00 0.00 0.00 -0.00 0.00 0.00 -0.00 0.00
-0.0000 0.0225 0.0000 0.00 -0.00 0.00 0.00 -0.00 0.00 0.00 -0.00 0.00 0.00 -0.00 0.00 0.00 -0.00 0.00 0.00 -0.00 0.00 0.00 -0.00 0.00 0.00 -0.00 0.00 0.00 -0.00 0.00 0.00 -0.00 0.00 0.00 -0.00 0.00 0.00 -0.00 0.00 0.00 -0.00 0.00 0.00 -0.00 0.00 0.00 -0.00 0.00 0.00 -0.00 0.00 0.00 -0.00 0.00 0.00 -0.00 0.00 69.06 -37.95 134.56 -0.00 23.42 -0.00 -6.28 10.14 20.11 -1.35 12.81 32.73 0.00 0.00 -0.00 2.00 -0.02 0.61 -0.05 -0.29 8.55 -0.04 -0.15 4.31 0.00 0.00 -0.00 0.00 -0.00 1.62 -0.00 -0.00 16.38 0.00 0.00 8.49 0.00 0.00 -0.00 -2.00 0.08 2.24 0.26 0.63 19.89 0.20 0.31 10.45 0.00 0.00 -0.00 -4.00 0.02 0.25 0.02 0.30 4.34 0.02 0.15 2.16 0.00 -0.00 0.00 0.00 -0.00 0.00 0.00 -0.00 0.00 0.00 -0.00 0.00 0.00 -0.00 0.00 0.00 -0.00 0.00 0.00 -0.00 0.00 0.00 -0.00 0.00 0.00 -0.00 0.00 0.00 -0.00 0.00 0.00 -0.00 0.00 0.00 -0.00 0.00 0.00 -0.00 0.00 0.00 -0.00 0.00 0.00 -0.00 0.00 0.00 -0.00 0.00 0.00 -0.00 0.00 0.00 -0.00 0.00 0.00 -0.00 0.00 0.00 -0.00 0.00 0.00 -0.00 0.00 0.00 -0.00 0.00 0.00 -0.00 0.00
-0.0000 0.0228 0.0000 0.00 -0.00 0.00 0.00 -0.00 0.00 0.00 -0.00 0.00 0.00 -0.00 0.00 0.00 -0.00 0.00 0.00 -0.00 0.00 0.00 -0.00 0.00 0.00 -0.00 0.00 0.00 -0.00 0.00 0.00 -0.00 0.00 0.00 -0.00 0.00 0.00 -0.00 0.00 0.00 -0.00 0.00 0.00 -0.00 0.00 0.00 -0.00 0.00 0.00 -0.00 0.00 0.00 -0.00 0.00 0.00 -0.00 0.00 69.06 -37.95 134.56 -0.00 23.42 -0.00 -6.28 10.14 20.11 -1.35 12.81 32.73 0.00 0.00 -0.00 2.00 -0.02 0.61 -0.05 -0.29 8.55 -0.04 -0.15 4.31 0.00 0.00 -0.00 0.00 -0.00 1.62 -0.00 -0.00 16.38 0.00 0.00 8.49 0.00 0.00 -0.00 -2.00 0.08 2.24 0.26 0.63 19.89 0.20 0.31 10.45 0.00 0.00 -0.00 -4.00 0.02 0.25 0.02 0.30 4.34 0.02 0.15 2.16 0.00 -0.00 0.00 0.00 -0.00 0.00 0.00 -0.00 0.00 0.00 -0.00 0.00 0.00 -0.00 0.00 0.00 -0.00 0.00 0.00 -0.00 0.00 0.00 -0.00 0.00 0.00 -0.00 0.00 0.00 -0.00 0.00 0.00 -0.00 0.00 0.00 -0.00 0.00 0.00 -0.00 0.00 0.00 -0.00 0.00 0.00 -0.00 0.00 0.00 -0.00 0.00 0.00 -0.00 0.00 0.00 -0.00 0.00 0.00 -0.00 0.00 0.00 -0.00 0.00 0.00 -0.00 0.00 0.00 -0.00 0.00 0.00 -0.00 0.00
-0.0000 0.0221 0.0000 0.00 -0.00 0.00 0.00 -0.00 0.00 0.00 -0.00 0.00 0.00 -0.00 0.00 0.00 -0.00 0.00 0.00 -0.00 0.00 0.00 -0.00 0.00 0.00 -0.00 0.00 0.00 -0.00 0.00 0.00 -0.00 0.00 0.00 -0.00 0.00 0.00 -0.00 0.00 0.00 -0.00 0.00 0.00 -0.00 0.00 0.00 -0.00 0.00 0.00 -0.00 0.00 0.00 -0.00 0.00 0.00 -0.00 0.00 69.06 -37.95 134.56 -0.00 23.42 -0.00 -6.28 10.14 20.11 -1.35 12.81 32.73 0.00 0.00 -0.00 2.00 -0.02 0.61 -0.05 -0.29 8.55 -0.04 -0.15 4.31 0.00 0.00 -0.00 0.00 -0.00 1.62 -0.00 -0.00 16.38 0.00 0.00 8.49 0.00 0.00 -0.00 -2.00 0.08 2.24 0.26 0.63 19.89 0.20 0.31 10.45 0.00 0.00 -0.00 -4.00 0.02 0.25 0.02 0.30 4.34 0.02 0.15 2.16 0.00 -0.00 0.00 0.00 -0.00 0.00 0.00 -0.00 0.00 0.00 -0.00 0.00 0.00 -0.00 0.00 0.00 -0.00 0.00 0.00 -0.00 0.00 0.00 -0.00 0.00 0.00 -0.00 0.00 0.00 -0.00 0.00 0.00 -0.00 0.00 0.00 -0.00 0.00 0.00 -0.00 0.00 0.00 -0.00 0.00 0.00 -0.00 0.00 0.00 -0.00 0.00 0.00 -0.00 0.00 0.00 -0.00 0.00 0.00 -0.00 0.00 0.00 -0.00 0.00 0.00 -0.00 0.00 0.00 -0.00 0.00 0.00 -0.00 0.00
-0.0000 0.0224 0.0000 0.00 -0.00 0.00 0.00 -0.00 0.00 0.00 -0.00 0.00 0.00 -0.00 0.00 0.00 -0.00 0.00 0.00 -0.00 0.00 0.00 -0.00 0.00 0.00 -0.00 0.00 0.00 -0.00 0.00 0.00 -0.00 0.00 0.00 -0.00 0.00 0.00 -0.00 0.00 0.00 -0.00 0.00 0.00 -0.00 0.00 0.00 -0.00 0.00 0.00 -0.00 0.00 0.00 -0.00 0.00 0.00 -0.00 0.00 69.06 -37.95 134.56 -0.00 23.42 -0.00 -6.28 10.14 20.11 -1.35 12.81 32.73 0.00 0.00 -0.00 2.00 -0.02 0.61 -0.05 -0.29 8.55 -0.04 -0.15 4.31 0.00 0.00 -0.00 0.00 -0.00 1.62 -0.00 -0.00 16.38 0.00 0.00 8.49 0.00 0.00 -0.00 -2.00 0.08 2.24 0.26 0.63 19.89 0.20 0.31 10.45 0.00 0.00 -0.00 -4.00 0.02 0.25 0.02 0.30 4.34 0.02 0.15 2.16 0.00 -0.00 0.00 0.00 -0.00 0.00 0.00 -0.00 0.00 0.00 -0.00 0.00 0.00 -0.00 0.00 0.00 -0.00 0.00 0.00 -0.00 0.00 0.00 -0.00 0.00 0.00 -0.00 0.00 0.00 -0.00 0.00 0.00 -0.00 0.00 0.00 -0.00 0.00 0.00 -0.00 0.00 0.00 -0.00 0.00 0.00 -0.00 0.00 0.00 -0.00 0.00 0.00 -0.00 0.00 0.00 -0.00 0.00 0.00 -0.00 0.00 0.00 -0.00 0.00 0.00 -0.00 0.00 0.00 -0.00 0.00 0.00 -0.00 0.00
-0.0000 0.0226 0.0000 0.00 -0.00 0.00 0.00 -0.00 0.00 0.00 -0.00 0.00 0.00 -0.00 0.00 0.00 -0.00 0.00 0.00 -0.00 0.00 0.00 -0.00 0.00 0.00 -0.00 0.00 0.00 -0.00 0.00 0.00 -0.00 0.00 0.00 -0.00 0.00 0.00 -0.00 0.00 0.00 -0.00 0.00 0.00 -0.00 0.00 0.00 -0.00 0.00 0.00 -0.00 0.00 0.00 -0.00 0.00 0.00 -0.00 0.00 69.06 -37.95 134.56 -0.00 23.42 -0.00 -6.28 10.14 20.11 -1.35 12.81 32.73 0.00 0.00 -0.00 2.00 -0.02 0.61 -0.05 -0.29 8.55 -0.04 -0.15 4.31 0.00 0.00 -0.00 0.00 -0.00 1.62 -0.00 -0.00 16.38 0.00 0.00 8.49 0.00 0.00 -0.00 -2.00 0.08 2.24 0.26 0.63 19.89 0.20 0.31 10.45 0.00 0.00 -0.00 -4.00 0.02 0.25 0.02 0.30 4.34 0.02 0.15 2.16 0.00 -0.00 0.00 0.00 -0.00 0.00 0.00 -0.00 0.00 0.00 -0.00 0.00 0.00 -0.00 0.00 0.00 -0.00 0.00 0.00 -0.00 0.00 0.00 -0.00 0.00 0.00 -0.00 0.00 0.00 -0.00 0.00 0.00 -0.00 0.00 0.00 -0.00 0.00 0.00 -0.00 0.00 0.00 -0.00 0.00 0.00 -0.00 0.00 0.00 -0.00 0.00 0.00 -0.00 0.00 0.00 -0.00 0.00 0.00 -0.00 0.00 0.00 -0.00 0.00 0.00 -0.00 0.00 0.00 -0.00 0.00 0.00 -0.00 0.00
-0.0000 0.0218 0.0000 0.00 -0.00 0.00 0.00 -0.00 0.00 0.00 -0.00 0.00 0.00 -0.00 0.00 0.00 -0.00 0.00 0.00 -0.00 0.00 0.00 -0.00 0.00 0.00 -0.00 0.00 0.00 -0.00 0.00 0.00 -0.00 0.00 0.00 -0.00 0.00 0.00 -0.00 0.00 0.00 -0.00 0.00 0.00 -0.00 0.00 0.00 -0.00 0.00 0.00 -0.00 0.00 0.00 -0.00 0.00 0.00 -0.00 0.00 69.06 -37.95 134.56 -0.00 23.42 -0.00 -6.28 10.14 20.11 -1.35 12.81 32.73 0.00 0.00 -0.00 2.00 -0.02 0.61 -0.05 -0.29 8.55 -0.04 -0.15 4.31 0.00 0.00 -0.00 0.00 -0.00 1.62 -0.00 -0.00 16.38 0.00 0.00 8.49 0.00 0.00 -0.00 -2.00 0.08 2.24 0.26 0.63 19.89 0.20 0.31 10.45 0.00 0.00 -0.00 -4.00 0.02 0.25 0.02 0.30 4.34 0.02 0.15 2.16 0.00 -0.00 0.00 0.00 -0.00 0.00 0.00 -0.00 0.00 0.00 -0.00 0.00 0.00 -0.00 0.00 0.00 -0.00 0.00 0.00 -0.00 0.00 0.00 -0.00 0.00 0.00 -0.00 0.00 0.00 -0.00 0.00 0.00 -0.00 0.00 0.00 -0.00 0.00 0.00 -0.00 0.00 0.00 -0.00 0.00 0.00 -0.00 0.00 0.00 -0.00 0.00 0.00 -0.00 0.00 0.00 -0.00 0.00 0.00 -0.00 0.00 0.00 -0.00 0.00 0.00 -0.00 0.00 0.00 -0.00 0.00 0.00 -0.00 0.00
-0.0000 0.0222 0.0000 0.00 -0.00 0.00 0.00 -0.00 0.00 0.00 -0.00 0.00 0.00 -0.00 0.00 0.00 -0.00 0.00 0.00 -0.00 0.00 0.00 -0.00 0.00 0.00 -0.00 0.00 0.00 -0.00 0.00 0.00 -0.00 0.00 0.00 -0.00 0.00 0.00 -0.00 0.00 0.00 -0.00 0.00 0.00 -0.00 0.00 0.00 -0.00 0.00 0.00 -0.00 0.00 0.00 -0.00 0.00 0.00 -0.00 0.00 69.06 -37.95 134.56 -0.00 23.42 -0.00 -6.28 10.14 20.11 -1.35 12.81 32.73 0.00 0.00 -0.00 2.00 -0.02 0.61 -0.05 -0.29 8.55 -0.04 -0.15 4.31 0.00 0.00 -0.00 0.00 -0.00 1.62 -0.00 -0.00 16.38 0.00 0.00 8.49 0.00 0.00 -0.00 -2.00 0.08 2.24 0.26 0.63 19.89 0.20 0.31 10.45 0.00 0.00 -0.00 -4.00 0.02 0.25 0.02 0.30 4.34 0.02 0.15 2.16 0.00 -0.00 0.00 0.00 -0.00 0.00 0.00 -0.00 0.00 0.00 -0.00 0.00 0.00 -0.00 0.00 0.00 -0.00 0.00 0.00 -0.00 0.00 0.00 -0.00 0.00 0.00 -0.00 0.00 0.00 -0.00 0.00 0.00 -0.00 0.00 0.00 -0.00 0.00 0.00 -0.00 0.00 0.00 -0.00 0.00 0.00 -0.00 0.00 0.00 -0.00 0.00 0.00 -0.00 0.00 0.00 -0.00 0.00 0.00 -0.00 0.00 0.00 -0.00 0.00 0.00 -0.00 0.00 0.00 -0.00 0.00 0.00 -0.00 0.00
-0.0000 0.0224 0.0000 0.00 -0.00 0.00 0.00 -0.00 0.00 0.00 -0.00 0.00 0.00 -0.00 0.00 0.00 -0.00 0.00 0.00 -0.00 0.00 0.00 -0.00 0.00 0.00 -0.00 0.00 0.00 -0.00 0.00 0.00 -0.00 0.00 0.00 -0.00 0.00 0.00 -0.00 0.00 0.00 -0.00 0.00 0.00 -0.00 0.00 0.00 -0.00 0.00 0.00 -0.00 0.00 0.00 -0.00 0.00 0.00 -0.00 0.00 69.06 -37.95 134.56 -0.00 23.42 -0.00 -6.28 10.14 20.11 -1.35 12.81 32.73 0.00 0.00 -0.00 2.00 -0.02 0.61 -0.05 -0.29 8.55 -0.04 -0.15 4.31 0.00 0.00 -0.00 0.00 -0.00 1.62 -0.00 -0.00 16.38 0.00 0.00 8.49 0.00 0.00 -0.00 -2.00 0.08 2.24 0.26 0.63 19.89 0.20 0.31 10.45 0.00 0.00 -0.00 -4.00 0.02 0.25 0.02 0.30 4.34 0.02 0.15 2.16 0.00 -0.00 0.00 0.00 -0.00 0.00 0.00 -0.00 0.00 0.00 -0.00 0.00 0.00 -0.00 0.00 0.00 -0.00 0.00 0.00 -0.00 0.00 0.00 -0.00 0.00 0.00 -0.00 0.00 0.00 -0.00 0.00 0.00 -0.00 0.00 0.00 -0.00 0.00 0.00 -0.00 0.00 0.00 -0.00 0.00 0.00 -0.00 0.00 0.00 -0.00 0.00 0.00 -0.00 0.00 0.00 -0.00 0.00 0.00 -0.00 0.00 0.00 -0.00 0.00 0.00 -0.00 0.00 0.00 -0.00 0.00 0.00 -0.00 0.00
-0.0000 0.0223 0.0000 0.00 -0.00 0.00 0.00 -0.00 0.00 0.00 -0.00 0.00 0.00 -0.00 0.00 0.00 -0.00 0.00 0.00 -0.00 0.00 0.00 -0.00 0.00 0.00 -0.00 0.00 0.00 -0.00 0.00 0.00 -0.00 0.00 0.00 -0.00 0.00 0.00 -0.00 0.00 0.00 -0.00 0.00 0.00 -0.00 0.00 0.00 -0.00 0.00 0.00 -0.00 0.00 0.00 -0.00 0.00 0.00 -0.00 0.00 69.06 -37.95 134.56 -0.00 23.42 -0.00 -6.28 10.14 20.11 -1.35 12.81 32.73 0.00 0.00 -0.00 2.00 -0.02 0.61 -0.05 -0.29 8.55 -0.04 -0.15 4.31 0.00 0.00 -0.00 0.00 -0.00 1.62 -0.00 -0.00 16.38 0.00 0.00 8.49 0.00 0.00 -0.00 -2.00 0.08 2.24 0.26 0.63 19.89 0.20 0.31 10.45 0.00 0.00 -0.00 -4.00 0.02 0.25 0.02 0.30 4.34 0.02 0.15 2.16 0.00 -0.00 0.00 0.00 -0.00 0.00 0.00 -0.00 0.00 0.00 -0.00 0.00 0.00 -0.00 0.00 0.00 -0.00 0.00 0.00 -0.00 0.00 0.00 -0.00 0.00 0.00 -0.00 0.00 0.00 -0.00 0.00 0.00 -0.00 0.00 0.00 -0.00 0.00 0.00 -0.00 0.00 0.00 -0.00 0.00 0.00 -0.00 0.00 0.00 -0.00 0.00 0.00 -0.00 0.00 0.00 -0.00 0.00 0.00 -0.00 0.00 0.00 -0.00 0.00 0.00 -0.00 0.00 0.00 -0.00 0.00 0.00 -0.00 0.00
-0.0000 0.0211 0.0000 0.00 -0.00 0.00 0.00 -0.00 0.00 0.00 -0.00 0.00 0.00 -0.00 0.00 0.00 -0.00 0.00 0.00 -0.00 0.00 0.00 -0.00 0.00 0.00 -0.00 0.00 0.00 -0.00 0.00 0.00 -0.00 0.00 0.00 -0.00 0.00 0.00 -0.00 0.00 0.00 -0.00 0.00 0.00 -0.00 0.00 0.00 -0.00 0.00 0.00 -0.00 0.00 0.00 -0.00 0.00 0.00 -0.00 0.00 69.06 -37.95 134.56 -0.00 23.42 -0.00 -6.28 10.14 20.11 -1.35 12.81 32.73 0.00 0.00 -0.00 2.00 -0.02 0.61 -0.05 -0.29 8.55 -0.04 -0.15 4.31 0.00 0.00 -0.00 0.00 -0.00 1.62 -0.00 -0.00 16.38 0.00 0.00 8.49 0.00 0.00 -0.00 -2.00 0.08 2.24 0.26 0.63 19.89 0.20 0.31 10.45 0.00 0.00 -0.00 -4.00 0.02 0.25 0.02 0.30 4.34 0.02 0.15 2.16 0.00 -0.00 0.00 0.00 -0.00 0.00 0.00 -0.00 0.00 0.00 -0.00 0.00 0.00 -0.00 0.00 0.00 -0.00 0.00 0.00 -0.00 0.00 0.00 -0.00 0.00 0.00 -0.00 0.00 0.00 -0.00 0.00 0.00 -0.00 0.00 0.00 -0.00 0.00 0.00 -0.00 0.00 0.00 -0.00 0.00 0.00 -0.00 0.00 0.00 -0.00 0.00 0.00 -0.00 0.00 0.00 -0.00 0.00 0.00 -0.00 0.00 0.00 -0.00 0.00 0.00 -0.00 0.00 0.00 -0.00 0.00 0.00 -0.00 0.00
-0.0000 0.0213 0.0000 0.00 -0.00 0.00 0.00 -0.00 0.00 0.00 -0.00 0.00 0.00 -0.00 0.00 0.00 -0.00 0.00 0.00 -0.00 0.00 0.00 -0.00 0.00 0.00 -0.00 0.00 0.00 -0.00 0.00 0.00 -0.00 0.00 0.00 -0.00 0.00 0.00 -0.00 0.00 0.00 -0.00 0.00 0.00 -0.00 0.00 0.00 -0.00 0.00 0.00 -0.00 0.00 0.00 -0.00 0.00 0.00 -0.00 0.00 69.06 -37.95 134.56 -0.00 23.42 -0.00 -6.28 10.14 20.11 -1.35 12.81 32.73 0.00 0.00 -0.00 2.00 -0.02 0.61 -0.05 -0.29 8.55 -0.04 -0.15 4.31 0.00 0.00 -0.00 0.00 -0.00 1.62 -0.00 -0.00 16.38 0.00 0.00 8.49 0.00 0.00 -0.00 -2.00 0.08 2.24 0.26 0.63 19.89 0.20 0.31 10.45 0.00 0.00 -0.00 -4.00 0.02 0.25 0.02 0.30 4.34 0.02 0.15 2.16 0.00 -0.00 0.00 0.00 -0.00 0.00 0.00 -0.00 0.00 0.00 -0.00 0.00 0.00 -0.00 0.00 0.00 -0.00 0.00 0.00 -0.00 0.00 0.00 -0.00 0.00 0.00 -0.00 0.00 0.00 -0.00 0.00 0.00 -0.00 0.00 0.00 -0.00 0.00 0.00 -0.00 0.00 0.00 -0.00 0.00 0.00 -0.00 0.00 0.00 -0.00 0.00 0.00 -0.00 0.00 0.00 -0.00 0.00 0.00 -0.00 0.00 0.00 -0.00 0.00 0.00 -0.00 0.00 0.00 -0.00 0.00 0.00 -0.00 0.00
-0.0000 0.0214 0.0000 0.00 -0.00 0.00 0.00 -0.00 0.00 0.00 -0.00 0.00 0.00 -0.00 0.00 0.00 -0.00 0.00 0.00 -0.00 0.00 0.00 -0.00 0.00 0.00 -0.00 0.00 0.00 -0.00 0.00 0.00 -0.00 0.00 0.00 -0.00 0.00 0.00 -0.00 0.00 0.00 -0.00 0.00 0.00 -0.00 0.00 0.00 -0.00 0.00 0.00 -0.00 0.00 0.00 -0.00 0.00 0.00 -0.00 0.00 69.06 -37.95 134.56 -0.00 23.42 -0.00 -6.28 10.14 20.11 -1.35 12.81 32.73 0.00 0.00 -0.00 2.00 -0.02 0.61 -0.05 -0.29 8.55 -0.04 -0.15 4.31 0.00 0.00 -0.00 0.00 -0.00 1.62 -0.00 -0.00 16.38 0.00 0.00 8.49 0.00 0.00 -0.00 -2.00 0.08 2.24 0.26 0.63 19.89 0.20 0.31 10.45 0.00 0.00 -0.00 -4.00 0.02 0.25 0.02 0.30 4.34 0.02 0.15 2.16 0.00 -0.00 0.00 0.00 -0.00 0.00 0.00 -0.00 0.00 0.00 -0.00 0.00 0.00 -0.00 0.00 0.00 -0.00 0.00 0.00 -0.00 0.00 0.00 -0.00 0.00 0.00 -0.00 0.00 0.00 -0.00 0.00 0.00 -0.00 0.00 0.00 -0.00 0.00 0.00 -0.00 0.00 0.00 -0.00 0.00 0.00 -0.00 0.00 0.00 -0.00 0.00 0.00 -0.00 0.00 0.00 -0.00 0.00 0.00 -0.00 0.00 0.00 -0.00 0.00 0.00 -0.00 0.00 0.00 -0.00 0.00 0.00 -0.00 0.00
-0.0000 0.0212 0.0000 0.00 -0.00 0.00 0.00 -0.00 0.00 0.00 -0.00 0.00 0.00 -0.00 0.00 0.00 -0.00 0.00 0.00 -0.00 0.00 0.00 -0.00 0.00 0.00 -0.00 0.00 0.00 -0.00 0.00 0.00 -0.00 0.00 0.00 -0.00 0.00 0.00 -0.00 0.00 0.00 -0.00 0.00 0.00 -0.00 0.00 0.00 -0.00 0.00 0.00 -0.00 0.00 0.00 -0.00 0.00 0.00 -0.00 0.00 69.06 -37.95 134.56 -0.00 23.42 -0.00 -6.28 10.14 20.11 -1.35 12.81 32.73 0.00 0.00 -0.00 2.00 -0.02 0.61 -0.05 -0.29 8.55 -0.04 -0.15 4.31 0.00 0.00 -0.00 0.00 -0.00 1.62 -0.00 -0.00 16.38 0.00 0.00 8.49 0.00 0.00 -0.00 -2.00 0.08 2.24 0.26 0.63 19.89 0.20 0.31 10.45 0.00 0.00 -0.00 -4.00 0.02 0.25 0.02 0.30 4.34 0.02 0.15 2.16 0.00 -0.00 0.00 0.00 -0.00 0.00 0.00 -0.00 0.00 0.00 -0.00 0.00 0.00 -0.00 0.00 0.00 -0.00 0.00 0.00 -0.00 0.00 0.00 -0.00 0.00 0.00 -0.00 0.00 0.00 -0.00 0.00 0.00 -0.00 0.00 0.00 -0.00 0.00 0.00 -0.00 0.00 0.00 -0.00 0.00 0.00 -0.00 0.00 0.00 -0.00 0.00 0.00 -0.00 0.00 0.00 -0.00 0.00 0.00 -0.00 0.00 0.00 -0.00 0.00 0.00 -0.00 0.00 0.00 -0.00 0.00 0.00 -0.00 0.00
-0.0000 0.0213 0.0000 0.00 -0.00 0.00 0.00 -0.00 0.00 0.00 -0.00 0.00 0.00 -0.00 0.00 0.00 -0.00 0.00 0.00 -0.00 0.00 0.00 -0.00 0.00 0.00 -0.00 0.00 0.00 -0.00 0.00 0.00 -0.00 0.00 0.00 -0.00 0.00 0.00 -0.00 0.00 0.00 -0.00 0.00 0.00 -0.00 0.00 0.00 -0.00 0.00 0.00 -0.00 0.00 0.00 -0.00 0.00 0.00 -0.00 0.00 69.06 -37.95 134.56 -0.00 23.42 -0.00 -6.28 10.14 20.11 -1.35 12.81 32.73 0.00 0.00 -0.00 2.00 -0.02 0.61 -0.05 -0.29 8.55 -0.04 -0.15 4.31 0.00 0.00 -0.00 0.00 -0.00 1.62 -0.00 -0.00 16.38 0.00 0.00 8.49 0.00 0.00 -0.00 -2.00 0.08 2.24 0.26 0.63 19.89 0.20 0.31 10.45 0.00 0.00 -0.00 -4.00 0.02 0.25 0.02 0.30 4.34 0.02 0.15 2.16 0.00 -0.00 0.00 0.00 -0.00 0.00 0.00 -0.00 0.00 0.00 -0.00 0.00 0.00 -0.00 0.00 0.00 -0.00 0.00 0.00 -0.00 0.00 0.00 -0.00 0.00 0.00 -0.00 0.00 0.00 -0.00 0.00 0.00 -0.00 0.00 0.00 -0.00 0.00 0.00 -0.00 0.00 0.00 -0.00 0.00 0.00 -0.00 0.00 0.00 -0.00 0.00 0.00 -0.00 0.00 0.00 -0.00 0.00 0.00 -0.00 0.00 0.00 -0.00 0.00 0.00 -0.00 0.00 0.00 -0.00 0.00 0.00 -0.00 0.00
-0.0000 0.0213 0.0000 0.00 -0.00 0.00 0.00 -0.00 0.00 0.00 -0.00 0.00 0.00 -0.00 0.00 0.00 -0.00 0.00 0.00 -0.00 0.00 0.00 -0.00 0.00 0.00 -0.00 0.00 0.00 -0.00 0.00 0.00 -0.00 0.00 0.00 -0.00 0.00 0.00 -0.00 0.00 0.00 -0.00 0.00 0.00 -0.00 0.00 0.00 -0.00 0.00 0.00 -0.00 0.00 0.00 -0.00 0.00 0.00 -0.00 0.00 69.06 -37.95 134.56 -0.00 23.42 -0.00 -6.28 10.14 20.11 -1.35 12.81 32.73 0.00 0.00 -0.00 2.00 -0.02 0.61 -0.05 -0.29 8.55 -0.04 -0.15 4.31 0.00 0.00 -0.00 0.00 -0.00 1.62 -0.00 -0.00 16.38 0.00 0.00 8.49 0.00 0.00 -0.00 -2.00 0.08 2.24 0.26 0.63 19.89 0.20 0.31 10.45 0.00 0.00 -0.00 -4.00 0.02 0.25 0.02 0.30 4.34 0.02 0.15 2.16 0.00 -0.00 0.00 0.00 -0.00 0.00 0.00 -0.00 0.00 0.00 -0.00 0.00 0.00 -0.00 0.00 0.00 -0.00 0.00 0.00 -0.00 0.00 0.00 -0.00 0.00 0.00 -0.00 0.00 0.00 -0.00 0.00 0.00 -0.00 0.00 0.00 -0.00 0.00 0.00 -0.00 0.00 0.00 -0.00 0.00 0.00 -0.00 0.00 0.00 -0.00 0.00 0.00 -0.00 0.00 0.00 -0.00 0.00 0.00 -0.00 0.00 0.00 -0.00 0.00 0.00 -0.00 0.00 0.00 -0.00 0.00 0.00 -0.00 0.00
-0.0000 0.0213 0.0000 0.00 -0.00 0.00 0.00 -0.00 0.00 0.00 -0.00 0.00 0.00 -0.00 0.00 0.00 -0.00 0.00 0.00 -0.00 0.00 0.00 -0.00 0.00 0.00 -0.00 0.00 0.00 -0.00 0.00 0.00 -0.00 0.00 0.00 -0.00 0.00 0.00 -0.00 0.00 0.00 -0.00 0.00 0.00 -0.00 0.00 0.00 -0.00 0.00 0.00 -0.00 0.00 0.00 -0.00 0.00 0.00 -0.00 0.00 69.06 -37.95 134.56 -0.00 23.42 -0.00 -6.28 10.14 20.11 -1.35 12.81 32.73 0.00 0.00 -0.00 2.00 -0.02 0.61 -0.05 -0.29 8.55 -0.04 -0.15 4.31 0.00 0.00 -0.00 0.00 -0.00 1.62 -0.00 -0.00 16.38 0.00 0.00 8.49 0.00 0.00 -0.00 -2.00 0.08 2.24 0.26 0.63 19.89 0.20 0.31 10.45 0.00 0.00 -0.00 -4.00 0.02 0.25 0.02 0.30 4.34 0.02 0.15 2.16 0.00 -0.00 0.00 0.00 -0.00 0.00 0.00 -0.00 0.00 0.00 -0.00 0.00 0.00 -0.00 0.00 0.00 -0.00 0.00 0.00 -0.00 0.00 0.00 -0.00 0.00 0.00 -0.00 0.00 0.00 -0.00 0.00 0.00 -0.00 0.00 0.00 -0.00 0.00 0.00 -0.00 0.00 0.00 -0.00 0.00 0.00 -0.00 0.00 0.00 -0.00 0.00 0.00 -0.00 0.00 0.00 -0.00 0.00 0.00 -0.00 0.00 0.00 -0.00 0.00 0.00 -0.00 0.00 0.00 -0.00 0.00 0.00 -0.00 0.00
-0.0000 0.0216 0.0000 0.00 -0.00 0.00 0.00 -0.00 0.00 0.00 -0.00 0.00 0.00 -0.00 0.00 0.00 -0.00 0.00 0.00 -0.00 0.00 0.00 -0.00 0.00 0.00 -0.00 0.00 0.00 -0.00 0.00 0.00 -0.00 0.00 0.00 -0.00 0.00 0.00 -0.00 0.00 0.00 -0.00 0.00 0.00 -0.00 0.00 0.00 -0.00 0.00 0.00 -0.00 0.00 0.00 -0.00 0.00 0.00 -0.00 0.00 69.06 -37.95 134.56 -0.00 23.42 -0.00 -6.28 10.14 20.11 -1.35 12.81 32.73 0.00 0.00 -0.00 2.00 -0.02 0.61 -0.05 -0.29 8.55 -0.04 -0.15 4.31 0.00 0.00 -0.00 0.00 -0.00 1.62 -0.00 -0.00 16.38 0.00 0.00 8.49 0.00 0.00 -0.00 -2.00 0.08 2.24 0.26 0.63 19.89 0.20 0.31 10.45 0.00 0.00 -0.00 -4.00 0.02 0.25 0.02 0.30 4.34 0.02 0.15 2.16 0.00 -0.00 0.00 0.00 -0.00 0.00 0.00 -0.00 0.00 0.00 -0.00 0.00 0.00 -0.00 0.00 0.00 -0.00 0.00 0.00 -0.00 0.00 0.00 -0.00 0.00 0.00 -0.00 0.00 0.00 -0.00 0.00 0.00 -0.00 0.00 0.00 -0.00 0.00 0.00 -0.00 0.00 0.00 -0.00 0.00 0.00 -0.00 0.00 0.00 -0.00 0.00 0.00 -0.00 0.00 0.00 -0.00 0.00 0.00 -0.00 0.00 0.00 -0.00 0.00 0.00 -0.00 0.00 0.00 -0.00 0.00 0.00 -0.00 0.00
-0.0000 0.0211 0.0000 0.00 -0.00 0.00 0.00 -0.00 0.00 0.00 -0.00 0.00 0.00 -0.00 0.00 0.00 -0.00 0.00 0.00 -0.00 0.00 0.00 -0.00 0.00 0.00 -0.00 0.00 0.00 -0.00 0.00 0.00 -0.00 0.00 0.00 -0.00 0.00 0.00 -0.00 0.00 0.00 -0.00 0.00 0.00 -0.00 0.00 0.00 -0.00 0.00 0.00 -0.00 0.00 0.00 -0.00 0.00 0.00 -0.00 0.00 69.06 -37.95 134.56 -0.00 23.42 -0.00 -6.28 10.14 20.11 -1.35 12.81 32.73 0.00 0.00 -0.00 2.00 -0.02 0.61 -0.05 -0.29 8.55 -0.04 -0.15 4.31 0.00 0.00 -0.00 0.00 -0.00 1.62 -0.00 -0.00 16.38 0.00 0.00 8.49 0.00 0.00 -0.00 -2.00 0.08 2.24 0.26 0.63 19.89 0.20 0.31 10.45 0.00 0.00 -0.00 -4.00 0.02 0.25 0.02 0.30 4.34 0.02 0.15 2.16 0.00 -0.00 0.00 0.00 -0.00 0.00 0.00 -0.00 0.00 0.00 -0.00 0.00 0.00 -0.00 0.00 0.00 -0.00 0.00 0.00 -0.00 0.00 0.00 -0.00 0.00 0.00 -0.00 0.00 0.00 -0.00 0.00 0.00 -0.00 0.00 0.00 -0.00 0.00 0.00 -0.00 0.00 0.00 -0.00 0.00 0.00 -0.00 0.00 0.00 -0.00 0.00 0.00 -0.00 0.00 0.00 -0.00 0.00 0.00 -0.00 0.00 0.00 -0.00 0.00 0.00 -0.00 0.00 0.00 -0.00 0.00 0.00 -0.00 0.00
-0.0000 0.0211 0.0000 0.00 -0.00 0.00 0.00 -0.00 0.00 0.00 -0.00 0.00 0.00 -0.00 0.00 0.00 -0.00 0.00 0.00 -0.00 0.00 0.00 -0.00 0.00 0.00 -0.00 0.00 0.00 -0.00 0.00 0.00 -0.00 0.00 0.00 -0.00 0.00 0.00 -0.00 0.00 0.00 -0.00 0.00 0.00 -0.00 0.00 0.00 -0.00 0.00 0.00 -0.00 0.00 0.00 -0.00 0.00 0.00 -0.00 0.00 69.06 -37.95 134.56 -0.00 23.42 -0.00 -6.28 10.14 20.11 -1.35 12.81 32.73 0.00 0.00 -0.00 2.00 -0.02 0.61 -0.05 -0.29 8.55 -0.04 -0.15 4.31 0.00 0.00 -0.00 0.00 -0.00 1.62 -0.00 -0.00 16.38 0.00 0.00 8.49 0.00 0.00 -0.00 -2.00 0.08 2.24 0.26 0.63 19.89 0.20 0.31 10.45 0.00 0.00 -0.00 -4.00 0.02 0.25 0.02 0.30 4.34 0.02 0.15 2.16 0.00 -0.00 0.00 0.00 -0.00 0.00 0.00 -0.00 0.00 0.00 -0.00 0.00 0.00 -0.00 0.00 0.00 -0.00 0.00 0.00 -0.00 0.00 0.00 -0.00 0.00 0.00 -0.00 0.00 0.00 -0.00 0.00 0.00 -0.00 0.00 0.00 -0.00 0.00 0.00 -0.00 0.00 0.00 -0.00 0.00 0.00 -0.00 0.00 0.00 -0.00 0.00 0.00 -0.00 0.00 0.00 -0.00 0.00 0.00 -0.00 0.00 0.00 -0.00 0.00 0.00 -0.00 0.00 0.00 -0.00 0.00 0.00 -0.00 0.00
-0.0000 0.0214 0.0000 0.00 -0.00 0.00 0.00 -0.00 0.00 0.00 -0.00 0.00 0.00 -0.00 0.00 0.00 -0.00 0.00 0.00 -0.00 0.00 0.00 -0.00 0.00 0.00 -0.00 0.00 0.00 -0.00 0.00 0.00 -0.00 0.00 0.00 -0.00 0.00 0.00 -0.00 0.00 0.00 -0.00 0.00 0.00 -0.00 0.00 0.00 -0.00 0.00 0.00 -0.00 0.00 0.00 -0.00 0.00 0.00 -0.00 0.00 69.06 -37.95 134.56 -0.00 23.42 -0.00 -6.28 10.14 20.11 -1.35 12.81 32.73 0.00 0.00 -0.00 2.00 -0.02 0.61 -0.05 -0.29 8.55 -0.04 -0.15 4.31 0.00 0.00 -0.00 0.00 -0.00 1.62 -0.00 -0.00 16.38 0.00 0.00 8.49 0.00 0.00 -0.00 -2.00 0.08 2.24 0.26 0.63 19.89 0.20 0.31 10.45 0.00 0.00 -0.00 -4.00 0.02 0.25 0.02 0.30 4.34 0.02 0.15 2.16 0.00 -0.00 0.00 0.00 -0.00 0.00 0.00 -0.00 0.00 0.00 -0.00 0.00 0.00 -0.00 0.00 0.00 -0.00 0.00 0.00 -0.00 0.00 0.00 -0.00 0.00 0.00 -0.00 0.00 0.00 -0.00 0.00 0.00 -0.00 0.00 0.00 -0.00 0.00 0.00 -0.00 0.00 0.00 -0.00 0.00 0.00 -0.00 0.00 0.00 -0.00 0.00 0.00 -0.00 0.00 0.00 -0.00 0.00 0.00 -0.00 0.00 0.00 -0.00 0.00 0.00 -0.00 0.00 0.00 -0.00 0.00 0.00 -0.00 0.00
-0.0000 0.0208 0.0000 0.00 -0.00 0.00 0.00 -0.00 0.00 0.00 -0.00 0.00 0.00 -0.00 0.00 0.00 -0.00 0.00 0.00 -0.00 0.00 0.00 -0.00 0.00 0.00 -0.00 0.00 0.00 -0.00 0.00 0.00 -0.00 0.00 0.00 -0.00 0.00 0.00 -0.00 0.00 0.00 -0.00 0.00 0.00 -0.00 0.00 0.00 -0.00 0.00 0.00 -0.00 0.00 0.00 -0.00 0.00 0.00 -0.00 0.00 69.06 -37.95 134.56 -0.00 23.42 -0.00 -6.28 10.14 20.11 -1.35 12.81 32.73 0.00 0.00 -0.00 2.00 -0.02 0.61 -0.05 -0.29 8.55 -0.04 -0.15 4.31 0.00 0.00 -0.00 0.00 -0.00 1.62 -0.00 -0.00 16.38 0.00 0.00 8.49 0.00 0.00 -0.00 -2.00 0.08 2.24 0.26 0.63 19.89 0.20 0.31 10.45 0.00 0.00 -0.00 -4.00 0.02 0.25 0.02 0.30 4.34 0.02 0.15 2.16 0.00 -0.00 0.00 0.00 -0.00 0.00 0.00 -0.00 0.00 0.00 -0.00 0.00 0.00 -0.00 0.00 0.00 -0.00 0.00 0.00 -0.00 0.00 0.00 -0.00 0.00 0.00 -0.00 0.00 0.00 -0.00 0.00 0.00 -0.00 0.00 0.00 -0.00 0.00 0.00 -0.00 0.00 0.00 -0.00 0.00 0.00 -0.00 0.00 0.00 -0.00 0.00 0.00 -0.00 0.00 0.00 -0.00 0.00 0.00 -0.00 0.00 0.00 -0.00 0.00 0.00 -0.00 0.00 0.00 -0.00 0.00 0.00 -0.00 0.00
-0.0000 0.0218 0.0000 0.00 -0.00 0.00 0.00 -0.00 0.00 0.00 -0.00 0.00 0.00 -0.00 0.00 0.00 -0.00 0.00 0.00 -0.00 0.00 0.00 -0.00 0.00 0.00 -0.00 0.00 0.00 -0.00 0.00 0.00 -0.00 0.00 0.00 -0.00 0.00 0.00 -0.00 0.00 0.00 -0.00 0.00 0.00 -0.00 0.00 0.00 -0.00 0.00 0.00 -0.00 0.00 0.00 -0.00 0.00 0.00 -0.00 0.00 69.06 -37.95 134.56 -0.00 23.42 -0.00 -6.28 10.14 20.11 -1.35 12.81 32.73 0.00 0.00 -0.00 2.00 -0.02 0.61 -0.05 -0.29 8.55 -0.04 -0.15 4.31 0.00 0.00 -0.00 0.00 -0.00 1.62 -0.00 -0.00 16.38 0.00 0.00 8.49 0.00 0.00 -0.00 -2.00 0.08 2.24 0.26 0.63 19.89 0.20 0.31 10.45 0.00 0.00 -0.00 -4.00 0.02 0.25 0.02 0.30 4.34 0.02 0.15 2.16 0.00 -0.00 0.00 0.00 -0.00 0.00 0.00 -0.00 0.00 0.00 -0.00 0.00 0.00 -0.00 0.00 0.00 -0.00 0.00 0.00 -0.00 0.00 0.00 -0.00 0.00 0.00 -0.00 0.00 0.00 -0.00 0.00 0.00 -0.00 0.00 0.00 -0.00 0.00 0.00 -0.00 0.00 0.00 -0.00 0.00 0.00 -0.00 0.00 0.00 -0.00 0.00 0.00 -0.00 0.00 0.00 -0.00 0.00 0.00 -0.00 0.00 0.00 -0.00 0.00 0.00 -0.00 0.00 0.00 -0.00 0.00 0.00 -0.00 0.00
-0.0000 0.0212 0.0000 0.00 -0.00 0.00 0.00 -0.00 0.00 0.00 -0.00 0.00 0.00 -0.00 0.00 0.00 -0.00 0.00 0.00 -0.00 0.00 0.00 -0.00 0.00 0.00 -0.00 0.00 0.00 -0.00 0.00 0.00 -0.00 0.00 0.00 -0.00 0.00 0.00 -0.00 0.00 0.00 -0.00 0.00 0.00 -0.00 0.00 0.00 -0.00 0.00 0.00 -0.00 0.00 0.00 -0.00 0.00 0.00 -0.00 0.00 69.06 -37.95 134.56 -0.00 23.42 -0.00 -6.28 10.14 20.11 -1.35 12.81 32.73 0.00 0.00 -0.00 2.00 -0.02 0.61 -0.05 -0.29 8.55 -0.04 -0.15 4.31 0.00 0.00 -0.00 0.00 -0.00 1.62 -0.00 -0.00 16.38 0.00 0.00 8.49 0.00 0.00 -0.00 -2.00 0.08 2.24 0.26 0.63 19.89 0.20 0.31 10.45 0.00 0.00 -0.00 -4.00 0.02 0.25 0.02 0.30 4.34 0.02 0.15 2.16 0.00 -0.00 0.00 0.00 -0.00 0.00 0.00 -0.00 0.00 0.00 -0.00 0.00 0.00 -0.00 0.00 0.00 -0.00 0.00 0.00 -0.00 0.00 0.00 -0.00 0.00 0.00 -0.00 0.00 0.00 -0.00 0.00 0.00 -0.00 0.00 0.00 -0.00 0.00 0.00 -0.00 0.00 0.00 -0.00 0.00 0.00 -0.00 0.00 0.00 -0.00 0.00 0.00 -0.00 0.00 0.00 -0.00 0.00 0.00 -0.00 0.00 0.00 -0.00 0.00 0.00 -0.00 0.00 0.00 -0.00 0.00 0.00 -0.00 0.00
-0.0000 0.0201 0.0000 0.00 -0.00 0.00 0.00 -0.00 0.00 0.00 -0.00 0.00 0.00 -0.00 0.00 0.00 -0.00 0.00 0.00 -0.00 0.00 0.00 -0.00 0.00 0.00 -0.00 0.00 0.00 -0.00 0.00 0.00 -0.00 0.00 0.00 -0.00 0.00 0.00 -0.00 0.00 0.00 -0.00 0.00 0.00 -0.00 0.00 0.00 -0.00 0.00 0.00 -0.00 0.00 0.00 -0.00 0.00 0.00 -0.00 0.00 69.06 -37.95 134.56 -0.00 23.42 -0.00 -6.28 10.14 20.11 -1.35 12.81 32.73 0.00 0.00 -0.00 2.00 -0.02 0.61 -0.05 -0.29 8.55 -0.04 -0.15 4.31 0.00 0.00 -0.00 0.00 -0.00 1.62 -0.00 -0.00 16.38 0.00 0.00 8.49 0.00 0.00 -0.00 -2.00 0.08 2.24 0.26 0.63 19.89 0.20 0.31 10.45 0.00 0.00 -0.00 -4.00 0.02 0.25 0.02 0.30 4.34 0.02 0.15 2.16 0.00 -0.00 0.00 0.00 -0.00 0.00 0.00 -0.00 0.00 0.00 -0.00 0.00 0.00 -0.00 0.00 0.00 -0.00 0.00 0.00 -0.00 0.00 0.00 -0.00 0.00 0.00 -0.00 0.00 0.00 -0.00 0.00 0.00 -0.00 0.00 0.00 -0.00 0.00 0.00 -0.00 0.00 0.00 -0.00 0.00 0.00 -0.00 0.00 0.00 -0.00 0.00 0.00 -0.00 0.00 0.00 -0.00 0.00 0.00 -0.00 0.00 0.00 -0.00 0.00 0.00 -0.00 0.00 0.00 -0.00 0.00 0.00 -0.00 0.00
-0.0000 0.0210 0.0000 0.00 -0.00 0.00 0.00 -0.00 0.00 0.00 -0.00 0.00 0.00 -0.00 0.00 0.00 -0.00 0.00 0.00 -0.00 0.00 0.00 -0.00 0.00 0.00 -0.00 0.00 0.00 -0.00 0.00 0.00 -0.00 0.00 0.00 -0.00 0.00 0.00 -0.00 0.00 0.00 -0.00 0.00 0.00 -0.00 0.00 0.00 -0.00 0.00 0.00 -0.00 0.00 0.00 -0.00 0.00 0.00 -0.00 0.00 69.06 -37.95 134.56 -0.00 23.42 -0.00 -6.28 10.14 20.11 -1.35 12.81 32.73 0.00 0.00 -0.00 2.00 -0.02 0.61 -0.05 -0.29 8.55 -0.04 -0.15 4.31 0.00 0.00 -0.00 0.00 -0.00 1.62 -0.00 -0.00 16.38 0.00 0.00 8.49 0.00 0.00 -0.00 -2.00 0.08 2.24 0.26 0.63 19.89 0.20 0.31 10.45 0.00 0.00 -0.00 -4.00 0.02 0.25 0.02 0.30 4.34 0.02 0.15 2.16 0.00 -0.00 0.00 0.00 -0.00 0.00 0.00 -0.00 0.00 0.00 -0.00 0.00 0.00 -0.00 0.00 0.00 -0.00 0.00 0.00 -0.00 0.00 0.00 -0.00 0.00 0.00 -0.00 0.00 0.00 -0.00 0.00 0.00 -0.00 0.00 0.00 -0.00 0.00 0.00 -0.00 0.00 0.00 -0.00 0.00 0.00 -0.00 0.00 0.00 -0.00 0.00 0.00 -0.00 0.00 0.00 -0.00 0.00 0.00 -0.00 0.00 0.00 -0.00 0.00 0.00 -0.00 0.00 0.00 -0.00 0.00 0.00 -0.00 0.00
-0.0000 0.0217 0.0000 0.00 -0.00 0.00 0.00 -0.00 0.00 0.00 -0.00 0.00 0.00 -0.00 0.00 0.00 -0.00 0.00 0.00 -0.00 0.00 0.00 -0.00 0.00 0.00 -0.00 0.00 0.00 -0.00 0.00 0.00 -0.00 0.00 0.00 -0.00 0.00 0.00 -0.00 0.00 0.00 -0.00 0.00 0.00 -0.00 0.00 0.00 -0.00 0.00 0.00 -0.00 0.00 0.00 -0.00 0.00 0.00 -0.00 0.00 69.06 -37.95 134.56 -0.00 23.42 -0.00 -6.28 10.14 20.11 -1.35 12.81 32.73 0.00 0.00 -0.00 2.00 -0.02 0.61 -0.05 -0.29 8.55 -0.04 -0.15 4.31 0.00 0.00 -0.00 0.00 -0.00 1.62 -0.00 -0.00 16.38 0.00 0.00 8.49 0.00 0.00 -0.00 -2.00 0.08 2.24 0.26 0.63 19.89 0.20 0.31 10.45 0.00 0.00 -0.00 -4.00 0.02 0.25 0.02 0.30 4.34 0.02 0.15 2.16 0.00 -0.00 0.00 0.00 -0.00 0.00 0.00 -0.00 0.00 0.00 -0.00 0.00 0.00 -0.00 0.00 0.00 -0.00 0.00 0.00 -0.00 0.00 0.00 -0.00 0.00 0.00 -0.00 0.00 0.00 -0.00 0.00 0.00 -0.00 0.00 0.00 -0.00 0.00 0.00 -0.00 0.00 0.00 -0.00 0.00 0.00 -0.00 0.00 0.00 -0.00 0.00 0.00 -0.00 0.00 0.00 -0.00 0.00 0.00 -0.00 0.00 0.00 -0.00 0.00 0.00 -0.00 0.00 0.00 -0.00 0.00 0.00 -0.00 0.00
-0.0000 0.0219 0.0000 0.00 -0.00 0.00 0.00 -0.00 0.00 0.00 -0.00 0.00 0.00 -0.00 0.00 0.00 -0.00 0.00 0.00 -0.00 0.00 0.00 -0.00 0.00 0.00 -0.00 0.00 0.00 -0.00 0.00 0.00 -0.00 0.00 0.00 -0.00 0.00 0.00 -0.00 0.00 0.00 -0.00 0.00 0.00 -0.00 0.00 0.00 -0.00 0.00 0.00 -0.00 0.00 0.00 -0.00 0.00 0.00 -0.00 0.00 69.06 -37.95 134.56 -0.00 23.42 -0.00 -6.28 10.14 20.11 -1.35 12.81 32.73 0.00 0.00 -0.00 2.00 -0.02 0.61 -0.05 -0.29 8.55 -0.04 -0.15 4.31 0.00 0.00 -0.00 0.00 -0.00 1.62 -0.00 -0.00 16.38 0.00 0.00 8.49 0.00 0.00 -0.00 -2.00 0.08 2.24 0.26 0.63 19.89 0.20 0.31 10.45 0.00 0.00 -0.00 -4.00 0.02 0.25 0.02 0.30 4.34 0.02 0.15 2.16 0.00 -0.00 0.00 0.00 -0.00 0.00 0.00 -0.00 0.00 0.00 -0.00 0.00 0.00 -0.00 0.00 0.00 -0.00 0.00 0.00 -0.00 0.00 0.00 -0.00 0.00 0.00 -0.00 0.00 0.00 -0.00 0.00 0.00 -0.00 0.00 0.00 -0.00 0.00 0.00 -0.00 0.00 0.00 -0.00 0.00 0.00 -0.00 0.00 0.00 -0.00 0.00 0.00 -0.00 0.00 0.00 -0.00 0.00 0.00 -0.00 0.00 0.00 -0.00 0.00 0.00 -0.00 0.00 0.00 -0.00 0.00 0.00 -0.00 0.00
-0.0000 0.0211 0.0000 0.00 -0.00 0.00 0.00 -0.00 0.00 0.00 -0.00 0.00 0.00 -0.00 0.00 0.00 -0.00 0.00 0.00 -0.00 0.00 0.00 -0.00 0.00 0.00 -0.00 0.00 0.00 -0.00 0.00 0.00 -0.00 0.00 0.00 -0.00 0.00 0.00 -0.00 0.00 0.00 -0.00 0.00 0.00 -0.00 0.00 0.00 -0.00 0.00 0.00 -0.00 0.00 0.00 -0.00 0.00 0.00 -0.00 0.00 69.06 -37.95 134.56 -0.00 23.42 -0.00 -6.28 10.14 20.11 -1.35 12.81 32.73 0.00 0.00 -0.00 2.00 -0.02 0.61 -0.05 -0.29 8.55 -0.04 -0.15 4.31 0.00 0.00 -0.00 0.00 -0.00 1.62 -0.00 -0.00 16.38 0.00 0.00 8.49 0.00 0.00 -0.00 -2.00 0.08 2.24 0.26 0.63 19.89 0.20 0.31 10.45 0.00 0.00 -0.00 -4.00 0.02 0.25 0.02 0.30 4.34 0.02 0.15 2.16 0.00 -0.00 0.00 0.00 -0.00 0.00 0.00 -0.00 0.00 0.00 -0.00 0.00 0.00 -0.00 0.00 0.00 -0.00 0.00 0.00 -0.00 0.00 0.00 -0.00 0.00 0.00 -0.00 0.00 0.00 -0.00 0.00 0.00 -0.00 0.00 0.00 -0.00 0.00 0.00 -0.00 0.00 0.00 -0.00 0.00 0.00 -0.00 0.00 0.00 -0.00 0.00 0.00 -0.00 0.00 0.00 -0.00 0.00 0.00 -0.00 0.00 0.00 -0.00 0.00 0.00 -0.00 0.00 0.00 -0.00 0.00 0.00 -0.00 0.00
-0.0000 0.0206 0.0000 0.00 -0.00 0.00 0.00 -0.00 0.00 0.00 -0.00 0.00 0.00 -0.00 0.00 0.00 -0.00 0.00 0.00 -0.00 0.00 0.00 -0.00 0.00 0.00 -0.00 0.00 0.00 -0.00 0.00 0.00 -0.00 0.00 0.00 -0.00 0.00 0.00 -0.00 0.00 0.00 -0.00 0.00 0.00 -0.00 0.00 0.00 -0.00 0.00 0.00 -0.00 0.00 0.00 -0.00 0.00 0.00 -0.00 0.00 69.06 -37.95 134.56 -0.00 23.42 -0.00 -6.28 10.14 20.11 -1.35 12.81 32.73 0.00 0.00 -0.00 2.00 -0.02 0.61 -0.05 -0.29 8.55 -0.04 -0.15 4.31 0.00 0.00 -0.00 0.00 -0.00 1.62 -0.00 -0.00 16.38 0.00 0.00 8.49 0.00 0.00 -0.00 -2.00 0.08 2.24 0.26 0.63 19.89 0.20 0.31 10.45 0.00 0.00 -0.00 -4.00 0.02 0.25 0.02 0.30 4.34 0.02 0.15 2.16 0.00 -0.00 0.00 0.00 -0.00 0.00 0.00 -0.00 0.00 0.00 -0.00 0.00 0.00 -0.00 0.00 0.00 -0.00 0.00 0.00 -0.00 0.00 0.00 -0.00 0.00 0.00 -0.00 0.00 0.00 -0.00 0.00 0.00 -0.00 0.00 0.00 -0.00 0.00 0.00 -0.00 0.00 0.00 -0.00 0.00 0.00 -0.00 0.00 0.00 -0.00 0.00 0.00 -0.00 0.00 0.00 -0.00 0.00 0.00 -0.00 0.00 0.00 -0.00 0.00 0.00 -0.00 0.00 0.00 -0.00 0.00 0.00 -0.00 0.00
-0.0000 0.0205 0.0000 0.00 -0.00 0.00 0.00 -0.00 0.00 0.00 -0.00 0.00 0.00 -0.00 0.00 0.00 -0.00 0.00 0.00 -0.00 0.00 0.00 -0.00 0.00 0.00 -0.00 0.00 0.00 -0.00 0.00 0.00 -0.00 0.00 0.00 -0.00 0.00 0.00 -0.00 0.00 0.00 -0.00 0.00 0.00 -0.00 0.00 0.00 -0.00 0.00 0.00 -0.00 0.00 0.00 -0.00 0.00 0.00 -0.00 0.00 69.06 -37.95 134.56 -0.00 23.42 -0.00 -6.28 10.14 20.11 -1.35 12.81 32.73 0.00 0.00 -0.00 2.00 -0.02 0.61 -0.05 -0.29 8.55 -0.04 -0.15 4.31 0.00 0.00 -0.00 0.00 -0.00 1.62 -0.00 -0.00 16.38 0.00 0.00 8.49 0.00 0.00 -0.00 -2.00 0.08 2.24 0.26 0.63 19.89 0.20 0.31 10.45 0.00 0.00 -0.00 -4.00 0.02 0.25 0.02 0.30 4.34 0.02 0.15 2.16 0.00 -0.00 0.00 0.00 -0.00 0.00 0.00 -0.00 0.00 0.00 -0.00 0.00 0.00 -0.00 0.00 0.00 -0.00 0.00 0.00 -0.00 0.00 0.00 -0.00 0.00 0.00 -0.00 0.00 0.00 -0.00 0.00 0.00 -0.00 0.00 0.00 -0.00 0.00 0.00 -0.00 0.00 0.00 -0.00 0.00 0.00 -0.00 0.00 0.00 -0.00 0.00 0.00 -0.00 0.00 0.00 -0.00 0.00 0.00 -0.00 0.00 0.00 -0.00 0.00 0.00 -0.00 0.00 0.00 -0.00 0.00 0.00 -0.00 0.00
-0.0000 0.0217 0.0000 0.00 -0.00 0.00 0.00 -0.00 0.00 0.00 -0.00 0.00 0.00 -0.00 0.00 0.00 -0.00 0.00 0.00 -0.00 0.00 0.00 -0.00 0.00 0.00 -0.00 0.00 0.00 -0.00 0.00 0.00 -0.00 0.00 0.00 -0.00 0.00 0.00 -0.00 0.00 0.00 -0.00 0.00 0.00 -0.00 0.00 0.00 -0.00 0.00 0.00 -0.00 0.00 0.00 -0.00 0.00 0.00 -0.00 0.00 69.06 -37.95 134.56 -0.00 23.42 -0.00 -6.28 10.14 20.11 -1.35 12.81 32.73 0.00 0.00 -0.00 2.00 -0.02 0.61 -0.05 -0.29 8.55 -0.04 -0.15 4.31 0.00 0.00 -0.00 0.00 -0.00 1.62 -0.00 -0.00 16.38 0.00 0.00 8.49 0.00 0.00 -0.00 -2.00 0.08 2.24 0.26 0.63 19.89 0.20 0.31 10.45 0.00 0.00 -0.00 -4.00 0.02 0.25 0.02 0.30 4.34 0.02 0.15 2.16 0.00 -0.00 0.00 0.00 -0.00 0.00 0.00 -0.00 0.00 0.00 -0.00 0.00 0.00 -0.00 0.00 0.00 -0.00 0.00 0.00 -0.00 0.00 0.00 -0.00 0.00 0.00 -0.00 0.00 0.00 -0.00 0.00 0.00 -0.00 0.00 0.00 -0.00 0.00 0.00 -0.00 0.00 0.00 -0.00 0.00 0.00 -0.00 0.00 0.00 -0.00 0.00 0.00 -0.00 0.00 0.00 -0.00 0.00 0.00 -0.00 0.00 0.00 -0.00 0.00 0.00 -0.00 0.00 0.00 -0.00 0.00 0.00 -0.00 0.00
-0.0000 0.0223 0.0000 0.00 -0.00 0.00 0.00 -0.00 0.00 0.00 -0.00 0.00 0.00 -0.00 0.00 0.00 -0.00 0.00 0.00 -0.00 0.00 0.00 -0.00 0.00 0.00 -0.00 0.00 0.00 -0.00 0.00 0.00 -0.00 0.00 0.00 -0.00 0.00 0.00 -0.00 0.00 0.00 -0.00 0.00 0.00 -0.00 0.00 0.00 -0.00 0.00 0.00 -0.00 0.00 0.00 -0.00 0.00 0.00 -0.00 0.00 69.06 -37.95 134.56 -0.00 23.42 -0.00 -6.28 10.14 20.11 -1.35 12.81 32.73 0.00 0.00 -0.00 2.00 -0.02 0.61 -0.05 -0.29 8.55 -0.04 -0.15 4.31 0.00 0.00 -0.00 0.00 -0.00 1.62 -0.00 -0.00 16.38 0.00 0.00 8.49 0.00 0.00 -0.00 -2.00 0.08 2.24 0.26 0.63 19.89 0.20 0.31 10.45 0.00 0.00 -0.00 -4.00 0.02 0.25 0.02 0.30 4.34 0.02 0.15 2.16 0.00 -0.00 0.00 0.00 -0.00 0.00 0.00 -0.00 0.00 0.00 -0.00 0.00 0.00 -0.00 0.00 0.00 -0.00 0.00 0.00 -0.00 0.00 0.00 -0.00 0.00 0.00 -0.00 0.00 0.00 -0.00 0.00 0.00 -0.00 0.00 0.00 -0.00 0.00 0.00 -0.00 0.00 0.00 -0.00 0.00 0.00 -0.00 0.00 0.00 -0.00 0.00 0.00 -0.00 0.00 0.00 -0.00 0.00 0.00 -0.00 0.00 0.00 -0.00 0.00 0.00 -0.00 0.00 0.00 -0.00 0.00 0.00 -0.00 0.00
-0.0000 0.0221 0.0000 0.00 -0.00 0.00 0.00 -0.00 0.00 0.00 -0.00 0.00 0.00 -0.00 0.00 0.00 -0.00 0.00 0.00 -0.00 0.00 0.00 -0.00 0.00 0.00 -0.00 0.00 0.00 -0.00 0.00 0.00 -0.00 0.00 0.00 -0.00 0.00 0.00 -0.00 0.00 0.00 -0.00 0.00 0.00 -0.00 0.00 0.00 -0.00 0.00 0.00 -0.00 0.00 0.00 -0.00 0.00 0.00 -0.00 0.00 69.06 -37.95 134.56 -0.00 23.42 -0.00 -6.28 10.14 20.11 -1.35 12.81 32.73 0.00 0.00 -0.00 2.00 -0.02 0.61 -0.05 -0.29 8.55 -0.04 -0.15 4.31 0.00 0.00 -0.00 0.00 -0.00 1.62 -0.00 -0.00 16.38 0.00 0.00 8.49 0.00 0.00 -0.00 -2.00 0.08 2.24 0.26 0.63 19.89 0.20 0.31 10.45 0.00 0.00 -0.00 -4.00 0.02 0.25 0.02 0.30 4.34 0.02 0.15 2.16 0.00 -0.00 0.00 0.00 -0.00 0.00 0.00 -0.00 0.00 0.00 -0.00 0.00 0.00 -0.00 0.00 0.00 -0.00 0.00 0.00 -0.00 0.00 0.00 -0.00 0.00 0.00 -0.00 0.00 0.00 -0.00 0.00 0.00 -0.00 0.00 0.00 -0.00 0.00 0.00 -0.00 0.00 0.00 -0.00 0.00 0.00 -0.00 0.00 0.00 -0.00 0.00 0.00 -0.00 0.00 0.00 -0.00 0.00 0.00 -0.00 0.00 0.00 -0.00 0.00 0.00 -0.00 0.00 0.00 -0.00 0.00 0.00 -0.00 0.00
-0.0000 0.0218 0.0000 0.00 -0.00 0.00 0.00 -0.00 0.00 0.00 -0.00 0.00 0.00 -0.00 0.00 0.00 -0.00 0.00 0.00 -0.00 0.00 0.00 -0.00 0.00 0.00 -0.00 0.00 0.00 -0.00 0.00 0.00 -0.00 0.00 0.00 -0.00 0.00 0.00 -0.00 0.00 0.00 -0.00 0.00 0.00 -0.00 0.00 0.00 -0.00 0.00 0.00 -0.00 0.00 0.00 -0.00 0.00 0.00 -0.00 0.00 69.06 -37.95 134.56 -0.00 23.42 -0.00 -6.28 10.14 20.11 -1.35 12.81 32.73 0.00 0.00 -0.00 2.00 -0.02 0.61 -0.05 -0.29 8.55 -0.04 -0.15 4.31 0.00 0.00 -0.00 0.00 -0.00 1.62 -0.00 -0.00 16.38 0.00 0.00 8.49 0.00 0.00 -0.00 -2.00 0.08 2.24 0.26 0.63 19.89 0.20 0.31 10.45 0.00 0.00 -0.00 -4.00 0.02 0.25 0.02 0.30 4.34 0.02 0.15 2.16 0.00 -0.00 0.00 0.00 -0.00 0.00 0.00 -0.00 0.00 0.00 -0.00 0.00 0.00 -0.00 0.00 0.00 -0.00 0.00 0.00 -0.00 0.00 0.00 -0.00 0.00 0.00 -0.00 0.00 0.00 -0.00 0.00 0.00 -0.00 0.00 0.00 -0.00 0.00 0.00 -0.00 0.00 0.00 -0.00 0.00 0.00 -0.00 0.00 0.00 -0.00 0.00 0.00 -0.00 0.00 0.00 -0.00 0.00 0.00 -0.00 0.00 0.00 -0.00 0.00 0.00 -0.00 0.00 0.00 -0.00 0.00 0.00 -0.00 0.00
-0.0000 0.0215 0.0000 0.00 -0.00 0.00 0.00 -0.00 0.00 0.00 -0.00 0.00 0.00 -0.00 0.00 0.00 -0.00 0.00 0.00 -0.00 0.00 0.00 -0.00 0.00 0.00 -0.00 0.00 0.00 -0.00 0.00 0.00 -0.00 0.00 0.00 -0.00 0.00 0.00 -0.00 0.00 0.00 -0.00 0.00 0.00 -0.00 0.00 0.00 -0.00 0.00 0.00 -0.00 0.00 0.00 -0.00 0.00 0.00 -0.00 0.00 69.06 -37.95 134.56 -0.00 23.42 -0.00 -6.28 10.14 20.11 -1.35 12.81 32.73 0.00 0.00 -0.00 2.00 -0.02 0.61 -0.05 -0.29 8.55 -0.04 -0.15 4.31 0.00 0.00 -0.00 0.00 -0.00 1.62 -0.00 -0.00 16.38 0.00 0.00 8.49 0.00 0.00 -0.00 -2.00 0.08 2.24 0.26 0.63 19.89 0.20 0.31 10.45 0.00 0.00 -0.00 -4.00 0.02 0.25 0.02 0.30 4.34 0.02 0.15 2.16 0.00 -0.00 0.00 0.00 -0.00 0.00 0.00 -0.00 0.00 0.00 -0.00 0.00 0.00 -0.00 0.00 0.00 -0.00 0.00 0.00 -0.00 0.00 0.00 -0.00 0.00 0.00 -0.00 0.00 0.00 -0.00 0.00 0.00 -0.00 0.00 0.00 -0.00 0.00 0.00 -0.00 0.00 0.00 -0.00 0.00 0.00 -0.00 0.00 0.00 -0.00 0.00 0.00 -0.00 0.00 0.00 -0.00 0.00 0.00 -0.00 0.00 0.00 -0.00 0.00 0.00 -0.00 0.00 0.00 -0.00 0.00 0.00 -0.00 0.00
-0.0000 0.0218 0.0000 0.00 -0.00 0.00 0.00 -0.00 0.00 0.00 -0.00 0.00 0.00 -0.00 0.00 0.00 -0.00 0.00 0.00 -0.00 0.00 0.00 -0.00 0.00 0.00 -0.00 0.00 0.00 -0.00 0.00 0.00 -0.00 0.00 0.00 -0.00 0.00 0.00 -0.00 0.00 0.00 -0.00 0.00 0.00 -0.00 0.00 0.00 -0.00 0.00 0.00 -0.00 0.00 0.00 -0.00 0.00 0.00 -0.00 0.00 69.06 -37.95 134.56 -0.00 23.42 -0.00 -6.28 10.14 20.11 -1.35 12.81 32.73 0.00 0.00 -0.00 2.00 -0.02 0.61 -0.05 -0.29 8.55 -0.04 -0.15 4.31 0.00 0.00 -0.00 0.00 -0.00 1.62 -0.00 -0.00 16.38 0.00 0.00 8.49 0.00 0.00 -0.00 -2.00 0.08 2.24 0.26 0.63 19.89 0.20 0.31 10.45 0.00 0.00 -0.00 -4.00 0.02 0.25 0.02 0.30 4.34 0.02 0.15 2.16 0.00 -0.00 0.00 0.00 -0.00 0.00 0.00 -0.00 0.00 0.00 -0.00 0.00 0.00 -0.00 0.00 0.00 -0.00 0.00 0.00 -0.00 0.00 0.00 -0.00 0.00 0.00 -0.00 0.00 0.00 -0.00 0.00 0.00 -0.00 0.00 0.00 -0.00 0.00 0.00 -0.00 0.00 0.00 -0.00 0.00 0.00 -0.00 0.00 0.00 -0.00 0.00 0.00 -0.00 0.00 0.00 -0.00 0.00 0.00 -0.00 0.00 0.00 -0.00 0.00 0.00 -0.00 0.00 0.00 -0.00 0.00 0.00 -0.00 0.00
-0.0000 0.0220 0.0000 0.00 -0.00 0.00 0.00 -0.00 0.00 0.00 -0.00 0.00 0.00 -0.00 0.00 0.00 -0.00 0.00 0.00 -0.00 0.00 0.00 -0.00 0.00 0.00 -0.00 0.00 0.00 -0.00 0.00 0.00 -0.00 0.00 0.00 -0.00 0.00 0.00 -0.00 0.00 0.00 -0.00 0.00 0.00 -0.00 0.00 0.00 -0.00 0.00 0.00 -0.00 0.00 0.00 -0.00 0.00 0.00 -0.00 0.00 69.06 -37.95 134.56 -0.00 23.42 -0.00 -6.28 10.14 20.11 -1.35 12.81 32.73 0.00 0.00 -0.00 2.00 -0.02 0.61 -0.05 -0.29 8.55 -0.04 -0.15 4.31 0.00 0.00 -0.00 0.00 -0.00 1.62 -0.00 -0.00 16.38 0.00 0.00 8.49 0.00 0.00 -0.00 -2.00 0.08 2.24 0.26 0.63 19.89 0.20 0.31 10.45 0.00 0.00 -0.00 -4.00 0.02 0.25 0.02 0.30 4.34 0.02 0.15 2.16 0.00 -0.00 0.00 0.00 -0.00 0.00 0.00 -0.00 0.00 0.00 -0.00 0.00 0.00 -0.00 0.00 0.00 -0.00 0.00 0.00 -0.00 0.00 0.00 -0.00 0.00 0.00 -0.00 0.00 0.00 -0.00 0.00 0.00 -0.00 0.00 0.00 -0.00 0.00 0.00 -0.00 0.00 0.00 -0.00 0.00 0.00 -0.00 0.00 0.00 -0.00 0.00 0.00 -0.00 0.00 0.00 -0.00 0.00 0.00 -0.00 0.00 0.00 -0.00 0.00 0.00 -0.00 0.00 0.00 -0.00 0.00 0.00 -0.00 0.00
-0.0000 0.0223 0.0000 0.00 -0.00 0.00 0.00 -0.00 0.00 0.00 -0.00 0.00 0.00 -0.00 0.00 0.00 -0.00 0.00 0.00 -0.00 0.00 0.00 -0.00 0.00 0.00 -0.00 0.00 0.00 -0.00 0.00 0.00 -0.00 0.00 0.00 -0.00 0.00 0.00 -0.00 0.00 0.00 -0.00 0.00 0.00 -0.00 0.00 0.00 -0.00 0.00 0.00 -0.00 0.00 0.00 -0.00 0.00 0.00 -0.00 0.00 69.06 -37.95 134.56 -0.00 23.42 -0.00 -6.28 10.14 20.11 -1.35 12.81 32.73 0.00 0.00 -0.00 2.00 -0.02 0.61 -0.05 -0.29 8.55 -0.04 -0.15 4.31 0.00 0.00 -0.00 0.00 -0.00 1.62 -0.00 -0.00 16.38 0.00 0.00 8.49 0.00 0.00 -0.00 -2.00 0.08 2.24 0.26 0.63 19.89 0.20 0.31 10.45 0.00 0.00 -0.00 -4.00 0.02 0.25 0.02 0.30 4.34 0.02 0.15 2.16 0.00 -0.00 0.00 0.00 -0.00 0.00 0.00 -0.00 0.00 0.00 -0.00 0.00 0.00 -0.00 0.00 0.00 -0.00 0.00 0.00 -0.00 0.00 0.00 -0.00 0.00 0.00 -0.00 0.00 0.00 -0.00 0.00 0.00 -0.00 0.00 0.00 -0.00 0.00 0.00 -0.00 0.00 0.00 -0.00 0.00 0.00 -0.00 0.00 0.00 -0.00 0.00 0.00 -0.00 0.00 0.00 -0.00 0.00 0.00 -0.00 0.00 0.00 -0.00 0.00 0.00 -0.00 0.00 0.00 -0.00 0.00 0.00 -0.00 0.00
-0.0000 0.0216 0.0000 0.00 -0.00 0.00 0.00 -0.00 0.00 0.00 -0.00 0.00 0.00 -0.00 0.00 0.00 -0.00 0.00 0.00 -0.00 0.00 0.00 -0.00 0.00 0.00 -0.00 0.00 0.00 -0.00 0.00 0.00 -0.00 0.00 0.00 -0.00 0.00 0.00 -0.00 0.00 0.00 -0.00 0.00 0.00 -0.00 0.00 0.00 -0.00 0.00 0.00 -0.00 0.00 0.00 -0.00 0.00 0.00 -0.00 0.00 69.06 -37.95 134.56 -0.00 23.42 -0.00 -6.28 10.14 20.11 -1.35 12.81 32.73 0.00 0.00 -0.00 2.00 -0.02 0.61 -0.05 -0.29 8.55 -0.04 -0.15 4.31 0.00 0.00 -0.00 0.00 -0.00 1.62 -0.00 -0.00 16.38 0.00 0.00 8.49 0.00 0.00 -0.00 -2.00 0.08 2.24 0.26 0.63 19.89 0.20 0.31 10.45 0.00 0.00 -0.00 -4.00 0.02 0.25 0.02 0.30 4.34 0.02 0.15 2.16 0.00 -0.00 0.00 0.00 -0.00 0.00 0.00 -0.00 0.00 0.00 -0.00 0.00 0.00 -0.00 0.00 0.00 -0.00 0.00 0.00 -0.00 0.00 0.00 -0.00 0.00 0.00 -0.00 0.00 0.00 -0.00 0.00 0.00 -0.00 0.00 0.00 -0.00 0.00 0.00 -0.00 0.00 0.00 -0.00 0.00 0.00 -0.00 0.00 0.00 -0.00 0.00 0.00 -0.00 0.00 0.00 -0.00 0.00 0.00 -0.00 0.00 0.00 -0.00 0.00 0.00 -0.00 0.00 0.00 -0.00 0.00 0.00 -0.00 0.00
-0.0000 0.0214 0.0000 0.00 -0.00 0.00 0.00 -0.00 0.00 0.00 -0.00 0.00 0.00 -0.00 0.00 0.00 -0.00 0.00 0.00 -0.00 0.00 0.00 -0.00 0.00 0.00 -0.00 0.00 0.00 -0.00 0.00 0.00 -0.00 0.00 0.00 -0.00 0.00 0.00 -0.00 0.00 0.00 -0.00 0.00 0.00 -0.00 0.00 0.00 -0.00 0.00 0.00 -0.00 0.00 0.00 -0.00 0.00 0.00 -0.00 0.00 69.06 -37.95 134.56 -0.00 23.42 -0.00 -6.28 10.14 20.11 -1.35 12.81 32.73 0.00 0.00 -0.00 2.00 -0.02 0.61 -0.05 -0.29 8.55 -0.04 -0.15 4.31 0.00 0.00 -0.00 0.00 -0.00 1.62 -0.00 -0.00 16.38 0.00 0.00 8.49 0.00 0.00 -0.00 -2.00 0.08 2.24 0.26 0.63 19.89 0.20 0.31 10.45 0.00 0.00 -0.00 -4.00 0.02 0.25 0.02 0.30 4.34 0.02 0.15 2.16 0.00 -0.00 0.00 0.00 -0.00 0.00 0.00 -0.00 0.00 0.00 -0.00 0.00 0.00 -0.00 0.00 0.00 -0.00 0.00 0.00 -0.00 0.00 0.00 -0.00 0.00 0.00 -0.00 0.00 0.00 -0.00 0.00 0.00 -0.00 0.00 0.00 -0.00 0.00 0.00 -0.00 0.00 0.00 -0.00 0.00 0.00 -0.00 0.00 0.00 -0.00 0.00 0.00 -0.00 0.00 0.00 -0.00 0.00 0.00 -0.00 0.00 0.00 -0.00 0.00 0.00 -0.00 0.00 0.00 -0.00 0.00 0.00 -0.00 0.00
-0.0000 0.0211 0.0000 0.00 -0.00 0.00 0.00 -0.00 0.00 0.00 -0.00 0.00 0.00 -0.00 0.00 0.00 -0.00 0.00 0.00 -0.00 0.00 0.00 -0.00 0.00 0.00 -0.00 0.00 0.00 -0.00 0.00 0.00 -0.00 0.00 0.00 -0.00 0.00 0.00 -0.00 0.00 0.00 -0.00 0.00 0.00 -0.00 0.00 0.00 -0.00 0.00 0.00 -0.00 0.00 0.00 -0.00 0.00 0.00 -0.00 0.00 69.06 -37.95 134.56 -0.00 23.42 -0.00 -6.28 10.14 20.11 -1.35 12.81 32.73 0.00 0.00 -0.00 2.00 -0.02 0.61 -0.05 -0.29 8.55 -0.04 -0.15 4.31 0.00 0.00 -0.00 0.00 -0.00 1.62 -0.00 -0.00 16.38 0.00 0.00 8.49 0.00 0.00 -0.00 -2.00 0.08 2.24 0.26 0.63 19.89 0.20 0.31 10.45 0.00 0.00 -0.00 -4.00 0.02 0.25 0.02 0.30 4.34 0.02 0.15 2.16 0.00 -0.00 0.00 0.00 -0.00 0.00 0.00 -0.00 0.00 0.00 -0.00 0.00 0.00 -0.00 0.00 0.00 -0.00 0.00 0.00 -0.00 0.00 0.00 -0.00 0.00 0.00 -0.00 0.00 0.00 -0.00 0.00 0.00 -0.00 0.00 0.00 -0.00 0.00 0.00 -0.00 0.00 0.00 -0.00 0.00 0.00 -0.00 0.00 0.00 -0.00 0.00 0.00 -0.00 0.00 0.00 -0.00 0.00 0.00 -0.00 0.00 0.00 -0.00 0.00 0.00 -0.00 0.00 0.00 -0.00 0.00 0.00 -0.00 0.00
-0.0000 0.0208 0.0000 0.00 -0.00 0.00 0.00 -0.00 0.00 0.00 -0.00 0.00 0.00 -0.00 0.00 0.00 -0.00 0.00 0.00 -0.00 0.00 0.00 -0.00 0.00 0.00 -0.00 0.00 0.00 -0.00 0.00 0.00 -0.00 0.00 0.00 -0.00 0.00 0.00 -0.00 0.00 0.00 -0.00 0.00 0.00 -0.00 0.00 0.00 -0.00 0.00 0.00 -0.00 0.00 0.00 -0.00 0.00 0.00 -0.00 0.00 69.06 -37.95 134.56 -0.00 23.42 -0.00 -6.28 10.14 20.11 -1.35 12.81 32.73 0.00 0.00 -0.00 2.00 -0.02 0.61 -0.05 -0.29 8.55 -0.04 -0.15 4.31 0.00 0.00 -0.00 0.00 -0.00 1.62 -0.00 -0.00 16.38 0.00 0.00 8.49 0.00 0.00 -0.00 -2.00 0.08 2.24 0.26 0.63 19.89 0.20 0.31 10.45 0.00 0.00 -0.00 -4.00 0.02 0.25 0.02 0.30 4.34 0.02 0.15 2.16 0.00 -0.00 0.00 0.00 -0.00 0.00 0.00 -0.00 0.00 0.00 -0.00 0.00 0.00 -0.00 0.00 0.00 -0.00 0.00 0.00 -0.00 0.00 0.00 -0.00 0.00 0.00 -0.00 0.00 0.00 -0.00 0.00 0.00 -0.00 0.00 0.00 -0.00 0.00 0.00 -0.00 0.00 0.00 -0.00 0.00 0.00 -0.00 0.00 0.00 -0.00 0.00 0.00 -0.00 0.00 0.00 -0.00 0.00 0.00 -0.00 0.00 0.00 -0.00 0.00 0.00 -0.00 0.00 0.00 -0.00 0.00 0.00 -0.00 0.00
-0.0000 0.0217 0.0000 0.00 -0.00 0.00 0.00 -0.00 0.00 0.00 -0.00 0.00 0.00 -0.00 0.00 0.00 -0.00 0.00 0.00 -0.00 0.00 0.00 -0.00 0.00 0.00 -0.00 0.00 0.00 -0.00 0.00 0.00 -0.00 0.00 0.00 -0.00 0.00 0.00 -0.00 0.00 0.00 -0.00 0.00 0.00 -0.00 0.00 0.00 -0.00 0.00 0.00 -0.00 0.00 0.00 -0.00 0.00 0.00 -0.00 0.00 69.06 -37.95 134.56 -0.00 23.42 -0.00 -6.28 10.14 20.11 -1.35 12.81 32.73 0.00 0.00 -0.00 2.00 -0.02 0.61 -0.05 -0.29 8.55 -0.04 -0.15 4.31 0.00 0.00 -0.00 0.00 -0.00 1.62 -0.00 -0.00 16.38 0.00 0.00 8.49 0.00 0.00 -0.00 -2.00 0.08 2.24 0.26 0.63 19.89 0.20 0.31 10.45 0.00 0.00 -0.00 -4.00 0.02 0.25 0.02 0.30 4.34 0.02 0.15 2.16 0.00 -0.00 0.00 0.00 -0.00 0.00 0.00 -0.00 0.00 0.00 -0.00 0.00 0.00 -0.00 0.00 0.00 -0.00 0.00 0.00 -0.00 0.00 0.00 -0.00 0.00 0.00 -0.00 0.00 0.00 -0.00 0.00 0.00 -0.00 0.00 0.00 -0.00 0.00 0.00 -0.00 0.00 0.00 -0.00 0.00 0.00 -0.00 0.00 0.00 -0.00 0.00 0.00 -0.00 0.00 0.00 -0.00 0.00 0.00 -0.00 0.00 0.00 -0.00 0.00 0.00 -0.00 0.00 0.00 -0.00 0.00 0.00 -0.00 0.00
-0.0000 0.0221 0.0000 0.00 -0.00 0.00 0.00 -0.00 0.00 0.00 -0.00 0.00 0.00 -0.00 0.00 0.00 -0.00 0.00 0.00 -0.00 0.00 0.00 -0.00 0.00 0.00 -0.00 0.00 0.00 -0.00 0.00 0.00 -0.00 0.00 0.00 -0.00 0.00 0.00 -0.00 0.00 0.00 -0.00 0.00 0.00 -0.00 0.00 0.00 -0.00 0.00 0.00 -0.00 0.00 0.00 -0.00 0.00 0.00 -0.00 0.00 69.06 -37.95 134.56 -0.00 23.42 -0.00 -6.28 10.14 20.11 -1.35 12.81 32.73 0.00 0.00 -0.00 2.00 -0.02 0.61 -0.05 -0.29 8.55 -0.04 -0.15 4.31 0.00 0.00 -0.00 0.00 -0.00 1.62 -0.00 -0.00 16.38 0.00 0.00 8.49 0.00 0.00 -0.00 -2.00 0.08 2.24 0.26 0.63 19.89 0.20 0.31 10.45 0.00 0.00 -0.00 -4.00 0.02 0.25 0.02 0.30 4.34 0.02 0.15 2.16 0.00 -0.00 0.00 0.00 -0.00 0.00 0.00 -0.00 0.00 0.00 -0.00 0.00 0.00 -0.00 0.00 0.00 -0.00 0.00 0.00 -0.00 0.00 0.00 -0.00 0.00 0.00 -0.00 0.00 0.00 -0.00 0.00 0.00 -0.00 0.00 0.00 -0.00 0.00 0.00 -0.00 0.00 0.00 -0.00 0.00 0.00 -0.00 0.00 0.00 -0.00 0.00 0.00 -0.00 0.00 0.00 -0.00 0.00 0.00 -0.00 0.00 0.00 -0.00 0.00 0.00 -0.00 0.00 0.00 -0.00 0.00 0.00 -0.00 0.00
-0.0000 0.0215 0.0000 0.00 -0.00 0.00 0.00 -0.00 0.00 0.00 -0.00 0.00 0.00 -0.00 0.00 0.00 -0.00 0.00 0.00 -0.00 0.00 0.00 -0.00 0.00 0.00 -0.00 0.00 0.00 -0.00 0.00 0.00 -0.00 0.00 0.00 -0.00 0.00 0.00 -0.00 0.00 0.00 -0.00 0.00 0.00 -0.00 0.00 0.00 -0.00 0.00 0.00 -0.00 0.00 0.00 -0.00 0.00 0.00 -0.00 0.00 69.06 -37.95 134.56 -0.00 23.42 -0.00 -6.28 10.14 20.11 -1.35 12.81 32.73 0.00 0.00 -0.00 2.00 -0.02 0.61 -0.05 -0.29 8.55 -0.04 -0.15 4.31 0.00 0.00 -0.00 0.00 -0.00 1.62 -0.00 -0.00 16.38 0.00 0.00 8.49 0.00 0.00 -0.00 -2.00 0.08 2.24 0.26 0.63 19.89 0.20 0.31 10.45 0.00 0.00 -0.00 -4.00 0.02 0.25 0.02 0.30 4.34 0.02 0.15 2.16 0.00 -0.00 0.00 0.00 -0.00 0.00 0.00 -0.00 0.00 0.00 -0.00 0.00 0.00 -0.00 0.00 0.00 -0.00 0.00 0.00 -0.00 0.00 0.00 -0.00 0.00 0.00 -0.00 0.00 0.00 -0.00 0.00 0.00 -0.00 0.00 0.00 -0.00 0.00 0.00 -0.00 0.00 0.00 -0.00 0.00 0.00 -0.00 0.00 0.00 -0.00 0.00 0.00 -0.00 0.00 0.00 -0.00 0.00 0.00 -0.00 0.00 0.00 -0.00 0.00 0.00 -0.00 0.00 0.00 -0.00 0.00 0.00 -0.00 0.00
-0.0000 0.0206 0.0000 0.00 -0.00 0.00 0.00 -0.00 0.00 0.00 -0.00 0.00 0.00 -0.00 0.00 0.00 -0.00 0.00 0.00 -0.00 0.00 0.00 -0.00 0.00 0.00 -0.00 0.00 0.00 -0.00 0.00 0.00 -0.00 0.00 0.00 -0.00 0.00 0.00 -0.00 0.00 0.00 -0.00 0.00 0.00 -0.00 0.00 0.00 -0.00 0.00 0.00 -0.00 0.00 0.00 -0.00 0.00 0.00 -0.00 0.00 69.06 -37.95 134.56 -0.00 23.42 -0.00 -6.28 10.14 20.11 -1.35 12.81 32.73 0.00 0.00 -0.00 2.00 -0.02 0.61 -0.05 -0.29 8.55 -0.04 -0.15 4.31 0.00 0.00 -0.00 0.00 -0.00 1.62 -0.00 -0.00 16.38 0.00 0.00 8.49 0.00 0.00 -0.00 -2.00 0.08 2.24 0.26 0.63 19.89 0.20 0.31 10.45 0.00 0.00 -0.00 -4.00 0.02 0.25 0.02 0.30 4.34 0.02 0.15 2.16 0.00 -0.00 0.00 0.00 -0.00 0.00 0.00 -0.00 0.00 0.00 -0.00 0.00 0.00 -0.00 0.00 0.00 -0.00 0.00 0.00 -0.00 0.00 0.00 -0.00 0.00 0.00 -0.00 0.00 0.00 -0.00 0.00 0.00 -0.00 0.00 0.00 -0.00 0.00 0.00 -0.00 0.00 0.00 -0.00 0.00 0.00 -0.00 0.00 0.00 -0.00 0.00 0.00 -0.00 0.00 0.00 -0.00 0.00 0.00 -0.00 0.00 0.00 -0.00 0.00 0.00 -0.00 0.00 0.00 -0.00 0.00 0.00 -0.00 0.00
-0.0000 0.0212 0.0000 0.00 -0.00 0.00 0.00 -0.00 0.00 0.00 -0.00 0.00 0.00 -0.00 0.00 0.00 -0.00 0.00 0.00 -0.00 0.00 0.00 -0.00 0.00 0.00 -0.00 0.00 0.00 -0.00 0.00 0.00 -0.00 0.00 0.00 -0.00 0.00 0.00 -0.00 0.00 0.00 -0.00 0.00 0.00 -0.00 0.00 0.00 -0.00 0.00 0.00 -0.00 0.00 0.00 -0.00 0.00 0.00 -0.00 0.00 69.06 -37.95 134.56 -0.00 23.42 -0.00 -6.28 10.14 20.11 -1.35 12.81 32.73 0.00 0.00 -0.00 2.00 -0.02 0.61 -0.05 -0.29 8.55 -0.04 -0.15 4.31 0.00 0.00 -0.00 0.00 -0.00 1.62 -0.00 -0.00 16.38 0.00 0.00 8.49 0.00 0.00 -0.00 -2.00 0.08 2.24 0.26 0.63 19.89 0.20 0.31 10.45 0.00 0.00 -0.00 -4.00 0.02 0.25 0.02 0.30 4.34 0.02 0.15 2.16 0.00 -0.00 0.00 0.00 -0.00 0.00 0.00 -0.00 0.00 0.00 -0.00 0.00 0.00 -0.00 0.00 0.00 -0.00 0.00 0.00 -0.00 0.00 0.00 -0.00 0.00 0.00 -0.00 0.00 0.00 -0.00 0.00 0.00 -0.00 0.00 0.00 -0.00 0.00 0.00 -0.00 0.00 0.00 -0.00 0.00 0.00 -0.00 0.00 0.00 -0.00 0.00 0.00 -0.00 0.00 0.00 -0.00 0.00 0.00 -0.00 0.00 0.00 -0.00 0.00 0.00 -0.00 0.00 0.00 -0.00 0.00 0.00 -0.00 0.00
-0.0000 0.0218 0.0000 0.00 -0.00 0.00 0.00 -0.00 0.00 0.00 -0.00 0.00 0.00 -0.00 0.00 0.00 -0.00 0.00 0.00 -0.00 0.00 0.00 -0.00 0.00 0.00 -0.00 0.00 0.00 -0.00 0.00 0.00 -0.00 0.00 0.00 -0.00 0.00 0.00 -0.00 0.00 0.00 -0.00 0.00 0.00 -0.00 0.00 0.00 -0.00 0.00 0.00 -0.00 0.00 0.00 -0.00 0.00 0.00 -0.00 0.00 69.06 -37.95 134.56 -0.00 23.42 -0.00 -6.28 10.14 20.11 -1.35 12.81 32.73 0.00 0.00 -0.00 2.00 -0.02 0.61 -0.05 -0.29 8.55 -0.04 -0.15 4.31 0.00 0.00 -0.00 0.00 -0.00 1.62 -0.00 -0.00 16.38 0.00 0.00 8.49 0.00 0.00 -0.00 -2.00 0.08 2.24 0.26 0.63 19.89 0.20 0.31 10.45 0.00 0.00 -0.00 -4.00 0.02 0.25 0.02 0.30 4.34 0.02 0.15 2.16 0.00 -0.00 0.00 0.00 -0.00 0.00 0.00 -0.00 0.00 0.00 -0.00 0.00 0.00 -0.00 0.00 0.00 -0.00 0.00 0.00 -0.00 0.00 0.00 -0.00 0.00 0.00 -0.00 0.00 0.00 -0.00 0.00 0.00 -0.00 0.00 0.00 -0.00 0.00 0.00 -0.00 0.00 0.00 -0.00 0.00 0.00 -0.00 0.00 0.00 -0.00 0.00 0.00 -0.00 0.00 0.00 -0.00 0.00 0.00 -0.00 0.00 0.00 -0.00 0.00 0.00 -0.00 0.00 0.00 -0.00 0.00 0.00 -0.00 0.00
-0.0000 0.0221 0.0000 0.00 -0.00 0.00 0.00 -0.00 0.00 0.00 -0.00 0.00 0.00 -0.00 0.00 0.00 -0.00 0.00 0.00 -0.00 0.00 0.00 -0.00 0.00 0.00 -0.00 0.00 0.00 -0.00 0.00 0.00 -0.00 0.00 0.00 -0.00 0.00 0.00 -0.00 0.00 0.00 -0.00 0.00 0.00 -0.00 0.00 0.00 -0.00 0.00 0.00 -0.00 0.00 0.00 -0.00 0.00 0.00 -0.00 0.00 69.06 -37.95 134.56 -0.00 23.42 -0.00 -6.28 10.14 20.11 -1.35 12.81 32.73 0.00 0.00 -0.00 2.00 -0.02 0.61 -0.05 -0.29 8.55 -0.04 -0.15 4.31 0.00 0.00 -0.00 0.00 -0.00 1.62 -0.00 -0.00 16.38 0.00 0.00 8.49 0.00 0.00 -0.00 -2.00 0.08 2.24 0.26 0.63 19.89 0.20 0.31 10.45 0.00 0.00 -0.00 -4.00 0.02 0.25 0.02 0.30 4.34 0.02 0.15 2.16 0.00 -0.00 0.00 0.00 -0.00 0.00 0.00 -0.00 0.00 0.00 -0.00 0.00 0.00 -0.00 0.00 0.00 -0.00 0.00 0.00 -0.00 0.00 0.00 -0.00 0.00 0.00 -0.00 0.00 0.00 -0.00 0.00 0.00 -0.00 0.00 0.00 -0.00 0.00 0.00 -0.00 0.00 0.00 -0.00 0.00 0.00 -0.00 0.00 0.00 -0.00 0.00 0.00 -0.00 0.00 0.00 -0.00 0.00 0.00 -0.00 0.00 0.00 -0.00 0.00 0.00 -0.00 0.00 0.00 -0.00 0.00 0.00 -0.00 0.00
-0.0000 0.0219 0.0000 0.00 -0.00 0.00 0.00 -0.00 0.00 0.00 -0.00 0.00 0.00 -0.00 0.00 0.00 -0.00 0.00 0.00 -0.00 0.00 0.00 -0.00 0.00 0.00 -0.00 0.00 0.00 -0.00 0.00 0.00 -0.00 0.00 0.00 -0.00 0.00 0.00 -0.00 0.00 0.00 -0.00 0.00 0.00 -0.00 0.00 0.00 -0.00 0.00 0.00 -0.00 0.00 0.00 -0.00 0.00 0.00 -0.00 0.00 69.06 -37.95 134.56 -0.00 23.42 -0.00 -6.28 10.14 20.11 -1.35 12.81 32.73 0.00 0.00 -0.00 2.00 -0.02 0.61 -0.05 -0.29 8.55 -0.04 -0.15 4.31 0.00 0.00 -0.00 0.00 -0.00 1.62 -0.00 -0.00 16.38 0.00 0.00 8.49 0.00 0.00 -0.00 -2.00 0.08 2.24 0.26 0.63 19.89 0.20 0.31 10.45 0.00 0.00 -0.00 -4.00 0.02 0.25 0.02 0.30 4.34 0.02 0.15 2.16 0.00 -0.00 0.00 0.00 -0.00 0.00 0.00 -0.00 0.00 0.00 -0.00 0.00 0.00 -0.00 0.00 0.00 -0.00 0.00 0.00 -0.00 0.00 0.00 -0.00 0.00 0.00 -0.00 0.00 0.00 -0.00 0.00 0.00 -0.00 0.00 0.00 -0.00 0.00 0.00 -0.00 0.00 0.00 -0.00 0.00 0.00 -0.00 0.00 0.00 -0.00 0.00 0.00 -0.00 0.00 0.00 -0.00 0.00 0.00 -0.00 0.00 0.00 -0.00 0.00 0.00 -0.00 0.00 0.00 -0.00 0.00 0.00 -0.00 0.00
-0.0000 0.0214 0.0000 0.00 -0.00 0.00 0.00 -0.00 0.00 0.00 -0.00 0.00 0.00 -0.00 0.00 0.00 -0.00 0.00 0.00 -0.00 0.00 0.00 -0.00 0.00 0.00 -0.00 0.00 0.00 -0.00 0.00 0.00 -0.00 0.00 0.00 -0.00 0.00 0.00 -0.00 0.00 0.00 -0.00 0.00 0.00 -0.00 0.00 0.00 -0.00 0.00 0.00 -0.00 0.00 0.00 -0.00 0.00 0.00 -0.00 0.00 69.06 -37.95 134.56 -0.00 23.42 -0.00 -6.28 10.14 20.11 -1.35 12.81 32.73 0.00 0.00 -0.00 2.00 -0.02 0.61 -0.05 -0.29 8.55 -0.04 -0.15 4.31 0.00 0.00 -0.00 0.00 -0.00 1.62 -0.00 -0.00 16.38 0.00 0.00 8.49 0.00 0.00 -0.00 -2.00 0.08 2.24 0.26 0.63 19.89 0.20 0.31 10.45 0.00 0.00 -0.00 -4.00 0.02 0.25 0.02 0.30 4.34 0.02 0.15 2.16 0.00 -0.00 0.00 0.00 -0.00 0.00 0.00 -0.00 0.00 0.00 -0.00 0.00 0.00 -0.00 0.00 0.00 -0.00 0.00 0.00 -0.00 0.00 0.00 -0.00 0.00 0.00 -0.00 0.00 0.00 -0.00 0.00 0.00 -0.00 0.00 0.00 -0.00 0.00 0.00 -0.00 0.00 0.00 -0.00 0.00 0.00 -0.00 0.00 0.00 -0.00 0.00 0.00 -0.00 0.00 0.00 -0.00 0.00 0.00 -0.00 0.00 0.00 -0.00 0.00 0.00 -0.00 0.00 0.00 -0.00 0.00 0.00 -0.00 0.00
-0.0000 0.0220 0.0000 0.00 -0.00 0.00 0.00 -0.00 0.00 0.00 -0.00 0.00 0.00 -0.00 0.00 0.00 -0.00 0.00 0.00 -0.00 0.00 0.00 -0.00 0.00 0.00 -0.00 0.00 0.00 -0.00 0.00 0.00 -0.00 0.00 0.00 -0.00 0.00 0.00 -0.00 0.00 0.00 -0.00 0.00 0.00 -0.00 0.00 0.00 -0.00 0.00 0.00 -0.00 0.00 0.00 -0.00 0.00 0.00 -0.00 0.00 69.06 -37.95 134.56 -0.00 23.42 -0.00 -6.28 10.14 20.11 -1.35 12.81 32.73 0.00 0.00 -0.00 2.00 -0.02 0.61 -0.05 -0.29 8.55 -0.04 -0.15 4.31 0.00 0.00 -0.00 0.00 -0.00 1.62 -0.00 -0.00 16.38 0.00 0.00 8.49 0.00 0.00 -0.00 -2.00 0.08 2.24 0.26 0.63 19.89 0.20 0.31 10.45 0.00 0.00 -0.00 -4.00 0.02 0.25 0.02 0.30 4.34 0.02 0.15 2.16 0.00 -0.00 0.00 0.00 -0.00 0.00 0.00 -0.00 0.00 0.00 -0.00 0.00 0.00 -0.00 0.00 0.00 -0.00 0.00 0.00 -0.00 0.00 0.00 -0.00 0.00 0.00 -0.00 0.00 0.00 -0.00 0.00 0.00 -0.00 0.00 0.00 -0.00 0.00 0.00 -0.00 0.00 0.00 -0.00 0.00 0.00 -0.00 0.00 0.00 -0.00 0.00 0.00 -0.00 0.00 0.00 -0.00 0.00 0.00 -0.00 0.00 0.00 -0.00 0.00 0.00 -0.00 0.00 0.00 -0.00 0.00 0.00 -0.00 0.00
-0.0000 0.0232 0.0000 0.00 -0.00 0.00 0.00 -0.00 0.00 0.00 -0.00 0.00 0.00 -0.00 0.00 0.00 -0.00 0.00 0.00 -0.00 0.00 0.00 -0.00 0.00 0.00 -0.00 0.00 0.00 -0.00 0.00 0.00 -0.00 0.00 0.00 -0.00 0.00 0.00 -0.00 0.00 0.00 -0.00 0.00 0.00 -0.00 0.00 0.00 -0.00 0.00 0.00 -0.00 0.00 0.00 -0.00 0.00 0.00 -0.00 0.00 69.06 -37.95 134.56 -0.00 23.42 -0.00 -6.28 10.14 20.11 -1.35 12.81 32.73 0.00 0.00 -0.00 2.00 -0.02 0.61 -0.05 -0.29 8.55 -0.04 -0.15 4.31 0.00 0.00 -0.00 0.00 -0.00 1.62 -0.00 -0.00 16.38 0.00 0.00 8.49 0.00 0.00 -0.00 -2.00 0.08 2.24 0.26 0.63 19.89 0.20 0.31 10.45 0.00 0.00 -0.00 -4.00 0.02 0.25 0.02 0.30 4.34 0.02 0.15 2.16 0.00 -0.00 0.00 0.00 -0.00 0.00 0.00 -0.00 0.00 0.00 -0.00 0.00 0.00 -0.00 0.00 0.00 -0.00 0.00 0.00 -0.00 0.00 0.00 -0.00 0.00 0.00 -0.00 0.00 0.00 -0.00 0.00 0.00 -0.00 0.00 0.00 -0.00 0.00 0.00 -0.00 0.00 0.00 -0.00 0.00 0.00 -0.00 0.00 0.00 -0.00 0.00 0.00 -0.00 0.00 0.00 -0.00 0.00 0.00 -0.00 0.00 0.00 -0.00 0.00 0.00 -0.00 0.00 0.00 -0.00 0.00 0.00 -0.00 0.00
-0.0000 0.0230 0.0000 0.00 -0.00 0.00 0.00 -0.00 0.00 0.00 -0.00 0.00 0.00 -0.00 0.00 0.00 -0.00 0.00 0.00 -0.00 0.00 0.00 -0.00 0.00 0.00 -0.00 0.00 0.00 -0.00 0.00 0.00 -0.00 0.00 0.00 -0.00 0.00 0.00 -0.00 0.00 0.00 -0.00 0.00 0.00 -0.00 0.00 0.00 -0.00 0.00 0.00 -0.00 0.00 0.00 -0.00 0.00 0.00 -0.00 0.00 69.06 -37.95 134.56 -0.00 23.42 -0.00 -6.28 10.14 20.11 -1.35 12.81 32.73 0.00 0.00 -0.00 2.00 -0.02 0.61 -0.05 -0.29 8.55 -0.04 -0.15 4.31 0.00 0.00 -0.00 0.00 -0.00 1.62 -0.00 -0.00 16.38 0.00 0.00 8.49 0.00 0.00 -0.00 -2.00 0.08 2.24 0.26 0.63 19.89 0.20 0.31 10.45 0.00 0.00 -0.00 -4.00 0.02 0.25 0.02 0.30 4.34 0.02 0.15 2.16 0.00 -0.00 0.00 0.00 -0.00 0.00 0.00 -0.00 0.00 0.00 -0.00 0.00 0.00 -0.00 0.00 0.00 -0.00 0.00 0.00 -0.00 0.00 0.00 -0.00 0.00 0.00 -0.00 0.00 0.00 -0.00 0.00 0.00 -0.00 0.00 0.00 -0.00 0.00 0.00 -0.00 0.00 0.00 -0.00 0.00 0.00 -0.00 0.00 0.00 -0.00 0.00 0.00 -0.00 0.00 0.00 -0.00 0.00 0.00 -0.00 0.00 0.00 -0.00 0.00 0.00 -0.00 0.00 0.00 -0.00 0.00 0.00 -0.00 0.00
-0.0000 0.0218 0.0000 0.00 -0.00 0.00 0.00 -0.00 0.00 0.00 -0.00 0.00 0.00 -0.00 0.00 0.00 -0.00 0.00 0.00 -0.00 0.00 0.00 -0.00 0.00 0.00 -0.00 0.00 0.00 -0.00 0.00 0.00 -0.00 0.00 0.00 -0.00 0.00 0.00 -0.00 0.00 0.00 -0.00 0.00 0.00 -0.00 0.00 0.00 -0.00 0.00 0.00 -0.00 0.00 0.00 -0.00 0.00 0.00 -0.00 0.00 69.06 -37.95 134.56 -0.00 23.42 -0.00 -6.28 10.14 20.11 -1.35 12.81 32.73 0.00 0.00 -0.00 2.00 -0.02 0.61 -0.05 -0.29 8.55 -0.04 -0.15 4.31 0.00 0.00 -0.00 0.00 -0.00 1.62 -0.00 -0.00 16.38 0.00 0.00 8.49 0.00 0.00 -0.00 -2.00 0.08 2.24 0.26 0.63 19.89 0.20 0.31 10.45 0.00 0.00 -0.00 -4.00 0.02 0.25 0.02 0.30 4.34 0.02 0.15 2.16 0.00 -0.00 0.00 0.00 -0.00 0.00 0.00 -0.00 0.00 0.00 -0.00 0.00 0.00 -0.00 0.00 0.00 -0.00 0.00 0.00 -0.00 0.00 0.00 -0.00 0.00 0.00 -0.00 0.00 0.00 -0.00 0.00 0.00 -0.00 0.00 0.00 -0.00 0.00 0.00 -0.00 0.00 0.00 -0.00 0.00 0.00 -0.00 0.00 0.00 -0.00 0.00 0.00 -0.00 0.00 0.00 -0.00 0.00 0.00 -0.00 0.00 0.00 -0.00 0.00 0.00 -0.00 0.00 0.00 -0.00 0.00 0.00 -0.00 0.00
-0.0000 0.0222 0.0000 0.00 -0.00 0.00 0.00 -0.00 0.00 0.00 -0.00 0.00 0.00 -0.00 0.00 0.00 -0.00 0.00 0.00 -0.00 0.00 0.00 -0.00 0.00 0.00 -0.00 0.00 0.00 -0.00 0.00 0.00 -0.00 0.00 0.00 -0.00 0.00 0.00 -0.00 0.00 0.00 -0.00 0.00 0.00 -0.00 0.00 0.00 -0.00 0.00 0.00 -0.00 0.00 0.00 -0.00 0.00 0.00 -0.00 0.00 69.06 -37.95 134.56 -0.00 23.42 -0.00 -6.28 10.14 20.11 -1.35 12.81 32.73 0.00 0.00 -0.00 2.00 -0.02 0.61 -0.05 -0.29 8.55 -0.04 -0.15 4.31 0.00 0.00 -0.00 0.00 -0.00 1.62 -0.00 -0.00 16.38 0.00 0.00 8.49 0.00 0.00 -0.00 -2.00 0.08 2.24 0.26 0.63 19.89 0.20 0.31 10.45 0.00 0.00 -0.00 -4.00 0.02 0.25 0.02 0.30 4.34 0.02 0.15 2.16 0.00 -0.00 0.00 0.00 -0.00 0.00 0.00 -0.00 0.00 0.00 -0.00 0.00 0.00 -0.00 0.00 0.00 -0.00 0.00 0.00 -0.00 0.00 0.00 -0.00 0.00 0.00 -0.00 0.00 0.00 -0.00 0.00 0.00 -0.00 0.00 0.00 -0.00 0.00 0.00 -0.00 0.00 0.00 -0.00 0.00 0.00 -0.00 0.00 0.00 -0.00 0.00 0.00 -0.00 0.00 0.00 -0.00 0.00 0.00 -0.00 0.00 0.00 -0.00 0.00 0.00 -0.00 0.00 0.00 -0.00 0.00 0.00 -0.00 0.00
-0.0000 0.0221 0.0000 0.00 -0.00 0.00 0.00 -0.00 0.00 0.00 -0.00 0.00 0.00 -0.00 0.00 0.00 -0.00 0.00 0.00 -0.00 0.00 0.00 -0.00 0.00 0.00 -0.00 0.00 0.00 -0.00 0.00 0.00 -0.00 0.00 0.00 -0.00 0.00 0.00 -0.00 0.00 0.00 -0.00 0.00 0.00 -0.00 0.00 0.00 -0.00 0.00 0.00 -0.00 0.00 0.00 -0.00 0.00 0.00 -0.00 0.00 69.06 -37.95 134.56 -0.00 23.42 -0.00 -6.28 10.14 20.11 -1.35 12.81 32.73 0.00 0.00 -0.00 2.00 -0.02 0.61 -0.05 -0.29 8.55 -0.04 -0.15 4.31 0.00 0.00 -0.00 0.00 -0.00 1.62 -0.00 -0.00 16.38 0.00 0.00 8.49 0.00 0.00 -0.00 -2.00 0.08 2.24 0.26 0.63 19.89 0.20 0.31 10.45 0.00 0.00 -0.00 -4.00 0.02 0.25 0.02 0.30 4.34 0.02 0.15 2.16 0.00 -0.00 0.00 0.00 -0.00 0.00 0.00 -0.00 0.00 0.00 -0.00 0.00 0.00 -0.00 0.00 0.00 -0.00 0.00 0.00 -0.00 0.00 0.00 -0.00 0.00 0.00 -0.00 0.00 0.00 -0.00 0.00 0.00 -0.00 0.00 0.00 -0.00 0.00 0.00 -0.00 0.00 0.00 -0.00 0.00 0.00 -0.00 0.00 0.00 -0.00 0.00 0.00 -0.00 0.00 0.00 -0.00 0.00 0.00 -0.00 0.00 0.00 -0.00 0.00 0.00 -0.00 0.00 0.00 -0.00 0.00 0.00 -0.00 0.00
-0.0000 0.0224 0.0000 0.00 -0.00 0.00 0.00 -0.00 0.00 0.00 -0.00 0.00 0.00 -0.00 0.00 0.00 -0.00 0.00 0.00 -0.00 0.00 0.00 -0.00 0.00 0.00 -0.00 0.00 0.00 -0.00 0.00 0.00 -0.00 0.00 0.00 -0.00 0.00 0.00 -0.00 0.00 0.00 -0.00 0.00 0.00 -0.00 0.00 0.00 -0.00 0.00 0.00 -0.00 0.00 0.00 -0.00 0.00 0.00 -0.00 0.00 69.06 -37.95 134.56 -0.00 23.42 -0.00 -6.28 10.14 20.11 -1.35 12.81 32.73 0.00 0.00 -0.00 2.00 -0.02 0.61 -0.05 -0.29 8.55 -0.04 -0.15 4.31 0.00 0.00 -0.00 0.00 -0.00 1.62 -0.00 -0.00 16.38 0.00 0.00 8.49 0.00 0.00 -0.00 -2.00 0.08 2.24 0.26 0.63 19.89 0.20 0.31 10.45 0.00 0.00 -0.00 -4.00 0.02 0.25 0.02 0.30 4.34 0.02 0.15 2.16 0.00 -0.00 0.00 0.00 -0.00 0.00 0.00 -0.00 0.00 0.00 -0.00 0.00 0.00 -0.00 0.00 0.00 -0.00 0.00 0.00 -0.00 0.00 0.00 -0.00 0.00 0.00 -0.00 0.00 0.00 -0.00 0.00 0.00 -0.00 0.00 0.00 -0.00 0.00 0.00 -0.00 0.00 0.00 -0.00 0.00 0.00 -0.00 0.00 0.00 -0.00 0.00 0.00 -0.00 0.00 0.00 -0.00 0.00 0.00 -0.00 0.00 0.00 -0.00 0.00 0.00 -0.00 0.00 0.00 -0.00 0.00 0.00 -0.00 0.00
-0.0000 0.0230 0.0000 0.00 -0.00 0.00 0.00 -0.00 0.00 0.00 -0.00 0.00 0.00 -0.00 0.00 0.00 -0.00 0.00 0.00 -0.00 0.00 0.00 -0.00 0.00 0.00 -0.00 0.00 0.00 -0.00 0.00 0.00 -0.00 0.00 0.00 -0.00 0.00 0.00 -0.00 0.00 0.00 -0.00 0.00 0.00 -0.00 0.00 0.00 -0.00 0.00 0.00 -0.00 0.00 0.00 -0.00 0.00 0.00 -0.00 0.00 69.06 -37.95 134.56 -0.00 23.42 -0.00 -6.28 10.14 20.11 -1.35 12.81 32.73 0.00 0.00 -0.00 2.00 -0.02 0.61 -0.05 -0.29 8.55 -0.04 -0.15 4.31 0.00 0.00 -0.00 0.00 -0.00 1.62 -0.00 -0.00 16.38 0.00 0.00 8.49 0.00 0.00 -0.00 -2.00 0.08 2.24 0.26 0.63 19.89 0.20 0.31 10.45 0.00 0.00 -0.00 -4.00 0.02 0.25 0.02 0.30 4.34 0.02 0.15 2.16 0.00 -0.00 0.00 0.00 -0.00 0.00 0.00 -0.00 0.00 0.00 -0.00 0.00 0.00 -0.00 0.00 0.00 -0.00 0.00 0.00 -0.00 0.00 0.00 -0.00 0.00 0.00 -0.00 0.00 0.00 -0.00 0.00 0.00 -0.00 0.00 0.00 -0.00 0.00 0.00 -0.00 0.00 0.00 -0.00 0.00 0.00 -0.00 0.00 0.00 -0.00 0.00 0.00 -0.00 0.00 0.00 -0.00 0.00 0.00 -0.00 0.00 0.00 -0.00 0.00 0.00 -0.00 0.00 0.00 -0.00 0.00 0.00 -0.00 0.00
-0.0000 0.0221 0.0000 0.00 -0.00 0.00 0.00 -0.00 0.00 0.00 -0.00 0.00 0.00 -0.00 0.00 0.00 -0.00 0.00 0.00 -0.00 0.00 0.00 -0.00 0.00 0.00 -0.00 0.00 0.00 -0.00 0.00 0.00 -0.00 0.00 0.00 -0.00 0.00 0.00 -0.00 0.00 0.00 -0.00 0.00 0.00 -0.00 0.00 0.00 -0.00 0.00 0.00 -0.00 0.00 0.00 -0.00 0.00 0.00 -0.00 0.00 69.06 -37.95 134.56 -0.00 23.42 -0.00 -6.28 10.14 20.11 -1.35 12.81 32.73 0.00 0.00 -0.00 2.00 -0.02 0.61 -0.05 -0.29 8.55 -0.04 -0.15 4.31 0.00 0.00 -0.00 0.00 -0.00 1.62 -0.00 -0.00 16.38 0.00 0.00 8.49 0.00 0.00 -0.00 -2.00 0.08 2.24 0.26 0.63 19.89 0.20 0.31 10.45 0.00 0.00 -0.00 -4.00 0.02 0.25 0.02 0.30 4.34 0.02 0.15 2.16 0.00 -0.00 0.00 0.00 -0.00 0.00 0.00 -0.00 0.00 0.00 -0.00 0.00 0.00 -0.00 0.00 0.00 -0.00 0.00 0.00 -0.00 0.00 0.00 -0.00 0.00 0.00 -0.00 0.00 0.00 -0.00 0.00 0.00 -0.00 0.00 0.00 -0.00 0.00 0.00 -0.00 0.00 0.00 -0.00 0.00 0.00 -0.00 0.00 0.00 -0.00 0.00 0.00 -0.00 0.00 0.00 -0.00 0.00 0.00 -0.00 0.00 0.00 -0.00 0.00 0.00 -0.00 0.00 0.00 -0.00 0.00 0.00 -0.00 0.00
-0.0000 0.0215 0.0000 0.00 -0.00 0.00 0.00 -0.00 0.00 0.00 -0.00 0.00 0.00 -0.00 0.00 0.00 -0.00 0.00 0.00 -0.00 0.00 0.00 -0.00 0.00 0.00 -0.00 0.00 0.00 -0.00 0.00 0.00 -0.00 0.00 0.00 -0.00 0.00 0.00 -0.00 0.00 0.00 -0.00 0.00 0.00 -0.00 0.00 0.00 -0.00 0.00 0.00 -0.00 0.00 0.00 -0.00 0.00 0.00 -0.00 0.00 69.06 -37.95 134.56 -0.00 23.42 -0.00 -6.28 10.14 20.11 -1.35 12.81 32.73 0.00 0.00 -0.00 2.00 -0.02 0.61 -0.05 -0.29 8.55 -0.04 -0.15 4.31 0.00 0.00 -0.00 0.00 -0.00 1.62 -0.00 -0.00 16.38 0.00 0.00 8.49 0.00 0.00 -0.00 -2.00 0.08 2.24 0.26 0.63 19.89 0.20 0.31 10.45 0.00 0.00 -0.00 -4.00 0.02 0.25 0.02 0.30 4.34 0.02 0.15 2.16 0.00 -0.00 0.00 0.00 -0.00 0.00 0.00 -0.00 0.00 0.00 -0.00 0.00 0.00 -0.00 0.00 0.00 -0.00 0.00 0.00 -0.00 0.00 0.00 -0.00 0.00 0.00 -0.00 0.00 0.00 -0.00 0.00 0.00 -0.00 0.00 0.00 -0.00 0.00 0.00 -0.00 0.00 0.00 -0.00 0.00 0.00 -0.00 0.00 0.00 -0.00 0.00 0.00 -0.00 0.00 0.00 -0.00 0.00 0.00 -0.00 0.00 0.00 -0.00 0.00 0.00 -0.00 0.00 0.00 -0.00 0.00 0.00 -0.00 0.00
-0.0000 0.0222 0.0000 0.00 -0.00 0.00 0.00 -0.00 0.00 0.00 -0.00 0.00 0.00 -0.00 0.00 0.00 -0.00 0.00 0.00 -0.00 0.00 0.00 -0.00 0.00 0.00 -0.00 0.00 0.00 -0.00 0.00 0.00 -0.00 0.00 0.00 -0.00 0.00 0.00 -0.00 0.00 0.00 -0.00 0.00 0.00 -0.00 0.00 0.00 -0.00 0.00 0.00 -0.00 0.00 0.00 -0.00 0.00 0.00 -0.00 0.00 69.06 -37.95 134.56 -0.00 23.42 -0.00 -6.28 10.14 20.11 -1.35 12.81 32.73 0.00 0.00 -0.00 2.00 -0.02 0.61 -0.05 -0.29 8.55 -0.04 -0.15 4.31 0.00 0.00 -0.00 0.00 -0.00 1.62 -0.00 -0.00 16.38 0.00 0.00 8.49 0.00 0.00 -0.00 -2.00 0.08 2.24 0.26 0.63 19.89 0.20 0.31 10.45 0.00 0.00 -0.00 -4.00 0.02 0.25 0.02 0.30 4.34 0.02 0.15 2.16 0.00 -0.00 0.00 0.00 -0.00 0.00 0.00 -0.00 0.00 0.00 -0.00 0.00 0.00 -0.00 0.00 0.00 -0.00 0.00 0.00 -0.00 0.00 0.00 -0.00 0.00 0.00 -0.00 0.00 0.00 -0.00 0.00 0.00 -0.00 0.00 0.00 -0.00 0.00 0.00 -0.00 0.00 0.00 -0.00 0.00 0.00 -0.00 0.00 0.00 -0.00 0.00 0.00 -0.00 0.00 0.00 -0.00 0.00 0.00 -0.00 0.00 0.00 -0.00 0.00 0.00 -0.00 0.00 0.00 -0.00 0.00 0.00 -0.00 0.00
-0.0000 0.0226 0.0000 0.00 -0.00 0.00 0.00 -0.00 0.00 0.00 -0.00 0.00 0.00 -0.00 0.00 0.00 -0.00 0.00 0.00 -0.00 0.00 0.00 -0.00 0.00 0.00 -0.00 0.00 0.00 -0.00 0.00 0.00 -0.00 0.00 0.00 -0.00 0.00 0.00 -0.00 0.00 0.00 -0.00 0.00 0.00 -0.00 0.00 0.00 -0.00 0.00 0.00 -0.00 0.00 0.00 -0.00 0.00 0.00 -0.00 0.00 69.06 -37.95 134.56 -0.00 23.42 -0.00 -6.28 10.14 20.11 -1.35 12.81 32.73 0.00 0.00 -0.00 2.00 -0.02 0.61 -0.05 -0.29 8.55 -0.04 -0.15 4.31 0.00 0.00 -0.00 0.00 -0.00 1.62 -0.00 -0.00 16.38 0.00 0.00 8.49 0.00 0.00 -0.00 -2.00 0.08 2.24 0.26 0.63 19.89 0.20 0.31 10.45 0.00 0.00 -0.00 -4.00 0.02 0.25 0.02 0.30 4.34 0.02 0.15 2.16 0.00 -0.00 0.00 0.00 -0.00 0.00 0.00 -0.00 0.00 0.00 -0.00 0.00 0.00 -0.00 0.00 0.00 -0.00 0.00 0.00 -0.00 0.00 0.00 -0.00 0.00 0.00 -0.00 0.00 0.00 -0.00 0.00 0.00 -0.00 0.00 0.00 -0.00 0.00 0.00 -0.00 0.00 0.00 -0.00 0.00 0.00 -0.00 0.00 0.00 -0.00 0.00 0.00 -0.00 0.00 0.00 -0.00 0.00 0.00 -0.00 0.00 0.00 -0.00 0.00 0.00 -0.00 0.00 0.00 -0.00 0.00 0.00 -0.00 0.00
-0.0000 0.0226 0.0000 0.00 -0.00 0.00 0.00 -0.00 0.00 0.00 -0.00 0.00 0.00 -0.00 0.00 0.00 -0.00 0.00 0.00 -0.00 0.00 0.00 -0.00 0.00 0.00 -0.00 0.00 0.00 -0.00 0.00 0.00 -0.00 0.00 0.00 -0.00 0.00 0.00 -0.00 0.00 0.00 -0.00 0.00 0.00 -0.00 0.00 0.00 -0.00 0.00 0.00 -0.00 0.00 0.00 -0.00 0.00 0.00 -0.00 0.00 69.06 -37.95 134.56 -0.00 23.42 -0.00 -6.28 10.14 20.11 -1.35 12.81 32.73 0.00 0.00 -0.00 2.00 -0.02 0.61 -0.05 -0.29 8.55 -0.04 -0.15 4.31 0.00 0.00 -0.00 0.00 -0.00 1.62 -0.00 -0.00 16.38 0.00 0.00 8.49 0.00 0.00 -0.00 -2.00 0.08 2.24 0.26 0.63 19.89 0.20 0.31 10.45 0.00 0.00 -0.00 -4.00 0.02 0.25 0.02 0.30 4.34 0.02 0.15 2.16 0.00 -0.00 0.00 0.00 -0.00 0.00 0.00 -0.00 0.00 0.00 -0.00 0.00 0.00 -0.00 0.00 0.00 -0.00 0.00 0.00 -0.00 0.00 0.00 -0.00 0.00 0.00 -0.00 0.00 0.00 -0.00 0.00 0.00 -0.00 0.00 0.00 -0.00 0.00 0.00 -0.00 0.00 0.00 -0.00 0.00 0.00 -0.00 0.00 0.00 -0.00 0.00 0.00 -0.00 0.00 0.00 -0.00 0.00 0.00 -0.00 0.00 0.00 -0.00 0.00 0.00 -0.00 0.00 0.00 -0.00 0.00 0.00 -0.00 0.00
-0.0000 0.0223 0.0000 0.00 -0.00 0.00 0.00 -0.00 0.00 0.00 -0.00 0.00 0.00 -0.00 0.00 0.00 -0.00 0.00 0.00 -0.00 0.00 0.00 -0.00 0.00 0.00 -0.00 0.00 0.00 -0.00 0.00 0.00 -0.00 0.00 0.00 -0.00 0.00 0.00 -0.00 0.00 0.00 -0.00 0.00 0.00 -0.00 0.00 0.00 -0.00 0.00 0.00 -0.00 0.00 0.00 -0.00 0.00 0.00 -0.00 0.00 69.06 -37.95 134.56 -0.00 23.42 -0.00 -6.28 10.14 20.11 -1.35 12.81 32.73 0.00 0.00 -0.00 2.00 -0.02 0.61 -0.05 -0.29 8.55 -0.04 -0.15 4.31 0.00 0.00 -0.00 0.00 -0.00 1.62 -0.00 -0.00 16.38 0.00 0.00 8.49 0.00 0.00 -0.00 -2.00 0.08 2.24 0.26 0.63 19.89 0.20 0.31 10.45 0.00 0.00 -0.00 -4.00 0.02 0.25 0.02 0.30 4.34 0.02 0.15 2.16 0.00 -0.00 0.00 0.00 -0.00 0.00 0.00 -0.00 0.00 0.00 -0.00 0.00 0.00 -0.00 0.00 0.00 -0.00 0.00 0.00 -0.00 0.00 0.00 -0.00 0.00 0.00 -0.00 0.00 0.00 -0.00 0.00 0.00 -0.00 0.00 0.00 -0.00 0.00 0.00 -0.00 0.00 0.00 -0.00 0.00 0.00 -0.00 0.00 0.00 -0.00 0.00 0.00 -0.00 0.00 0.00 -0.00 0.00 0.00 -0.00 0.00 0.00 -0.00 0.00 0.00 -0.00 0.00 0.00 -0.00 0.00 0.00 -0.00 0.00
-0.0000 0.0223 0.0000 0.00 -0.00 0.00 0.00 -0.00 0.00 0.00 -0.00 0.00 0.00 -0.00 0.00 0.00 -0.00 0.00 0.00 -0.00 0.00 0.00 -0.00 0.00 0.00 -0.00 0.00 0.00 -0.00 0.00 0.00 -0.00 0.00 0.00 -0.00 0.00 0.00 -0.00 0.00 0.00 -0.00 0.00 0.00 -0.00 0.00 0.00 -0.00 0.00 0.00 -0.00 0.00 0.00 -0.00 0.00 0.00 -0.00 0.00 69.06 -37.95 134.56 -0.00 23.42 -0.00 -6.28 10.14 20.11 -1.35 12.81 32.73 0.00 0.00 -0.00 2.00 -0.02 0.61 -0.05 -0.29 8.55 -0.04 -0.15 4.31 0.00 0.00 -0.00 0.00 -0.00 1.62 -0.00 -0.00 16.38 0.00 0.00 8.49 0.00 0.00 -0.00 -2.00 0.08 2.24 0.26 0.63 19.89 0.20 0.31 10.45 0.00 0.00 -0.00 -4.00 0.02 0.25 0.02 0.30 4.34 0.02 0.15 2.16 0.00 -0.00 0.00 0.00 -0.00 0.00 0.00 -0.00 0.00 0.00 -0.00 0.00 0.00 -0.00 0.00 0.00 -0.00 0.00 0.00 -0.00 0.00 0.00 -0.00 0.00 0.00 -0.00 0.00 0.00 -0.00 0.00 0.00 -0.00 0.00 0.00 -0.00 0.00 0.00 -0.00 0.00 0.00 -0.00 0.00 0.00 -0.00 0.00 0.00 -0.00 0.00 0.00 -0.00 0.00 0.00 -0.00 0.00 0.00 -0.00 0.00 0.00 -0.00 0.00 0.00 -0.00 0.00 0.00 -0.00 0.00 0.00 -0.00 0.00
-0.0000 0.0237 0.0000 0.00 -0.00 0.00 0.00 -0.00 0.00 0.00 -0.00 0.00 0.00 -0.00 0.00 0.00 -0.00 0.00 0.00 -0.00 0.00 0.00 -0.00 0.00 0.00 -0.00 0.00 0.00 -0.00 0.00 0.00 -0.00 0.00 0.00 -0.00 0.00 0.00 -0.00 0.00 0.00 -0.00 0.00 0.00 -0.00 0.00 0.00 -0.00 0.00 0.00 -0.00 0.00 0.00 -0.00 0.00 0.00 -0.00 0.00 69.06 -37.95 134.56 -0.00 23.42 -0.00 -6.28 10.14 20.11 -1.35 12.81 32.73 0.00 0.00 -0.00 2.00 -0.02 0.61 -0.05 -0.29 8.55 -0.04 -0.15 4.31 0.00 0.00 -0.00 0.00 -0.00 1.62 -0.00 -0.00 16.38 0.00 0.00 8.49 0.00 0.00 -0.00 -2.00 0.08 2.24 0.26 0.63 19.89 0.20 0.31 10.45 0.00 0.00 -0.00 -4.00 0.02 0.25 0.02 0.30 4.34 0.02 0.15 2.16 0.00 -0.00 0.00 0.00 -0.00 0.00 0.00 -0.00 0.00 0.00 -0.00 0.00 0.00 -0.00 0.00 0.00 -0.00 0.00 0.00 -0.00 0.00 0.00 -0.00 0.00 0.00 -0.00 0.00 0.00 -0.00 0.00 0.00 -0.00 0.00 0.00 -0.00 0.00 0.00 -0.00 0.00 0.00 -0.00 0.00 0.00 -0.00 0.00 0.00 -0.00 0.00 0.00 -0.00 0.00 0.00 -0.00 0.00 0.00 -0.00 0.00 0.00 -0.00 0.00 0.00 -0.00 0.00 0.00 -0.00 0.00 0.00 -0.00 0.00
-0.0000 0.0241 0.0000 0.00 -0.00 0.00 0.00 -0.00 0.00 0.00 -0.00 0.00 0.00 -0.00 0.00 0.00 -0.00 0.00 0.00 -0.00 0.00 0.00 -0.00 0.00 0.00 -0.00 0.00 0.00 -0.00 0.00 0.00 -0.00 0.00 0.00 -0.00 0.00 0.00 -0.00 0.00 0.00 -0.00 0.00 0.00 -0.00 0.00 0.00 -0.00 0.00 0.00 -0.00 0.00 0.00 -0.00 0.00 0.00 -0.00 0.00 69.06 -37.95 134.56 -0.00 23.42 -0.00 -6.28 10.14 20.11 -1.35 12.81 32.73 0.00 0.00 -0.00 2.00 -0.02 0.61 -0.05 -0.29 8.55 -0.04 -0.15 4.31 0.00 0.00 -0.00 0.00 -0.00 1.62 -0.00 -0.00 16.38 0.00 0.00 8.49 0.00 0.00 -0.00 -2.00 0.08 2.24 0.26 0.63 19.89 0.20 0.31 10.45 0.00 0.00 -0.00 -4.00 0.02 0.25 0.02 0.30 4.34 0.02 0.15 2.16 0.00 -0.00 0.00 0.00 -0.00 0.00 0.00 -0.00 0.00 0.00 -0.00 0.00 0.00 -0.00 0.00 0.00 -0.00 0.00 0.00 -0.00 0.00 0.00 -0.00 0.00 0.00 -0.00 0.00 0.00 -0.00 0.00 0.00 -0.00 0.00 0.00 -0.00 0.00 0.00 -0.00 0.00 0.00 -0.00 0.00 0.00 -0.00 0.00 0.00 -0.00 0.00 0.00 -0.00 0.00 0.00 -0.00 0.00 0.00 -0.00 0.00 0.00 -0.00 0.00 0.00 -0.00 0.00 0.00 -0.00 0.00 0.00 -0.00 0.00
-0.0000 0.0246 0.0000 0.00 -0.00 0.00 0.00 -0.00 0.00 0.00 -0.00 0.00 0.00 -0.00 0.00 0.00 -0.00 0.00 0.00 -0.00 0.00 0.00 -0.00 0.00 0.00 -0.00 0.00 0.00 -0.00 0.00 0.00 -0.00 0.00 0.00 -0.00 0.00 0.00 -0.00 0.00 0.00 -0.00 0.00 0.00 -0.00 0.00 0.00 -0.00 0.00 0.00 -0.00 0.00 0.00 -0.00 0.00 0.00 -0.00 0.00 69.06 -37.95 134.56 -0.00 23.42 -0.00 -6.28 10.14 20.11 -1.35 12.81 32.73 0.00 0.00 -0.00 2.00 -0.02 0.61 -0.05 -0.29 8.55 -0.04 -0.15 4.31 0.00 0.00 -0.00 0.00 -0.00 1.62 -0.00 -0.00 16.38 0.00 0.00 8.49 0.00 0.00 -0.00 -2.00 0.08 2.24 0.26 0.63 19.89 0.20 0.31 10.45 0.00 0.00 -0.00 -4.00 0.02 0.25 0.02 0.30 4.34 0.02 0.15 2.16 0.00 -0.00 0.00 0.00 -0.00 0.00 0.00 -0.00 0.00 0.00 -0.00 0.00 0.00 -0.00 0.00 0.00 -0.00 0.00 0.00 -0.00 0.00 0.00 -0.00 0.00 0.00 -0.00 0.00 0.00 -0.00 0.00 0.00 -0.00 0.00 0.00 -0.00 0.00 0.00 -0.00 0.00 0.00 -0.00 0.00 0.00 -0.00 0.00 0.00 -0.00 0.00 0.00 -0.00 0.00 0.00 -0.00 0.00 0.00 -0.00 0.00 0.00 -0.00 0.00 0.00 -0.00 0.00 0.00 -0.00 0.00 0.00 -0.00 0.00
-0.0000 0.0246 0.0000 0.00 -0.00 0.00 0.00 -0.00 0.00 0.00 -0.00 0.00 0.00 -0.00 0.00 0.00 -0.00 0.00 0.00 -0.00 0.00 0.00 -0.00 0.00 0.00 -0.00 0.00 0.00 -0.00 0.00 0.00 -0.00 0.00 0.00 -0.00 0.00 0.00 -0.00 0.00 0.00 -0.00 0.00 0.00 -0.00 0.00 0.00 -0.00 0.00 0.00 -0.00 0.00 0.00 -0.00 0.00 0.00 -0.00 0.00 69.06 -37.95 134.56 -0.00 23.42 -0.00 -6.28 10.14 20.11 -1.35 12.81 32.73 0.00 0.00 -0.00 2.00 -0.02 0.61 -0.05 -0.29 8.55 -0.04 -0.15 4.31 0.00 0.00 -0.00 0.00 -0.00 1.62 -0.00 -0.00 16.38 0.00 0.00 8.49 0.00 0.00 -0.00 -2.00 0.08 2.24 0.26 0.63 19.89 0.20 0.31 10.45 0.00 0.00 -0.00 -4.00 0.02 0.25 0.02 0.30 4.34 0.02 0.15 2.16 0.00 -0.00 0.00 0.00 -0.00 0.00 0.00 -0.00 0.00 0.00 -0.00 0.00 0.00 -0.00 0.00 0.00 -0.00 0.00 0.00 -0.00 0.00 0.00 -0.00 0.00 0.00 -0.00 0.00 0.00 -0.00 0.00 0.00 -0.00 0.00 0.00 -0.00 0.00 0.00 -0.00 0.00 0.00 -0.00 0.00 0.00 -0.00 0.00 0.00 -0.00 0.00 0.00 -0.00 0.00 0.00 -0.00 0.00 0.00 -0.00 0.00 0.00 -0.00 0.00 0.00 -0.00 0.00 0.00 -0.00 0.00 0.00 -0.00 0.00
-0.0000 0.0255 0.0000 0.00 -0.00 0.00 0.00 -0.00 0.00 0.00 -0.00 0.00 0.00 -0.00 0.00 0.00 -0.00 0.00 0.00 -0.00 0.00 0.00 -0.00 0.00 0.00 -0.00 0.00 0.00 -0.00 0.00 0.00 -0.00 0.00 0.00 -0.00 0.00 0.00 -0.00 0.00 0.00 -0.00 0.00 0.00 -0.00 0.00 0.00 -0.00 0.00 0.00 -0.00 0.00 0.00 -0.00 0.00 0.00 -0.00 0.00 69.06 -37.95 134.56 -0.00 23.42 -0.00 -6.28 10.14 20.11 -1.35 12.81 32.73 0.00 0.00 -0.00 2.00 -0.02 0.61 -0.05 -0.29 8.55 -0.04 -0.15 4.31 0.00 0.00 -0.00 0.00 -0.00 1.62 -0.00 -0.00 16.38 0.00 0.00 8.49 0.00 0.00 -0.00 -2.00 0.08 2.24 0.26 0.63 19.89 0.20 0.31 10.45 0.00 0.00 -0.00 -4.00 0.02 0.25 0.02 0.30 4.34 0.02 0.15 2.16 0.00 -0.00 0.00 0.00 -0.00 0.00 0.00 -0.00 0.00 0.00 -0.00 0.00 0.00 -0.00 0.00 0.00 -0.00 0.00 0.00 -0.00 0.00 0.00 -0.00 0.00 0.00 -0.00 0.00 0.00 -0.00 0.00 0.00 -0.00 0.00 0.00 -0.00 0.00 0.00 -0.00 0.00 0.00 -0.00 0.00 0.00 -0.00 0.00 0.00 -0.00 0.00 0.00 -0.00 0.00 0.00 -0.00 0.00 0.00 -0.00 0.00 0.00 -0.00 0.00 0.00 -0.00 0.00 0.00 -0.00 0.00 0.00 -0.00 0.00
-0.0000 0.0256 0.0000 0.00 -0.00 0.00 0.00 -0.00 0.00 0.00 -0.00 0.00 0.00 -0.00 0.00 0.00 -0.00 0.00 0.00 -0.00 0.00 0.00 -0.00 0.00 0.00 -0.00 0.00 0.00 -0.00 0.00 0.00 -0.00 0.00 0.00 -0.00 0.00 0.00 -0.00 0.00 0.00 -0.00 0.00 0.00 -0.00 0.00 0.00 -0.00 0.00 0.00 -0.00 0.00 0.00 -0.00 0.00 0.00 -0.00 0.00 69.06 -37.95 134.56 -0.00 23.42 -0.00 -6.28 10.14 20.11 -1.35 12.81 32.73 0.00 0.00 -0.00 2.00 -0.02 0.61 -0.05 -0.29 8.55 -0.04 -0.15 4.31 0.00 0.00 -0.00 0.00 -0.00 1.62 -0.00 -0.00 16.38 0.00 0.00 8.49 0.00 0.00 -0.00 -2.00 0.08 2.24 0.26 0.63 19.89 0.20 0.31 10.45 0.00 0.00 -0.00 -4.00 0.02 0.25 0.02 0.30 4.34 0.02 0.15 2.16 0.00 -0.00 0.00 0.00 -0.00 0.00 0.00 -0.00 0.00 0.00 -0.00 0.00 0.00 -0.00 0.00 0.00 -0.00 0.00 0.00 -0.00 0.00 0.00 -0.00 0.00 0.00 -0.00 0.00 0.00 -0.00 0.00 0.00 -0.00 0.00 0.00 -0.00 0.00 0.00 -0.00 0.00 0.00 -0.00 0.00 0.00 -0.00 0.00 0.00 -0.00 0.00 0.00 -0.00 0.00 0.00 -0.00 0.00 0.00 -0.00 0.00 0.00 -0.00 0.00 0.00 -0.00 0.00 0.00 -0.00 0.00 0.00 -0.00 0.00
-0.0000 0.0253 0.0000 0.00 -0.00 0.00 0.00 -0.00 0.00 0.00 -0.00 0.00 0.00 -0.00 0.00 0.00 -0.00 0.00 0.00 -0.00 0.00 0.00 -0.00 0.00 0.00 -0.00 0.00 0.00 -0.00 0.00 0.00 -0.00 0.00 0.00 -0.00 0.00 0.00 -0.00 0.00 0.00 -0.00 0.00 0.00 -0.00 0.00 0.00 -0.00 0.00 0.00 -0.00 0.00 0.00 -0.00 0.00 0.00 -0.00 0.00 69.06 -37.95 134.56 -0.00 23.42 -0.00 -6.28 10.14 20.11 -1.35 12.81 32.73 0.00 0.00 -0.00 2.00 -0.02 0.61 -0.05 -0.29 8.55 -0.04 -0.15 4.31 0.00 0.00 -0.00 0.00 -0.00 1.62 -0.00 -0.00 16.38 0.00 0.00 8.49 0.00 0.00 -0.00 -2.00 0.08 2.24 0.26 0.63 19.89 0.20 0.31 10.45 0.00 0.00 -0.00 -4.00 0.02 0.25 0.02 0.30 4.34 0.02 0.15 2.16 0.00 -0.00 0.00 0.00 -0.00 0.00 0.00 -0.00 0.00 0.00 -0.00 0.00 0.00 -0.00 0.00 0.00 -0.00 0.00 0.00 -0.00 0.00 0.00 -0.00 0.00 0.00 -0.00 0.00 0.00 -0.00 0.00 0.00 -0.00 0.00 0.00 -0.00 0.00 0.00 -0.00 0.00 0.00 -0.00 0.00 0.00 -0.00 0.00 0.00 -0.00 0.00 0.00 -0.00 0.00 0.00 -0.00 0.00 0.00 -0.00 0.00 0.00 -0.00 0.00 0.00 -0.00 0.00 0.00 -0.00 0.00 0.00 -0.00 0.00
-0.0000 0.0268 0.0000 0.00 -0.00 0.00 0.00 -0.00 0.00 0.00 -0.00 0.00 0.00 -0.00 0.00 0.00 -0.00 0.00 0.00 -0.00 0.00 0.00 -0.00 0.00 0.00 -0.00 0.00 0.00 -0.00 0.00 0.00 -0.00 0.00 0.00 -0.00 0.00 0.00 -0.00 0.00 0.00 -0.00 0.00 0.00 -0.00 0.00 0.00 -0.00 0.00 0.00 -0.00 0.00 0.00 -0.00 0.00 0.00 -0.00 0.00 69.06 -37.95 134.56 -0.00 23.42 -0.00 -6.28 10.14 20.11 -1.35 12.81 32.73 0.00 0.00 -0.00 2.00 -0.02 0.61 -0.05 -0.29 8.55 -0.04 -0.15 4.31 0.00 0.00 -0.00 0.00 -0.00 1.62 -0.00 -0.00 16.38 0.00 0.00 8.49 0.00 0.00 -0.00 -2.00 0.08 2.24 0.26 0.63 19.89 0.20 0.31 10.45 0.00 0.00 -0.00 -4.00 0.02 0.25 0.02 0.30 4.34 0.02 0.15 2.16 0.00 -0.00 0.00 0.00 -0.00 0.00 0.00 -0.00 0.00 0.00 -0.00 0.00 0.00 -0.00 0.00 0.00 -0.00 0.00 0.00 -0.00 0.00 0.00 -0.00 0.00 0.00 -0.00 0.00 0.00 -0.00 0.00 0.00 -0.00 0.00 0.00 -0.00 0.00 0.00 -0.00 0.00 0.00 -0.00 0.00 0.00 -0.00 0.00 0.00 -0.00 0.00 0.00 -0.00 0.00 0.00 -0.00 0.00 0.00 -0.00 0.00 0.00 -0.00 0.00 0.00 -0.00 0.00 0.00 -0.00 0.00 0.00 -0.00 0.00
-0.0000 0.0268 0.0000 0.00 -0.00 0.00 0.00 -0.00 0.00 0.00 -0.00 0.00 0.00 -0.00 0.00 0.00 -0.00 0.00 0.00 -0.00 0.00 0.00 -0.00 0.00 0.00 -0.00 0.00 0.00 -0.00 0.00 0.00 -0.00 0.00 0.00 -0.00 0.00 0.00 -0.00 0.00 0.00 -0.00 0.00 0.00 -0.00 0.00 0.00 -0.00 0.00 0.00 -0.00 0.00 0.00 -0.00 0.00 0.00 -0.00 0.00 69.06 -37.95 134.56 -0.00 23.42 -0.00 -6.28 10.14 20.11 -1.35 12.81 32.73 0.00 0.00 -0.00 2.00 -0.02 0.61 -0.05 -0.29 8.55 -0.04 -0.15 4.31 0.00 0.00 -0.00 0.00 -0.00 1.62 -0.00 -0.00 16.38 0.00 0.00 8.49 0.00 0.00 -0.00 -2.00 0.08 2.24 0.26 0.63 19.89 0.20 0.31 10.45 0.00 0.00 -0.00 -4.00 0.02 0.25 0.02 0.30 4.34 0.02 0.15 2.16 0.00 -0.00 0.00 0.00 -0.00 0.00 0.00 -0.00 0.00 0.00 -0.00 0.00 0.00 -0.00 0.00 0.00 -0.00 0.00 0.00 -0.00 0.00 0.00 -0.00 0.00 0.00 -0.00 0.00 0.00 -0.00 0.00 0.00 -0.00 0.00 0.00 -0.00 0.00 0.00 -0.00 0.00 0.00 -0.00 0.00 0.00 -0.00 0.00 0.00 -0.00 0.00 0.00 -0.00 0.00 0.00 -0.00 0.00 0.00 -0.00 0.00 0.00 -0.00 0.00 0.00 -0.00 0.00 0.00 -0.00 0.00 0.00 -0.00 0.00
-0.0000 0.0264 0.0000 0.00 -0.00 0.00 0.00 -0.00 0.00 0.00 -0.00 0.00 0.00 -0.00 0.00 0.00 -0.00 0.00 0.00 -0.00 0.00 0.00 -0.00 0.00 0.00 -0.00 0.00 0.00 -0.00 0.00 0.00 -0.00 0.00 0.00 -0.00 0.00 0.00 -0.00 0.00 0.00 -0.00 0.00 0.00 -0.00 0.00 0.00 -0.00 0.00 0.00 -0.00 0.00 0.00 -0.00 0.00 0.00 -0.00 0.00 69.06 -37.95 134.56 -0.00 23.42 -0.00 -6.28 10.14 20.11 -1.35 12.81 32.73 0.00 0.00 -0.00 2.00 -0.02 0.61 -0.05 -0.29 8.55 -0.04 -0.15 4.31 0.00 0.00 -0.00 0.00 -0.00 1.62 -0.00 -0.00 16.38 0.00 0.00 8.49 0.00 0.00 -0.00 -2.00 0.08 2.24 0.26 0.63 19.89 0.20 0.31 10.45 0.00 0.00 -0.00 -4.00 0.02 0.25 0.02 0.30 4.34 0.02 0.15 2.16 0.00 -0.00 0.00 0.00 -0.00 0.00 0.00 -0.00 0.00 0.00 -0.00 0.00 0.00 -0.00 0.00 0.00 -0.00 0.00 0.00 -0.00 0.00 0.00 -0.00 0.00 0.00 -0.00 0.00 0.00 -0.00 0.00 0.00 -0.00 0.00 0.00 -0.00 0.00 0.00 -0.00 0.00 0.00 -0.00 0.00 0.00 -0.00 0.00 0.00 -0.00 0.00 0.00 -0.00 0.00 0.00 -0.00 0.00 0.00 -0.00 0.00 0.00 -0.00 0.00 0.00 -0.00 0.00 0.00 -0.00 0.00 0.00 -0.00 0.00
-0.0000 0.0262 0.0000 0.00 -0.00 0.00 0.00 -0.00 0.00 0.00 -0.00 0.00 0.00 -0.00 0.00 0.00 -0.00 0.00 0.00 -0.00 0.00 0.00 -0.00 0.00 0.00 -0.00 0.00 0.00 -0.00 0.00 0.00 -0.00 0.00 0.00 -0.00 0.00 0.00 -0.00 0.00 0.00 -0.00 0.00 0.00 -0.00 0.00 0.00 -0.00 0.00 0.00 -0.00 0.00 0.00 -0.00 0.00 0.00 -0.00 0.00 69.06 -37.95 134.56 -0.00 23.42 -0.00 -6.28 10.14 20.11 -1.35 12.81 32.73 0.00 0.00 -0.00 2.00 -0.02 0.61 -0.05 -0.29 8.55 -0.04 -0.15 4.31 0.00 0.00 -0.00 0.00 -0.00 1.62 -0.00 -0.00 16.38 0.00 0.00 8.49 0.00 0.00 -0.00 -2.00 0.08 2.24 0.26 0.63 19.89 0.20 0.31 10.45 0.00 0.00 -0.00 -4.00 0.02 0.25 0.02 0.30 4.34 0.02 0.15 2.16 0.00 -0.00 0.00 0.00 -0.00 0.00 0.00 -0.00 0.00 0.00 -0.00 0.00 0.00 -0.00 0.00 0.00 -0.00 0.00 0.00 -0.00 0.00 0.00 -0.00 0.00 0.00 -0.00 0.00 0.00 -0.00 0.00 0.00 -0.00 0.00 0.00 -0.00 0.00 0.00 -0.00 0.00 0.00 -0.00 0.00 0.00 -0.00 0.00 0.00 -0.00 0.00 0.00 -0.00 0.00 0.00 -0.00 0.00 0.00 -0.00 0.00 0.00 -0.00 0.00 0.00 -0.00 0.00 0.00 -0.00 0.00 0.00 -0.00 0.00
-0.0000 0.0247 0.0000 0.00 -0.00 0.00 0.00 -0.00 0.00 0.00 -0.00 0.00 0.00 -0.00 0.00 0.00 -0.00 0.00 0.00 -0.00 0.00 0.00 -0.00 0.00 0.00 -0.00 0.00 0.00 -0.00 0.00 0.00 -0.00 0.00 0.00 -0.00 0.00 0.00 -0.00 0.00 0.00 -0.00 0.00 0.00 -0.00 0.00 0.00 -0.00 0.00 0.00 -0.00 0.00 0.00 -0.00 0.00 0.00 -0.00 0.00 69.06 -37.95 134.56 -0.00 23.42 -0.00 -6.28 10.14 20.11 -1.35 12.81 32.73 0.00 0.00 -0.00 2.00 -0.02 0.61 -0.05 -0.29 8.55 -0.04 -0.15 4.31 0.00 0.00 -0.00 0.00 -0.00 1.62 -0.00 -0.00 16.38 0.00 0.00 8.49 0.00 0.00 -0.00 -2.00 0.08 2.24 0.26 0.63 19.89 0.20 0.31 10.45 0.00 0.00 -0.00 -4.00 0.02 0.25 0.02 0.30 4.34 0.02 0.15 2.16 0.00 -0.00 0.00 0.00 -0.00 0.00 0.00 -0.00 0.00 0.00 -0.00 0.00 0.00 -0.00 0.00 0.00 -0.00 0.00 0.00 -0.00 0.00 0.00 -0.00 0.00 0.00 -0.00 0.00 0.00 -0.00 0.00 0.00 -0.00 0.00 0.00 -0.00 0.00 0.00 -0.00 0.00 0.00 -0.00 0.00 0.00 -0.00 0.00 0.00 -0.00 0.00 0.00 -0.00 0.00 0.00 -0.00 0.00 0.00 -0.00 0.00 0.00 -0.00 0.00 0.00 -0.00 0.00 0.00 -0.00 0.00 0.00 -0.00 0.00
-0.0000 0.0250 0.0000 0.00 -0.00 0.00 0.00 -0.00 0.00 0.00 -0.00 0.00 0.00 -0.00 0.00 0.00 -0.00 0.00 0.00 -0.00 0.00 0.00 -0.00 0.00 0.00 -0.00 0.00 0.00 -0.00 0.00 0.00 -0.00 0.00 0.00 -0.00 0.00 0.00 -0.00 0.00 0.00 -0.00 0.00 0.00 -0.00 0.00 0.00 -0.00 0.00 0.00 -0.00 0.00 0.00 -0.00 0.00 0.00 -0.00 0.00 69.06 -37.95 134.56 -0.00 23.42 -0.00 -6.28 10.14 20.11 -1.35 12.81 32.73 0.00 0.00 -0.00 2.00 -0.02 0.61 -0.05 -0.29 8.55 -0.04 -0.15 4.31 0.00 0.00 -0.00 0.00 -0.00 1.62 -0.00 -0.00 16.38 0.00 0.00 8.49 0.00 0.00 -0.00 -2.00 0.08 2.24 0.26 0.63 19.89 0.20 0.31 10.45 0.00 0.00 -0.00 -4.00 0.02 0.25 0.02 0.30 4.34 0.02 0.15 2.16 0.00 -0.00 0.00 0.00 -0.00 0.00 0.00 -0.00 0.00 0.00 -0.00 0.00 0.00 -0.00 0.00 0.00 -0.00 0.00 0.00 -0.00 0.00 0.00 -0.00 0.00 0.00 -0.00 0.00 0.00 -0.00 0.00 0.00 -0.00 0.00 0.00 -0.00 0.00 0.00 -0.00 0.00 0.00 -0.00 0.00 0.00 -0.00 0.00 0.00 -0.00 0.00 0.00 -0.00 0.00 0.00 -0.00 0.00 0.00 -0.00 0.00 0.00 -0.00 0.00 0.00 -0.00 0.00 0.00 -0.00 0.00 0.00 -0.00 0.00
-0.0000 0.0254 0.0000 0.00 -0.00 0.00 0.00 -0.00 0.00 0.00 -0.00 0.00 0.00 -0.00 0.00 0.00 -0.00 0.00 0.00 -0.00 0.00 0.00 -0.00 0.00 0.00 -0.00 0.00 0.00 -0.00 0.00 0.00 -0.00 0.00 0.00 -0.00 0.00 0.00 -0.00 0.00 0.00 -0.00 0.00 0.00 -0.00 0.00 0.00 -0.00 0.00 0.00 -0.00 0.00 0.00 -0.00 0.00 0.00 -0.00 0.00 69.06 -37.95 134.56 -0.00 23.42 -0.00 -6.28 10.14 20.11 -1.35 12.81 32.73 0.00 0.00 -0.00 2.00 -0.02 0.61 -0.05 -0.29 8.55 -0.04 -0.15 4.31 0.00 0.00 -0.00 0.00 -0.00 1.62 -0.00 -0.00 16.38 0.00 0.00 8.49 0.00 0.00 -0.00 -2.00 0.08 2.24 0.26 0.63 19.89 0.20 0.31 10.45 0.00 0.00 -0.00 -4.00 0.02 0.25 0.02 0.30 4.34 0.02 0.15 2.16 0.00 -0.00 0.00 0.00 -0.00 0.00 0.00 -0.00 0.00 0.00 -0.00 0.00 0.00 -0.00 0.00 0.00 -0.00 0.00 0.00 -0.00 0.00 0.00 -0.00 0.00 0.00 -0.00 0.00 0.00 -0.00 0.00 0.00 -0.00 0.00 0.00 -0.00 0.00 0.00 -0.00 0.00 0.00 -0.00 0.00 0.00 -0.00 0.00 0.00 -0.00 0.00 0.00 -0.00 0.00 0.00 -0.00 0.00 0.00 -0.00 0.00 0.00 -0.00 0.00 0.00 -0.00 0.00 0.00 -0.00 0.00 0.00 -0.00 0.00
-0.0000 0.0247 0.0000 0.00 -0.00 0.00 0.00 -0.00 0.00 0.00 -0.00 0.00 0.00 -0.00 0.00 0.00 -0.00 0.00 0.00 -0.00 0.00 0.00 -0.00 0.00 0.00 -0.00 0.00 0.00 -0.00 0.00 0.00 -0.00 0.00 0.00 -0.00 0.00 0.00 -0.00 0.00 0.00 -0.00 0.00 0.00 -0.00 0.00 0.00 -0.00 0.00 0.00 -0.00 0.00 0.00 -0.00 0.00 0.00 -0.00 0.00 69.06 -37.95 134.56 -0.00 23.42 -0.00 -6.28 10.14 20.11 -1.35 12.81 32.73 0.00 0.00 -0.00 2.00 -0.02 0.61 -0.05 -0.29 8.55 -0.04 -0.15 4.31 0.00 0.00 -0.00 0.00 -0.00 1.62 -0.00 -0.00 16.38 0.00 0.00 8.49 0.00 0.00 -0.00 -2.00 0.08 2.24 0.26 0.63 19.89 0.20 0.31 10.45 0.00 0.00 -0.00 -4.00 0.02 0.25 0.02 0.30 4.34 0.02 0.15 2.16 0.00 -0.00 0.00 0.00 -0.00 0.00 0.00 -0.00 0.00 0.00 -0.00 0.00 0.00 -0.00 0.00 0.00 -0.00 0.00 0.00 -0.00 0.00 0.00 -0.00 0.00 0.00 -0.00 0.00 0.00 -0.00 0.00 0.00 -0.00 0.00 0.00 -0.00 0.00 0.00 -0.00 0.00 0.00 -0.00 0.00 0.00 -0.00 0.00 0.00 -0.00 0.00 0.00 -0.00 0.00 0.00 -0.00 0.00 0.00 -0.00 0.00 0.00 -0.00 0.00 0.00 -0.00 0.00 0.00 -0.00 0.00 0.00 -0.00 0.00
-0.0000 0.0233 0.0000 0.00 -0.00 0.00 0.00 -0.00 0.00 0.00 -0.00 0.00 0.00 -0.00 0.00 0.00 -0.00 0.00 0.00 -0.00 0.00 0.00 -0.00 0.00 0.00 -0.00 0.00 0.00 -0.00 0.00 0.00 -0.00 0.00 0.00 -0.00 0.00 0.00 -0.00 0.00 0.00 -0.00 0.00 0.00 -0.00 0.00 0.00 -0.00 0.00 0.00 -0.00 0.00 0.00 -0.00 0.00 0.00 -0.00 0.00 69.06 -37.95 134.56 -0.00 23.42 -0.00 -6.28 10.14 20.11 -1.35 12.81 32.73 0.00 0.00 -0.00 2.00 -0.02 0.61 -0.05 -0.29 8.55 -0.04 -0.15 4.31 0.00 0.00 -0.00 0.00 -0.00 1.62 -0.00 -0.00 16.38 0.00 0.00 8.49 0.00 0.00 -0.00 -2.00 0.08 2.24 0.26 0.63 19.89 0.20 0.31 10.45 0.00 0.00 -0.00 -4.00 0.02 0.25 0.02 0.30 4.34 0.02 0.15 2.16 0.00 -0.00 0.00 0.00 -0.00 0.00 0.00 -0.00 0.00 0.00 -0.00 0.00 0.00 -0.00 0.00 0.00 -0.00 0.00 0.00 -0.00 0.00 0.00 -0.00 0.00 0.00 -0.00 0.00 0.00 -0.00 0.00 0.00 -0.00 0.00 0.00 -0.00 0.00 0.00 -0.00 0.00 0.00 -0.00 0.00 0.00 -0.00 0.00 0.00 -0.00 0.00 0.00 -0.00 0.00 0.00 -0.00 0.00 0.00 -0.00 0.00 0.00 -0.00 0.00 0.00 -0.00 0.00 0.00 -0.00 0.00 0.00 -0.00 0.00
-0.0000 0.0231 0.0000 0.00 -0.00 0.00 0.00 -0.00 0.00 0.00 -0.00 0.00 0.00 -0.00 0.00 0.00 -0.00 0.00 0.00 -0.00 0.00 0.00 -0.00 0.00 0.00 -0.00 0.00 0.00 -0.00 0.00 0.00 -0.00 0.00 0.00 -0.00 0.00 0.00 -0.00 0.00 0.00 -0.00 0.00 0.00 -0.00 0.00 0.00 -0.00 0.00 0.00 -0.00 0.00 0.00 -0.00 0.00 0.00 -0.00 0.00 69.06 -37.95 134.56 -0.00 23.42 -0.00 -6.28 10.14 20.11 -1.35 12.81 32.73 0.00 0.00 -0.00 2.00 -0.02 0.61 -0.05 -0.29 8.55 -0.04 -0.15 4.31 0.00 0.00 -0.00 0.00 -0.00 1.62 -0.00 -0.00 16.38 0.00 0.00 8.49 0.00 0.00 -0.00 -2.00 0.08 2.24 0.26 0.63 19.89 0.20 0.31 10.45 0.00 0.00 -0.00 -4.00 0.02 0.25 0.02 0.30 4.34 0.02 0.15 2.16 0.00 -0.00 0.00 0.00 -0.00 0.00 0.00 -0.00 0.00 0.00 -0.00 0.00 0.00 -0.00 0.00 0.00 -0.00 0.00 0.00 -0.00 0.00 0.00 -0.00 0.00 0.00 -0.00 0.00 0.00 -0.00 0.00 0.00 -0.00 0.00 0.00 -0.00 0.00 0.00 -0.00 0.00 0.00 -0.00 0.00 0.00 -0.00 0.00 0.00 -0.00 0.00 0.00 -0.00 0.00 0.00 -0.00 0.00 0.00 -0.00 0.00 0.00 -0.00 0.00 0.00 -0.00 0.00 0.00 -0.00 0.00 0.00 -0.00 0.00
-0.0000 0.0234 0.0000 0.00 -0.00 0.00 0.00 -0.00 0.00 0.00 -0.00 0.00 0.00 -0.00 0.00 0.00 -0.00 0.00 0.00 -0.00 0.00 0.00 -0.00 0.00 0.00 -0.00 0.00 0.00 -0.00 0.00 0.00 -0.00 0.00 0.00 -0.00 0.00 0.00 -0.00 0.00 0.00 -0.00 0.00 0.00 -0.00 0.00 0.00 -0.00 0.00 0.00 -0.00 0.00 0.00 -0.00 0.00 0.00 -0.00 0.00 69.06 -37.95 134.56 -0.00 23.42 -0.00 -6.28 10.14 20.11 -1.35 12.81 32.73 0.00 0.00 -0.00 2.00 -0.02 0.61 -0.05 -0.29 8.55 -0.04 -0.15 4.31 0.00 0.00 -0.00 0.00 -0.00 1.62 -0.00 -0.00 16.38 0.00 0.00 8.49 0.00 0.00 -0.00 -2.00 0.08 2.24 0.26 0.63 19.89 0.20 0.31 10.45 0.00 0.00 -0.00 -4.00 0.02 0.25 0.02 0.30 4.34 0.02 0.15 2.16 0.00 -0.00 0.00 0.00 -0.00 0.00 0.00 -0.00 0.00 0.00 -0.00 0.00 0.00 -0.00 0.00 0.00 -0.00 0.00 0.00 -0.00 0.00 0.00 -0.00 0.00 0.00 -0.00 0.00 0.00 -0.00 0.00 0.00 -0.00 0.00 0.00 -0.00 0.00 0.00 -0.00 0.00 0.00 -0.00 0.00 0.00 -0.00 0.00 0.00 -0.00 0.00 0.00 -0.00 0.00 0.00 -0.00 0.00 0.00 -0.00 0.00 0.00 -0.00 0.00 0.00 -0.00 0.00 0.00 -0.00 0.00 0.00 -0.00 0.00
-0.0000 0.0232 0.0000 0.00 -0.00 0.00 0.00 -0.00 0.00 0.00 -0.00 0.00 0.00 -0.00 0.00 0.00 -0.00 0.00 0.00 -0.00 0.00 0.00 -0.00 0.00 0.00 -0.00 0.00 0.00 -0.00 0.00 0.00 -0.00 0.00 0.00 -0.00 0.00 0.00 -0.00 0.00 0.00 -0.00 0.00 0.00 -0.00 0.00 0.00 -0.00 0.00 0.00 -0.00 0.00 0.00 -0.00 0.00 0.00 -0.00 0.00 69.06 -37.95 134.56 -0.00 23.42 -0.00 -6.28 10.14 20.11 -1.35 12.81 32.73 0.00 0.00 -0.00 2.00 -0.02 0.61 -0.05 -0.29 8.55 -0.04 -0.15 4.31 0.00 0.00 -0.00 0.00 -0.00 1.62 -0.00 -0.00 16.38 0.00 0.00 8.49 0.00 0.00 -0.00 -2.00 0.08 2.24 0.26 0.63 19.89 0.20 0.31 10.45 0.00 0.00 -0.00 -4.00 0.02 0.25 0.02 0.30 4.34 0.02 0.15 2.16 0.00 -0.00 0.00 0.00 -0.00 0.00 0.00 -0.00 0.00 0.00 -0.00 0.00 0.00 -0.00 0.00 0.00 -0.00 0.00 0.00 -0.00 0.00 0.00 -0.00 0.00 0.00 -0.00 0.00 0.00 -0.00 0.00 0.00 -0.00 0.00 0.00 -0.00 0.00 0.00 -0.00 0.00 0.00 -0.00 0.00 0.00 -0.00 0.00 0.00 -0.00 0.00 0.00 -0.00 0.00 0.00 -0.00 0.00 0.00 -0.00 0.00 0.00 -0.00 0.00 0.00 -0.00 0.00 0.00 -0.00 0.00 0.00 -0.00 0.00
-0.0000 0.0242 0.0000 0.00 -0.00 0.00 0.00 -0.00 0.00 0.00 -0.00 0.00 0.00 -0.00 0.00 0.00 -0.00 0.00 0.00 -0.00 0.00 0.00 -0.00 0.00 0.00 -0.00 0.00 0.00 -0.00 0.00 0.00 -0.00 0.00 0.00 -0.00 0.00 0.00 -0.00 0.00 0.00 -0.00 0.00 0.00 -0.00 0.00 0.00 -0.00 0.00 0.00 -0.00 0.00 0.00 -0.00 0.00 0.00 -0.00 0.00 69.06 -37.95 134.56 -0.00 23.42 -0.00 -6.28 10.14 20.11 -1.35 12.81 32.73 0.00 0.00 -0.00 2.00 -0.02 0.61 -0.05 -0.29 8.55 -0.04 -0.15 4.31 0.00 0.00 -0.00 0.00 -0.00 1.62 -0.00 -0.00 16.38 0.00 0.00 8.49 0.00 0.00 -0.00 -2.00 0.08 2.24 0.26 0.63 19.89 0.20 0.31 10.45 0.00 0.00 -0.00 -4.00 0.02 0.25 0.02 0.30 4.34 0.02 0.15 2.16 0.00 -0.00 0.00 0.00 -0.00 0.00 0.00 -0.00 0.00 0.00 -0.00 0.00 0.00 -0.00 0.00 0.00 -0.00 0.00 0.00 -0.00 0.00 0.00 -0.00 0.00 0.00 -0.00 0.00 0.00 -0.00 0.00 0.00 -0.00 0.00 0.00 -0.00 0.00 0.00 -0.00 0.00 0.00 -0.00 0.00 0.00 -0.00 0.00 0.00 -0.00 0.00 0.00 -0.00 0.00 0.00 -0.00 0.00 0.00 -0.00 0.00 0.00 -0.00 0.00 0.00 -0.00 0.00 0.00 -0.00 0.00 0.00 -0.00 0.00
-0.0000 0.0229 0.0000 0.00 -0.00 0.00 0.00 -0.00 0.00 0.00 -0.00 0.00 0.00 -0.00 0.00 0.00 -0.00 0.00 0.00 -0.00 0.00 0.00 -0.00 0.00 0.00 -0.00 0.00 0.00 -0.00 0.00 0.00 -0.00 0.00 0.00 -0.00 0.00 0.00 -0.00 0.00 0.00 -0.00 0.00 0.00 -0.00 0.00 0.00 -0.00 0.00 0.00 -0.00 0.00 0.00 -0.00 0.00 0.00 -0.00 0.00 69.06 -37.95 134.56 -0.00 23.42 -0.00 -6.28 10.14 20.11 -1.35 12.81 32.73 0.00 0.00 -0.00 2.00 -0.02 0.61 -0.05 -0.29 8.55 -0.04 -0.15 4.31 0.00 0.00 -0.00 0.00 -0.00 1.62 -0.00 -0.00 16.38 0.00 0.00 8.49 0.00 0.00 -0.00 -2.00 0.08 2.24 0.26 0.63 19.89 0.20 0.31 10.45 0.00 0.00 -0.00 -4.00 0.02 0.25 0.02 0.30 4.34 0.02 0.15 2.16 0.00 -0.00 0.00 0.00 -0.00 0.00 0.00 -0.00 0.00 0.00 -0.00 0.00 0.00 -0.00 0.00 0.00 -0.00 0.00 0.00 -0.00 0.00 0.00 -0.00 0.00 0.00 -0.00 0.00 0.00 -0.00 0.00 0.00 -0.00 0.00 0.00 -0.00 0.00 0.00 -0.00 0.00 0.00 -0.00 0.00 0.00 -0.00 0.00 0.00 -0.00 0.00 0.00 -0.00 0.00 0.00 -0.00 0.00 0.00 -0.00 0.00 0.00 -0.00 0.00 0.00 -0.00 0.00 0.00 -0.00 0.00 0.00 -0.00 0.00
-0.0000 0.0232 0.0000 0.00 -0.00 0.00 0.00 -0.00 0.00 0.00 -0.00 0.00 0.00 -0.00 0.00 0.00 -0.00 0.00 0.00 -0.00 0.00 0.00 -0.00 0.00 0.00 -0.00 0.00 0.00 -0.00 0.00 0.00 -0.00 0.00 0.00 -0.00 0.00 0.00 -0.00 0.00 0.00 -0.00 0.00 0.00 -0.00 0.00 0.00 -0.00 0.00 0.00 -0.00 0.00 0.00 -0.00 0.00 0.00 -0.00 0.00 69.06 -37.95 134.56 -0.00 23.42 -0.00 -6.28 10.14 20.11 -1.35 12.81 32.73 0.00 0.00 -0.00 2.00 -0.02 0.61 -0.05 -0.29 8.55 -0.04 -0.15 4.31 0.00 0.00 -0.00 0.00 -0.00 1.62 -0.00 -0.00 16.38 0.00 0.00 8.49 0.00 0.00 -0.00 -2.00 0.08 2.24 0.26 0.63 19.89 0.20 0.31 10.45 0.00 0.00 -0.00 -4.00 0.02 0.25 0.02 0.30 4.34 0.02 0.15 2.16 0.00 -0.00 0.00 0.00 -0.00 0.00 0.00 -0.00 0.00 0.00 -0.00 0.00 0.00 -0.00 0.00 0.00 -0.00 0.00 0.00 -0.00 0.00 0.00 -0.00 0.00 0.00 -0.00 0.00 0.00 -0.00 0.00 0.00 -0.00 0.00 0.00 -0.00 0.00 0.00 -0.00 0.00 0.00 -0.00 0.00 0.00 -0.00 0.00 0.00 -0.00 0.00 0.00 -0.00 0.00 0.00 -0.00 0.00 0.00 -0.00 0.00 0.00 -0.00 0.00 0.00 -0.00 0.00 0.00 -0.00 0.00 0.00 -0.00 0.00
-0.0000 0.0243 0.0000 0.00 -0.00 0.00 0.00 -0.00 0.00 0.00 -0.00 0.00 0.00 -0.00 0.00 0.00 -0.00 0.00 0.00 -0.00 0.00 0.00 -0.00 0.00 0.00 -0.00 0.00 0.00 -0.00 0.00 0.00 -0.00 0.00 0.00 -0.00 0.00 0.00 -0.00 0.00 0.00 -0.00 0.00 0.00 -0.00 0.00 0.00 -0.00 0.00 0.00 -0.00 0.00 0.00 -0.00 0.00 0.00 -0.00 0.00 69.06 -37.95 134.56 -0.00 23.42 -0.00 -6.28 10.14 20.11 -1.35 12.81 32.73 0.00 0.00 -0.00 2.00 -0.02 0.61 -0.05 -0.29 8.55 -0.04 -0.15 4.31 0.00 0.00 -0.00 0.00 -0.00 1.62 -0.00 -0.00 16.38 0.00 0.00 8.49 0.00 0.00 -0.00 -2.00 0.08 2.24 0.26 0.63 19.89 0.20 0.31 10.45 0.00 0.00 -0.00 -4.00 0.02 0.25 0.02 0.30 4.34 0.02 0.15 2.16 0.00 -0.00 0.00 0.00 -0.00 0.00 0.00 -0.00 0.00 0.00 -0.00 0.00 0.00 -0.00 0.00 0.00 -0.00 0.00 0.00 -0.00 0.00 0.00 -0.00 0.00 0.00 -0.00 0.00 0.00 -0.00 0.00 0.00 -0.00 0.00 0.00 -0.00 0.00 0.00 -0.00 0.00 0.00 -0.00 0.00 0.00 -0.00 0.00 0.00 -0.00 0.00 0.00 -0.00 0.00 0.00 -0.00 0.00 0.00 -0.00 0.00 0.00 -0.00 0.00 0.00 -0.00 0.00 0.00 -0.00 0.00 0.00 -0.00 0.00
-0.0000 0.0241 0.0000 0.00 -0.00 0.00 0.00 -0.00 0.00 0.00 -0.00 0.00 0.00 -0.00 0.00 0.00 -0.00 0.00 0.00 -0.00 0.00 0.00 -0.00 0.00 0.00 -0.00 0.00 0.00 -0.00 0.00 0.00 -0.00 0.00 0.00 -0.00 0.00 0.00 -0.00 0.00 0.00 -0.00 0.00 0.00 -0.00 0.00 0.00 -0.00 0.00 0.00 -0.00 0.00 0.00 -0.00 0.00 0.00 -0.00 0.00 69.06 -37.95 134.56 -0.00 23.42 -0.00 -6.28 10.14 20.11 -1.35 12.81 32.73 0.00 0.00 -0.00 2.00 -0.02 0.61 -0.05 -0.29 8.55 -0.04 -0.15 4.31 0.00 0.00 -0.00 0.00 -0.00 1.62 -0.00 -0.00 16.38 0.00 0.00 8.49 0.00 0.00 -0.00 -2.00 0.08 2.24 0.26 0.63 19.89 0.20 0.31 10.45 0.00 0.00 -0.00 -4.00 0.02 0.25 0.02 0.30 4.34 0.02 0.15 2.16 0.00 -0.00 0.00 0.00 -0.00 0.00 0.00 -0.00 0.00 0.00 -0.00 0.00 0.00 -0.00 0.00 0.00 -0.00 0.00 0.00 -0.00 0.00 0.00 -0.00 0.00 0.00 -0.00 0.00 0.00 -0.00 0.00 0.00 -0.00 0.00 0.00 -0.00 0.00 0.00 -0.00 0.00 0.00 -0.00 0.00 0.00 -0.00 0.00 0.00 -0.00 0.00 0.00 -0.00 0.00 0.00 -0.00 0.00 0.00 -0.00 0.00 0.00 -0.00 0.00 0.00 -0.00 0.00 0.00 -0.00 0.00 0.00 -0.00 0.00
-0.0000 0.0250 0.0000 0.00 -0.00 0.00 0.00 -0.00 0.00 0.00 -0.00 0.00 0.00 -0.00 0.00 0.00 -0.00 0.00 0.00 -0.00 0.00 0.00 -0.00 0.00 0.00 -0.00 0.00 0.00 -0.00 0.00 0.00 -0.00 0.00 0.00 -0.00 0.00 0.00 -0.00 0.00 0.00 -0.00 0.00 0.00 -0.00 0.00 0.00 -0.00 0.00 0.00 -0.00 0.00 0.00 -0.00 0.00 0.00 -0.00 0.00 69.06 -37.95 134.56 -0.00 23.42 -0.00 -6.28 10.14 20.11 -1.35 12.81 32.73 0.00 0.00 -0.00 2.00 -0.02 0.61 -0.05 -0.29 8.55 -0.04 -0.15 4.31 0.00 0.00 -0.00 0.00 -0.00 1.62 -0.00 -0.00 16.38 0.00 0.00 8.49 0.00 0.00 -0.00 -2.00 0.08 2.24 0.26 0.63 19.89 0.20 0.31 10.45 0.00 0.00 -0.00 -4.00 0.02 0.25 0.02 0.30 4.34 0.02 0.15 2.16 0.00 -0.00 0.00 0.00 -0.00 0.00 0.00 -0.00 0.00 0.00 -0.00 0.00 0.00 -0.00 0.00 0.00 -0.00 0.00 0.00 -0.00 0.00 0.00 -0.00 0.00 0.00 -0.00 0.00 0.00 -0.00 0.00 0.00 -0.00 0.00 0.00 -0.00 0.00 0.00 -0.00 0.00 0.00 -0.00 0.00 0.00 -0.00 0.00 0.00 -0.00 0.00 0.00 -0.00 0.00 0.00 -0.00 0.00 0.00 -0.00 0.00 0.00 -0.00 0.00 0.00 -0.00 0.00 0.00 -0.00 0.00 0.00 -0.00 0.00
-0.0000 0.0243 0.0000 0.00 -0.00 0.00 0.00 -0.00 0.00 0.00 -0.00 0.00 0.00 -0.00 0.00 0.00 -0.00 0.00 0.00 -0.00 0.00 0.00 -0.00 0.00 0.00 -0.00 0.00 0.00 -0.00 0.00 0.00 -0.00 0.00 0.00 -0.00 0.00 0.00 -0.00 0.00 0.00 -0.00 0.00 0.00 -0.00 0.00 0.00 -0.00 0.00 0.00 -0.00 0.00 0.00 -0.00 0.00 0.00 -0.00 0.00 69.06 -37.95 134.56 -0.00 23.42 -0.00 -6.28 10.14 20.11 -1.35 12.81 32.73 0.00 0.00 -0.00 2.00 -0.02 0.61 -0.05 -0.29 8.55 -0.04 -0.15 4.31 0.00 0.00 -0.00 0.00 -0.00 1.62 -0.00 -0.00 16.38 0.00 0.00 8.49 0.00 0.00 -0.00 -2.00 0.08 2.24 0.26 0.63 19.89 0.20 0.31 10.45 0.00 0.00 -0.00 -4.00 0.02 0.25 0.02 0.30 4.34 0.02 0.15 2.16 0.00 -0.00 0.00 0.00 -0.00 0.00 0.00 -0.00 0.00 0.00 -0.00 0.00 0.00 -0.00 0.00 0.00 -0.00 0.00 0.00 -0.00 0.00 0.00 -0.00 0.00 0.00 -0.00 0.00 0.00 -0.00 0.00 0.00 -0.00 0.00 0.00 -0.00 0.00 0.00 -0.00 0.00 0.00 -0.00 0.00 0.00 -0.00 0.00 0.00 -0.00 0.00 0.00 -0.00 0.00 0.00 -0.00 0.00 0.00 -0.00 0.00 0.00 -0.00 0.00 0.00 -0.00 0.00 0.00 -0.00 0.00 0.00 -0.00 0.00
-0.0000 0.0246 0.0000 0.00 -0.00 0.00 0.00 -0.00 0.00 0.00 -0.00 0.00 0.00 -0.00 0.00 0.00 -0.00 0.00 0.00 -0.00 0.00 0.00 -0.00 0.00 0.00 -0.00 0.00 0.00 -0.00 0.00 0.00 -0.00 0.00 0.00 -0.00 0.00 0.00 -0.00 0.00 0.00 -0.00 0.00 0.00 -0.00 0.00 0.00 -0.00 0.00 0.00 -0.00 0.00 0.00 -0.00 0.00 0.00 -0.00 0.00 69.06 -37.95 134.56 -0.00 23.42 -0.00 -6.28 10.14 20.11 -1.35 12.81 32.73 0.00 0.00 -0.00 2.00 -0.02 0.61 -0.05 -0.29 8.55 -0.04 -0.15 4.31 0.00 0.00 -0.00 0.00 -0.00 1.62 -0.00 -0.00 16.38 0.00 0.00 8.49 0.00 0.00 -0.00 -2.00 0.08 2.24 0.26 0.63 19.89 0.20 0.31 10.45 0.00 0.00 -0.00 -4.00 0.02 0.25 0.02 0.30 4.34 0.02 0.15 2.16 0.00 -0.00 0.00 0.00 -0.00 0.00 0.00 -0.00 0.00 0.00 -0.00 0.00 0.00 -0.00 0.00 0.00 -0.00 0.00 0.00 -0.00 0.00 0.00 -0.00 0.00 0.00 -0.00 0.00 0.00 -0.00 0.00 0.00 -0.00 0.00 0.00 -0.00 0.00 0.00 -0.00 0.00 0.00 -0.00 0.00 0.00 -0.00 0.00 0.00 -0.00 0.00 0.00 -0.00 0.00 0.00 -0.00 0.00 0.00 -0.00 0.00 0.00 -0.00 0.00 0.00 -0.00 0.00 0.00 -0.00 0.00 0.00 -0.00 0.00
-0.0000 0.0258 0.0000 0.00 -0.00 0.00 0.00 -0.00 0.00 0.00 -0.00 0.00 0.00 -0.00 0.00 0.00 -0.00 0.00 0.00 -0.00 0.00 0.00 -0.00 0.00 0.00 -0.00 0.00 0.00 -0.00 0.00 0.00 -0.00 0.00 0.00 -0.00 0.00 0.00 -0.00 0.00 0.00 -0.00 0.00 0.00 -0.00 0.00 0.00 -0.00 0.00 0.00 -0.00 0.00 0.00 -0.00 0.00 0.00 -0.00 0.00 69.06 -37.95 134.56 -0.00 23.42 -0.00 -6.28 10.14 20.11 -1.35 12.81 32.73 0.00 0.00 -0.00 2.00 -0.02 0.61 -0.05 -0.29 8.55 -0.04 -0.15 4.31 0.00 0.00 -0.00 0.00 -0.00 1.62 -0.00 -0.00 16.38 0.00 0.00 8.49 0.00 0.00 -0.00 -2.00 0.08 2.24 0.26 0.63 19.89 0.20 0.31 10.45 0.00 0.00 -0.00 -4.00 0.02 0.25 0.02 0.30 4.34 0.02 0.15 2.16 0.00 -0.00 0.00 0.00 -0.00 0.00 0.00 -0.00 0.00 0.00 -0.00 0.00 0.00 -0.00 0.00 0.00 -0.00 0.00 0.00 -0.00 0.00 0.00 -0.00 0.00 0.00 -0.00 0.00 0.00 -0.00 0.00 0.00 -0.00 0.00 0.00 -0.00 0.00 0.00 -0.00 0.00 0.00 -0.00 0.00 0.00 -0.00 0.00 0.00 -0.00 0.00 0.00 -0.00 0.00 0.00 -0.00 0.00 0.00 -0.00 0.00 0.00 -0.00 0.00 0.00 -0.00 0.00 0.00 -0.00 0.00 0.00 -0.00 0.00
-0.0000 0.0265 0.0000 0.00 -0.00 0.00 0.00 -0.00 0.00 0.00 -0.00 0.00 0.00 -0.00 0.00 0.00 -0.00 0.00 0.00 -0.00 0.00 0.00 -0.00 0.00 0.00 -0.00 0.00 0.00 -0.00 0.00 0.00 -0.00 0.00 0.00 -0.00 0.00 0.00 -0.00 0.00 0.00 -0.00 0.00 0.00 -0.00 0.00 0.00 -0.00 0.00 0.00 -0.00 0.00 0.00 -0.00 0.00 0.00 -0.00 0.00 69.06 -37.95 134.56 -0.00 23.42 -0.00 -6.28 10.14 20.11 -1.35 12.81 32.73 0.00 0.00 -0.00 2.00 -0.02 0.61 -0.05 -0.29 8.55 -0.04 -0.15 4.31 0.00 0.00 -0.00 0.00 -0.00 1.62 -0.00 -0.00 16.38 0.00 0.00 8.49 0.00 0.00 -0.00 -2.00 0.08 2.24 0.26 0.63 19.89 0.20 0.31 10.45 0.00 0.00 -0.00 -4.00 0.02 0.25 0.02 0.30 4.34 0.02 0.15 2.16 0.00 -0.00 0.00 0.00 -0.00 0.00 0.00 -0.00 0.00 0.00 -0.00 0.00 0.00 -0.00 0.00 0.00 -0.00 0.00 0.00 -0.00 0.00 0.00 -0.00 0.00 0.00 -0.00 0.00 0.00 -0.00 0.00 0.00 -0.00 0.00 0.00 -0.00 0.00 0.00 -0.00 0.00 0.00 -0.00 0.00 0.00 -0.00 0.00 0.00 -0.00 0.00 0.00 -0.00 0.00 0.00 -0.00 0.00 0.00 -0.00 0.00 0.00 -0.00 0.00 0.00 -0.00 0.00 0.00 -0.00 0.00 0.00 -0.00 0.00
-0.0000 0.0259 0.0000 0.00 -0.00 0.00 0.00 -0.00 0.00 0.00 -0.00 0.00 0.00 -0.00 0.00 0.00 -0.00 0.00 0.00 -0.00 0.00 0.00 -0.00 0.00 0.00 -0.00 0.00 0.00 -0.00 0.00 0.00 -0.00 0.00 0.00 -0.00 0.00 0.00 -0.00 0.00 0.00 -0.00 0.00 0.00 -0.00 0.00 0.00 -0.00 0.00 0.00 -0.00 0.00 0.00 -0.00 0.00 0.00 -0.00 0.00 69.06 -37.95 134.56 -0.00 23.42 -0.00 -6.28 10.14 20.11 -1.35 12.81 32.73 0.00 0.00 -0.00 2.00 -0.02 0.61 -0.05 -0.29 8.55 -0.04 -0.15 4.31 0.00 0.00 -0.00 0.00 -0.00 1.62 -0.00 -0.00 16.38 0.00 0.00 8.49 0.00 0.00 -0.00 -2.00 0.08 2.24 0.26 0.63 19.89 0.20 0.31 10.45 0.00 0.00 -0.00 -4.00 0.02 0.25 0.02 0.30 4.34 0.02 0.15 2.16 0.00 -0.00 0.00 0.00 -0.00 0.00 0.00 -0.00 0.00 0.00 -0.00 0.00 0.00 -0.00 0.00 0.00 -0.00 0.00 0.00 -0.00 0.00 0.00 -0.00 0.00 0.00 -0.00 0.00 0.00 -0.00 0.00 0.00 -0.00 0.00 0.00 -0.00 0.00 0.00 -0.00 0.00 0.00 -0.00 0.00 0.00 -0.00 0.00 0.00 -0.00 0.00 0.00 -0.00 0.00 0.00 -0.00 0.00 0.00 -0.00 0.00 0.00 -0.00 0.00 0.00 -0.00 0.00 0.00 -0.00 0.00 0.00 -0.00 0.00
-0.0000 0.0253 0.0000 0.00 -0.00 0.00 0.00 -0.00 0.00 0.00 -0.00 0.00 0.00 -0.00 0.00 0.00 -0.00 0.00 0.00 -0.00 0.00 0.00 -0.00 0.00 0.00 -0.00 0.00 0.00 -0.00 0.00 0.00 -0.00 0.00 0.00 -0.00 0.00 0.00 -0.00 0.00 0.00 -0.00 0.00 0.00 -0.00 0.00 0.00 -0.00 0.00 0.00 -0.00 0.00 0.00 -0.00 0.00 0.00 -0.00 0.00 69.06 -37.95 134.56 -0.00 23.42 -0.00 -6.28 10.14 20.11 -1.35 12.81 32.73 0.00 0.00 -0.00 2.00 -0.02 0.61 -0.05 -0.29 8.55 -0.04 -0.15 4.31 0.00 0.00 -0.00 0.00 -0.00 1.62 -0.00 -0.00 16.38 0.00 0.00 8.49 0.00 0.00 -0.00 -2.00 0.08 2.24 0.26 0.63 19.89 0.20 0.31 10.45 0.00 0.00 -0.00 -4.00 0.02 0.25 0.02 0.30 4.34 0.02 0.15 2.16 0.00 -0.00 0.00 0.00 -0.00 0.00 0.00 -0.00 0.00 0.00 -0.00 0.00 0.00 -0.00 0.00 0.00 -0.00 0.00 0.00 -0.00 0.00 0.00 -0.00 0.00 0.00 -0.00 0.00 0.00 -0.00 0.00 0.00 -0.00 0.00 0.00 -0.00 0.00 0.00 -0.00 0.00 0.00 -0.00 0.00 0.00 -0.00 0.00 0.00 -0.00 0.00 0.00 -0.00 0.00 0.00 -0.00 0.00 0.00 -0.00 0.00 0.00 -0.00 0.00 0.00 -0.00 0.00 0.00 -0.00 0.00 0.00 -0.00 0.00
-0.0000 0.0263 0.0000 0.00 -0.00 0.00 0.00 -0.00 0.00 0.00 -0.00 0.00 0.00 -0.00 0.00 0.00 -0.00 0.00 0.00 -0.00 0.00 0.00 -0.00 0.00 0.00 -0.00 0.00 0.00 -0.00 0.00 0.00 -0.00 0.00 0.00 -0.00 0.00 0.00 -0.00 0.00 0.00 -0.00 0.00 0.00 -0.00 0.00 0.00 -0.00 0.00 0.00 -0.00 0.00 0.00 -0.00 0.00 0.00 -0.00 0.00 69.06 -37.95 134.56 -0.00 23.42 -0.00 -6.28 10.14 20.11 -1.35 12.81 32.73 0.00 0.00 -0.00 2.00 -0.02 0.61 -0.05 -0.29 8.55 -0.04 -0.15 4.31 0.00 0.00 -0.00 0.00 -0.00 1.62 -0.00 -0.00 16.38 0.00 0.00 8.49 0.00 0.00 -0.00 -2.00 0.08 2.24 0.26 0.63 19.89 0.20 0.31 10.45 0.00 0.00 -0.00 -4.00 0.02 0.25 0.02 0.30 4.34 0.02 0.15 2.16 0.00 -0.00 0.00 0.00 -0.00 0.00 0.00 -0.00 0.00 0.00 -0.00 0.00 0.00 -0.00 0.00 0.00 -0.00 0.00 0.00 -0.00 0.00 0.00 -0.00 0.00 0.00 -0.00 0.00 0.00 -0.00 0.00 0.00 -0.00 0.00 0.00 -0.00 0.00 0.00 -0.00 0.00 0.00 -0.00 0.00 0.00 -0.00 0.00 0.00 -0.00 0.00 0.00 -0.00 0.00 0.00 -0.00 0.00 0.00 -0.00 0.00 0.00 -0.00 0.00 0.00 -0.00 0.00 0.00 -0.00 0.00 0.00 -0.00 0.00
-0.0000 0.0264 0.0000 0.00 -0.00 0.00 0.00 -0.00 0.00 0.00 -0.00 0.00 0.00 -0.00 0.00 0.00 -0.00 0.00 0.00 -0.00 0.00 0.00 -0.00 0.00 0.00 -0.00 0.00 0.00 -0.00 0.00 0.00 -0.00 0.00 0.00 -0.00 0.00 0.00 -0.00 0.00 0.00 -0.00 0.00 0.00 -0.00 0.00 0.00 -0.00 0.00 0.00 -0.00 0.00 0.00 -0.00 0.00 0.00 -0.00 0.00 69.06 -37.95 134.56 -0.00 23.42 -0.00 -6.28 10.14 20.11 -1.35 12.81 32.73 0.00 0.00 -0.00 2.00 -0.02 0.61 -0.05 -0.29 8.55 -0.04 -0.15 4.31 0.00 0.00 -0.00 0.00 -0.00 1.62 -0.00 -0.00 16.38 0.00 0.00 8.49 0.00 0.00 -0.00 -2.00 0.08 2.24 0.26 0.63 19.89 0.20 0.31 10.45 0.00 0.00 -0.00 -4.00 0.02 0.25 0.02 0.30 4.34 0.02 0.15 2.16 0.00 -0.00 0.00 0.00 -0.00 0.00 0.00 -0.00 0.00 0.00 -0.00 0.00 0.00 -0.00 0.00 0.00 -0.00 0.00 0.00 -0.00 0.00 0.00 -0.00 0.00 0.00 -0.00 0.00 0.00 -0.00 0.00 0.00 -0.00 0.00 0.00 -0.00 0.00 0.00 -0.00 0.00 0.00 -0.00 0.00 0.00 -0.00 0.00 0.00 -0.00 0.00 0.00 -0.00 0.00 0.00 -0.00 0.00 0.00 -0.00 0.00 0.00 -0.00 0.00 0.00 -0.00 0.00 0.00 -0.00 0.00 0.00 -0.00 0.00
-0.0000 0.0270 0.0000 0.00 -0.00 0.00 0.00 -0.00 0.00 0.00 -0.00 0.00 0.00 -0.00 0.00 0.00 -0.00 0.00 0.00 -0.00 0.00 0.00 -0.00 0.00 0.00 -0.00 0.00 0.00 -0.00 0.00 0.00 -0.00 0.00 0.00 -0.00 0.00 0.00 -0.00 0.00 0.00 -0.00 0.00 0.00 -0.00 0.00 0.00 -0.00 0.00 0.00 -0.00 0.00 0.00 -0.00 0.00 0.00 -0.00 0.00 69.06 -37.95 134.56 -0.00 23.42 -0.00 -6.28 10.14 20.11 -1.35 12.81 32.73 0.00 0.00 -0.00 2.00 -0.02 0.61 -0.05 -0.29 8.55 -0.04 -0.15 4.31 0.00 0.00 -0.00 0.00 -0.00 1.62 -0.00 -0.00 16.38 0.00 0.00 8.49 0.00 0.00 -0.00 -2.00 0.08 2.24 0.26 0.63 19.89 0.20 0.31 10.45 0.00 0.00 -0.00 -4.00 0.02 0.25 0.02 0.30 4.34 0.02 0.15 2.16 0.00 -0.00 0.00 0.00 -0.00 0.00 0.00 -0.00 0.00 0.00 -0.00 0.00 0.00 -0.00 0.00 0.00 -0.00 0.00 0.00 -0.00 0.00 0.00 -0.00 0.00 0.00 -0.00 0.00 0.00 -0.00 0.00 0.00 -0.00 0.00 0.00 -0.00 0.00 0.00 -0.00 0.00 0.00 -0.00 0.00 0.00 -0.00 0.00 0.00 -0.00 0.00 0.00 -0.00 0.00 0.00 -0.00 0.00 0.00 -0.00 0.00 0.00 -0.00 0.00 0.00 -0.00 0.00 0.00 -0.00 0.00 0.00 -0.00 0.00
-0.0000 0.0267 0.0000 0.00 -0.00 0.00 0.00 -0.00 0.00 0.00 -0.00 0.00 0.00 -0.00 0.00 0.00 -0.00 0.00 0.00 -0.00 0.00 0.00 -0.00 0.00 0.00 -0.00 0.00 0.00 -0.00 0.00 0.00 -0.00 0.00 0.00 -0.00 0.00 0.00 -0.00 0.00 0.00 -0.00 0.00 0.00 -0.00 0.00 0.00 -0.00 0.00 0.00 -0.00 0.00 0.00 -0.00 0.00 0.00 -0.00 0.00 69.06 -37.95 134.56 -0.00 23.42 -0.00 -6.28 10.14 20.11 -1.35 12.81 32.73 0.00 0.00 -0.00 2.00 -0.02 0.61 -0.05 -0.29 8.55 -0.04 -0.15 4.31 0.00 0.00 -0.00 0.00 -0.00 1.62 -0.00 -0.00 16.38 0.00 0.00 8.49 0.00 0.00 -0.00 -2.00 0.08 2.24 0.26 0.63 19.89 0.20 0.31 10.45 0.00 0.00 -0.00 -4.00 0.02 0.25 0.02 0.30 4.34 0.02 0.15 2.16 0.00 -0.00 0.00 0.00 -0.00 0.00 0.00 -0.00 0.00 0.00 -0.00 0.00 0.00 -0.00 0.00 0.00 -0.00 0.00 0.00 -0.00 0.00 0.00 -0.00 0.00 0.00 -0.00 0.00 0.00 -0.00 0.00 0.00 -0.00 0.00 0.00 -0.00 0.00 0.00 -0.00 0.00 0.00 -0.00 0.00 0.00 -0.00 0.00 0.00 -0.00 0.00 0.00 -0.00 0.00 0.00 -0.00 0.00 0.00 -0.00 0.00 0.00 -0.00 0.00 0.00 -0.00 0.00 0.00 -0.00 0.00 0.00 -0.00 0.00
-0.0000 0.0265 0.0000 0.00 -0.00 0.00 0.00 -0.00 0.00 0.00 -0.00 0.00 0.00 -0.00 0.00 0.00 -0.00 0.00 0.00 -0.00 0.00 0.00 -0.00 0.00 0.00 -0.00 0.00 0.00 -0.00 0.00 0.00 -0.00 0.00 0.00 -0.00 0.00 0.00 -0.00 0.00 0.00 -0.00 0.00 0.00 -0.00 0.00 0.00 -0.00 0.00 0.00 -0.00 0.00 0.00 -0.00 0.00 0.00 -0.00 0.00 69.06 -37.95 134.56 -0.00 23.42 -0.00 -6.28 10.14 20.11 -1.35 12.81 32.73 0.00 0.00 -0.00 2.00 -0.02 0.61 -0.05 -0.29 8.55 -0.04 -0.15 4.31 0.00 0.00 -0.00 0.00 -0.00 1.62 -0.00 -0.00 16.38 0.00 0.00 8.49 0.00 0.00 -0.00 -2.00 0.08 2.24 0.26 0.63 19.89 0.20 0.31 10.45 0.00 0.00 -0.00 -4.00 0.02 0.25 0.02 0.30 4.34 0.02 0.15 2.16 0.00 -0.00 0.00 0.00 -0.00 0.00 0.00 -0.00 0.00 0.00 -0.00 0.00 0.00 -0.00 0.00 0.00 -0.00 0.00 0.00 -0.00 0.00 0.00 -0.00 0.00 0.00 -0.00 0.00 0.00 -0.00 0.00 0.00 -0.00 0.00 0.00 -0.00 0.00 0.00 -0.00 0.00 0.00 -0.00 0.00 0.00 -0.00 0.00 0.00 -0.00 0.00 0.00 -0.00 0.00 0.00 -0.00 0.00 0.00 -0.00 0.00 0.00 -0.00 0.00 0.00 -0.00 0.00 0.00 -0.00 0.00 0.00 -0.00 0.00
-0.0000 0.0269 0.0000 0.00 -0.00 0.00 0.00 -0.00 0.00 0.00 -0.00 0.00 0.00 -0.00 0.00 0.00 -0.00 0.00 0.00 -0.00 0.00 0.00 -0.00 0.00 0.00 -0.00 0.00 0.00 -0.00 0.00 0.00 -0.00 0.00 0.00 -0.00 0.00 0.00 -0.00 0.00 0.00 -0.00 0.00 0.00 -0.00 0.00 0.00 -0.00 0.00 0.00 -0.00 0.00 0.00 -0.00 0.00 0.00 -0.00 0.00 69.06 -37.95 134.56 -0.00 23.42 -0.00 -6.28 10.14 20.11 -1.35 12.81 32.73 0.00 0.00 -0.00 2.00 -0.02 0.61 -0.05 -0.29 8.55 -0.04 -0.15 4.31 0.00 0.00 -0.00 0.00 -0.00 1.62 -0.00 -0.00 16.38 0.00 0.00 8.49 0.00 0.00 -0.00 -2.00 0.08 2.24 0.26 0.63 19.89 0.20 0.31 10.45 0.00 0.00 -0.00 -4.00 0.02 0.25 0.02 0.30 4.34 0.02 0.15 2.16 0.00 -0.00 0.00 0.00 -0.00 0.00 0.00 -0.00 0.00 0.00 -0.00 0.00 0.00 -0.00 0.00 0.00 -0.00 0.00 0.00 -0.00 0.00 0.00 -0.00 0.00 0.00 -0.00 0.00 0.00 -0.00 0.00 0.00 -0.00 0.00 0.00 -0.00 0.00 0.00 -0.00 0.00 0.00 -0.00 0.00 0.00 -0.00 0.00 0.00 -0.00 0.00 0.00 -0.00 0.00 0.00 -0.00 0.00 0.00 -0.00 0.00 0.00 -0.00 0.00 0.00 -0.00 0.00 0.00 -0.00 0.00 0.00 -0.00 0.00
-0.0000 0.0276 0.0000 0.00 -0.00 0.00 0.00 -0.00 0.00 0.00 -0.00 0.00 0.00 -0.00 0.00 0.00 -0.00 0.00 0.00 -0.00 0.00 0.00 -0.00 0.00 0.00 -0.00 0.00 0.00 -0.00 0.00 0.00 -0.00 0.00 0.00 -0.00 0.00 0.00 -0.00 0.00 0.00 -0.00 0.00 0.00 -0.00 0.00 0.00 -0.00 0.00 0.00 -0.00 0.00 0.00 -0.00 0.00 0.00 -0.00 0.00 69.06 -37.95 134.56 -0.00 23.42 -0.00 -6.28 10.14 20.11 -1.35 12.81 32.73 0.00 0.00 -0.00 2.00 -0.02 0.61 -0.05 -0.29 8.55 -0.04 -0.15 4.31 0.00 0.00 -0.00 0.00 -0.00 1.62 -0.00 -0.00 16.38 0.00 0.00 8.49 0.00 0.00 -0.00 -2.00 0.08 2.24 0.26 0.63 19.89 0.20 0.31 10.45 0.00 0.00 -0.00 -4.00 0.02 0.25 0.02 0.30 4.34 0.02 0.15 2.16 0.00 -0.00 0.00 0.00 -0.00 0.00 0.00 -0.00 0.00 0.00 -0.00 0.00 0.00 -0.00 0.00 0.00 -0.00 0.00 0.00 -0.00 0.00 0.00 -0.00 0.00 0.00 -0.00 0.00 0.00 -0.00 0.00 0.00 -0.00 0.00 0.00 -0.00 0.00 0.00 -0.00 0.00 0.00 -0.00 0.00 0.00 -0.00 0.00 0.00 -0.00 0.00 0.00 -0.00 0.00 0.00 -0.00 0.00 0.00 -0.00 0.00 0.00 -0.00 0.00 0.00 -0.00 0.00 0.00 -0.00 0.00 0.00 -0.00 0.00
-0.0000 0.0274 0.0000 0.00 -0.00 0.00 0.00 -0.00 0.00 0.00 -0.00 0.00 0.00 -0.00 0.00 0.00 -0.00 0.00 0.00 -0.00 0.00 0.00 -0.00 0.00 0.00 -0.00 0.00 0.00 -0.00 0.00 0.00 -0.00 0.00 0.00 -0.00 0.00 0.00 -0.00 0.00 0.00 -0.00 0.00 0.00 -0.00 0.00 0.00 -0.00 0.00 0.00 -0.00 0.00 0.00 -0.00 0.00 0.00 -0.00 0.00 69.06 -37.95 134.56 -0.00 23.42 -0.00 -6.28 10.14 20.11 -1.35 12.81 32.73 0.00 0.00 -0.00 2.00 -0.02 0.61 -0.05 -0.29 8.55 -0.04 -0.15 4.31 0.00 0.00 -0.00 0.00 -0.00 1.62 -0.00 -0.00 16.38 0.00 0.00 8.49 0.00 0.00 -0.00 -2.00 0.08 2.24 0.26 0.63 19.89 0.20 0.31 10.45 0.00 0.00 -0.00 -4.00 0.02 0.25 0.02 0.30 4.34 0.02 0.15 2.16 0.00 -0.00 0.00 0.00 -0.00 0.00 0.00 -0.00 0.00 0.00 -0.00 0.00 0.00 -0.00 0.00 0.00 -0.00 0.00 0.00 -0.00 0.00 0.00 -0.00 0.00 0.00 -0.00 0.00 0.00 -0.00 0.00 0.00 -0.00 0.00 0.00 -0.00 0.00 0.00 -0.00 0.00 0.00 -0.00 0.00 0.00 -0.00 0.00 0.00 -0.00 0.00 0.00 -0.00 0.00 0.00 -0.00 0.00 0.00 -0.00 0.00 0.00 -0.00 0.00 0.00 -0.00 0.00 0.00 -0.00 0.00 0.00 -0.00 0.00
-0.0000 0.0271 0.0000 0.00 -0.00 0.00 0.00 -0.00 0.00 0.00 -0.00 0.00 0.00 -0.00 0.00 0.00 -0.00 0.00 0.00 -0.00 0.00 0.00 -0.00 0.00 0.00 -0.00 0.00 0.00 -0.00 0.00 0.00 -0.00 0.00 0.00 -0.00 0.00 0.00 -0.00 0.00 0.00 -0.00 0.00 0.00 -0.00 0.00 0.00 -0.00 0.00 0.00 -0.00 0.00 0.00 -0.00 0.00 0.00 -0.00 0.00 69.06 -37.95 134.56 -0.00 23.42 -0.00 -6.28 10.14 20.11 -1.35 12.81 32.73 0.00 0.00 -0.00 2.00 -0.02 0.61 -0.05 -0.29 8.55 -0.04 -0.15 4.31 0.00 0.00 -0.00 0.00 -0.00 1.62 -0.00 -0.00 16.38 0.00 0.00 8.49 0.00 0.00 -0.00 -2.00 0.08 2.24 0.26 0.63 19.89 0.20 0.31 10.45 0.00 0.00 -0.00 -4.00 0.02 0.25 0.02 0.30 4.34 0.02 0.15 2.16 0.00 -0.00 0.00 0.00 -0.00 0.00 0.00 -0.00 0.00 0.00 -0.00 0.00 0.00 -0.00 0.00 0.00 -0.00 0.00 0.00 -0.00 0.00 0.00 -0.00 0.00 0.00 -0.00 0.00 0.00 -0.00 0.00 0.00 -0.00 0.00 0.00 -0.00 0.00 0.00 -0.00 0.00 0.00 -0.00 0.00 0.00 -0.00 0.00 0.00 -0.00 0.00 0.00 -0.00 0.00 0.00 -0.00 0.00 0.00 -0.00 0.00 0.00 -0.00 0.00 0.00 -0.00 0.00 0.00 -0.00 0.00 0.00 -0.00 0.00
-0.0000 0.0277 0.0000 0.00 -0.00 0.00 0.00 -0.00 0.00 0.00 -0.00 0.00 0.00 -0.00 0.00 0.00 -0.00 0.00 0.00 -0.00 0.00 0.00 -0.00 0.00 0.00 -0.00 0.00 0.00 -0.00 0.00 0.00 -0.00 0.00 0.00 -0.00 0.00 0.00 -0.00 0.00 0.00 -0.00 0.00 0.00 -0.00 0.00 0.00 -0.00 0.00 0.00 -0.00 0.00 0.00 -0.00 0.00 0.00 -0.00 0.00 69.06 -37.95 134.56 -0.00 23.42 -0.00 -6.28 10.14 20.11 -1.35 12.81 32.73 0.00 0.00 -0.00 2.00 -0.02 0.61 -0.05 -0.29 8.55 -0.04 -0.15 4.31 0.00 0.00 -0.00 0.00 -0.00 1.62 -0.00 -0.00 16.38 0.00 0.00 8.49 0.00 0.00 -0.00 -2.00 0.08 2.24 0.26 0.63 19.89 0.20 0.31 10.45 0.00 0.00 -0.00 -4.00 0.02 0.25 0.02 0.30 4.34 0.02 0.15 2.16 0.00 -0.00 0.00 0.00 -0.00 0.00 0.00 -0.00 0.00 0.00 -0.00 0.00 0.00 -0.00 0.00 0.00 -0.00 0.00 0.00 -0.00 0.00 0.00 -0.00 0.00 0.00 -0.00 0.00 0.00 -0.00 0.00 0.00 -0.00 0.00 0.00 -0.00 0.00 0.00 -0.00 0.00 0.00 -0.00 0.00 0.00 -0.00 0.00 0.00 -0.00 0.00 0.00 -0.00 0.00 0.00 -0.00 0.00 0.00 -0.00 0.00 0.00 -0.00 0.00 0.00 -0.00 0.00 0.00 -0.00 0.00 0.00 -0.00 0.00
-0.0000 0.0273 0.0000 0.00 -0.00 0.00 0.00 -0.00 0.00 0.00 -0.00 0.00 0.00 -0.00 0.00 0.00 -0.00 0.00 0.00 -0.00 0.00 0.00 -0.00 0.00 0.00 -0.00 0.00 0.00 -0.00 0.00 0.00 -0.00 0.00 0.00 -0.00 0.00 0.00 -0.00 0.00 0.00 -0.00 0.00 0.00 -0.00 0.00 0.00 -0.00 0.00 0.00 -0.00 0.00 0.00 -0.00 0.00 0.00 -0.00 0.00 69.06 -37.95 134.56 -0.00 23.42 -0.00 -6.28 10.14 20.11 -1.35 12.81 32.73 0.00 0.00 -0.00 2.00 -0.02 0.61 -0.05 -0.29 8.55 -0.04 -0.15 4.31 0.00 0.00 -0.00 0.00 -0.00 1.62 -0.00 -0.00 16.38 0.00 0.00 8.49 0.00 0.00 -0.00 -2.00 0.08 2.24 0.26 0.63 19.89 0.20 0.31 10.45 0.00 0.00 -0.00 -4.00 0.02 0.25 0.02 0.30 4.34 0.02 0.15 2.16 0.00 -0.00 0.00 0.00 -0.00 0.00 0.00 -0.00 0.00 0.00 -0.00 0.00 0.00 -0.00 0.00 0.00 -0.00 0.00 0.00 -0.00 0.00 0.00 -0.00 0.00 0.00 -0.00 0.00 0.00 -0.00 0.00 0.00 -0.00 0.00 0.00 -0.00 0.00 0.00 -0.00 0.00 0.00 -0.00 0.00 0.00 -0.00 0.00 0.00 -0.00 0.00 0.00 -0.00 0.00 0.00 -0.00 0.00 0.00 -0.00 0.00 0.00 -0.00 0.00 0.00 -0.00 0.00 0.00 -0.00 0.00 0.00 -0.00 0.00
-0.0000 0.0276 0.0000 0.00 -0.00 0.00 0.00 -0.00 0.00 0.00 -0.00 0.00 0.00 -0.00 0.00 0.00 -0.00 0.00 0.00 -0.00 0.00 0.00 -0.00 0.00 0.00 -0.00 0.00 0.00 -0.00 0.00 0.00 -0.00 0.00 0.00 -0.00 0.00 0.00 -0.00 0.00 0.00 -0.00 0.00 0.00 -0.00 0.00 0.00 -0.00 0.00 0.00 -0.00 0.00 0.00 -0.00 0.00 0.00 -0.00 0.00 69.06 -37.95 134.56 -0.00 23.42 -0.00 -6.28 10.14 20.11 -1.35 12.81 32.73 0.00 0.00 -0.00 2.00 -0.02 0.61 -0.05 -0.29 8.55 -0.04 -0.15 4.31 0.00 0.00 -0.00 0.00 -0.00 1.62 -0.00 -0.00 16.38 0.00 0.00 8.49 0.00 0.00 -0.00 -2.00 0.08 2.24 0.26 0.63 19.89 0.20 0.31 10.45 0.00 0.00 -0.00 -4.00 0.02 0.25 0.02 0.30 4.34 0.02 0.15 2.16 0.00 -0.00 0.00 0.00 -0.00 0.00 0.00 -0.00 0.00 0.00 -0.00 0.00 0.00 -0.00 0.00 0.00 -0.00 0.00 0.00 -0.00 0.00 0.00 -0.00 0.00 0.00 -0.00 0.00 0.00 -0.00 0.00 0.00 -0.00 0.00 0.00 -0.00 0.00 0.00 -0.00 0.00 0.00 -0.00 0.00 0.00 -0.00 0.00 0.00 -0.00 0.00 0.00 -0.00 0.00 0.00 -0.00 0.00 0.00 -0.00 0.00 0.00 -0.00 0.00 0.00 -0.00 0.00 0.00 -0.00 0.00 0.00 -0.00 0.00
-0.0000 0.0277 0.0000 0.00 -0.00 0.00 0.00 -0.00 0.00 0.00 -0.00 0.00 0.00 -0.00 0.00 0.00 -0.00 0.00 0.00 -0.00 0.00 0.00 -0.00 0.00 0.00 -0.00 0.00 0.00 -0.00 0.00 0.00 -0.00 0.00 0.00 -0.00 0.00 0.00 -0.00 0.00 0.00 -0.00 0.00 0.00 -0.00 0.00 0.00 -0.00 0.00 0.00 -0.00 0.00 0.00 -0.00 0.00 0.00 -0.00 0.00 69.06 -37.95 134.56 -0.00 23.42 -0.00 -6.28 10.14 20.11 -1.35 12.81 32.73 0.00 0.00 -0.00 2.00 -0.02 0.61 -0.05 -0.29 8.55 -0.04 -0.15 4.31 0.00 0.00 -0.00 0.00 -0.00 1.62 -0.00 -0.00 16.38 0.00 0.00 8.49 0.00 0.00 -0.00 -2.00 0.08 2.24 0.26 0.63 19.89 0.20 0.31 10.45 0.00 0.00 -0.00 -4.00 0.02 0.25 0.02 0.30 4.34 0.02 0.15 2.16 0.00 -0.00 0.00 0.00 -0.00 0.00 0.00 -0.00 0.00 0.00 -0.00 0.00 0.00 -0.00 0.00 0.00 -0.00 0.00 0.00 -0.00 0.00 0.00 -0.00 0.00 0.00 -0.00 0.00 0.00 -0.00 0.00 0.00 -0.00 0.00 0.00 -0.00 0.00 0.00 -0.00 0.00 0.00 -0.00 0.00 0.00 -0.00 0.00 0.00 -0.00 0.00 0.00 -0.00 0.00 0.00 -0.00 0.00 0.00 -0.00 0.00 0.00 -0.00 0.00 0.00 -0.00 0.00 0.00 -0.00 0.00 0.00 -0.00 0.00
-0.0000 0.0269 0.0000 0.00 -0.00 0.00 0.00 -0.00 0.00 0.00 -0.00 0.00 0.00 -0.00 0.00 0.00 -0.00 0.00 0.00 -0.00 0.00 0.00 -0.00 0.00 0.00 -0.00 0.00 0.00 -0.00 0.00 0.00 -0.00 0.00 0.00 -0.00 0.00 0.00 -0.00 0.00 0.00 -0.00 0.00 0.00 -0.00 0.00 0.00 -0.00 0.00 0.00 -0.00 0.00 0.00 -0.00 0.00 0.00 -0.00 0.00 69.06 -37.95 134.56 -0.00 23.42 -0.00 -6.28 10.14 20.11 -1.35 12.81 32.73 0.00 0.00 -0.00 2.00 -0.02 0.61 -0.05 -0.29 8.55 -0.04 -0.15 4.31 0.00 0.00 -0.00 0.00 -0.00 1.62 -0.00 -0.00 16.38 0.00 0.00 8.49 0.00 0.00 -0.00 -2.00 0.08 2.24 0.26 0.63 19.89 0.20 0.31 10.45 0.00 0.00 -0.00 -4.00 0.02 0.25 0.02 0.30 4.34 0.02 0.15 2.16 0.00 -0.00 0.00 0.00 -0.00 0.00 0.00 -0.00 0.00 0.00 -0.00 0.00 0.00 -0.00 0.00 0.00 -0.00 0.00 0.00 -0.00 0.00 0.00 -0.00 0.00 0.00 -0.00 0.00 0.00 -0.00 0.00 0.00 -0.00 0.00 0.00 -0.00 0.00 0.00 -0.00 0.00 0.00 -0.00 0.00 0.00 -0.00 0.00 0.00 -0.00 0.00 0.00 -0.00 0.00 0.00 -0.00 0.00 0.00 -0.00 0.00 0.00 -0.00 0.00 0.00 -0.00 0.00 0.00 -0.00 0.00 0.00 -0.00 0.00
-0.0000 0.0268 0.0000 0.00 -0.00 0.00 0.00 -0.00 0.00 0.00 -0.00 0.00 0.00 -0.00 0.00 0.00 -0.00 0.00 0.00 -0.00 0.00 0.00 -0.00 0.00 0.00 -0.00 0.00 0.00 -0.00 0.00 0.00 -0.00 0.00 0.00 -0.00 0.00 0.00 -0.00 0.00 0.00 -0.00 0.00 0.00 -0.00 0.00 0.00 -0.00 0.00 0.00 -0.00 0.00 0.00 -0.00 0.00 0.00 -0.00 0.00 69.06 -37.95 134.56 -0.00 23.42 -0.00 -6.28 10.14 20.11 -1.35 12.81 32.73 0.00 0.00 -0.00 2.00 -0.02 0.61 -0.05 -0.29 8.55 -0.04 -0.15 4.31 0.00 0.00 -0.00 0.00 -0.00 1.62 -0.00 -0.00 16.38 0.00 0.00 8.49 0.00 0.00 -0.00 -2.00 0.08 2.24 0.26 0.63 19.89 0.20 0.31 10.45 0.00 0.00 -0.00 -4.00 0.02 0.25 0.02 0.30 4.34 0.02 0.15 2.16 0.00 -0.00 0.00 0.00 -0.00 0.00 0.00 -0.00 0.00 0.00 -0.00 0.00 0.00 -0.00 0.00 0.00 -0.00 0.00 0.00 -0.00 0.00 0.00 -0.00 0.00 0.00 -0.00 0.00 0.00 -0.00 0.00 0.00 -0.00 0.00 0.00 -0.00 0.00 0.00 -0.00 0.00 0.00 -0.00 0.00 0.00 -0.00 0.00 0.00 -0.00 0.00 0.00 -0.00 0.00 0.00 -0.00 0.00 0.00 -0.00 0.00 0.00 -0.00 0.00 0.00 -0.00 0.00 0.00 -0.00 0.00 0.00 -0.00 0.00
-0.0000 0.0270 0.0000 0.00 -0.00 0.00 0.00 -0.00 0.00 0.00 -0.00 0.00 0.00 -0.00 0.00 0.00 -0.00 0.00 0.00 -0.00 0.00 0.00 -0.00 0.00 0.00 -0.00 0.00 0.00 -0.00 0.00 0.00 -0.00 0.00 0.00 -0.00 0.00 0.00 -0.00 0.00 0.00 -0.00 0.00 0.00 -0.00 0.00 0.00 -0.00 0.00 0.00 -0.00 0.00 0.00 -0.00 0.00 0.00 -0.00 0.00 69.06 -37.95 134.56 -0.00 23.42 -0.00 -6.28 10.14 20.11 -1.35 12.81 32.73 0.00 0.00 -0.00 2.00 -0.02 0.61 -0.05 -0.29 8.55 -0.04 -0.15 4.31 0.00 0.00 -0.00 0.00 -0.00 1.62 -0.00 -0.00 16.38 0.00 0.00 8.49 0.00 0.00 -0.00 -2.00 0.08 2.24 0.26 0.63 19.89 0.20 0.31 10.45 0.00 0.00 -0.00 -4.00 0.02 0.25 0.02 0.30 4.34 0.02 0.15 2.16 0.00 -0.00 0.00 0.00 -0.00 0.00 0.00 -0.00 0.00 0.00 -0.00 0.00 0.00 -0.00 0.00 0.00 -0.00 0.00 0.00 -0.00 0.00 0.00 -0.00 0.00 0.00 -0.00 0.00 0.00 -0.00 0.00 0.00 -0.00 0.00 0.00 -0.00 0.00 0.00 -0.00 0.00 0.00 -0.00 0.00 0.00 -0.00 0.00 0.00 -0.00 0.00 0.00 -0.00 0.00 0.00 -0.00 0.00 0.00 -0.00 0.00 0.00 -0.00 0.00 0.00 -0.00 0.00 0.00 -0.00 0.00 0.00 -0.00 0.00
-0.0000 0.0269 0.0000 0.00 -0.00 0.00 0.00 -0.00 0.00 0.00 -0.00 0.00 0.00 -0.00 0.00 0.00 -0.00 0.00 0.00 -0.00 0.00 0.00 -0.00 0.00 0.00 -0.00 0.00 0.00 -0.00 0.00 0.00 -0.00 0.00 0.00 -0.00 0.00 0.00 -0.00 0.00 0.00 -0.00 0.00 0.00 -0.00 0.00 0.00 -0.00 0.00 0.00 -0.00 0.00 0.00 -0.00 0.00 0.00 -0.00 0.00 69.06 -37.95 134.56 -0.00 23.42 -0.00 -6.28 10.14 20.11 -1.35 12.81 32.73 0.00 0.00 -0.00 2.00 -0.02 0.61 -0.05 -0.29 8.55 -0.04 -0.15 4.31 0.00 0.00 -0.00 0.00 -0.00 1.62 -0.00 -0.00 16.38 0.00 0.00 8.49 0.00 0.00 -0.00 -2.00 0.08 2.24 0.26 0.63 19.89 0.20 0.31 10.45 0.00 0.00 -0.00 -4.00 0.02 0.25 0.02 0.30 4.34 0.02 0.15 2.16 0.00 -0.00 0.00 0.00 -0.00 0.00 0.00 -0.00 0.00 0.00 -0.00 0.00 0.00 -0.00 0.00 0.00 -0.00 0.00 0.00 -0.00 0.00 0.00 -0.00 0.00 0.00 -0.00 0.00 0.00 -0.00 0.00 0.00 -0.00 0.00 0.00 -0.00 0.00 0.00 -0.00 0.00 0.00 -0.00 0.00 0.00 -0.00 0.00 0.00 -0.00 0.00 0.00 -0.00 0.00 0.00 -0.00 0.00 0.00 -0.00 0.00 0.00 -0.00 0.00 0.00 -0.00 0.00 0.00 -0.00 0.00 0.00 -0.00 0.00
-0.0000 0.0273 0.0000 0.00 -0.00 0.00 0.00 -0.00 0.00 0.00 -0.00 0.00 0.00 -0.00 0.00 0.00 -0.00 0.00 0.00 -0.00 0.00 0.00 -0.00 0.00 0.00 -0.00 0.00 0.00 -0.00 0.00 0.00 -0.00 0.00 0.00 -0.00 0.00 0.00 -0.00 0.00 0.00 -0.00 0.00 0.00 -0.00 0.00 0.00 -0.00 0.00 0.00 -0.00 0.00 0.00 -0.00 0.00 0.00 -0.00 0.00 69.06 -37.95 134.56 -0.00 23.42 -0.00 -6.28 10.14 20.11 -1.35 12.81 32.73 0.00 0.00 -0.00 2.00 -0.02 0.61 -0.05 -0.29 8.55 -0.04 -0.15 4.31 0.00 0.00 -0.00 0.00 -0.00 1.62 -0.00 -0.00 16.38 0.00 0.00 8.49 0.00 0.00 -0.00 -2.00 0.08 2.24 0.26 0.63 19.89 0.20 0.31 10.45 0.00 0.00 -0.00 -4.00 0.02 0.25 0.02 0.30 4.34 0.02 0.15 2.16 0.00 -0.00 0.00 0.00 -0.00 0.00 0.00 -0.00 0.00 0.00 -0.00 0.00 0.00 -0.00 0.00 0.00 -0.00 0.00 0.00 -0.00 0.00 0.00 -0.00 0.00 0.00 -0.00 0.00 0.00 -0.00 0.00 0.00 -0.00 0.00 0.00 -0.00 0.00 0.00 -0.00 0.00 0.00 -0.00 0.00 0.00 -0.00 0.00 0.00 -0.00 0.00 0.00 -0.00 0.00 0.00 -0.00 0.00 0.00 -0.00 0.00 0.00 -0.00 0.00 0.00 -0.00 0.00 0.00 -0.00 0.00 0.00 -0.00 0.00
-0.0000 0.0277 0.0000 0.00 -0.00 0.00 0.00 -0.00 0.00 0.00 -0.00 0.00 0.00 -0.00 0.00 0.00 -0.00 0.00 0.00 -0.00 0.00 0.00 -0.00 0.00 0.00 -0.00 0.00 0.00 -0.00 0.00 0.00 -0.00 0.00 0.00 -0.00 0.00 0.00 -0.00 0.00 0.00 -0.00 0.00 0.00 -0.00 0.00 0.00 -0.00 0.00 0.00 -0.00 0.00 0.00 -0.00 0.00 0.00 -0.00 0.00 69.06 -37.95 134.56 -0.00 23.42 -0.00 -6.28 10.14 20.11 -1.35 12.81 32.73 0.00 0.00 -0.00 2.00 -0.02 0.61 -0.05 -0.29 8.55 -0.04 -0.15 4.31 0.00 0.00 -0.00 0.00 -0.00 1.62 -0.00 -0.00 16.38 0.00 0.00 8.49 0.00 0.00 -0.00 -2.00 0.08 2.24 0.26 0.63 19.89 0.20 0.31 10.45 0.00 0.00 -0.00 -4.00 0.02 0.25 0.02 0.30 4.34 0.02 0.15 2.16 0.00 -0.00 0.00 0.00 -0.00 0.00 0.00 -0.00 0.00 0.00 -0.00 0.00 0.00 -0.00 0.00 0.00 -0.00 0.00 0.00 -0.00 0.00 0.00 -0.00 0.00 0.00 -0.00 0.00 0.00 -0.00 0.00 0.00 -0.00 0.00 0.00 -0.00 0.00 0.00 -0.00 0.00 0.00 -0.00 0.00 0.00 -0.00 0.00 0.00 -0.00 0.00 0.00 -0.00 0.00 0.00 -0.00 0.00 0.00 -0.00 0.00 0.00 -0.00 0.00 0.00 -0.00 0.00 0.00 -0.00 0.00 0.00 -0.00 0.00
-0.0000 0.0269 0.0000 0.00 -0.00 0.00 0.00 -0.00 0.00 0.00 -0.00 0.00 0.00 -0.00 0.00 0.00 -0.00 0.00 0.00 -0.00 0.00 0.00 -0.00 0.00 0.00 -0.00 0.00 0.00 -0.00 0.00 0.00 -0.00 0.00 0.00 -0.00 0.00 0.00 -0.00 0.00 0.00 -0.00 0.00 0.00 -0.00 0.00 0.00 -0.00 0.00 0.00 -0.00 0.00 0.00 -0.00 0.00 0.00 -0.00 0.00 69.06 -37.95 134.56 -0.00 23.42 -0.00 -6.28 10.14 20.11 -1.35 12.81 32.73 0.00 0.00 -0.00 2.00 -0.02 0.61 -0.05 -0.29 8.55 -0.04 -0.15 4.31 0.00 0.00 -0.00 0.00 -0.00 1.62 -0.00 -0.00 16.38 0.00 0.00 8.49 0.00 0.00 -0.00 -2.00 0.08 2.24 0.26 0.63 19.89 0.20 0.31 10.45 0.00 0.00 -0.00 -4.00 0.02 0.25 0.02 0.30 4.34 0.02 0.15 2.16 0.00 -0.00 0.00 0.00 -0.00 0.00 0.00 -0.00 0.00 0.00 -0.00 0.00 0.00 -0.00 0.00 0.00 -0.00 0.00 0.00 -0.00 0.00 0.00 -0.00 0.00 0.00 -0.00 0.00 0.00 -0.00 0.00 0.00 -0.00 0.00 0.00 -0.00 0.00 0.00 -0.00 0.00 0.00 -0.00 0.00 0.00 -0.00 0.00 0.00 -0.00 0.00 0.00 -0.00 0.00 0.00 -0.00 0.00 0.00 -0.00 0.00 0.00 -0.00 0.00 0.00 -0.00 0.00 0.00 -0.00 0.00 0.00 -0.00 0.00
-0.0000 0.0264 0.0000 0.00 -0.00 0.00 0.00 -0.00 0.00 0.00 -0.00 0.00 0.00 -0.00 0.00 0.00 -0.00 0.00 0.00 -0.00 0.00 0.00 -0.00 0.00 0.00 -0.00 0.00 0.00 -0.00 0.00 0.00 -0.00 0.00 0.00 -0.00 0.00 0.00 -0.00 0.00 0.00 -0.00 0.00 0.00 -0.00 0.00 0.00 -0.00 0.00 0.00 -0.00 0.00 0.00 -0.00 0.00 0.00 -0.00 0.00 69.06 -37.95 134.56 -0.00 23.42 -0.00 -6.28 10.14 20.11 -1.35 12.81 32.73 0.00 0.00 -0.00 2.00 -0.02 0.61 -0.05 -0.29 8.55 -0.04 -0.15 4.31 0.00 0.00 -0.00 0.00 -0.00 1.62 -0.00 -0.00 16.38 0.00 0.00 8.49 0.00 0.00 -0.00 -2.00 0.08 2.24 0.26 0.63 19.89 0.20 0.31 10.45 0.00 0.00 -0.00 -4.00 0.02 0.25 0.02 0.30 4.34 0.02 0.15 2.16 0.00 -0.00 0.00 0.00 -0.00 0.00 0.00 -0.00 0.00 0.00 -0.00 0.00 0.00 -0.00 0.00 0.00 -0.00 0.00 0.00 -0.00 0.00 0.00 -0.00 0.00 0.00 -0.00 0.00 0.00 -0.00 0.00 0.00 -0.00 0.00 0.00 -0.00 0.00 0.00 -0.00 0.00 0.00 -0.00 0.00 0.00 -0.00 0.00 0.00 -0.00 0.00 0.00 -0.00 0.00 0.00 -0.00 0.00 0.00 -0.00 0.00 0.00 -0.00 0.00 0.00 -0.00 0.00 0.00 -0.00 0.00 0.00 -0.00 0.00
-0.0000 0.0265 0.0000 0.00 -0.00 0.00 0.00 -0.00 0.00 0.00 -0.00 0.00 0.00 -0.00 0.00 0.00 -0.00 0.00 0.00 -0.00 0.00 0.00 -0.00 0.00 0.00 -0.00 0.00 0.00 -0.00 0.00 0.00 -0.00 0.00 0.00 -0.00 0.00 0.00 -0.00 0.00 0.00 -0.00 0.00 0.00 -0.00 0.00 0.00 -0.00 0.00 0.00 -0.00 0.00 0.00 -0.00 0.00 0.00 -0.00 0.00 69.06 -37.95 134.56 -0.00 23.42 -0.00 -6.28 10.14 20.11 -1.35 12.81 32.73 0.00 0.00 -0.00 2.00 -0.02 0.61 -0.05 -0.29 8.55 -0.04 -0.15 4.31 0.00 0.00 -0.00 0.00 -0.00 1.62 -0.00 -0.00 16.38 0.00 0.00 8.49 0.00 0.00 -0.00 -2.00 0.08 2.24 0.26 0.63 19.89 0.20 0.31 10.45 0.00 0.00 -0.00 -4.00 0.02 0.25 0.02 0.30 4.34 0.02 0.15 2.16 0.00 -0.00 0.00 0.00 -0.00 0.00 0.00 -0.00 0.00 0.00 -0.00 0.00 0.00 -0.00 0.00 0.00 -0.00 0.00 0.00 -0.00 0.00 0.00 -0.00 0.00 0.00 -0.00 0.00 0.00 -0.00 0.00 0.00 -0.00 0.00 0.00 -0.00 0.00 0.00 -0.00 0.00 0.00 -0.00 0.00 0.00 -0.00 0.00 0.00 -0.00 0.00 0.00 -0.00 0.00 0.00 -0.00 0.00 0.00 -0.00 0.00 0.00 -0.00 0.00 0.00 -0.00 0.00 0.00 -0.00 0.00 0.00 -0.00 0.00
-0.0000 0.0265 0.0000 0.00 -0.00 0.00 0.00 -0.00 0.00 0.00 -0.00 0.00 0.00 -0.00 0.00 0.00 -0.00 0.00 0.00 -0.00 0.00 0.00 -0.00 0.00 0.00 -0.00 0.00 0.00 -0.00 0.00 0.00 -0.00 0.00 0.00 -0.00 0.00 0.00 -0.00 0.00 0.00 -0.00 0.00 0.00 -0.00 0.00 0.00 -0.00 0.00 0.00 -0.00 0.00 0.00 -0.00 0.00 0.00 -0.00 0.00 69.06 -37.95 134.56 -0.00 23.42 -0.00 -6.28 10.14 20.11 -1.35 12.81 32.73 0.00 0.00 -0.00 2.00 -0.02 0.61 -0.05 -0.29 8.55 -0.04 -0.15 4.31 0.00 0.00 -0.00 0.00 -0.00 1.62 -0.00 -0.00 16.38 0.00 0.00 8.49 0.00 0.00 -0.00 -2.00 0.08 2.24 0.26 0.63 19.89 0.20 0.31 10.45 0.00 0.00 -0.00 -4.00 0.02 0.25 0.02 0.30 4.34 0.02 0.15 2.16 0.00 -0.00 0.00 0.00 -0.00 0.00 0.00 -0.00 0.00 0.00 -0.00 0.00 0.00 -0.00 0.00 0.00 -0.00 0.00 0.00 -0.00 0.00 0.00 -0.00 0.00 0.00 -0.00 0.00 0.00 -0.00 0.00 0.00 -0.00 0.00 0.00 -0.00 0.00 0.00 -0.00 0.00 0.00 -0.00 0.00 0.00 -0.00 0.00 0.00 -0.00 0.00 0.00 -0.00 0.00 0.00 -0.00 0.00 0.00 -0.00 0.00 0.00 -0.00 0.00 0.00 -0.00 0.00 0.00 -0.00 0.00 0.00 -0.00 0.00
-0.0000 0.0269 0.0000 0.00 -0.00 0.00 0.00 -0.00 0.00 0.00 -0.00 0.00 0.00 -0.00 0.00 0.00 -0.00 0.00 0.00 -0.00 0.00 0.00 -0.00 0.00 0.00 -0.00 0.00 0.00 -0.00 0.00 0.00 -0.00 0.00 0.00 -0.00 0.00 0.00 -0.00 0.00 0.00 -0.00 0.00 0.00 -0.00 0.00 0.00 -0.00 0.00 0.00 -0.00 0.00 0.00 -0.00 0.00 0.00 -0.00 0.00 69.06 -37.95 134.56 -0.00 23.42 -0.00 -6.28 10.14 20.11 -1.35 12.81 32.73 0.00 0.00 -0.00 2.00 -0.02 0.61 -0.05 -0.29 8.55 -0.04 -0.15 4.31 0.00 0.00 -0.00 0.00 -0.00 1.62 -0.00 -0.00 16.38 0.00 0.00 8.49 0.00 0.00 -0.00 -2.00 0.08 2.24 0.26 0.63 19.89 0.20 0.31 10.45 0.00 0.00 -0.00 -4.00 0.02 0.25 0.02 0.30 4.34 0.02 0.15 2.16 0.00 -0.00 0.00 0.00 -0.00 0.00 0.00 -0.00 0.00 0.00 -0.00 0.00 0.00 -0.00 0.00 0.00 -0.00 0.00 0.00 -0.00 0.00 0.00 -0.00 0.00 0.00 -0.00 0.00 0.00 -0.00 0.00 0.00 -0.00 0.00 0.00 -0.00 0.00 0.00 -0.00 0.00 0.00 -0.00 0.00 0.00 -0.00 0.00 0.00 -0.00 0.00 0.00 -0.00 0.00 0.00 -0.00 0.00 0.00 -0.00 0.00 0.00 -0.00 0.00 0.00 -0.00 0.00 0.00 -0.00 0.00 0.00 -0.00 0.00
-0.0000 0.0277 0.0000 0.00 -0.00 0.00 0.00 -0.00 0.00 0.00 -0.00 0.00 0.00 -0.00 0.00 0.00 -0.00 0.00 0.00 -0.00 0.00 0.00 -0.00 0.00 0.00 -0.00 0.00 0.00 -0.00 0.00 0.00 -0.00 0.00 0.00 -0.00 0.00 0.00 -0.00 0.00 0.00 -0.00 0.00 0.00 -0.00 0.00 0.00 -0.00 0.00 0.00 -0.00 0.00 0.00 -0.00 0.00 0.00 -0.00 0.00 69.06 -37.95 134.56 -0.00 23.42 -0.00 -6.28 10.14 20.11 -1.35 12.81 32.73 0.00 0.00 -0.00 2.00 -0.02 0.61 -0.05 -0.29 8.55 -0.04 -0.15 4.31 0.00 0.00 -0.00 0.00 -0.00 1.62 -0.00 -0.00 16.38 0.00 0.00 8.49 0.00 0.00 -0.00 -2.00 0.08 2.24 0.26 0.63 19.89 0.20 0.31 10.45 0.00 0.00 -0.00 -4.00 0.02 0.25 0.02 0.30 4.34 0.02 0.15 2.16 0.00 -0.00 0.00 0.00 -0.00 0.00 0.00 -0.00 0.00 0.00 -0.00 0.00 0.00 -0.00 0.00 0.00 -0.00 0.00 0.00 -0.00 0.00 0.00 -0.00 0.00 0.00 -0.00 0.00 0.00 -0.00 0.00 0.00 -0.00 0.00 0.00 -0.00 0.00 0.00 -0.00 0.00 0.00 -0.00 0.00 0.00 -0.00 0.00 0.00 -0.00 0.00 0.00 -0.00 0.00 0.00 -0.00 0.00 0.00 -0.00 0.00 0.00 -0.00 0.00 0.00 -0.00 0.00 0.00 -0.00 0.00 0.00 -0.00 0.00
-0.0000 0.0271 0.0000 0.00 -0.00 0.00 0.00 -0.00 0.00 0.00 -0.00 0.00 0.00 -0.00 0.00 0.00 -0.00 0.00 0.00 -0.00 0.00 0.00 -0.00 0.00 0.00 -0.00 0.00 0.00 -0.00 0.00 0.00 -0.00 0.00 0.00 -0.00 0.00 0.00 -0.00 0.00 0.00 -0.00 0.00 0.00 -0.00 0.00 0.00 -0.00 0.00 0.00 -0.00 0.00 0.00 -0.00 0.00 0.00 -0.00 0.00 69.06 -37.95 134.56 -0.00 23.42 -0.00 -6.28 10.14 20.11 -1.35 12.81 32.73 0.00 0.00 -0.00 2.00 -0.02 0.61 -0.05 -0.29 8.55 -0.04 -0.15 4.31 0.00 0.00 -0.00 0.00 -0.00 1.62 -0.00 -0.00 16.38 0.00 0.00 8.49 0.00 0.00 -0.00 -2.00 0.08 2.24 0.26 0.63 19.89 0.20 0.31 10.45 0.00 0.00 -0.00 -4.00 0.02 0.25 0.02 0.30 4.34 0.02 0.15 2.16 0.00 -0.00 0.00 0.00 -0.00 0.00 0.00 -0.00 0.00 0.00 -0.00 0.00 0.00 -0.00 0.00 0.00 -0.00 0.00 0.00 -0.00 0.00 0.00 -0.00 0.00 0.00 -0.00 0.00 0.00 -0.00 0.00 0.00 -0.00 0.00 0.00 -0.00 0.00 0.00 -0.00 0.00 0.00 -0.00 0.00 0.00 -0.00 0.00 0.00 -0.00 0.00 0.00 -0.00 0.00 0.00 -0.00 0.00 0.00 -0.00 0.00 0.00 -0.00 0.00 0.00 -0.00 0.00 0.00 -0.00 0.00 0.00 -0.00 0.00
-0.0000 0.0273 0.0000 0.00 -0.00 0.00 0.00 -0.00 0.00 0.00 -0.00 0.00 0.00 -0.00 0.00 0.00 -0.00 0.00 0.00 -0.00 0.00 0.00 -0.00 0.00 0.00 -0.00 0.00 0.00 -0.00 0.00 0.00 -0.00 0.00 0.00 -0.00 0.00 0.00 -0.00 0.00 0.00 -0.00 0.00 0.00 -0.00 0.00 0.00 -0.00 0.00 0.00 -0.00 0.00 0.00 -0.00 0.00 0.00 -0.00 0.00 69.06 -37.95 134.56 -0.00 23.42 -0.00 -6.28 10.14 20.11 -1.35 12.81 32.73 0.00 0.00 -0.00 2.00 -0.02 0.61 -0.05 -0.29 8.55 -0.04 -0.15 4.31 0.00 0.00 -0.00 0.00 -0.00 1.62 -0.00 -0.00 16.38 0.00 0.00 8.49 0.00 0.00 -0.00 -2.00 0.08 2.24 0.26 0.63 19.89 0.20 0.31 10.45 0.00 0.00 -0.00 -4.00 0.02 0.25 0.02 0.30 4.34 0.02 0.15 2.16 0.00 -0.00 0.00 0.00 -0.00 0.00 0.00 -0.00 0.00 0.00 -0.00 0.00 0.00 -0.00 0.00 0.00 -0.00 0.00 0.00 -0.00 0.00 0.00 -0.00 0.00 0.00 -0.00 0.00 0.00 -0.00 0.00 0.00 -0.00 0.00 0.00 -0.00 0.00 0.00 -0.00 0.00 0.00 -0.00 0.00 0.00 -0.00 0.00 0.00 -0.00 0.00 0.00 -0.00 0.00 0.00 -0.00 0.00 0.00 -0.00 0.00 0.00 -0.00 0.00 0.00 -0.00 0.00 0.00 -0.00 0.00 0.00 -0.00 0.00
-0.0000 0.0274 0.0000 0.00 -0.00 0.00 0.00 -0.00 0.00 0.00 -0.00 0.00 0.00 -0.00 0.00 0.00 -0.00 0.00 0.00 -0.00 0.00 0.00 -0.00 0.00 0.00 -0.00 0.00 0.00 -0.00 0.00 0.00 -0.00 0.00 0.00 -0.00 0.00 0.00 -0.00 0.00 0.00 -0.00 0.00 0.00 -0.00 0.00 0.00 -0.00 0.00 0.00 -0.00 0.00 0.00 -0.00 0.00 0.00 -0.00 0.00 69.06 -37.95 134.56 -0.00 23.42 -0.00 -6.28 10.14 20.11 -1.35 12.81 32.73 0.00 0.00 -0.00 2.00 -0.02 0.61 -0.05 -0.29 8.55 -0.04 -0.15 4.31 0.00 0.00 -0.00 0.00 -0.00 1.62 -0.00 -0.00 16.38 0.00 0.00 8.49 0.00 0.00 -0.00 -2.00 0.08 2.24 0.26 0.63 19.89 0.20 0.31 10.45 0.00 0.00 -0.00 -4.00 0.02 0.25 0.02 0.30 4.34 0.02 0.15 2.16 0.00 -0.00 0.00 0.00 -0.00 0.00 0.00 -0.00 0.00 0.00 -0.00 0.00 0.00 -0.00 0.00 0.00 -0.00 0.00 0.00 -0.00 0.00 0.00 -0.00 0.00 0.00 -0.00 0.00 0.00 -0.00 0.00 0.00 -0.00 0.00 0.00 -0.00 0.00 0.00 -0.00 0.00 0.00 -0.00 0.00 0.00 -0.00 0.00 0.00 -0.00 0.00 0.00 -0.00 0.00 0.00 -0.00 0.00 0.00 -0.00 0.00 0.00 -0.00 0.00 0.00 -0.00 0.00 0.00 -0.00 0.00 0.00 -0.00 0.00
-0.0000 0.0271 0.0000 0.00 -0.00 0.00 0.00 -0.00 0.00 0.00 -0.00 0.00 0.00 -0.00 0.00 0.00 -0.00 0.00 0.00 -0.00 0.00 0.00 -0.00 0.00 0.00 -0.00 0.00 0.00 -0.00 0.00 0.00 -0.00 0.00 0.00 -0.00 0.00 0.00 -0.00 0.00 0.00 -0.00 0.00 0.00 -0.00 0.00 0.00 -0.00 0.00 0.00 -0.00 0.00 0.00 -0.00 0.00 0.00 -0.00 0.00 69.06 -37.95 134.56 -0.00 23.42 -0.00 -6.28 10.14 20.11 -1.35 12.81 32.73 0.00 0.00 -0.00 2.00 -0.02 0.61 -0.05 -0.29 8.55 -0.04 -0.15 4.31 0.00 0.00 -0.00 0.00 -0.00 1.62 -0.00 -0.00 16.38 0.00 0.00 8.49 0.00 0.00 -0.00 -2.00 0.08 2.24 0.26 0.63 19.89 0.20 0.31 10.45 0.00 0.00 -0.00 -4.00 0.02 0.25 0.02 0.30 4.34 0.02 0.15 2.16 0.00 -0.00 0.00 0.00 -0.00 0.00 0.00 -0.00 0.00 0.00 -0.00 0.00 0.00 -0.00 0.00 0.00 -0.00 0.00 0.00 -0.00 0.00 0.00 -0.00 0.00 0.00 -0.00 0.00 0.00 -0.00 0.00 0.00 -0.00 0.00 0.00 -0.00 0.00 0.00 -0.00 0.00 0.00 -0.00 0.00 0.00 -0.00 0.00 0.00 -0.00 0.00 0.00 -0.00 0.00 0.00 -0.00 0.00 0.00 -0.00 0.00 0.00 -0.00 0.00 0.00 -0.00 0.00 0.00 -0.00 0.00 0.00 -0.00 0.00
-0.0000 0.0273 0.0000 0.00 -0.00 0.00 0.00 -0.00 0.00 0.00 -0.00 0.00 0.00 -0.00 0.00 0.00 -0.00 0.00 0.00 -0.00 0.00 0.00 -0.00 0.00 0.00 -0.00 0.00 0.00 -0.00 0.00 0.00 -0.00 0.00 0.00 -0.00 0.00 0.00 -0.00 0.00 0.00 -0.00 0.00 0.00 -0.00 0.00 0.00 -0.00 0.00 0.00 -0.00 0.00 0.00 -0.00 0.00 0.00 -0.00 0.00 69.06 -37.95 134.56 -0.00 23.42 -0.00 -6.28 10.14 20.11 -1.35 12.81 32.73 0.00 0.00 -0.00 2.00 -0.02 0.61 -0.05 -0.29 8.55 -0.04 -0.15 4.31 0.00 0.00 -0.00 0.00 -0.00 1.62 -0.00 -0.00 16.38 0.00 0.00 8.49 0.00 0.00 -0.00 -2.00 0.08 2.24 0.26 0.63 19.89 0.20 0.31 10.45 0.00 0.00 -0.00 -4.00 0.02 0.25 0.02 0.30 4.34 0.02 0.15 2.16 0.00 -0.00 0.00 0.00 -0.00 0.00 0.00 -0.00 0.00 0.00 -0.00 0.00 0.00 -0.00 0.00 0.00 -0.00 0.00 0.00 -0.00 0.00 0.00 -0.00 0.00 0.00 -0.00 0.00 0.00 -0.00 0.00 0.00 -0.00 0.00 0.00 -0.00 0.00 0.00 -0.00 0.00 0.00 -0.00 0.00 0.00 -0.00 0.00 0.00 -0.00 0.00 0.00 -0.00 0.00 0.00 -0.00 0.00 0.00 -0.00 0.00 0.00 -0.00 0.00 0.00 -0.00 0.00 0.00 -0.00 0.00 0.00 -0.00 0.00
-0.0000 0.0276 0.0000 0.00 -0.00 0.00 0.00 -0.00 0.00 0.00 -0.00 0.00 0.00 -0.00 0.00 0.00 -0.00 0.00 0.00 -0.00 0.00 0.00 -0.00 0.00 0.00 -0.00 0.00 0.00 -0.00 0.00 0.00 -0.00 0.00 0.00 -0.00 0.00 0.00 -0.00 0.00 0.00 -0.00 0.00 0.00 -0.00 0.00 0.00 -0.00 0.00 0.00 -0.00 0.00 0.00 -0.00 0.00 0.00 -0.00 0.00 69.06 -37.95 134.56 -0.00 23.42 -0.00 -6.28 10.14 20.11 -1.35 12.81 32.73 0.00 0.00 -0.00 2.00 -0.02 0.61 -0.05 -0.29 8.55 -0.04 -0.15 4.31 0.00 0.00 -0.00 0.00 -0.00 1.62 -0.00 -0.00 16.38 0.00 0.00 8.49 0.00 0.00 -0.00 -2.00 0.08 2.24 0.26 0.63 19.89 0.20 0.31 10.45 0.00 0.00 -0.00 -4.00 0.02 0.25 0.02 0.30 4.34 0.02 0.15 2.16 0.00 -0.00 0.00 0.00 -0.00 0.00 0.00 -0.00 0.00 0.00 -0.00 0.00 0.00 -0.00 0.00 0.00 -0.00 0.00 0.00 -0.00 0.00 0.00 -0.00 0.00 0.00 -0.00 0.00 0.00 -0.00 0.00 0.00 -0.00 0.00 0.00 -0.00 0.00 0.00 -0.00 0.00 0.00 -0.00 0.00 0.00 -0.00 0.00 0.00 -0.00 0.00 0.00 -0.00 0.00 0.00 -0.00 0.00 0.00 -0.00 0.00 0.00 -0.00 0.00 0.00 -0.00 0.00 0.00 -0.00 0.00 0.00 -0.00 0.00
-0.0000 0.0281 0.0000 0.00 -0.00 0.00 0.00 -0.00 0.00 0.00 -0.00 0.00 0.00 -0.00 0.00 0.00 -0.00 0.00 0.00 -0.00 0.00 0.00 -0.00 0.00 0.00 -0.00 0.00 0.00 -0.00 0.00 0.00 -0.00 0.00 0.00 -0.00 0.00 0.00 -0.00 0.00 0.00 -0.00 0.00 0.00 -0.00 0.00 0.00 -0.00 0.00 0.00 -0.00 0.00 0.00 -0.00 0.00 0.00 -0.00 0.00 69.06 -37.95 134.56 -0.00 23.42 -0.00 -6.28 10.14 20.11 -1.35 12.81 32.73 0.00 0.00 -0.00 2.00 -0.02 0.61 -0.05 -0.29 8.55 -0.04 -0.15 4.31 0.00 0.00 -0.00 0.00 -0.00 1.62 -0.00 -0.00 16.38 0.00 0.00 8.49 0.00 0.00 -0.00 -2.00 0.08 2.24 0.26 0.63 19.89 0.20 0.31 10.45 0.00 0.00 -0.00 -4.00 0.02 0.25 0.02 0.30 4.34 0.02 0.15 2.16 0.00 -0.00 0.00 0.00 -0.00 0.00 0.00 -0.00 0.00 0.00 -0.00 0.00 0.00 -0.00 0.00 0.00 -0.00 0.00 0.00 -0.00 0.00 0.00 -0.00 0.00 0.00 -0.00 0.00 0.00 -0.00 0.00 0.00 -0.00 0.00 0.00 -0.00 0.00 0.00 -0.00 0.00 0.00 -0.00 0.00 0.00 -0.00 0.00 0.00 -0.00 0.00 0.00 -0.00 0.00 0.00 -0.00 0.00 0.00 -0.00 0.00 0.00 -0.00 0.00 0.00 -0.00 0.00 0.00 -0.00 0.00 0.00 -0.00 0.00
-0.0000 0.0283 0.0000 0.00 -0.00 0.00 0.00 -0.00 0.00 0.00 -0.00 0.00 0.00 -0.00 0.00 0.00 -0.00 0.00 0.00 -0.00 0.00 0.00 -0.00 0.00 0.00 -0.00 0.00 0.00 -0.00 0.00 0.00 -0.00 0.00 0.00 -0.00 0.00 0.00 -0.00 0.00 0.00 -0.00 0.00 0.00 -0.00 0.00 0.00 -0.00 0.00 0.00 -0.00 0.00 0.00 -0.00 0.00 0.00 -0.00 0.00 69.06 -37.95 134.56 -0.00 23.42 -0.00 -6.28 10.14 20.11 -1.35 12.81 32.73 0.00 0.00 -0.00 2.00 -0.02 0.61 -0.05 -0.29 8.55 -0.04 -0.15 4.31 0.00 0.00 -0.00 0.00 -0.00 1.62 -0.00 -0.00 16.38 0.00 0.00 8.49 0.00 0.00 -0.00 -2.00 0.08 2.24 0.26 0.63 19.89 0.20 0.31 10.45 0.00 0.00 -0.00 -4.00 0.02 0.25 0.02 0.30 4.34 0.02 0.15 2.16 0.00 -0.00 0.00 0.00 -0.00 0.00 0.00 -0.00 0.00 0.00 -0.00 0.00 0.00 -0.00 0.00 0.00 -0.00 0.00 0.00 -0.00 0.00 0.00 -0.00 0.00 0.00 -0.00 0.00 0.00 -0.00 0.00 0.00 -0.00 0.00 0.00 -0.00 0.00 0.00 -0.00 0.00 0.00 -0.00 0.00 0.00 -0.00 0.00 0.00 -0.00 0.00 0.00 -0.00 0.00 0.00 -0.00 0.00 0.00 -0.00 0.00 0.00 -0.00 0.00 0.00 -0.00 0.00 0.00 -0.00 0.00 0.00 -0.00 0.00
-0.0000 0.0282 0.0000 0.00 -0.00 0.00 0.00 -0.00 0.00 0.00 -0.00 0.00 0.00 -0.00 0.00 0.00 -0.00 0.00 0.00 -0.00 0.00 0.00 -0.00 0.00 0.00 -0.00 0.00 0.00 -0.00 0.00 0.00 -0.00 0.00 0.00 -0.00 0.00 0.00 -0.00 0.00 0.00 -0.00 0.00 0.00 -0.00 0.00 0.00 -0.00 0.00 0.00 -0.00 0.00 0.00 -0.00 0.00 0.00 -0.00 0.00 69.06 -37.95 134.56 -0.00 23.42 -0.00 -6.28 10.14 20.11 -1.35 12.81 32.73 0.00 0.00 -0.00 2.00 -0.02 0.61 -0.05 -0.29 8.55 -0.04 -0.15 4.31 0.00 0.00 -0.00 0.00 -0.00 1.62 -0.00 -0.00 16.38 0.00 0.00 8.49 0.00 0.00 -0.00 -2.00 0.08 2.24 0.26 0.63 19.89 0.20 0.31 10.45 0.00 0.00 -0.00 -4.00 0.02 0.25 0.02 0.30 4.34 0.02 0.15 2.16 0.00 -0.00 0.00 0.00 -0.00 0.00 0.00 -0.00 0.00 0.00 -0.00 0.00 0.00 -0.00 0.00 0.00 -0.00 0.00 0.00 -0.00 0.00 0.00 -0.00 0.00 0.00 -0.00 0.00 0.00 -0.00 0.00 0.00 -0.00 0.00 0.00 -0.00 0.00 0.00 -0.00 0.00 0.00 -0.00 0.00 0.00 -0.00 0.00 0.00 -0.00 0.00 0.00 -0.00 0.00 0.00 -0.00 0.00 0.00 -0.00 0.00 0.00 -0.00 0.00 0.00 -0.00 0.00 0.00 -0.00 0.00 0.00 -0.00 0.00
-0.0000 0.0275 0.0000 0.00 -0.00 0.00 0.00 -0.00 0.00 0.00 -0.00 0.00 0.00 -0.00 0.00 0.00 -0.00 0.00 0.00 -0.00 0.00 0.00 -0.00 0.00 0.00 -0.00 0.00 0.00 -0.00 0.00 0.00 -0.00 0.00 0.00 -0.00 0.00 0.00 -0.00 0.00 0.00 -0.00 0.00 0.00 -0.00 0.00 0.00 -0.00 0.00 0.00 -0.00 0.00 0.00 -0.00 0.00 0.00 -0.00 0.00 69.06 -37.95 134.56 -0.00 23.42 -0.00 -6.28 10.14 20.11 -1.35 12.81 32.73 0.00 0.00 -0.00 2.00 -0.02 0.61 -0.05 -0.29 8.55 -0.04 -0.15 4.31 0.00 0.00 -0.00 0.00 -0.00 1.62 -0.00 -0.00 16.38 0.00 0.00 8.49 0.00 0.00 -0.00 -2.00 0.08 2.24 0.26 0.63 19.89 0.20 0.31 10.45 0.00 0.00 -0.00 -4.00 0.02 0.25 0.02 0.30 4.34 0.02 0.15 2.16 0.00 -0.00 0.00 0.00 -0.00 0.00 0.00 -0.00 0.00 0.00 -0.00 0.00 0.00 -0.00 0.00 0.00 -0.00 0.00 0.00 -0.00 0.00 0.00 -0.00 0.00 0.00 -0.00 0.00 0.00 -0.00 0.00 0.00 -0.00 0.00 0.00 -0.00 0.00 0.00 -0.00 0.00 0.00 -0.00 0.00 0.00 -0.00 0.00 0.00 -0.00 0.00 0.00 -0.00 0.00 0.00 -0.00 0.00 0.00 -0.00 0.00 0.00 -0.00 0.00 0.00 -0.00 0.00 0.00 -0.00 0.00 0.00 -0.00 0.00
-0.0000 0.0275 0.0000 0.00 -0.00 0.00 0.00 -0.00 0.00 0.00 -0.00 0.00 0.00 -0.00 0.00 0.00 -0.00 0.00 0.00 -0.00 0.00 0.00 -0.00 0.00 0.00 -0.00 0.00 0.00 -0.00 0.00 0.00 -0.00 0.00 0.00 -0.00 0.00 0.00 -0.00 0.00 0.00 -0.00 0.00 0.00 -0.00 0.00 0.00 -0.00 0.00 0.00 -0.00 0.00 0.00 -0.00 0.00 0.00 -0.00 0.00 69.06 -37.95 134.56 -0.00 23.42 -0.00 -6.28 10.14 20.11 -1.35 12.81 32.73 0.00 0.00 -0.00 2.00 -0.02 0.61 -0.05 -0.29 8.55 -0.04 -0.15 4.31 0.00 0.00 -0.00 0.00 -0.00 1.62 -0.00 -0.00 16.38 0.00 0.00 8.49 0.00 0.00 -0.00 -2.00 0.08 2.24 0.26 0.63 19.89 0.20 0.31 10.45 0.00 0.00 -0.00 -4.00 0.02 0.25 0.02 0.30 4.34 0.02 0.15 2.16 0.00 -0.00 0.00 0.00 -0.00 0.00 0.00 -0.00 0.00 0.00 -0.00 0.00 0.00 -0.00 0.00 0.00 -0.00 0.00 0.00 -0.00 0.00 0.00 -0.00 0.00 0.00 -0.00 0.00 0.00 -0.00 0.00 0.00 -0.00 0.00 0.00 -0.00 0.00 0.00 -0.00 0.00 0.00 -0.00 0.00 0.00 -0.00 0.00 0.00 -0.00 0.00 0.00 -0.00 0.00 0.00 -0.00 0.00 0.00 -0.00 0.00 0.00 -0.00 0.00 0.00 -0.00 0.00 0.00 -0.00 0.00 0.00 -0.00 0.00
-0.0000 0.0286 0.0000 0.00 -0.00 0.00 0.00 -0.00 0.00 0.00 -0.00 0.00 0.00 -0.00 0.00 0.00 -0.00 0.00 0.00 -0.00 0.00 0.00 -0.00 0.00 0.00 -0.00 0.00 0.00 -0.00 0.00 0.00 -0.00 0.00 0.00 -0.00 0.00 0.00 -0.00 0.00 0.00 -0.00 0.00 0.00 -0.00 0.00 0.00 -0.00 0.00 0.00 -0.00 0.00 0.00 -0.00 0.00 0.00 -0.00 0.00 69.06 -37.95 134.56 -0.00 23.42 -0.00 -6.28 10.14 20.11 -1.35 12.81 32.73 0.00 0.00 -0.00 2.00 -0.02 0.61 -0.05 -0.29 8.55 -0.04 -0.15 4.31 0.00 0.00 -0.00 0.00 -0.00 1.62 -0.00 -0.00 16.38 0.00 0.00 8.49 0.00 0.00 -0.00 -2.00 0.08 2.24 0.26 0.63 19.89 0.20 0.31 10.45 0.00 0.00 -0.00 -4.00 0.02 0.25 0.02 0.30 4.34 0.02 0.15 2.16 0.00 -0.00 0.00 0.00 -0.00 0.00 0.00 -0.00 0.00 0.00 -0.00 0.00 0.00 -0.00 0.00 0.00 -0.00 0.00 0.00 -0.00 0.00 0.00 -0.00 0.00 0.00 -0.00 0.00 0.00 -0.00 0.00 0.00 -0.00 0.00 0.00 -0.00 0.00 0.00 -0.00 0.00 0.00 -0.00 0.00 0.00 -0.00 0.00 0.00 -0.00 0.00 0.00 -0.00 0.00 0.00 -0.00 0.00 0.00 -0.00 0.00 0.00 -0.00 0.00 0.00 -0.00 0.00 0.00 -0.00 0.00 0.00 -0.00 0.00
-0.0000 0.0282 0.0000 0.00 -0.00 0.00 0.00 -0.00 0.00 0.00 -0.00 0.00 0.00 -0.00 0.00 0.00 -0.00 0.00 0.00 -0.00 0.00 0.00 -0.00 0.00 0.00 -0.00 0.00 0.00 -0.00 0.00 0.00 -0.00 0.00 0.00 -0.00 0.00 0.00 -0.00 0.00 0.00 -0.00 0.00 0.00 -0.00 0.00 0.00 -0.00 0.00 0.00 -0.00 0.00 0.00 -0.00 0.00 0.00 -0.00 0.00 69.06 -37.95 134.56 -0.00 23.42 -0.00 -6.28 10.14 20.11 -1.35 12.81 32.73 0.00 0.00 -0.00 2.00 -0.02 0.61 -0.05 -0.29 8.55 -0.04 -0.15 4.31 0.00 0.00 -0.00 0.00 -0.00 1.62 -0.00 -0.00 16.38 0.00 0.00 8.49 0.00 0.00 -0.00 -2.00 0.08 2.24 0.26 0.63 19.89 0.20 0.31 10.45 0.00 0.00 -0.00 -4.00 0.02 0.25 0.02 0.30 4.34 0.02 0.15 2.16 0.00 -0.00 0.00 0.00 -0.00 0.00 0.00 -0.00 0.00 0.00 -0.00 0.00 0.00 -0.00 0.00 0.00 -0.00 0.00 0.00 -0.00 0.00 0.00 -0.00 0.00 0.00 -0.00 0.00 0.00 -0.00 0.00 0.00 -0.00 0.00 0.00 -0.00 0.00 0.00 -0.00 0.00 0.00 -0.00 0.00 0.00 -0.00 0.00 0.00 -0.00 0.00 0.00 -0.00 0.00 0.00 -0.00 0.00 0.00 -0.00 0.00 0.00 -0.00 0.00 0.00 -0.00 0.00 0.00 -0.00 0.00 0.00 -0.00 0.00
-0.0000 0.0280 0.0000 0.00 -0.00 0.00 0.00 -0.00 0.00 0.00 -0.00 0.00 0.00 -0.00 0.00 0.00 -0.00 0.00 0.00 -0.00 0.00 0.00 -0.00 0.00 0.00 -0.00 0.00 0.00 -0.00 0.00 0.00 -0.00 0.00 0.00 -0.00 0.00 0.00 -0.00 0.00 0.00 -0.00 0.00 0.00 -0.00 0.00 0.00 -0.00 0.00 0.00 -0.00 0.00 0.00 -0.00 0.00 0.00 -0.00 0.00 69.06 -37.95 134.56 -0.00 23.42 -0.00 -6.28 10.14 20.11 -1.35 12.81 32.73 0.00 0.00 -0.00 2.00 -0.02 0.61 -0.05 -0.29 8.55 -0.04 -0.15 4.31 0.00 0.00 -0.00 0.00 -0.00 1.62 -0.00 -0.00 16.38 0.00 0.00 8.49 0.00 0.00 -0.00 -2.00 0.08 2.24 0.26 0.63 19.89 0.20 0.31 10.45 0.00 0.00 -0.00 -4.00 0.02 0.25 0.02 0.30 4.34 0.02 0.15 2.16 0.00 -0.00 0.00 0.00 -0.00 0.00 0.00 -0.00 0.00 0.00 -0.00 0.00 0.00 -0.00 0.00 0.00 -0.00 0.00 0.00 -0.00 0.00 0.00 -0.00 0.00 0.00 -0.00 0.00 0.00 -0.00 0.00 0.00 -0.00 0.00 0.00 -0.00 0.00 0.00 -0.00 0.00 0.00 -0.00 0.00 0.00 -0.00 0.00 0.00 -0.00 0.00 0.00 -0.00 0.00 0.00 -0.00 0.00 0.00 -0.00 0.00 0.00 -0.00 0.00 0.00 -0.00 0.00 0.00 -0.00 0.00 0.00 -0.00 0.00
-0.0000 0.0281 0.0000 0.00 -0.00 0.00 0.00 -0.00 0.00 0.00 -0.00 0.00 0.00 -0.00 0.00 0.00 -0.00 0.00 0.00 -0.00 0.00 0.00 -0.00 0.00 0.00 -0.00 0.00 0.00 -0.00 0.00 0.00 -0.00 0.00 0.00 -0.00 0.00 0.00 -0.00 0.00 0.00 -0.00 0.00 0.00 -0.00 0.00 0.00 -0.00 0.00 0.00 -0.00 0.00 0.00 -0.00 0.00 0.00 -0.00 0.00 69.06 -37.95 134.56 -0.00 23.42 -0.00 -6.28 10.14 20.11 -1.35 12.81 32.73 0.00 0.00 -0.00 2.00 -0.02 0.61 -0.05 -0.29 8.55 -0.04 -0.15 4.31 0.00 0.00 -0.00 0.00 -0.00 1.62 -0.00 -0.00 16.38 0.00 0.00 8.49 0.00 0.00 -0.00 -2.00 0.08 2.24 0.26 0.63 19.89 0.20 0.31 10.45 0.00 0.00 -0.00 -4.00 0.02 0.25 0.02 0.30 4.34 0.02 0.15 2.16 0.00 -0.00 0.00 0.00 -0.00 0.00 0.00 -0.00 0.00 0.00 -0.00 0.00 0.00 -0.00 0.00 0.00 -0.00 0.00 0.00 -0.00 0.00 0.00 -0.00 0.00 0.00 -0.00 0.00 0.00 -0.00 0.00 0.00 -0.00 0.00 0.00 -0.00 0.00 0.00 -0.00 0.00 0.00 -0.00 0.00 0.00 -0.00 0.00 0.00 -0.00 0.00 0.00 -0.00 0.00 0.00 -0.00 0.00 0.00 -0.00 0.00 0.00 -0.00 0.00 0.00 -0.00 0.00 0.00 -0.00 0.00 0.00 -0.00 0.00
-0.0000 0.0272 0.0000 0.00 -0.00 0.00 0.00 -0.00 0.00 0.00 -0.00 0.00 0.00 -0.00 0.00 0.00 -0.00 0.00 0.00 -0.00 0.00 0.00 -0.00 0.00 0.00 -0.00 0.00 0.00 -0.00 0.00 0.00 -0.00 0.00 0.00 -0.00 0.00 0.00 -0.00 0.00 0.00 -0.00 0.00 0.00 -0.00 0.00 0.00 -0.00 0.00 0.00 -0.00 0.00 0.00 -0.00 0.00 0.00 -0.00 0.00 69.06 -37.95 134.56 -0.00 23.42 -0.00 -6.28 10.14 20.11 -1.35 12.81 32.73 0.00 0.00 -0.00 2.00 -0.02 0.61 -0.05 -0.29 8.55 -0.04 -0.15 4.31 0.00 0.00 -0.00 0.00 -0.00 1.62 -0.00 -0.00 16.38 0.00 0.00 8.49 0.00 0.00 -0.00 -2.00 0.08 2.24 0.26 0.63 19.89 0.20 0.31 10.45 0.00 0.00 -0.00 -4.00 0.02 0.25 0.02 0.30 4.34 0.02 0.15 2.16 0.00 -0.00 0.00 0.00 -0.00 0.00 0.00 -0.00 0.00 0.00 -0.00 0.00 0.00 -0.00 0.00 0.00 -0.00 0.00 0.00 -0.00 0.00 0.00 -0.00 0.00 0.00 -0.00 0.00 0.00 -0.00 0.00 0.00 -0.00 0.00 0.00 -0.00 0.00 0.00 -0.00 0.00 0.00 -0.00 0.00 0.00 -0.00 0.00 0.00 -0.00 0.00 0.00 -0.00 0.00 0.00 -0.00 0.00 0.00 -0.00 0.00 0.00 -0.00 0.00 0.00 -0.00 0.00 0.00 -0.00 0.00 0.00 -0.00 0.00
-0.0000 0.0273 0.0000 0.00 -0.00 0.00 0.00 -0.00 0.00 0.00 -0.00 0.00 0.00 -0.00 0.00 0.00 -0.00 0.00 0.00 -0.00 0.00 0.00 -0.00 0.00 0.00 -0.00 0.00 0.00 -0.00 0.00 0.00 -0.00 0.00 0.00 -0.00 0.00 0.00 -0.00 0.00 0.00 -0.00 0.00 0.00 -0.00 0.00 0.00 -0.00 0.00 0.00 -0.00 0.00 0.00 -0.00 0.00 0.00 -0.00 0.00 69.06 -37.95 134.56 -0.00 23.42 -0.00 -6.28 10.14 20.11 -1.35 12.81 32.73 0.00 0.00 -0.00 2.00 -0.02 0.61 -0.05 -0.29 8.55 -0.04 -0.15 4.31 0.00 0.00 -0.00 0.00 -0.00 1.62 -0.00 -0.00 16.38 0.00 0.00 8.49 0.00 0.00 -0.00 -2.00 0.08 2.24 0.26 0.63 19.89 0.20 0.31 10.45 0.00 0.00 -0.00 -4.00 0.02 0.25 0.02 0.30 4.34 0.02 0.15 2.16 0.00 -0.00 0.00 0.00 -0.00 0.00 0.00 -0.00 0.00 0.00 -0.00 0.00 0.00 -0.00 0.00 0.00 -0.00 0.00 0.00 -0.00 0.00 0.00 -0.00 0.00 0.00 -0.00 0.00 0.00 -0.00 0.00 0.00 -0.00 0.00 0.00 -0.00 0.00 0.00 -0.00 0.00 0.00 -0.00 0.00 0.00 -0.00 0.00 0.00 -0.00 0.00 0.00 -0.00 0.00 0.00 -0.00 0.00 0.00 -0.00 0.00 0.00 -0.00 0.00 0.00 -0.00 0.00 0.00 -0.00 0.00 0.00 -0.00 0.00
-0.0000 0.0277 0.0000 0.00 -0.00 0.00 0.00 -0.00 0.00 0.00 -0.00 0.00 0.00 -0.00 0.00 0.00 -0.00 0.00 0.00 -0.00 0.00 0.00 -0.00 0.00 0.00 -0.00 0.00 0.00 -0.00 0.00 0.00 -0.00 0.00 0.00 -0.00 0.00 0.00 -0.00 0.00 0.00 -0.00 0.00 0.00 -0.00 0.00 0.00 -0.00 0.00 0.00 -0.00 0.00 0.00 -0.00 0.00 0.00 -0.00 0.00 69.06 -37.95 134.56 -0.00 23.42 -0.00 -6.28 10.14 20.11 -1.35 12.81 32.73 0.00 0.00 -0.00 2.00 -0.02 0.61 -0.05 -0.29 8.55 -0.04 -0.15 4.31 0.00 0.00 -0.00 0.00 -0.00 1.62 -0.00 -0.00 16.38 0.00 0.00 8.49 0.00 0.00 -0.00 -2.00 0.08 2.24 0.26 0.63 19.89 0.20 0.31 10.45 0.00 0.00 -0.00 -4.00 0.02 0.25 0.02 0.30 4.34 0.02 0.15 2.16 0.00 -0.00 0.00 0.00 -0.00 0.00 0.00 -0.00 0.00 0.00 -0.00 0.00 0.00 -0.00 0.00 0.00 -0.00 0.00 0.00 -0.00 0.00 0.00 -0.00 0.00 0.00 -0.00 0.00 0.00 -0.00 0.00 0.00 -0.00 0.00 0.00 -0.00 0.00 0.00 -0.00 0.00 0.00 -0.00 0.00 0.00 -0.00 0.00 0.00 -0.00 0.00 0.00 -0.00 0.00 0.00 -0.00 0.00 0.00 -0.00 0.00 0.00 -0.00 0.00 0.00 -0.00 0.00 0.00 -0.00 0.00 0.00 -0.00 0.00
-0.0000 0.0281 0.0000 0.00 -0.00 0.00 0.00 -0.00 0.00 0.00 -0.00 0.00 0.00 -0.00 0.00 0.00 -0.00 0.00 0.00 -0.00 0.00 0.00 -0.00 0.00 0.00 -0.00 0.00 0.00 -0.00 0.00 0.00 -0.00 0.00 0.00 -0.00 0.00 0.00 -0.00 0.00 0.00 -0.00 0.00 0.00 -0.00 0.00 0.00 -0.00 0.00 0.00 -0.00 0.00 0.00 -0.00 0.00 0.00 -0.00 0.00 69.06 -37.95 134.56 -0.00 23.42 -0.00 -6.28 10.14 20.11 -1.35 12.81 32.73 0.00 0.00 -0.00 2.00 -0.02 0.61 -0.05 -0.29 8.55 -0.04 -0.15 4.31 0.00 0.00 -0.00 0.00 -0.00 1.62 -0.00 -0.00 16.38 0.00 0.00 8.49 0.00 0.00 -0.00 -2.00 0.08 2.24 0.26 0.63 19.89 0.20 0.31 10.45 0.00 0.00 -0.00 -4.00 0.02 0.25 0.02 0.30 4.34 0.02 0.15 2.16 0.00 -0.00 0.00 0.00 -0.00 0.00 0.00 -0.00 0.00 0.00 -0.00 0.00 0.00 -0.00 0.00 0.00 -0.00 0.00 0.00 -0.00 0.00 0.00 -0.00 0.00 0.00 -0.00 0.00 0.00 -0.00 0.00 0.00 -0.00 0.00 0.00 -0.00 0.00 0.00 -0.00 0.00 0.00 -0.00 0.00 0.00 -0.00 0.00 0.00 -0.00 0.00 0.00 -0.00 0.00 0.00 -0.00 0.00 0.00 -0.00 0.00 0.00 -0.00 0.00 0.00 -0.00 0.00 0.00 -0.00 0.00 0.00 -0.00 0.00
-0.0000 0.0278 0.0000 0.00 -0.00 0.00 0.00 -0.00 0.00 0.00 -0.00 0.00 0.00 -0.00 0.00 0.00 -0.00 0.00 0.00 -0.00 0.00 0.00 -0.00 0.00 0.00 -0.00 0.00 0.00 -0.00 0.00 0.00 -0.00 0.00 0.00 -0.00 0.00 0.00 -0.00 0.00 0.00 -0.00 0.00 0.00 -0.00 0.00 0.00 -0.00 0.00 0.00 -0.00 0.00 0.00 -0.00 0.00 0.00 -0.00 0.00 69.06 -37.95 134.56 -0.00 23.42 -0.00 -6.28 10.14 20.11 -1.35 12.81 32.73 0.00 0.00 -0.00 2.00 -0.02 0.61 -0.05 -0.29 8.55 -0.04 -0.15 4.31 0.00 0.00 -0.00 0.00 -0.00 1.62 -0.00 -0.00 16.38 0.00 0.00 8.49 0.00 0.00 -0.00 -2.00 0.08 2.24 0.26 0.63 19.89 0.20 0.31 10.45 0.00 0.00 -0.00 -4.00 0.02 0.25 0.02 0.30 4.34 0.02 0.15 2.16 0.00 -0.00 0.00 0.00 -0.00 0.00 0.00 -0.00 0.00 0.00 -0.00 0.00 0.00 -0.00 0.00 0.00 -0.00 0.00 0.00 -0.00 0.00 0.00 -0.00 0.00 0.00 -0.00 0.00 0.00 -0.00 0.00 0.00 -0.00 0.00 0.00 -0.00 0.00 0.00 -0.00 0.00 0.00 -0.00 0.00 0.00 -0.00 0.00 0.00 -0.00 0.00 0.00 -0.00 0.00 0.00 -0.00 0.00 0.00 -0.00 0.00 0.00 -0.00 0.00 0.00 -0.00 0.00 0.00 -0.00 0.00 0.00 -0.00 0.00
-0.0000 0.0279 0.0000 0.00 -0.00 0.00 0.00 -0.00 0.00 0.00 -0.00 0.00 0.00 -0.00 0.00 0.00 -0.00 0.00 0.00 -0.00 0.00 0.00 -0.00 0.00 0.00 -0.00 0.00 0.00 -0.00 0.00 0.00 -0.00 0.00 0.00 -0.00 0.00 0.00 -0.00 0.00 0.00 -0.00 0.00 0.00 -0.00 0.00 0.00 -0.00 0.00 0.00 -0.00 0.00 0.00 -0.00 0.00 0.00 -0.00 0.00 69.06 -37.95 134.56 -0.00 23.42 -0.00 -6.28 10.14 20.11 -1.35 12.81 32.73 0.00 0.00 -0.00 2.00 -0.02 0.61 -0.05 -0.29 8.55 -0.04 -0.15 4.31 0.00 0.00 -0.00 0.00 -0.00 1.62 -0.00 -0.00 16.38 0.00 0.00 8.49 0.00 0.00 -0.00 -2.00 0.08 2.24 0.26 0.63 19.89 0.20 0.31 10.45 0.00 0.00 -0.00 -4.00 0.02 0.25 0.02 0.30 4.34 0.02 0.15 2.16 0.00 -0.00 0.00 0.00 -0.00 0.00 0.00 -0.00 0.00 0.00 -0.00 0.00 0.00 -0.00 0.00 0.00 -0.00 0.00 0.00 -0.00 0.00 0.00 -0.00 0.00 0.00 -0.00 0.00 0.00 -0.00 0.00 0.00 -0.00 0.00 0.00 -0.00 0.00 0.00 -0.00 0.00 0.00 -0.00 0.00 0.00 -0.00 0.00 0.00 -0.00 0.00 0.00 -0.00 0.00 0.00 -0.00 0.00 0.00 -0.00 0.00 0.00 -0.00 0.00 0.00 -0.00 0.00 0.00 -0.00 0.00 0.00 -0.00 0.00
-0.0000 0.0276 0.0000 0.00 -0.00 0.00 0.00 -0.00 0.00 0.00 -0.00 0.00 0.00 -0.00 0.00 0.00 -0.00 0.00 0.00 -0.00 0.00 0.00 -0.00 0.00 0.00 -0.00 0.00 0.00 -0.00 0.00 0.00 -0.00 0.00 0.00 -0.00 0.00 0.00 -0.00 0.00 0.00 -0.00 0.00 0.00 -0.00 0.00 0.00 -0.00 0.00 0.00 -0.00 0.00 0.00 -0.00 0.00 0.00 -0.00 0.00 69.06 -37.95 134.56 -0.00 23.42 -0.00 -6.28 10.14 20.11 -1.35 12.81 32.73 0.00 0.00 -0.00 2.00 -0.02 0.61 -0.05 -0.29 8.55 -0.04 -0.15 4.31 0.00 0.00 -0.00 0.00 -0.00 1.62 -0.00 -0.00 16.38 0.00 0.00 8.49 0.00 0.00 -0.00 -2.00 0.08 2.24 0.26 0.63 19.89 0.20 0.31 10.45 0.00 0.00 -0.00 -4.00 0.02 0.25 0.02 0.30 4.34 0.02 0.15 2.16 0.00 -0.00 0.00 0.00 -0.00 0.00 0.00 -0.00 0.00 0.00 -0.00 0.00 0.00 -0.00 0.00 0.00 -0.00 0.00 0.00 -0.00 0.00 0.00 -0.00 0.00 0.00 -0.00 0.00 0.00 -0.00 0.00 0.00 -0.00 0.00 0.00 -0.00 0.00 0.00 -0.00 0.00 0.00 -0.00 0.00 0.00 -0.00 0.00 0.00 -0.00 0.00 0.00 -0.00 0.00 0.00 -0.00 0.00 0.00 -0.00 0.00 0.00 -0.00 0.00 0.00 -0.00 0.00 0.00 -0.00 0.00 0.00 -0.00 0.00
-0.0000 0.0284 0.0000 0.00 -0.00 0.00 0.00 -0.00 0.00 0.00 -0.00 0.00 0.00 -0.00 0.00 0.00 -0.00 0.00 0.00 -0.00 0.00 0.00 -0.00 0.00 0.00 -0.00 0.00 0.00 -0.00 0.00 0.00 -0.00 0.00 0.00 -0.00 0.00 0.00 -0.00 0.00 0.00 -0.00 0.00 0.00 -0.00 0.00 0.00 -0.00 0.00 0.00 -0.00 0.00 0.00 -0.00 0.00 0.00 -0.00 0.00 69.06 -37.95 134.56 -0.00 23.42 -0.00 -6.28 10.14 20.11 -1.35 12.81 32.73 0.00 0.00 -0.00 2.00 -0.02 0.61 -0.05 -0.29 8.55 -0.04 -0.15 4.31 0.00 0.00 -0.00 0.00 -0.00 1.62 -0.00 -0.00 16.38 0.00 0.00 8.49 0.00 0.00 -0.00 -2.00 0.08 2.24 0.26 0.63 19.89 0.20 0.31 10.45 0.00 0.00 -0.00 -4.00 0.02 0.25 0.02 0.30 4.34 0.02 0.15 2.16 0.00 -0.00 0.00 0.00 -0.00 0.00 0.00 -0.00 0.00 0.00 -0.00 0.00 0.00 -0.00 0.00 0.00 -0.00 0.00 0.00 -0.00 0.00 0.00 -0.00 0.00 0.00 -0.00 0.00 0.00 -0.00 0.00 0.00 -0.00 0.00 0.00 -0.00 0.00 0.00 -0.00 0.00 0.00 -0.00 0.00 0.00 -0.00 0.00 0.00 -0.00 0.00 0.00 -0.00 0.00 0.00 -0.00 0.00 0.00 -0.00 0.00 0.00 -0.00 0.00 0.00 -0.00 0.00 0.00 -0.00 0.00 0.00 -0.00 0.00
-0.0000 0.0291 0.0000 0.00 -0.00 0.00 0.00 -0.00 0.00 0.00 -0.00 0.00 0.00 -0.00 0.00 0.00 -0.00 0.00 0.00 -0.00 0.00 0.00 -0.00 0.00 0.00 -0.00 0.00 0.00 -0.00 0.00 0.00 -0.00 0.00 0.00 -0.00 0.00 0.00 -0.00 0.00 0.00 -0.00 0.00 0.00 -0.00 0.00 0.00 -0.00 0.00 0.00 -0.00 0.00 0.00 -0.00 0.00 0.00 -0.00 0.00 69.06 -37.95 134.56 -0.00 23.42 -0.00 -6.28 10.14 20.11 -1.35 12.81 32.73 0.00 0.00 -0.00 2.00 -0.02 0.61 -0.05 -0.29 8.55 -0.04 -0.15 4.31 0.00 0.00 -0.00 0.00 -0.00 1.62 -0.00 -0.00 16.38 0.00 0.00 8.49 0.00 0.00 -0.00 -2.00 0.08 2.24 0.26 0.63 19.89 0.20 0.31 10.45 0.00 0.00 -0.00 -4.00 0.02 0.25 0.02 0.30 4.34 0.02 0.15 2.16 0.00 -0.00 0.00 0.00 -0.00 0.00 0.00 -0.00 0.00 0.00 -0.00 0.00 0.00 -0.00 0.00 0.00 -0.00 0.00 0.00 -0.00 0.00 0.00 -0.00 0.00 0.00 -0.00 0.00 0.00 -0.00 0.00 0.00 -0.00 0.00 0.00 -0.00 0.00 0.00 -0.00 0.00 0.00 -0.00 0.00 0.00 -0.00 0.00 0.00 -0.00 0.00 0.00 -0.00 0.00 0.00 -0.00 0.00 0.00 -0.00 0.00 0.00 -0.00 0.00 0.00 -0.00 0.00 0.00 -0.00 0.00 0.00 -0.00 0.00
-0.0000 0.0280 0.0000 0.00 -0.00 0.00 0.00 -0.00 0.00 0.00 -0.00 0.00 0.00 -0.00 0.00 0.00 -0.00 0.00 0.00 -0.00 0.00 0.00 -0.00 0.00 0.00 -0.00 0.00 0.00 -0.00 0.00 0.00 -0.00 0.00 0.00 -0.00 0.00 0.00 -0.00 0.00 0.00 -0.00 0.00 0.00 -0.00 0.00 0.00 -0.00 0.00 0.00 -0.00 0.00 0.00 -0.00 0.00 0.00 -0.00 0.00 69.06 -37.95 134.56 -0.00 23.42 -0.00 -6.28 10.14 20.11 -1.35 12.81 32.73 0.00 0.00 -0.00 2.00 -0.02 0.61 -0.05 -0.29 8.55 -0.04 -0.15 4.31 0.00 0.00 -0.00 0.00 -0.00 1.62 -0.00 -0.00 16.38 0.00 0.00 8.49 0.00 0.00 -0.00 -2.00 0.08 2.24 0.26 0.63 19.89 0.20 0.31 10.45 0.00 0.00 -0.00 -4.00 0.02 0.25 0.02 0.30 4.34 0.02 0.15 2.16 0.00 -0.00 0.00 0.00 -0.00 0.00 0.00 -0.00 0.00 0.00 -0.00 0.00 0.00 -0.00 0.00 0.00 -0.00 0.00 0.00 -0.00 0.00 0.00 -0.00 0.00 0.00 -0.00 0.00 0.00 -0.00 0.00 0.00 -0.00 0.00 0.00 -0.00 0.00 0.00 -0.00 0.00 0.00 -0.00 0.00 0.00 -0.00 0.00 0.00 -0.00 0.00 0.00 -0.00 0.00 0.00 -0.00 0.00 0.00 -0.00 0.00 0.00 -0.00 0.00 0.00 -0.00 0.00 0.00 -0.00 0.00 0.00 -0.00 0.00
-0.0000 0.0283 0.0000 0.00 -0.00 0.00 0.00 -0.00 0.00 0.00 -0.00 0.00 0.00 -0.00 0.00 0.00 -0.00 0.00 0.00 -0.00 0.00 0.00 -0.00 0.00 0.00 -0.00 0.00 0.00 -0.00 0.00 0.00 -0.00 0.00 0.00 -0.00 0.00 0.00 -0.00 0.00 0.00 -0.00 0.00 0.00 -0.00 0.00 0.00 -0.00 0.00 0.00 -0.00 0.00 0.00 -0.00 0.00 0.00 -0.00 0.00 69.06 -37.95 134.56 -0.00 23.42 -0.00 -6.28 10.14 20.11 -1.35 12.81 32.73 0.00 0.00 -0.00 2.00 -0.02 0.61 -0.05 -0.29 8.55 -0.04 -0.15 4.31 0.00 0.00 -0.00 0.00 -0.00 1.62 -0.00 -0.00 16.38 0.00 0.00 8.49 0.00 0.00 -0.00 -2.00 0.08 2.24 0.26 0.63 19.89 0.20 0.31 10.45 0.00 0.00 -0.00 -4.00 0.02 0.25 0.02 0.30 4.34 0.02 0.15 2.16 0.00 -0.00 0.00 0.00 -0.00 0.00 0.00 -0.00 0.00 0.00 -0.00 0.00 0.00 -0.00 0.00 0.00 -0.00 0.00 0.00 -0.00 0.00 0.00 -0.00 0.00 0.00 -0.00 0.00 0.00 -0.00 0.00 0.00 -0.00 0.00 0.00 -0.00 0.00 0.00 -0.00 0.00 0.00 -0.00 0.00 0.00 -0.00 0.00 0.00 -0.00 0.00 0.00 -0.00 0.00 0.00 -0.00 0.00 0.00 -0.00 0.00 0.00 -0.00 0.00 0.00 -0.00 0.00 0.00 -0.00 0.00 0.00 -0.00 0.00
-0.0000 0.0281 0.0000 0.00 -0.00 0.00 0.00 -0.00 0.00 0.00 -0.00 0.00 0.00 -0.00 0.00 0.00 -0.00 0.00 0.00 -0.00 0.00 0.00 -0.00 0.00 0.00 -0.00 0.00 0.00 -0.00 0.00 0.00 -0.00 0.00 0.00 -0.00 0.00 0.00 -0.00 0.00 0.00 -0.00 0.00 0.00 -0.00 0.00 0.00 -0.00 0.00 0.00 -0.00 0.00 0.00 -0.00 0.00 0.00 -0.00 0.00 69.06 -37.95 134.56 -0.00 23.42 -0.00 -6.28 10.14 20.11 -1.35 12.81 32.73 0.00 0.00 -0.00 2.00 -0.02 0.61 -0.05 -0.29 8.55 -0.04 -0.15 4.31 0.00 0.00 -0.00 0.00 -0.00 1.62 -0.00 -0.00 16.38 0.00 0.00 8.49 0.00 0.00 -0.00 -2.00 0.08 2.24 0.26 0.63 19.89 0.20 0.31 10.45 0.00 0.00 -0.00 -4.00 0.02 0.25 0.02 0.30 4.34 0.02 0.15 2.16 0.00 -0.00 0.00 0.00 -0.00 0.00 0.00 -0.00 0.00 0.00 -0.00 0.00 0.00 -0.00 0.00 0.00 -0.00 0.00 0.00 -0.00 0.00 0.00 -0.00 0.00 0.00 -0.00 0.00 0.00 -0.00 0.00 0.00 -0.00 0.00 0.00 -0.00 0.00 0.00 -0.00 0.00 0.00 -0.00 0.00 0.00 -0.00 0.00 0.00 -0.00 0.00 0.00 -0.00 0.00 0.00 -0.00 0.00 0.00 -0.00 0.00 0.00 -0.00 0.00 0.00 -0.00 0.00 0.00 -0.00 0.00 0.00 -0.00 0.00
-0.0000 0.0283 0.0000 0.00 -0.00 0.00 0.00 -0.00 0.00 0.00 -0.00 0.00 0.00 -0.00 0.00 0.00 -0.00 0.00 0.00 -0.00 0.00 0.00 -0.00 0.00 0.00 -0.00 0.00 0.00 -0.00 0.00 0.00 -0.00 0.00 0.00 -0.00 0.00 0.00 -0.00 0.00 0.00 -0.00 0.00 0.00 -0.00 0.00 0.00 -0.00 0.00 0.00 -0.00 0.00 0.00 -0.00 0.00 0.00 -0.00 0.00 69.06 -37.95 134.56 -0.00 23.42 -0.00 -6.28 10.14 20.11 -1.35 12.81 32.73 0.00 0.00 -0.00 2.00 -0.02 0.61 -0.05 -0.29 8.55 -0.04 -0.15 4.31 0.00 0.00 -0.00 0.00 -0.00 1.62 -0.00 -0.00 16.38 0.00 0.00 8.49 0.00 0.00 -0.00 -2.00 0.08 2.24 0.26 0.63 19.89 0.20 0.31 10.45 0.00 0.00 -0.00 -4.00 0.02 0.25 0.02 0.30 4.34 0.02 0.15 2.16 0.00 -0.00 0.00 0.00 -0.00 0.00 0.00 -0.00 0.00 0.00 -0.00 0.00 0.00 -0.00 0.00 0.00 -0.00 0.00 0.00 -0.00 0.00 0.00 -0.00 0.00 0.00 -0.00 0.00 0.00 -0.00 0.00 0.00 -0.00 0.00 0.00 -0.00 0.00 0.00 -0.00 0.00 0.00 -0.00 0.00 0.00 -0.00 0.00 0.00 -0.00 0.00 0.00 -0.00 0.00 0.00 -0.00 0.00 0.00 -0.00 0.00 0.00 -0.00 0.00 0.00 -0.00 0.00 0.00 -0.00 0.00 0.00 -0.00 0.00
-0.0000 0.0288 0.0000 0.00 -0.00 0.00 0.00 -0.00 0.00 0.00 -0.00 0.00 0.00 -0.00 0.00 0.00 -0.00 0.00 0.00 -0.00 0.00 0.00 -0.00 0.00 0.00 -0.00 0.00 0.00 -0.00 0.00 0.00 -0.00 0.00 0.00 -0.00 0.00 0.00 -0.00 0.00 0.00 -0.00 0.00 0.00 -0.00 0.00 0.00 -0.00 0.00 0.00 -0.00 0.00 0.00 -0.00 0.00 0.00 -0.00 0.00 69.06 -37.95 134.56 -0.00 23.42 -0.00 -6.28 10.14 20.11 -1.35 12.81 32.73 0.00 0.00 -0.00 2.00 -0.02 0.61 -0.05 -0.29 8.55 -0.04 -0.15 4.31 0.00 0.00 -0.00 0.00 -0.00 1.62 -0.00 -0.00 16.38 0.00 0.00 8.49 0.00 0.00 -0.00 -2.00 0.08 2.24 0.26 0.63 19.89 0.20 0.31 10.45 0.00 0.00 -0.00 -4.00 0.02 0.25 0.02 0.30 4.34 0.02 0.15 2.16 0.00 -0.00 0.00 0.00 -0.00 0.00 0.00 -0.00 0.00 0.00 -0.00 0.00 0.00 -0.00 0.00 0.00 -0.00 0.00 0.00 -0.00 0.00 0.00 -0.00 0.00 0.00 -0.00 0.00 0.00 -0.00 0.00 0.00 -0.00 0.00 0.00 -0.00 0.00 0.00 -0.00 0.00 0.00 -0.00 0.00 0.00 -0.00 0.00 0.00 -0.00 0.00 0.00 -0.00 0.00 0.00 -0.00 0.00 0.00 -0.00 0.00 0.00 -0.00 0.00 0.00 -0.00 0.00 0.00 -0.00 0.00 0.00 -0.00 0.00
-0.0000 0.0284 0.0000 0.00 -0.00 0.00 0.00 -0.00 0.00 0.00 -0.00 0.00 0.00 -0.00 0.00 0.00 -0.00 0.00 0.00 -0.00 0.00 0.00 -0.00 0.00 0.00 -0.00 0.00 0.00 -0.00 0.00 0.00 -0.00 0.00 0.00 -0.00 0.00 0.00 -0.00 0.00 0.00 -0.00 0.00 0.00 -0.00 0.00 0.00 -0.00 0.00 0.00 -0.00 0.00 0.00 -0.00 0.00 0.00 -0.00 0.00 69.06 -37.95 134.56 -0.00 23.42 -0.00 -6.28 10.14 20.11 -1.35 12.81 32.73 0.00 0.00 -0.00 2.00 -0.02 0.61 -0.05 -0.29 8.55 -0.04 -0.15 4.31 0.00 0.00 -0.00 0.00 -0.00 1.62 -0.00 -0.00 16.38 0.00 0.00 8.49 0.00 0.00 -0.00 -2.00 0.08 2.24 0.26 0.63 19.89 0.20 0.31 10.45 0.00 0.00 -0.00 -4.00 0.02 0.25 0.02 0.30 4.34 0.02 0.15 2.16 0.00 -0.00 0.00 0.00 -0.00 0.00 0.00 -0.00 0.00 0.00 -0.00 0.00 0.00 -0.00 0.00 0.00 -0.00 0.00 0.00 -0.00 0.00 0.00 -0.00 0.00 0.00 -0.00 0.00 0.00 -0.00 0.00 0.00 -0.00 0.00 0.00 -0.00 0.00 0.00 -0.00 0.00 0.00 -0.00 0.00 0.00 -0.00 0.00 0.00 -0.00 0.00 0.00 -0.00 0.00 0.00 -0.00 0.00 0.00 -0.00 0.00 0.00 -0.00 0.00 0.00 -0.00 0.00 0.00 -0.00 0.00 0.00 -0.00 0.00
-0.0000 0.0276 0.0000 0.00 -0.00 0.00 0.00 -0.00 0.00 0.00 -0.00 0.00 0.00 -0.00 0.00 0.00 -0.00 0.00 0.00 -0.00 0.00 0.00 -0.00 0.00 0.00 -0.00 0.00 0.00 -0.00 0.00 0.00 -0.00 0.00 0.00 -0.00 0.00 0.00 -0.00 0.00 0.00 -0.00 0.00 0.00 -0.00 0.00 0.00 -0.00 0.00 0.00 -0.00 0.00 0.00 -0.00 0.00 0.00 -0.00 0.00 69.06 -37.95 134.56 -0.00 23.42 -0.00 -6.28 10.14 20.11 -1.35 12.81 32.73 0.00 0.00 -0.00 2.00 -0.02 0.61 -0.05 -0.29 8.55 -0.04 -0.15 4.31 0.00 0.00 -0.00 0.00 -0.00 1.62 -0.00 -0.00 16.38 0.00 0.00 8.49 0.00 0.00 -0.00 -2.00 0.08 2.24 0.26 0.63 19.89 0.20 0.31 10.45 0.00 0.00 -0.00 -4.00 0.02 0.25 0.02 0.30 4.34 0.02 0.15 2.16 0.00 -0.00 0.00 0.00 -0.00 0.00 0.00 -0.00 0.00 0.00 -0.00 0.00 0.00 -0.00 0.00 0.00 -0.00 0.00 0.00 -0.00 0.00 0.00 -0.00 0.00 0.00 -0.00 0.00 0.00 -0.00 0.00 0.00 -0.00 0.00 0.00 -0.00 0.00 0.00 -0.00 0.00 0.00 -0.00 0.00 0.00 -0.00 0.00 0.00 -0.00 0.00 0.00 -0.00 0.00 0.00 -0.00 0.00 0.00 -0.00 0.00 0.00 -0.00 0.00 0.00 -0.00 0.00 0.00 -0.00 0.00 0.00 -0.00 0.00
-0.0000 0.0282 0.0000 0.00 -0.00 0.00 0.00 -0.00 0.00 0.00 -0.00 0.00 0.00 -0.00 0.00 0.00 -0.00 0.00 0.00 -0.00 0.00 0.00 -0.00 0.00 0.00 -0.00 0.00 0.00 -0.00 0.00 0.00 -0.00 0.00 0.00 -0.00 0.00 0.00 -0.00 0.00 0.00 -0.00 0.00 0.00 -0.00 0.00 0.00 -0.00 0.00 0.00 -0.00 0.00 0.00 -0.00 0.00 0.00 -0.00 0.00 69.06 -37.95 134.56 -0.00 23.42 -0.00 -6.28 10.14 20.11 -1.35 12.81 32.73 0.00 0.00 -0.00 2.00 -0.02 0.61 -0.05 -0.29 8.55 -0.04 -0.15 4.31 0.00 0.00 -0.00 0.00 -0.00 1.62 -0.00 -0.00 16.38 0.00 0.00 8.49 0.00 0.00 -0.00 -2.00 0.08 2.24 0.26 0.63 19.89 0.20 0.31 10.45 0.00 0.00 -0.00 -4.00 0.02 0.25 0.02 0.30 4.34 0.02 0.15 2.16 0.00 -0.00 0.00 0.00 -0.00 0.00 0.00 -0.00 0.00 0.00 -0.00 0.00 0.00 -0.00 0.00 0.00 -0.00 0.00 0.00 -0.00 0.00 0.00 -0.00 0.00 0.00 -0.00 0.00 0.00 -0.00 0.00 0.00 -0.00 0.00 0.00 -0.00 0.00 0.00 -0.00 0.00 0.00 -0.00 0.00 0.00 -0.00 0.00 0.00 -0.00 0.00 0.00 -0.00 0.00 0.00 -0.00 0.00 0.00 -0.00 0.00 0.00 -0.00 0.00 0.00 -0.00 0.00 0.00 -0.00 0.00 0.00 -0.00 0.00
-0.0000 0.0280 0.0000 0.00 -0.00 0.00 0.00 -0.00 0.00 0.00 -0.00 0.00 0.00 -0.00 0.00 0.00 -0.00 0.00 0.00 -0.00 0.00 0.00 -0.00 0.00 0.00 -0.00 0.00 0.00 -0.00 0.00 0.00 -0.00 0.00 0.00 -0.00 0.00 0.00 -0.00 0.00 0.00 -0.00 0.00 0.00 -0.00 0.00 0.00 -0.00 0.00 0.00 -0.00 0.00 0.00 -0.00 0.00 0.00 -0.00 0.00 69.06 -37.95 134.56 -0.00 23.42 -0.00 -6.28 10.14 20.11 -1.35 12.81 32.73 0.00 0.00 -0.00 2.00 -0.02 0.61 -0.05 -0.29 8.55 -0.04 -0.15 4.31 0.00 0.00 -0.00 0.00 -0.00 1.62 -0.00 -0.00 16.38 0.00 0.00 8.49 0.00 0.00 -0.00 -2.00 0.08 2.24 0.26 0.63 19.89 0.20 0.31 10.45 0.00 0.00 -0.00 -4.00 0.02 0.25 0.02 0.30 4.34 0.02 0.15 2.16 0.00 -0.00 0.00 0.00 -0.00 0.00 0.00 -0.00 0.00 0.00 -0.00 0.00 0.00 -0.00 0.00 0.00 -0.00 0.00 0.00 -0.00 0.00 0.00 -0.00 0.00 0.00 -0.00 0.00 0.00 -0.00 0.00 0.00 -0.00 0.00 0.00 -0.00 0.00 0.00 -0.00 0.00 0.00 -0.00 0.00 0.00 -0.00 0.00 0.00 -0.00 0.00 0.00 -0.00 0.00 0.00 -0.00 0.00 0.00 -0.00 0.00 0.00 -0.00 0.00 0.00 -0.00 0.00 0.00 -0.00 0.00 0.00 -0.00 0.00
-0.0000 0.0273 0.0000 0.00 -0.00 0.00 0.00 -0.00 0.00 0.00 -0.00 0.00 0.00 -0.00 0.00 0.00 -0.00 0.00 0.00 -0.00 0.00 0.00 -0.00 0.00 0.00 -0.00 0.00 0.00 -0.00 0.00 0.00 -0.00 0.00 0.00 -0.00 0.00 0.00 -0.00 0.00 0.00 -0.00 0.00 0.00 -0.00 0.00 0.00 -0.00 0.00 0.00 -0.00 0.00 0.00 -0.00 0.00 0.00 -0.00 0.00 69.06 -37.95 134.56 -0.00 23.42 -0.00 -6.28 10.14 20.11 -1.35 12.81 32.73 0.00 0.00 -0.00 2.00 -0.02 0.61 -0.05 -0.29 8.55 -0.04 -0.15 4.31 0.00 0.00 -0.00 0.00 -0.00 1.62 -0.00 -0.00 16.38 0.00 0.00 8.49 0.00 0.00 -0.00 -2.00 0.08 2.24 0.26 0.63 19.89 0.20 0.31 10.45 0.00 0.00 -0.00 -4.00 0.02 0.25 0.02 0.30 4.34 0.02 0.15 2.16 0.00 -0.00 0.00 0.00 -0.00 0.00 0.00 -0.00 0.00 0.00 -0.00 0.00 0.00 -0.00 0.00 0.00 -0.00 0.00 0.00 -0.00 0.00 0.00 -0.00 0.00 0.00 -0.00 0.00 0.00 -0.00 0.00 0.00 -0.00 0.00 0.00 -0.00 0.00 0.00 -0.00 0.00 0.00 -0.00 0.00 0.00 -0.00 0.00 0.00 -0.00 0.00 0.00 -0.00 0.00 0.00 -0.00 0.00 0.00 -0.00 0.00 0.00 -0.00 0.00 0.00 -0.00 0.00 0.00 -0.00 0.00 0.00 -0.00 0.00
-0.0000 0.0275 0.0000 0.00 -0.00 0.00 0.00 -0.00 0.00 0.00 -0.00 0.00 0.00 -0.00 0.00 0.00 -0.00 0.00 0.00 -0.00 0.00 0.00 -0.00 0.00 0.00 -0.00 0.00 0.00 -0.00 0.00 0.00 -0.00 0.00 0.00 -0.00 0.00 0.00 -0.00 0.00 0.00 -0.00 0.00 0.00 -0.00 0.00 0.00 -0.00 0.00 0.00 -0.00 0.00 0.00 -0.00 0.00 0.00 -0.00 0.00 69.06 -37.95 134.56 -0.00 23.42 -0.00 -6.28 10.14 20.11 -1.35 12.81 32.73 0.00 0.00 -0.00 2.00 -0.02 0.61 -0.05 -0.29 8.55 -0.04 -0.15 4.31 0.00 0.00 -0.00 0.00 -0.00 1.62 -0.00 -0.00 16.38 0.00 0.00 8.49 0.00 0.00 -0.00 -2.00 0.08 2.24 0.26 0.63 19.89 0.20 0.31 10.45 0.00 0.00 -0.00 -4.00 0.02 0.25 0.02 0.30 4.34 0.02 0.15 2.16 0.00 -0.00 0.00 0.00 -0.00 0.00 0.00 -0.00 0.00 0.00 -0.00 0.00 0.00 -0.00 0.00 0.00 -0.00 0.00 0.00 -0.00 0.00 0.00 -0.00 0.00 0.00 -0.00 0.00 0.00 -0.00 0.00 0.00 -0.00 0.00 0.00 -0.00 0.00 0.00 -0.00 0.00 0.00 -0.00 0.00 0.00 -0.00 0.00 0.00 -0.00 0.00 0.00 -0.00 0.00 0.00 -0.00 0.00 0.00 -0.00 0.00 0.00 -0.00 0.00 0.00 -0.00 0.00 0.00 -0.00 0.00 0.00 -0.00 0.00
-0.0000 0.0269 0.0000 0.00 -0.00 0.00 0.00 -0.00 0.00 0.00 -0.00 0.00 0.00 -0.00 0.00 0.00 -0.00 0.00 0.00 -0.00 0.00 0.00 -0.00 0.00 0.00 -0.00 0.00 0.00 -0.00 0.00 0.00 -0.00 0.00 0.00 -0.00 0.00 0.00 -0.00 0.00 0.00 -0.00 0.00 0.00 -0.00 0.00 0.00 -0.00 0.00 0.00 -0.00 0.00 0.00 -0.00 0.00 0.00 -0.00 0.00 69.06 -37.95 134.56 -0.00 23.42 -0.00 -6.28 10.14 20.11 -1.35 12.81 32.73 0.00 0.00 -0.00 2.00 -0.02 0.61 -0.05 -0.29 8.55 -0.04 -0.15 4.31 0.00 0.00 -0.00 0.00 -0.00 1.62 -0.00 -0.00 16.38 0.00 0.00 8.49 0.00 0.00 -0.00 -2.00 0.08 2.24 0.26 0.63 19.89 0.20 0.31 10.45 0.00 0.00 -0.00 -4.00 0.02 0.25 0.02 0.30 4.34 0.02 0.15 2.16 0.00 -0.00 0.00 0.00 -0.00 0.00 0.00 -0.00 0.00 0.00 -0.00 0.00 0.00 -0.00 0.00 0.00 -0.00 0.00 0.00 -0.00 0.00 0.00 -0.00 0.00 0.00 -0.00 0.00 0.00 -0.00 0.00 0.00 -0.00 0.00 0.00 -0.00 0.00 0.00 -0.00 0.00 0.00 -0.00 0.00 0.00 -0.00 0.00 0.00 -0.00 0.00 0.00 -0.00 0.00 0.00 -0.00 0.00 0.00 -0.00 0.00 0.00 -0.00 0.00 0.00 -0.00 0.00 0.00 -0.00 0.00 0.00 -0.00 0.00
-0.0000 0.0272 0.0000 0.00 -0.00 0.00 0.00 -0.00 0.00 0.00 -0.00 0.00 0.00 -0.00 0.00 0.00 -0.00 0.00 0.00 -0.00 0.00 0.00 -0.00 0.00 0.00 -0.00 0.00 0.00 -0.00 0.00 0.00 -0.00 0.00 0.00 -0.00 0.00 0.00 -0.00 0.00 0.00 -0.00 0.00 0.00 -0.00 0.00 0.00 -0.00 0.00 0.00 -0.00 0.00 0.00 -0.00 0.00 0.00 -0.00 0.00 69.06 -37.95 134.56 -0.00 23.42 -0.00 -6.28 10.14 20.11 -1.35 12.81 32.73 0.00 0.00 -0.00 2.00 -0.02 0.61 -0.05 -0.29 8.55 -0.04 -0.15 4.31 0.00 0.00 -0.00 0.00 -0.00 1.62 -0.00 -0.00 16.38 0.00 0.00 8.49 0.00 0.00 -0.00 -2.00 0.08 2.24 0.26 0.63 19.89 0.20 0.31 10.45 0.00 0.00 -0.00 -4.00 0.02 0.25 0.02 0.30 4.34 0.02 0.15 2.16 0.00 -0.00 0.00 0.00 -0.00 0.00 0.00 -0.00 0.00 0.00 -0.00 0.00 0.00 -0.00 0.00 0.00 -0.00 0.00 0.00 -0.00 0.00 0.00 -0.00 0.00 0.00 -0.00 0.00 0.00 -0.00 0.00 0.00 -0.00 0.00 0.00 -0.00 0.00 0.00 -0.00 0.00 0.00 -0.00 0.00 0.00 -0.00 0.00 0.00 -0.00 0.00 0.00 -0.00 0.00 0.00 -0.00 0.00 0.00 -0.00 0.00 0.00 -0.00 0.00 0.00 -0.00 0.00 0.00 -0.00 0.00 0.00 -0.00 0.00
-0.0000 0.0277 0.0000 0.00 -0.00 0.00 0.00 -0.00 0.00 0.00 -0.00 0.00 0.00 -0.00 0.00 0.00 -0.00 0.00 0.00 -0.00 0.00 0.00 -0.00 0.00 0.00 -0.00 0.00 0.00 -0.00 0.00 0.00 -0.00 0.00 0.00 -0.00 0.00 0.00 -0.00 0.00 0.00 -0.00 0.00 0.00 -0.00 0.00 0.00 -0.00 0.00 0.00 -0.00 0.00 0.00 -0.00 0.00 0.00 -0.00 0.00 69.06 -37.95 134.56 -0.00 23.42 -0.00 -6.28 10.14 20.11 -1.35 12.81 32.73 0.00 0.00 -0.00 2.00 -0.02 0.61 -0.05 -0.29 8.55 -0.04 -0.15 4.31 0.00 0.00 -0.00 0.00 -0.00 1.62 -0.00 -0.00 16.38 0.00 0.00 8.49 0.00 0.00 -0.00 -2.00 0.08 2.24 0.26 0.63 19.89 0.20 0.31 10.45 0.00 0.00 -0.00 -4.00 0.02 0.25 0.02 0.30 4.34 0.02 0.15 2.16 0.00 -0.00 0.00 0.00 -0.00 0.00 0.00 -0.00 0.00 0.00 -0.00 0.00 0.00 -0.00 0.00 0.00 -0.00 0.00 0.00 -0.00 0.00 0.00 -0.00 0.00 0.00 -0.00 0.00 0.00 -0.00 0.00 0.00 -0.00 0.00 0.00 -0.00 0.00 0.00 -0.00 0.00 0.00 -0.00 0.00 0.00 -0.00 0.00 0.00 -0.00 0.00 0.00 -0.00 0.00 0.00 -0.00 0.00 0.00 -0.00 0.00 0.00 -0.00 0.00 0.00 -0.00 0.00 0.00 -0.00 0.00 0.00 -0.00 0.00
-0.0000 0.0276 0.0000 0.00 -0.00 0.00 0.00 -0.00 0.00 0.00 -0.00 0.00 0.00 -0.00 0.00 0.00 -0.00 0.00 0.00 -0.00 0.00 0.00 -0.00 0.00 0.00 -0.00 0.00 0.00 -0.00 0.00 0.00 -0.00 0.00 0.00 -0.00 0.00 0.00 -0.00 0.00 0.00 -0.00 0.00 0.00 -0.00 0.00 0.00 -0.00 0.00 0.00 -0.00 0.00 0.00 -0.00 0.00 0.00 -0.00 0.00 69.06 -37.95 134.56 -0.00 23.42 -0.00 -6.28 10.14 20.11 -1.35 12.81 32.73 0.00 0.00 -0.00 2.00 -0.02 0.61 -0.05 -0.29 8.55 -0.04 -0.15 4.31 0.00 0.00 -0.00 0.00 -0.00 1.62 -0.00 -0.00 16.38 0.00 0.00 8.49 0.00 0.00 -0.00 -2.00 0.08 2.24 0.26 0.63 19.89 0.20 0.31 10.45 0.00 0.00 -0.00 -4.00 0.02 0.25 0.02 0.30 4.34 0.02 0.15 2.16 0.00 -0.00 0.00 0.00 -0.00 0.00 0.00 -0.00 0.00 0.00 -0.00 0.00 0.00 -0.00 0.00 0.00 -0.00 0.00 0.00 -0.00 0.00 0.00 -0.00 0.00 0.00 -0.00 0.00 0.00 -0.00 0.00 0.00 -0.00 0.00 0.00 -0.00 0.00 0.00 -0.00 0.00 0.00 -0.00 0.00 0.00 -0.00 0.00 0.00 -0.00 0.00 0.00 -0.00 0.00 0.00 -0.00 0.00 0.00 -0.00 0.00 0.00 -0.00 0.00 0.00 -0.00 0.00 0.00 -0.00 0.00 0.00 -0.00 0.00
-0.0000 0.0274 0.0000 0.00 -0.00 0.00 0.00 -0.00 0.00 0.00 -0.00 0.00 0.00 -0.00 0.00 0.00 -0.00 0.00 0.00 -0.00 0.00 0.00 -0.00 0.00 0.00 -0.00 0.00 0.00 -0.00 0.00 0.00 -0.00 0.00 0.00 -0.00 0.00 0.00 -0.00 0.00 0.00 -0.00 0.00 0.00 -0.00 0.00 0.00 -0.00 0.00 0.00 -0.00 0.00 0.00 -0.00 0.00 0.00 -0.00 0.00 69.06 -37.95 134.56 -0.00 23.42 -0.00 -6.28 10.14 20.11 -1.35 12.81 32.73 0.00 0.00 -0.00 2.00 -0.02 0.61 -0.05 -0.29 8.55 -0.04 -0.15 4.31 0.00 0.00 -0.00 0.00 -0.00 1.62 -0.00 -0.00 16.38 0.00 0.00 8.49 0.00 0.00 -0.00 -2.00 0.08 2.24 0.26 0.63 19.89 0.20 0.31 10.45 0.00 0.00 -0.00 -4.00 0.02 0.25 0.02 0.30 4.34 0.02 0.15 2.16 0.00 -0.00 0.00 0.00 -0.00 0.00 0.00 -0.00 0.00 0.00 -0.00 0.00 0.00 -0.00 0.00 0.00 -0.00 0.00 0.00 -0.00 0.00 0.00 -0.00 0.00 0.00 -0.00 0.00 0.00 -0.00 0.00 0.00 -0.00 0.00 0.00 -0.00 0.00 0.00 -0.00 0.00 0.00 -0.00 0.00 0.00 -0.00 0.00 0.00 -0.00 0.00 0.00 -0.00 0.00 0.00 -0.00 0.00 0.00 -0.00 0.00 0.00 -0.00 0.00 0.00 -0.00 0.00 0.00 -0.00 0.00 0.00 -0.00 0.00
-0.0000 0.0275 0.0000 0.00 -0.00 0.00 0.00 -0.00 0.00 0.00 -0.00 0.00 0.00 -0.00 0.00 0.00 -0.00 0.00 0.00 -0.00 0.00 0.00 -0.00 0.00 0.00 -0.00 0.00 0.00 -0.00 0.00 0.00 -0.00 0.00 0.00 -0.00 0.00 0.00 -0.00 0.00 0.00 -0.00 0.00 0.00 -0.00 0.00 0.00 -0.00 0.00 0.00 -0.00 0.00 0.00 -0.00 0.00 0.00 -0.00 0.00 69.06 -37.95 134.56 -0.00 23.42 -0.00 -6.28 10.14 20.11 -1.35 12.81 32.73 0.00 0.00 -0.00 2.00 -0.02 0.61 -0.05 -0.29 8.55 -0.04 -0.15 4.31 0.00 0.00 -0.00 0.00 -0.00 1.62 -0.00 -0.00 16.38 0.00 0.00 8.49 0.00 0.00 -0.00 -2.00 0.08 2.24 0.26 0.63 19.89 0.20 0.31 10.45 0.00 0.00 -0.00 -4.00 0.02 0.25 0.02 0.30 4.34 0.02 0.15 2.16 0.00 -0.00 0.00 0.00 -0.00 0.00 0.00 -0.00 0.00 0.00 -0.00 0.00 0.00 -0.00 0.00 0.00 -0.00 0.00 0.00 -0.00 0.00 0.00 -0.00 0.00 0.00 -0.00 0.00 0.00 -0.00 0.00 0.00 -0.00 0.00 0.00 -0.00 0.00 0.00 -0.00 0.00 0.00 -0.00 0.00 0.00 -0.00 0.00 0.00 -0.00 0.00 0.00 -0.00 0.00 0.00 -0.00 0.00 0.00 -0.00 0.00 0.00 -0.00 0.00 0.00 -0.00 0.00 0.00 -0.00 0.00 0.00 -0.00 0.00
-0.0000 0.0280 0.0000 0.00 -0.00 0.00 0.00 -0.00 0.00 0.00 -0.00 0.00 0.00 -0.00 0.00 0.00 -0.00 0.00 0.00 -0.00 0.00 0.00 -0.00 0.00 0.00 -0.00 0.00 0.00 -0.00 0.00 0.00 -0.00 0.00 0.00 -0.00 0.00 0.00 -0.00 0.00 0.00 -0.00 0.00 0.00 -0.00 0.00 0.00 -0.00 0.00 0.00 -0.00 0.00 0.00 -0.00 0.00 0.00 -0.00 0.00 69.06 -37.95 134.56 -0.00 23.42 -0.00 -6.28 10.14 20.11 -1.35 12.81 32.73 0.00 0.00 -0.00 2.00 -0.02 0.61 -0.05 -0.29 8.55 -0.04 -0.15 4.31 0.00 0.00 -0.00 0.00 -0.00 1.62 -0.00 -0.00 16.38 0.00 0.00 8.49 0.00 0.00 -0.00 -2.00 0.08 2.24 0.26 0.63 19.89 0.20 0.31 10.45 0.00 0.00 -0.00 -4.00 0.02 0.25 0.02 0.30 4.34 0.02 0.15 2.16 0.00 -0.00 0.00 0.00 -0.00 0.00 0.00 -0.00 0.00 0.00 -0.00 0.00 0.00 -0.00 0.00 0.00 -0.00 0.00 0.00 -0.00 0.00 0.00 -0.00 0.00 0.00 -0.00 0.00 0.00 -0.00 0.00 0.00 -0.00 0.00 0.00 -0.00 0.00 0.00 -0.00 0.00 0.00 -0.00 0.00 0.00 -0.00 0.00 0.00 -0.00 0.00 0.00 -0.00 0.00 0.00 -0.00 0.00 0.00 -0.00 0.00 0.00 -0.00 0.00 0.00 -0.00 0.00 0.00 -0.00 0.00 0.00 -0.00 0.00
-0.0000 0.0276 0.0000 0.00 -0.00 0.00 0.00 -0.00 0.00 0.00 -0.00 0.00 0.00 -0.00 0.00 0.00 -0.00 0.00 0.00 -0.00 0.00 0.00 -0.00 0.00 0.00 -0.00 0.00 0.00 -0.00 0.00 0.00 -0.00 0.00 0.00 -0.00 0.00 0.00 -0.00 0.00 0.00 -0.00 0.00 0.00 -0.00 0.00 0.00 -0.00 0.00 0.00 -0.00 0.00 0.00 -0.00 0.00 0.00 -0.00 0.00 69.06 -37.95 134.56 -0.00 23.42 -0.00 -6.28 10.14 20.11 -1.35 12.81 32.73 0.00 0.00 -0.00 2.00 -0.02 0.61 -0.05 -0.29 8.55 -0.04 -0.15 4.31 0.00 0.00 -0.00 0.00 -0.00 1.62 -0.00 -0.00 16.38 0.00 0.00 8.49 0.00 0.00 -0.00 -2.00 0.08 2.24 0.26 0.63 19.89 0.20 0.31 10.45 0.00 0.00 -0.00 -4.00 0.02 0.25 0.02 0.30 4.34 0.02 0.15 2.16 0.00 -0.00 0.00 0.00 -0.00 0.00 0.00 -0.00 0.00 0.00 -0.00 0.00 0.00 -0.00 0.00 0.00 -0.00 0.00 0.00 -0.00 0.00 0.00 -0.00 0.00 0.00 -0.00 0.00 0.00 -0.00 0.00 0.00 -0.00 0.00 0.00 -0.00 0.00 0.00 -0.00 0.00 0.00 -0.00 0.00 0.00 -0.00 0.00 0.00 -0.00 0.00 0.00 -0.00 0.00 0.00 -0.00 0.00 0.00 -0.00 0.00 0.00 -0.00 0.00 0.00 -0.00 0.00 0.00 -0.00 0.00 0.00 -0.00 0.00
-0.0000 0.0277 0.0000 0.00 -0.00 0.00 0.00 -0.00 0.00 0.00 -0.00 0.00 0.00 -0.00 0.00 0.00 -0.00 0.00 0.00 -0.00 0.00 0.00 -0.00 0.00 0.00 -0.00 0.00 0.00 -0.00 0.00 0.00 -0.00 0.00 0.00 -0.00 0.00 0.00 -0.00 0.00 0.00 -0.00 0.00 0.00 -0.00 0.00 0.00 -0.00 0.00 0.00 -0.00 0.00 0.00 -0.00 0.00 0.00 -0.00 0.00 69.06 -37.95 134.56 -0.00 23.42 -0.00 -6.28 10.14 20.11 -1.35 12.81 32.73 0.00 0.00 -0.00 2.00 -0.02 0.61 -0.05 -0.29 8.55 -0.04 -0.15 4.31 0.00 0.00 -0.00 0.00 -0.00 1.62 -0.00 -0.00 16.38 0.00 0.00 8.49 0.00 0.00 -0.00 -2.00 0.08 2.24 0.26 0.63 19.89 0.20 0.31 10.45 0.00 0.00 -0.00 -4.00 0.02 0.25 0.02 0.30 4.34 0.02 0.15 2.16 0.00 -0.00 0.00 0.00 -0.00 0.00 0.00 -0.00 0.00 0.00 -0.00 0.00 0.00 -0.00 0.00 0.00 -0.00 0.00 0.00 -0.00 0.00 0.00 -0.00 0.00 0.00 -0.00 0.00 0.00 -0.00 0.00 0.00 -0.00 0.00 0.00 -0.00 0.00 0.00 -0.00 0.00 0.00 -0.00 0.00 0.00 -0.00 0.00 0.00 -0.00 0.00 0.00 -0.00 0.00 0.00 -0.00 0.00 0.00 -0.00 0.00 0.00 -0.00 0.00 0.00 -0.00 0.00 0.00 -0.00 0.00 0.00 -0.00 0.00
-0.0000 0.0279 0.0000 0.00 -0.00 0.00 0.00 -0.00 0.00 0.00 -0.00 0.00 0.00 -0.00 0.00 0.00 -0.00 0.00 0.00 -0.00 0.00 0.00 -0.00 0.00 0.00 -0.00 0.00 0.00 -0.00 0.00 0.00 -0.00 0.00 0.00 -0.00 0.00 0.00 -0.00 0.00 0.00 -0.00 0.00 0.00 -0.00 0.00 0.00 -0.00 0.00 0.00 -0.00 0.00 0.00 -0.00 0.00 0.00 -0.00 0.00 69.06 -37.95 134.56 -0.00 23.42 -0.00 -6.28 10.14 20.11 -1.35 12.81 32.73 0.00 0.00 -0.00 2.00 -0.02 0.61 -0.05 -0.29 8.55 -0.04 -0.15 4.31 0.00 0.00 -0.00 0.00 -0.00 1.62 -0.00 -0.00 16.38 0.00 0.00 8.49 0.00 0.00 -0.00 -2.00 0.08 2.24 0.26 0.63 19.89 0.20 0.31 10.45 0.00 0.00 -0.00 -4.00 0.02 0.25 0.02 0.30 4.34 0.02 0.15 2.16 0.00 -0.00 0.00 0.00 -0.00 0.00 0.00 -0.00 0.00 0.00 -0.00 0.00 0.00 -0.00 0.00 0.00 -0.00 0.00 0.00 -0.00 0.00 0.00 -0.00 0.00 0.00 -0.00 0.00 0.00 -0.00 0.00 0.00 -0.00 0.00 0.00 -0.00 0.00 0.00 -0.00 0.00 0.00 -0.00 0.00 0.00 -0.00 0.00 0.00 -0.00 0.00 0.00 -0.00 0.00 0.00 -0.00 0.00 0.00 -0.00 0.00 0.00 -0.00 0.00 0.00 -0.00 0.00 0.00 -0.00 0.00 0.00 -0.00 0.00
-0.0000 0.0280 0.0000 0.00 -0.00 0.00 0.00 -0.00 0.00 0.00 -0.00 0.00 0.00 -0.00 0.00 0.00 -0.00 0.00 0.00 -0.00 0.00 0.00 -0.00 0.00 0.00 -0.00 0.00 0.00 -0.00 0.00 0.00 -0.00 0.00 0.00 -0.00 0.00 0.00 -0.00 0.00 0.00 -0.00 0.00 0.00 -0.00 0.00 0.00 -0.00 0.00 0.00 -0.00 0.00 0.00 -0.00 0.00 0.00 -0.00 0.00 69.06 -37.95 134.56 -0.00 23.42 -0.00 -6.28 10.14 20.11 -1.35 12.81 32.73 0.00 0.00 -0.00 2.00 -0.02 0.61 -0.05 -0.29 8.55 -0.04 -0.15 4.31 0.00 0.00 -0.00 0.00 -0.00 1.62 -0.00 -0.00 16.38 0.00 0.00 8.49 0.00 0.00 -0.00 -2.00 0.08 2.24 0.26 0.63 19.89 0.20 0.31 10.45 0.00 0.00 -0.00 -4.00 0.02 0.25 0.02 0.30 4.34 0.02 0.15 2.16 0.00 -0.00 0.00 0.00 -0.00 0.00 0.00 -0.00 0.00 0.00 -0.00 0.00 0.00 -0.00 0.00 0.00 -0.00 0.00 0.00 -0.00 0.00 0.00 -0.00 0.00 0.00 -0.00 0.00 0.00 -0.00 0.00 0.00 -0.00 0.00 0.00 -0.00 0.00 0.00 -0.00 0.00 0.00 -0.00 0.00 0.00 -0.00 0.00 0.00 -0.00 0.00 0.00 -0.00 0.00 0.00 -0.00 0.00 0.00 -0.00 0.00 0.00 -0.00 0.00 0.00 -0.00 0.00 0.00 -0.00 0.00 0.00 -0.00 0.00
-0.0000 0.0278 0.0000 0.00 -0.00 0.00 0.00 -0.00 0.00 0.00 -0.00 0.00 0.00 -0.00 0.00 0.00 -0.00 0.00 0.00 -0.00 0.00 0.00 -0.00 0.00 0.00 -0.00 0.00 0.00 -0.00 0.00 0.00 -0.00 0.00 0.00 -0.00 0.00 0.00 -0.00 0.00 0.00 -0.00 0.00 0.00 -0.00 0.00 0.00 -0.00 0.00 0.00 -0.00 0.00 0.00 -0.00 0.00 0.00 -0.00 0.00 69.06 -37.95 134.56 -0.00 23.42 -0.00 -6.28 10.14 20.11 -1.35 12.81 32.73 0.00 0.00 -0.00 2.00 -0.02 0.61 -0.05 -0.29 8.55 -0.04 -0.15 4.31 0.00 0.00 -0.00 0.00 -0.00 1.62 -0.00 -0.00 16.38 0.00 0.00 8.49 0.00 0.00 -0.00 -2.00 0.08 2.24 0.26 0.63 19.89 0.20 0.31 10.45 0.00 0.00 -0.00 -4.00 0.02 0.25 0.02 0.30 4.34 0.02 0.15 2.16 0.00 -0.00 0.00 0.00 -0.00 0.00 0.00 -0.00 0.00 0.00 -0.00 0.00 0.00 -0.00 0.00 0.00 -0.00 0.00 0.00 -0.00 0.00 0.00 -0.00 0.00 0.00 -0.00 0.00 0.00 -0.00 0.00 0.00 -0.00 0.00 0.00 -0.00 0.00 0.00 -0.00 0.00 0.00 -0.00 0.00 0.00 -0.00 0.00 0.00 -0.00 0.00 0.00 -0.00 0.00 0.00 -0.00 0.00 0.00 -0.00 0.00 0.00 -0.00 0.00 0.00 -0.00 0.00 0.00 -0.00 0.00 0.00 -0.00 0.00
-0.0000 0.0280 0.0000 0.00 -0.00 0.00 0.00 -0.00 0.00 0.00 -0.00 0.00 0.00 -0.00 0.00 0.00 -0.00 0.00 0.00 -0.00 0.00 0.00 -0.00 0.00 0.00 -0.00 0.00 0.00 -0.00 0.00 0.00 -0.00 0.00 0.00 -0.00 0.00 0.00 -0.00 0.00 0.00 -0.00 0.00 0.00 -0.00 0.00 0.00 -0.00 0.00 0.00 -0.00 0.00 0.00 -0.00 0.00 0.00 -0.00 0.00 69.06 -37.95 134.56 -0.00 23.42 -0.00 -6.28 10.14 20.11 -1.35 12.81 32.73 0.00 0.00 -0.00 2.00 -0.02 0.61 -0.05 -0.29 8.55 -0.04 -0.15 4.31 0.00 0.00 -0.00 0.00 -0.00 1.62 -0.00 -0.00 16.38 0.00 0.00 8.49 0.00 0.00 -0.00 -2.00 0.08 2.24 0.26 0.63 19.89 0.20 0.31 10.45 0.00 0.00 -0.00 -4.00 0.02 0.25 0.02 0.30 4.34 0.02 0.15 2.16 0.00 -0.00 0.00 0.00 -0.00 0.00 0.00 -0.00 0.00 0.00 -0.00 0.00 0.00 -0.00 0.00 0.00 -0.00 0.00 0.00 -0.00 0.00 0.00 -0.00 0.00 0.00 -0.00 0.00 0.00 -0.00 0.00 0.00 -0.00 0.00 0.00 -0.00 0.00 0.00 -0.00 0.00 0.00 -0.00 0.00 0.00 -0.00 0.00 0.00 -0.00 0.00 0.00 -0.00 0.00 0.00 -0.00 0.00 0.00 -0.00 0.00 0.00 -0.00 0.00 0.00 -0.00 0.00 0.00 -0.00 0.00 0.00 -0.00 0.00
-0.0000 0.0275 0.0000 0.00 -0.00 0.00 0.00 -0.00 0.00 0.00 -0.00 0.00 0.00 -0.00 0.00 0.00 -0.00 0.00 0.00 -0.00 0.00 0.00 -0.00 0.00 0.00 -0.00 0.00 0.00 -0.00 0.00 0.00 -0.00 0.00 0.00 -0.00 0.00 0.00 -0.00 0.00 0.00 -0.00 0.00 0.00 -0.00 0.00 0.00 -0.00 0.00 0.00 -0.00 0.00 0.00 -0.00 0.00 0.00 -0.00 0.00 69.06 -37.95 134.56 -0.00 23.42 -0.00 -6.28 10.14 20.11 -1.35 12.81 32.73 0.00 0.00 -0.00 2.00 -0.02 0.61 -0.05 -0.29 8.55 -0.04 -0.15 4.31 0.00 0.00 -0.00 0.00 -0.00 1.62 -0.00 -0.00 16.38 0.00 0.00 8.49 0.00 0.00 -0.00 -2.00 0.08 2.24 0.26 0.63 19.89 0.20 0.31 10.45 0.00 0.00 -0.00 -4.00 0.02 0.25 0.02 0.30 4.34 0.02 0.15 2.16 0.00 -0.00 0.00 0.00 -0.00 0.00 0.00 -0.00 0.00 0.00 -0.00 0.00 0.00 -0.00 0.00 0.00 -0.00 0.00 0.00 -0.00 0.00 0.00 -0.00 0.00 0.00 -0.00 0.00 0.00 -0.00 0.00 0.00 -0.00 0.00 0.00 -0.00 0.00 0.00 -0.00 0.00 0.00 -0.00 0.00 0.00 -0.00 0.00 0.00 -0.00 0.00 0.00 -0.00 0.00 0.00 -0.00 0.00 0.00 -0.00 0.00 0.00 -0.00 0.00 0.00 -0.00 0.00 0.00 -0.00 0.00 0.00 -0.00 0.00
-0.0000 0.0282 0.0000 0.00 -0.00 0.00 0.00 -0.00 0.00 0.00 -0.00 0.00 0.00 -0.00 0.00 0.00 -0.00 0.00 0.00 -0.00 0.00 0.00 -0.00 0.00 0.00 -0.00 0.00 0.00 -0.00 0.00 0.00 -0.00 0.00 0.00 -0.00 0.00 0.00 -0.00 0.00 0.00 -0.00 0.00 0.00 -0.00 0.00 0.00 -0.00 0.00 0.00 -0.00 0.00 0.00 -0.00 0.00 0.00 -0.00 0.00 69.06 -37.95 134.56 -0.00 23.42 -0.00 -6.28 10.14 20.11 -1.35 12.81 32.73 0.00 0.00 -0.00 2.00 -0.02 0.61 -0.05 -0.29 8.55 -0.04 -0.15 4.31 0.00 0.00 -0.00 0.00 -0.00 1.62 -0.00 -0.00 16.38 0.00 0.00 8.49 0.00 0.00 -0.00 -2.00 0.08 2.24 0.26 0.63 19.89 0.20 0.31 10.45 0.00 0.00 -0.00 -4.00 0.02 0.25 0.02 0.30 4.34 0.02 0.15 2.16 0.00 -0.00 0.00 0.00 -0.00 0.00 0.00 -0.00 0.00 0.00 -0.00 0.00 0.00 -0.00 0.00 0.00 -0.00 0.00 0.00 -0.00 0.00 0.00 -0.00 0.00 0.00 -0.00 0.00 0.00 -0.00 0.00 0.00 -0.00 0.00 0.00 -0.00 0.00 0.00 -0.00 0.00 0.00 -0.00 0.00 0.00 -0.00 0.00 0.00 -0.00 0.00 0.00 -0.00 0.00 0.00 -0.00 0.00 0.00 -0.00 0.00 0.00 -0.00 0.00 0.00 -0.00 0.00 0.00 -0.00 0.00 0.00 -0.00 0.00
-0.0000 0.0287 0.0000 0.00 -0.00 0.00 0.00 -0.00 0.00 0.00 -0.00 0.00 0.00 -0.00 0.00 0.00 -0.00 0.00 0.00 -0.00 0.00 0.00 -0.00 0.00 0.00 -0.00 0.00 0.00 -0.00 0.00 0.00 -0.00 0.00 0.00 -0.00 0.00 0.00 -0.00 0.00 0.00 -0.00 0.00 0.00 -0.00 0.00 0.00 -0.00 0.00 0.00 -0.00 0.00 0.00 -0.00 0.00 0.00 -0.00 0.00 69.06 -37.95 134.56 -0.00 23.42 -0.00 -6.28 10.14 20.11 -1.35 12.81 32.73 0.00 0.00 -0.00 2.00 -0.02 0.61 -0.05 -0.29 8.55 -0.04 -0.15 4.31 0.00 0.00 -0.00 0.00 -0.00 1.62 -0.00 -0.00 16.38 0.00 0.00 8.49 0.00 0.00 -0.00 -2.00 0.08 2.24 0.26 0.63 19.89 0.20 0.31 10.45 0.00 0.00 -0.00 -4.00 0.02 0.25 0.02 0.30 4.34 0.02 0.15 2.16 0.00 -0.00 0.00 0.00 -0.00 0.00 0.00 -0.00 0.00 0.00 -0.00 0.00 0.00 -0.00 0.00 0.00 -0.00 0.00 0.00 -0.00 0.00 0.00 -0.00 0.00 0.00 -0.00 0.00 0.00 -0.00 0.00 0.00 -0.00 0.00 0.00 -0.00 0.00 0.00 -0.00 0.00 0.00 -0.00 0.00 0.00 -0.00 0.00 0.00 -0.00 0.00 0.00 -0.00 0.00 0.00 -0.00 0.00 0.00 -0.00 0.00 0.00 -0.00 0.00 0.00 -0.00 0.00 0.00 -0.00 0.00 0.00 -0.00 0.00
-0.0000 0.0276 0.0000 0.00 -0.00 0.00 0.00 -0.00 0.00 0.00 -0.00 0.00 0.00 -0.00 0.00 0.00 -0.00 0.00 0.00 -0.00 0.00 0.00 -0.00 0.00 0.00 -0.00 0.00 0.00 -0.00 0.00 0.00 -0.00 0.00 0.00 -0.00 0.00 0.00 -0.00 0.00 0.00 -0.00 0.00 0.00 -0.00 0.00 0.00 -0.00 0.00 0.00 -0.00 0.00 0.00 -0.00 0.00 0.00 -0.00 0.00 69.06 -37.95 134.56 -0.00 23.42 -0.00 -6.28 10.14 20.11 -1.35 12.81 32.73 0.00 0.00 -0.00 2.00 -0.02 0.61 -0.05 -0.29 8.55 -0.04 -0.15 4.31 0.00 0.00 -0.00 0.00 -0.00 1.62 -0.00 -0.00 16.38 0.00 0.00 8.49 0.00 0.00 -0.00 -2.00 0.08 2.24 0.26 0.63 19.89 0.20 0.31 10.45 0.00 0.00 -0.00 -4.00 0.02 0.25 0.02 0.30 4.34 0.02 0.15 2.16 0.00 -0.00 0.00 0.00 -0.00 0.00 0.00 -0.00 0.00 0.00 -0.00 0.00 0.00 -0.00 0.00 0.00 -0.00 0.00 0.00 -0.00 0.00 0.00 -0.00 0.00 0.00 -0.00 0.00 0.00 -0.00 0.00 0.00 -0.00 0.00 0.00 -0.00 0.00 0.00 -0.00 0.00 0.00 -0.00 0.00 0.00 -0.00 0.00 0.00 -0.00 0.00 0.00 -0.00 0.00 0.00 -0.00 0.00 0.00 -0.00 0.00 0.00 -0.00 0.00 0.00 -0.00 0.00 0.00 -0.00 0.00 0.00 -0.00 0.00
-0.0000 0.0273 0.0000 0.00 -0.00 0.00 0.00 -0.00 0.00 0.00 -0.00 0.00 0.00 -0.00 0.00 0.00 -0.00 0.00 0.00 -0.00 0.00 0.00 -0.00 0.00 0.00 -0.00 0.00 0.00 -0.00 0.00 0.00 -0.00 0.00 0.00 -0.00 0.00 0.00 -0.00 0.00 0.00 -0.00 0.00 0.00 -0.00 0.00 0.00 -0.00 0.00 0.00 -0.00 0.00 0.00 -0.00 0.00 0.00 -0.00 0.00 69.06 -37.95 134.56 -0.00 23.42 -0.00 -6.28 10.14 20.11 -1.35 12.81 32.73 0.00 0.00 -0.00 2.00 -0.02 0.61 -0.05 -0.29 8.55 -0.04 -0.15 4.31 0.00 0.00 -0.00 0.00 -0.00 1.62 -0.00 -0.00 16.38 0.00 0.00 8.49 0.00 0.00 -0.00 -2.00 0.08 2.24 0.26 0.63 19.89 0.20 0.31 10.45 0.00 0.00 -0.00 -4.00 0.02 0.25 0.02 0.30 4.34 0.02 0.15 2.16 0.00 -0.00 0.00 0.00 -0.00 0.00 0.00 -0.00 0.00 0.00 -0.00 0.00 0.00 -0.00 0.00 0.00 -0.00 0.00 0.00 -0.00 0.00 0.00 -0.00 0.00 0.00 -0.00 0.00 0.00 -0.00 0.00 0.00 -0.00 0.00 0.00 -0.00 0.00 0.00 -0.00 0.00 0.00 -0.00 0.00 0.00 -0.00 0.00 0.00 -0.00 0.00 0.00 -0.00 0.00 0.00 -0.00 0.00 0.00 -0.00 0.00 0.00 -0.00 0.00 0.00 -0.00 0.00 0.00 -0.00 0.00 0.00 -0.00 0.00
-0.0000 0.0275 0.0000 0.00 -0.00 0.00 0.00 -0.00 0.00 0.00 -0.00 0.00 0.00 -0.00 0.00 0.00 -0.00 0.00 0.00 -0.00 0.00 0.00 -0.00 0.00 0.00 -0.00 0.00 0.00 -0.00 0.00 0.00 -0.00 0.00 0.00 -0.00 0.00 0.00 -0.00 0.00 0.00 -0.00 0.00 0.00 -0.00 0.00 0.00 -0.00 0.00 0.00 -0.00 0.00 0.00 -0.00 0.00 0.00 -0.00 0.00 69.06 -37.95 134.56 -0.00 23.42 -0.00 -6.28 10.14 20.11 -1.35 12.81 32.73 0.00 0.00 -0.00 2.00 -0.02 0.61 -0.05 -0.29 8.55 -0.04 -0.15 4.31 0.00 0.00 -0.00 0.00 -0.00 1.62 -0.00 -0.00 16.38 0.00 0.00 8.49 0.00 0.00 -0.00 -2.00 0.08 2.24 0.26 0.63 19.89 0.20 0.31 10.45 0.00 0.00 -0.00 -4.00 0.02 0.25 0.02 0.30 4.34 0.02 0.15 2.16 0.00 -0.00 0.00 0.00 -0.00 0.00 0.00 -0.00 0.00 0.00 -0.00 0.00 0.00 -0.00 0.00 0.00 -0.00 0.00 0.00 -0.00 0.00 0.00 -0.00 0.00 0.00 -0.00 0.00 0.00 -0.00 0.00 0.00 -0.00 0.00 0.00 -0.00 0.00 0.00 -0.00 0.00 0.00 -0.00 0.00 0.00 -0.00 0.00 0.00 -0.00 0.00 0.00 -0.00 0.00 0.00 -0.00 0.00 0.00 -0.00 0.00 0.00 -0.00 0.00 0.00 -0.00 0.00 0.00 -0.00 0.00 0.00 -0.00 0.00
-0.0000 0.0277 0.0000 0.00 -0.00 0.00 0.00 -0.00 0.00 0.00 -0.00 0.00 0.00 -0.00 0.00 0.00 -0.00 0.00 0.00 -0.00 0.00 0.00 -0.00 0.00 0.00 -0.00 0.00 0.00 -0.00 0.00 0.00 -0.00 0.00 0.00 -0.00 0.00 0.00 -0.00 0.00 0.00 -0.00 0.00 0.00 -0.00 0.00 0.00 -0.00 0.00 0.00 -0.00 0.00 0.00 -0.00 0.00 0.00 -0.00 0.00 69.06 -37.95 134.56 -0.00 23.42 -0.00 -6.28 10.14 20.11 -1.35 12.81 32.73 0.00 0.00 -0.00 2.00 -0.02 0.61 -0.05 -0.29 8.55 -0.04 -0.15 4.31 0.00 0.00 -0.00 0.00 -0.00 1.62 -0.00 -0.00 16.38 0.00 0.00 8.49 0.00 0.00 -0.00 -2.00 0.08 2.24 0.26 0.63 19.89 0.20 0.31 10.45 0.00 0.00 -0.00 -4.00 0.02 0.25 0.02 0.30 4.34 0.02 0.15 2.16 0.00 -0.00 0.00 0.00 -0.00 0.00 0.00 -0.00 0.00 0.00 -0.00 0.00 0.00 -0.00 0.00 0.00 -0.00 0.00 0.00 -0.00 0.00 0.00 -0.00 0.00 0.00 -0.00 0.00 0.00 -0.00 0.00 0.00 -0.00 0.00 0.00 -0.00 0.00 0.00 -0.00 0.00 0.00 -0.00 0.00 0.00 -0.00 0.00 0.00 -0.00 0.00 0.00 -0.00 0.00 0.00 -0.00 0.00 0.00 -0.00 0.00 0.00 -0.00 0.00 0.00 -0.00 0.00 0.00 -0.00 0.00 0.00 -0.00 0.00
-0.0000 0.0276 0.0000 0.00 -0.00 0.00 0.00 -0.00 0.00 0.00 -0.00 0.00 0.00 -0.00 0.00 0.00 -0.00 0.00 0.00 -0.00 0.00 0.00 -0.00 0.00 0.00 -0.00 0.00 0.00 -0.00 0.00 0.00 -0.00 0.00 0.00 -0.00 0.00 0.00 -0.00 0.00 0.00 -0.00 0.00 0.00 -0.00 0.00 0.00 -0.00 0.00 0.00 -0.00 0.00 0.00 -0.00 0.00 0.00 -0.00 0.00 69.06 -37.95 134.56 -0.00 23.42 -0.00 -6.28 10.14 20.11 -1.35 12.81 32.73 0.00 0.00 -0.00 2.00 -0.02 0.61 -0.05 -0.29 8.55 -0.04 -0.15 4.31 0.00 0.00 -0.00 0.00 -0.00 1.62 -0.00 -0.00 16.38 0.00 0.00 8.49 0.00 0.00 -0.00 -2.00 0.08 2.24 0.26 0.63 19.89 0.20 0.31 10.45 0.00 0.00 -0.00 -4.00 0.02 0.25 0.02 0.30 4.34 0.02 0.15 2.16 0.00 -0.00 0.00 0.00 -0.00 0.00 0.00 -0.00 0.00 0.00 -0.00 0.00 0.00 -0.00 0.00 0.00 -0.00 0.00 0.00 -0.00 0.00 0.00 -0.00 0.00 0.00 -0.00 0.00 0.00 -0.00 0.00 0.00 -0.00 0.00 0.00 -0.00 0.00 0.00 -0.00 0.00 0.00 -0.00 0.00 0.00 -0.00 0.00 0.00 -0.00 0.00 0.00 -0.00 0.00 0.00 -0.00 0.00 0.00 -0.00 0.00 0.00 -0.00 0.00 0.00 -0.00 0.00 0.00 -0.00 0.00 0.00 -0.00 0.00
-0.0000 0.0281 0.0000 0.00 -0.00 0.00 0.00 -0.00 0.00 0.00 -0.00 0.00 0.00 -0.00 0.00 0.00 -0.00 0.00 0.00 -0.00 0.00 0.00 -0.00 0.00 0.00 -0.00 0.00 0.00 -0.00 0.00 0.00 -0.00 0.00 0.00 -0.00 0.00 0.00 -0.00 0.00 0.00 -0.00 0.00 0.00 -0.00 0.00 0.00 -0.00 0.00 0.00 -0.00 0.00 0.00 -0.00 0.00 0.00 -0.00 0.00 69.06 -37.95 134.56 -0.00 23.42 -0.00 -6.28 10.14 20.11 -1.35 12.81 32.73 0.00 0.00 -0.00 2.00 -0.02 0.61 -0.05 -0.29 8.55 -0.04 -0.15 4.31 0.00 0.00 -0.00 0.00 -0.00 1.62 -0.00 -0.00 16.38 0.00 0.00 8.49 0.00 0.00 -0.00 -2.00 0.08 2.24 0.26 0.63 19.89 0.20 0.31 10.45 0.00 0.00 -0.00 -4.00 0.02 0.25 0.02 0.30 4.34 0.02 0.15 2.16 0.00 -0.00 0.00 0.00 -0.00 0.00 0.00 -0.00 0.00 0.00 -0.00 0.00 0.00 -0.00 0.00 0.00 -0.00 0.00 0.00 -0.00 0.00 0.00 -0.00 0.00 0.00 -0.00 0.00 0.00 -0.00 0.00 0.00 -0.00 0.00 0.00 -0.00 0.00 0.00 -0.00 0.00 0.00 -0.00 0.00 0.00 -0.00 0.00 0.00 -0.00 0.00 0.00 -0.00 0.00 0.00 -0.00 0.00 0.00 -0.00 0.00 0.00 -0.00 0.00 0.00 -0.00 0.00 0.00 -0.00 0.00 0.00 -0.00 0.00
-0.0000 0.0271 0.0000 0.00 -0.00 0.00 0.00 -0.00 0.00 0.00 -0.00 0.00 0.00 -0.00 0.00 0.00 -0.00 0.00 0.00 -0.00 0.00 0.00 -0.00 0.00 0.00 -0.00 0.00 0.00 -0.00 0.00 0.00 -0.00 0.00 0.00 -0.00 0.00 0.00 -0.00 0.00 0.00 -0.00 0.00 0.00 -0.00 0.00 0.00 -0.00 0.00 0.00 -0.00 0.00 0.00 -0.00 0.00 0.00 -0.00 0.00 69.06 -37.95 134.56 -0.00 23.42 -0.00 -6.28 10.14 20.11 -1.35 12.81 32.73 0.00 0.00 -0.00 2.00 -0.02 0.61 -0.05 -0.29 8.55 -0.04 -0.15 4.31 0.00 0.00 -0.00 0.00 -0.00 1.62 -0.00 -0.00 16.38 0.00 0.00 8.49 0.00 0.00 -0.00 -2.00 0.08 2.24 0.26 0.63 19.89 0.20 0.31 10.45 0.00 0.00 -0.00 -4.00 0.02 0.25 0.02 0.30 4.34 0.02 0.15 2.16 0.00 -0.00 0.00 0.00 -0.00 0.00 0.00 -0.00 0.00 0.00 -0.00 0.00 0.00 -0.00 0.00 0.00 -0.00 0.00 0.00 -0.00 0.00 0.00 -0.00 0.00 0.00 -0.00 0.00 0.00 -0.00 0.00 0.00 -0.00 0.00 0.00 -0.00 0.00 0.00 -0.00 0.00 0.00 -0.00 0.00 0.00 -0.00 0.00 0.00 -0.00 0.00 0.00 -0.00 0.00 0.00 -0.00 0.00 0.00 -0.00 0.00 0.00 -0.00 0.00 0.00 -0.00 0.00 0.00 -0.00 0.00 0.00 -0.00 0.00
-0.0000 0.0272 0.0000 0.00 -0.00 0.00 0.00 -0.00 0.00 0.00 -0.00 0.00 0.00 -0.00 0.00 0.00 -0.00 0.00 0.00 -0.00 0.00 0.00 -0.00 0.00 0.00 -0.00 0.00 0.00 -0.00 0.00 0.00 -0.00 0.00 0.00 -0.00 0.00 0.00 -0.00 0.00 0.00 -0.00 0.00 0.00 -0.00 0.00 0.00 -0.00 0.00 0.00 -0.00 0.00 0.00 -0.00 0.00 0.00 -0.00 0.00 69.06 -37.95 134.56 -0.00 23.42 -0.00 -6.28 10.14 20.11 -1.35 12.81 32.73 0.00 0.00 -0.00 2.00 -0.02 0.61 -0.05 -0.29 8.55 -0.04 -0.15 4.31 0.00 0.00 -0.00 0.00 -0.00 1.62 -0.00 -0.00 16.38 0.00 0.00 8.49 0.00 0.00 -0.00 -2.00 0.08 2.24 0.26 0.63 19.89 0.20 0.31 10.45 0.00 0.00 -0.00 -4.00 0.02 0.25 0.02 0.30 4.34 0.02 0.15 2.16 0.00 -0.00 0.00 0.00 -0.00 0.00 0.00 -0.00 0.00 0.00 -0.00 0.00 0.00 -0.00 0.00 0.00 -0.00 0.00 0.00 -0.00 0.00 0.00 -0.00 0.00 0.00 -0.00 0.00 0.00 -0.00 0.00 0.00 -0.00 0.00 0.00 -0.00 0.00 0.00 -0.00 0.00 0.00 -0.00 0.00 0.00 -0.00 0.00 0.00 -0.00 0.00 0.00 -0.00 0.00 0.00 -0.00 0.00 0.00 -0.00 0.00 0.00 -0.00 0.00 0.00 -0.00 0.00 0.00 -0.00 0.00 0.00 -0.00 0.00
-0.0000 0.0274 0.0000 0.00 -0.00 0.00 0.00 -0.00 0.00 0.00 -0.00 0.00 0.00 -0.00 0.00 0.00 -0.00 0.00 0.00 -0.00 0.00 0.00 -0.00 0.00 0.00 -0.00 0.00 0.00 -0.00 0.00 0.00 -0.00 0.00 0.00 -0.00 0.00 0.00 -0.00 0.00 0.00 -0.00 0.00 0.00 -0.00 0.00 0.00 -0.00 0.00 0.00 -0.00 0.00 0.00 -0.00 0.00 0.00 -0.00 0.00 69.06 -37.95 134.56 -0.00 23.42 -0.00 -6.28 10.14 20.11 -1.35 12.81 32.73 0.00 0.00 -0.00 2.00 -0.02 0.61 -0.05 -0.29 8.55 -0.04 -0.15 4.31 0.00 0.00 -0.00 0.00 -0.00 1.62 -0.00 -0.00 16.38 0.00 0.00 8.49 0.00 0.00 -0.00 -2.00 0.08 2.24 0.26 0.63 19.89 0.20 0.31 10.45 0.00 0.00 -0.00 -4.00 0.02 0.25 0.02 0.30 4.34 0.02 0.15 2.16 0.00 -0.00 0.00 0.00 -0.00 0.00 0.00 -0.00 0.00 0.00 -0.00 0.00 0.00 -0.00 0.00 0.00 -0.00 0.00 0.00 -0.00 0.00 0.00 -0.00 0.00 0.00 -0.00 0.00 0.00 -0.00 0.00 0.00 -0.00 0.00 0.00 -0.00 0.00 0.00 -0.00 0.00 0.00 -0.00 0.00 0.00 -0.00 0.00 0.00 -0.00 0.00 0.00 -0.00 0.00 0.00 -0.00 0.00 0.00 -0.00 0.00 0.00 -0.00 0.00 0.00 -0.00 0.00 0.00 -0.00 0.00 0.00 -0.00 0.00
-0.0000 0.0258 0.0000 0.00 -0.00 0.00 0.00 -0.00 0.00 0.00 -0.00 0.00 0.00 -0.00 0.00 0.00 -0.00 0.00 0.00 -0.00 0.00 0.00 -0.00 0.00 0.00 -0.00 0.00 0.00 -0.00 0.00 0.00 -0.00 0.00 0.00 -0.00 0.00 0.00 -0.00 0.00 0.00 -0.00 0.00 0.00 -0.00 0.00 0.00 -0.00 0.00 0.00 -0.00 0.00 0.00 -0.00 0.00 0.00 -0.00 0.00 69.06 -37.95 134.56 -0.00 23.42 -0.00 -6.28 10.14 20.11 -1.35 12.81 32.73 0.00 0.00 -0.00 2.00 -0.02 0.61 -0.05 -0.29 8.55 -0.04 -0.15 4.31 0.00 0.00 -0.00 0.00 -0.00 1.62 -0.00 -0.00 16.38 0.00 0.00 8.49 0.00 0.00 -0.00 -2.00 0.08 2.24 0.26 0.63 19.89 0.20 0.31 10.45 0.00 0.00 -0.00 -4.00 0.02 0.25 0.02 0.30 4.34 0.02 0.15 2.16 0.00 -0.00 0.00 0.00 -0.00 0.00 0.00 -0.00 0.00 0.00 -0.00 0.00 0.00 -0.00 0.00 0.00 -0.00 0.00 0.00 -0.00 0.00 0.00 -0.00 0.00 0.00 -0.00 0.00 0.00 -0.00 0.00 0.00 -0.00 0.00 0.00 -0.00 0.00 0.00 -0.00 0.00 0.00 -0.00 0.00 0.00 -0.00 0.00 0.00 -0.00 0.00 0.00 -0.00 0.00 0.00 -0.00 0.00 0.00 -0.00 0.00 0.00 -0.00 0.00 0.00 -0.00 0.00 0.00 -0.00 0.00 0.00 -0.00 0.00
-0.0000 0.0262 0.0000 0.00 -0.00 0.00 0.00 -0.00 0.00 0.00 -0.00 0.00 0.00 -0.00 0.00 0.00 -0.00 0.00 0.00 -0.00 0.00 0.00 -0.00 0.00 0.00 -0.00 0.00 0.00 -0.00 0.00 0.00 -0.00 0.00 0.00 -0.00 0.00 0.00 -0.00 0.00 0.00 -0.00 0.00 0.00 -0.00 0.00 0.00 -0.00 0.00 0.00 -0.00 0.00 0.00 -0.00 0.00 0.00 -0.00 0.00 69.06 -37.95 134.56 -0.00 23.42 -0.00 -6.28 10.14 20.11 -1.35 12.81 32.73 0.00 0.00 -0.00 2.00 -0.02 0.61 -0.05 -0.29 8.55 -0.04 -0.15 4.31 0.00 0.00 -0.00 0.00 -0.00 1.62 -0.00 -0.00 16.38 0.00 0.00 8.49 0.00 0.00 -0.00 -2.00 0.08 2.24 0.26 0.63 19.89 0.20 0.31 10.45 0.00 0.00 -0.00 -4.00 0.02 0.25 0.02 0.30 4.34 0.02 0.15 2.16 0.00 -0.00 0.00 0.00 -0.00 0.00 0.00 -0.00 0.00 0.00 -0.00 0.00 0.00 -0.00 0.00 0.00 -0.00 0.00 0.00 -0.00 0.00 0.00 -0.00 0.00 0.00 -0.00 0.00 0.00 -0.00 0.00 0.00 -0.00 0.00 0.00 -0.00 0.00 0.00 -0.00 0.00 0.00 -0.00 0.00 0.00 -0.00 0.00 0.00 -0.00 0.00 0.00 -0.00 0.00 0.00 -0.00 0.00 0.00 -0.00 0.00 0.00 -0.00 0.00 0.00 -0.00 0.00 0.00 -0.00 0.00 0.00 -0.00 0.00
-0.0000 0.0269 0.0000 0.00 -0.00 0.00 0.00 -0.00 0.00 0.00 -0.00 0.00 0.00 -0.00 0.00 0.00 -0.00 0.00 0.00 -0.00 0.00 0.00 -0.00 0.00 0.00 -0.00 0.00 0.00 -0.00 0.00 0.00 -0.00 0.00 0.00 -0.00 0.00 0.00 -0.00 0.00 0.00 -0.00 0.00 0.00 -0.00 0.00 0.00 -0.00 0.00 0.00 -0.00 0.00 0.00 -0.00 0.00 0.00 -0.00 0.00 69.06 -37.95 134.56 -0.00 23.42 -0.00 -6.28 10.14 20.11 -1.35 12.81 32.73 0.00 0.00 -0.00 2.00 -0.02 0.61 -0.05 -0.29 8.55 -0.04 -0.15 4.31 0.00 0.00 -0.00 0.00 -0.00 1.62 -0.00 -0.00 16.38 0.00 0.00 8.49 0.00 0.00 -0.00 -2.00 0.08 2.24 0.26 0.63 19.89 0.20 0.31 10.45 0.00 0.00 -0.00 -4.00 0.02 0.25 0.02 0.30 4.34 0.02 0.15 2.16 0.00 -0.00 0.00 0.00 -0.00 0.00 0.00 -0.00 0.00 0.00 -0.00 0.00 0.00 -0.00 0.00 0.00 -0.00 0.00 0.00 -0.00 0.00 0.00 -0.00 0.00 0.00 -0.00 0.00 0.00 -0.00 0.00 0.00 -0.00 0.00 0.00 -0.00 0.00 0.00 -0.00 0.00 0.00 -0.00 0.00 0.00 -0.00 0.00 0.00 -0.00 0.00 0.00 -0.00 0.00 0.00 -0.00 0.00 0.00 -0.00 0.00 0.00 -0.00 0.00 0.00 -0.00 0.00 0.00 -0.00 0.00 0.00 -0.00 0.00
-0.0000 0.0261 0.0000 0.00 -0.00 0.00 0.00 -0.00 0.00 0.00 -0.00 0.00 0.00 -0.00 0.00 0.00 -0.00 0.00 0.00 -0.00 0.00 0.00 -0.00 0.00 0.00 -0.00 0.00 0.00 -0.00 0.00 0.00 -0.00 0.00 0.00 -0.00 0.00 0.00 -0.00 0.00 0.00 -0.00 0.00 0.00 -0.00 0.00 0.00 -0.00 0.00 0.00 -0.00 0.00 0.00 -0.00 0.00 0.00 -0.00 0.00 69.06 -37.95 134.56 -0.00 23.42 -0.00 -6.28 10.14 20.11 -1.35 12.81 32.73 0.00 0.00 -0.00 2.00 -0.02 0.61 -0.05 -0.29 8.55 -0.04 -0.15 4.31 0.00 0.00 -0.00 0.00 -0.00 1.62 -0.00 -0.00 16.38 0.00 0.00 8.49 0.00 0.00 -0.00 -2.00 0.08 2.24 0.26 0.63 19.89 0.20 0.31 10.45 0.00 0.00 -0.00 -4.00 0.02 0.25 0.02 0.30 4.34 0.02 0.15 2.16 0.00 -0.00 0.00 0.00 -0.00 0.00 0.00 -0.00 0.00 0.00 -0.00 0.00 0.00 -0.00 0.00 0.00 -0.00 0.00 0.00 -0.00 0.00 0.00 -0.00 0.00 0.00 -0.00 0.00 0.00 -0.00 0.00 0.00 -0.00 0.00 0.00 -0.00 0.00 0.00 -0.00 0.00 0.00 -0.00 0.00 0.00 -0.00 0.00 0.00 -0.00 0.00 0.00 -0.00 0.00 0.00 -0.00 0.00 0.00 -0.00 0.00 0.00 -0.00 0.00 0.00 -0.00 0.00 0.00 -0.00 0.00 0.00 -0.00 0.00
-0.0000 0.0260 0.0000 0.00 -0.00 0.00 0.00 -0.00 0.00 0.00 -0.00 0.00 0.00 -0.00 0.00 0.00 -0.00 0.00 0.00 -0.00 0.00 0.00 -0.00 0.00 0.00 -0.00 0.00 0.00 -0.00 0.00 0.00 -0.00 0.00 0.00 -0.00 0.00 0.00 -0.00 0.00 0.00 -0.00 0.00 0.00 -0.00 0.00 0.00 -0.00 0.00 0.00 -0.00 0.00 0.00 -0.00 0.00 0.00 -0.00 0.00 69.06 -37.95 134.56 -0.00 23.42 -0.00 -6.28 10.14 20.11 -1.35 12.81 32.73 0.00 0.00 -0.00 2.00 -0.02 0.61 -0.05 -0.29 8.55 -0.04 -0.15 4.31 0.00 0.00 -0.00 0.00 -0.00 1.62 -0.00 -0.00 16.38 0.00 0.00 8.49 0.00 0.00 -0.00 -2.00 0.08 2.24 0.26 0.63 19.89 0.20 0.31 10.45 0.00 0.00 -0.00 -4.00 0.02 0.25 0.02 0.30 4.34 0.02 0.15 2.16 0.00 -0.00 0.00 0.00 -0.00 0.00 0.00 -0.00 0.00 0.00 -0.00 0.00 0.00 -0.00 0.00 0.00 -0.00 0.00 0.00 -0.00 0.00 0.00 -0.00 0.00 0.00 -0.00 0.00 0.00 -0.00 0.00 0.00 -0.00 0.00 0.00 -0.00 0.00 0.00 -0.00 0.00 0.00 -0.00 0.00 0.00 -0.00 0.00 0.00 -0.00 0.00 0.00 -0.00 0.00 0.00 -0.00 0.00 0.00 -0.00 0.00 0.00 -0.00 0.00 0.00 -0.00 0.00 0.00 -0.00 0.00 0.00 -0.00 0.00
-0.0000 0.0245 0.0000 0.00 -0.00 0.00 0.00 -0.00 0.00 0.00 -0.00 0.00 0.00 -0.00 0.00 0.00 -0.00 0.00 0.00 -0.00 0.00 0.00 -0.00 0.00 0.00 -0.00 0.00 0.00 -0.00 0.00 0.00 -0.00 0.00 0.00 -0.00 0.00 0.00 -0.00 0.00 0.00 -0.00 0.00 0.00 -0.00 0.00 0.00 -0.00 0.00 0.00 -0.00 0.00 0.00 -0.00 0.00 0.00 -0.00 0.00 69.06 -37.95 134.56 -0.00 23.42 -0.00 -6.28 10.14 20.11 -1.35 12.81 32.73 0.00 0.00 -0.00 2.00 -0.02 0.61 -0.05 -0.29 8.55 -0.04 -0.15 4.31 0.00 0.00 -0.00 0.00 -0.00 1.62 -0.00 -0.00 16.38 0.00 0.00 8.49 0.00 0.00 -0.00 -2.00 0.08 2.24 0.26 0.63 19.89 0.20 0.31 10.45 0.00 0.00 -0.00 -4.00 0.02 0.25 0.02 0.30 4.34 0.02 0.15 2.16 0.00 -0.00 0.00 0.00 -0.00 0.00 0.00 -0.00 0.00 0.00 -0.00 0.00 0.00 -0.00 0.00 0.00 -0.00 0.00 0.00 -0.00 0.00 0.00 -0.00 0.00 0.00 -0.00 0.00 0.00 -0.00 0.00 0.00 -0.00 0.00 0.00 -0.00 0.00 0.00 -0.00 0.00 0.00 -0.00 0.00 0.00 -0.00 0.00 0.00 -0.00 0.00 0.00 -0.00 0.00 0.00 -0.00 0.00 0.00 -0.00 0.00 0.00 -0.00 0.00 0.00 -0.00 0.00 0.00 -0.00 0.00 0.00 -0.00 0.00
-0.0000 0.0237 0.0000 0.00 -0.00 0.00 0.00 -0.00 0.00 0.00 -0.00 0.00 0.00 -0.00 0.00 0.00 -0.00 0.00 0.00 -0.00 0.00 0.00 -0.00 0.00 0.00 -0.00 0.00 0.00 -0.00 0.00 0.00 -0.00 0.00 0.00 -0.00 0.00 0.00 -0.00 0.00 0.00 -0.00 0.00 0.00 -0.00 0.00 0.00 -0.00 0.00 0.00 -0.00 0.00 0.00 -0.00 0.00 0.00 -0.00 0.00 69.06 -37.95 134.56 -0.00 23.42 -0.00 -6.28 10.14 20.11 -1.35 12.81 32.73 0.00 0.00 -0.00 2.00 -0.02 0.61 -0.05 -0.29 8.55 -0.04 -0.15 4.31 0.00 0.00 -0.00 0.00 -0.00 1.62 -0.00 -0.00 16.38 0.00 0.00 8.49 0.00 0.00 -0.00 -2.00 0.08 2.24 0.26 0.63 19.89 0.20 0.31 10.45 0.00 0.00 -0.00 -4.00 0.02 0.25 0.02 0.30 4.34 0.02 0.15 2.16 0.00 -0.00 0.00 0.00 -0.00 0.00 0.00 -0.00 0.00 0.00 -0.00 0.00 0.00 -0.00 0.00 0.00 -0.00 0.00 0.00 -0.00 0.00 0.00 -0.00 0.00 0.00 -0.00 0.00 0.00 -0.00 0.00 0.00 -0.00 0.00 0.00 -0.00 0.00 0.00 -0.00 0.00 0.00 -0.00 0.00 0.00 -0.00 0.00 0.00 -0.00 0.00 0.00 -0.00 0.00 0.00 -0.00 0.00 0.00 -0.00 0.00 0.00 -0.00 0.00 0.00 -0.00 0.00 0.00 -0.00 0.00 0.00 -0.00 0.00
-0.0000 0.0241 0.0000 0.00 -0.00 0.00 0.00 -0.00 0.00 0.00 -0.00 0.00 0.00 -0.00 0.00 0.00 -0.00 0.00 0.00 -0.00 0.00 0.00 -0.00 0.00 0.00 -0.00 0.00 0.00 -0.00 0.00 0.00 -0.00 0.00 0.00 -0.00 0.00 0.00 -0.00 0.00 0.00 -0.00 0.00 0.00 -0.00 0.00 0.00 -0.00 0.00 0.00 -0.00 0.00 0.00 -0.00 0.00 0.00 -0.00 0.00 69.06 -37.95 134.56 -0.00 23.42 -0.00 -6.28 10.14 20.11 -1.35 12.81 32.73 0.00 0.00 -0.00 2.00 -0.02 0.61 -0.05 -0.29 8.55 -0.04 -0.15 4.31 0.00 0.00 -0.00 0.00 -0.00 1.62 -0.00 -0.00 16.38 0.00 0.00 8.49 0.00 0.00 -0.00 -2.00 0.08 2.24 0.26 0.63 19.89 0.20 0.31 10.45 0.00 0.00 -0.00 -4.00 0.02 0.25 0.02 0.30 4.34 0.02 0.15 2.16 0.00 -0.00 0.00 0.00 -0.00 0.00 0.00 -0.00 0.00 0.00 -0.00 0.00 0.00 -0.00 0.00 0.00 -0.00 0.00 0.00 -0.00 0.00 0.00 -0.00 0.00 0.00 -0.00 0.00 0.00 -0.00 0.00 0.00 -0.00 0.00 0.00 -0.00 0.00 0.00 -0.00 0.00 0.00 -0.00 0.00 0.00 -0.00 0.00 0.00 -0.00 0.00 0.00 -0.00 0.00 0.00 -0.00 0.00 0.00 -0.00 0.00 0.00 -0.00 0.00 0.00 -0.00 0.00 0.00 -0.00 0.00 0.00 -0.00 0.00
-0.0000 0.0247 0.0000 0.00 -0.00 0.00 0.00 -0.00 0.00 0.00 -0.00 0.00 0.00 -0.00 0.00 0.00 -0.00 0.00 0.00 -0.00 0.00 0.00 -0.00 0.00 0.00 -0.00 0.00 0.00 -0.00 0.00 0.00 -0.00 0.00 0.00 -0.00 0.00 0.00 -0.00 0.00 0.00 -0.00 0.00 0.00 -0.00 0.00 0.00 -0.00 0.00 0.00 -0.00 0.00 0.00 -0.00 0.00 0.00 -0.00 0.00 69.06 -37.95 134.56 -0.00 23.42 -0.00 -6.28 10.14 20.11 -1.35 12.81 32.73 0.00 0.00 -0.00 2.00 -0.02 0.61 -0.05 -0.29 8.55 -0.04 -0.15 4.31 0.00 0.00 -0.00 0.00 -0.00 1.62 -0.00 -0.00 16.38 0.00 0.00 8.49 0.00 0.00 -0.00 -2.00 0.08 2.24 0.26 0.63 19.89 0.20 0.31 10.45 0.00 0.00 -0.00 -4.00 0.02 0.25 0.02 0.30 4.34 0.02 0.15 2.16 0.00 -0.00 0.00 0.00 -0.00 0.00 0.00 -0.00 0.00 0.00 -0.00 0.00 0.00 -0.00 0.00 0.00 -0.00 0.00 0.00 -0.00 0.00 0.00 -0.00 0.00 0.00 -0.00 0.00 0.00 -0.00 0.00 0.00 -0.00 0.00 0.00 -0.00 0.00 0.00 -0.00 0.00 0.00 -0.00 0.00 0.00 -0.00 0.00 0.00 -0.00 0.00 0.00 -0.00 0.00 0.00 -0.00 0.00 0.00 -0.00 0.00 0.00 -0.00 0.00 0.00 -0.00 0.00 0.00 -0.00 0.00 0.00 -0.00 0.00
-0.0000 0.0249 0.0000 0.00 -0.00 0.00 0.00 -0.00 0.00 0.00 -0.00 0.00 0.00 -0.00 0.00 0.00 -0.00 0.00 0.00 -0.00 0.00 0.00 -0.00 0.00 0.00 -0.00 0.00 0.00 -0.00 0.00 0.00 -0.00 0.00 0.00 -0.00 0.00 0.00 -0.00 0.00 0.00 -0.00 0.00 0.00 -0.00 0.00 0.00 -0.00 0.00 0.00 -0.00 0.00 0.00 -0.00 0.00 0.00 -0.00 0.00 69.06 -37.95 134.56 -0.00 23.42 -0.00 -6.28 10.14 20.11 -1.35 12.81 32.73 0.00 0.00 -0.00 2.00 -0.02 0.61 -0.05 -0.29 8.55 -0.04 -0.15 4.31 0.00 0.00 -0.00 0.00 -0.00 1.62 -0.00 -0.00 16.38 0.00 0.00 8.49 0.00 0.00 -0.00 -2.00 0.08 2.24 0.26 0.63 19.89 0.20 0.31 10.45 0.00 0.00 -0.00 -4.00 0.02 0.25 0.02 0.30 4.34 0.02 0.15 2.16 0.00 -0.00 0.00 0.00 -0.00 0.00 0.00 -0.00 0.00 0.00 -0.00 0.00 0.00 -0.00 0.00 0.00 -0.00 0.00 0.00 -0.00 0.00 0.00 -0.00 0.00 0.00 -0.00 0.00 0.00 -0.00 0.00 0.00 -0.00 0.00 0.00 -0.00 0.00 0.00 -0.00 0.00 0.00 -0.00 0.00 0.00 -0.00 0.00 0.00 -0.00 0.00 0.00 -0.00 0.00 0.00 -0.00 0.00 0.00 -0.00 0.00 0.00 -0.00 0.00 0.00 -0.00 0.00 0.00 -0.00 0.00 0.00 -0.00 0.00
-0.0000 0.0237 0.0000 0.00 -0.00 0.00 0.00 -0.00 0.00 0.00 -0.00 0.00 0.00 -0.00 0.00 0.00 -0.00 0.00 0.00 -0.00 0.00 0.00 -0.00 0.00 0.00 -0.00 0.00 0.00 -0.00 0.00 0.00 -0.00 0.00 0.00 -0.00 0.00 0.00 -0.00 0.00 0.00 -0.00 0.00 0.00 -0.00 0.00 0.00 -0.00 0.00 0.00 -0.00 0.00 0.00 -0.00 0.00 0.00 -0.00 0.00 69.06 -37.95 134.56 -0.00 23.42 -0.00 -6.28 10.14 20.11 -1.35 12.81 32.73 0.00 0.00 -0.00 2.00 -0.02 0.61 -0.05 -0.29 8.55 -0.04 -0.15 4.31 0.00 0.00 -0.00 0.00 -0.00 1.62 -0.00 -0.00 16.38 0.00 0.00 8.49 0.00 0.00 -0.00 -2.00 0.08 2.24 0.26 0.63 19.89 0.20 0.31 10.45 0.00 0.00 -0.00 -4.00 0.02 0.25 0.02 0.30 4.34 0.02 0.15 2.16 0.00 -0.00 0.00 0.00 -0.00 0.00 0.00 -0.00 0.00 0.00 -0.00 0.00 0.00 -0.00 0.00 0.00 -0.00 0.00 0.00 -0.00 0.00 0.00 -0.00 0.00 0.00 -0.00 0.00 0.00 -0.00 0.00 0.00 -0.00 0.00 0.00 -0.00 0.00 0.00 -0.00 0.00 0.00 -0.00 0.00 0.00 -0.00 0.00 0.00 -0.00 0.00 0.00 -0.00 0.00 0.00 -0.00 0.00 0.00 -0.00 0.00 0.00 -0.00 0.00 0.00 -0.00 0.00 0.00 -0.00 0.00 0.00 -0.00 0.00
-0.0000 0.0232 0.0000 0.00 -0.00 0.00 0.00 -0.00 0.00 0.00 -0.00 0.00 0.00 -0.00 0.00 0.00 -0.00 0.00 0.00 -0.00 0.00 0.00 -0.00 0.00 0.00 -0.00 0.00 0.00 -0.00 0.00 0.00 -0.00 0.00 0.00 -0.00 0.00 0.00 -0.00 0.00 0.00 -0.00 0.00 0.00 -0.00 0.00 0.00 -0.00 0.00 0.00 -0.00 0.00 0.00 -0.00 0.00 0.00 -0.00 0.00 69.06 -37.95 134.56 -0.00 23.42 -0.00 -6.28 10.14 20.11 -1.35 12.81 32.73 0.00 0.00 -0.00 2.00 -0.02 0.61 -0.05 -0.29 8.55 -0.04 -0.15 4.31 0.00 0.00 -0.00 0.00 -0.00 1.62 -0.00 -0.00 16.38 0.00 0.00 8.49 0.00 0.00 -0.00 -2.00 0.08 2.24 0.26 0.63 19.89 0.20 0.31 10.45 0.00 0.00 -0.00 -4.00 0.02 0.25 0.02 0.30 4.34 0.02 0.15 2.16 0.00 -0.00 0.00 0.00 -0.00 0.00 0.00 -0.00 0.00 0.00 -0.00 0.00 0.00 -0.00 0.00 0.00 -0.00 0.00 0.00 -0.00 0.00 0.00 -0.00 0.00 0.00 -0.00 0.00 0.00 -0.00 0.00 0.00 -0.00 0.00 0.00 -0.00 0.00 0.00 -0.00 0.00 0.00 -0.00 0.00 0.00 -0.00 0.00 0.00 -0.00 0.00 0.00 -0.00 0.00 0.00 -0.00 0.00 0.00 -0.00 0.00 0.00 -0.00 0.00 0.00 -0.00 0.00 0.00 -0.00 0.00 0.00 -0.00 0.00
-0.0000 0.0236 0.0000 0.00 -0.00 0.00 0.00 -0.00 0.00 0.00 -0.00 0.00 0.00 -0.00 0.00 0.00 -0.00 0.00 0.00 -0.00 0.00 0.00 -0.00 0.00 0.00 -0.00 0.00 0.00 -0.00 0.00 0.00 -0.00 0.00 0.00 -0.00 0.00 0.00 -0.00 0.00 0.00 -0.00 0.00 0.00 -0.00 0.00 0.00 -0.00 0.00 0.00 -0.00 0.00 0.00 -0.00 0.00 0.00 -0.00 0.00 69.06 -37.95 134.56 -0.00 23.42 -0.00 -6.28 10.14 20.11 -1.35 12.81 32.73 0.00 0.00 -0.00 2.00 -0.02 0.61 -0.05 -0.29 8.55 -0.04 -0.15 4.31 0.00 0.00 -0.00 0.00 -0.00 1.62 -0.00 -0.00 16.38 0.00 0.00 8.49 0.00 0.00 -0.00 -2.00 0.08 2.24 0.26 0.63 19.89 0.20 0.31 10.45 0.00 0.00 -0.00 -4.00 0.02 0.25 0.02 0.30 4.34 0.02 0.15 2.16 0.00 -0.00 0.00 0.00 -0.00 0.00 0.00 -0.00 0.00 0.00 -0.00 0.00 0.00 -0.00 0.00 0.00 -0.00 0.00 0.00 -0.00 0.00 0.00 -0.00 0.00 0.00 -0.00 0.00 0.00 -0.00 0.00 0.00 -0.00 0.00 0.00 -0.00 0.00 0.00 -0.00 0.00 0.00 -0.00 0.00 0.00 -0.00 0.00 0.00 -0.00 0.00 0.00 -0.00 0.00 0.00 -0.00 0.00 0.00 -0.00 0.00 0.00 -0.00 0.00 0.00 -0.00 0.00 0.00 -0.00 0.00 0.00 -0.00 0.00
-0.0000 0.0231 0.0000 0.00 -0.00 0.00 0.00 -0.00 0.00 0.00 -0.00 0.00 0.00 -0.00 0.00 0.00 -0.00 0.00 0.00 -0.00 0.00 0.00 -0.00 0.00 0.00 -0.00 0.00 0.00 -0.00 0.00 0.00 -0.00 0.00 0.00 -0.00 0.00 0.00 -0.00 0.00 0.00 -0.00 0.00 0.00 -0.00 0.00 0.00 -0.00 0.00 0.00 -0.00 0.00 0.00 -0.00 0.00 0.00 -0.00 0.00 69.06 -37.95 134.56 -0.00 23.42 -0.00 -6.28 10.14 20.11 -1.35 12.81 32.73 0.00 0.00 -0.00 2.00 -0.02 0.61 -0.05 -0.29 8.55 -0.04 -0.15 4.31 0.00 0.00 -0.00 0.00 -0.00 1.62 -0.00 -0.00 16.38 0.00 0.00 8.49 0.00 0.00 -0.00 -2.00 0.08 2.24 0.26 0.63 19.89 0.20 0.31 10.45 0.00 0.00 -0.00 -4.00 0.02 0.25 0.02 0.30 4.34 0.02 0.15 2.16 0.00 -0.00 0.00 0.00 -0.00 0.00 0.00 -0.00 0.00 0.00 -0.00 0.00 0.00 -0.00 0.00 0.00 -0.00 0.00 0.00 -0.00 0.00 0.00 -0.00 0.00 0.00 -0.00 0.00 0.00 -0.00 0.00 0.00 -0.00 0.00 0.00 -0.00 0.00 0.00 -0.00 0.00 0.00 -0.00 0.00 0.00 -0.00 0.00 0.00 -0.00 0.00 0.00 -0.00 0.00 0.00 -0.00 0.00 0.00 -0.00 0.00 0.00 -0.00 0.00 0.00 -0.00 0.00 0.00 -0.00 0.00 0.00 -0.00 0.00
-0.0000 0.0235 0.0000 0.00 -0.00 0.00 0.00 -0.00 0.00 0.00 -0.00 0.00 0.00 -0.00 0.00 0.00 -0.00 0.00 0.00 -0.00 0.00 0.00 -0.00 0.00 0.00 -0.00 0.00 0.00 -0.00 0.00 0.00 -0.00 0.00 0.00 -0.00 0.00 0.00 -0.00 0.00 0.00 -0.00 0.00 0.00 -0.00 0.00 0.00 -0.00 0.00 0.00 -0.00 0.00 0.00 -0.00 0.00 0.00 -0.00 0.00 69.06 -37.95 134.56 -0.00 23.42 -0.00 -6.28 10.14 20.11 -1.35 12.81 32.73 0.00 0.00 -0.00 2.00 -0.02 0.61 -0.05 -0.29 8.55 -0.04 -0.15 4.31 0.00 0.00 -0.00 0.00 -0.00 1.62 -0.00 -0.00 16.38 0.00 0.00 8.49 0.00 0.00 -0.00 -2.00 0.08 2.24 0.26 0.63 19.89 0.20 0.31 10.45 0.00 0.00 -0.00 -4.00 0.02 0.25 0.02 0.30 4.34 0.02 0.15 2.16 0.00 -0.00 0.00 0.00 -0.00 0.00 0.00 -0.00 0.00 0.00 -0.00 0.00 0.00 -0.00 0.00 0.00 -0.00 0.00 0.00 -0.00 0.00 0.00 -0.00 0.00 0.00 -0.00 0.00 0.00 -0.00 0.00 0.00 -0.00 0.00 0.00 -0.00 0.00 0.00 -0.00 0.00 0.00 -0.00 0.00 0.00 -0.00 0.00 0.00 -0.00 0.00 0.00 -0.00 0.00 0.00 -0.00 0.00 0.00 -0.00 0.00 0.00 -0.00 0.00 0.00 -0.00 0.00 0.00 -0.00 0.00 0.00 -0.00 0.00
-0.0000 0.0228 0.0000 0.00 -0.00 0.00 0.00 -0.00 0.00 0.00 -0.00 0.00 0.00 -0.00 0.00 0.00 -0.00 0.00 0.00 -0.00 0.00 0.00 -0.00 0.00 0.00 -0.00 0.00 0.00 -0.00 0.00 0.00 -0.00 0.00 0.00 -0.00 0.00 0.00 -0.00 0.00 0.00 -0.00 0.00 0.00 -0.00 0.00 0.00 -0.00 0.00 0.00 -0.00 0.00 0.00 -0.00 0.00 0.00 -0.00 0.00 69.06 -37.95 134.56 -0.00 23.42 -0.00 -6.28 10.14 20.11 -1.35 12.81 32.73 0.00 0.00 -0.00 2.00 -0.02 0.61 -0.05 -0.29 8.55 -0.04 -0.15 4.31 0.00 0.00 -0.00 0.00 -0.00 1.62 -0.00 -0.00 16.38 0.00 0.00 8.49 0.00 0.00 -0.00 -2.00 0.08 2.24 0.26 0.63 19.89 0.20 0.31 10.45 0.00 0.00 -0.00 -4.00 0.02 0.25 0.02 0.30 4.34 0.02 0.15 2.16 0.00 -0.00 0.00 0.00 -0.00 0.00 0.00 -0.00 0.00 0.00 -0.00 0.00 0.00 -0.00 0.00 0.00 -0.00 0.00 0.00 -0.00 0.00 0.00 -0.00 0.00 0.00 -0.00 0.00 0.00 -0.00 0.00 0.00 -0.00 0.00 0.00 -0.00 0.00 0.00 -0.00 0.00 0.00 -0.00 0.00 0.00 -0.00 0.00 0.00 -0.00 0.00 0.00 -0.00 0.00 0.00 -0.00 0.00 0.00 -0.00 0.00 0.00 -0.00 0.00 0.00 -0.00 0.00 0.00 -0.00 0.00 0.00 -0.00 0.00
-0.0000 0.0231 0.0000 0.00 -0.00 0.00 0.00 -0.00 0.00 0.00 -0.00 0.00 0.00 -0.00 0.00 0.00 -0.00 0.00 0.00 -0.00 0.00 0.00 -0.00 0.00 0.00 -0.00 0.00 0.00 -0.00 0.00 0.00 -0.00 0.00 0.00 -0.00 0.00 0.00 -0.00 0.00 0.00 -0.00 0.00 0.00 -0.00 0.00 0.00 -0.00 0.00 0.00 -0.00 0.00 0.00 -0.00 0.00 0.00 -0.00 0.00 69.06 -37.95 134.56 -0.00 23.42 -0.00 -6.28 10.14 20.11 -1.35 12.81 32.73 0.00 0.00 -0.00 2.00 -0.02 0.61 -0.05 -0.29 8.55 -0.04 -0.15 4.31 0.00 0.00 -0.00 0.00 -0.00 1.62 -0.00 -0.00 16.38 0.00 0.00 8.49 0.00 0.00 -0.00 -2.00 0.08 2.24 0.26 0.63 19.89 0.20 0.31 10.45 0.00 0.00 -0.00 -4.00 0.02 0.25 0.02 0.30 4.34 0.02 0.15 2.16 0.00 -0.00 0.00 0.00 -0.00 0.00 0.00 -0.00 0.00 0.00 -0.00 0.00 0.00 -0.00 0.00 0.00 -0.00 0.00 0.00 -0.00 0.00 0.00 -0.00 0.00 0.00 -0.00 0.00 0.00 -0.00 0.00 0.00 -0.00 0.00 0.00 -0.00 0.00 0.00 -0.00 0.00 0.00 -0.00 0.00 0.00 -0.00 0.00 0.00 -0.00 0.00 0.00 -0.00 0.00 0.00 -0.00 0.00 0.00 -0.00 0.00 0.00 -0.00 0.00 0.00 -0.00 0.00 0.00 -0.00 0.00 0.00 -0.00 0.00
-0.0000 0.0232 0.0000 0.00 -0.00 0.00 0.00 -0.00 0.00 0.00 -0.00 0.00 0.00 -0.00 0.00 0.00 -0.00 0.00 0.00 -0.00 0.00 0.00 -0.00 0.00 0.00 -0.00 0.00 0.00 -0.00 0.00 0.00 -0.00 0.00 0.00 -0.00 0.00 0.00 -0.00 0.00 0.00 -0.00 0.00 0.00 -0.00 0.00 0.00 -0.00 0.00 0.00 -0.00 0.00 0.00 -0.00 0.00 0.00 -0.00 0.00 69.06 -37.95 134.56 -0.00 23.42 -0.00 -6.28 10.14 20.11 -1.35 12.81 32.73 0.00 0.00 -0.00 2.00 -0.02 0.61 -0.05 -0.29 8.55 -0.04 -0.15 4.31 0.00 0.00 -0.00 0.00 -0.00 1.62 -0.00 -0.00 16.38 0.00 0.00 8.49 0.00 0.00 -0.00 -2.00 0.08 2.24 0.26 0.63 19.89 0.20 0.31 10.45 0.00 0.00 -0.00 -4.00 0.02 0.25 0.02 0.30 4.34 0.02 0.15 2.16 0.00 -0.00 0.00 0.00 -0.00 0.00 0.00 -0.00 0.00 0.00 -0.00 0.00 0.00 -0.00 0.00 0.00 -0.00 0.00 0.00 -0.00 0.00 0.00 -0.00 0.00 0.00 -0.00 0.00 0.00 -0.00 0.00 0.00 -0.00 0.00 0.00 -0.00 0.00 0.00 -0.00 0.00 0.00 -0.00 0.00 0.00 -0.00 0.00 0.00 -0.00 0.00 0.00 -0.00 0.00 0.00 -0.00 0.00 0.00 -0.00 0.00 0.00 -0.00 0.00 0.00 -0.00 0.00 0.00 -0.00 0.00 0.00 -0.00 0.00
-0.0000 0.0229 0.0000 0.00 -0.00 0.00 0.00 -0.00 0.00 0.00 -0.00 0.00 0.00 -0.00 0.00 0.00 -0.00 0.00 0.00 -0.00 0.00 0.00 -0.00 0.00 0.00 -0.00 0.00 0.00 -0.00 0.00 0.00 -0.00 0.00 0.00 -0.00 0.00 0.00 -0.00 0.00 0.00 -0.00 0.00 0.00 -0.00 0.00 0.00 -0.00 0.00 0.00 -0.00 0.00 0.00 -0.00 0.00 0.00 -0.00 0.00 69.06 -37.95 134.56 -0.00 23.42 -0.00 -6.28 10.14 20.11 -1.35 12.81 32.73 0.00 0.00 -0.00 2.00 -0.02 0.61 -0.05 -0.29 8.55 -0.04 -0.15 4.31 0.00 0.00 -0.00 0.00 -0.00 1.62 -0.00 -0.00 16.38 0.00 0.00 8.49 0.00 0.00 -0.00 -2.00 0.08 2.24 0.26 0.63 19.89 0.20 0.31 10.45 0.00 0.00 -0.00 -4.00 0.02 0.25 0.02 0.30 4.34 0.02 0.15 2.16 0.00 -0.00 0.00 0.00 -0.00 0.00 0.00 -0.00 0.00 0.00 -0.00 0.00 0.00 -0.00 0.00 0.00 -0.00 0.00 0.00 -0.00 0.00 0.00 -0.00 0.00 0.00 -0.00 0.00 0.00 -0.00 0.00 0.00 -0.00 0.00 0.00 -0.00 0.00 0.00 -0.00 0.00 0.00 -0.00 0.00 0.00 -0.00 0.00 0.00 -0.00 0.00 0.00 -0.00 0.00 0.00 -0.00 0.00 0.00 -0.00 0.00 0.00 -0.00 0.00 0.00 -0.00 0.00 0.00 -0.00 0.00 0.00 -0.00 0.00
-0.0000 0.0234 0.0000 0.00 -0.00 0.00 0.00 -0.00 0.00 0.00 -0.00 0.00 0.00 -0.00 0.00 0.00 -0.00 0.00 0.00 -0.00 0.00 0.00 -0.00 0.00 0.00 -0.00 0.00 0.00 -0.00 0.00 0.00 -0.00 0.00 0.00 -0.00 0.00 0.00 -0.00 0.00 0.00 -0.00 0.00 0.00 -0.00 0.00 0.00 -0.00 0.00 0.00 -0.00 0.00 0.00 -0.00 0.00 0.00 -0.00 0.00 69.06 -37.95 134.56 -0.00 23.42 -0.00 -6.28 10.14 20.11 -1.35 12.81 32.73 0.00 0.00 -0.00 2.00 -0.02 0.61 -0.05 -0.29 8.55 -0.04 -0.15 4.31 0.00 0.00 -0.00 0.00 -0.00 1.62 -0.00 -0.00 16.38 0.00 0.00 8.49 0.00 0.00 -0.00 -2.00 0.08 2.24 0.26 0.63 19.89 0.20 0.31 10.45 0.00 0.00 -0.00 -4.00 0.02 0.25 0.02 0.30 4.34 0.02 0.15 2.16 0.00 -0.00 0.00 0.00 -0.00 0.00 0.00 -0.00 0.00 0.00 -0.00 0.00 0.00 -0.00 0.00 0.00 -0.00 0.00 0.00 -0.00 0.00 0.00 -0.00 0.00 0.00 -0.00 0.00 0.00 -0.00 0.00 0.00 -0.00 0.00 0.00 -0.00 0.00 0.00 -0.00 0.00 0.00 -0.00 0.00 0.00 -0.00 0.00 0.00 -0.00 0.00 0.00 -0.00 0.00 0.00 -0.00 0.00 0.00 -0.00 0.00 0.00 -0.00 0.00 0.00 -0.00 0.00 0.00 -0.00 0.00 0.00 -0.00 0.00
-0.0000 0.0233 0.0000 0.00 -0.00 0.00 0.00 -0.00 0.00 0.00 -0.00 0.00 0.00 -0.00 0.00 0.00 -0.00 0.00 0.00 -0.00 0.00 0.00 -0.00 0.00 0.00 -0.00 0.00 0.00 -0.00 0.00 0.00 -0.00 0.00 0.00 -0.00 0.00 0.00 -0.00 0.00 0.00 -0.00 0.00 0.00 -0.00 0.00 0.00 -0.00 0.00 0.00 -0.00 0.00 0.00 -0.00 0.00 0.00 -0.00 0.00 69.06 -37.95 134.56 -0.00 23.42 -0.00 -6.28 10.14 20.11 -1.35 12.81 32.73 0.00 0.00 -0.00 2.00 -0.02 0.61 -0.05 -0.29 8.55 -0.04 -0.15 4.31 0.00 0.00 -0.00 0.00 -0.00 1.62 -0.00 -0.00 16.38 0.00 0.00 8.49 0.00 0.00 -0.00 -2.00 0.08 2.24 0.26 0.63 19.89 0.20 0.31 10.45 0.00 0.00 -0.00 -4.00 0.02 0.25 0.02 0.30 4.34 0.02 0.15 2.16 0.00 -0.00 0.00 0.00 -0.00 0.00 0.00 -0.00 0.00 0.00 -0.00 0.00 0.00 -0.00 0.00 0.00 -0.00 0.00 0.00 -0.00 0.00 0.00 -0.00 0.00 0.00 -0.00 0.00 0.00 -0.00 0.00 0.00 -0.00 0.00 0.00 -0.00 0.00 0.00 -0.00 0.00 0.00 -0.00 0.00 0.00 -0.00 0.00 0.00 -0.00 0.00 0.00 -0.00 0.00 0.00 -0.00 0.00 0.00 -0.00 0.00 0.00 -0.00 0.00 0.00 -0.00 0.00 0.00 -0.00 0.00 0.00 -0.00 0.00
-0.0000 0.0224 0.0000 0.00 -0.00 0.00 0.00 -0.00 0.00 0.00 -0.00 0.00 0.00 -0.00 0.00 0.00 -0.00 0.00 0.00 -0.00 0.00 0.00 -0.00 0.00 0.00 -0.00 0.00 0.00 -0.00 0.00 0.00 -0.00 0.00 0.00 -0.00 0.00 0.00 -0.00 0.00 0.00 -0.00 0.00 0.00 -0.00 0.00 0.00 -0.00 0.00 0.00 -0.00 0.00 0.00 -0.00 0.00 0.00 -0.00 0.00 69.06 -37.95 134.56 -0.00 23.42 -0.00 -6.28 10.14 20.11 -1.35 12.81 32.73 0.00 0.00 -0.00 2.00 -0.02 0.61 -0.05 -0.29 8.55 -0.04 -0.15 4.31 0.00 0.00 -0.00 0.00 -0.00 1.62 -0.00 -0.00 16.38 0.00 0.00 8.49 0.00 0.00 -0.00 -2.00 0.08 2.24 0.26 0.63 19.89 0.20 0.31 10.45 0.00 0.00 -0.00 -4.00 0.02 0.25 0.02 0.30 4.34 0.02 0.15 2.16 0.00 -0.00 0.00 0.00 -0.00 0.00 0.00 -0.00 0.00 0.00 -0.00 0.00 0.00 -0.00 0.00 0.00 -0.00 0.00 0.00 -0.00 0.00 0.00 -0.00 0.00 0.00 -0.00 0.00 0.00 -0.00 0.00 0.00 -0.00 0.00 0.00 -0.00 0.00 0.00 -0.00 0.00 0.00 -0.00 0.00 0.00 -0.00 0.00 0.00 -0.00 0.00 0.00 -0.00 0.00 0.00 -0.00 0.00 0.00 -0.00 0.00 0.00 -0.00 0.00 0.00 -0.00 0.00 0.00 -0.00 0.00 0.00 -0.00 0.00
-0.0000 0.0220 0.0000 0.00 -0.00 0.00 0.00 -0.00 0.00 0.00 -0.00 0.00 0.00 -0.00 0.00 0.00 -0.00 0.00 0.00 -0.00 0.00 0.00 -0.00 0.00 0.00 -0.00 0.00 0.00 -0.00 0.00 0.00 -0.00 0.00 0.00 -0.00 0.00 0.00 -0.00 0.00 0.00 -0.00 0.00 0.00 -0.00 0.00 0.00 -0.00 0.00 0.00 -0.00 0.00 0.00 -0.00 0.00 0.00 -0.00 0.00 69.06 -37.95 134.56 -0.00 23.42 -0.00 -6.28 10.14 20.11 -1.35 12.81 32.73 0.00 0.00 -0.00 2.00 -0.02 0.61 -0.05 -0.29 8.55 -0.04 -0.15 4.31 0.00 0.00 -0.00 0.00 -0.00 1.62 -0.00 -0.00 16.38 0.00 0.00 8.49 0.00 0.00 -0.00 -2.00 0.08 2.24 0.26 0.63 19.89 0.20 0.31 10.45 0.00 0.00 -0.00 -4.00 0.02 0.25 0.02 0.30 4.34 0.02 0.15 2.16 0.00 -0.00 0.00 0.00 -0.00 0.00 0.00 -0.00 0.00 0.00 -0.00 0.00 0.00 -0.00 0.00 0.00 -0.00 0.00 0.00 -0.00 0.00 0.00 -0.00 0.00 0.00 -0.00 0.00 0.00 -0.00 0.00 0.00 -0.00 0.00 0.00 -0.00 0.00 0.00 -0.00 0.00 0.00 -0.00 0.00 0.00 -0.00 0.00 0.00 -0.00 0.00 0.00 -0.00 0.00 0.00 -0.00 0.00 0.00 -0.00 0.00 0.00 -0.00 0.00 0.00 -0.00 0.00 0.00 -0.00 0.00 0.00 -0.00 0.00
-0.0000 0.0229 0.0000 0.00 -0.00 0.00 0.00 -0.00 0.00 0.00 -0.00 0.00 0.00 -0.00 0.00 0.00 -0.00 0.00 0.00 -0.00 0.00 0.00 -0.00 0.00 0.00 -0.00 0.00 0.00 -0.00 0.00 0.00 -0.00 0.00 0.00 -0.00 0.00 0.00 -0.00 0.00 0.00 -0.00 0.00 0.00 -0.00 0.00 0.00 -0.00 0.00 0.00 -0.00 0.00 0.00 -0.00 0.00 0.00 -0.00 0.00 69.06 -37.95 134.56 -0.00 23.42 -0.00 -6.28 10.14 20.11 -1.35 12.81 32.73 0.00 0.00 -0.00 2.00 -0.02 0.61 -0.05 -0.29 8.55 -0.04 -0.15 4.31 0.00 0.00 -0.00 0.00 -0.00 1.62 -0.00 -0.00 16.38 0.00 0.00 8.49 0.00 0.00 -0.00 -2.00 0.08 2.24 0.26 0.63 19.89 0.20 0.31 10.45 0.00 0.00 -0.00 -4.00 0.02 0.25 0.02 0.30 4.34 0.02 0.15 2.16 0.00 -0.00 0.00 0.00 -0.00 0.00 0.00 -0.00 0.00 0.00 -0.00 0.00 0.00 -0.00 0.00 0.00 -0.00 0.00 0.00 -0.00 0.00 0.00 -0.00 0.00 0.00 -0.00 0.00 0.00 -0.00 0.00 0.00 -0.00 0.00 0.00 -0.00 0.00 0.00 -0.00 0.00 0.00 -0.00 0.00 0.00 -0.00 0.00 0.00 -0.00 0.00 0.00 -0.00 0.00 0.00 -0.00 0.00 0.00 -0.00 0.00 0.00 -0.00 0.00 0.00 -0.00 0.00 0.00 -0.00 0.00 0.00 -0.00 0.00
-0.0000 0.0226 0.0000 0.00 -0.00 0.00 0.00 -0.00 0.00 0.00 -0.00 0.00 0.00 -0.00 0.00 0.00 -0.00 0.00 0.00 -0.00 0.00 0.00 -0.00 0.00 0.00 -0.00 0.00 0.00 -0.00 0.00 0.00 -0.00 0.00 0.00 -0.00 0.00 0.00 -0.00 0.00 0.00 -0.00 0.00 0.00 -0.00 0.00 0.00 -0.00 0.00 0.00 -0.00 0.00 0.00 -0.00 0.00 0.00 -0.00 0.00 69.06 -37.95 134.56 -0.00 23.42 -0.00 -6.28 10.14 20.11 -1.35 12.81 32.73 0.00 0.00 -0.00 2.00 -0.02 0.61 -0.05 -0.29 8.55 -0.04 -0.15 4.31 0.00 0.00 -0.00 0.00 -0.00 1.62 -0.00 -0.00 16.38 0.00 0.00 8.49 0.00 0.00 -0.00 -2.00 0.08 2.24 0.26 0.63 19.89 0.20 0.31 10.45 0.00 0.00 -0.00 -4.00 0.02 0.25 0.02 0.30 4.34 0.02 0.15 2.16 0.00 -0.00 0.00 0.00 -0.00 0.00 0.00 -0.00 0.00 0.00 -0.00 0.00 0.00 -0.00 0.00 0.00 -0.00 0.00 0.00 -0.00 0.00 0.00 -0.00 0.00 0.00 -0.00 0.00 0.00 -0.00 0.00 0.00 -0.00 0.00 0.00 -0.00 0.00 0.00 -0.00 0.00 0.00 -0.00 0.00 0.00 -0.00 0.00 0.00 -0.00 0.00 0.00 -0.00 0.00 0.00 -0.00 0.00 0.00 -0.00 0.00 0.00 -0.00 0.00 0.00 -0.00 0.00 0.00 -0.00 0.00 0.00 -0.00 0.00
-0.0000 0.0228 0.0000 0.00 -0.00 0.00 0.00 -0.00 0.00 0.00 -0.00 0.00 0.00 -0.00 0.00 0.00 -0.00 0.00 0.00 -0.00 0.00 0.00 -0.00 0.00 0.00 -0.00 0.00 0.00 -0.00 0.00 0.00 -0.00 0.00 0.00 -0.00 0.00 0.00 -0.00 0.00 0.00 -0.00 0.00 0.00 -0.00 0.00 0.00 -0.00 0.00 0.00 -0.00 0.00 0.00 -0.00 0.00 0.00 -0.00 0.00 69.06 -37.95 134.56 -0.00 23.42 -0.00 -6.28 10.14 20.11 -1.35 12.81 32.73 0.00 0.00 -0.00 2.00 -0.02 0.61 -0.05 -0.29 8.55 -0.04 -0.15 4.31 0.00 0.00 -0.00 0.00 -0.00 1.62 -0.00 -0.00 16.38 0.00 0.00 8.49 0.00 0.00 -0.00 -2.00 0.08 2.24 0.26 0.63 19.89 0.20 0.31 10.45 0.00 0.00 -0.00 -4.00 0.02 0.25 0.02 0.30 4.34 0.02 0.15 2.16 0.00 -0.00 0.00 0.00 -0.00 0.00 0.00 -0.00 0.00 0.00 -0.00 0.00 0.00 -0.00 0.00 0.00 -0.00 0.00 0.00 -0.00 0.00 0.00 -0.00 0.00 0.00 -0.00 0.00 0.00 -0.00 0.00 0.00 -0.00 0.00 0.00 -0.00 0.00 0.00 -0.00 0.00 0.00 -0.00 0.00 0.00 -0.00 0.00 0.00 -0.00 0.00 0.00 -0.00 0.00 0.00 -0.00 0.00 0.00 -0.00 0.00 0.00 -0.00 0.00 0.00 -0.00 0.00 0.00 -0.00 0.00 0.00 -0.00 0.00
-0.0000 0.0219 0.0000 0.00 -0.00 0.00 0.00 -0.00 0.00 0.00 -0.00 0.00 0.00 -0.00 0.00 0.00 -0.00 0.00 0.00 -0.00 0.00 0.00 -0.00 0.00 0.00 -0.00 0.00 0.00 -0.00 0.00 0.00 -0.00 0.00 0.00 -0.00 0.00 0.00 -0.00 0.00 0.00 -0.00 0.00 0.00 -0.00 0.00 0.00 -0.00 0.00 0.00 -0.00 0.00 0.00 -0.00 0.00 0.00 -0.00 0.00 69.06 -37.95 134.56 -0.00 23.42 -0.00 -6.28 10.14 20.11 -1.35 12.81 32.73 0.00 0.00 -0.00 2.00 -0.02 0.61 -0.05 -0.29 8.55 -0.04 -0.15 4.31 0.00 0.00 -0.00 0.00 -0.00 1.62 -0.00 -0.00 16.38 0.00 0.00 8.49 0.00 0.00 -0.00 -2.00 0.08 2.24 0.26 0.63 19.89 0.20 0.31 10.45 0.00 0.00 -0.00 -4.00 0.02 0.25 0.02 0.30 4.34 0.02 0.15 2.16 0.00 -0.00 0.00 0.00 -0.00 0.00 0.00 -0.00 0.00 0.00 -0.00 0.00 0.00 -0.00 0.00 0.00 -0.00 0.00 0.00 -0.00 0.00 0.00 -0.00 0.00 0.00 -0.00 0.00 0.00 -0.00 0.00 0.00 -0.00 0.00 0.00 -0.00 0.00 0.00 -0.00 0.00 0.00 -0.00 0.00 0.00 -0.00 0.00 0.00 -0.00 0.00 0.00 -0.00 0.00 0.00 -0.00 0.00 0.00 -0.00 0.00 0.00 -0.00 0.00 0.00 -0.00 0.00 0.00 -0.00 0.00 0.00 -0.00 0.00
-0.0000 0.0213 0.0000 0.00 -0.00 0.00 0.00 -0.00 0.00 0.00 -0.00 0.00 0.00 -0.00 0.00 0.00 -0.00 0.00 0.00 -0.00 0.00 0.00 -0.00 0.00 0.00 -0.00 0.00 0.00 -0.00 0.00 0.00 -0.00 0.00 0.00 -0.00 0.00 0.00 -0.00 0.00 0.00 -0.00 0.00 0.00 -0.00 0.00 0.00 -0.00 0.00 0.00 -0.00 0.00 0.00 -0.00 0.00 0.00 -0.00 0.00 69.06 -37.95 134.56 -0.00 23.42 -0.00 -6.28 10.14 20.11 -1.35 12.81 32.73 0.00 0.00 -0.00 2.00 -0.02 0.61 -0.05 -0.29 8.55 -0.04 -0.15 4.31 0.00 0.00 -0.00 0.00 -0.00 1.62 -0.00 -0.00 16.38 0.00 0.00 8.49 0.00 0.00 -0.00 -2.00 0.08 2.24 0.26 0.63 19.89 0.20 0.31 10.45 0.00 0.00 -0.00 -4.00 0.02 0.25 0.02 0.30 4.34 0.02 0.15 2.16 0.00 -0.00 0.00 0.00 -0.00 0.00 0.00 -0.00 0.00 0.00 -0.00 0.00 0.00 -0.00 0.00 0.00 -0.00 0.00 0.00 -0.00 0.00 0.00 -0.00 0.00 0.00 -0.00 0.00 0.00 -0.00 0.00 0.00 -0.00 0.00 0.00 -0.00 0.00 0.00 -0.00 0.00 0.00 -0.00 0.00 0.00 -0.00 0.00 0.00 -0.00 0.00 0.00 -0.00 0.00 0.00 -0.00 0.00 0.00 -0.00 0.00 0.00 -0.00 0.00 0.00 -0.00 0.00 0.00 -0.00 0.00 0.00 -0.00 0.00
-0.0000 0.0224 0.0000 0.00 -0.00 0.00 0.00 -0.00 0.00 0.00 -0.00 0.00 0.00 -0.00 0.00 0.00 -0.00 0.00 0.00 -0.00 0.00 0.00 -0.00 0.00 0.00 -0.00 0.00 0.00 -0.00 0.00 0.00 -0.00 0.00 0.00 -0.00 0.00 0.00 -0.00 0.00 0.00 -0.00 0.00 0.00 -0.00 0.00 0.00 -0.00 0.00 0.00 -0.00 0.00 0.00 -0.00 0.00 0.00 -0.00 0.00 69.06 -37.95 134.56 -0.00 23.42 -0.00 -6.28 10.14 20.11 -1.35 12.81 32.73 0.00 0.00 -0.00 2.00 -0.02 0.61 -0.05 -0.29 8.55 -0.04 -0.15 4.31 0.00 0.00 -0.00 0.00 -0.00 1.62 -0.00 -0.00 16.38 0.00 0.00 8.49 0.00 0.00 -0.00 -2.00 0.08 2.24 0.26 0.63 19.89 0.20 0.31 10.45 0.00 0.00 -0.00 -4.00 0.02 0.25 0.02 0.30 4.34 0.02 0.15 2.16 0.00 -0.00 0.00 0.00 -0.00 0.00 0.00 -0.00 0.00 0.00 -0.00 0.00 0.00 -0.00 0.00 0.00 -0.00 0.00 0.00 -0.00 0.00 0.00 -0.00 0.00 0.00 -0.00 0.00 0.00 -0.00 0.00 0.00 -0.00 0.00 0.00 -0.00 0.00 0.00 -0.00 0.00 0.00 -0.00 0.00 0.00 -0.00 0.00 0.00 -0.00 0.00 0.00 -0.00 0.00 0.00 -0.00 0.00 0.00 -0.00 0.00 0.00 -0.00 0.00 0.00 -0.00 0.00 0.00 -0.00 0.00 0.00 -0.00 0.00
-0.0000 0.0224 0.0000 0.00 -0.00 0.00 0.00 -0.00 0.00 0.00 -0.00 0.00 0.00 -0.00 0.00 0.00 -0.00 0.00 0.00 -0.00 0.00 0.00 -0.00 0.00 0.00 -0.00 0.00 0.00 -0.00 0.00 0.00 -0.00 0.00 0.00 -0.00 0.00 0.00 -0.00 0.00 0.00 -0.00 0.00 0.00 -0.00 0.00 0.00 -0.00 0.00 0.00 -0.00 0.00 0.00 -0.00 0.00 0.00 -0.00 0.00 69.06 -37.95 134.56 -0.00 23.42 -0.00 -6.28 10.14 20.11 -1.35 12.81 32.73 0.00 0.00 -0.00 2.00 -0.02 0.61 -0.05 -0.29 8.55 -0.04 -0.15 4.31 0.00 0.00 -0.00 0.00 -0.00 1.62 -0.00 -0.00 16.38 0.00 0.00 8.49 0.00 0.00 -0.00 -2.00 0.08 2.24 0.26 0.63 19.89 0.20 0.31 10.45 0.00 0.00 -0.00 -4.00 0.02 0.25 0.02 0.30 4.34 0.02 0.15 2.16 0.00 -0.00 0.00 0.00 -0.00 0.00 0.00 -0.00 0.00 0.00 -0.00 0.00 0.00 -0.00 0.00 0.00 -0.00 0.00 0.00 -0.00 0.00 0.00 -0.00 0.00 0.00 -0.00 0.00 0.00 -0.00 0.00 0.00 -0.00 0.00 0.00 -0.00 0.00 0.00 -0.00 0.00 0.00 -0.00 0.00 0.00 -0.00 0.00 0.00 -0.00 0.00 0.00 -0.00 0.00 0.00 -0.00 0.00 0.00 -0.00 0.00 0.00 -0.00 0.00 0.00 -0.00 0.00 0.00 -0.00 0.00 0.00 -0.00 0.00
-0.0000 0.0215 0.0000 0.00 -0.00 0.00 0.00 -0.00 0.00 0.00 -0.00 0.00 0.00 -0.00 0.00 0.00 -0.00 0.00 0.00 -0.00 0.00 0.00 -0.00 0.00 0.00 -0.00 0.00 0.00 -0.00 0.00 0.00 -0.00 0.00 0.00 -0.00 0.00 0.00 -0.00 0.00 0.00 -0.00 0.00 0.00 -0.00 0.00 0.00 -0.00 0.00 0.00 -0.00 0.00 0.00 -0.00 0.00 0.00 -0.00 0.00 69.06 -37.95 134.56 -0.00 23.42 -0.00 -6.28 10.14 20.11 -1.35 12.81 32.73 0.00 0.00 -0.00 2.00 -0.02 0.61 -0.05 -0.29 8.55 -0.04 -0.15 4.31 0.00 0.00 -0.00 0.00 -0.00 1.62 -0.00 -0.00 16.38 0.00 0.00 8.49 0.00 0.00 -0.00 -2.00 0.08 2.24 0.26 0.63 19.89 0.20 0.31 10.45 0.00 0.00 -0.00 -4.00 0.02 0.25 0.02 0.30 4.34 0.02 0.15 2.16 0.00 -0.00 0.00 0.00 -0.00 0.00 0.00 -0.00 0.00 0.00 -0.00 0.00 0.00 -0.00 0.00 0.00 -0.00 0.00 0.00 -0.00 0.00 0.00 -0.00 0.00 0.00 -0.00 0.00 0.00 -0.00 0.00 0.00 -0.00 0.00 0.00 -0.00 0.00 0.00 -0.00 0.00 0.00 -0.00 0.00 0.00 -0.00 0.00 0.00 -0.00 0.00 0.00 -0.00 0.00 0.00 -0.00 0.00 0.00 -0.00 0.00 0.00 -0.00 0.00 0.00 -0.00 0.00 0.00 -0.00 0.00 0.00 -0.00 0.00
-0.0000 0.0216 0.0000 0.00 -0.00 0.00 0.00 -0.00 0.00 0.00 -0.00 0.00 0.00 -0.00 0.00 0.00 -0.00 0.00 0.00 -0.00 0.00 0.00 -0.00 0.00 0.00 -0.00 0.00 0.00 -0.00 0.00 0.00 -0.00 0.00 0.00 -0.00 0.00 0.00 -0.00 0.00 0.00 -0.00 0.00 0.00 -0.00 0.00 0.00 -0.00 0.00 0.00 -0.00 0.00 0.00 -0.00 0.00 0.00 -0.00 0.00 69.06 -37.95 134.56 -0.00 23.42 -0.00 -6.28 10.14 20.11 -1.35 12.81 32.73 0.00 0.00 -0.00 2.00 -0.02 0.61 -0.05 -0.29 8.55 -0.04 -0.15 4.31 0.00 0.00 -0.00 0.00 -0.00 1.62 -0.00 -0.00 16.38 0.00 0.00 8.49 0.00 0.00 -0.00 -2.00 0.08 2.24 0.26 0.63 19.89 0.20 0.31 10.45 0.00 0.00 -0.00 -4.00 0.02 0.25 0.02 0.30 4.34 0.02 0.15 2.16 0.00 -0.00 0.00 0.00 -0.00 0.00 0.00 -0.00 0.00 0.00 -0.00 0.00 0.00 -0.00 0.00 0.00 -0.00 0.00 0.00 -0.00 0.00 0.00 -0.00 0.00 0.00 -0.00 0.00 0.00 -0.00 0.00 0.00 -0.00 0.00 0.00 -0.00 0.00 0.00 -0.00 0.00 0.00 -0.00 0.00 0.00 -0.00 0.00 0.00 -0.00 0.00 0.00 -0.00 0.00 0.00 -0.00 0.00 0.00 -0.00 0.00 0.00 -0.00 0.00 0.00 -0.00 0.00 0.00 -0.00 0.00 0.00 -0.00 0.00
-0.0000 0.0222 0.0000 0.00 -0.00 0.00 0.00 -0.00 0.00 0.00 -0.00 0.00 0.00 -0.00 0.00 0.00 -0.00 0.00 0.00 -0.00 0.00 0.00 -0.00 0.00 0.00 -0.00 0.00 0.00 -0.00 0.00 0.00 -0.00 0.00 0.00 -0.00 0.00 0.00 -0.00 0.00 0.00 -0.00 0.00 0.00 -0.00 0.00 0.00 -0.00 0.00 0.00 -0.00 0.00 0.00 -0.00 0.00 0.00 -0.00 0.00 69.06 -37.95 134.56 -0.00 23.42 -0.00 -6.28 10.14 20.11 -1.35 12.81 32.73 0.00 0.00 -0.00 2.00 -0.02 0.61 -0.05 -0.29 8.55 -0.04 -0.15 4.31 0.00 0.00 -0.00 0.00 -0.00 1.62 -0.00 -0.00 16.38 0.00 0.00 8.49 0.00 0.00 -0.00 -2.00 0.08 2.24 0.26 0.63 19.89 0.20 0.31 10.45 0.00 0.00 -0.00 -4.00 0.02 0.25 0.02 0.30 4.34 0.02 0.15 2.16 0.00 -0.00 0.00 0.00 -0.00 0.00 0.00 -0.00 0.00 0.00 -0.00 0.00 0.00 -0.00 0.00 0.00 -0.00 0.00 0.00 -0.00 0.00 0.00 -0.00 0.00 0.00 -0.00 0.00 0.00 -0.00 0.00 0.00 -0.00 0.00 0.00 -0.00 0.00 0.00 -0.00 0.00 0.00 -0.00 0.00 0.00 -0.00 0.00 0.00 -0.00 0.00 0.00 -0.00 0.00 0.00 -0.00 0.00 0.00 -0.00 0.00 0.00 -0.00 0.00 0.00 -0.00 0.00 0.00 -0.00 0.00 0.00 -0.00 0.00
-0.0000 0.0221 0.0000 0.00 -0.00 0.00 0.00 -0.00 0.00 0.00 -0.00 0.00 0.00 -0.00 0.00 0.00 -0.00 0.00 0.00 -0.00 0.00 0.00 -0.00 0.00 0.00 -0.00 0.00 0.00 -0.00 0.00 0.00 -0.00 0.00 0.00 -0.00 0.00 0.00 -0.00 0.00 0.00 -0.00 0.00 0.00 -0.00 0.00 0.00 -0.00 0.00 0.00 -0.00 0.00 0.00 -0.00 0.00 0.00 -0.00 0.00 69.06 -37.95 134.56 -0.00 23.42 -0.00 -6.28 10.14 20.11 -1.35 12.81 32.73 0.00 0.00 -0.00 2.00 -0.02 0.61 -0.05 -0.29 8.55 -0.04 -0.15 4.31 0.00 0.00 -0.00 0.00 -0.00 1.62 -0.00 -0.00 16.38 0.00 0.00 8.49 0.00 0.00 -0.00 -2.00 0.08 2.24 0.26 0.63 19.89 0.20 0.31 10.45 0.00 0.00 -0.00 -4.00 0.02 0.25 0.02 0.30 4.34 0.02 0.15 2.16 0.00 -0.00 0.00 0.00 -0.00 0.00 0.00 -0.00 0.00 0.00 -0.00 0.00 0.00 -0.00 0.00 0.00 -0.00 0.00 0.00 -0.00 0.00 0.00 -0.00 0.00 0.00 -0.00 0.00 0.00 -0.00 0.00 0.00 -0.00 0.00 0.00 -0.00 0.00 0.00 -0.00 0.00 0.00 -0.00 0.00 0.00 -0.00 0.00 0.00 -0.00 0.00 0.00 -0.00 0.00 0.00 -0.00 0.00 0.00 -0.00 0.00 0.00 -0.00 0.00 0.00 -0.00 0.00 0.00 -0.00 0.00 0.00 -0.00 0.00
-0.0000 0.0226 0.0000 0.00 -0.00 0.00 0.00 -0.00 0.00 0.00 -0.00 0.00 0.00 -0.00 0.00 0.00 -0.00 0.00 0.00 -0.00 0.00 0.00 -0.00 0.00 0.00 -0.00 0.00 0.00 -0.00 0.00 0.00 -0.00 0.00 0.00 -0.00 0.00 0.00 -0.00 0.00 0.00 -0.00 0.00 0.00 -0.00 0.00 0.00 -0.00 0.00 0.00 -0.00 0.00 0.00 -0.00 0.00 0.00 -0.00 0.00 69.06 -37.95 134.56 -0.00 23.42 -0.00 -6.28 10.14 20.11 -1.35 12.81 32.73 0.00 0.00 -0.00 2.00 -0.02 0.61 -0.05 -0.29 8.55 -0.04 -0.15 4.31 0.00 0.00 -0.00 0.00 -0.00 1.62 -0.00 -0.00 16.38 0.00 0.00 8.49 0.00 0.00 -0.00 -2.00 0.08 2.24 0.26 0.63 19.89 0.20 0.31 10.45 0.00 0.00 -0.00 -4.00 0.02 0.25 0.02 0.30 4.34 0.02 0.15 2.16 0.00 -0.00 0.00 0.00 -0.00 0.00 0.00 -0.00 0.00 0.00 -0.00 0.00 0.00 -0.00 0.00 0.00 -0.00 0.00 0.00 -0.00 0.00 0.00 -0.00 0.00 0.00 -0.00 0.00 0.00 -0.00 0.00 0.00 -0.00 0.00 0.00 -0.00 0.00 0.00 -0.00 0.00 0.00 -0.00 0.00 0.00 -0.00 0.00 0.00 -0.00 0.00 0.00 -0.00 0.00 0.00 -0.00 0.00 0.00 -0.00 0.00 0.00 -0.00 0.00 0.00 -0.00 0.00 0.00 -0.00 0.00 0.00 -0.00 0.00
-0.0000 0.0228 0.0000 0.00 -0.00 0.00 0.00 -0.00 0.00 0.00 -0.00 0.00 0.00 -0.00 0.00 0.00 -0.00 0.00 0.00 -0.00 0.00 0.00 -0.00 0.00 0.00 -0.00 0.00 0.00 -0.00 0.00 0.00 -0.00 0.00 0.00 -0.00 0.00 0.00 -0.00 0.00 0.00 -0.00 0.00 0.00 -0.00 0.00 0.00 -0.00 0.00 0.00 -0.00 0.00 0.00 -0.00 0.00 0.00 -0.00 0.00 69.06 -37.95 134.56 -0.00 23.42 -0.00 -6.28 10.14 20.11 -1.35 12.81 32.73 0.00 0.00 -0.00 2.00 -0.02 0.61 -0.05 -0.29 8.55 -0.04 -0.15 4.31 0.00 0.00 -0.00 0.00 -0.00 1.62 -0.00 -0.00 16.38 0.00 0.00 8.49 0.00 0.00 -0.00 -2.00 0.08 2.24 0.26 0.63 19.89 0.20 0.31 10.45 0.00 0.00 -0.00 -4.00 0.02 0.25 0.02 0.30 4.34 0.02 0.15 2.16 0.00 -0.00 0.00 0.00 -0.00 0.00 0.00 -0.00 0.00 0.00 -0.00 0.00 0.00 -0.00 0.00 0.00 -0.00 0.00 0.00 -0.00 0.00 0.00 -0.00 0.00 0.00 -0.00 0.00 0.00 -0.00 0.00 0.00 -0.00 0.00 0.00 -0.00 0.00 0.00 -0.00 0.00 0.00 -0.00 0.00 0.00 -0.00 0.00 0.00 -0.00 0.00 0.00 -0.00 0.00 0.00 -0.00 0.00 0.00 -0.00 0.00 0.00 -0.00 0.00 0.00 -0.00 0.00 0.00 -0.00 0.00 0.00 -0.00 0.00
-0.0000 0.0226 0.0000 0.00 -0.00 0.00 0.00 -0.00 0.00 0.00 -0.00 0.00 0.00 -0.00 0.00 0.00 -0.00 0.00 0.00 -0.00 0.00 0.00 -0.00 0.00 0.00 -0.00 0.00 0.00 -0.00 0.00 0.00 -0.00 0.00 0.00 -0.00 0.00 0.00 -0.00 0.00 0.00 -0.00 0.00 0.00 -0.00 0.00 0.00 -0.00 0.00 0.00 -0.00 0.00 0.00 -0.00 0.00 0.00 -0.00 0.00 69.06 -37.95 134.56 -0.00 23.42 -0.00 -6.28 10.14 20.11 -1.35 12.81 32.73 0.00 0.00 -0.00 2.00 -0.02 0.61 -0.05 -0.29 8.55 -0.04 -0.15 4.31 0.00 0.00 -0.00 0.00 -0.00 1.62 -0.00 -0.00 16.38 0.00 0.00 8.49 0.00 0.00 -0.00 -2.00 0.08 2.24 0.26 0.63 19.89 0.20 0.31 10.45 0.00 0.00 -0.00 -4.00 0.02 0.25 0.02 0.30 4.34 0.02 0.15 2.16 0.00 -0.00 0.00 0.00 -0.00 0.00 0.00 -0.00 0.00 0.00 -0.00 0.00 0.00 -0.00 0.00 0.00 -0.00 0.00 0.00 -0.00 0.00 0.00 -0.00 0.00 0.00 -0.00 0.00 0.00 -0.00 0.00 0.00 -0.00 0.00 0.00 -0.00 0.00 0.00 -0.00 0.00 0.00 -0.00 0.00 0.00 -0.00 0.00 0.00 -0.00 0.00 0.00 -0.00 0.00 0.00 -0.00 0.00 0.00 -0.00 0.00 0.00 -0.00 0.00 0.00 -0.00 0.00 0.00 -0.00 0.00 0.00 -0.00 0.00
-0.0000 0.0224 0.0000 0.00 -0.00 0.00 0.00 -0.00 0.00 0.00 -0.00 0.00 0.00 -0.00 0.00 0.00 -0.00 0.00 0.00 -0.00 0.00 0.00 -0.00 0.00 0.00 -0.00 0.00 0.00 -0.00 0.00 0.00 -0.00 0.00 0.00 -0.00 0.00 0.00 -0.00 0.00 0.00 -0.00 0.00 0.00 -0.00 0.00 0.00 -0.00 0.00 0.00 -0.00 0.00 0.00 -0.00 0.00 0.00 -0.00 0.00 69.06 -37.95 134.56 -0.00 23.42 -0.00 -6.28 10.14 20.11 -1.35 12.81 32.73 0.00 0.00 -0.00 2.00 -0.02 0.61 -0.05 -0.29 8.55 -0.04 -0.15 4.31 0.00 0.00 -0.00 0.00 -0.00 1.62 -0.00 -0.00 16.38 0.00 0.00 8.49 0.00 0.00 -0.00 -2.00 0.08 2.24 0.26 0.63 19.89 0.20 0.31 10.45 0.00 0.00 -0.00 -4.00 0.02 0.25 0.02 0.30 4.34 0.02 0.15 2.16 0.00 -0.00 0.00 0.00 -0.00 0.00 0.00 -0.00 0.00 0.00 -0.00 0.00 0.00 -0.00 0.00 0.00 -0.00 0.00 0.00 -0.00 0.00 0.00 -0.00 0.00 0.00 -0.00 0.00 0.00 -0.00 0.00 0.00 -0.00 0.00 0.00 -0.00 0.00 0.00 -0.00 0.00 0.00 -0.00 0.00 0.00 -0.00 0.00 0.00 -0.00 0.00 0.00 -0.00 0.00 0.00 -0.00 0.00 0.00 -0.00 0.00 0.00 -0.00 0.00 0.00 -0.00 0.00 0.00 -0.00 0.00 0.00 -0.00 0.00
-0.0000 0.0230 0.0000 0.00 -0.00 0.00 0.00 -0.00 0.00 0.00 -0.00 0.00 0.00 -0.00 0.00 0.00 -0.00 0.00 0.00 -0.00 0.00 0.00 -0.00 0.00 0.00 -0.00 0.00 0.00 -0.00 0.00 0.00 -0.00 0.00 0.00 -0.00 0.00 0.00 -0.00 0.00 0.00 -0.00 0.00 0.00 -0.00 0.00 0.00 -0.00 0.00 0.00 -0.00 0.00 0.00 -0.00 0.00 0.00 -0.00 0.00 69.06 -37.95 134.56 -0.00 23.42 -0.00 -6.28 10.14 20.11 -1.35 12.81 32.73 0.00 0.00 -0.00 2.00 -0.02 0.61 -0.05 -0.29 8.55 -0.04 -0.15 4.31 0.00 0.00 -0.00 0.00 -0.00 1.62 -0.00 -0.00 16.38 0.00 0.00 8.49 0.00 0.00 -0.00 -2.00 0.08 2.24 0.26 0.63 19.89 0.20 0.31 10.45 0.00 0.00 -0.00 -4.00 0.02 0.25 0.02 0.30 4.34 0.02 0.15 2.16 0.00 -0.00 0.00 0.00 -0.00 0.00 0.00 -0.00 0.00 0.00 -0.00 0.00 0.00 -0.00 0.00 0.00 -0.00 0.00 0.00 -0.00 0.00 0.00 -0.00 0.00 0.00 -0.00 0.00 0.00 -0.00 0.00 0.00 -0.00 0.00 0.00 -0.00 0.00 0.00 -0.00 0.00 0.00 -0.00 0.00 0.00 -0.00 0.00 0.00 -0.00 0.00 0.00 -0.00 0.00 0.00 -0.00 0.00 0.00 -0.00 0.00 0.00 -0.00 0.00 0.00 -0.00 0.00 0.00 -0.00 0.00 0.00 -0.00 0.00
-0.0000 0.0229 0.0000 0.00 -0.00 0.00 0.00 -0.00 0.00 0.00 -0.00 0.00 0.00 -0.00 0.00 0.00 -0.00 0.00 0.00 -0.00 0.00 0.00 -0.00 0.00 0.00 -0.00 0.00 0.00 -0.00 0.00 0.00 -0.00 0.00 0.00 -0.00 0.00 0.00 -0.00 0.00 0.00 -0.00 0.00 0.00 -0.00 0.00 0.00 -0.00 0.00 0.00 -0.00 0.00 0.00 -0.00 0.00 0.00 -0.00 0.00 69.06 -37.95 134.56 -0.00 23.42 -0.00 -6.28 10.14 20.11 -1.35 12.81 32.73 0.00 0.00 -0.00 2.00 -0.02 0.61 -0.05 -0.29 8.55 -0.04 -0.15 4.31 0.00 0.00 -0.00 0.00 -0.00 1.62 -0.00 -0.00 16.38 0.00 0.00 8.49 0.00 0.00 -0.00 -2.00 0.08 2.24 0.26 0.63 19.89 0.20 0.31 10.45 0.00 0.00 -0.00 -4.00 0.02 0.25 0.02 0.30 4.34 0.02 0.15 2.16 0.00 -0.00 0.00 0.00 -0.00 0.00 0.00 -0.00 0.00 0.00 -0.00 0.00 0.00 -0.00 0.00 0.00 -0.00 0.00 0.00 -0.00 0.00 0.00 -0.00 0.00 0.00 -0.00 0.00 0.00 -0.00 0.00 0.00 -0.00 0.00 0.00 -0.00 0.00 0.00 -0.00 0.00 0.00 -0.00 0.00 0.00 -0.00 0.00 0.00 -0.00 0.00 0.00 -0.00 0.00 0.00 -0.00 0.00 0.00 -0.00 0.00 0.00 -0.00 0.00 0.00 -0.00 0.00 0.00 -0.00 0.00 0.00 -0.00 0.00
-0.0000 0.0228 0.0000 0.00 -0.00 0.00 0.00 -0.00 0.00 0.00 -0.00 0.00 0.00 -0.00 0.00 0.00 -0.00 0.00 0.00 -0.00 0.00 0.00 -0.00 0.00 0.00 -0.00 0.00 0.00 -0.00 0.00 0.00 -0.00 0.00 0.00 -0.00 0.00 0.00 -0.00 0.00 0.00 -0.00 0.00 0.00 -0.00 0.00 0.00 -0.00 0.00 0.00 -0.00 0.00 0.00 -0.00 0.00 0.00 -0.00 0.00 69.06 -37.95 134.56 -0.00 23.42 -0.00 -6.28 10.14 20.11 -1.35 12.81 32.73 0.00 0.00 -0.00 2.00 -0.02 0.61 -0.05 -0.29 8.55 -0.04 -0.15 4.31 0.00 0.00 -0.00 0.00 -0.00 1.62 -0.00 -0.00 16.38 0.00 0.00 8.49 0.00 0.00 -0.00 -2.00 0.08 2.24 0.26 0.63 19.89 0.20 0.31 10.45 0.00 0.00 -0.00 -4.00 0.02 0.25 0.02 0.30 4.34 0.02 0.15 2.16 0.00 -0.00 0.00 0.00 -0.00 0.00 0.00 -0.00 0.00 0.00 -0.00 0.00 0.00 -0.00 0.00 0.00 -0.00 0.00 0.00 -0.00 0.00 0.00 -0.00 0.00 0.00 -0.00 0.00 0.00 -0.00 0.00 0.00 -0.00 0.00 0.00 -0.00 0.00 0.00 -0.00 0.00 0.00 -0.00 0.00 0.00 -0.00 0.00 0.00 -0.00 0.00 0.00 -0.00 0.00 0.00 -0.00 0.00 0.00 -0.00 0.00 0.00 -0.00 0.00 0.00 -0.00 0.00 0.00 -0.00 0.00 0.00 -0.00 0.00
-0.0000 0.0226 0.0000 0.00 -0.00 0.00 0.00 -0.00 0.00 0.00 -0.00 0.00 0.00 -0.00 0.00 0.00 -0.00 0.00 0.00 -0.00 0.00 0.00 -0.00 0.00 0.00 -0.00 0.00 0.00 -0.00 0.00 0.00 -0.00 0.00 0.00 -0.00 0.00 0.00 -0.00 0.00 0.00 -0.00 0.00 0.00 -0.00 0.00 0.00 -0.00 0.00 0.00 -0.00 0.00 0.00 -0.00 0.00 0.00 -0.00 0.00 69.06 -37.95 134.56 -0.00 23.42 -0.00 -6.28 10.14 20.11 -1.35 12.81 32.73 0.00 0.00 -0.00 2.00 -0.02 0.61 -0.05 -0.29 8.55 -0.04 -0.15 4.31 0.00 0.00 -0.00 0.00 -0.00 1.62 -0.00 -0.00 16.38 0.00 0.00 8.49 0.00 0.00 -0.00 -2.00 0.08 2.24 0.26 0.63 19.89 0.20 0.31 10.45 0.00 0.00 -0.00 -4.00 0.02 0.25 0.02 0.30 4.34 0.02 0.15 2.16 0.00 -0.00 0.00 0.00 -0.00 0.00 0.00 -0.00 0.00 0.00 -0.00 0.00 0.00 -0.00 0.00 0.00 -0.00 0.00 0.00 -0.00 0.00 0.00 -0.00 0.00 0.00 -0.00 0.00 0.00 -0.00 0.00 0.00 -0.00 0.00 0.00 -0.00 0.00 0.00 -0.00 0.00 0.00 -0.00 0.00 0.00 -0.00 0.00 0.00 -0.00 0.00 0.00 -0.00 0.00 0.00 -0.00 0.00 0.00 -0.00 0.00 0.00 -0.00 0.00 0.00 -0.00 0.00 0.00 -0.00 0.00 0.00 -0.00 0.00
-0.0000 0.0220 0.0000 0.00 -0.00 0.00 0.00 -0.00 0.00 0.00 -0.00 0.00 0.00 -0.00 0.00 0.00 -0.00 0.00 0.00 -0.00 0.00 0.00 -0.00 0.00 0.00 -0.00 0.00 0.00 -0.00 0.00 0.00 -0.00 0.00 0.00 -0.00 0.00 0.00 -0.00 0.00 0.00 -0.00 0.00 0.00 -0.00 0.00 0.00 -0.00 0.00 0.00 -0.00 0.00 0.00 -0.00 0.00 0.00 -0.00 0.00 69.06 -37.95 134.56 -0.00 23.42 -0.00 -6.28 10.14 20.11 -1.35 12.81 32.73 0.00 0.00 -0.00 2.00 -0.02 0.61 -0.05 -0.29 8.55 -0.04 -0.15 4.31 0.00 0.00 -0.00 0.00 -0.00 1.62 -0.00 -0.00 16.38 0.00 0.00 8.49 0.00 0.00 -0.00 -2.00 0.08 2.24 0.26 0.63 19.89 0.20 0.31 10.45 0.00 0.00 -0.00 -4.00 0.02 0.25 0.02 0.30 4.34 0.02 0.15 2.16 0.00 -0.00 0.00 0.00 -0.00 0.00 0.00 -0.00 0.00 0.00 -0.00 0.00 0.00 -0.00 0.00 0.00 -0.00 0.00 0.00 -0.00 0.00 0.00 -0.00 0.00 0.00 -0.00 0.00 0.00 -0.00 0.00 0.00 -0.00 0.00 0.00 -0.00 0.00 0.00 -0.00 0.00 0.00 -0.00 0.00 0.00 -0.00 0.00 0.00 -0.00 0.00 0.00 -0.00 0.00 0.00 -0.00 0.00 0.00 -0.00 0.00 0.00 -0.00 0.00 0.00 -0.00 0.00 0.00 -0.00 0.00 0.00 -0.00 0.00
-0.0000 0.0221 0.0000 0.00 -0.00 0.00 0.00 -0.00 0.00 0.00 -0.00 0.00 0.00 -0.00 0.00 0.00 -0.00 0.00 0.00 -0.00 0.00 0.00 -0.00 0.00 0.00 -0.00 0.00 0.00 -0.00 0.00 0.00 -0.00 0.00 0.00 -0.00 0.00 0.00 -0.00 0.00 0.00 -0.00 0.00 0.00 -0.00 0.00 0.00 -0.00 0.00 0.00 -0.00 0.00 0.00 -0.00 0.00 0.00 -0.00 0.00 69.06 -37.95 134.56 -0.00 23.42 -0.00 -6.28 10.14 20.11 -1.35 12.81 32.73 0.00 0.00 -0.00 2.00 -0.02 0.61 -0.05 -0.29 8.55 -0.04 -0.15 4.31 0.00 0.00 -0.00 0.00 -0.00 1.62 -0.00 -0.00 16.38 0.00 0.00 8.49 0.00 0.00 -0.00 -2.00 0.08 2.24 0.26 0.63 19.89 0.20 0.31 10.45 0.00 0.00 -0.00 -4.00 0.02 0.25 0.02 0.30 4.34 0.02 0.15 2.16 0.00 -0.00 0.00 0.00 -0.00 0.00 0.00 -0.00 0.00 0.00 -0.00 0.00 0.00 -0.00 0.00 0.00 -0.00 0.00 0.00 -0.00 0.00 0.00 -0.00 0.00 0.00 -0.00 0.00 0.00 -0.00 0.00 0.00 -0.00 0.00 0.00 -0.00 0.00 0.00 -0.00 0.00 0.00 -0.00 0.00 0.00 -0.00 0.00 0.00 -0.00 0.00 0.00 -0.00 0.00 0.00 -0.00 0.00 0.00 -0.00 0.00 0.00 -0.00 0.00 0.00 -0.00 0.00 0.00 -0.00 0.00 0.00 -0.00 0.00
-0.0000 0.0228 0.0000 0.00 -0.00 0.00 0.00 -0.00 0.00 0.00 -0.00 0.00 0.00 -0.00 0.00 0.00 -0.00 0.00 0.00 -0.00 0.00 0.00 -0.00 0.00 0.00 -0.00 0.00 0.00 -0.00 0.00 0.00 -0.00 0.00 0.00 -0.00 0.00 0.00 -0.00 0.00 0.00 -0.00 0.00 0.00 -0.00 0.00 0.00 -0.00 0.00 0.00 -0.00 0.00 0.00 -0.00 0.00 0.00 -0.00 0.00 69.06 -37.95 134.56 -0.00 23.42 -0.00 -6.28 10.14 20.11 -1.35 12.81 32.73 0.00 0.00 -0.00 2.00 -0.02 0.61 -0.05 -0.29 8.55 -0.04 -0.15 4.31 0.00 0.00 -0.00 0.00 -0.00 1.62 -0.00 -0.00 16.38 0.00 0.00 8.49 0.00 0.00 -0.00 -2.00 0.08 2.24 0.26 0.63 19.89 0.20 0.31 10.45 0.00 0.00 -0.00 -4.00 0.02 0.25 0.02 0.30 4.34 0.02 0.15 2.16 0.00 -0.00 0.00 0.00 -0.00 0.00 0.00 -0.00 0.00 0.00 -0.00 0.00 0.00 -0.00 0.00 0.00 -0.00 0.00 0.00 -0.00 0.00 0.00 -0.00 0.00 0.00 -0.00 0.00 0.00 -0.00 0.00 0.00 -0.00 0.00 0.00 -0.00 0.00 0.00 -0.00 0.00 0.00 -0.00 0.00 0.00 -0.00 0.00 0.00 -0.00 0.00 0.00 -0.00 0.00 0.00 -0.00 0.00 0.00 -0.00 0.00 0.00 -0.00 0.00 0.00 -0.00 0.00 0.00 -0.00 0.00 0.00 -0.00 0.00
-0.0000 0.0229 0.0000 0.00 -0.00 0.00 0.00 -0.00 0.00 0.00 -0.00 0.00 0.00 -0.00 0.00 0.00 -0.00 0.00 0.00 -0.00 0.00 0.00 -0.00 0.00 0.00 -0.00 0.00 0.00 -0.00 0.00 0.00 -0.00 0.00 0.00 -0.00 0.00 0.00 -0.00 0.00 0.00 -0.00 0.00 0.00 -0.00 0.00 0.00 -0.00 0.00 0.00 -0.00 0.00 0.00 -0.00 0.00 0.00 -0.00 0.00 69.06 -37.95 134.56 -0.00 23.42 -0.00 -6.28 10.14 20.11 -1.35 12.81 32.73 0.00 0.00 -0.00 2.00 -0.02 0.61 -0.05 -0.29 8.55 -0.04 -0.15 4.31 0.00 0.00 -0.00 0.00 -0.00 1.62 -0.00 -0.00 16.38 0.00 0.00 8.49 0.00 0.00 -0.00 -2.00 0.08 2.24 0.26 0.63 19.89 0.20 0.31 10.45 0.00 0.00 -0.00 -4.00 0.02 0.25 0.02 0.30 4.34 0.02 0.15 2.16 0.00 -0.00 0.00 0.00 -0.00 0.00 0.00 -0.00 0.00 0.00 -0.00 0.00 0.00 -0.00 0.00 0.00 -0.00 0.00 0.00 -0.00 0.00 0.00 -0.00 0.00 0.00 -0.00 0.00 0.00 -0.00 0.00 0.00 -0.00 0.00 0.00 -0.00 0.00 0.00 -0.00 0.00 0.00 -0.00 0.00 0.00 -0.00 0.00 0.00 -0.00 0.00 0.00 -0.00 0.00 0.00 -0.00 0.00 0.00 -0.00 0.00 0.00 -0.00 0.00 0.00 -0.00 0.00 0.00 -0.00 0.00 0.00 -0.00 0.00
-0.0000 0.0221 0.0000 0.00 -0.00 0.00 0.00 -0.00 0.00 0.00 -0.00 0.00 0.00 -0.00 0.00 0.00 -0.00 0.00 0.00 -0.00 0.00 0.00 -0.00 0.00 0.00 -0.00 0.00 0.00 -0.00 0.00 0.00 -0.00 0.00 0.00 -0.00 0.00 0.00 -0.00 0.00 0.00 -0.00 0.00 0.00 -0.00 0.00 0.00 -0.00 0.00 0.00 -0.00 0.00 0.00 -0.00 0.00 0.00 -0.00 0.00 69.06 -37.95 134.56 -0.00 23.42 -0.00 -6.28 10.14 20.11 -1.35 12.81 32.73 0.00 0.00 -0.00 2.00 -0.02 0.61 -0.05 -0.29 8.55 -0.04 -0.15 4.31 0.00 0.00 -0.00 0.00 -0.00 1.62 -0.00 -0.00 16.38 0.00 0.00 8.49 0.00 0.00 -0.00 -2.00 0.08 2.24 0.26 0.63 19.89 0.20 0.31 10.45 0.00 0.00 -0.00 -4.00 0.02 0.25 0.02 0.30 4.34 0.02 0.15 2.16 0.00 -0.00 0.00 0.00 -0.00 0.00 0.00 -0.00 0.00 0.00 -0.00 0.00 0.00 -0.00 0.00 0.00 -0.00 0.00 0.00 -0.00 0.00 0.00 -0.00 0.00 0.00 -0.00 0.00 0.00 -0.00 0.00 0.00 -0.00 0.00 0.00 -0.00 0.00 0.00 -0.00 0.00 0.00 -0.00 0.00 0.00 -0.00 0.00 0.00 -0.00 0.00 0.00 -0.00 0.00 0.00 -0.00 0.00 0.00 -0.00 0.00 0.00 -0.00 0.00 0.00 -0.00 0.00 0.00 -0.00 0.00 0.00 -0.00 0.00
-0.0000 0.0219 0.0000 0.00 -0.00 0.00 0.00 -0.00 0.00 0.00 -0.00 0.00 0.00 -0.00 0.00 0.00 -0.00 0.00 0.00 -0.00 0.00 0.00 -0.00 0.00 0.00 -0.00 0.00 0.00 -0.00 0.00 0.00 -0.00 0.00 0.00 -0.00 0.00 0.00 -0.00 0.00 0.00 -0.00 0.00 0.00 -0.00 0.00 0.00 -0.00 0.00 0.00 -0.00 0.00 0.00 -0.00 0.00 0.00 -0.00 0.00 69.06 -37.95 134.56 -0.00 23.42 -0.00 -6.28 10.14 20.11 -1.35 12.81 32.73 0.00 0.00 -0.00 2.00 -0.02 0.61 -0.05 -0.29 8.55 -0.04 -0.15 4.31 0.00 0.00 -0.00 0.00 -0.00 1.62 -0.00 -0.00 16.38 0.00 0.00 8.49 0.00 0.00 -0.00 -2.00 0.08 2.24 0.26 0.63 19.89 0.20 0.31 10.45 0.00 0.00 -0.00 -4.00 0.02 0.25 0.02 0.30 4.34 0.02 0.15 2.16 0.00 -0.00 0.00 0.00 -0.00 0.00 0.00 -0.00 0.00 0.00 -0.00 0.00 0.00 -0.00 0.00 0.00 -0.00 0.00 0.00 -0.00 0.00 0.00 -0.00 0.00 0.00 -0.00 0.00 0.00 -0.00 0.00 0.00 -0.00 0.00 0.00 -0.00 0.00 0.00 -0.00 0.00 0.00 -0.00 0.00 0.00 -0.00 0.00 0.00 -0.00 0.00 0.00 -0.00 0.00 0.00 -0.00 0.00 0.00 -0.00 0.00 0.00 -0.00 0.00 0.00 -0.00 0.00 0.00 -0.00 0.00 0.00 -0.00 0.00
-0.0000 0.0211 0.0000 0.00 -0.00 0.00 0.00 -0.00 0.00 0.00 -0.00 0.00 0.00 -0.00 0.00 0.00 -0.00 0.00 0.00 -0.00 0.00 0.00 -0.00 0.00 0.00 -0.00 0.00 0.00 -0.00 0.00 0.00 -0.00 0.00 0.00 -0.00 0.00 0.00 -0.00 0.00 0.00 -0.00 0.00 0.00 -0.00 0.00 0.00 -0.00 0.00 0.00 -0.00 0.00 0.00 -0.00 0.00 0.00 -0.00 0.00 69.06 -37.95 134.56 -0.00 23.42 -0.00 -6.28 10.14 20.11 -1.35 12.81 32.73 0.00 0.00 -0.00 2.00 -0.02 0.61 -0.05 -0.29 8.55 -0.04 -0.15 4.31 0.00 0.00 -0.00 0.00 -0.00 1.62 -0.00 -0.00 16.38 0.00 0.00 8.49 0.00 0.00 -0.00 -2.00 0.08 2.24 0.26 0.63 19.89 0.20 0.31 10.45 0.00 0.00 -0.00 -4.00 0.02 0.25 0.02 0.30 4.34 0.02 0.15 2.16 0.00 -0.00 0.00 0.00 -0.00 0.00 0.00 -0.00 0.00 0.00 -0.00 0.00 0.00 -0.00 0.00 0.00 -0.00 0.00 0.00 -0.00 0.00 0.00 -0.00 0.00 0.00 -0.00 0.00 0.00 -0.00 0.00 0.00 -0.00 0.00 0.00 -0.00 0.00 0.00 -0.00 0.00 0.00 -0.00 0.00 0.00 -0.00 0.00 0.00 -0.00 0.00 0.00 -0.00 0.00 0.00 -0.00 0.00 0.00 -0.00 0.00 0.00 -0.00 0.00 0.00 -0.00 0.00 0.00 -0.00 0.00 0.00 -0.00 0.00
-0.0000 0.0219 0.0000 0.00 -0.00 0.00 0.00 -0.00 0.00 0.00 -0.00 0.00 0.00 -0.00 0.00 0.00 -0.00 0.00 0.00 -0.00 0.00 0.00 -0.00 0.00 0.00 -0.00 0.00 0.00 -0.00 0.00 0.00 -0.00 0.00 0.00 -0.00 0.00 0.00 -0.00 0.00 0.00 -0.00 0.00 0.00 -0.00 0.00 0.00 -0.00 0.00 0.00 -0.00 0.00 0.00 -0.00 0.00 0.00 -0.00 0.00 69.06 -37.95 134.56 -0.00 23.42 -0.00 -6.28 10.14 20.11 -1.35 12.81 32.73 0.00 0.00 -0.00 2.00 -0.02 0.61 -0.05 -0.29 8.55 -0.04 -0.15 4.31 0.00 0.00 -0.00 0.00 -0.00 1.62 -0.00 -0.00 16.38 0.00 0.00 8.49 0.00 0.00 -0.00 -2.00 0.08 2.24 0.26 0.63 19.89 0.20 0.31 10.45 0.00 0.00 -0.00 -4.00 0.02 0.25 0.02 0.30 4.34 0.02 0.15 2.16 0.00 -0.00 0.00 0.00 -0.00 0.00 0.00 -0.00 0.00 0.00 -0.00 0.00 0.00 -0.00 0.00 0.00 -0.00 0.00 0.00 -0.00 0.00 0.00 -0.00 0.00 0.00 -0.00 0.00 0.00 -0.00 0.00 0.00 -0.00 0.00 0.00 -0.00 0.00 0.00 -0.00 0.00 0.00 -0.00 0.00 0.00 -0.00 0.00 0.00 -0.00 0.00 0.00 -0.00 0.00 0.00 -0.00 0.00 0.00 -0.00 0.00 0.00 -0.00 0.00 0.00 -0.00 0.00 0.00 -0.00 0.00 0.00 -0.00 0.00
-0.0000 0.0231 0.0000 0.00 -0.00 0.00 0.00 -0.00 0.00 0.00 -0.00 0.00 0.00 -0.00 0.00 0.00 -0.00 0.00 0.00 -0.00 0.00 0.00 -0.00 0.00 0.00 -0.00 0.00 0.00 -0.00 0.00 0.00 -0.00 0.00 0.00 -0.00 0.00 0.00 -0.00 0.00 0.00 -0.00 0.00 0.00 -0.00 0.00 0.00 -0.00 0.00 0.00 -0.00 0.00 0.00 -0.00 0.00 0.00 -0.00 0.00 69.06 -37.95 134.56 -0.00 23.42 -0.00 -6.28 10.14 20.11 -1.35 12.81 32.73 0.00 0.00 -0.00 2.00 -0.02 0.61 -0.05 -0.29 8.55 -0.04 -0.15 4.31 0.00 0.00 -0.00 0.00 -0.00 1.62 -0.00 -0.00 16.38 0.00 0.00 8.49 0.00 0.00 -0.00 -2.00 0.08 2.24 0.26 0.63 19.89 0.20 0.31 10.45 0.00 0.00 -0.00 -4.00 0.02 0.25 0.02 0.30 4.34 0.02 0.15 2.16 0.00 -0.00 0.00 0.00 -0.00 0.00 0.00 -0.00 0.00 0.00 -0.00 0.00 0.00 -0.00 0.00 0.00 -0.00 0.00 0.00 -0.00 0.00 0.00 -0.00 0.00 0.00 -0.00 0.00 0.00 -0.00 0.00 0.00 -0.00 0.00 0.00 -0.00 0.00 0.00 -0.00 0.00 0.00 -0.00 0.00 0.00 -0.00 0.00 0.00 -0.00 0.00 0.00 -0.00 0.00 0.00 -0.00 0.00 0.00 -0.00 0.00 0.00 -0.00 0.00 0.00 -0.00 0.00 0.00 -0.00 0.00 0.00 -0.00 0.00
-0.0000 0.0221 0.0000 0.00 -0.00 0.00 0.00 -0.00 0.00 0.00 -0.00 0.00 0.00 -0.00 0.00 0.00 -0.00 0.00 0.00 -0.00 0.00 0.00 -0.00 0.00 0.00 -0.00 0.00 0.00 -0.00 0.00 0.00 -0.00 0.00 0.00 -0.00 0.00 0.00 -0.00 0.00 0.00 -0.00 0.00 0.00 -0.00 0.00 0.00 -0.00 0.00 0.00 -0.00 0.00 0.00 -0.00 0.00 0.00 -0.00 0.00 69.06 -37.95 134.56 -0.00 23.42 -0.00 -6.28 10.14 20.11 -1.35 12.81 32.73 0.00 0.00 -0.00 2.00 -0.02 0.61 -0.05 -0.29 8.55 -0.04 -0.15 4.31 0.00 0.00 -0.00 0.00 -0.00 1.62 -0.00 -0.00 16.38 0.00 0.00 8.49 0.00 0.00 -0.00 -2.00 0.08 2.24 0.26 0.63 19.89 0.20 0.31 10.45 0.00 0.00 -0.00 -4.00 0.02 0.25 0.02 0.30 4.34 0.02 0.15 2.16 0.00 -0.00 0.00 0.00 -0.00 0.00 0.00 -0.00 0.00 0.00 -0.00 0.00 0.00 -0.00 0.00 0.00 -0.00 0.00 0.00 -0.00 0.00 0.00 -0.00 0.00 0.00 -0.00 0.00 0.00 -0.00 0.00 0.00 -0.00 0.00 0.00 -0.00 0.00 0.00 -0.00 0.00 0.00 -0.00 0.00 0.00 -0.00 0.00 0.00 -0.00 0.00 0.00 -0.00 0.00 0.00 -0.00 0.00 0.00 -0.00 0.00 0.00 -0.00 0.00 0.00 -0.00 0.00 0.00 -0.00 0.00 0.00 -0.00 0.00
-0.0000 0.0211 0.0000 0.00 -0.00 0.00 0.00 -0.00 0.00 0.00 -0.00 0.00 0.00 -0.00 0.00 0.00 -0.00 0.00 0.00 -0.00 0.00 0.00 -0.00 0.00 0.00 -0.00 0.00 0.00 -0.00 0.00 0.00 -0.00 0.00 0.00 -0.00 0.00 0.00 -0.00 0.00 0.00 -0.00 0.00 0.00 -0.00 0.00 0.00 -0.00 0.00 0.00 -0.00 0.00 0.00 -0.00 0.00 0.00 -0.00 0.00 69.06 -37.95 134.56 -0.00 23.42 -0.00 -6.28 10.14 20.11 -1.35 12.81 32.73 0.00 0.00 -0.00 2.00 -0.02 0.61 -0.05 -0.29 8.55 -0.04 -0.15 4.31 0.00 0.00 -0.00 0.00 -0.00 1.62 -0.00 -0.00 16.38 0.00 0.00 8.49 0.00 0.00 -0.00 -2.00 0.08 2.24 0.26 0.63 19.89 0.20 0.31 10.45 0.00 0.00 -0.00 -4.00 0.02 0.25 0.02 0.30 4.34 0.02 0.15 2.16 0.00 -0.00 0.00 0.00 -0.00 0.00 0.00 -0.00 0.00 0.00 -0.00 0.00 0.00 -0.00 0.00 0.00 -0.00 0.00 0.00 -0.00 0.00 0.00 -0.00 0.00 0.00 -0.00 0.00 0.00 -0.00 0.00 0.00 -0.00 0.00 0.00 -0.00 0.00 0.00 -0.00 0.00 0.00 -0.00 0.00 0.00 -0.00 0.00 0.00 -0.00 0.00 0.00 -0.00 0.00 0.00 -0.00 0.00 0.00 -0.00 0.00 0.00 -0.00 0.00 0.00 -0.00 0.00 0.00 -0.00 0.00 0.00 -0.00 0.00
-0.0000 0.0217 0.0000 0.00 -0.00 0.00 0.00 -0.00 0.00 0.00 -0.00 0.00 0.00 -0.00 0.00 0.00 -0.00 0.00 0.00 -0.00 0.00 0.00 -0.00 0.00 0.00 -0.00 0.00 0.00 -0.00 0.00 0.00 -0.00 0.00 0.00 -0.00 0.00 0.00 -0.00 0.00 0.00 -0.00 0.00 0.00 -0.00 0.00 0.00 -0.00 0.00 0.00 -0.00 0.00 0.00 -0.00 0.00 0.00 -0.00 0.00 69.06 -37.95 134.56 -0.00 23.42 -0.00 -6.28 10.14 20.11 -1.35 12.81 32.73 0.00 0.00 -0.00 2.00 -0.02 0.61 -0.05 -0.29 8.55 -0.04 -0.15 4.31 0.00 0.00 -0.00 0.00 -0.00 1.62 -0.00 -0.00 16.38 0.00 0.00 8.49 0.00 0.00 -0.00 -2.00 0.08 2.24 0.26 0.63 19.89 0.20 0.31 10.45 0.00 0.00 -0.00 -4.00 0.02 0.25 0.02 0.30 4.34 0.02 0.15 2.16 0.00 -0.00 0.00 0.00 -0.00 0.00 0.00 -0.00 0.00 0.00 -0.00 0.00 0.00 -0.00 0.00 0.00 -0.00 0.00 0.00 -0.00 0.00 0.00 -0.00 0.00 0.00 -0.00 0.00 0.00 -0.00 0.00 0.00 -0.00 0.00 0.00 -0.00 0.00 0.00 -0.00 0.00 0.00 -0.00 0.00 0.00 -0.00 0.00 0.00 -0.00 0.00 0.00 -0.00 0.00 0.00 -0.00 0.00 0.00 -0.00 0.00 0.00 -0.00 0.00 0.00 -0.00 0.00 0.00 -0.00 0.00 0.00 -0.00 0.00
-0.0000 0.0218 0.0000 0.00 -0.00 0.00 0.00 -0.00 0.00 0.00 -0.00 0.00 0.00 -0.00 0.00 0.00 -0.00 0.00 0.00 -0.00 0.00 0.00 -0.00 0.00 0.00 -0.00 0.00 0.00 -0.00 0.00 0.00 -0.00 0.00 0.00 -0.00 0.00 0.00 -0.00 0.00 0.00 -0.00 0.00 0.00 -0.00 0.00 0.00 -0.00 0.00 0.00 -0.00 0.00 0.00 -0.00 0.00 0.00 -0.00 0.00 69.06 -37.95 134.56 -0.00 23.42 -0.00 -6.28 10.14 20.11 -1.35 12.81 32.73 0.00 0.00 -0.00 2.00 -0.02 0.61 -0.05 -0.29 8.55 -0.04 -0.15 4.31 0.00 0.00 -0.00 0.00 -0.00 1.62 -0.00 -0.00 16.38 0.00 0.00 8.49 0.00 0.00 -0.00 -2.00 0.08 2.24 0.26 0.63 19.89 0.20 0.31 10.45 0.00 0.00 -0.00 -4.00 0.02 0.25 0.02 0.30 4.34 0.02 0.15 2.16 0.00 -0.00 0.00 0.00 -0.00 0.00 0.00 -0.00 0.00 0.00 -0.00 0.00 0.00 -0.00 0.00 0.00 -0.00 0.00 0.00 -0.00 0.00 0.00 -0.00 0.00 0.00 -0.00 0.00 0.00 -0.00 0.00 0.00 -0.00 0.00 0.00 -0.00 0.00 0.00 -0.00 0.00 0.00 -0.00 0.00 0.00 -0.00 0.00 0.00 -0.00 0.00 0.00 -0.00 0.00 0.00 -0.00 0.00 0.00 -0.00 0.00 0.00 -0.00 0.00 0.00 -0.00 0.00 0.00 -0.00 0.00 0.00 -0.00 0.00
-0.0000 0.0226 0.0000 0.00 -0.00 0.00 0.00 -0.00 0.00 0.00 -0.00 0.00 0.00 -0.00 0.00 0.00 -0.00 0.00 0.00 -0.00 0.00 0.00 -0.00 0.00 0.00 -0.00 0.00 0.00 -0.00 0.00 0.00 -0.00 0.00 0.00 -0.00 0.00 0.00 -0.00 0.00 0.00 -0.00 0.00 0.00 -0.00 0.00 0.00 -0.00 0.00 0.00 -0.00 0.00 0.00 -0.00 0.00 0.00 -0.00 0.00 69.06 -37.95 134.56 -0.00 23.42 -0.00 -6.28 10.14 20.11 -1.35 12.81 32.73 0.00 0.00 -0.00 2.00 -0.02 0.61 -0.05 -0.29 8.55 -0.04 -0.15 4.31 0.00 0.00 -0.00 0.00 -0.00 1.62 -0.00 -0.00 16.38 0.00 0.00 8.49 0.00 0.00 -0.00 -2.00 0.08 2.24 0.26 0.63 19.89 0.20 0.31 10.45 0.00 0.00 -0.00 -4.00 0.02 0.25 0.02 0.30 4.34 0.02 0.15 2.16 0.00 -0.00 0.00 0.00 -0.00 0.00 0.00 -0.00 0.00 0.00 -0.00 0.00 0.00 -0.00 0.00 0.00 -0.00 0.00 0.00 -0.00 0.00 0.00 -0.00 0.00 0.00 -0.00 0.00 0.00 -0.00 0.00 0.00 -0.00 0.00 0.00 -0.00 0.00 0.00 -0.00 0.00 0.00 -0.00 0.00 0.00 -0.00 0.00 0.00 -0.00 0.00 0.00 -0.00 0.00 0.00 -0.00 0.00 0.00 -0.00 0.00 0.00 -0.00 0.00 0.00 -0.00 0.00 0.00 -0.00 0.00 0.00 -0.00 0.00
-0.0000 0.0228 0.0000 0.00 -0.00 0.00 0.00 -0.00 0.00 0.00 -0.00 0.00 0.00 -0.00 0.00 0.00 -0.00 0.00 0.00 -0.00 0.00 0.00 -0.00 0.00 0.00 -0.00 0.00 0.00 -0.00 0.00 0.00 -0.00 0.00 0.00 -0.00 0.00 0.00 -0.00 0.00 0.00 -0.00 0.00 0.00 -0.00 0.00 0.00 -0.00 0.00 0.00 -0.00 0.00 0.00 -0.00 0.00 0.00 -0.00 0.00 69.06 -37.95 134.56 -0.00 23.42 -0.00 -6.28 10.14 20.11 -1.35 12.81 32.73 0.00 0.00 -0.00 2.00 -0.02 0.61 -0.05 -0.29 8.55 -0.04 -0.15 4.31 0.00 0.00 -0.00 0.00 -0.00 1.62 -0.00 -0.00 16.38 0.00 0.00 8.49 0.00 0.00 -0.00 -2.00 0.08 2.24 0.26 0.63 19.89 0.20 0.31 10.45 0.00 0.00 -0.00 -4.00 0.02 0.25 0.02 0.30 4.34 0.02 0.15 2.16 0.00 -0.00 0.00 0.00 -0.00 0.00 0.00 -0.00 0.00 0.00 -0.00 0.00 0.00 -0.00 0.00 0.00 -0.00 0.00 0.00 -0.00 0.00 0.00 -0.00 0.00 0.00 -0.00 0.00 0.00 -0.00 0.00 0.00 -0.00 0.00 0.00 -0.00 0.00 0.00 -0.00 0.00 0.00 -0.00 0.00 0.00 -0.00 0.00 0.00 -0.00 0.00 0.00 -0.00 0.00 0.00 -0.00 0.00 0.00 -0.00 0.00 0.00 -0.00 0.00 0.00 -0.00 0.00 0.00 -0.00 0.00 0.00 -0.00 0.00
-0.0000 0.0206 0.0000 0.00 -0.00 0.00 0.00 -0.00 0.00 0.00 -0.00 0.00 0.00 -0.00 0.00 0.00 -0.00 0.00 0.00 -0.00 0.00 0.00 -0.00 0.00 0.00 -0.00 0.00 0.00 -0.00 0.00 0.00 -0.00 0.00 0.00 -0.00 0.00 0.00 -0.00 0.00 0.00 -0.00 0.00 0.00 -0.00 0.00 0.00 -0.00 0.00 0.00 -0.00 0.00 0.00 -0.00 0.00 0.00 -0.00 0.00 69.06 -37.95 134.56 -0.00 23.42 -0.00 -6.28 10.14 20.11 -1.35 12.81 32.73 0.00 0.00 -0.00 2.00 -0.02 0.61 -0.05 -0.29 8.55 -0.04 -0.15 4.31 0.00 0.00 -0.00 0.00 -0.00 1.62 -0.00 -0.00 16.38 0.00 0.00 8.49 0.00 0.00 -0.00 -2.00 0.08 2.24 0.26 0.63 19.89 0.20 0.31 10.45 0.00 0.00 -0.00 -4.00 0.02 0.25 0.02 0.30 4.34 0.02 0.15 2.16 0.00 -0.00 0.00 0.00 -0.00 0.00 0.00 -0.00 0.00 0.00 -0.00 0.00 0.00 -0.00 0.00 0.00 -0.00 0.00 0.00 -0.00 0.00 0.00 -0.00 0.00 0.00 -0.00 0.00 0.00 -0.00 0.00 0.00 -0.00 0.00 0.00 -0.00 0.00 0.00 -0.00 0.00 0.00 -0.00 0.00 0.00 -0.00 0.00 0.00 -0.00 0.00 0.00 -0.00 0.00 0.00 -0.00 0.00 0.00 -0.00 0.00 0.00 -0.00 0.00 0.00 -0.00 0.00 0.00 -0.00 0.00 0.00 -0.00 0.00
-0.0000 0.0212 0.0000 0.00 -0.00 0.00 0.00 -0.00 0.00 0.00 -0.00 0.00 0.00 -0.00 0.00 0.00 -0.00 0.00 0.00 -0.00 0.00 0.00 -0.00 0.00 0.00 -0.00 0.00 0.00 -0.00 0.00 0.00 -0.00 0.00 0.00 -0.00 0.00 0.00 -0.00 0.00 0.00 -0.00 0.00 0.00 -0.00 0.00 0.00 -0.00 0.00 0.00 -0.00 0.00 0.00 -0.00 0.00 0.00 -0.00 0.00 69.06 -37.95 134.56 -0.00 23.42 -0.00 -6.28 10.14 20.11 -1.35 12.81 32.73 0.00 0.00 -0.00 2.00 -0.02 0.61 -0.05 -0.29 8.55 -0.04 -0.15 4.31 0.00 0.00 -0.00 0.00 -0.00 1.62 -0.00 -0.00 16.38 0.00 0.00 8.49 0.00 0.00 -0.00 -2.00 0.08 2.24 0.26 0.63 19.89 0.20 0.31 10.45 0.00 0.00 -0.00 -4.00 0.02 0.25 0.02 0.30 4.34 0.02 0.15 2.16 0.00 -0.00 0.00 0.00 -0.00 0.00 0.00 -0.00 0.00 0.00 -0.00 0.00 0.00 -0.00 0.00 0.00 -0.00 0.00 0.00 -0.00 0.00 0.00 -0.00 0.00 0.00 -0.00 0.00 0.00 -0.00 0.00 0.00 -0.00 0.00 0.00 -0.00 0.00 0.00 -0.00 0.00 0.00 -0.00 0.00 0.00 -0.00 0.00 0.00 -0.00 0.00 0.00 -0.00 0.00 0.00 -0.00 0.00 0.00 -0.00 0.00 0.00 -0.00 0.00 0.00 -0.00 0.00 0.00 -0.00 0.00 0.00 -0.00 0.00
-0.0000 0.0222 0.0000 0.00 -0.00 0.00 0.00 -0.00 0.00 0.00 -0.00 0.00 0.00 -0.00 0.00 0.00 -0.00 0.00 0.00 -0.00 0.00 0.00 -0.00 0.00 0.00 -0.00 0.00 0.00 -0.00 0.00 0.00 -0.00 0.00 0.00 -0.00 0.00 0.00 -0.00 0.00 0.00 -0.00 0.00 0.00 -0.00 0.00 0.00 -0.00 0.00 0.00 -0.00 0.00 0.00 -0.00 0.00 0.00 -0.00 0.00 69.06 -37.95 134.56 -0.00 23.42 -0.00 -6.28 10.14 20.11 -1.35 12.81 32.73 0.00 0.00 -0.00 2.00 -0.02 0.61 -0.05 -0.29 8.55 -0.04 -0.15 4.31 0.00 0.00 -0.00 0.00 -0.00 1.62 -0.00 -0.00 16.38 0.00 0.00 8.49 0.00 0.00 -0.00 -2.00 0.08 2.24 0.26 0.63 19.89 0.20 0.31 10.45 0.00 0.00 -0.00 -4.00 0.02 0.25 0.02 0.30 4.34 0.02 0.15 2.16 0.00 -0.00 0.00 0.00 -0.00 0.00 0.00 -0.00 0.00 0.00 -0.00 0.00 0.00 -0.00 0.00 0.00 -0.00 0.00 0.00 -0.00 0.00 0.00 -0.00 0.00 0.00 -0.00 0.00 0.00 -0.00 0.00 0.00 -0.00 0.00 0.00 -0.00 0.00 0.00 -0.00 0.00 0.00 -0.00 0.00 0.00 -0.00 0.00 0.00 -0.00 0.00 0.00 -0.00 0.00 0.00 -0.00 0.00 0.00 -0.00 0.00 0.00 -0.00 0.00 0.00 -0.00 0.00 0.00 -0.00 0.00 0.00 -0.00 0.00
-0.0000 0.0225 0.0000 0.00 -0.00 0.00 0.00 -0.00 0.00 0.00 -0.00 0.00 0.00 -0.00 0.00 0.00 -0.00 0.00 0.00 -0.00 0.00 0.00 -0.00 0.00 0.00 -0.00 0.00 0.00 -0.00 0.00 0.00 -0.00 0.00 0.00 -0.00 0.00 0.00 -0.00 0.00 0.00 -0.00 0.00 0.00 -0.00 0.00 0.00 -0.00 0.00 0.00 -0.00 0.00 0.00 -0.00 0.00 0.00 -0.00 0.00 69.06 -37.95 134.56 -0.00 23.42 -0.00 -6.28 10.14 20.11 -1.35 12.81 32.73 0.00 0.00 -0.00 2.00 -0.02 0.61 -0.05 -0.29 8.55 -0.04 -0.15 4.31 0.00 0.00 -0.00 0.00 -0.00 1.62 -0.00 -0.00 16.38 0.00 0.00 8.49 0.00 0.00 -0.00 -2.00 0.08 2.24 0.26 0.63 19.89 0.20 0.31 10.45 0.00 0.00 -0.00 -4.00 0.02 0.25 0.02 0.30 4.34 0.02 0.15 2.16 0.00 -0.00 0.00 0.00 -0.00 0.00 0.00 -0.00 0.00 0.00 -0.00 0.00 0.00 -0.00 0.00 0.00 -0.00 0.00 0.00 -0.00 0.00 0.00 -0.00 0.00 0.00 -0.00 0.00 0.00 -0.00 0.00 0.00 -0.00 0.00 0.00 -0.00 0.00 0.00 -0.00 0.00 0.00 -0.00 0.00 0.00 -0.00 0.00 0.00 -0.00 0.00 0.00 -0.00 0.00 0.00 -0.00 0.00 0.00 -0.00 0.00 0.00 -0.00 0.00 0.00 -0.00 0.00 0.00 -0.00 0.00 0.00 -0.00 0.00
-0.0000 0.0218 0.0000 0.00 -0.00 0.00 0.00 -0.00 0.00 0.00 -0.00 0.00 0.00 -0.00 0.00 0.00 -0.00 0.00 0.00 -0.00 0.00 0.00 -0.00 0.00 0.00 -0.00 0.00 0.00 -0.00 0.00 0.00 -0.00 0.00 0.00 -0.00 0.00 0.00 -0.00 0.00 0.00 -0.00 0.00 0.00 -0.00 0.00 0.00 -0.00 0.00 0.00 -0.00 0.00 0.00 -0.00 0.00 0.00 -0.00 0.00 69.06 -37.95 134.56 -0.00 23.42 -0.00 -6.28 10.14 20.11 -1.35 12.81 32.73 0.00 0.00 -0.00 2.00 -0.02 0.61 -0.05 -0.29 8.55 -0.04 -0.15 4.31 0.00 0.00 -0.00 0.00 -0.00 1.62 -0.00 -0.00 16.38 0.00 0.00 8.49 0.00 0.00 -0.00 -2.00 0.08 2.24 0.26 0.63 19.89 0.20 0.31 10.45 0.00 0.00 -0.00 -4.00 0.02 0.25 0.02 0.30 4.34 0.02 0.15 2.16 0.00 -0.00 0.00 0.00 -0.00 0.00 0.00 -0.00 0.00 0.00 -0.00 0.00 0.00 -0.00 0.00 0.00 -0.00 0.00 0.00 -0.00 0.00 0.00 -0.00 0.00 0.00 -0.00 0.00 0.00 -0.00 0.00 0.00 -0.00 0.00 0.00 -0.00 0.00 0.00 -0.00 0.00 0.00 -0.00 0.00 0.00 -0.00 0.00 0.00 -0.00 0.00 0.00 -0.00 0.00 0.00 -0.00 0.00 0.00 -0.00 0.00 0.00 -0.00 0.00 0.00 -0.00 0.00 0.00 -0.00 0.00 0.00 -0.00 0.00
-0.0000 0.0216 0.0000 0.00 -0.00 0.00 0.00 -0.00 0.00 0.00 -0.00 0.00 0.00 -0.00 0.00 0.00 -0.00 0.00 0.00 -0.00 0.00 0.00 -0.00 0.00 0.00 -0.00 0.00 0.00 -0.00 0.00 0.00 -0.00 0.00 0.00 -0.00 0.00 0.00 -0.00 0.00 0.00 -0.00 0.00 0.00 -0.00 0.00 0.00 -0.00 0.00 0.00 -0.00 0.00 0.00 -0.00 0.00 0.00 -0.00 0.00 69.06 -37.95 134.56 -0.00 23.42 -0.00 -6.28 10.14 20.11 -1.35 12.81 32.73 0.00 0.00 -0.00 2.00 -0.02 0.61 -0.05 -0.29 8.55 -0.04 -0.15 4.31 0.00 0.00 -0.00 0.00 -0.00 1.62 -0.00 -0.00 16.38 0.00 0.00 8.49 0.00 0.00 -0.00 -2.00 0.08 2.24 0.26 0.63 19.89 0.20 0.31 10.45 0.00 0.00 -0.00 -4.00 0.02 0.25 0.02 0.30 4.34 0.02 0.15 2.16 0.00 -0.00 0.00 0.00 -0.00 0.00 0.00 -0.00 0.00 0.00 -0.00 0.00 0.00 -0.00 0.00 0.00 -0.00 0.00 0.00 -0.00 0.00 0.00 -0.00 0.00 0.00 -0.00 0.00 0.00 -0.00 0.00 0.00 -0.00 0.00 0.00 -0.00 0.00 0.00 -0.00 0.00 0.00 -0.00 0.00 0.00 -0.00 0.00 0.00 -0.00 0.00 0.00 -0.00 0.00 0.00 -0.00 0.00 0.00 -0.00 0.00 0.00 -0.00 0.00 0.00 -0.00 0.00 0.00 -0.00 0.00 0.00 -0.00 0.00
-0.0000 0.0213 0.0000 0.00 -0.00 0.00 0.00 -0.00 0.00 0.00 -0.00 0.00 0.00 -0.00 0.00 0.00 -0.00 0.00 0.00 -0.00 0.00 0.00 -0.00 0.00 0.00 -0.00 0.00 0.00 -0.00 0.00 0.00 -0.00 0.00 0.00 -0.00 0.00 0.00 -0.00 0.00 0.00 -0.00 0.00 0.00 -0.00 0.00 0.00 -0.00 0.00 0.00 -0.00 0.00 0.00 -0.00 0.00 0.00 -0.00 0.00 69.06 -37.95 134.56 -0.00 23.42 -0.00 -6.28 10.14 20.11 -1.35 12.81 32.73 0.00 0.00 -0.00 2.00 -0.02 0.61 -0.05 -0.29 8.55 -0.04 -0.15 4.31 0.00 0.00 -0.00 0.00 -0.00 1.62 -0.00 -0.00 16.38 0.00 0.00 8.49 0.00 0.00 -0.00 -2.00 0.08 2.24 0.26 0.63 19.89 0.20 0.31 10.45 0.00 0.00 -0.00 -4.00 0.02 0.25 0.02 0.30 4.34 0.02 0.15 2.16 0.00 -0.00 0.00 0.00 -0.00 0.00 0.00 -0.00 0.00 0.00 -0.00 0.00 0.00 -0.00 0.00 0.00 -0.00 0.00 0.00 -0.00 0.00 0.00 -0.00 0.00 0.00 -0.00 0.00 0.00 -0.00 0.00 0.00 -0.00 0.00 0.00 -0.00 0.00 0.00 -0.00 0.00 0.00 -0.00 0.00 0.00 -0.00 0.00 0.00 -0.00 0.00 0.00 -0.00 0.00 0.00 -0.00 0.00 0.00 -0.00 0.00 0.00 -0.00 0.00 0.00 -0.00 0.00 0.00 -0.00 0.00 0.00 -0.00 0.00
-0.0000 0.0217 0.0000 0.00 -0.00 0.00 0.00 -0.00 0.00 0.00 -0.00 0.00 0.00 -0.00 0.00 0.00 -0.00 0.00 0.00 -0.00 0.00 0.00 -0.00 0.00 0.00 -0.00 0.00 0.00 -0.00 0.00 0.00 -0.00 0.00 0.00 -0.00 0.00 0.00 -0.00 0.00 0.00 -0.00 0.00 0.00 -0.00 0.00 0.00 -0.00 0.00 0.00 -0.00 0.00 0.00 -0.00 0.00 0.00 -0.00 0.00 69.06 -37.95 134.56 -0.00 23.42 -0.00 -6.28 10.14 20.11 -1.35 12.81 32.73 0.00 0.00 -0.00 2.00 -0.02 0.61 -0.05 -0.29 8.55 -0.04 -0.15 4.31 0.00 0.00 -0.00 0.00 -0.00 1.62 -0.00 -0.00 16.38 0.00 0.00 8.49 0.00 0.00 -0.00 -2.00 0.08 2.24 0.26 0.63 19.89 0.20 0.31 10.45 0.00 0.00 -0.00 -4.00 0.02 0.25 0.02 0.30 4.34 0.02 0.15 2.16 0.00 -0.00 0.00 0.00 -0.00 0.00 0.00 -0.00 0.00 0.00 -0.00 0.00 0.00 -0.00 0.00 0.00 -0.00 0.00 0.00 -0.00 0.00 0.00 -0.00 0.00 0.00 -0.00 0.00 0.00 -0.00 0.00 0.00 -0.00 0.00 0.00 -0.00 0.00 0.00 -0.00 0.00 0.00 -0.00 0.00 0.00 -0.00 0.00 0.00 -0.00 0.00 0.00 -0.00 0.00 0.00 -0.00 0.00 0.00 -0.00 0.00 0.00 -0.00 0.00 0.00 -0.00 0.00 0.00 -0.00 0.00 0.00 -0.00 0.00
-0.0000 0.0223 0.0000 0.00 -0.00 0.00 0.00 -0.00 0.00 0.00 -0.00 0.00 0.00 -0.00 0.00 0.00 -0.00 0.00 0.00 -0.00 0.00 0.00 -0.00 0.00 0.00 -0.00 0.00 0.00 -0.00 0.00 0.00 -0.00 0.00 0.00 -0.00 0.00 0.00 -0.00 0.00 0.00 -0.00 0.00 0.00 -0.00 0.00 0.00 -0.00 0.00 0.00 -0.00 0.00 0.00 -0.00 0.00 0.00 -0.00 0.00 69.06 -37.95 134.56 -0.00 23.42 -0.00 -6.28 10.14 20.11 -1.35 12.81 32.73 0.00 0.00 -0.00 2.00 -0.02 0.61 -0.05 -0.29 8.55 -0.04 -0.15 4.31 0.00 0.00 -0.00 0.00 -0.00 1.62 -0.00 -0.00 16.38 0.00 0.00 8.49 0.00 0.00 -0.00 -2.00 0.08 2.24 0.26 0.63 19.89 0.20 0.31 10.45 0.00 0.00 -0.00 -4.00 0.02 0.25 0.02 0.30 4.34 0.02 0.15 2.16 0.00 -0.00 0.00 0.00 -0.00 0.00 0.00 -0.00 0.00 0.00 -0.00 0.00 0.00 -0.00 0.00 0.00 -0.00 0.00 0.00 -0.00 0.00 0.00 -0.00 0.00 0.00 -0.00 0.00 0.00 -0.00 0.00 0.00 -0.00 0.00 0.00 -0.00 0.00 0.00 -0.00 0.00 0.00 -0.00 0.00 0.00 -0.00 0.00 0.00 -0.00 0.00 0.00 -0.00 0.00 0.00 -0.00 0.00 0.00 -0.00 0.00 0.00 -0.00 0.00 0.00 -0.00 0.00 0.00 -0.00 0.00 0.00 -0.00 0.00
-0.0000 0.0213 0.0000 0.00 -0.00 0.00 0.00 -0.00 0.00 0.00 -0.00 0.00 0.00 -0.00 0.00 0.00 -0.00 0.00 0.00 -0.00 0.00 0.00 -0.00 0.00 0.00 -0.00 0.00 0.00 -0.00 0.00 0.00 -0.00 0.00 0.00 -0.00 0.00 0.00 -0.00 0.00 0.00 -0.00 0.00 0.00 -0.00 0.00 0.00 -0.00 0.00 0.00 -0.00 0.00 0.00 -0.00 0.00 0.00 -0.00 0.00 69.06 -37.95 134.56 -0.00 23.42 -0.00 -6.28 10.14 20.11 -1.35 12.81 32.73 0.00 0.00 -0.00 2.00 -0.02 0.61 -0.05 -0.29 8.55 -0.04 -0.15 4.31 0.00 0.00 -0.00 0.00 -0.00 1.62 -0.00 -0.00 16.38 0.00 0.00 8.49 0.00 0.00 -0.00 -2.00 0.08 2.24 0.26 0.63 19.89 0.20 0.31 10.45 0.00 0.00 -0.00 -4.00 0.02 0.25 0.02 0.30 4.34 0.02 0.15 2.16 0.00 -0.00 0.00 0.00 -0.00 0.00 0.00 -0.00 0.00 0.00 -0.00 0.00 0.00 -0.00 0.00 0.00 -0.00 0.00 0.00 -0.00 0.00 0.00 -0.00 0.00 0.00 -0.00 0.00 0.00 -0.00 0.00 0.00 -0.00 0.00 0.00 -0.00 0.00 0.00 -0.00 0.00 0.00 -0.00 0.00 0.00 -0.00 0.00 0.00 -0.00 0.00 0.00 -0.00 0.00 0.00 -0.00 0.00 0.00 -0.00 0.00 0.00 -0.00 0.00 0.00 -0.00 0.00 0.00 -0.00 0.00 0.00 -0.00 0.00
-0.0000 0.0219 0.0000 0.00 -0.00 0.00 0.00 -0.00 0.00 0.00 -0.00 0.00 0.00 -0.00 0.00 0.00 -0.00 0.00 0.00 -0.00 0.00 0.00 -0.00 0.00 0.00 -0.00 0.00 0.00 -0.00 0.00 0.00 -0.00 0.00 0.00 -0.00 0.00 0.00 -0.00 0.00 0.00 -0.00 0.00 0.00 -0.00 0.00 0.00 -0.00 0.00 0.00 -0.00 0.00 0.00 -0.00 0.00 0.00 -0.00 0.00 69.06 -37.95 134.56 -0.00 23.42 -0.00 -6.28 10.14 20.11 -1.35 12.81 32.73 0.00 0.00 -0.00 2.00 -0.02 0.61 -0.05 -0.29 8.55 -0.04 -0.15 4.31 0.00 0.00 -0.00 0.00 -0.00 1.62 -0.00 -0.00 16.38 0.00 0.00 8.49 0.00 0.00 -0.00 -2.00 0.08 2.24 0.26 0.63 19.89 0.20 0.31 10.45 0.00 0.00 -0.00 -4.00 0.02 0.25 0.02 0.30 4.34 0.02 0.15 2.16 0.00 -0.00 0.00 0.00 -0.00 0.00 0.00 -0.00 0.00 0.00 -0.00 0.00 0.00 -0.00 0.00 0.00 -0.00 0.00 0.00 -0.00 0.00 0.00 -0.00 0.00 0.00 -0.00 0.00 0.00 -0.00 0.00 0.00 -0.00 0.00 0.00 -0.00 0.00 0.00 -0.00 0.00 0.00 -0.00 0.00 0.00 -0.00 0.00 0.00 -0.00 0.00 0.00 -0.00 0.00 0.00 -0.00 0.00 0.00 -0.00 0.00 0.00 -0.00 0.00 0.00 -0.00 0.00 0.00 -0.00 0.00 0.00 -0.00 0.00
-0.0000 0.0221 0.0000 0.00 -0.00 0.00 0.00 -0.00 0.00 0.00 -0.00 0.00 0.00 -0.00 0.00 0.00 -0.00 0.00 0.00 -0.00 0.00 0.00 -0.00 0.00 0.00 -0.00 0.00 0.00 -0.00 0.00 0.00 -0.00 0.00 0.00 -0.00 0.00 0.00 -0.00 0.00 0.00 -0.00 0.00 0.00 -0.00 0.00 0.00 -0.00 0.00 0.00 -0.00 0.00 0.00 -0.00 0.00 0.00 -0.00 0.00 69.06 -37.95 134.56 -0.00 23.42 -0.00 -6.28 10.14 20.11 -1.35 12.81 32.73 0.00 0.00 -0.00 2.00 -0.02 0.61 -0.05 -0.29 8.55 -0.04 -0.15 4.31 0.00 0.00 -0.00 0.00 -0.00 1.62 -0.00 -0.00 16.38 0.00 0.00 8.49 0.00 0.00 -0.00 -2.00 0.08 2.24 0.26 0.63 19.89 0.20 0.31 10.45 0.00 0.00 -0.00 -4.00 0.02 0.25 0.02 0.30 4.34 0.02 0.15 2.16 0.00 -0.00 0.00 0.00 -0.00 0.00 0.00 -0.00 0.00 0.00 -0.00 0.00 0.00 -0.00 0.00 0.00 -0.00 0.00 0.00 -0.00 0.00 0.00 -0.00 0.00 0.00 -0.00 0.00 0.00 -0.00 0.00 0.00 -0.00 0.00 0.00 -0.00 0.00 0.00 -0.00 0.00 0.00 -0.00 0.00 0.00 -0.00 0.00 0.00 -0.00 0.00 0.00 -0.00 0.00 0.00 -0.00 0.00 0.00 -0.00 0.00 0.00 -0.00 0.00 0.00 -0.00 0.00 0.00 -0.00 0.00 0.00 -0.00 0.00
-0.0000 0.0216 0.0000 0.00 -0.00 0.00 0.00 -0.00 0.00 0.00 -0.00 0.00 0.00 -0.00 0.00 0.00 -0.00 0.00 0.00 -0.00 0.00 0.00 -0.00 0.00 0.00 -0.00 0.00 0.00 -0.00 0.00 0.00 -0.00 0.00 0.00 -0.00 0.00 0.00 -0.00 0.00 0.00 -0.00 0.00 0.00 -0.00 0.00 0.00 -0.00 0.00 0.00 -0.00 0.00 0.00 -0.00 0.00 0.00 -0.00 0.00 69.06 -37.95 134.56 -0.00 23.42 -0.00 -6.28 10.14 20.11 -1.35 12.81 32.73 0.00 0.00 -0.00 2.00 -0.02 0.61 -0.05 -0.29 8.55 -0.04 -0.15 4.31 0.00 0.00 -0.00 0.00 -0.00 1.62 -0.00 -0.00 16.38 0.00 0.00 8.49 0.00 0.00 -0.00 -2.00 0.08 2.24 0.26 0.63 19.89 0.20 0.31 10.45 0.00 0.00 -0.00 -4.00 0.02 0.25 0.02 0.30 4.34 0.02 0.15 2.16 0.00 -0.00 0.00 0.00 -0.00 0.00 0.00 -0.00 0.00 0.00 -0.00 0.00 0.00 -0.00 0.00 0.00 -0.00 0.00 0.00 -0.00 0.00 0.00 -0.00 0.00 0.00 -0.00 0.00 0.00 -0.00 0.00 0.00 -0.00 0.00 0.00 -0.00 0.00 0.00 -0.00 0.00 0.00 -0.00 0.00 0.00 -0.00 0.00 0.00 -0.00 0.00 0.00 -0.00 0.00 0.00 -0.00 0.00 0.00 -0.00 0.00 0.00 -0.00 0.00 0.00 -0.00 0.00 0.00 -0.00 0.00 0.00 -0.00 0.00
-0.0000 0.0217 0.0000 0.00 -0.00 0.00 0.00 -0.00 0.00 0.00 -0.00 0.00 0.00 -0.00 0.00 0.00 -0.00 0.00 0.00 -0.00 0.00 0.00 -0.00 0.00 0.00 -0.00 0.00 0.00 -0.00 0.00 0.00 -0.00 0.00 0.00 -0.00 0.00 0.00 -0.00 0.00 0.00 -0.00 0.00 0.00 -0.00 0.00 0.00 -0.00 0.00 0.00 -0.00 0.00 0.00 -0.00 0.00 0.00 -0.00 0.00 69.06 -37.95 134.56 -0.00 23.42 -0.00 -6.28 10.14 20.11 -1.35 12.81 32.73 0.00 0.00 -0.00 2.00 -0.02 0.61 -0.05 -0.29 8.55 -0.04 -0.15 4.31 0.00 0.00 -0.00 0.00 -0.00 1.62 -0.00 -0.00 16.38 0.00 0.00 8.49 0.00 0.00 -0.00 -2.00 0.08 2.24 0.26 0.63 19.89 0.20 0.31 10.45 0.00 0.00 -0.00 -4.00 0.02 0.25 0.02 0.30 4.34 0.02 0.15 2.16 0.00 -0.00 0.00 0.00 -0.00 0.00 0.00 -0.00 0.00 0.00 -0.00 0.00 0.00 -0.00 0.00 0.00 -0.00 0.00 0.00 -0.00 0.00 0.00 -0.00 0.00 0.00 -0.00 0.00 0.00 -0.00 0.00 0.00 -0.00 0.00 0.00 -0.00 0.00 0.00 -0.00 0.00 0.00 -0.00 0.00 0.00 -0.00 0.00 0.00 -0.00 0.00 0.00 -0.00 0.00 0.00 -0.00 0.00 0.00 -0.00 0.00 0.00 -0.00 0.00 0.00 -0.00 0.00 0.00 -0.00 0.00 0.00 -0.00 0.00
-0.0000 0.0221 0.0000 0.00 -0.00 0.00 0.00 -0.00 0.00 0.00 -0.00 0.00 0.00 -0.00 0.00 0.00 -0.00 0.00 0.00 -0.00 0.00 0.00 -0.00 0.00 0.00 -0.00 0.00 0.00 -0.00 0.00 0.00 -0.00 0.00 0.00 -0.00 0.00 0.00 -0.00 0.00 0.00 -0.00 0.00 0.00 -0.00 0.00 0.00 -0.00 0.00 0.00 -0.00 0.00 0.00 -0.00 0.00 0.00 -0.00 0.00 69.06 -37.95 134.56 -0.00 23.42 -0.00 -6.28 10.14 20.11 -1.35 12.81 32.73 0.00 0.00 -0.00 2.00 -0.02 0.61 -0.05 -0.29 8.55 -0.04 -0.15 4.31 0.00 0.00 -0.00 0.00 -0.00 1.62 -0.00 -0.00 16.38 0.00 0.00 8.49 0.00 0.00 -0.00 -2.00 0.08 2.24 0.26 0.63 19.89 0.20 0.31 10.45 0.00 0.00 -0.00 -4.00 0.02 0.25 0.02 0.30 4.34 0.02 0.15 2.16 0.00 -0.00 0.00 0.00 -0.00 0.00 0.00 -0.00 0.00 0.00 -0.00 0.00 0.00 -0.00 0.00 0.00 -0.00 0.00 0.00 -0.00 0.00 0.00 -0.00 0.00 0.00 -0.00 0.00 0.00 -0.00 0.00 0.00 -0.00 0.00 0.00 -0.00 0.00 0.00 -0.00 0.00 0.00 -0.00 0.00 0.00 -0.00 0.00 0.00 -0.00 0.00 0.00 -0.00 0.00 0.00 -0.00 0.00 0.00 -0.00 0.00 0.00 -0.00 0.00 0.00 -0.00 0.00 0.00 -0.00 0.00 0.00 -0.00 0.00
-0.0000 0.0220 0.0000 0.00 -0.00 0.00 0.00 -0.00 0.00 0.00 -0.00 0.00 0.00 -0.00 0.00 0.00 -0.00 0.00 0.00 -0.00 0.00 0.00 -0.00 0.00 0.00 -0.00 0.00 0.00 -0.00 0.00 0.00 -0.00 0.00 0.00 -0.00 0.00 0.00 -0.00 0.00 0.00 -0.00 0.00 0.00 -0.00 0.00 0.00 -0.00 0.00 0.00 -0.00 0.00 0.00 -0.00 0.00 0.00 -0.00 0.00 69.06 -37.95 134.56 -0.00 23.42 -0.00 -6.28 10.14 20.11 -1.35 12.81 32.73 0.00 0.00 -0.00 2.00 -0.02 0.61 -0.05 -0.29 8.55 -0.04 -0.15 4.31 0.00 0.00 -0.00 0.00 -0.00 1.62 -0.00 -0.00 16.38 0.00 0.00 8.49 0.00 0.00 -0.00 -2.00 0.08 2.24 0.26 0.63 19.89 0.20 0.31 10.45 0.00 0.00 -0.00 -4.00 0.02 0.25 0.02 0.30 4.34 0.02 0.15 2.16 0.00 -0.00 0.00 0.00 -0.00 0.00 0.00 -0.00 0.00 0.00 -0.00 0.00 0.00 -0.00 0.00 0.00 -0.00 0.00 0.00 -0.00 0.00 0.00 -0.00 0.00 0.00 -0.00 0.00 0.00 -0.00 0.00 0.00 -0.00 0.00 0.00 -0.00 0.00 0.00 -0.00 0.00 0.00 -0.00 0.00 0.00 -0.00 0.00 0.00 -0.00 0.00 0.00 -0.00 0.00 0.00 -0.00 0.00 0.00 -0.00 0.00 0.00 -0.00 0.00 0.00 -0.00 0.00 0.00 -0.00 0.00 0.00 -0.00 0.00
-0.0000 0.0218 0.0000 0.00 -0.00 0.00 0.00 -0.00 0.00 0.00 -0.00 0.00 0.00 -0.00 0.00 0.00 -0.00 0.00 0.00 -0.00 0.00 0.00 -0.00 0.00 0.00 -0.00 0.00 0.00 -0.00 0.00 0.00 -0.00 0.00 0.00 -0.00 0.00 0.00 -0.00 0.00 0.00 -0.00 0.00 0.00 -0.00 0.00 0.00 -0.00 0.00 0.00 -0.00 0.00 0.00 -0.00 0.00 0.00 -0.00 0.00 69.06 -37.95 134.56 -0.00 23.42 -0.00 -6.28 10.14 20.11 -1.35 12.81 32.73 0.00 0.00 -0.00 2.00 -0.02 0.61 -0.05 -0.29 8.55 -0.04 -0.15 4.31 0.00 0.00 -0.00 0.00 -0.00 1.62 -0.00 -0.00 16.38 0.00 0.00 8.49 0.00 0.00 -0.00 -2.00 0.08 2.24 0.26 0.63 19.89 0.20 0.31 10.45 0.00 0.00 -0.00 -4.00 0.02 0.25 0.02 0.30 4.34 0.02 0.15 2.16 0.00 -0.00 0.00 0.00 -0.00 0.00 0.00 -0.00 0.00 0.00 -0.00 0.00 0.00 -0.00 0.00 0.00 -0.00 0.00 0.00 -0.00 0.00 0.00 -0.00 0.00 0.00 -0.00 0.00 0.00 -0.00 0.00 0.00 -0.00 0.00 0.00 -0.00 0.00 0.00 -0.00 0.00 0.00 -0.00 0.00 0.00 -0.00 0.00 0.00 -0.00 0.00 0.00 -0.00 0.00 0.00 -0.00 0.00 0.00 -0.00 0.00 0.00 -0.00 0.00 0.00 -0.00 0.00 0.00 -0.00 0.00 0.00 -0.00 0.00
-0.0000 0.0224 0.0000 0.00 -0.00 0.00 0.00 -0.00 0.00 0.00 -0.00 0.00 0.00 -0.00 0.00 0.00 -0.00 0.00 0.00 -0.00 0.00 0.00 -0.00 0.00 0.00 -0.00 0.00 0.00 -0.00 0.00 0.00 -0.00 0.00 0.00 -0.00 0.00 0.00 -0.00 0.00 0.00 -0.00 0.00 0.00 -0.00 0.00 0.00 -0.00 0.00 0.00 -0.00 0.00 0.00 -0.00 0.00 0.00 -0.00 0.00 69.06 -37.95 134.56 -0.00 23.42 -0.00 -6.28 10.14 20.11 -1.35 12.81 32.73 0.00 0.00 -0.00 2.00 -0.02 0.61 -0.05 -0.29 8.55 -0.04 -0.15 4.31 0.00 0.00 -0.00 0.00 -0.00 1.62 -0.00 -0.00 16.38 0.00 0.00 8.49 0.00 0.00 -0.00 -2.00 0.08 2.24 0.26 0.63 19.89 0.20 0.31 10.45 0.00 0.00 -0.00 -4.00 0.02 0.25 0.02 0.30 4.34 0.02 0.15 2.16 0.00 -0.00 0.00 0.00 -0.00 0.00 0.00 -0.00 0.00 0.00 -0.00 0.00 0.00 -0.00 0.00 0.00 -0.00 0.00 0.00 -0.00 0.00 0.00 -0.00 0.00 0.00 -0.00 0.00 0.00 -0.00 0.00 0.00 -0.00 0.00 0.00 -0.00 0.00 0.00 -0.00 0.00 0.00 -0.00 0.00 0.00 -0.00 0.00 0.00 -0.00 0.00 0.00 -0.00 0.00 0.00 -0.00 0.00 0.00 -0.00 0.00 0.00 -0.00 0.00 0.00 -0.00 0.00 0.00 -0.00 0.00 0.00 -0.00 0.00
-0.0000 0.0220 0.0000 0.00 -0.00 0.00 0.00 -0.00 0.00 0.00 -0.00 0.00 0.00 -0.00 0.00 0.00 -0.00 0.00 0.00 -0.00 0.00 0.00 -0.00 0.00 0.00 -0.00 0.00 0.00 -0.00 0.00 0.00 -0.00 0.00 0.00 -0.00 0.00 0.00 -0.00 0.00 0.00 -0.00 0.00 0.00 -0.00 0.00 0.00 -0.00 0.00 0.00 -0.00 0.00 0.00 -0.00 0.00 0.00 -0.00 0.00 69.06 -37.95 134.56 -0.00 23.42 -0.00 -6.28 10.14 20.11 -1.35 12.81 32.73 0.00 0.00 -0.00 2.00 -0.02 0.61 -0.05 -0.29 8.55 -0.04 -0.15 4.31 0.00 0.00 -0.00 0.00 -0.00 1.62 -0.00 -0.00 16.38 0.00 0.00 8.49 0.00 0.00 -0.00 -2.00 0.08 2.24 0.26 0.63 19.89 0.20 0.31 10.45 0.00 0.00 -0.00 -4.00 0.02 0.25 0.02 0.30 4.34 0.02 0.15 2.16 0.00 -0.00 0.00 0.00 -0.00 0.00 0.00 -0.00 0.00 0.00 -0.00 0.00 0.00 -0.00 0.00 0.00 -0.00 0.00 0.00 -0.00 0.00 0.00 -0.00 0.00 0.00 -0.00 0.00 0.00 -0.00 0.00 0.00 -0.00 0.00 0.00 -0.00 0.00 0.00 -0.00 0.00 0.00 -0.00 0.00 0.00 -0.00 0.00 0.00 -0.00 0.00 0.00 -0.00 0.00 0.00 -0.00 0.00 0.00 -0.00 0.00 0.00 -0.00 0.00 0.00 -0.00 0.00 0.00 -0.00 0.00 0.00 -0.00 0.00
-0.0000 0.0225 0.0000 0.00 -0.00 0.00 0.00 -0.00 0.00 0.00 -0.00 0.00 0.00 -0.00 0.00 0.00 -0.00 0.00 0.00 -0.00 0.00 0.00 -0.00 0.00 0.00 -0.00 0.00 0.00 -0.00 0.00 0.00 -0.00 0.00 0.00 -0.00 0.00 0.00 -0.00 0.00 0.00 -0.00 0.00 0.00 -0.00 0.00 0.00 -0.00 0.00 0.00 -0.00 0.00 0.00 -0.00 0.00 0.00 -0.00 0.00 69.06 -37.95 134.56 -0.00 23.42 -0.00 -6.28 10.14 20.11 -1.35 12.81 32.73 0.00 0.00 -0.00 2.00 -0.02 0.61 -0.05 -0.29 8.55 -0.04 -0.15 4.31 0.00 0.00 -0.00 0.00 -0.00 1.62 -0.00 -0.00 16.38 0.00 0.00 8.49 0.00 0.00 -0.00 -2.00 0.08 2.24 0.26 0.63 19.89 0.20 0.31 10.45 0.00 0.00 -0.00 -4.00 0.02 0.25 0.02 0.30 4.34 0.02 0.15 2.16 0.00 -0.00 0.00 0.00 -0.00 0.00 0.00 -0.00 0.00 0.00 -0.00 0.00 0.00 -0.00 0.00 0.00 -0.00 0.00 0.00 -0.00 0.00 0.00 -0.00 0.00 0.00 -0.00 0.00 0.00 -0.00 0.00 0.00 -0.00 0.00 0.00 -0.00 0.00 0.00 -0.00 0.00 0.00 -0.00 0.00 0.00 -0.00 0.00 0.00 -0.00 0.00 0.00 -0.00 0.00 0.00 -0.00 0.00 0.00 -0.00 0.00 0.00 -0.00 0.00 0.00 -0.00 0.00 0.00 -0.00 0.00 0.00 -0.00 0.00
-0.0000 0.0222 0.0000 0.00 -0.00 0.00 0.00 -0.00 0.00 0.00 -0.00 0.00 0.00 -0.00 0.00 0.00 -0.00 0.00 0.00 -0.00 0.00 0.00 -0.00 0.00 0.00 -0.00 0.00 0.00 -0.00 0.00 0.00 -0.00 0.00 0.00 -0.00 0.00 0.00 -0.00 0.00 0.00 -0.00 0.00 0.00 -0.00 0.00 0.00 -0.00 0.00 0.00 -0.00 0.00 0.00 -0.00 0.00 0.00 -0.00 0.00 69.06 -37.95 134.56 -0.00 23.42 -0.00 -6.28 10.14 20.11 -1.35 12.81 32.73 0.00 0.00 -0.00 2.00 -0.02 0.61 -0.05 -0.29 8.55 -0.04 -0.15 4.31 0.00 0.00 -0.00 0.00 -0.00 1.62 -0.00 -0.00 16.38 0.00 0.00 8.49 0.00 0.00 -0.00 -2.00 0.08 2.24 0.26 0.63 19.89 0.20 0.31 10.45 0.00 0.00 -0.00 -4.00 0.02 0.25 0.02 0.30 4.34 0.02 0.15 2.16 0.00 -0.00 0.00 0.00 -0.00 0.00 0.00 -0.00 0.00 0.00 -0.00 0.00 0.00 -0.00 0.00 0.00 -0.00 0.00 0.00 -0.00 0.00 0.00 -0.00 0.00 0.00 -0.00 0.00 0.00 -0.00 0.00 0.00 -0.00 0.00 0.00 -0.00 0.00 0.00 -0.00 0.00 0.00 -0.00 0.00 0.00 -0.00 0.00 0.00 -0.00 0.00 0.00 -0.00 0.00 0.00 -0.00 0.00 0.00 -0.00 0.00 0.00 -0.00 0.00 0.00 -0.00 0.00 0.00 -0.00 0.00 0.00 -0.00 0.00
-0.0000 0.0226 0.0000 0.00 -0.00 0.00 0.00 -0.00 0.00 0.00 -0.00 0.00 0.00 -0.00 0.00 0.00 -0.00 0.00 0.00 -0.00 0.00 0.00 -0.00 0.00 0.00 -0.00 0.00 0.00 -0.00 0.00 0.00 -0.00 0.00 0.00 -0.00 0.00 0.00 -0.00 0.00 0.00 -0.00 0.00 0.00 -0.00 0.00 0.00 -0.00 0.00 0.00 -0.00 0.00 0.00 -0.00 0.00 0.00 -0.00 0.00 69.06 -37.95 134.56 -0.00 23.42 -0.00 -6.28 10.14 20.11 -1.35 12.81 32.73 0.00 0.00 -0.00 2.00 -0.02 0.61 -0.05 -0.29 8.55 -0.04 -0.15 4.31 0.00 0.00 -0.00 0.00 -0.00 1.62 -0.00 -0.00 16.38 0.00 0.00 8.49 0.00 0.00 -0.00 -2.00 0.08 2.24 0.26 0.63 19.89 0.20 0.31 10.45 0.00 0.00 -0.00 -4.00 0.02 0.25 0.02 0.30 4.34 0.02 0.15 2.16 0.00 -0.00 0.00 0.00 -0.00 0.00 0.00 -0.00 0.00 0.00 -0.00 0.00 0.00 -0.00 0.00 0.00 -0.00 0.00 0.00 -0.00 0.00 0.00 -0.00 0.00 0.00 -0.00 0.00 0.00 -0.00 0.00 0.00 -0.00 0.00 0.00 -0.00 0.00 0.00 -0.00 0.00 0.00 -0.00 0.00 0.00 -0.00 0.00 0.00 -0.00 0.00 0.00 -0.00 0.00 0.00 -0.00 0.00 0.00 -0.00 0.00 0.00 -0.00 0.00 0.00 -0.00 0.00 0.00 -0.00 0.00 0.00 -0.00 0.00
-0.0000 0.0229 0.0000 0.00 -0.00 0.00 0.00 -0.00 0.00 0.00 -0.00 0.00 0.00 -0.00 0.00 0.00 -0.00 0.00 0.00 -0.00 0.00 0.00 -0.00 0.00 0.00 -0.00 0.00 0.00 -0.00 0.00 0.00 -0.00 0.00 0.00 -0.00 0.00 0.00 -0.00 0.00 0.00 -0.00 0.00 0.00 -0.00 0.00 0.00 -0.00 0.00 0.00 -0.00 0.00 0.00 -0.00 0.00 0.00 -0.00 0.00 69.06 -37.95 134.56 -0.00 23.42 -0.00 -6.28 10.14 20.11 -1.35 12.81 32.73 0.00 0.00 -0.00 2.00 -0.02 0.61 -0.05 -0.29 8.55 -0.04 -0.15 4.31 0.00 0.00 -0.00 0.00 -0.00 1.62 -0.00 -0.00 16.38 0.00 0.00 8.49 0.00 0.00 -0.00 -2.00 0.08 2.24 0.26 0.63 19.89 0.20 0.31 10.45 0.00 0.00 -0.00 -4.00 0.02 0.25 0.02 0.30 4.34 0.02 0.15 2.16 0.00 -0.00 0.00 0.00 -0.00 0.00 0.00 -0.00 0.00 0.00 -0.00 0.00 0.00 -0.00 0.00 0.00 -0.00 0.00 0.00 -0.00 0.00 0.00 -0.00 0.00 0.00 -0.00 0.00 0.00 -0.00 0.00 0.00 -0.00 0.00 0.00 -0.00 0.00 0.00 -0.00 0.00 0.00 -0.00 0.00 0.00 -0.00 0.00 0.00 -0.00 0.00 0.00 -0.00 0.00 0.00 -0.00 0.00 0.00 -0.00 0.00 0.00 -0.00 0.00 0.00 -0.00 0.00 0.00 -0.00 0.00 0.00 -0.00 0.00
-0.0000 0.0234 0.0000 0.00 -0.00 0.00 0.00 -0.00 0.00 0.00 -0.00 0.00 0.00 -0.00 0.00 0.00 -0.00 0.00 0.00 -0.00 0.00 0.00 -0.00 0.00 0.00 -0.00 0.00 0.00 -0.00 0.00 0.00 -0.00 0.00 0.00 -0.00 0.00 0.00 -0.00 0.00 0.00 -0.00 0.00 0.00 -0.00 0.00 0.00 -0.00 0.00 0.00 -0.00 0.00 0.00 -0.00 0.00 0.00 -0.00 0.00 69.06 -37.95 134.56 -0.00 23.42 -0.00 -6.28 10.14 20.11 -1.35 12.81 32.73 0.00 0.00 -0.00 2.00 -0.02 0.61 -0.05 -0.29 8.55 -0.04 -0.15 4.31 0.00 0.00 -0.00 0.00 -0.00 1.62 -0.00 -0.00 16.38 0.00 0.00 8.49 0.00 0.00 -0.00 -2.00 0.08 2.24 0.26 0.63 19.89 0.20 0.31 10.45 0.00 0.00 -0.00 -4.00 0.02 0.25 0.02 0.30 4.34 0.02 0.15 2.16 0.00 -0.00 0.00 0.00 -0.00 0.00 0.00 -0.00 0.00 0.00 -0.00 0.00 0.00 -0.00 0.00 0.00 -0.00 0.00 0.00 -0.00 0.00 0.00 -0.00 0.00 0.00 -0.00 0.00 0.00 -0.00 0.00 0.00 -0.00 0.00 0.00 -0.00 0.00 0.00 -0.00 0.00 0.00 -0.00 0.00 0.00 -0.00 0.00 0.00 -0.00 0.00 0.00 -0.00 0.00 0.00 -0.00 0.00 0.00 -0.00 0.00 0.00 -0.00 0.00 0.00 -0.00 0.00 0.00 -0.00 0.00 0.00 -0.00 0.00
-0.0000 0.0235 0.0000 0.00 -0.00 0.00 0.00 -0.00 0.00 0.00 -0.00 0.00 0.00 -0.00 0.00 0.00 -0.00 0.00 0.00 -0.00 0.00 0.00 -0.00 0.00 0.00 -0.00 0.00 0.00 -0.00 0.00 0.00 -0.00 0.00 0.00 -0.00 0.00 0.00 -0.00 0.00 0.00 -0.00 0.00 0.00 -0.00 0.00 0.00 -0.00 0.00 0.00 -0.00 0.00 0.00 -0.00 0.00 0.00 -0.00 0.00 69.06 -37.95 134.56 -0.00 23.42 -0.00 -6.28 10.14 20.11 -1.35 12.81 32.73 0.00 0.00 -0.00 2.00 -0.02 0.61 -0.05 -0.29 8.55 -0.04 -0.15 4.31 0.00 0.00 -0.00 0.00 -0.00 1.62 -0.00 -0.00 16.38 0.00 0.00 8.49 0.00 0.00 -0.00 -2.00 0.08 2.24 0.26 0.63 19.89 0.20 0.31 10.45 0.00 0.00 -0.00 -4.00 0.02 0.25 0.02 0.30 4.34 0.02 0.15 2.16 0.00 -0.00 0.00 0.00 -0.00 0.00 0.00 -0.00 0.00 0.00 -0.00 0.00 0.00 -0.00 0.00 0.00 -0.00 0.00 0.00 -0.00 0.00 0.00 -0.00 0.00 0.00 -0.00 0.00 0.00 -0.00 0.00 0.00 -0.00 0.00 0.00 -0.00 0.00 0.00 -0.00 0.00 0.00 -0.00 0.00 0.00 -0.00 0.00 0.00 -0.00 0.00 0.00 -0.00 0.00 0.00 -0.00 0.00 0.00 -0.00 0.00 0.00 -0.00 0.00 0.00 -0.00 0.00 0.00 -0.00 0.00 0.00 -0.00 0.00
-0.0000 0.0235 0.0000 0.00 -0.00 0.00 0.00 -0.00 0.00 0.00 -0.00 0.00 0.00 -0.00 0.00 0.00 -0.00 0.00 0.00 -0.00 0.00 0.00 -0.00 0.00 0.00 -0.00 0.00 0.00 -0.00 0.00 0.00 -0.00 0.00 0.00 -0.00 0.00 0.00 -0.00 0.00 0.00 -0.00 0.00 0.00 -0.00 0.00 0.00 -0.00 0.00 0.00 -0.00 0.00 0.00 -0.00 0.00 0.00 -0.00 0.00 69.06 -37.95 134.56 -0.00 23.42 -0.00 -6.28 10.14 20.11 -1.35 12.81 32.73 0.00 0.00 -0.00 2.00 -0.02 0.61 -0.05 -0.29 8.55 -0.04 -0.15 4.31 0.00 0.00 -0.00 0.00 -0.00 1.62 -0.00 -0.00 16.38 0.00 0.00 8.49 0.00 0.00 -0.00 -2.00 0.08 2.24 0.26 0.63 19.89 0.20 0.31 10.45 0.00 0.00 -0.00 -4.00 0.02 0.25 0.02 0.30 4.34 0.02 0.15 2.16 0.00 -0.00 0.00 0.00 -0.00 0.00 0.00 -0.00 0.00 0.00 -0.00 0.00 0.00 -0.00 0.00 0.00 -0.00 0.00 0.00 -0.00 0.00 0.00 -0.00 0.00 0.00 -0.00 0.00 0.00 -0.00 0.00 0.00 -0.00 0.00 0.00 -0.00 0.00 0.00 -0.00 0.00 0.00 -0.00 0.00 0.00 -0.00 0.00 0.00 -0.00 0.00 0.00 -0.00 0.00 0.00 -0.00 0.00 0.00 -0.00 0.00 0.00 -0.00 0.00 0.00 -0.00 0.00 0.00 -0.00 0.00 0.00 -0.00 0.00
-0.0000 0.0242 0.0000 0.00 -0.00 0.00 0.00 -0.00 0.00 0.00 -0.00 0.00 0.00 -0.00 0.00 0.00 -0.00 0.00 0.00 -0.00 0.00 0.00 -0.00 0.00 0.00 -0.00 0.00 0.00 -0.00 0.00 0.00 -0.00 0.00 0.00 -0.00 0.00 0.00 -0.00 0.00 0.00 -0.00 0.00 0.00 -0.00 0.00 0.00 -0.00 0.00 0.00 -0.00 0.00 0.00 -0.00 0.00 0.00 -0.00 0.00 69.06 -37.95 134.56 -0.00 23.42 -0.00 -6.28 10.14 20.11 -1.35 12.81 32.73 0.00 0.00 -0.00 2.00 -0.02 0.61 -0.05 -0.29 8.55 -0.04 -0.15 4.31 0.00 0.00 -0.00 0.00 -0.00 1.62 -0.00 -0.00 16.38 0.00 0.00 8.49 0.00 0.00 -0.00 -2.00 0.08 2.24 0.26 0.63 19.89 0.20 0.31 10.45 0.00 0.00 -0.00 -4.00 0.02 0.25 0.02 0.30 4.34 0.02 0.15 2.16 0.00 -0.00 0.00 0.00 -0.00 0.00 0.00 -0.00 0.00 0.00 -0.00 0.00 0.00 -0.00 0.00 0.00 -0.00 0.00 0.00 -0.00 0.00 0.00 -0.00 0.00 0.00 -0.00 0.00 0.00 -0.00 0.00 0.00 -0.00 0.00 0.00 -0.00 0.00 0.00 -0.00 0.00 0.00 -0.00 0.00 0.00 -0.00 0.00 0.00 -0.00 0.00 0.00 -0.00 0.00 0.00 -0.00 0.00 0.00 -0.00 0.00 0.00 -0.00 0.00 0.00 -0.00 0.00 0.00 -0.00 0.00 0.00 -0.00 0.00
-0.0000 0.0234 0.0000 0.00 -0.00 0.00 0.00 -0.00 0.00 0.00 -0.00 0.00 0.00 -0.00 0.00 0.00 -0.00 0.00 0.00 -0.00 0.00 0.00 -0.00 0.00 0.00 -0.00 0.00 0.00 -0.00 0.00 0.00 -0.00 0.00 0.00 -0.00 0.00 0.00 -0.00 0.00 0.00 -0.00 0.00 0.00 -0.00 0.00 0.00 -0.00 0.00 0.00 -0.00 0.00 0.00 -0.00 0.00 0.00 -0.00 0.00 69.06 -37.95 134.56 -0.00 23.42 -0.00 -6.28 10.14 20.11 -1.35 12.81 32.73 0.00 0.00 -0.00 2.00 -0.02 0.61 -0.05 -0.29 8.55 -0.04 -0.15 4.31 0.00 0.00 -0.00 0.00 -0.00 1.62 -0.00 -0.00 16.38 0.00 0.00 8.49 0.00 0.00 -0.00 -2.00 0.08 2.24 0.26 0.63 19.89 0.20 0.31 10.45 0.00 0.00 -0.00 -4.00 0.02 0.25 0.02 0.30 4.34 0.02 0.15 2.16 0.00 -0.00 0.00 0.00 -0.00 0.00 0.00 -0.00 0.00 0.00 -0.00 0.00 0.00 -0.00 0.00 0.00 -0.00 0.00 0.00 -0.00 0.00 0.00 -0.00 0.00 0.00 -0.00 0.00 0.00 -0.00 0.00 0.00 -0.00 0.00 0.00 -0.00 0.00 0.00 -0.00 0.00 0.00 -0.00 0.00 0.00 -0.00 0.00 0.00 -0.00 0.00 0.00 -0.00 0.00 0.00 -0.00 0.00 0.00 -0.00 0.00 0.00 -0.00 0.00 0.00 -0.00 0.00 0.00 -0.00 0.00 0.00 -0.00 0.00
-0.0000 0.0230 0.0000 0.00 -0.00 0.00 0.00 -0.00 0.00 0.00 -0.00 0.00 0.00 -0.00 0.00 0.00 -0.00 0.00 0.00 -0.00 0.00 0.00 -0.00 0.00 0.00 -0.00 0.00 0.00 -0.00 0.00 0.00 -0.00 0.00 0.00 -0.00 0.00 0.00 -0.00 0.00 0.00 -0.00 0.00 0.00 -0.00 0.00 0.00 -0.00 0.00 0.00 -0.00 0.00 0.00 -0.00 0.00 0.00 -0.00 0.00 69.06 -37.95 134.56 -0.00 23.42 -0.00 -6.28 10.14 20.11 -1.35 12.81 32.73 0.00 0.00 -0.00 2.00 -0.02 0.61 -0.05 -0.29 8.55 -0.04 -0.15 4.31 0.00 0.00 -0.00 0.00 -0.00 1.62 -0.00 -0.00 16.38 0.00 0.00 8.49 0.00 0.00 -0.00 -2.00 0.08 2.24 0.26 0.63 19.89 0.20 0.31 10.45 0.00 0.00 -0.00 -4.00 0.02 0.25 0.02 0.30 4.34 0.02 0.15 2.16 0.00 -0.00 0.00 0.00 -0.00 0.00 0.00 -0.00 0.00 0.00 -0.00 0.00 0.00 -0.00 0.00 0.00 -0.00 0.00 0.00 -0.00 0.00 0.00 -0.00 0.00 0.00 -0.00 0.00 0.00 -0.00 0.00 0.00 -0.00 0.00 0.00 -0.00 0.00 0.00 -0.00 0.00 0.00 -0.00 0.00 0.00 -0.00 0.00 0.00 -0.00 0.00 0.00 -0.00 0.00 0.00 -0.00 0.00 0.00 -0.00 0.00 0.00 -0.00 0.00 0.00 -0.00 0.00 0.00 -0.00 0.00 0.00 -0.00 0.00
-0.0000 0.0229 0.0000 0.00 -0.00 0.00 0.00 -0.00 0.00 0.00 -0.00 0.00 0.00 -0.00 0.00 0.00 -0.00 0.00 0.00 -0.00 0.00 0.00 -0.00 0.00 0.00 -0.00 0.00 0.00 -0.00 0.00 0.00 -0.00 0.00 0.00 -0.00 0.00 0.00 -0.00 0.00 0.00 -0.00 0.00 0.00 -0.00 0.00 0.00 -0.00 0.00 0.00 -0.00 0.00 0.00 -0.00 0.00 0.00 -0.00 0.00 69.06 -37.95 134.56 -0.00 23.42 -0.00 -6.28 10.14 20.11 -1.35 12.81 32.73 0.00 0.00 -0.00 2.00 -0.02 0.61 -0.05 -0.29 8.55 -0.04 -0.15 4.31 0.00 0.00 -0.00 0.00 -0.00 1.62 -0.00 -0.00 16.38 0.00 0.00 8.49 0.00 0.00 -0.00 -2.00 0.08 2.24 0.26 0.63 19.89 0.20 0.31 10.45 0.00 0.00 -0.00 -4.00 0.02 0.25 0.02 0.30 4.34 0.02 0.15 2.16 0.00 -0.00 0.00 0.00 -0.00 0.00 0.00 -0.00 0.00 0.00 -0.00 0.00 0.00 -0.00 0.00 0.00 -0.00 0.00 0.00 -0.00 0.00 0.00 -0.00 0.00 0.00 -0.00 0.00 0.00 -0.00 0.00 0.00 -0.00 0.00 0.00 -0.00 0.00 0.00 -0.00 0.00 0.00 -0.00 0.00 0.00 -0.00 0.00 0.00 -0.00 0.00 0.00 -0.00 0.00 0.00 -0.00 0.00 0.00 -0.00 0.00 0.00 -0.00 0.00 0.00 -0.00 0.00 0.00 -0.00 0.00 0.00 -0.00 0.00
-0.0000 0.0226 0.0000 0.00 -0.00 0.00 0.00 -0.00 0.00 0.00 -0.00 0.00 0.00 -0.00 0.00 0.00 -0.00 0.00 0.00 -0.00 0.00 0.00 -0.00 0.00 0.00 -0.00 0.00 0.00 -0.00 0.00 0.00 -0.00 0.00 0.00 -0.00 0.00 0.00 -0.00 0.00 0.00 -0.00 0.00 0.00 -0.00 0.00 0.00 -0.00 0.00 0.00 -0.00 0.00 0.00 -0.00 0.00 0.00 -0.00 0.00 69.06 -37.95 134.56 -0.00 23.42 -0.00 -6.28 10.14 20.11 -1.35 12.81 32.73 0.00 0.00 -0.00 2.00 -0.02 0.61 -0.05 -0.29 8.55 -0.04 -0.15 4.31 0.00 0.00 -0.00 0.00 -0.00 1.62 -0.00 -0.00 16.38 0.00 0.00 8.49 0.00 0.00 -0.00 -2.00 0.08 2.24 0.26 0.63 19.89 0.20 0.31 10.45 0.00 0.00 -0.00 -4.00 0.02 0.25 0.02 0.30 4.34 0.02 0.15 2.16 0.00 -0.00 0.00 0.00 -0.00 0.00 0.00 -0.00 0.00 0.00 -0.00 0.00 0.00 -0.00 0.00 0.00 -0.00 0.00 0.00 -0.00 0.00 0.00 -0.00 0.00 0.00 -0.00 0.00 0.00 -0.00 0.00 0.00 -0.00 0.00 0.00 -0.00 0.00 0.00 -0.00 0.00 0.00 -0.00 0.00 0.00 -0.00 0.00 0.00 -0.00 0.00 0.00 -0.00 0.00 0.00 -0.00 0.00 0.00 -0.00 0.00 0.00 -0.00 0.00 0.00 -0.00 0.00 0.00 -0.00 0.00 0.00 -0.00 0.00
-0.0000 0.0233 0.0000 0.00 -0.00 0.00 0.00 -0.00 0.00 0.00 -0.00 0.00 0.00 -0.00 0.00 0.00 -0.00 0.00 0.00 -0.00 0.00 0.00 -0.00 0.00 0.00 -0.00 0.00 0.00 -0.00 0.00 0.00 -0.00 0.00 0.00 -0.00 0.00 0.00 -0.00 0.00 0.00 -0.00 0.00 0.00 -0.00 0.00 0.00 -0.00 0.00 0.00 -0.00 0.00 0.00 -0.00 0.00 0.00 -0.00 0.00 69.06 -37.95 134.56 -0.00 23.42 -0.00 -6.28 10.14 20.11 -1.35 12.81 32.73 0.00 0.00 -0.00 2.00 -0.02 0.61 -0.05 -0.29 8.55 -0.04 -0.15 4.31 0.00 0.00 -0.00 0.00 -0.00 1.62 -0.00 -0.00 16.38 0.00 0.00 8.49 0.00 0.00 -0.00 -2.00 0.08 2.24 0.26 0.63 19.89 0.20 0.31 10.45 0.00 0.00 -0.00 -4.00 0.02 0.25 0.02 0.30 4.34 0.02 0.15 2.16 0.00 -0.00 0.00 0.00 -0.00 0.00 0.00 -0.00 0.00 0.00 -0.00 0.00 0.00 -0.00 0.00 0.00 -0.00 0.00 0.00 -0.00 0.00 0.00 -0.00 0.00 0.00 -0.00 0.00 0.00 -0.00 0.00 0.00 -0.00 0.00 0.00 -0.00 0.00 0.00 -0.00 0.00 0.00 -0.00 0.00 0.00 -0.00 0.00 0.00 -0.00 0.00 0.00 -0.00 0.00 0.00 -0.00 0.00 0.00 -0.00 0.00 0.00 -0.00 0.00 0.00 -0.00 0.00 0.00 -0.00 0.00 0.00 -0.00 0.00
-0.0000 0.0231 0.0000 0.00 -0.00 0.00 0.00 -0.00 0.00 0.00 -0.00 0.00 0.00 -0.00 0.00 0.00 -0.00 0.00 0.00 -0.00 0.00 0.00 -0.00 0.00 0.00 -0.00 0.00 0.00 -0.00 0.00 0.00 -0.00 0.00 0.00 -0.00 0.00 0.00 -0.00 0.00 0.00 -0.00 0.00 0.00 -0.00 0.00 0.00 -0.00 0.00 0.00 -0.00 0.00 0.00 -0.00 0.00 0.00 -0.00 0.00 69.06 -37.95 134.56 -0.00 23.42 -0.00 -6.28 10.14 20.11 -1.35 12.81 32.73 0.00 0.00 -0.00 2.00 -0.02 0.61 -0.05 -0.29 8.55 -0.04 -0.15 4.31 0.00 0.00 -0.00 0.00 -0.00 1.62 -0.00 -0.00 16.38 0.00 0.00 8.49 0.00 0.00 -0.00 -2.00 0.08 2.24 0.26 0.63 19.89 0.20 0.31 10.45 0.00 0.00 -0.00 -4.00 0.02 0.25 0.02 0.30 4.34 0.02 0.15 2.16 0.00 -0.00 0.00 0.00 -0.00 0.00 0.00 -0.00 0.00 0.00 -0.00 0.00 0.00 -0.00 0.00 0.00 -0.00 0.00 0.00 -0.00 0.00 0.00 -0.00 0.00 0.00 -0.00 0.00 0.00 -0.00 0.00 0.00 -0.00 0.00 0.00 -0.00 0.00 0.00 -0.00 0.00 0.00 -0.00 0.00 0.00 -0.00 0.00 0.00 -0.00 0.00 0.00 -0.00 0.00 0.00 -0.00 0.00 0.00 -0.00 0.00 0.00 -0.00 0.00 0.00 -0.00 0.00 0.00 -0.00 0.00 0.00 -0.00 0.00
-0.0000 0.0221 0.0000 0.00 -0.00 0.00 0.00 -0.00 0.00 0.00 -0.00 0.00 0.00 -0.00 0.00 0.00 -0.00 0.00 0.00 -0.00 0.00 0.00 -0.00 0.00 0.00 -0.00 0.00 0.00 -0.00 0.00 0.00 -0.00 0.00 0.00 -0.00 0.00 0.00 -0.00 0.00 0.00 -0.00 0.00 0.00 -0.00 0.00 0.00 -0.00 0.00 0.00 -0.00 0.00 0.00 -0.00 0.00 0.00 -0.00 0.00 69.06 -37.95 134.56 -0.00 23.42 -0.00 -6.28 10.14 20.11 -1.35 12.81 32.73 0.00 0.00 -0.00 2.00 -0.02 0.61 -0.05 -0.29 8.55 -0.04 -0.15 4.31 0.00 0.00 -0.00 0.00 -0.00 1.62 -0.00 -0.00 16.38 0.00 0.00 8.49 0.00 0.00 -0.00 -2.00 0.08 2.24 0.26 0.63 19.89 0.20 0.31 10.45 0.00 0.00 -0.00 -4.00 0.02 0.25 0.02 0.30 4.34 0.02 0.15 2.16 0.00 -0.00 0.00 0.00 -0.00 0.00 0.00 -0.00 0.00 0.00 -0.00 0.00 0.00 -0.00 0.00 0.00 -0.00 0.00 0.00 -0.00 0.00 0.00 -0.00 0.00 0.00 -0.00 0.00 0.00 -0.00 0.00 0.00 -0.00 0.00 0.00 -0.00 0.00 0.00 -0.00 0.00 0.00 -0.00 0.00 0.00 -0.00 0.00 0.00 -0.00 0.00 0.00 -0.00 0.00 0.00 -0.00 0.00 0.00 -0.00 0.00 0.00 -0.00 0.00 0.00 -0.00 0.00 0.00 -0.00 0.00 0.00 -0.00 0.00
-0.0000 0.0217 0.0000 0.00 -0.00 0.00 0.00 -0.00 0.00 0.00 -0.00 0.00 0.00 -0.00 0.00 0.00 -0.00 0.00 0.00 -0.00 0.00 0.00 -0.00 0.00 0.00 -0.00 0.00 0.00 -0.00 0.00 0.00 -0.00 0.00 0.00 -0.00 0.00 0.00 -0.00 0.00 0.00 -0.00 0.00 0.00 -0.00 0.00 0.00 -0.00 0.00 0.00 -0.00 0.00 0.00 -0.00 0.00 0.00 -0.00 0.00 69.06 -37.95 134.56 -0.00 23.42 -0.00 -6.28 10.14 20.11 -1.35 12.81 32.73 0.00 0.00 -0.00 2.00 -0.02 0.61 -0.05 -0.29 8.55 -0.04 -0.15 4.31 0.00 0.00 -0.00 0.00 -0.00 1.62 -0.00 -0.00 16.38 0.00 0.00 8.49 0.00 0.00 -0.00 -2.00 0.08 2.24 0.26 0.63 19.89 0.20 0.31 10.45 0.00 0.00 -0.00 -4.00 0.02 0.25 0.02 0.30 4.34 0.02 0.15 2.16 0.00 -0.00 0.00 0.00 -0.00 0.00 0.00 -0.00 0.00 0.00 -0.00 0.00 0.00 -0.00 0.00 0.00 -0.00 0.00 0.00 -0.00 0.00 0.00 -0.00 0.00 0.00 -0.00 0.00 0.00 -0.00 0.00 0.00 -0.00 0.00 0.00 -0.00 0.00 0.00 -0.00 0.00 0.00 -0.00 0.00 0.00 -0.00 0.00 0.00 -0.00 0.00 0.00 -0.00 0.00 0.00 -0.00 0.00 0.00 -0.00 0.00 0.00 -0.00 0.00 0.00 -0.00 0.00 0.00 -0.00 0.00 0.00 -0.00 0.00
-0.0000 0.0218 0.0000 0.00 -0.00 0.00 0.00 -0.00 0.00 0.00 -0.00 0.00 0.00 -0.00 0.00 0.00 -0.00 0.00 0.00 -0.00 0.00 0.00 -0.00 0.00 0.00 -0.00 0.00 0.00 -0.00 0.00 0.00 -0.00 0.00 0.00 -0.00 0.00 0.00 -0.00 0.00 0.00 -0.00 0.00 0.00 -0.00 0.00 0.00 -0.00 0.00 0.00 -0.00 0.00 0.00 -0.00 0.00 0.00 -0.00 0.00 69.06 -37.95 134.56 -0.00 23.42 -0.00 -6.28 10.14 20.11 -1.35 12.81 32.73 0.00 0.00 -0.00 2.00 -0.02 0.61 -0.05 -0.29 8.55 -0.04 -0.15 4.31 0.00 0.00 -0.00 0.00 -0.00 1.62 -0.00 -0.00 16.38 0.00 0.00 8.49 0.00 0.00 -0.00 -2.00 0.08 2.24 0.26 0.63 19.89 0.20 0.31 10.45 0.00 0.00 -0.00 -4.00 0.02 0.25 0.02 0.30 4.34 0.02 0.15 2.16 0.00 -0.00 0.00 0.00 -0.00 0.00 0.00 -0.00 0.00 0.00 -0.00 0.00 0.00 -0.00 0.00 0.00 -0.00 0.00 0.00 -0.00 0.00 0.00 -0.00 0.00 0.00 -0.00 0.00 0.00 -0.00 0.00 0.00 -0.00 0.00 0.00 -0.00 0.00 0.00 -0.00 0.00 0.00 -0.00 0.00 0.00 -0.00 0.00 0.00 -0.00 0.00 0.00 -0.00 0.00 0.00 -0.00 0.00 0.00 -0.00 0.00 0.00 -0.00 0.00 0.00 -0.00 0.00 0.00 -0.00 0.00 0.00 -0.00 0.00
-0.0000 0.0213 0.0000 0.00 -0.00 0.00 0.00 -0.00 0.00 0.00 -0.00 0.00 0.00 -0.00 0.00 0.00 -0.00 0.00 0.00 -0.00 0.00 0.00 -0.00 0.00 0.00 -0.00 0.00 0.00 -0.00 0.00 0.00 -0.00 0.00 0.00 -0.00 0.00 0.00 -0.00 0.00 0.00 -0.00 0.00 0.00 -0.00 0.00 0.00 -0.00 0.00 0.00 -0.00 0.00 0.00 -0.00 0.00 0.00 -0.00 0.00 69.06 -37.95 134.56 -0.00 23.42 -0.00 -6.28 10.14 20.11 -1.35 12.81 32.73 0.00 0.00 -0.00 2.00 -0.02 0.61 -0.05 -0.29 8.55 -0.04 -0.15 4.31 0.00 0.00 -0.00 0.00 -0.00 1.62 -0.00 -0.00 16.38 0.00 0.00 8.49 0.00 0.00 -0.00 -2.00 0.08 2.24 0.26 0.63 19.89 0.20 0.31 10.45 0.00 0.00 -0.00 -4.00 0.02 0.25 0.02 0.30 4.34 0.02 0.15 2.16 0.00 -0.00 0.00 0.00 -0.00 0.00 0.00 -0.00 0.00 0.00 -0.00 0.00 0.00 -0.00 0.00 0.00 -0.00 0.00 0.00 -0.00 0.00 0.00 -0.00 0.00 0.00 -0.00 0.00 0.00 -0.00 0.00 0.00 -0.00 0.00 0.00 -0.00 0.00 0.00 -0.00 0.00 0.00 -0.00 0.00 0.00 -0.00 0.00 0.00 -0.00 0.00 0.00 -0.00 0.00 0.00 -0.00 0.00 0.00 -0.00 0.00 0.00 -0.00 0.00 0.00 -0.00 0.00 0.00 -0.00 0.00 0.00 -0.00 0.00
-0.0000 0.0219 0.0000 0.00 -0.00 0.00 0.00 -0.00 0.00 0.00 -0.00 0.00 0.00 -0.00 0.00 0.00 -0.00 0.00 0.00 -0.00 0.00 0.00 -0.00 0.00 0.00 -0.00 0.00 0.00 -0.00 0.00 0.00 -0.00 0.00 0.00 -0.00 0.00 0.00 -0.00 0.00 0.00 -0.00 0.00 0.00 -0.00 0.00 0.00 -0.00 0.00 0.00 -0.00 0.00 0.00 -0.00 0.00 0.00 -0.00 0.00 69.06 -37.95 134.56 -0.00 23.42 -0.00 -6.28 10.14 20.11 -1.35 12.81 32.73 0.00 0.00 -0.00 2.00 -0.02 0.61 -0.05 -0.29 8.55 -0.04 -0.15 4.31 0.00 0.00 -0.00 0.00 -0.00 1.62 -0.00 -0.00 16.38 0.00 0.00 8.49 0.00 0.00 -0.00 -2.00 0.08 2.24 0.26 0.63 19.89 0.20 0.31 10.45 0.00 0.00 -0.00 -4.00 0.02 0.25 0.02 0.30 4.34 0.02 0.15 2.16 0.00 -0.00 0.00 0.00 -0.00 0.00 0.00 -0.00 0.00 0.00 -0.00 0.00 0.00 -0.00 0.00 0.00 -0.00 0.00 0.00 -0.00 0.00 0.00 -0.00 0.00 0.00 -0.00 0.00 0.00 -0.00 0.00 0.00 -0.00 0.00 0.00 -0.00 0.00 0.00 -0.00 0.00 0.00 -0.00 0.00 0.00 -0.00 0.00 0.00 -0.00 0.00 0.00 -0.00 0.00 0.00 -0.00 0.00 0.00 -0.00 0.00 0.00 -0.00 0.00 0.00 -0.00 0.00 0.00 -0.00 0.00 0.00 -0.00 0.00
-0.0000 0.0222 0.0000 0.00 -0.00 0.00 0.00 -0.00 0.00 0.00 -0.00 0.00 0.00 -0.00 0.00 0.00 -0.00 0.00 0.00 -0.00 0.00 0.00 -0.00 0.00 0.00 -0.00 0.00 0.00 -0.00 0.00 0.00 -0.00 0.00 0.00 -0.00 0.00 0.00 -0.00 0.00 0.00 -0.00 0.00 0.00 -0.00 0.00 0.00 -0.00 0.00 0.00 -0.00 0.00 0.00 -0.00 0.00 0.00 -0.00 0.00 69.06 -37.95 134.56 -0.00 23.42 -0.00 -6.28 10.14 20.11 -1.35 12.81 32.73 0.00 0.00 -0.00 2.00 -0.02 0.61 -0.05 -0.29 8.55 -0.04 -0.15 4.31 0.00 0.00 -0.00 0.00 -0.00 1.62 -0.00 -0.00 16.38 0.00 0.00 8.49 0.00 0.00 -0.00 -2.00 0.08 2.24 0.26 0.63 19.89 0.20 0.31 10.45 0.00 0.00 -0.00 -4.00 0.02 0.25 0.02 0.30 4.34 0.02 0.15 2.16 0.00 -0.00 0.00 0.00 -0.00 0.00 0.00 -0.00 0.00 0.00 -0.00 0.00 0.00 -0.00 0.00 0.00 -0.00 0.00 0.00 -0.00 0.00 0.00 -0.00 0.00 0.00 -0.00 0.00 0.00 -0.00 0.00 0.00 -0.00 0.00 0.00 -0.00 0.00 0.00 -0.00 0.00 0.00 -0.00 0.00 0.00 -0.00 0.00 0.00 -0.00 0.00 0.00 -0.00 0.00 0.00 -0.00 0.00 0.00 -0.00 0.00 0.00 -0.00 0.00 0.00 -0.00 0.00 0.00 -0.00 0.00 0.00 -0.00 0.00
-0.0000 0.0218 0.0000 0.00 -0.00 0.00 0.00 -0.00 0.00 0.00 -0.00 0.00 0.00 -0.00 0.00 0.00 -0.00 0.00 0.00 -0.00 0.00 0.00 -0.00 0.00 0.00 -0.00 0.00 0.00 -0.00 0.00 0.00 -0.00 0.00 0.00 -0.00 0.00 0.00 -0.00 0.00 0.00 -0.00 0.00 0.00 -0.00 0.00 0.00 -0.00 0.00 0.00 -0.00 0.00 0.00 -0.00 0.00 0.00 -0.00 0.00 69.06 -37.95 134.56 -0.00 23.42 -0.00 -6.28 10.14 20.11 -1.35 12.81 32.73 0.00 0.00 -0.00 2.00 -0.02 0.61 -0.05 -0.29 8.55 -0.04 -0.15 4.31 0.00 0.00 -0.00 0.00 -0.00 1.62 -0.00 -0.00 16.38 0.00 0.00 8.49 0.00 0.00 -0.00 -2.00 0.08 2.24 0.26 0.63 19.89 0.20 0.31 10.45 0.00 0.00 -0.00 -4.00 0.02 0.25 0.02 0.30 4.34 0.02 0.15 2.16 0.00 -0.00 0.00 0.00 -0.00 0.00 0.00 -0.00 0.00 0.00 -0.00 0.00 0.00 -0.00 0.00 0.00 -0.00 0.00 0.00 -0.00 0.00 0.00 -0.00 0.00 0.00 -0.00 0.00 0.00 -0.00 0.00 0.00 -0.00 0.00 0.00 -0.00 0.00 0.00 -0.00 0.00 0.00 -0.00 0.00 0.00 -0.00 0.00 0.00 -0.00 0.00 0.00 -0.00 0.00 0.00 -0.00 0.00 0.00 -0.00 0.00 0.00 -0.00 0.00 0.00 -0.00 0.00 0.00 -0.00 0.00 0.00 -0.00 0.00
-0.0000 0.0211 0.0000 0.00 -0.00 0.00 0.00 -0.00 0.00 0.00 -0.00 0.00 0.00 -0.00 0.00 0.00 -0.00 0.00 0.00 -0.00 0.00 0.00 -0.00 0.00 0.00 -0.00 0.00 0.00 -0.00 0.00 0.00 -0.00 0.00 0.00 -0.00 0.00 0.00 -0.00 0.00 0.00 -0.00 0.00 0.00 -0.00 0.00 0.00 -0.00 0.00 0.00 -0.00 0.00 0.00 -0.00 0.00 0.00 -0.00 0.00 69.06 -37.95 134.56 -0.00 23.42 -0.00 -6.28 10.14 20.11 -1.35 12.81 32.73 0.00 0.00 -0.00 2.00 -0.02 0.61 -0.05 -0.29 8.55 -0.04 -0.15 4.31 0.00 0.00 -0.00 0.00 -0.00 1.62 -0.00 -0.00 16.38 0.00 0.00 8.49 0.00 0.00 -0.00 -2.00 0.08 2.24 0.26 0.63 19.89 0.20 0.31 10.45 0.00 0.00 -0.00 -4.00 0.02 0.25 0.02 0.30 4.34 0.02 0.15 2.16 0.00 -0.00 0.00 0.00 -0.00 0.00 0.00 -0.00 0.00 0.00 -0.00 0.00 0.00 -0.00 0.00 0.00 -0.00 0.00 0.00 -0.00 0.00 0.00 -0.00 0.00 0.00 -0.00 0.00 0.00 -0.00 0.00 0.00 -0.00 0.00 0.00 -0.00 0.00 0.00 -0.00 0.00 0.00 -0.00 0.00 0.00 -0.00 0.00 0.00 -0.00 0.00 0.00 -0.00 0.00 0.00 -0.00 0.00 0.00 -0.00 0.00 0.00 -0.00 0.00 0.00 -0.00 0.00 0.00 -0.00 0.00 0.00 -0.00 0.00
-0.0000 0.0215 0.0000 0.00 -0.00 0.00 0.00 -0.00 0.00 0.00 -0.00 0.00 0.00 -0.00 0.00 0.00 -0.00 0.00 0.00 -0.00 0.00 0.00 -0.00 0.00 0.00 -0.00 0.00 0.00 -0.00 0.00 0.00 -0.00 0.00 0.00 -0.00 0.00 0.00 -0.00 0.00 0.00 -0.00 0.00 0.00 -0.00 0.00 0.00 -0.00 0.00 0.00 -0.00 0.00 0.00 -0.00 0.00 0.00 -0.00 0.00 69.06 -37.95 134.56 -0.00 23.42 -0.00 -6.28 10.14 20.11 -1.35 12.81 32.73 0.00 0.00 -0.00 2.00 -0.02 0.61 -0.05 -0.29 8.55 -0.04 -0.15 4.31 0.00 0.00 -0.00 0.00 -0.00 1.62 -0.00 -0.00 16.38 0.00 0.00 8.49 0.00 0.00 -0.00 -2.00 0.08 2.24 0.26 0.63 19.89 0.20 0.31 10.45 0.00 0.00 -0.00 -4.00 0.02 0.25 0.02 0.30 4.34 0.02 0.15 2.16 0.00 -0.00 0.00 0.00 -0.00 0.00 0.00 -0.00 0.00 0.00 -0.00 0.00 0.00 -0.00 0.00 0.00 -0.00 0.00 0.00 -0.00 0.00 0.00 -0.00 0.00 0.00 -0.00 0.00 0.00 -0.00 0.00 0.00 -0.00 0.00 0.00 -0.00 0.00 0.00 -0.00 0.00 0.00 -0.00 0.00 0.00 -0.00 0.00 0.00 -0.00 0.00 0.00 -0.00 0.00 0.00 -0.00 0.00 0.00 -0.00 0.00 0.00 -0.00 0.00 0.00 -0.00 0.00 0.00 -0.00 0.00 0.00 -0.00 0.00
-0.0000 0.0212 0.0000 0.00 -0.00 0.00 0.00 -0.00 0.00 0.00 -0.00 0.00 0.00 -0.00 0.00 0.00 -0.00 0.00 0.00 -0.00 0.00 0.00 -0.00 0.00 0.00 -0.00 0.00 0.00 -0.00 0.00 0.00 -0.00 0.00 0.00 -0.00 0.00 0.00 -0.00 0.00 0.00 -0.00 0.00 0.00 -0.00 0.00 0.00 -0.00 0.00 0.00 -0.00 0.00 0.00 -0.00 0.00 0.00 -0.00 0.00 69.06 -37.95 134.56 -0.00 23.42 -0.00 -6.28 10.14 20.11 -1.35 12.81 32.73 0.00 0.00 -0.00 2.00 -0.02 0.61 -0.05 -0.29 8.55 -0.04 -0.15 4.31 0.00 0.00 -0.00 0.00 -0.00 1.62 -0.00 -0.00 16.38 0.00 0.00 8.49 0.00 0.00 -0.00 -2.00 0.08 2.24 0.26 0.63 19.89 0.20 0.31 10.45 0.00 0.00 -0.00 -4.00 0.02 0.25 0.02 0.30 4.34 0.02 0.15 2.16 0.00 -0.00 0.00 0.00 -0.00 0.00 0.00 -0.00 0.00 0.00 -0.00 0.00 0.00 -0.00 0.00 0.00 -0.00 0.00 0.00 -0.00 0.00 0.00 -0.00 0.00 0.00 -0.00 0.00 0.00 -0.00 0.00 0.00 -0.00 0.00 0.00 -0.00 0.00 0.00 -0.00 0.00 0.00 -0.00 0.00 0.00 -0.00 0.00 0.00 -0.00 0.00 0.00 -0.00 0.00 0.00 -0.00 0.00 0.00 -0.00 0.00 0.00 -0.00 0.00 0.00 -0.00 0.00 0.00 -0.00 0.00 0.00 -0.00 0.00
-0.0000 0.0206 0.0000 0.00 -0.00 0.00 0.00 -0.00 0.00 0.00 -0.00 0.00 0.00 -0.00 0.00 0.00 -0.00 0.00 0.00 -0.00 0.00 0.00 -0.00 0.00 0.00 -0.00 0.00 0.00 -0.00 0.00 0.00 -0.00 0.00 0.00 -0.00 0.00 0.00 -0.00 0.00 0.00 -0.00 0.00 0.00 -0.00 0.00 0.00 -0.00 0.00 0.00 -0.00 0.00 0.00 -0.00 0.00 0.00 -0.00 0.00 69.06 -37.95 134.56 -0.00 23.42 -0.00 -6.28 10.14 20.11 -1.35 12.81 32.73 0.00 0.00 -0.00 2.00 -0.02 0.61 -0.05 -0.29 8.55 -0.04 -0.15 4.31 0.00 0.00 -0.00 0.00 -0.00 1.62 -0.00 -0.00 16.38 0.00 0.00 8.49 0.00 0.00 -0.00 -2.00 0.08 2.24 0.26 0.63 19.89 0.20 0.31 10.45 0.00 0.00 -0.00 -4.00 0.02 0.25 0.02 0.30 4.34 0.02 0.15 2.16 0.00 -0.00 0.00 0.00 -0.00 0.00 0.00 -0.00 0.00 0.00 -0.00 0.00 0.00 -0.00 0.00 0.00 -0.00 0.00 0.00 -0.00 0.00 0.00 -0.00 0.00 0.00 -0.00 0.00 0.00 -0.00 0.00 0.00 -0.00 0.00 0.00 -0.00 0.00 0.00 -0.00 0.00 0.00 -0.00 0.00 0.00 -0.00 0.00 0.00 -0.00 0.00 0.00 -0.00 0.00 0.00 -0.00 0.00 0.00 -0.00 0.00 0.00 -0.00 0.00 0.00 -0.00 0.00 0.00 -0.00 0.00 0.00 -0.00 0.00
-0.0000 0.0213 0.0000 0.00 -0.00 0.00 0.00 -0.00 0.00 0.00 -0.00 0.00 0.00 -0.00 0.00 0.00 -0.00 0.00 0.00 -0.00 0.00 0.00 -0.00 0.00 0.00 -0.00 0.00 0.00 -0.00 0.00 0.00 -0.00 0.00 0.00 -0.00 0.00 0.00 -0.00 0.00 0.00 -0.00 0.00 0.00 -0.00 0.00 0.00 -0.00 0.00 0.00 -0.00 0.00 0.00 -0.00 0.00 0.00 -0.00 0.00 69.06 -37.95 134.56 -0.00 23.42 -0.00 -6.28 10.14 20.11 -1.35 12.81 32.73 0.00 0.00 -0.00 2.00 -0.02 0.61 -0.05 -0.29 8.55 -0.04 -0.15 4.31 0.00 0.00 -0.00 0.00 -0.00 1.62 -0.00 -0.00 16.38 0.00 0.00 8.49 0.00 0.00 -0.00 -2.00 0.08 2.24 0.26 0.63 19.89 0.20 0.31 10.45 0.00 0.00 -0.00 -4.00 0.02 0.25 0.02 0.30 4.34 0.02 0.15 2.16 0.00 -0.00 0.00 0.00 -0.00 0.00 0.00 -0.00 0.00 0.00 -0.00 0.00 0.00 -0.00 0.00 0.00 -0.00 0.00 0.00 -0.00 0.00 0.00 -0.00 0.00 0.00 -0.00 0.00 0.00 -0.00 0.00 0.00 -0.00 0.00 0.00 -0.00 0.00 0.00 -0.00 0.00 0.00 -0.00 0.00 0.00 -0.00 0.00 0.00 -0.00 0.00 0.00 -0.00 0.00 0.00 -0.00 0.00 0.00 -0.00 0.00 0.00 -0.00 0.00 0.00 -0.00 0.00 0.00 -0.00 0.00 0.00 -0.00 0.00
-0.0000 0.0207 0.0000 0.00 -0.00 0.00 0.00 -0.00 0.00 0.00 -0.00 0.00 0.00 -0.00 0.00 0.00 -0.00 0.00 0.00 -0.00 0.00 0.00 -0.00 0.00 0.00 -0.00 0.00 0.00 -0.00 0.00 0.00 -0.00 0.00 0.00 -0.00 0.00 0.00 -0.00 0.00 0.00 -0.00 0.00 0.00 -0.00 0.00 0.00 -0.00 0.00 0.00 -0.00 0.00 0.00 -0.00 0.00 0.00 -0.00 0.00 69.06 -37.95 134.56 -0.00 23.42 -0.00 -6.28 10.14 20.11 -1.35 12.81 32.73 0.00 0.00 -0.00 2.00 -0.02 0.61 -0.05 -0.29 8.55 -0.04 -0.15 4.31 0.00 0.00 -0.00 0.00 -0.00 1.62 -0.00 -0.00 16.38 0.00 0.00 8.49 0.00 0.00 -0.00 -2.00 0.08 2.24 0.26 0.63 19.89 0.20 0.31 10.45 0.00 0.00 -0.00 -4.00 0.02 0.25 0.02 0.30 4.34 0.02 0.15 2.16 0.00 -0.00 0.00 0.00 -0.00 0.00 0.00 -0.00 0.00 0.00 -0.00 0.00 0.00 -0.00 0.00 0.00 -0.00 0.00 0.00 -0.00 0.00 0.00 -0.00 0.00 0.00 -0.00 0.00 0.00 -0.00 0.00 0.00 -0.00 0.00 0.00 -0.00 0.00 0.00 -0.00 0.00 0.00 -0.00 0.00 0.00 -0.00 0.00 0.00 -0.00 0.00 0.00 -0.00 0.00 0.00 -0.00 0.00 0.00 -0.00 0.00 0.00 -0.00 0.00 0.00 -0.00 0.00 0.00 -0.00 0.00 0.00 -0.00 0.00
-0.0000 0.0209 0.0000 0.00 -0.00 0.00 0.00 -0.00 0.00 0.00 -0.00 0.00 0.00 -0.00 0.00 0.00 -0.00 0.00 0.00 -0.00 0.00 0.00 -0.00 0.00 0.00 -0.00 0.00 0.00 -0.00 0.00 0.00 -0.00 0.00 0.00 -0.00 0.00 0.00 -0.00 0.00 0.00 -0.00 0.00 0.00 -0.00 0.00 0.00 -0.00 0.00 0.00 -0.00 0.00 0.00 -0.00 0.00 0.00 -0.00 0.00 69.06 -37.95 134.56 -0.00 23.42 -0.00 -6.28 10.14 20.11 -1.35 12.81 32.73 0.00 0.00 -0.00 2.00 -0.02 0.61 -0.05 -0.29 8.55 -0.04 -0.15 4.31 0.00 0.00 -0.00 0.00 -0.00 1.62 -0.00 -0.00 16.38 0.00 0.00 8.49 0.00 0.00 -0.00 -2.00 0.08 2.24 0.26 0.63 19.89 0.20 0.31 10.45 0.00 0.00 -0.00 -4.00 0.02 0.25 0.02 0.30 4.34 0.02 0.15 2.16 0.00 -0.00 0.00 0.00 -0.00 0.00 0.00 -0.00 0.00 0.00 -0.00 0.00 0.00 -0.00 0.00 0.00 -0.00 0.00 0.00 -0.00 0.00 0.00 -0.00 0.00 0.00 -0.00 0.00 0.00 -0.00 0.00 0.00 -0.00 0.00 0.00 -0.00 0.00 0.00 -0.00 0.00 0.00 -0.00 0.00 0.00 -0.00 0.00 0.00 -0.00 0.00 0.00 -0.00 0.00 0.00 -0.00 0.00 0.00 -0.00 0.00 0.00 -0.00 0.00 0.00 -0.00 0.00 0.00 -0.00 0.00 0.00 -0.00 0.00
-0.0000 0.0204 0.0000 0.00 -0.00 0.00 0.00 -0.00 0.00 0.00 -0.00 0.00 0.00 -0.00 0.00 0.00 -0.00 0.00 0.00 -0.00 0.00 0.00 -0.00 0.00 0.00 -0.00 0.00 0.00 -0.00 0.00 0.00 -0.00 0.00 0.00 -0.00 0.00 0.00 -0.00 0.00 0.00 -0.00 0.00 0.00 -0.00 0.00 0.00 -0.00 0.00 0.00 -0.00 0.00 0.00 -0.00 0.00 0.00 -0.00 0.00 69.06 -37.95 134.56 -0.00 23.42 -0.00 -6.28 10.14 20.11 -1.35 12.81 32.73 0.00 0.00 -0.00 2.00 -0.02 0.61 -0.05 -0.29 8.55 -0.04 -0.15 4.31 0.00 0.00 -0.00 0.00 -0.00 1.62 -0.00 -0.00 16.38 0.00 0.00 8.49 0.00 0.00 -0.00 -2.00 0.08 2.24 0.26 0.63 19.89 0.20 0.31 10.45 0.00 0.00 -0.00 -4.00 0.02 0.25 0.02 0.30 4.34 0.02 0.15 2.16 0.00 -0.00 0.00 0.00 -0.00 0.00 0.00 -0.00 0.00 0.00 -0.00 0.00 0.00 -0.00 0.00 0.00 -0.00 0.00 0.00 -0.00 0.00 0.00 -0.00 0.00 0.00 -0.00 0.00 0.00 -0.00 0.00 0.00 -0.00 0.00 0.00 -0.00 0.00 0.00 -0.00 0.00 0.00 -0.00 0.00 0.00 -0.00 0.00 0.00 -0.00 0.00 0.00 -0.00 0.00 0.00 -0.00 0.00 0.00 -0.00 0.00 0.00 -0.00 0.00 0.00 -0.00 0.00 0.00 -0.00 0.00 0.00 -0.00 0.00
-0.0000 0.0202 0.0000 0.00 -0.00 0.00 0.00 -0.00 0.00 0.00 -0.00 0.00 0.00 -0.00 0.00 0.00 -0.00 0.00 0.00 -0.00 0.00 0.00 -0.00 0.00 0.00 -0.00 0.00 0.00 -0.00 0.00 0.00 -0.00 0.00 0.00 -0.00 0.00 0.00 -0.00 0.00 0.00 -0.00 0.00 0.00 -0.00 0.00 0.00 -0.00 0.00 0.00 -0.00 0.00 0.00 -0.00 0.00 0.00 -0.00 0.00 69.06 -37.95 134.56 -0.00 23.42 -0.00 -6.28 10.14 20.11 -1.35 12.81 32.73 0.00 0.00 -0.00 2.00 -0.02 0.61 -0.05 -0.29 8.55 -0.04 -0.15 4.31 0.00 0.00 -0.00 0.00 -0.00 1.62 -0.00 -0.00 16.38 0.00 0.00 8.49 0.00 0.00 -0.00 -2.00 0.08 2.24 0.26 0.63 19.89 0.20 0.31 10.45 0.00 0.00 -0.00 -4.00 0.02 0.25 0.02 0.30 4.34 0.02 0.15 2.16 0.00 -0.00 0.00 0.00 -0.00 0.00 0.00 -0.00 0.00 0.00 -0.00 0.00 0.00 -0.00 0.00 0.00 -0.00 0.00 0.00 -0.00 0.00 0.00 -0.00 0.00 0.00 -0.00 0.00 0.00 -0.00 0.00 0.00 -0.00 0.00 0.00 -0.00 0.00 0.00 -0.00 0.00 0.00 -0.00 0.00 0.00 -0.00 0.00 0.00 -0.00 0.00 0.00 -0.00 0.00 0.00 -0.00 0.00 0.00 -0.00 0.00 0.00 -0.00 0.00 0.00 -0.00 0.00 0.00 -0.00 0.00 0.00 -0.00 0.00
-0.0000 0.0211 0.0000 0.00 -0.00 0.00 0.00 -0.00 0.00 0.00 -0.00 0.00 0.00 -0.00 0.00 0.00 -0.00 0.00 0.00 -0.00 0.00 0.00 -0.00 0.00 0.00 -0.00 0.00 0.00 -0.00 0.00 0.00 -0.00 0.00 0.00 -0.00 0.00 0.00 -0.00 0.00 0.00 -0.00 0.00 0.00 -0.00 0.00 0.00 -0.00 0.00 0.00 -0.00 0.00 0.00 -0.00 0.00 0.00 -0.00 0.00 69.06 -37.95 134.56 -0.00 23.42 -0.00 -6.28 10.14 20.11 -1.35 12.81 32.73 0.00 0.00 -0.00 2.00 -0.02 0.61 -0.05 -0.29 8.55 -0.04 -0.15 4.31 0.00 0.00 -0.00 0.00 -0.00 1.62 -0.00 -0.00 16.38 0.00 0.00 8.49 0.00 0.00 -0.00 -2.00 0.08 2.24 0.26 0.63 19.89 0.20 0.31 10.45 0.00 0.00 -0.00 -4.00 0.02 0.25 0.02 0.30 4.34 0.02 0.15 2.16 0.00 -0.00 0.00 0.00 -0.00 0.00 0.00 -0.00 0.00 0.00 -0.00 0.00 0.00 -0.00 0.00 0.00 -0.00 0.00 0.00 -0.00 0.00 0.00 -0.00 0.00 0.00 -0.00 0.00 0.00 -0.00 0.00 0.00 -0.00 0.00 0.00 -0.00 0.00 0.00 -0.00 0.00 0.00 -0.00 0.00 0.00 -0.00 0.00 0.00 -0.00 0.00 0.00 -0.00 0.00 0.00 -0.00 0.00 0.00 -0.00 0.00 0.00 -0.00 0.00 0.00 -0.00 0.00 0.00 -0.00 0.00 0.00 -0.00 0.00
-0.0000 0.0223 0.0000 0.00 -0.00 0.00 0.00 -0.00 0.00 0.00 -0.00 0.00 0.00 -0.00 0.00 0.00 -0.00 0.00 0.00 -0.00 0.00 0.00 -0.00 0.00 0.00 -0.00 0.00 0.00 -0.00 0.00 0.00 -0.00 0.00 0.00 -0.00 0.00 0.00 -0.00 0.00 0.00 -0.00 0.00 0.00 -0.00 0.00 0.00 -0.00 0.00 0.00 -0.00 0.00 0.00 -0.00 0.00 0.00 -0.00 0.00 69.06 -37.95 134.56 -0.00 23.42 -0.00 -6.28 10.14 20.11 -1.35 12.81 32.73 0.00 0.00 -0.00 2.00 -0.02 0.61 -0.05 -0.29 8.55 -0.04 -0.15 4.31 0.00 0.00 -0.00 0.00 -0.00 1.62 -0.00 -0.00 16.38 0.00 0.00 8.49 0.00 0.00 -0.00 -2.00 0.08 2.24 0.26 0.63 19.89 0.20 0.31 10.45 0.00 0.00 -0.00 -4.00 0.02 0.25 0.02 0.30 4.34 0.02 0.15 2.16 0.00 -0.00 0.00 0.00 -0.00 0.00 0.00 -0.00 0.00 0.00 -0.00 0.00 0.00 -0.00 0.00 0.00 -0.00 0.00 0.00 -0.00 0.00 0.00 -0.00 0.00 0.00 -0.00 0.00 0.00 -0.00 0.00 0.00 -0.00 0.00 0.00 -0.00 0.00 0.00 -0.00 0.00 0.00 -0.00 0.00 0.00 -0.00 0.00 0.00 -0.00 0.00 0.00 -0.00 0.00 0.00 -0.00 0.00 0.00 -0.00 0.00 0.00 -0.00 0.00 0.00 -0.00 0.00 0.00 -0.00 0.00 0.00 -0.00 0.00
-0.0000 0.0208 0.0000 0.00 -0.00 0.00 0.00 -0.00 0.00 0.00 -0.00 0.00 0.00 -0.00 0.00 0.00 -0.00 0.00 0.00 -0.00 0.00 0.00 -0.00 0.00 0.00 -0.00 0.00 0.00 -0.00 0.00 0.00 -0.00 0.00 0.00 -0.00 0.00 0.00 -0.00 0.00 0.00 -0.00 0.00 0.00 -0.00 0.00 0.00 -0.00 0.00 0.00 -0.00 0.00 0.00 -0.00 0.00 0.00 -0.00 0.00 69.06 -37.95 134.56 -0.00 23.42 -0.00 -6.28 10.14 20.11 -1.35 12.81 32.73 0.00 0.00 -0.00 2.00 -0.02 0.61 -0.05 -0.29 8.55 -0.04 -0.15 4.31 0.00 0.00 -0.00 0.00 -0.00 1.62 -0.00 -0.00 16.38 0.00 0.00 8.49 0.00 0.00 -0.00 -2.00 0.08 2.24 0.26 0.63 19.89 0.20 0.31 10.45 0.00 0.00 -0.00 -4.00 0.02 0.25 0.02 0.30 4.34 0.02 0.15 2.16 0.00 -0.00 0.00 0.00 -0.00 0.00 0.00 -0.00 0.00 0.00 -0.00 0.00 0.00 -0.00 0.00 0.00 -0.00 0.00 0.00 -0.00 0.00 0.00 -0.00 0.00 0.00 -0.00 0.00 0.00 -0.00 0.00 0.00 -0.00 0.00 0.00 -0.00 0.00 0.00 -0.00 0.00 0.00 -0.00 0.00 0.00 -0.00 0.00 0.00 -0.00 0.00 0.00 -0.00 0.00 0.00 -0.00 0.00 0.00 -0.00 0.00 0.00 -0.00 0.00 0.00 -0.00 0.00 0.00 -0.00 0.00 0.00 -0.00 0.00
-0.0000 0.0211 0.0000 0.00 -0.00 0.00 0.00 -0.00 0.00 0.00 -0.00 0.00 0.00 -0.00 0.00 0.00 -0.00 0.00 0.00 -0.00 0.00 0.00 -0.00 0.00 0.00 -0.00 0.00 0.00 -0.00 0.00 0.00 -0.00 0.00 0.00 -0.00 0.00 0.00 -0.00 0.00 0.00 -0.00 0.00 0.00 -0.00 0.00 0.00 -0.00 0.00 0.00 -0.00 0.00 0.00 -0.00 0.00 0.00 -0.00 0.00 69.06 -37.95 134.56 -0.00 23.42 -0.00 -6.28 10.14 20.11 -1.35 12.81 32.73 0.00 0.00 -0.00 2.00 -0.02 0.61 -0.05 -0.29 8.55 -0.04 -0.15 4.31 0.00 0.00 -0.00 0.00 -0.00 1.62 -0.00 -0.00 16.38 0.00 0.00 8.49 0.00 0.00 -0.00 -2.00 0.08 2.24 0.26 0.63 19.89 0.20 0.31 10.45 0.00 0.00 -0.00 -4.00 0.02 0.25 0.02 0.30 4.34 0.02 0.15 2.16 0.00 -0.00 0.00 0.00 -0.00 0.00 0.00 -0.00 0.00 0.00 -0.00 0.00 0.00 -0.00 0.00 0.00 -0.00 0.00 0.00 -0.00 0.00 0.00 -0.00 0.00 0.00 -0.00 0.00 0.00 -0.00 0.00 0.00 -0.00 0.00 0.00 -0.00 0.00 0.00 -0.00 0.00 0.00 -0.00 0.00 0.00 -0.00 0.00 0.00 -0.00 0.00 0.00 -0.00 0.00 0.00 -0.00 0.00 0.00 -0.00 0.00 0.00 -0.00 0.00 0.00 -0.00 0.00 0.00 -0.00 0.00 0.00 -0.00 0.00
-0.0000 0.0221 0.0000 0.00 -0.00 0.00 0.00 -0.00 0.00 0.00 -0.00 0.00 0.00 -0.00 0.00 0.00 -0.00 0.00 0.00 -0.00 0.00 0.00 -0.00 0.00 0.00 -0.00 0.00 0.00 -0.00 0.00 0.00 -0.00 0.00 0.00 -0.00 0.00 0.00 -0.00 0.00 0.00 -0.00 0.00 0.00 -0.00 0.00 0.00 -0.00 0.00 0.00 -0.00 0.00 0.00 -0.00 0.00 0.00 -0.00 0.00 69.06 -37.95 134.56 -0.00 23.42 -0.00 -6.28 10.14 20.11 -1.35 12.81 32.73 0.00 0.00 -0.00 2.00 -0.02 0.61 -0.05 -0.29 8.55 -0.04 -0.15 4.31 0.00 0.00 -0.00 0.00 -0.00 1.62 -0.00 -0.00 16.38 0.00 0.00 8.49 0.00 0.00 -0.00 -2.00 0.08 2.24 0.26 0.63 19.89 0.20 0.31 10.45 0.00 0.00 -0.00 -4.00 0.02 0.25 0.02 0.30 4.34 0.02 0.15 2.16 0.00 -0.00 0.00 0.00 -0.00 0.00 0.00 -0.00 0.00 0.00 -0.00 0.00 0.00 -0.00 0.00 0.00 -0.00 0.00 0.00 -0.00 0.00 0.00 -0.00 0.00 0.00 -0.00 0.00 0.00 -0.00 0.00 0.00 -0.00 0.00 0.00 -0.00 0.00 0.00 -0.00 0.00 0.00 -0.00 0.00 0.00 -0.00 0.00 0.00 -0.00 0.00 0.00 -0.00 0.00 0.00 -0.00 0.00 0.00 -0.00 0.00 0.00 -0.00 0.00 0.00 -0.00 0.00 0.00 -0.00 0.00 0.00 -0.00 0.00
-0.0000 0.0216 0.0000 0.00 -0.00 0.00 0.00 -0.00 0.00 0.00 -0.00 0.00 0.00 -0.00 0.00 0.00 -0.00 0.00 0.00 -0.00 0.00 0.00 -0.00 0.00 0.00 -0.00 0.00 0.00 -0.00 0.00 0.00 -0.00 0.00 0.00 -0.00 0.00 0.00 -0.00 0.00 0.00 -0.00 0.00 0.00 -0.00 0.00 0.00 -0.00 0.00 0.00 -0.00 0.00 0.00 -0.00 0.00 0.00 -0.00 0.00 69.06 -37.95 134.56 -0.00 23.42 -0.00 -6.28 10.14 20.11 -1.35 12.81 32.73 0.00 0.00 -0.00 2.00 -0.02 0.61 -0.05 -0.29 8.55 -0.04 -0.15 4.31 0.00 0.00 -0.00 0.00 -0.00 1.62 -0.00 -0.00 16.38 0.00 0.00 8.49 0.00 0.00 -0.00 -2.00 0.08 2.24 0.26 0.63 19.89 0.20 0.31 10.45 0.00 0.00 -0.00 -4.00 0.02 0.25 0.02 0.30 4.34 0.02 0.15 2.16 0.00 -0.00 0.00 0.00 -0.00 0.00 0.00 -0.00 0.00 0.00 -0.00 0.00 0.00 -0.00 0.00 0.00 -0.00 0.00 0.00 -0.00 0.00 0.00 -0.00 0.00 0.00 -0.00 0.00 0.00 -0.00 0.00 0.00 -0.00 0.00 0.00 -0.00 0.00 0.00 -0.00 0.00 0.00 -0.00 0.00 0.00 -0.00 0.00 0.00 -0.00 0.00 0.00 -0.00 0.00 0.00 -0.00 0.00 0.00 -0.00 0.00 0.00 -0.00 0.00 0.00 -0.00 0.00 0.00 -0.00 0.00 0.00 -0.00 0.00
-0.0000 0.0223 0.0000 0.00 -0.00 0.00 0.00 -0.00 0.00 0.00 -0.00 0.00 0.00 -0.00 0.00 0.00 -0.00 0.00 0.00 -0.00 0.00 0.00 -0.00 0.00 0.00 -0.00 0.00 0.00 -0.00 0.00 0.00 -0.00 0.00 0.00 -0.00 0.00 0.00 -0.00 0.00 0.00 -0.00 0.00 0.00 -0.00 0.00 0.00 -0.00 0.00 0.00 -0.00 0.00 0.00 -0.00 0.00 0.00 -0.00 0.00 69.06 -37.95 134.56 -0.00 23.42 -0.00 -6.28 10.14 20.11 -1.35 12.81 32.73 0.00 0.00 -0.00 2.00 -0.02 0.61 -0.05 -0.29 8.55 -0.04 -0.15 4.31 0.00 0.00 -0.00 0.00 -0.00 1.62 -0.00 -0.00 16.38 0.00 0.00 8.49 0.00 0.00 -0.00 -2.00 0.08 2.24 0.26 0.63 19.89 0.20 0.31 10.45 0.00 0.00 -0.00 -4.00 0.02 0.25 0.02 0.30 4.34 0.02 0.15 2.16 0.00 -0.00 0.00 0.00 -0.00 0.00 0.00 -0.00 0.00 0.00 -0.00 0.00 0.00 -0.00 0.00 0.00 -0.00 0.00 0.00 -0.00 0.00 0.00 -0.00 0.00 0.00 -0.00 0.00 0.00 -0.00 0.00 0.00 -0.00 0.00 0.00 -0.00 0.00 0.00 -0.00 0.00 0.00 -0.00 0.00 0.00 -0.00 0.00 0.00 -0.00 0.00 0.00 -0.00 0.00 0.00 -0.00 0.00 0.00 -0.00 0.00 0.00 -0.00 0.00 0.00 -0.00 0.00 0.00 -0.00 0.00 0.00 -0.00 0.00
-0.0000 0.0223 0.0000 0.00 -0.00 0.00 0.00 -0.00 0.00 0.00 -0.00 0.00 0.00 -0.00 0.00 0.00 -0.00 0.00 0.00 -0.00 0.00 0.00 -0.00 0.00 0.00 -0.00 0.00 0.00 -0.00 0.00 0.00 -0.00 0.00 0.00 -0.00 0.00 0.00 -0.00 0.00 0.00 -0.00 0.00 0.00 -0.00 0.00 0.00 -0.00 0.00 0.00 -0.00 0.00 0.00 -0.00 0.00 0.00 -0.00 0.00 69.06 -37.95 134.56 -0.00 23.42 -0.00 -6.28 10.14 20.11 -1.35 12.81 32.73 0.00 0.00 -0.00 2.00 -0.02 0.61 -0.05 -0.29 8.55 -0.04 -0.15 4.31 0.00 0.00 -0.00 0.00 -0.00 1.62 -0.00 -0.00 16.38 0.00 0.00 8.49 0.00 0.00 -0.00 -2.00 0.08 2.24 0.26 0.63 19.89 0.20 0.31 10.45 0.00 0.00 -0.00 -4.00 0.02 0.25 0.02 0.30 4.34 0.02 0.15 2.16 0.00 -0.00 0.00 0.00 -0.00 0.00 0.00 -0.00 0.00 0.00 -0.00 0.00 0.00 -0.00 0.00 0.00 -0.00 0.00 0.00 -0.00 0.00 0.00 -0.00 0.00 0.00 -0.00 0.00 0.00 -0.00 0.00 0.00 -0.00 0.00 0.00 -0.00 0.00 0.00 -0.00 0.00 0.00 -0.00 0.00 0.00 -0.00 0.00 0.00 -0.00 0.00 0.00 -0.00 0.00 0.00 -0.00 0.00 0.00 -0.00 0.00 0.00 -0.00 0.00 0.00 -0.00 0.00 0.00 -0.00 0.00 0.00 -0.00 0.00
-0.0000 0.0217 0.0000 0.00 -0.00 0.00 0.00 -0.00 0.00 0.00 -0.00 0.00 0.00 -0.00 0.00 0.00 -0.00 0.00 0.00 -0.00 0.00 0.00 -0.00 0.00 0.00 -0.00 0.00 0.00 -0.00 0.00 0.00 -0.00 0.00 0.00 -0.00 0.00 0.00 -0.00 0.00 0.00 -0.00 0.00 0.00 -0.00 0.00 0.00 -0.00 0.00 0.00 -0.00 0.00 0.00 -0.00 0.00 0.00 -0.00 0.00 69.06 -37.95 134.56 -0.00 23.42 -0.00 -6.28 10.14 20.11 -1.35 12.81 32.73 0.00 0.00 -0.00 2.00 -0.02 0.61 -0.05 -0.29 8.55 -0.04 -0.15 4.31 0.00 0.00 -0.00 0.00 -0.00 1.62 -0.00 -0.00 16.38 0.00 0.00 8.49 0.00 0.00 -0.00 -2.00 0.08 2.24 0.26 0.63 19.89 0.20 0.31 10.45 0.00 0.00 -0.00 -4.00 0.02 0.25 0.02 0.30 4.34 0.02 0.15 2.16 0.00 -0.00 0.00 0.00 -0.00 0.00 0.00 -0.00 0.00 0.00 -0.00 0.00 0.00 -0.00 0.00 0.00 -0.00 0.00 0.00 -0.00 0.00 0.00 -0.00 0.00 0.00 -0.00 0.00 0.00 -0.00 0.00 0.00 -0.00 0.00 0.00 -0.00 0.00 0.00 -0.00 0.00 0.00 -0.00 0.00 0.00 -0.00 0.00 0.00 -0.00 0.00 0.00 -0.00 0.00 0.00 -0.00 0.00 0.00 -0.00 0.00 0.00 -0.00 0.00 0.00 -0.00 0.00 0.00 -0.00 0.00 0.00 -0.00 0.00
-0.0000 0.0219 0.0000 0.00 -0.00 0.00 0.00 -0.00 0.00 0.00 -0.00 0.00 0.00 -0.00 0.00 0.00 -0.00 0.00 0.00 -0.00 0.00 0.00 -0.00 0.00 0.00 -0.00 0.00 0.00 -0.00 0.00 0.00 -0.00 0.00 0.00 -0.00 0.00 0.00 -0.00 0.00 0.00 -0.00 0.00 0.00 -0.00 0.00 0.00 -0.00 0.00 0.00 -0.00 0.00 0.00 -0.00 0.00 0.00 -0.00 0.00 69.06 -37.95 134.56 -0.00 23.42 -0.00 -6.28 10.14 20.11 -1.35 12.81 32.73 0.00 0.00 -0.00 2.00 -0.02 0.61 -0.05 -0.29 8.55 -0.04 -0.15 4.31 0.00 0.00 -0.00 0.00 -0.00 1.62 -0.00 -0.00 16.38 0.00 0.00 8.49 0.00 0.00 -0.00 -2.00 0.08 2.24 0.26 0.63 19.89 0.20 0.31 10.45 0.00 0.00 -0.00 -4.00 0.02 0.25 0.02 0.30 4.34 0.02 0.15 2.16 0.00 -0.00 0.00 0.00 -0.00 0.00 0.00 -0.00 0.00 0.00 -0.00 0.00 0.00 -0.00 0.00 0.00 -0.00 0.00 0.00 -0.00 0.00 0.00 -0.00 0.00 0.00 -0.00 0.00 0.00 -0.00 0.00 0.00 -0.00 0.00 0.00 -0.00 0.00 0.00 -0.00 0.00 0.00 -0.00 0.00 0.00 -0.00 0.00 0.00 -0.00 0.00 0.00 -0.00 0.00 0.00 -0.00 0.00 0.00 -0.00 0.00 0.00 -0.00 0.00 0.00 -0.00 0.00 0.00 -0.00 0.00 0.00 -0.00 0.00
-0.0000 0.0224 0.0000 0.00 -0.00 0.00 0.00 -0.00 0.00 0.00 -0.00 0.00 0.00 -0.00 0.00 0.00 -0.00 0.00 0.00 -0.00 0.00 0.00 -0.00 0.00 0.00 -0.00 0.00 0.00 -0.00 0.00 0.00 -0.00 0.00 0.00 -0.00 0.00 0.00 -0.00 0.00 0.00 -0.00 0.00 0.00 -0.00 0.00 0.00 -0.00 0.00 0.00 -0.00 0.00 0.00 -0.00 0.00 0.00 -0.00 0.00 69.06 -37.95 134.56 -0.00 23.42 -0.00 -6.28 10.14 20.11 -1.35 12.81 32.73 0.00 0.00 -0.00 2.00 -0.02 0.61 -0.05 -0.29 8.55 -0.04 -0.15 4.31 0.00 0.00 -0.00 0.00 -0.00 1.62 -0.00 -0.00 16.38 0.00 0.00 8.49 0.00 0.00 -0.00 -2.00 0.08 2.24 0.26 0.63 19.89 0.20 0.31 10.45 0.00 0.00 -0.00 -4.00 0.02 0.25 0.02 0.30 4.34 0.02 0.15 2.16 0.00 -0.00 0.00 0.00 -0.00 0.00 0.00 -0.00 0.00 0.00 -0.00 0.00 0.00 -0.00 0.00 0.00 -0.00 0.00 0.00 -0.00 0.00 0.00 -0.00 0.00 0.00 -0.00 0.00 0.00 -0.00 0.00 0.00 -0.00 0.00 0.00 -0.00 0.00 0.00 -0.00 0.00 0.00 -0.00 0.00 0.00 -0.00 0.00 0.00 -0.00 0.00 0.00 -0.00 0.00 0.00 -0.00 0.00 0.00 -0.00 0.00 0.00 -0.00 0.00 0.00 -0.00 0.00 0.00 -0.00 0.00 0.00 -0.00 0.00
-0.0000 0.0221 0.0000 0.00 -0.00 0.00 0.00 -0.00 0.00 0.00 -0.00 0.00 0.00 -0.00 0.00 0.00 -0.00 0.00 0.00 -0.00 0.00 0.00 -0.00 0.00 0.00 -0.00 0.00 0.00 -0.00 0.00 0.00 -0.00 0.00 0.00 -0.00 0.00 0.00 -0.00 0.00 0.00 -0.00 0.00 0.00 -0.00 0.00 0.00 -0.00 0.00 0.00 -0.00 0.00 0.00 -0.00 0.00 0.00 -0.00 0.00 69.06 -37.95 134.56 -0.00 23.42 -0.00 -6.28 10.14 20.11 -1.35 12.81 32.73 0.00 0.00 -0.00 2.00 -0.02 0.61 -0.05 -0.29 8.55 -0.04 -0.15 4.31 0.00 0.00 -0.00 0.00 -0.00 1.62 -0.00 -0.00 16.38 0.00 0.00 8.49 0.00 0.00 -0.00 -2.00 0.08 2.24 0.26 0.63 19.89 0.20 0.31 10.45 0.00 0.00 -0.00 -4.00 0.02 0.25 0.02 0.30 4.34 0.02 0.15 2.16 0.00 -0.00 0.00 0.00 -0.00 0.00 0.00 -0.00 0.00 0.00 -0.00 0.00 0.00 -0.00 0.00 0.00 -0.00 0.00 0.00 -0.00 0.00 0.00 -0.00 0.00 0.00 -0.00 0.00 0.00 -0.00 0.00 0.00 -0.00 0.00 0.00 -0.00 0.00 0.00 -0.00 0.00 0.00 -0.00 0.00 0.00 -0.00 0.00 0.00 -0.00 0.00 0.00 -0.00 0.00 0.00 -0.00 0.00 0.00 -0.00 0.00 0.00 -0.00 0.00 0.00 -0.00 0.00 0.00 -0.00 0.00 0.00 -0.00 0.00
-0.0000 0.0217 0.0000 0.00 -0.00 0.00 0.00 -0.00 0.00 0.00 -0.00 0.00 0.00 -0.00 0.00 0.00 -0.00 0.00 0.00 -0.00 0.00 0.00 -0.00 0.00 0.00 -0.00 0.00 0.00 -0.00 0.00 0.00 -0.00 0.00 0.00 -0.00 0.00 0.00 -0.00 0.00 0.00 -0.00 0.00 0.00 -0.00 0.00 0.00 -0.00 0.00 0.00 -0.00 0.00 0.00 -0.00 0.00 0.00 -0.00 0.00 69.06 -37.95 134.56 -0.00 23.42 -0.00 -6.28 10.14 20.11 -1.35 12.81 32.73 0.00 0.00 -0.00 2.00 -0.02 0.61 -0.05 -0.29 8.55 -0.04 -0.15 4.31 0.00 0.00 -0.00 0.00 -0.00 1.62 -0.00 -0.00 16.38 0.00 0.00 8.49 0.00 0.00 -0.00 -2.00 0.08 2.24 0.26 0.63 19.89 0.20 0.31 10.45 0.00 0.00 -0.00 -4.00 0.02 0.25 0.02 0.30 4.34 0.02 0.15 2.16 0.00 -0.00 0.00 0.00 -0.00 0.00 0.00 -0.00 0.00 0.00 -0.00 0.00 0.00 -0.00 0.00 0.00 -0.00 0.00 0.00 -0.00 0.00 0.00 -0.00 0.00 0.00 -0.00 0.00 0.00 -0.00 0.00 0.00 -0.00 0.00 0.00 -0.00 0.00 0.00 -0.00 0.00 0.00 -0.00 0.00 0.00 -0.00 0.00 0.00 -0.00 0.00 0.00 -0.00 0.00 0.00 -0.00 0.00 0.00 -0.00 0.00 0.00 -0.00 0.00 0.00 -0.00 0.00 0.00 -0.00 0.00 0.00 -0.00 0.00
-0.0000 0.0218 0.0000 0.00 -0.00 0.00 0.00 -0.00 0.00 0.00 -0.00 0.00 0.00 -0.00 0.00 0.00 -0.00 0.00 0.00 -0.00 0.00 0.00 -0.00 0.00 0.00 -0.00 0.00 0.00 -0.00 0.00 0.00 -0.00 0.00 0.00 -0.00 0.00 0.00 -0.00 0.00 0.00 -0.00 0.00 0.00 -0.00 0.00 0.00 -0.00 0.00 0.00 -0.00 0.00 0.00 -0.00 0.00 0.00 -0.00 0.00 69.06 -37.95 134.56 -0.00 23.42 -0.00 -6.28 10.14 20.11 -1.35 12.81 32.73 0.00 0.00 -0.00 2.00 -0.02 0.61 -0.05 -0.29 8.55 -0.04 -0.15 4.31 0.00 0.00 -0.00 0.00 -0.00 1.62 -0.00 -0.00 16.38 0.00 0.00 8.49 0.00 0.00 -0.00 -2.00 0.08 2.24 0.26 0.63 19.89 0.20 0.31 10.45 0.00 0.00 -0.00 -4.00 0.02 0.25 0.02 0.30 4.34 0.02 0.15 2.16 0.00 -0.00 0.00 0.00 -0.00 0.00 0.00 -0.00 0.00 0.00 -0.00 0.00 0.00 -0.00 0.00 0.00 -0.00 0.00 0.00 -0.00 0.00 0.00 -0.00 0.00 0.00 -0.00 0.00 0.00 -0.00 0.00 0.00 -0.00 0.00 0.00 -0.00 0.00 0.00 -0.00 0.00 0.00 -0.00 0.00 0.00 -0.00 0.00 0.00 -0.00 0.00 0.00 -0.00 0.00 0.00 -0.00 0.00 0.00 -0.00 0.00 0.00 -0.00 0.00 0.00 -0.00 0.00 0.00 -0.00 0.00 0.00 -0.00 0.00
-0.0000 0.0213 0.0000 0.00 -0.00 0.00 0.00 -0.00 0.00 0.00 -0.00 0.00 0.00 -0.00 0.00 0.00 -0.00 0.00 0.00 -0.00 0.00 0.00 -0.00 0.00 0.00 -0.00 0.00 0.00 -0.00 0.00 0.00 -0.00 0.00 0.00 -0.00 0.00 0.00 -0.00 0.00 0.00 -0.00 0.00 0.00 -0.00 0.00 0.00 -0.00 0.00 0.00 -0.00 0.00 0.00 -0.00 0.00 0.00 -0.00 0.00 69.06 -37.95 134.56 -0.00 23.42 -0.00 -6.28 10.14 20.11 -1.35 12.81 32.73 0.00 0.00 -0.00 2.00 -0.02 0.61 -0.05 -0.29 8.55 -0.04 -0.15 4.31 0.00 0.00 -0.00 0.00 -0.00 1.62 -0.00 -0.00 16.38 0.00 0.00 8.49 0.00 0.00 -0.00 -2.00 0.08 2.24 0.26 0.63 19.89 0.20 0.31 10.45 0.00 0.00 -0.00 -4.00 0.02 0.25 0.02 0.30 4.34 0.02 0.15 2.16 0.00 -0.00 0.00 0.00 -0.00 0.00 0.00 -0.00 0.00 0.00 -0.00 0.00 0.00 -0.00 0.00 0.00 -0.00 0.00 0.00 -0.00 0.00 0.00 -0.00 0.00 0.00 -0.00 0.00 0.00 -0.00 0.00 0.00 -0.00 0.00 0.00 -0.00 0.00 0.00 -0.00 0.00 0.00 -0.00 0.00 0.00 -0.00 0.00 0.00 -0.00 0.00 0.00 -0.00 0.00 0.00 -0.00 0.00 0.00 -0.00 0.00 0.00 -0.00 0.00 0.00 -0.00 0.00 0.00 -0.00 0.00 0.00 -0.00 0.00
-0.0000 0.0213 0.0000 0.00 -0.00 0.00 0.00 -0.00 0.00 0.00 -0.00 0.00 0.00 -0.00 0.00 0.00 -0.00 0.00 0.00 -0.00 0.00 0.00 -0.00 0.00 0.00 -0.00 0.00 0.00 -0.00 0.00 0.00 -0.00 0.00 0.00 -0.00 0.00 0.00 -0.00 0.00 0.00 -0.00 0.00 0.00 -0.00 0.00 0.00 -0.00 0.00 0.00 -0.00 0.00 0.00 -0.00 0.00 0.00 -0.00 0.00 69.06 -37.95 134.56 -0.00 23.42 -0.00 -6.28 10.14 20.11 -1.35 12.81 32.73 0.00 0.00 -0.00 2.00 -0.02 0.61 -0.05 -0.29 8.55 -0.04 -0.15 4.31 0.00 0.00 -0.00 0.00 -0.00 1.62 -0.00 -0.00 16.38 0.00 0.00 8.49 0.00 0.00 -0.00 -2.00 0.08 2.24 0.26 0.63 19.89 0.20 0.31 10.45 0.00 0.00 -0.00 -4.00 0.02 0.25 0.02 0.30 4.34 0.02 0.15 2.16 0.00 -0.00 0.00 0.00 -0.00 0.00 0.00 -0.00 0.00 0.00 -0.00 0.00 0.00 -0.00 0.00 0.00 -0.00 0.00 0.00 -0.00 0.00 0.00 -0.00 0.00 0.00 -0.00 0.00 0.00 -0.00 0.00 0.00 -0.00 0.00 0.00 -0.00 0.00 0.00 -0.00 0.00 0.00 -0.00 0.00 0.00 -0.00 0.00 0.00 -0.00 0.00 0.00 -0.00 0.00 0.00 -0.00 0.00 0.00 -0.00 0.00 0.00 -0.00 0.00 0.00 -0.00 0.00 0.00 -0.00 0.00 0.00 -0.00 0.00
-0.0000 0.0212 0.0000 0.00 -0.00 0.00 0.00 -0.00 0.00 0.00 -0.00 0.00 0.00 -0.00 0.00 0.00 -0.00 0.00 0.00 -0.00 0.00 0.00 -0.00 0.00 0.00 -0.00 0.00 0.00 -0.00 0.00 0.00 -0.00 0.00 0.00 -0.00 0.00 0.00 -0.00 0.00 0.00 -0.00 0.00 0.00 -0.00 0.00 0.00 -0.00 0.00 0.00 -0.00 0.00 0.00 -0.00 0.00 0.00 -0.00 0.00 69.06 -37.95 134.56 -0.00 23.42 -0.00 -6.28 10.14 20.11 -1.35 12.81 32.73 0.00 0.00 -0.00 2.00 -0.02 0.61 -0.05 -0.29 8.55 -0.04 -0.15 4.31 0.00 0.00 -0.00 0.00 -0.00 1.62 -0.00 -0.00 16.38 0.00 0.00 8.49 0.00 0.00 -0.00 -2.00 0.08 2.24 0.26 0.63 19.89 0.20 0.31 10.45 0.00 0.00 -0.00 -4.00 0.02 0.25 0.02 0.30 4.34 0.02 0.15 2.16 0.00 -0.00 0.00 0.00 -0.00 0.00 0.00 -0.00 0.00 0.00 -0.00 0.00 0.00 -0.00 0.00 0.00 -0.00 0.00 0.00 -0.00 0.00 0.00 -0.00 0.00 0.00 -0.00 0.00 0.00 -0.00 0.00 0.00 -0.00 0.00 0.00 -0.00 0.00 0.00 -0.00 0.00 0.00 -0.00 0.00 0.00 -0.00 0.00 0.00 -0.00 0.00 0.00 -0.00 0.00 0.00 -0.00 0.00 0.00 -0.00 0.00 0.00 -0.00 0.00 0.00 -0.00 0.00 0.00 -0.00 0.00 0.00 -0.00 0.00
-0.0000 0.0203 0.0000 0.00 -0.00 0.00 0.00 -0.00 0.00 0.00 -0.00 0.00 0.00 -0.00 0.00 0.00 -0.00 0.00 0.00 -0.00 0.00 0.00 -0.00 0.00 0.00 -0.00 0.00 0.00 -0.00 0.00 0.00 -0.00 0.00 0.00 -0.00 0.00 0.00 -0.00 0.00 0.00 -0.00 0.00 0.00 -0.00 0.00 0.00 -0.00 0.00 0.00 -0.00 0.00 0.00 -0.00 0.00 0.00 -0.00 0.00 69.06 -37.95 134.56 -0.00 23.42 -0.00 -6.28 10.14 20.11 -1.35 12.81 32.73 0.00 0.00 -0.00 2.00 -0.02 0.61 -0.05 -0.29 8.55 -0.04 -0.15 4.31 0.00 0.00 -0.00 0.00 -0.00 1.62 -0.00 -0.00 16.38 0.00 0.00 8.49 0.00 0.00 -0.00 -2.00 0.08 2.24 0.26 0.63 19.89 0.20 0.31 10.45 0.00 0.00 -0.00 -4.00 0.02 0.25 0.02 0.30 4.34 0.02 0.15 2.16 0.00 -0.00 0.00 0.00 -0.00 0.00 0.00 -0.00 0.00 0.00 -0.00 0.00 0.00 -0.00 0.00 0.00 -0.00 0.00 0.00 -0.00 0.00 0.00 -0.00 0.00 0.00 -0.00 0.00 0.00 -0.00 0.00 0.00 -0.00 0.00 0.00 -0.00 0.00 0.00 -0.00 0.00 0.00 -0.00 0.00 0.00 -0.00 0.00 0.00 -0.00 0.00 0.00 -0.00 0.00 0.00 -0.00 0.00 0.00 -0.00 0.00 0.00 -0.00 0.00 0.00 -0.00 0.00 0.00 -0.00 0.00 0.00 -0.00 0.00
-0.0000 0.0201 0.0000 0.00 -0.00 0.00 0.00 -0.00 0.00 0.00 -0.00 0.00 0.00 -0.00 0.00 0.00 -0.00 0.00 0.00 -0.00 0.00 0.00 -0.00 0.00 0.00 -0.00 0.00 0.00 -0.00 0.00 0.00 -0.00 0.00 0.00 -0.00 0.00 0.00 -0.00 0.00 0.00 -0.00 0.00 0.00 -0.00 0.00 0.00 -0.00 0.00 0.00 -0.00 0.00 0.00 -0.00 0.00 0.00 -0.00 0.00 69.06 -37.95 134.56 -0.00 23.42 -0.00 -6.28 10.14 20.11 -1.35 12.81 32.73 0.00 0.00 -0.00 2.00 -0.02 0.61 -0.05 -0.29 8.55 -0.04 -0.15 4.31 0.00 0.00 -0.00 0.00 -0.00 1.62 -0.00 -0.00 16.38 0.00 0.00 8.49 0.00 0.00 -0.00 -2.00 0.08 2.24 0.26 0.63 19.89 0.20 0.31 10.45 0.00 0.00 -0.00 -4.00 0.02 0.25 0.02 0.30 4.34 0.02 0.15 2.16 0.00 -0.00 0.00 0.00 -0.00 0.00 0.00 -0.00 0.00 0.00 -0.00 0.00 0.00 -0.00 0.00 0.00 -0.00 0.00 0.00 -0.00 0.00 0.00 -0.00 0.00 0.00 -0.00 0.00 0.00 -0.00 0.00 0.00 -0.00 0.00 0.00 -0.00 0.00 0.00 -0.00 0.00 0.00 -0.00 0.00 0.00 -0.00 0.00 0.00 -0.00 0.00 0.00 -0.00 0.00 0.00 -0.00 0.00 0.00 -0.00 0.00 0.00 -0.00 0.00 0.00 -0.00 0.00 0.00 -0.00 0.00 0.00 -0.00 0.00
-0.0000 0.0216 0.0000 0.00 -0.00 0.00 0.00 -0.00 0.00 0.00 -0.00 0.00 0.00 -0.00 0.00 0.00 -0.00 0.00 0.00 -0.00 0.00 0.00 -0.00 0.00 0.00 -0.00 0.00 0.00 -0.00 0.00 0.00 -0.00 0.00 0.00 -0.00 0.00 0.00 -0.00 0.00 0.00 -0.00 0.00 0.00 -0.00 0.00 0.00 -0.00 0.00 0.00 -0.00 0.00 0.00 -0.00 0.00 0.00 -0.00 0.00 69.06 -37.95 134.56 -0.00 23.42 -0.00 -6.28 10.14 20.11 -1.35 12.81 32.73 0.00 0.00 -0.00 2.00 -0.02 0.61 -0.05 -0.29 8.55 -0.04 -0.15 4.31 0.00 0.00 -0.00 0.00 -0.00 1.62 -0.00 -0.00 16.38 0.00 0.00 8.49 0.00 0.00 -0.00 -2.00 0.08 2.24 0.26 0.63 19.89 0.20 0.31 10.45 0.00 0.00 -0.00 -4.00 0.02 0.25 0.02 0.30 4.34 0.02 0.15 2.16 0.00 -0.00 0.00 0.00 -0.00 0.00 0.00 -0.00 0.00 0.00 -0.00 0.00 0.00 -0.00 0.00 0.00 -0.00 0.00 0.00 -0.00 0.00 0.00 -0.00 0.00 0.00 -0.00 0.00 0.00 -0.00 0.00 0.00 -0.00 0.00 0.00 -0.00 0.00 0.00 -0.00 0.00 0.00 -0.00 0.00 0.00 -0.00 0.00 0.00 -0.00 0.00 0.00 -0.00 0.00 0.00 -0.00 0.00 0.00 -0.00 0.00 0.00 -0.00 0.00 0.00 -0.00 0.00 0.00 -0.00 0.00 0.00 -0.00 0.00
-0.0000 0.0214 0.0000 0.00 -0.00 0.00 0.00 -0.00 0.00 0.00 -0.00 0.00 0.00 -0.00 0.00 0.00 -0.00 0.00 0.00 -0.00 0.00 0.00 -0.00 0.00 0.00 -0.00 0.00 0.00 -0.00 0.00 0.00 -0.00 0.00 0.00 -0.00 0.00 0.00 -0.00 0.00 0.00 -0.00 0.00 0.00 -0.00 0.00 0.00 -0.00 0.00 0.00 -0.00 0.00 0.00 -0.00 0.00 0.00 -0.00 0.00 69.06 -37.95 134.56 -0.00 23.42 -0.00 -6.28 10.14 20.11 -1.35 12.81 32.73 0.00 0.00 -0.00 2.00 -0.02 0.61 -0.05 -0.29 8.55 -0.04 -0.15 4.31 0.00 0.00 -0.00 0.00 -0.00 1.62 -0.00 -0.00 16.38 0.00 0.00 8.49 0.00 0.00 -0.00 -2.00 0.08 2.24 0.26 0.63 19.89 0.20 0.31 10.45 0.00 0.00 -0.00 -4.00 0.02 0.25 0.02 0.30 4.34 0.02 0.15 2.16 0.00 -0.00 0.00 0.00 -0.00 0.00 0.00 -0.00 0.00 0.00 -0.00 0.00 0.00 -0.00 0.00 0.00 -0.00 0.00 0.00 -0.00 0.00 0.00 -0.00 0.00 0.00 -0.00 0.00 0.00 -0.00 0.00 0.00 -0.00 0.00 0.00 -0.00 0.00 0.00 -0.00 0.00 0.00 -0.00 0.00 0.00 -0.00 0.00 0.00 -0.00 0.00 0.00 -0.00 0.00 0.00 -0.00 0.00 0.00 -0.00 0.00 0.00 -0.00 0.00 0.00 -0.00 0.00 0.00 -0.00 0.00 0.00 -0.00 0.00
-0.0000 0.0213 0.0000 0.00 -0.00 0.00 0.00 -0.00 0.00 0.00 -0.00 0.00 0.00 -0.00 0.00 0.00 -0.00 0.00 0.00 -0.00 0.00 0.00 -0.00 0.00 0.00 -0.00 0.00 0.00 -0.00 0.00 0.00 -0.00 0.00 0.00 -0.00 0.00 0.00 -0.00 0.00 0.00 -0.00 0.00 0.00 -0.00 0.00 0.00 -0.00 0.00 0.00 -0.00 0.00 0.00 -0.00 0.00 0.00 -0.00 0.00 69.06 -37.95 134.56 -0.00 23.42 -0.00 -6.28 10.14 20.11 -1.35 12.81 32.73 0.00 0.00 -0.00 2.00 -0.02 0.61 -0.05 -0.29 8.55 -0.04 -0.15 4.31 0.00 0.00 -0.00 0.00 -0.00 1.62 -0.00 -0.00 16.38 0.00 0.00 8.49 0.00 0.00 -0.00 -2.00 0.08 2.24 0.26 0.63 19.89 0.20 0.31 10.45 0.00 0.00 -0.00 -4.00 0.02 0.25 0.02 0.30 4.34 0.02 0.15 2.16 0.00 -0.00 0.00 0.00 -0.00 0.00 0.00 -0.00 0.00 0.00 -0.00 0.00 0.00 -0.00 0.00 0.00 -0.00 0.00 0.00 -0.00 0.00 0.00 -0.00 0.00 0.00 -0.00 0.00 0.00 -0.00 0.00 0.00 -0.00 0.00 0.00 -0.00 0.00 0.00 -0.00 0.00 0.00 -0.00 0.00 0.00 -0.00 0.00 0.00 -0.00 0.00 0.00 -0.00 0.00 0.00 -0.00 0.00 0.00 -0.00 0.00 0.00 -0.00 0.00 0.00 -0.00 0.00 0.00 -0.00 0.00 0.00 -0.00 0.00
-0.0000 0.0211 0.0000 0.00 -0.00 0.00 0.00 -0.00 0.00 0.00 -0.00 0.00 0.00 -0.00 0.00 0.00 -0.00 0.00 0.00 -0.00 0.00 0.00 -0.00 0.00 0.00 -0.00 0.00 0.00 -0.00 0.00 0.00 -0.00 0.00 0.00 -0.00 0.00 0.00 -0.00 0.00 0.00 -0.00 0.00 0.00 -0.00 0.00 0.00 -0.00 0.00 0.00 -0.00 0.00 0.00 -0.00 0.00 0.00 -0.00 0.00 69.06 -37.95 134.56 -0.00 23.42 -0.00 -6.28 10.14 20.11 -1.35 12.81 32.73 0.00 0.00 -0.00 2.00 -0.02 0.61 -0.05 -0.29 8.55 -0.04 -0.15 4.31 0.00 0.00 -0.00 0.00 -0.00 1.62 -0.00 -0.00 16.38 0.00 0.00 8.49 0.00 0.00 -0.00 -2.00 0.08 2.24 0.26 0.63 19.89 0.20 0.31 10.45 0.00 0.00 -0.00 -4.00 0.02 0.25 0.02 0.30 4.34 0.02 0.15 2.16 0.00 -0.00 0.00 0.00 -0.00 0.00 0.00 -0.00 0.00 0.00 -0.00 0.00 0.00 -0.00 0.00 0.00 -0.00 0.00 0.00 -0.00 0.00 0.00 -0.00 0.00 0.00 -0.00 0.00 0.00 -0.00 0.00 0.00 -0.00 0.00 0.00 -0.00 0.00 0.00 -0.00 0.00 0.00 -0.00 0.00 0.00 -0.00 0.00 0.00 -0.00 0.00 0.00 -0.00 0.00 0.00 -0.00 0.00 0.00 -0.00 0.00 0.00 -0.00 0.00 0.00 -0.00 0.00 0.00 -0.00 0.00 0.00 -0.00 0.00
-0.0000 0.0212 0.0000 0.00 -0.00 0.00 0.00 -0.00 0.00 0.00 -0.00 0.00 0.00 -0.00 0.00 0.00 -0.00 0.00 0.00 -0.00 0.00 0.00 -0.00 0.00 0.00 -0.00 0.00 0.00 -0.00 0.00 0.00 -0.00 0.00 0.00 -0.00 0.00 0.00 -0.00 0.00 0.00 -0.00 0.00 0.00 -0.00 0.00 0.00 -0.00 0.00 0.00 -0.00 0.00 0.00 -0.00 0.00 0.00 -0.00 0.00 69.06 -37.95 134.56 -0.00 23.42 -0.00 -6.28 10.14 20.11 -1.35 12.81 32.73 0.00 0.00 -0.00 2.00 -0.02 0.61 -0.05 -0.29 8.55 -0.04 -0.15 4.31 0.00 0.00 -0.00 0.00 -0.00 1.62 -0.00 -0.00 16.38 0.00 0.00 8.49 0.00 0.00 -0.00 -2.00 0.08 2.24 0.26 0.63 19.89 0.20 0.31 10.45 0.00 0.00 -0.00 -4.00 0.02 0.25 0.02 0.30 4.34 0.02 0.15 2.16 0.00 -0.00 0.00 0.00 -0.00 0.00 0.00 -0.00 0.00 0.00 -0.00 0.00 0.00 -0.00 0.00 0.00 -0.00 0.00 0.00 -0.00 0.00 0.00 -0.00 0.00 0.00 -0.00 0.00 0.00 -0.00 0.00 0.00 -0.00 0.00 0.00 -0.00 0.00 0.00 -0.00 0.00 0.00 -0.00 0.00 0.00 -0.00 0.00 0.00 -0.00 0.00 0.00 -0.00 0.00 0.00 -0.00 0.00 0.00 -0.00 0.00 0.00 -0.00 0.00 0.00 -0.00 0.00 0.00 -0.00 0.00 0.00 -0.00 0.00
-0.0000 0.0228 0.0000 0.00 -0.00 0.00 0.00 -0.00 0.00 0.00 -0.00 0.00 0.00 -0.00 0.00 0.00 -0.00 0.00 0.00 -0.00 0.00 0.00 -0.00 0.00 0.00 -0.00 0.00 0.00 -0.00 0.00 0.00 -0.00 0.00 0.00 -0.00 0.00 0.00 -0.00 0.00 0.00 -0.00 0.00 0.00 -0.00 0.00 0.00 -0.00 0.00 0.00 -0.00 0.00 0.00 -0.00 0.00 0.00 -0.00 0.00 69.06 -37.95 134.56 -0.00 23.42 -0.00 -6.28 10.14 20.11 -1.35 12.81 32.73 0.00 0.00 -0.00 2.00 -0.02 0.61 -0.05 -0.29 8.55 -0.04 -0.15 4.31 0.00 0.00 -0.00 0.00 -0.00 1.62 -0.00 -0.00 16.38 0.00 0.00 8.49 0.00 0.00 -0.00 -2.00 0.08 2.24 0.26 0.63 19.89 0.20 0.31 10.45 0.00 0.00 -0.00 -4.00 0.02 0.25 0.02 0.30 4.34 0.02 0.15 2.16 0.00 -0.00 0.00 0.00 -0.00 0.00 0.00 -0.00 0.00 0.00 -0.00 0.00 0.00 -0.00 0.00 0.00 -0.00 0.00 0.00 -0.00 0.00 0.00 -0.00 0.00 0.00 -0.00 0.00 0.00 -0.00 0.00 0.00 -0.00 0.00 0.00 -0.00 0.00 0.00 -0.00 0.00 0.00 -0.00 0.00 0.00 -0.00 0.00 0.00 -0.00 0.00 0.00 -0.00 0.00 0.00 -0.00 0.00 0.00 -0.00 0.00 0.00 -0.00 0.00 0.00 -0.00 0.00 0.00 -0.00 0.00 0.00 -0.00 0.00
-0.0000 0.0226 0.0000 0.00 -0.00 0.00 0.00 -0.00 0.00 0.00 -0.00 0.00 0.00 -0.00 0.00 0.00 -0.00 0.00 0.00 -0.00 0.00 0.00 -0.00 0.00 0.00 -0.00 0.00 0.00 -0.00 0.00 0.00 -0.00 0.00 0.00 -0.00 0.00 0.00 -0.00 0.00 0.00 -0.00 0.00 0.00 -0.00 0.00 0.00 -0.00 0.00 0.00 -0.00 0.00 0.00 -0.00 0.00 0.00 -0.00 0.00 69.06 -37.95 134.56 -0.00 23.42 -0.00 -6.28 10.14 20.11 -1.35 12.81 32.73 0.00 0.00 -0.00 2.00 -0.02 0.61 -0.05 -0.29 8.55 -0.04 -0.15 4.31 0.00 0.00 -0.00 0.00 -0.00 1.62 -0.00 -0.00 16.38 0.00 0.00 8.49 0.00 0.00 -0.00 -2.00 0.08 2.24 0.26 0.63 19.89 0.20 0.31 10.45 0.00 0.00 -0.00 -4.00 0.02 0.25 0.02 0.30 4.34 0.02 0.15 2.16 0.00 -0.00 0.00 0.00 -0.00 0.00 0.00 -0.00 0.00 0.00 -0.00 0.00 0.00 -0.00 0.00 0.00 -0.00 0.00 0.00 -0.00 0.00 0.00 -0.00 0.00 0.00 -0.00 0.00 0.00 -0.00 0.00 0.00 -0.00 0.00 0.00 -0.00 0.00 0.00 -0.00 0.00 0.00 -0.00 0.00 0.00 -0.00 0.00 0.00 -0.00 0.00 0.00 -0.00 0.00 0.00 -0.00 0.00 0.00 -0.00 0.00 0.00 -0.00 0.00 0.00 -0.00 0.00 0.00 -0.00 0.00 0.00 -0.00 0.00
-0.0000 0.0222 0.0000 0.00 -0.00 0.00 0.00 -0.00 0.00 0.00 -0.00 0.00 0.00 -0.00 0.00 0.00 -0.00 0.00 0.00 -0.00 0.00 0.00 -0.00 0.00 0.00 -0.00 0.00 0.00 -0.00 0.00 0.00 -0.00 0.00 0.00 -0.00 0.00 0.00 -0.00 0.00 0.00 -0.00 0.00 0.00 -0.00 0.00 0.00 -0.00 0.00 0.00 -0.00 0.00 0.00 -0.00 0.00 0.00 -0.00 0.00 69.06 -37.95 134.56 -0.00 23.42 -0.00 -6.28 10.14 20.11 -1.35 12.81 32.73 0.00 0.00 -0.00 2.00 -0.02 0.61 -0.05 -0.29 8.55 -0.04 -0.15 4.31 0.00 0.00 -0.00 0.00 -0.00 1.62 -0.00 -0.00 16.38 0.00 0.00 8.49 0.00 0.00 -0.00 -2.00 0.08 2.24 0.26 0.63 19.89 0.20 0.31 10.45 0.00 0.00 -0.00 -4.00 0.02 0.25 0.02 0.30 4.34 0.02 0.15 2.16 0.00 -0.00 0.00 0.00 -0.00 0.00 0.00 -0.00 0.00 0.00 -0.00 0.00 0.00 -0.00 0.00 0.00 -0.00 0.00 0.00 -0.00 0.00 0.00 -0.00 0.00 0.00 -0.00 0.00 0.00 -0.00 0.00 0.00 -0.00 0.00 0.00 -0.00 0.00 0.00 -0.00 0.00 0.00 -0.00 0.00 0.00 -0.00 0.00 0.00 -0.00 0.00 0.00 -0.00 0.00 0.00 -0.00 0.00 0.00 -0.00 0.00 0.00 -0.00 0.00 0.00 -0.00 0.00 0.00 -0.00 0.00 0.00 -0.00 0.00
-0.0000 0.0225 0.0000 0.00 -0.00 0.00 0.00 -0.00 0.00 0.00 -0.00 0.00 0.00 -0.00 0.00 0.00 -0.00 0.00 0.00 -0.00 0.00 0.00 -0.00 0.00 0.00 -0.00 0.00 0.00 -0.00 0.00 0.00 -0.00 0.00 0.00 -0.00 0.00 0.00 -0.00 0.00 0.00 -0.00 0.00 0.00 -0.00 0.00 0.00 -0.00 0.00 0.00 -0.00 0.00 0.00 -0.00 0.00 0.00 -0.00 0.00 69.06 -37.95 134.56 -0.00 23.42 -0.00 -6.28 10.14 20.11 -1.35 12.81 32.73 0.00 0.00 -0.00 2.00 -0.02 0.61 -0.05 -0.29 8.55 -0.04 -0.15 4.31 0.00 0.00 -0.00 0.00 -0.00 1.62 -0.00 -0.00 16.38 0.00 0.00 8.49 0.00 0.00 -0.00 -2.00 0.08 2.24 0.26 0.63 19.89 0.20 0.31 10.45 0.00 0.00 -0.00 -4.00 0.02 0.25 0.02 0.30 4.34 0.02 0.15 2.16 0.00 -0.00 0.00 0.00 -0.00 0.00 0.00 -0.00 0.00 0.00 -0.00 0.00 0.00 -0.00 0.00 0.00 -0.00 0.00 0.00 -0.00 0.00 0.00 -0.00 0.00 0.00 -0.00 0.00 0.00 -0.00 0.00 0.00 -0.00 0.00 0.00 -0.00 0.00 0.00 -0.00 0.00 0.00 -0.00 0.00 0.00 -0.00 0.00 0.00 -0.00 0.00 0.00 -0.00 0.00 0.00 -0.00 0.00 0.00 -0.00 0.00 0.00 -0.00 0.00 0.00 -0.00 0.00 0.00 -0.00 0.00 0.00 -0.00 0.00
-0.0000 0.0224 0.0000 0.00 -0.00 0.00 0.00 -0.00 0.00 0.00 -0.00 0.00 0.00 -0.00 0.00 0.00 -0.00 0.00 0.00 -0.00 0.00 0.00 -0.00 0.00 0.00 -0.00 0.00 0.00 -0.00 0.00 0.00 -0.00 0.00 0.00 -0.00 0.00 0.00 -0.00 0.00 0.00 -0.00 0.00 0.00 -0.00 0.00 0.00 -0.00 0.00 0.00 -0.00 0.00 0.00 -0.00 0.00 0.00 -0.00 0.00 69.06 -37.95 134.56 -0.00 23.42 -0.00 -6.28 10.14 20.11 -1.35 12.81 32.73 0.00 0.00 -0.00 2.00 -0.02 0.61 -0.05 -0.29 8.55 -0.04 -0.15 4.31 0.00 0.00 -0.00 0.00 -0.00 1.62 -0.00 -0.00 16.38 0.00 0.00 8.49 0.00 0.00 -0.00 -2.00 0.08 2.24 0.26 0.63 19.89 0.20 0.31 10.45 0.00 0.00 -0.00 -4.00 0.02 0.25 0.02 0.30 4.34 0.02 0.15 2.16 0.00 -0.00 0.00 0.00 -0.00 0.00 0.00 -0.00 0.00 0.00 -0.00 0.00 0.00 -0.00 0.00 0.00 -0.00 0.00 0.00 -0.00 0.00 0.00 -0.00 0.00 0.00 -0.00 0.00 0.00 -0.00 0.00 0.00 -0.00 0.00 0.00 -0.00 0.00 0.00 -0.00 0.00 0.00 -0.00 0.00 0.00 -0.00 0.00 0.00 -0.00 0.00 0.00 -0.00 0.00 0.00 -0.00 0.00 0.00 -0.00 0.00 0.00 -0.00 0.00 0.00 -0.00 0.00 0.00 -0.00 0.00 0.00 -0.00 0.00
-0.0000 0.0228 0.0000 0.00 -0.00 0.00 0.00 -0.00 0.00 0.00 -0.00 0.00 0.00 -0.00 0.00 0.00 -0.00 0.00 0.00 -0.00 0.00 0.00 -0.00 0.00 0.00 -0.00 0.00 0.00 -0.00 0.00 0.00 -0.00 0.00 0.00 -0.00 0.00 0.00 -0.00 0.00 0.00 -0.00 0.00 0.00 -0.00 0.00 0.00 -0.00 0.00 0.00 -0.00 0.00 0.00 -0.00 0.00 0.00 -0.00 0.00 69.06 -37.95 134.56 -0.00 23.42 -0.00 -6.28 10.14 20.11 -1.35 12.81 32.73 0.00 0.00 -0.00 2.00 -0.02 0.61 -0.05 -0.29 8.55 -0.04 -0.15 4.31 0.00 0.00 -0.00 0.00 -0.00 1.62 -0.00 -0.00 16.38 0.00 0.00 8.49 0.00 0.00 -0.00 -2.00 0.08 2.24 0.26 0.63 19.89 0.20 0.31 10.45 0.00 0.00 -0.00 -4.00 0.02 0.25 0.02 0.30 4.34 0.02 0.15 2.16 0.00 -0.00 0.00 0.00 -0.00 0.00 0.00 -0.00 0.00 0.00 -0.00 0.00 0.00 -0.00 0.00 0.00 -0.00 0.00 0.00 -0.00 0.00 0.00 -0.00 0.00 0.00 -0.00 0.00 0.00 -0.00 0.00 0.00 -0.00 0.00 0.00 -0.00 0.00 0.00 -0.00 0.00 0.00 -0.00 0.00 0.00 -0.00 0.00 0.00 -0.00 0.00 0.00 -0.00 0.00 0.00 -0.00 0.00 0.00 -0.00 0.00 0.00 -0.00 0.00 0.00 -0.00 0.00 0.00 -0.00 0.00 0.00 -0.00 0.00
-0.0000 0.0222 0.0000 0.00 -0.00 0.00 0.00 -0.00 0.00 0.00 -0.00 0.00 0.00 -0.00 0.00 0.00 -0.00 0.00 0.00 -0.00 0.00 0.00 -0.00 0.00 0.00 -0.00 0.00 0.00 -0.00 0.00 0.00 -0.00 0.00 0.00 -0.00 0.00 0.00 -0.00 0.00 0.00 -0.00 0.00 0.00 -0.00 0.00 0.00 -0.00 0.00 0.00 -0.00 0.00 0.00 -0.00 0.00 0.00 -0.00 0.00 69.06 -37.95 134.56 -0.00 23.42 -0.00 -6.28 10.14 20.11 -1.35 12.81 32.73 0.00 0.00 -0.00 2.00 -0.02 0.61 -0.05 -0.29 8.55 -0.04 -0.15 4.31 0.00 0.00 -0.00 0.00 -0.00 1.62 -0.00 -0.00 16.38 0.00 0.00 8.49 0.00 0.00 -0.00 -2.00 0.08 2.24 0.26 0.63 19.89 0.20 0.31 10.45 0.00 0.00 -0.00 -4.00 0.02 0.25 0.02 0.30 4.34 0.02 0.15 2.16 0.00 -0.00 0.00 0.00 -0.00 0.00 0.00 -0.00 0.00 0.00 -0.00 0.00 0.00 -0.00 0.00 0.00 -0.00 0.00 0.00 -0.00 0.00 0.00 -0.00 0.00 0.00 -0.00 0.00 0.00 -0.00 0.00 0.00 -0.00 0.00 0.00 -0.00 0.00 0.00 -0.00 0.00 0.00 -0.00 0.00 0.00 -0.00 0.00 0.00 -0.00 0.00 0.00 -0.00 0.00 0.00 -0.00 0.00 0.00 -0.00 0.00 0.00 -0.00 0.00 0.00 -0.00 0.00 0.00 -0.00 0.00 0.00 -0.00 0.00
-0.0000 0.0227 0.0000 0.00 -0.00 0.00 0.00 -0.00 0.00 0.00 -0.00 0.00 0.00 -0.00 0.00 0.00 -0.00 0.00 0.00 -0.00 0.00 0.00 -0.00 0.00 0.00 -0.00 0.00 0.00 -0.00 0.00 0.00 -0.00 0.00 0.00 -0.00 0.00 0.00 -0.00 0.00 0.00 -0.00 0.00 0.00 -0.00 0.00 0.00 -0.00 0.00 0.00 -0.00 0.00 0.00 -0.00 0.00 0.00 -0.00 0.00 69.06 -37.95 134.56 -0.00 23.42 -0.00 -6.28 10.14 20.11 -1.35 12.81 32.73 0.00 0.00 -0.00 2.00 -0.02 0.61 -0.05 -0.29 8.55 -0.04 -0.15 4.31 0.00 0.00 -0.00 0.00 -0.00 1.62 -0.00 -0.00 16.38 0.00 0.00 8.49 0.00 0.00 -0.00 -2.00 0.08 2.24 0.26 0.63 19.89 0.20 0.31 10.45 0.00 0.00 -0.00 -4.00 0.02 0.25 0.02 0.30 4.34 0.02 0.15 2.16 0.00 -0.00 0.00 0.00 -0.00 0.00 0.00 -0.00 0.00 0.00 -0.00 0.00 0.00 -0.00 0.00 0.00 -0.00 0.00 0.00 -0.00 0.00 0.00 -0.00 0.00 0.00 -0.00 0.00 0.00 -0.00 0.00 0.00 -0.00 0.00 0.00 -0.00 0.00 0.00 -0.00 0.00 0.00 -0.00 0.00 0.00 -0.00 0.00 0.00 -0.00 0.00 0.00 -0.00 0.00 0.00 -0.00 0.00 0.00 -0.00 0.00 0.00 -0.00 0.00 0.00 -0.00 0.00 0.00 -0.00 0.00 0.00 -0.00 0.00
-0.0000 0.0224 0.0000 0.00 -0.00 0.00 0.00 -0.00 0.00 0.00 -0.00 0.00 0.00 -0.00 0.00 0.00 -0.00 0.00 0.00 -0.00 0.00 0.00 -0.00 0.00 0.00 -0.00 0.00 0.00 -0.00 0.00 0.00 -0.00 0.00 0.00 -0.00 0.00 0.00 -0.00 0.00 0.00 -0.00 0.00 0.00 -0.00 0.00 0.00 -0.00 0.00 0.00 -0.00 0.00 0.00 -0.00 0.00 0.00 -0.00 0.00 69.06 -37.95 134.56 -0.00 23.42 -0.00 -6.28 10.14 20.11 -1.35 12.81 32.73 0.00 0.00 -0.00 2.00 -0.02 0.61 -0.05 -0.29 8.55 -0.04 -0.15 4.31 0.00 0.00 -0.00 0.00 -0.00 1.62 -0.00 -0.00 16.38 0.00 0.00 8.49 0.00 0.00 -0.00 -2.00 0.08 2.24 0.26 0.63 19.89 0.20 0.31 10.45 0.00 0.00 -0.00 -4.00 0.02 0.25 0.02 0.30 4.34 0.02 0.15 2.16 0.00 -0.00 0.00 0.00 -0.00 0.00 0.00 -0.00 0.00 0.00 -0.00 0.00 0.00 -0.00 0.00 0.00 -0.00 0.00 0.00 -0.00 0.00 0.00 -0.00 0.00 0.00 -0.00 0.00 0.00 -0.00 0.00 0.00 -0.00 0.00 0.00 -0.00 0.00 0.00 -0.00 0.00 0.00 -0.00 0.00 0.00 -0.00 0.00 0.00 -0.00 0.00 0.00 -0.00 0.00 0.00 -0.00 0.00 0.00 -0.00 0.00 0.00 -0.00 0.00 0.00 -0.00 0.00 0.00 -0.00 0.00 0.00 -0.00 0.00
-0.0000 0.0214 0.0000 0.00 -0.00 0.00 0.00 -0.00 0.00 0.00 -0.00 0.00 0.00 -0.00 0.00 0.00 -0.00 0.00 0.00 -0.00 0.00 0.00 -0.00 0.00 0.00 -0.00 0.00 0.00 -0.00 0.00 0.00 -0.00 0.00 0.00 -0.00 0.00 0.00 -0.00 0.00 0.00 -0.00 0.00 0.00 -0.00 0.00 0.00 -0.00 0.00 0.00 -0.00 0.00 0.00 -0.00 0.00 0.00 -0.00 0.00 69.06 -37.95 134.56 -0.00 23.42 -0.00 -6.28 10.14 20.11 -1.35 12.81 32.73 0.00 0.00 -0.00 2.00 -0.02 0.61 -0.05 -0.29 8.55 -0.04 -0.15 4.31 0.00 0.00 -0.00 0.00 -0.00 1.62 -0.00 -0.00 16.38 0.00 0.00 8.49 0.00 0.00 -0.00 -2.00 0.08 2.24 0.26 0.63 19.89 0.20 0.31 10.45 0.00 0.00 -0.00 -4.00 0.02 0.25 0.02 0.30 4.34 0.02 0.15 2.16 0.00 -0.00 0.00 0.00 -0.00 0.00 0.00 -0.00 0.00 0.00 -0.00 0.00 0.00 -0.00 0.00 0.00 -0.00 0.00 0.00 -0.00 0.00 0.00 -0.00 0.00 0.00 -0.00 0.00 0.00 -0.00 0.00 0.00 -0.00 0.00 0.00 -0.00 0.00 0.00 -0.00 0.00 0.00 -0.00 0.00 0.00 -0.00 0.00 0.00 -0.00 0.00 0.00 -0.00 0.00 0.00 -0.00 0.00 0.00 -0.00 0.00 0.00 -0.00 0.00 0.00 -0.00 0.00 0.00 -0.00 0.00 0.00 -0.00 0.00
-0.0000 0.0219 0.0000 0.00 -0.00 0.00 0.00 -0.00 0.00 0.00 -0.00 0.00 0.00 -0.00 0.00 0.00 -0.00 0.00 0.00 -0.00 0.00 0.00 -0.00 0.00 0.00 -0.00 0.00 0.00 -0.00 0.00 0.00 -0.00 0.00 0.00 -0.00 0.00 0.00 -0.00 0.00 0.00 -0.00 0.00 0.00 -0.00 0.00 0.00 -0.00 0.00 0.00 -0.00 0.00 0.00 -0.00 0.00 0.00 -0.00 0.00 69.06 -37.95 134.56 -0.00 23.42 -0.00 -6.28 10.14 20.11 -1.35 12.81 32.73 0.00 0.00 -0.00 2.00 -0.02 0.61 -0.05 -0.29 8.55 -0.04 -0.15 4.31 0.00 0.00 -0.00 0.00 -0.00 1.62 -0.00 -0.00 16.38 0.00 0.00 8.49 0.00 0.00 -0.00 -2.00 0.08 2.24 0.26 0.63 19.89 0.20 0.31 10.45 0.00 0.00 -0.00 -4.00 0.02 0.25 0.02 0.30 4.34 0.02 0.15 2.16 0.00 -0.00 0.00 0.00 -0.00 0.00 0.00 -0.00 0.00 0.00 -0.00 0.00 0.00 -0.00 0.00 0.00 -0.00 0.00 0.00 -0.00 0.00 0.00 -0.00 0.00 0.00 -0.00 0.00 0.00 -0.00 0.00 0.00 -0.00 0.00 0.00 -0.00 0.00 0.00 -0.00 0.00 0.00 -0.00 0.00 0.00 -0.00 0.00 0.00 -0.00 0.00 0.00 -0.00 0.00 0.00 -0.00 0.00 0.00 -0.00 0.00 0.00 -0.00 0.00 0.00 -0.00 0.00 0.00 -0.00 0.00 0.00 -0.00 0.00
-0.0000 0.0216 0.0000 0.00 -0.00 0.00 0.00 -0.00 0.00 0.00 -0.00 0.00 0.00 -0.00 0.00 0.00 -0.00 0.00 0.00 -0.00 0.00 0.00 -0.00 0.00 0.00 -0.00 0.00 0.00 -0.00 0.00 0.00 -0.00 0.00 0.00 -0.00 0.00 0.00 -0.00 0.00 0.00 -0.00 0.00 0.00 -0.00 0.00 0.00 -0.00 0.00 0.00 -0.00 0.00 0.00 -0.00 0.00 0.00 -0.00 0.00 69.06 -37.95 134.56 -0.00 23.42 -0.00 -6.28 10.14 20.11 -1.35 12.81 32.73 0.00 0.00 -0.00 2.00 -0.02 0.61 -0.05 -0.29 8.55 -0.04 -0.15 4.31 0.00 0.00 -0.00 0.00 -0.00 1.62 -0.00 -0.00 16.38 0.00 0.00 8.49 0.00 0.00 -0.00 -2.00 0.08 2.24 0.26 0.63 19.89 0.20 0.31 10.45 0.00 0.00 -0.00 -4.00 0.02 0.25 0.02 0.30 4.34 0.02 0.15 2.16 0.00 -0.00 0.00 0.00 -0.00 0.00 0.00 -0.00 0.00 0.00 -0.00 0.00 0.00 -0.00 0.00 0.00 -0.00 0.00 0.00 -0.00 0.00 0.00 -0.00 0.00 0.00 -0.00 0.00 0.00 -0.00 0.00 0.00 -0.00 0.00 0.00 -0.00 0.00 0.00 -0.00 0.00 0.00 -0.00 0.00 0.00 -0.00 0.00 0.00 -0.00 0.00 0.00 -0.00 0.00 0.00 -0.00 0.00 0.00 -0.00 0.00 0.00 -0.00 0.00 0.00 -0.00 0.00 0.00 -0.00 0.00 0.00 -0.00 0.00
-0.0000 0.0218 0.0000 0.00 -0.00 0.00 0.00 -0.00 0.00 0.00 -0.00 0.00 0.00 -0.00 0.00 0.00 -0.00 0.00 0.00 -0.00 0.00 0.00 -0.00 0.00 0.00 -0.00 0.00 0.00 -0.00 0.00 0.00 -0.00 0.00 0.00 -0.00 0.00 0.00 -0.00 0.00 0.00 -0.00 0.00 0.00 -0.00 0.00 0.00 -0.00 0.00 0.00 -0.00 0.00 0.00 -0.00 0.00 0.00 -0.00 0.00 69.06 -37.95 134.56 -0.00 23.42 -0.00 -6.28 10.14 20.11 -1.35 12.81 32.73 0.00 0.00 -0.00 2.00 -0.02 0.61 -0.05 -0.29 8.55 -0.04 -0.15 4.31 0.00 0.00 -0.00 0.00 -0.00 1.62 -0.00 -0.00 16.38 0.00 0.00 8.49 0.00 0.00 -0.00 -2.00 0.08 2.24 0.26 0.63 19.89 0.20 0.31 10.45 0.00 0.00 -0.00 -4.00 0.02 0.25 0.02 0.30 4.34 0.02 0.15 2.16 0.00 -0.00 0.00 0.00 -0.00 0.00 0.00 -0.00 0.00 0.00 -0.00 0.00 0.00 -0.00 0.00 0.00 -0.00 0.00 0.00 -0.00 0.00 0.00 -0.00 0.00 0.00 -0.00 0.00 0.00 -0.00 0.00 0.00 -0.00 0.00 0.00 -0.00 0.00 0.00 -0.00 0.00 0.00 -0.00 0.00 0.00 -0.00 0.00 0.00 -0.00 0.00 0.00 -0.00 0.00 0.00 -0.00 0.00 0.00 -0.00 0.00 0.00 -0.00 0.00 0.00 -0.00 0.00 0.00 -0.00 0.00 0.00 -0.00 0.00
-0.0000 0.0222 0.0000 0.00 -0.00 0.00 0.00 -0.00 0.00 0.00 -0.00 0.00 0.00 -0.00 0.00 0.00 -0.00 0.00 0.00 -0.00 0.00 0.00 -0.00 0.00 0.00 -0.00 0.00 0.00 -0.00 0.00 0.00 -0.00 0.00 0.00 -0.00 0.00 0.00 -0.00 0.00 0.00 -0.00 0.00 0.00 -0.00 0.00 0.00 -0.00 0.00 0.00 -0.00 0.00 0.00 -0.00 0.00 0.00 -0.00 0.00 69.06 -37.95 134.56 -0.00 23.42 -0.00 -6.28 10.14 20.11 -1.35 12.81 32.73 0.00 0.00 -0.00 2.00 -0.02 0.61 -0.05 -0.29 8.55 -0.04 -0.15 4.31 0.00 0.00 -0.00 0.00 -0.00 1.62 -0.00 -0.00 16.38 0.00 0.00 8.49 0.00 0.00 -0.00 -2.00 0.08 2.24 0.26 0.63 19.89 0.20 0.31 10.45 0.00 0.00 -0.00 -4.00 0.02 0.25 0.02 0.30 4.34 0.02 0.15 2.16 0.00 -0.00 0.00 0.00 -0.00 0.00 0.00 -0.00 0.00 0.00 -0.00 0.00 0.00 -0.00 0.00 0.00 -0.00 0.00 0.00 -0.00 0.00 0.00 -0.00 0.00 0.00 -0.00 0.00 0.00 -0.00 0.00 0.00 -0.00 0.00 0.00 -0.00 0.00 0.00 -0.00 0.00 0.00 -0.00 0.00 0.00 -0.00 0.00 0.00 -0.00 0.00 0.00 -0.00 0.00 0.00 -0.00 0.00 0.00 -0.00 0.00 0.00 -0.00 0.00 0.00 -0.00 0.00 0.00 -0.00 0.00 0.00 -0.00 0.00
-0.0000 0.0218 0.0000 0.00 -0.00 0.00 0.00 -0.00 0.00 0.00 -0.00 0.00 0.00 -0.00 0.00 0.00 -0.00 0.00 0.00 -0.00 0.00 0.00 -0.00 0.00 0.00 -0.00 0.00 0.00 -0.00 0.00 0.00 -0.00 0.00 0.00 -0.00 0.00 0.00 -0.00 0.00 0.00 -0.00 0.00 0.00 -0.00 0.00 0.00 -0.00 0.00 0.00 -0.00 0.00 0.00 -0.00 0.00 0.00 -0.00 0.00 69.06 -37.95 134.56 -0.00 23.42 -0.00 -6.28 10.14 20.11 -1.35 12.81 32.73 0.00 0.00 -0.00 2.00 -0.02 0.61 -0.05 -0.29 8.55 -0.04 -0.15 4.31 0.00 0.00 -0.00 0.00 -0.00 1.62 -0.00 -0.00 16.38 0.00 0.00 8.49 0.00 0.00 -0.00 -2.00 0.08 2.24 0.26 0.63 19.89 0.20 0.31 10.45 0.00 0.00 -0.00 -4.00 0.02 0.25 0.02 0.30 4.34 0.02 0.15 2.16 0.00 -0.00 0.00 0.00 -0.00 0.00 0.00 -0.00 0.00 0.00 -0.00 0.00 0.00 -0.00 0.00 0.00 -0.00 0.00 0.00 -0.00 0.00 0.00 -0.00 0.00 0.00 -0.00 0.00 0.00 -0.00 0.00 0.00 -0.00 0.00 0.00 -0.00 0.00 0.00 -0.00 0.00 0.00 -0.00 0.00 0.00 -0.00 0.00 0.00 -0.00 0.00 0.00 -0.00 0.00 0.00 -0.00 0.00 0.00 -0.00 0.00 0.00 -0.00 0.00 0.00 -0.00 0.00 0.00 -0.00 0.00 0.00 -0.00 0.00
-0.0000 0.0220 0.0000 0.00 -0.00 0.00 0.00 -0.00 0.00 0.00 -0.00 0.00 0.00 -0.00 0.00 0.00 -0.00 0.00 0.00 -0.00 0.00 0.00 -0.00 0.00 0.00 -0.00 0.00 0.00 -0.00 0.00 0.00 -0.00 0.00 0.00 -0.00 0.00 0.00 -0.00 0.00 0.00 -0.00 0.00 0.00 -0.00 0.00 0.00 -0.00 0.00 0.00 -0.00 0.00 0.00 -0.00 0.00 0.00 -0.00 0.00 69.06 -37.95 134.56 -0.00 23.42 -0.00 -6.28 10.14 20.11 -1.35 12.81 32.73 0.00 0.00 -0.00 2.00 -0.02 0.61 -0.05 -0.29 8.55 -0.04 -0.15 4.31 0.00 0.00 -0.00 0.00 -0.00 1.62 -0.00 -0.00 16.38 0.00 0.00 8.49 0.00 0.00 -0.00 -2.00 0.08 2.24 0.26 0.63 19.89 0.20 0.31 10.45 0.00 0.00 -0.00 -4.00 0.02 0.25 0.02 0.30 4.34 0.02 0.15 2.16 0.00 -0.00 0.00 0.00 -0.00 0.00 0.00 -0.00 0.00 0.00 -0.00 0.00 0.00 -0.00 0.00 0.00 -0.00 0.00 0.00 -0.00 0.00 0.00 -0.00 0.00 0.00 -0.00 0.00 0.00 -0.00 0.00 0.00 -0.00 0.00 0.00 -0.00 0.00 0.00 -0.00 0.00 0.00 -0.00 0.00 0.00 -0.00 0.00 0.00 -0.00 0.00 0.00 -0.00 0.00 0.00 -0.00 0.00 0.00 -0.00 0.00 0.00 -0.00 0.00 0.00 -0.00 0.00 0.00 -0.00 0.00 0.00 -0.00 0.00
-0.0000 0.0224 0.0000 0.00 -0.00 0.00 0.00 -0.00 0.00 0.00 -0.00 0.00 0.00 -0.00 0.00 0.00 -0.00 0.00 0.00 -0.00 0.00 0.00 -0.00 0.00 0.00 -0.00 0.00 0.00 -0.00 0.00 0.00 -0.00 0.00 0.00 -0.00 0.00 0.00 -0.00 0.00 0.00 -0.00 0.00 0.00 -0.00 0.00 0.00 -0.00 0.00 0.00 -0.00 0.00 0.00 -0.00 0.00 0.00 -0.00 0.00 69.06 -37.95 134.56 -0.00 23.42 -0.00 -6.28 10.14 20.11 -1.35 12.81 32.73 0.00 0.00 -0.00 2.00 -0.02 0.61 -0.05 -0.29 8.55 -0.04 -0.15 4.31 0.00 0.00 -0.00 0.00 -0.00 1.62 -0.00 -0.00 16.38 0.00 0.00 8.49 0.00 0.00 -0.00 -2.00 0.08 2.24 0.26 0.63 19.89 0.20 0.31 10.45 0.00 0.00 -0.00 -4.00 0.02 0.25 0.02 0.30 4.34 0.02 0.15 2.16 0.00 -0.00 0.00 0.00 -0.00 0.00 0.00 -0.00 0.00 0.00 -0.00 0.00 0.00 -0.00 0.00 0.00 -0.00 0.00 0.00 -0.00 0.00 0.00 -0.00 0.00 0.00 -0.00 0.00 0.00 -0.00 0.00 0.00 -0.00 0.00 0.00 -0.00 0.00 0.00 -0.00 0.00 0.00 -0.00 0.00 0.00 -0.00 0.00 0.00 -0.00 0.00 0.00 -0.00 0.00 0.00 -0.00 0.00 0.00 -0.00 0.00 0.00 -0.00 0.00 0.00 -0.00 0.00 0.00 -0.00 0.00 0.00 -0.00 0.00
-0.0000 0.0219 0.0000 0.00 -0.00 0.00 0.00 -0.00 0.00 0.00 -0.00 0.00 0.00 -0.00 0.00 0.00 -0.00 0.00 0.00 -0.00 0.00 0.00 -0.00 0.00 0.00 -0.00 0.00 0.00 -0.00 0.00 0.00 -0.00 0.00 0.00 -0.00 0.00 0.00 -0.00 0.00 0.00 -0.00 0.00 0.00 -0.00 0.00 0.00 -0.00 0.00 0.00 -0.00 0.00 0.00 -0.00 0.00 0.00 -0.00 0.00 69.06 -37.95 134.56 -0.00 23.42 -0.00 -6.28 10.14 20.11 -1.35 12.81 32.73 0.00 0.00 -0.00 2.00 -0.02 0.61 -0.05 -0.29 8.55 -0.04 -0.15 4.31 0.00 0.00 -0.00 0.00 -0.00 1.62 -0.00 -0.00 16.38 0.00 0.00 8.49 0.00 0.00 -0.00 -2.00 0.08 2.24 0.26 0.63 19.89 0.20 0.31 10.45 0.00 0.00 -0.00 -4.00 0.02 0.25 0.02 0.30 4.34 0.02 0.15 2.16 0.00 -0.00 0.00 0.00 -0.00 0.00 0.00 -0.00 0.00 0.00 -0.00 0.00 0.00 -0.00 0.00 0.00 -0.00 0.00 0.00 -0.00 0.00 0.00 -0.00 0.00 0.00 -0.00 0.00 0.00 -0.00 0.00 0.00 -0.00 0.00 0.00 -0.00 0.00 0.00 -0.00 0.00 0.00 -0.00 0.00 0.00 -0.00 0.00 0.00 -0.00 0.00 0.00 -0.00 0.00 0.00 -0.00 0.00 0.00 -0.00 0.00 0.00 -0.00 0.00 0.00 -0.00 0.00 0.00 -0.00 0.00 0.00 -0.00 0.00
-0.0000 0.0221 0.0000 0.00 -0.00 0.00 0.00 -0.00 0.00 0.00 -0.00 0.00 0.00 -0.00 0.00 0.00 -0.00 0.00 0.00 -0.00 0.00 0.00 -0.00 0.00 0.00 -0.00 0.00 0.00 -0.00 0.00 0.00 -0.00 0.00 0.00 -0.00 0.00 0.00 -0.00 0.00 0.00 -0.00 0.00 0.00 -0.00 0.00 0.00 -0.00 0.00 0.00 -0.00 0.00 0.00 -0.00 0.00 0.00 -0.00 0.00 69.06 -37.95 134.56 -0.00 23.42 -0.00 -6.28 10.14 20.11 -1.35 12.81 32.73 0.00 0.00 -0.00 2.00 -0.02 0.61 -0.05 -0.29 8.55 -0.04 -0.15 4.31 0.00 0.00 -0.00 0.00 -0.00 1.62 -0.00 -0.00 16.38 0.00 0.00 8.49 0.00 0.00 -0.00 -2.00 0.08 2.24 0.26 0.63 19.89 0.20 0.31 10.45 0.00 0.00 -0.00 -4.00 0.02 0.25 0.02 0.30 4.34 0.02 0.15 2.16 0.00 -0.00 0.00 0.00 -0.00 0.00 0.00 -0.00 0.00 0.00 -0.00 0.00 0.00 -0.00 0.00 0.00 -0.00 0.00 0.00 -0.00 0.00 0.00 -0.00 0.00 0.00 -0.00 0.00 0.00 -0.00 0.00 0.00 -0.00 0.00 0.00 -0.00 0.00 0.00 -0.00 0.00 0.00 -0.00 0.00 0.00 -0.00 0.00 0.00 -0.00 0.00 0.00 -0.00 0.00 0.00 -0.00 0.00 0.00 -0.00 0.00 0.00 -0.00 0.00 0.00 -0.00 0.00 0.00 -0.00 0.00 0.00 -0.00 0.00
-0.0000 0.0224 0.0000 0.00 -0.00 0.00 0.00 -0.00 0.00 0.00 -0.00 0.00 0.00 -0.00 0.00 0.00 -0.00 0.00 0.00 -0.00 0.00 0.00 -0.00 0.00 0.00 -0.00 0.00 0.00 -0.00 0.00 0.00 -0.00 0.00 0.00 -0.00 0.00 0.00 -0.00 0.00 0.00 -0.00 0.00 0.00 -0.00 0.00 0.00 -0.00 0.00 0.00 -0.00 0.00 0.00 -0.00 0.00 0.00 -0.00 0.00 69.06 -37.95 134.56 -0.00 23.42 -0.00 -6.28 10.14 20.11 -1.35 12.81 32.73 0.00 0.00 -0.00 2.00 -0.02 0.61 -0.05 -0.29 8.55 -0.04 -0.15 4.31 0.00 0.00 -0.00 0.00 -0.00 1.62 -0.00 -0.00 16.38 0.00 0.00 8.49 0.00 0.00 -0.00 -2.00 0.08 2.24 0.26 0.63 19.89 0.20 0.31 10.45 0.00 0.00 -0.00 -4.00 0.02 0.25 0.02 0.30 4.34 0.02 0.15 2.16 0.00 -0.00 0.00 0.00 -0.00 0.00 0.00 -0.00 0.00 0.00 -0.00 0.00 0.00 -0.00 0.00 0.00 -0.00 0.00 0.00 -0.00 0.00 0.00 -0.00 0.00 0.00 -0.00 0.00 0.00 -0.00 0.00 0.00 -0.00 0.00 0.00 -0.00 0.00 0.00 -0.00 0.00 0.00 -0.00 0.00 0.00 -0.00 0.00 0.00 -0.00 0.00 0.00 -0.00 0.00 0.00 -0.00 0.00 0.00 -0.00 0.00 0.00 -0.00 0.00 0.00 -0.00 0.00 0.00 -0.00 0.00 0.00 -0.00 0.00
-0.0000 0.0216 0.0000 0.00 -0.00 0.00 0.00 -0.00 0.00 0.00 -0.00 0.00 0.00 -0.00 0.00 0.00 -0.00 0.00 0.00 -0.00 0.00 0.00 -0.00 0.00 0.00 -0.00 0.00 0.00 -0.00 0.00 0.00 -0.00 0.00 0.00 -0.00 0.00 0.00 -0.00 0.00 0.00 -0.00 0.00 0.00 -0.00 0.00 0.00 -0.00 0.00 0.00 -0.00 0.00 0.00 -0.00 0.00 0.00 -0.00 0.00 69.06 -37.95 134.56 -0.00 23.42 -0.00 -6.28 10.14 20.11 -1.35 12.81 32.73 0.00 0.00 -0.00 2.00 -0.02 0.61 -0.05 -0.29 8.55 -0.04 -0.15 4.31 0.00 0.00 -0.00 0.00 -0.00 1.62 -0.00 -0.00 16.38 0.00 0.00 8.49 0.00 0.00 -0.00 -2.00 0.08 2.24 0.26 0.63 19.89 0.20 0.31 10.45 0.00 0.00 -0.00 -4.00 0.02 0.25 0.02 0.30 4.34 0.02 0.15 2.16 0.00 -0.00 0.00 0.00 -0.00 0.00 0.00 -0.00 0.00 0.00 -0.00 0.00 0.00 -0.00 0.00 0.00 -0.00 0.00 0.00 -0.00 0.00 0.00 -0.00 0.00 0.00 -0.00 0.00 0.00 -0.00 0.00 0.00 -0.00 0.00 0.00 -0.00 0.00 0.00 -0.00 0.00 0.00 -0.00 0.00 0.00 -0.00 0.00 0.00 -0.00 0.00 0.00 -0.00 0.00 0.00 -0.00 0.00 0.00 -0.00 0.00 0.00 -0.00 0.00 0.00 -0.00 0.00 0.00 -0.00 0.00 0.00 -0.00 0.00
-0.0000 0.0214 0.0000 0.00 -0.00 0.00 0.00 -0.00 0.00 0.00 -0.00 0.00 0.00 -0.00 0.00 0.00 -0.00 0.00 0.00 -0.00 0.00 0.00 -0.00 0.00 0.00 -0.00 0.00 0.00 -0.00 0.00 0.00 -0.00 0.00 0.00 -0.00 0.00 0.00 -0.00 0.00 0.00 -0.00 0.00 0.00 -0.00 0.00 0.00 -0.00 0.00 0.00 -0.00 0.00 0.00 -0.00 0.00 0.00 -0.00 0.00 69.06 -37.95 134.56 -0.00 23.42 -0.00 -6.28 10.14 20.11 -1.35 12.81 32.73 0.00 0.00 -0.00 2.00 -0.02 0.61 -0.05 -0.29 8.55 -0.04 -0.15 4.31 0.00 0.00 -0.00 0.00 -0.00 1.62 -0.00 -0.00 16.38 0.00 0.00 8.49 0.00 0.00 -0.00 -2.00 0.08 2.24 0.26 0.63 19.89 0.20 0.31 10.45 0.00 0.00 -0.00 -4.00 0.02 0.25 0.02 0.30 4.34 0.02 0.15 2.16 0.00 -0.00 0.00 0.00 -0.00 0.00 0.00 -0.00 0.00 0.00 -0.00 0.00 0.00 -0.00 0.00 0.00 -0.00 0.00 0.00 -0.00 0.00 0.00 -0.00 0.00 0.00 -0.00 0.00 0.00 -0.00 0.00 0.00 -0.00 0.00 0.00 -0.00 0.00 0.00 -0.00 0.00 0.00 -0.00 0.00 0.00 -0.00 0.00 0.00 -0.00 0.00 0.00 -0.00 0.00 0.00 -0.00 0.00 0.00 -0.00 0.00 0.00 -0.00 0.00 0.00 -0.00 0.00 0.00 -0.00 0.00 0.00 -0.00 0.00
-0.0000 0.0215 0.0000 0.00 -0.00 0.00 0.00 -0.00 0.00 0.00 -0.00 0.00 0.00 -0.00 0.00 0.00 -0.00 0.00 0.00 -0.00 0.00 0.00 -0.00 0.00 0.00 -0.00 0.00 0.00 -0.00 0.00 0.00 -0.00 0.00 0.00 -0.00 0.00 0.00 -0.00 0.00 0.00 -0.00 0.00 0.00 -0.00 0.00 0.00 -0.00 0.00 0.00 -0.00 0.00 0.00 -0.00 0.00 0.00 -0.00 0.00 69.06 -37.95 134.56 -0.00 23.42 -0.00 -6.28 10.14 20.11 -1.35 12.81 32.73 0.00 0.00 -0.00 2.00 -0.02 0.61 -0.05 -0.29 8.55 -0.04 -0.15 4.31 0.00 0.00 -0.00 0.00 -0.00 1.62 -0.00 -0.00 16.38 0.00 0.00 8.49 0.00 0.00 -0.00 -2.00 0.08 2.24 0.26 0.63 19.89 0.20 0.31 10.45 0.00 0.00 -0.00 -4.00 0.02 0.25 0.02 0.30 4.34 0.02 0.15 2.16 0.00 -0.00 0.00 0.00 -0.00 0.00 0.00 -0.00 0.00 0.00 -0.00 0.00 0.00 -0.00 0.00 0.00 -0.00 0.00 0.00 -0.00 0.00 0.00 -0.00 0.00 0.00 -0.00 0.00 0.00 -0.00 0.00 0.00 -0.00 0.00 0.00 -0.00 0.00 0.00 -0.00 0.00 0.00 -0.00 0.00 0.00 -0.00 0.00 0.00 -0.00 0.00 0.00 -0.00 0.00 0.00 -0.00 0.00 0.00 -0.00 0.00 0.00 -0.00 0.00 0.00 -0.00 0.00 0.00 -0.00 0.00 0.00 -0.00 0.00
-0.0000 0.0211 0.0000 0.00 -0.00 0.00 0.00 -0.00 0.00 0.00 -0.00 0.00 0.00 -0.00 0.00 0.00 -0.00 0.00 0.00 -0.00 0.00 0.00 -0.00 0.00 0.00 -0.00 0.00 0.00 -0.00 0.00 0.00 -0.00 0.00 0.00 -0.00 0.00 0.00 -0.00 0.00 0.00 -0.00 0.00 0.00 -0.00 0.00 0.00 -0.00 0.00 0.00 -0.00 0.00 0.00 -0.00 0.00 0.00 -0.00 0.00 69.06 -37.95 134.56 -0.00 23.42 -0.00 -6.28 10.14 20.11 -1.35 12.81 32.73 0.00 0.00 -0.00 2.00 -0.02 0.61 -0.05 -0.29 8.55 -0.04 -0.15 4.31 0.00 0.00 -0.00 0.00 -0.00 1.62 -0.00 -0.00 16.38 0.00 -0.00 8.49 0.00 0.00 -0.00 -2.00 0.08 2.24 0.26 0.63 19.89 0.20 0.31 10.45 0.00 0.00 -0.00 -4.00 0.02 0.25 0.02 0.30 4.34 0.02 0.15 2.16 0.00 -0.00 0.00 0.00 -0.00 0.00 0.00 -0.00 0.00 0.00 -0.00 0.00 0.00 -0.00 0.00 0.00 -0.00 0.00 0.00 -0.00 0.00 0.00 -0.00 0.00 0.00 -0.00 0.00 0.00 -0.00 0.00 0.00 -0.00 0.00 0.00 -0.00 0.00 0.00 -0.00 0.00 0.00 -0.00 0.00 0.00 -0.00 0.00 0.00 -0.00 0.00 0.00 -0.00 0.00 0.00 -0.00 0.00 0.00 -0.00 0.00 0.00 -0.00 0.00 0.00 -0.00 0.00 0.00 -0.00 0.00 0.00 -0.00 0.00
-0.0000 0.0214 0.0000 0.00 -0.00 0.00 0.00 -0.00 0.00 0.00 -0.00 0.00 0.00 -0.00 0.00 0.00 -0.00 0.00 0.00 -0.00 0.00 0.00 -0.00 0.00 0.00 -0.00 0.00 0.00 -0.00 0.00 0.00 -0.00 0.00 0.00 -0.00 0.00 0.00 -0.00 0.00 0.00 -0.00 0.00 0.00 -0.00 0.00 0.00 -0.00 0.00 0.00 -0.00 0.00 0.00 -0.00 0.00 0.00 -0.00 0.00 69.06 -37.95 134.56 -0.00 23.42 -0.00 -6.28 10.14 20.11 -1.35 12.81 32.73 0.00 0.00 -0.00 2.00 -0.02 0.61 -0.05 -0.29 8.55 -0.04 -0.15 4.31 0.00 0.00 -0.00 0.00 0.00 1.62 -0.00 -0.00 16.38 0.00 -0.00 8.49 0.00 0.00 -0.00 -2.00 0.08 2.24 0.26 0.63 19.89 0.20 0.31 10.45 0.00 0.00 -0.00 -4.00 0.02 0.25 0.02 0.30 4.34 0.02 0.15 2.16 0.00 -0.00 0.00 0.00 -0.00 0.00 0.00 -0.00 0.00 0.00 -0.00 0.00 0.00 -0.00 0.00 0.00 -0.00 0.00 0.00 -0.00 0.00 0.00 -0.00 0.00 0.00 -0.00 0.00 0.00 -0.00 0.00 0.00 -0.00 0.00 0.00 -0.00 0.00 0.00 -0.00 0.00 0.00 -0.00 0.00 0.00 -0.00 0.00 0.00 -0.00 0.00 0.00 -0.00 0.00 0.00 -0.00 0.00 0.00 -0.00 0.00 0.00 -0.00 0.00 0.00 -0.00 0.00 0.00 -0.00 0.00 0.00 -0.00 0.00
-0.0000 0.0209 0.0000 0.00 -0.00 0.00 0.00 -0.00 0.00 0.00 -0.00 0.00 0.00 -0.00 0.00 0.00 -0.00 0.00 0.00 -0.00 0.00 0.00 -0.00 0.00 0.00 -0.00 0.00 0.00 -0.00 0.00 0.00 -0.00 0.00 0.00 -0.00 0.00 0.00 -0.00 0.00 0.00 -0.00 0.00 0.00 -0.00 0.00 0.00 -0.00 0.00 0.00 -0.00 0.00 0.00 -0.00 0.00 0.00 -0.00 0.00 69.06 -37.95 134.56 -0.00 23.42 -0.00 -6.28 10.14 20.11 -1.35 12.81 32.73 0.00 0.00 -0.00 2.00 -0.02 0.61 -0.05 -0.29 8.55 -0.04 -0.15 4.31 0.00 0.00 -0.00 -0.00 -0.00 1.62 0.00 -0.00 16.38 -0.00 0.00 8.49 0.00 0.00 -0.00 -2.00 0.08 2.24 0.26 0.63 19.89 0.20 0.31 10.45 0.00 0.00 -0.00 -4.00 0.02 0.25 0.02 0.30 4.34 0.02 0.15 2.16 0.00 -0.00 0.00 0.00 -0.00 0.00 0.00 -0.00 0.00 0.00 -0.00 0.00 0.00 -0.00 0.00 0.00 -0.00 0.00 0.00 -0.00 0.00 0.00 -0.00 0.00 0.00 -0.00 0.00 0.00 -0.00 0.00 0.00 -0.00 0.00 0.00 -0.00 0.00 0.00 -0.00 0.00 0.00 -0.00 0.00 0.00 -0.00 0.00 0.00 -0.00 0.00 0.00 -0.00 0.00 0.00 -0.00 0.00 0.00 -0.00 0.00 0.00 -0.00 0.00 0.00 -0.00 0.00 0.00 -0.00 0.00 0.00 -0.00 0.00
-0.0000 0.0202 0.0000 0.00 -0.00 0.00 0.00 -0.00 0.00 0.00 -0.00 0.00 0.00 -0.00 0.00 0.00 -0.00 0.00 0.00 -0.00 0.00 0.00 -0.00 0.00 0.00 -0.00 0.00 0.00 -0.00 0.00 0.00 -0.00 0.00 0.00 -0.00 0.00 0.00 -0.00 0.00 0.00 -0.00 0.00 0.00 -0.00 0.00 0.00 -0.00 0.00 0.00 -0.00 0.00 0.00 -0.00 0.00 0.00 -0.00 0.00 69.06 -37.95 134.56 -0.00 23.42 -0.00 -6.28 10.14 20.11 -1.35 12.81 32.73 0.00 0.00 -0.00 2.00 -0.02 0.61 -0.05 -0.29 8.55 -0.04 -0.15 4.31 0.00 0.00 -0.00 -0.00 0.00 1.62 0.00 -0.00 16.38 -0.00 0.00 8.49 0.00 0.00 -0.00 -2.00 0.08 2.24 0.26 0.63 19.89 0.20 0.31 10.45 0.00 0.00 -0.00 -4.00 0.02 0.25 0.02 0.30 4.34 0.02 0.15 2.16 0.00 -0.00 0.00 0.00 -0.00 0.00 0.00 -0.00 0.00 0.00 -0.00 0.00 0.00 -0.00 0.00 0.00 -0.00 0.00 0.00 -0.00 0.00 0.00 -0.00 0.00 0.00 -0.00 0.00 0.00 -0.00 0.00 0.00 -0.00 0.00 0.00 -0.00 0.00 0.00 -0.00 0.00 0.00 -0.00 0.00 0.00 -0.00 0.00 0.00 -0.00 0.00 0.00 -0.00 0.00 0.00 -0.00 0.00 0.00 -0.00 0.00 0.00 -0.00 0.00 0.00 -0.00 0.00 0.00 -0.00 0.00 0.00 -0.00 0.00
-0.0000 0.0203 0.0000 0.00 -0.00 0.00 0.00 -0.00 0.00 0.00 -0.00 0.00 0.00 -0.00 0.00 0.00 -0.00 0.00 0.00 -0.00 0.00 0.00 -0.00 0.00 0.00 -0.00 0.00 0.00 -0.00 0.00 0.00 -0.00 0.00 0.00 -0.00 0.00 0.00 -0.00 0.00 0.00 -0.00 0.00 0.00 -0.00 0.00 0.00 -0.00 0.00 0.00 -0.00 0.00 0.00 -0.00 0.00 0.00 -0.00 0.00 69.06 -37.95 134.56 -0.00 23.42 -0.00 -6.28 10.14 20.11 -1.35 12.81 32.73 0.00 0.00 -0.00 2.00 -0.02 0.61 -0.05 -0.29 8.55 -0.04 -0.15 4.31 0.00 0.00 -0.00 -0.00 0.00 1.62 0.00 -0.00 16.38 -0.00 0.00 8.49 0.00 0.00 -0.00 -2.00 0.08 2.24 0.26 0.63 19.89 0.20 0.31 10.45 0.00 0.00 -0.00 -4.00 0.02 0.25 0.02 0.30 4.34 0.02 0.15 2.16 0.00 -0.00 0.00 0.00 -0.00 0.00 0.00 -0.00 0.00 0.00 -0.00 0.00 0.00 -0.00 0.00 0.00 -0.00 0.00 0.00 -0.00 0.00 0.00 -0.00 0.00 0.00 -0.00 0.00 0.00 -0.00 0.00 0.00 -0.00 0.00 0.00 -0.00 0.00 0.00 -0.00 0.00 0.00 -0.00 0.00 0.00 -0.00 0.00 0.00 -0.00 0.00 0.00 -0.00 0.00 0.00 -0.00 0.00 0.00 -0.00 0.00 0.00 -0.00 0.00 0.00 -0.00 0.00 0.00 -0.00 0.00 0.00 -0.00 0.00
-0.0000 0.0214 0.0000 0.00 -0.00 0.00 0.00 -0.00 0.00 0.00 -0.00 0.00 0.00 -0.00 0.00 0.00 -0.00 0.00 0.00 -0.00 0.00 0.00 -0.00 0.00 0.00 -0.00 0.00 0.00 -0.00 0.00 0.00 -0.00 0.00 0.00 -0.00 0.00 0.00 -0.00 0.00 0.00 -0.00 0.00 0.00 -0.00 0.00 0.00 -0.00 0.00 0.00 -0.00 0.00 0.00 -0.00 0.00 0.00 -0.00 0.00 69.06 -37.95 134.56 -0.00 23.42 -0.00 -6.28 10.14 20.11 -1.35 12.81 32.73 0.00 0.00 -0.00 2.00 -0.02 0.61 -0.05 -0.29 8.55 -0.04 -0.15 4.31 0.00 0.00 -0.00 -0.00 0.00 1.62 -0.00 -0.00 16.38 -0.00 0.00 8.49 0.00 0.00 -0.00 -2.00 0.08 2.24 0.26 0.63 19.89 0.20 0.31 10.45 0.00 0.00 -0.00 -4.00 0.02 0.25 0.02 0.30 4.34 0.02 0.15 2.16 0.00 -0.00 0.00 0.00 -0.00 0.00 0.00 -0.00 0.00 0.00 -0.00 0.00 0.00 -0.00 0.00 0.00 -0.00 0.00 0.00 -0.00 0.00 0.00 -0.00 0.00 0.00 -0.00 0.00 0.00 -0.00 0.00 0.00 -0.00 0.00 0.00 -0.00 0.00 0.00 -0.00 0.00 0.00 -0.00 0.00 0.00 -0.00 0.00 0.00 -0.00 0.00 0.00 -0.00 0.00 0.00 -0.00 0.00 0.00 -0.00 0.00 0.00 -0.00 0.00 0.00 -0.00 0.00 0.00 -0.00 0.00 0.00 -0.00 0.00
-0.0000 0.0210 0.0000 0.00 -0.00 0.00 0.00 -0.00 0.00 0.00 -0.00 0.00 0.00 -0.00 0.00 0.00 -0.00 0.00 0.00 -0.00 0.00 0.00 -0.00 0.00 0.00 -0.00 0.00 0.00 -0.00 0.00 0.00 -0.00 0.00 0.00 -0.00 0.00 0.00 -0.00 0.00 0.00 -0.00 0.00 0.00 -0.00 0.00 0.00 -0.00 0.00 0.00 -0.00 0.00 0.00 -0.00 0.00 0.00 -0.00 0.00 69.06 -37.95 134.56 -0.00 23.42 -0.00 -6.28 10.14 20.11 -1.35 12.81 32.73 0.00 0.00 -0.00 2.00 -0.02 0.61 -0.05 -0.29 8.55 -0.04 -0.15 4.31 0.00 0.00 -0.00 -0.00 0.00 1.62 -0.00 -0.00 16.38 -0.00 0.00 8.49 0.00 0.00 -0.00 -2.00 0.08 2.24 0.26 0.63 19.89 0.20 0.31 10.45 0.00 0.00 -0.00 -4.00 0.02 0.25 0.02 0.30 4.34 0.02 0.15 2.16 0.00 -0.00 0.00 0.00 -0.00 0.00 0.00 -0.00 0.00 0.00 -0.00 0.00 0.00 -0.00 0.00 0.00 -0.00 0.00 0.00 -0.00 0.00 0.00 -0.00 0.00 0.00 -0.00 0.00 0.00 -0.00 0.00 0.00 -0.00 0.00 0.00 -0.00 0.00 0.00 -0.00 0.00 0.00 -0.00 0.00 0.00 -0.00 0.00 0.00 -0.00 0.00 0.00 -0.00 0.00 0.00 -0.00 0.00 0.00 -0.00 0.00 0.00 -0.00 0.00 0.00 -0.00 0.00 0.00 -0.00 0.00 0.00 -0.00 0.00
-0.0000 0.0206 0.0000 0.00 -0.00 0.00 0.00 -0.00 0.00 0.00 -0.00 0.00 0.00 -0.00 0.00 0.00 -0.00 0.00 0.00 -0.00 0.00 0.00 -0.00 0.00 0.00 -0.00 0.00 0.00 -0.00 0.00 0.00 -0.00 0.00 0.00 -0.00 0.00 0.00 -0.00 0.00 0.00 -0.00 0.00 0.00 -0.00 0.00 0.00 -0.00 0.00 0.00 -0.00 0.00 0.00 -0.00 0.00 0.00 -0.00 0.00 69.06 -37.95 134.56 -0.00 23.42 -0.00 -6.28 10.14 20.11 -1.35 12.81 32.73 0.00 0.00 -0.00 2.00 -0.02 0.61 -0.05 -0.29 8.55 -0.04 -0.15 4.31 0.00 0.00 -0.00 -0.00 0.00 1.62 -0.00 -0.00 16.38 -0.00 0.00 8.49 0.00 0.00 -0.00 -2.00 0.08 2.24 0.26 0.63 19.89 0.20 0.31 10.45 0.00 0.00 -0.00 -4.00 0.02 0.25 0.02 0.30 4.34 0.02 0.15 2.16 0.00 -0.00 0.00 0.00 -0.00 0.00 0.00 -0.00 0.00 0.00 -0.00 0.00 0.00 -0.00 0.00 0.00 -0.00 0.00 0.00 -0.00 0.00 0.00 -0.00 0.00 0.00 -0.00 0.00 0.00 -0.00 0.00 0.00 -0.00 0.00 0.00 -0.00 0.00 0.00 -0.00 0.00 0.00 -0.00 0.00 0.00 -0.00 0.00 0.00 -0.00 0.00 0.00 -0.00 0.00 0.00 -0.00 0.00 0.00 -0.00 0.00 0.00 -0.00 0.00 0.00 -0.00 0.00 0.00 -0.00 0.00 0.00 -0.00 0.00
-0.0000 0.0215 0.0000 0.00 -0.00 0.00 0.00 -0.00 0.00 0.00 -0.00 0.00 0.00 -0.00 0.00 0.00 -0.00 0.00 0.00 -0.00 0.00 0.00 -0.00 0.00 0.00 -0.00 0.00 0.00 -0.00 0.00 0.00 -0.00 0.00 0.00 -0.00 0.00 0.00 -0.00 0.00 0.00 -0.00 0.00 0.00 -0.00 0.00 0.00 -0.00 0.00 0.00 -0.00 0.00 0.00 -0.00 0.00 0.00 -0.00 0.00 69.06 -37.95 134.56 -0.00 23.42 -0.00 -6.28 10.14 20.11 -1.35 12.81 32.73 0.00 0.00 -0.00 2.00 -0.02 0.61 -0.05 -0.29 8.55 -0.04 -0.15 4.31 0.00 0.00 -0.00 -0.00 0.00 1.62 -0.00 -0.00 16.38 -0.00 0.00 8.49 0.00 0.00 -0.00 -2.00 0.08 2.24 0.26 0.63 19.89 0.20 0.31 10.45 0.00 0.00 -0.00 -4.00 0.02 0.25 0.02 0.30 4.34 0.02 0.15 2.16 0.00 -0.00 0.00 0.00 -0.00 0.00 0.00 -0.00 0.00 0.00 -0.00 0.00 0.00 -0.00 0.00 0.00 -0.00 0.00 0.00 -0.00 0.00 0.00 -0.00 0.00 0.00 -0.00 0.00 0.00 -0.00 0.00 0.00 -0.00 0.00 0.00 -0.00 0.00 0.00 -0.00 0.00 0.00 -0.00 0.00 0.00 -0.00 0.00 0.00 -0.00 0.00 0.00 -0.00 0.00 0.00 -0.00 0.00 0.00 -0.00 0.00 0.00 -0.00 0.00 0.00 -0.00 0.00 0.00 -0.00 0.00 0.00 -0.00 0.00
-0.0000 0.0212 0.0000 0.00 -0.00 0.00 0.00 -0.00 0.00 0.00 -0.00 0.00 0.00 -0.00 0.00 0.00 -0.00 0.00 0.00 -0.00 0.00 0.00 -0.00 0.00 0.00 -0.00 0.00 0.00 -0.00 0.00 0.00 -0.00 0.00 0.00 -0.00 0.00 0.00 -0.00 0.00 0.00 -0.00 0.00 0.00 -0.00 0.00 0.00 -0.00 0.00 0.00 -0.00 0.00 0.00 -0.00 0.00 0.00 -0.00 0.00 69.06 -37.95 134.56 -0.00 23.42 -0.00 -6.28 10.14 20.11 -1.35 12.81 32.73 0.00 0.00 -0.00 2.00 -0.02 0.61 -0.05 -0.29 8.55 -0.04 -0.15 4.31 0.00 0.00 -0.00 -0.00 0.00 1.62 -0.00 -0.00 16.38 -0.00 0.00 8.49 0.00 0.00 -0.00 -2.00 0.08 2.24 0.26 0.63 19.89 0.20 0.31 10.45 0.00 0.00 -0.00 -4.00 0.02 0.25 0.02 0.30 4.34 0.02 0.15 2.16 0.00 -0.00 0.00 0.00 -0.00 0.00 0.00 -0.00 0.00 0.00 -0.00 0.00 0.00 -0.00 0.00 0.00 -0.00 0.00 0.00 -0.00 0.00 0.00 -0.00 0.00 0.00 -0.00 0.00 0.00 -0.00 0.00 0.00 -0.00 0.00 0.00 -0.00 0.00 0.00 -0.00 0.00 0.00 -0.00 0.00 0.00 -0.00 0.00 0.00 -0.00 0.00 0.00 -0.00 0.00 0.00 -0.00 0.00 0.00 -0.00 0.00 0.00 -0.00 0.00 0.00 -0.00 0.00 0.00 -0.00 0.00 0.00 -0.00 0.00
-0.0000 0.0215 0.0000 0.00 -0.00 0.00 0.00 -0.00 0.00 0.00 -0.00 0.00 0.00 -0.00 0.00 0.00 -0.00 0.00 0.00 -0.00 0.00 0.00 -0.00 0.00 0.00 -0.00 0.00 0.00 -0.00 0.00 0.00 -0.00 0.00 0.00 -0.00 0.00 0.00 -0.00 0.00 0.00 -0.00 0.00 0.00 -0.00 0.00 0.00 -0.00 0.00 0.00 -0.00 0.00 0.00 -0.00 0.00 0.00 -0.00 0.00 69.06 -37.95 134.56 -0.00 23.42 -0.00 -6.28 10.14 20.11 -1.35 12.81 32.73 0.00 0.00 -0.00 2.00 -0.02 0.61 -0.05 -0.29 8.55 -0.04 -0.15 4.31 0.00 0.00 -0.00 -0.00 0.00 1.62 -0.00 -0.00 16.38 -0.00 0.00 8.49 0.00 0.00 -0.00 -2.00 0.08 2.24 0.26 0.63 19.89 0.20 0.31 10.45 0.00 0.00 -0.00 -4.00 0.02 0.25 0.02 0.30 4.34 0.02 0.15 2.16 0.00 -0.00 0.00 0.00 -0.00 0.00 0.00 -0.00 0.00 0.00 -0.00 0.00 0.00 -0.00 0.00 0.00 -0.00 0.00 0.00 -0.00 0.00 0.00 -0.00 0.00 0.00 -0.00 0.00 0.00 -0.00 0.00 0.00 -0.00 0.00 0.00 -0.00 0.00 0.00 -0.00 0.00 0.00 -0.00 0.00 0.00 -0.00 0.00 0.00 -0.00 0.00 0.00 -0.00 0.00 0.00 -0.00 0.00 0.00 -0.00 0.00 0.00 -0.00 0.00 0.00 -0.00 0.00 0.00 -0.00 0.00 0.00 -0.00 0.00
-0.0000 0.0215 0.0000 0.00 -0.00 0.00 0.00 -0.00 0.00 0.00 -0.00 0.00 0.00 -0.00 0.00 0.00 -0.00 0.00 0.00 -0.00 0.00 0.00 -0.00 0.00 0.00 -0.00 0.00 0.00 -0.00 0.00 0.00 -0.00 0.00 0.00 -0.00 0.00 0.00 -0.00 0.00 0.00 -0.00 0.00 0.00 -0.00 0.00 0.00 -0.00 0.00 0.00 -0.00 0.00 0.00 -0.00 0.00 0.00 -0.00 0.00 69.06 -37.95 134.56 -0.00 23.42 -0.00 -6.28 10.14 20.11 -1.35 12.81 32.73 0.00 0.00 -0.00 2.00 -0.02 0.61 -0.05 -0.29 8.55 -0.04 -0.15 4.31 0.00 0.00 -0.00 -0.00 0.00 1.62 -0.00 -0.00 16.38 -0.00 0.00 8.49 0.00 0.00 -0.00 -2.00 0.08 2.24 0.26 0.63 19.89 0.20 0.31 10.45 0.00 0.00 -0.00 -4.00 0.02 0.25 0.02 0.30 4.34 0.02 0.15 2.16 0.00 -0.00 0.00 0.00 -0.00 0.00 0.00 -0.00 0.00 0.00 -0.00 0.00 0.00 -0.00 0.00 0.00 -0.00 0.00 0.00 -0.00 0.00 0.00 -0.00 0.00 0.00 -0.00 0.00 0.00 -0.00 0.00 0.00 -0.00 0.00 0.00 -0.00 0.00 0.00 -0.00 0.00 0.00 -0.00 0.00 0.00 -0.00 0.00 0.00 -0.00 0.00 0.00 -0.00 0.00 0.00 -0.00 0.00 0.00 -0.00 0.00 0.00 -0.00 0.00 0.00 -0.00 0.00 0.00 -0.00 0.00 0.00 -0.00 0.00
-0.0000 0.0213 0.0000 0.00 -0.00 0.00 0.00 -0.00 0.00 0.00 -0.00 0.00 0.00 -0.00 0.00 0.00 -0.00 0.00 0.00 -0.00 0.00 0.00 -0.00 0.00 0.00 -0.00 0.00 0.00 -0.00 0.00 0.00 -0.00 0.00 0.00 -0.00 0.00 0.00 -0.00 0.00 0.00 -0.00 0.00 0.00 -0.00 0.00 0.00 -0.00 0.00 0.00 -0.00 0.00 0.00 -0.00 0.00 0.00 -0.00 0.00 69.06 -37.95 134.56 -0.00 23.42 -0.00 -6.28 10.14 20.11 -1.35 12.81 32.73 0.00 0.00 -0.00 2.00 -0.02 0.61 -0.05 -0.29 8.55 -0.04 -0.15 4.31 0.00 0.00 -0.00 -0.00 0.00 1.62 -0.00 -0.00 16.38 -0.00 0.00 8.49 0.00 0.00 -0.00 -2.00 0.08 2.24 0.26 0.63 19.89 0.20 0.31 10.45 0.00 0.00 -0.00 -4.00 0.02 0.25 0.02 0.30 4.34 0.02 0.15 2.16 0.00 -0.00 0.00 0.00 -0.00 0.00 0.00 -0.00 0.00 0.00 -0.00 0.00 0.00 -0.00 0.00 0.00 -0.00 0.00 0.00 -0.00 0.00 0.00 -0.00 0.00 0.00 -0.00 0.00 0.00 -0.00 0.00 0.00 -0.00 0.00 0.00 -0.00 0.00 0.00 -0.00 0.00 0.00 -0.00 0.00 0.00 -0.00 0.00 0.00 -0.00 0.00 0.00 -0.00 0.00 0.00 -0.00 0.00 0.00 -0.00 0.00 0.00 -0.00 0.00 0.00 -0.00 0.00 0.00 -0.00 0.00 0.00 -0.00 0.00
-0.0000 0.0215 0.0000 0.00 -0.00 0.00 0.00 -0.00 0.00 0.00 -0.00 0.00 0.00 -0.00 0.00 0.00 -0.00 0.00 0.00 -0.00 0.00 0.00 -0.00 0.00 0.00 -0.00 0.00 0.00 -0.00 0.00 0.00 -0.00 0.00 0.00 -0.00 0.00 0.00 -0.00 0.00 0.00 -0.00 0.00 0.00 -0.00 0.00 0.00 -0.00 0.00 0.00 -0.00 0.00 0.00 -0.00 0.00 0.00 -0.00 0.00 69.06 -37.95 134.56 -0.00 23.42 -0.00 -6.28 10.14 20.11 -1.35 12.81 32.73 0.00 0.00 -0.00 2.00 -0.02 0.61 -0.05 -0.29 8.55 -0.04 -0.15 4.31 0.00 0.00 -0.00 -0.00 0.00 1.62 -0.00 -0.00 16.38 -0.00 0.00 8.49 0.00 0.00 -0.00 -2.00 0.08 2.24 0.26 0.63 19.89 0.20 0.31 10.45 0.00 0.00 -0.00 -4.00 0.02 0.25 0.02 0.30 4.34 0.02 0.15 2.16 0.00 -0.00 0.00 0.00 -0.00 0.00 0.00 -0.00 0.00 0.00 -0.00 0.00 0.00 -0.00 0.00 0.00 -0.00 0.00 0.00 -0.00 0.00 0.00 -0.00 0.00 0.00 -0.00 0.00 0.00 -0.00 0.00 0.00 -0.00 0.00 0.00 -0.00 0.00 0.00 -0.00 0.00 0.00 -0.00 0.00 0.00 -0.00 0.00 0.00 -0.00 0.00 0.00 -0.00 0.00 0.00 -0.00 0.00 0.00 -0.00 0.00 0.00 -0.00 0.00 0.00 -0.00 0.00 0.00 -0.00 0.00 0.00 -0.00 0.00
-0.0000 0.0221 0.0000 0.00 -0.00 0.00 0.00 -0.00 0.00 0.00 -0.00 0.00 0.00 -0.00 0.00 0.00 -0.00 0.00 0.00 -0.00 0.00 0.00 -0.00 0.00 0.00 -0.00 0.00 0.00 -0.00 0.00 0.00 -0.00 0.00 0.00 -0.00 0.00 0.00 -0.00 0.00 0.00 -0.00 0.00 0.00 -0.00 0.00 0.00 -0.00 0.00 0.00 -0.00 0.00 0.00 -0.00 0.00 0.00 -0.00 0.00 69.06 -37.95 134.56 -0.00 23.42 -0.00 -6.28 10.14 20.11 -1.35 12.81 32.73 0.00 0.00 -0.00 2.00 -0.02 0.61 -0.05 -0.29 8.55 -0.04 -0.15 4.31 0.00 0.00 -0.00 -0.00 0.00 1.62 -0.00 -0.00 16.38 -0.00 0.00 8.49 0.00 0.00 -0.00 -2.00 0.08 2.24 0.26 0.63 19.89 0.20 0.31 10.45 0.00 0.00 -0.00 -4.00 0.02 0.25 0.02 0.30 4.34 0.02 0.15 2.16 0.00 -0.00 0.00 0.00 -0.00 0.00 0.00 -0.00 0.00 0.00 -0.00 0.00 0.00 -0.00 0.00 0.00 -0.00 0.00 0.00 -0.00 0.00 0.00 -0.00 0.00 0.00 -0.00 0.00 0.00 -0.00 0.00 0.00 -0.00 0.00 0.00 -0.00 0.00 0.00 -0.00 0.00 0.00 -0.00 0.00 0.00 -0.00 0.00 0.00 -0.00 0.00 0.00 -0.00 0.00 0.00 -0.00 0.00 0.00 -0.00 0.00 0.00 -0.00 0.00 0.00 -0.00 0.00 0.00 -0.00 0.00 0.00 -0.00 0.00
-0.0000 0.0222 0.0000 0.00 -0.00 0.00 0.00 -0.00 0.00 0.00 -0.00 0.00 0.00 -0.00 0.00 0.00 -0.00 0.00 0.00 -0.00 0.00 0.00 -0.00 0.00 0.00 -0.00 0.00 0.00 -0.00 0.00 0.00 -0.00 0.00 0.00 -0.00 0.00 0.00 -0.00 0.00 0.00 -0.00 0.00 0.00 -0.00 0.00 0.00 -0.00 0.00 0.00 -0.00 0.00 0.00 -0.00 0.00 0.00 -0.00 0.00 69.06 -37.95 134.56 -0.00 23.42 -0.00 -6.28 10.14 20.11 -1.35 12.81 32.73 0.00 0.00 -0.00 2.00 -0.02 0.61 -0.05 -0.29 8.55 -0.04 -0.15 4.31 0.00 0.00 -0.00 -0.00 0.00 1.62 -0.00 -0.00 16.38 -0.00 0.00 8.49 0.00 0.00 -0.00 -2.00 0.08 2.24 0.26 0.63 19.89 0.20 0.31 10.45 0.00 0.00 -0.00 -4.00 0.02 0.25 0.02 0.30 4.34 0.02 0.15 2.16 0.00 -0.00 0.00 0.00 -0.00 0.00 0.00 -0.00 0.00 0.00 -0.00 0.00 0.00 -0.00 0.00 0.00 -0.00 0.00 0.00 -0.00 0.00 0.00 -0.00 0.00 0.00 -0.00 0.00 0.00 -0.00 0.00 0.00 -0.00 0.00 0.00 -0.00 0.00 0.00 -0.00 0.00 0.00 -0.00 0.00 0.00 -0.00 0.00 0.00 -0.00 0.00 0.00 -0.00 0.00 0.00 -0.00 0.00 0.00 -0.00 0.00 0.00 -0.00 0.00 0.00 -0.00 0.00 0.00 -0.00 0.00 0.00 -0.00 0.00
-0.0000 0.0224 0.0000 0.00 -0.00 0.00 0.00 -0.00 0.00 0.00 -0.00 0.00 0.00 -0.00 0.00 0.00 -0.00 0.00 0.00 -0.00 0.00 0.00 -0.00 0.00 0.00 -0.00 0.00 0.00 -0.00 0.00 0.00 -0.00 0.00 0.00 -0.00 0.00 0.00 -0.00 0.00 0.00 -0.00 0.00 0.00 -0.00 0.00 0.00 -0.00 0.00 0.00 -0.00 0.00 0.00 -0.00 0.00 0.00 -0.00 0.00 69.06 -37.95 134.56 -0.00 23.42 -0.00 -6.28 10.14 20.11 -1.35 12.81 32.73 0.00 0.00 -0.00 2.00 -0.02 0.61 -0.05 -0.29 8.55 -0.04 -0.15 4.31 0.00 0.00 -0.00 -0.00 0.00 1.62 -0.00 -0.00 16.38 -0.00 0.00 8.49 0.00 0.00 -0.00 -2.00 0.08 2.24 0.26 0.63 19.89 0.20 0.31 10.45 0.00 0.00 -0.00 -4.00 0.02 0.25 0.02 0.30 4.34 0.02 0.15 2.16 0.00 -0.00 0.00 0.00 -0.00 0.00 0.00 -0.00 0.00 0.00 -0.00 0.00 0.00 -0.00 0.00 0.00 -0.00 0.00 0.00 -0.00 0.00 0.00 -0.00 0.00 0.00 -0.00 0.00 0.00 -0.00 0.00 0.00 -0.00 0.00 0.00 -0.00 0.00 0.00 -0.00 0.00 0.00 -0.00 0.00 0.00 -0.00 0.00 0.00 -0.00 0.00 0.00 -0.00 0.00 0.00 -0.00 0.00 0.00 -0.00 0.00 0.00 -0.00 0.00 0.00 -0.00 0.00 0.00 -0.00 0.00 0.00 -0.00 0.00
-0.0000 0.0219 0.0000 0.00 -0.00 0.00 0.00 -0.00 0.00 0.00 -0.00 0.00 0.00 -0.00 0.00 0.00 -0.00 0.00 0.00 -0.00 0.00 0.00 -0.00 0.00 0.00 -0.00 0.00 0.00 -0.00 0.00 0.00 -0.00 0.00 0.00 -0.00 0.00 0.00 -0.00 0.00 0.00 -0.00 0.00 0.00 -0.00 0.00 0.00 -0.00 0.00 0.00 -0.00 0.00 0.00 -0.00 0.00 0.00 -0.00 0.00 69.06 -37.95 134.56 -0.00 23.42 -0.00 -6.28 10.14 20.11 -1.35 12.81 32.73 0.00 0.00 -0.00 2.00 -0.02 0.61 -0.05 -0.29 8.55 -0.04 -0.15 4.31 0.00 0.00 -0.00 -0.00 0.00 1.62 -0.00 -0.00 16.38 -0.00 0.00 8.49 0.00 0.00 -0.00 -2.00 0.08 2.24 0.26 0.63 19.89 0.20 0.31 10.45 0.00 0.00 -0.00 -4.00 0.02 0.25 0.02 0.30 4.34 0.02 0.15 2.16 0.00 -0.00 0.00 0.00 -0.00 0.00 0.00 -0.00 0.00 0.00 -0.00 0.00 0.00 -0.00 0.00 0.00 -0.00 0.00 0.00 -0.00 0.00 0.00 -0.00 0.00 0.00 -0.00 0.00 0.00 -0.00 0.00 0.00 -0.00 0.00 0.00 -0.00 0.00 0.00 -0.00 0.00 0.00 -0.00 0.00 0.00 -0.00 0.00 0.00 -0.00 0.00 0.00 -0.00 0.00 0.00 -0.00 0.00 0.00 -0.00 0.00 0.00 -0.00 0.00 0.00 -0.00 0.00 0.00 -0.00 0.00 0.00 -0.00 0.00
-0.0000 0.0214 0.0000 0.00 -0.00 0.00 0.00 -0.00 0.00 0.00 -0.00 0.00 0.00 -0.00 0.00 0.00 -0.00 0.00 0.00 -0.00 0.00 0.00 -0.00 0.00 0.00 -0.00 0.00 0.00 -0.00 0.00 0.00 -0.00 0.00 0.00 -0.00 0.00 0.00 -0.00 0.00 0.00 -0.00 0.00 0.00 -0.00 0.00 0.00 -0.00 0.00 0.00 -0.00 0.00 0.00 -0.00 0.00 0.00 -0.00 0.00 69.06 -37.95 134.56 -0.00 23.42 -0.00 -6.28 10.14 20.11 -1.35 12.81 32.73 0.00 0.00 -0.00 2.00 -0.02 0.61 -0.05 -0.29 8.55 -0.04 -0.15 4.31 0.00 0.00 -0.00 -0.00 0.00 1.62 -0.00 -0.00 16.38 -0.00 0.00 8.49 0.00 0.00 -0.00 -2.00 0.08 2.24 0.26 0.63 19.89 0.20 0.31 10.45 0.00 0.00 -0.00 -4.00 0.02 0.25 0.02 0.30 4.34 0.02 0.15 2.16 0.00 -0.00 0.00 0.00 -0.00 0.00 0.00 -0.00 0.00 0.00 -0.00 0.00 0.00 -0.00 0.00 0.00 -0.00 0.00 0.00 -0.00 0.00 0.00 -0.00 0.00 0.00 -0.00 0.00 0.00 -0.00 0.00 0.00 -0.00 0.00 0.00 -0.00 0.00 0.00 -0.00 0.00 0.00 -0.00 0.00 0.00 -0.00 0.00 0.00 -0.00 0.00 0.00 -0.00 0.00 0.00 -0.00 0.00 0.00 -0.00 0.00 0.00 -0.00 0.00 0.00 -0.00 0.00 0.00 -0.00 0.00 0.00 -0.00 0.00
-0.0000 0.0217 0.0000 0.00 -0.00 0.00 0.00 -0.00 0.00 0.00 -0.00 0.00 0.00 -0.00 0.00 0.00 -0.00 0.00 0.00 -0.00 0.00 0.00 -0.00 0.00 0.00 -0.00 0.00 0.00 -0.00 0.00 0.00 -0.00 0.00 0.00 -0.00 0.00 0.00 -0.00 0.00 0.00 -0.00 0.00 0.00 -0.00 0.00 0.00 -0.00 0.00 0.00 -0.00 0.00 0.00 -0.00 0.00 0.00 -0.00 0.00 69.06 -37.95 134.56 -0.00 23.42 -0.00 -6.28 10.14 20.11 -1.35 12.81 32.73 0.00 0.00 -0.00 2.00 -0.02 0.61 -0.05 -0.29 8.55 -0.04 -0.15 4.31 0.00 0.00 -0.00 -0.00 0.00 1.62 -0.00 -0.00 16.38 -0.00 0.00 8.49 0.00 0.00 -0.00 -2.00 0.08 2.24 0.26 0.63 19.89 0.20 0.31 10.45 0.00 0.00 -0.00 -4.00 0.02 0.25 0.02 0.30 4.34 0.02 0.15 2.16 0.00 -0.00 0.00 0.00 -0.00 0.00 0.00 -0.00 0.00 0.00 -0.00 0.00 0.00 -0.00 0.00 0.00 -0.00 0.00 0.00 -0.00 0.00 0.00 -0.00 0.00 0.00 -0.00 0.00 0.00 -0.00 0.00 0.00 -0.00 0.00 0.00 -0.00 0.00 0.00 -0.00 0.00 0.00 -0.00 0.00 0.00 -0.00 0.00 0.00 -0.00 0.00 0.00 -0.00 0.00 0.00 -0.00 0.00 0.00 -0.00 0.00 0.00 -0.00 0.00 0.00 -0.00 0.00 0.00 -0.00 0.00 0.00 -0.00 0.00
-0.0000 0.0224 0.0000 0.00 -0.00 0.00 0.00 -0.00 0.00 0.00 -0.00 0.00 0.00 -0.00 0.00 0.00 -0.00 0.00 0.00 -0.00 0.00 0.00 -0.00 0.00 0.00 -0.00 0.00 0.00 -0.00 0.00 0.00 -0.00 0.00 0.00 -0.00 0.00 0.00 -0.00 0.00 0.00 -0.00 0.00 0.00 -0.00 0.00 0.00 -0.00 0.00 0.00 -0.00 0.00 0.00 -0.00 0.00 0.00 -0.00 0.00 69.06 -37.95 134.56 -0.00 23.42 -0.00 -6.28 10.14 20.11 -1.35 12.81 32.73 0.00 0.00 -0.00 2.00 -0.02 0.61 -0.05 -0.29 8.55 -0.04 -0.15 4.31 0.00 0.00 -0.00 -0.00 0.00 1.62 -0.00 -0.00 16.38 -0.00 0.00 8.49 0.00 0.00 -0.00 -2.00 0.08 2.24 0.26 0.63 19.89 0.20 0.31 10.45 0.00 0.00 -0.00 -4.00 0.02 0.25 0.02 0.30 4.34 0.02 0.15 2.16 0.00 -0.00 0.00 0.00 -0.00 0.00 0.00 -0.00 0.00 0.00 -0.00 0.00 0.00 -0.00 0.00 0.00 -0.00 0.00 0.00 -0.00 0.00 0.00 -0.00 0.00 0.00 -0.00 0.00 0.00 -0.00 0.00 0.00 -0.00 0.00 0.00 -0.00 0.00 0.00 -0.00 0.00 0.00 -0.00 0.00 0.00 -0.00 0.00 0.00 -0.00 0.00 0.00 -0.00 0.00 0.00 -0.00 0.00 0.00 -0.00 0.00 0.00 -0.00 0.00 0.00 -0.00 0.00 0.00 -0.00 0.00 0.00 -0.00 0.00
-0.0000 0.0221 0.0000 0.00 -0.00 0.00 0.00 -0.00 0.00 0.00 -0.00 0.00 0.00 -0.00 0.00 0.00 -0.00 0.00 0.00 -0.00 0.00 0.00 -0.00 0.00 0.00 -0.00 0.00 0.00 -0.00 0.00 0.00 -0.00 0.00 0.00 -0.00 0.00 0.00 -0.00 0.00 0.00 -0.00 0.00 0.00 -0.00 0.00 0.00 -0.00 0.00 0.00 -0.00 0.00 0.00 -0.00 0.00 0.00 -0.00 0.00 69.06 -37.95 134.56 -0.00 23.42 -0.00 -6.28 10.14 20.11 -1.35 12.81 32.73 0.00 0.00 -0.00 2.00 -0.02 0.61 -0.05 -0.29 8.55 -0.04 -0.15 4.31 0.00 0.00 -0.00 -0.00 0.00 1.62 -0.00 -0.00 16.38 -0.00 0.00 8.49 0.00 0.00 -0.00 -2.00 0.08 2.24 0.26 0.63 19.89 0.20 0.31 10.45 0.00 0.00 -0.00 -4.00 0.02 0.25 0.02 0.30 4.34 0.02 0.15 2.16 0.00 -0.00 0.00 0.00 -0.00 0.00 0.00 -0.00 0.00 0.00 -0.00 0.00 0.00 -0.00 0.00 0.00 -0.00 0.00 0.00 -0.00 0.00 0.00 -0.00 0.00 0.00 -0.00 0.00 0.00 -0.00 0.00 0.00 -0.00 0.00 0.00 -0.00 0.00 0.00 -0.00 0.00 0.00 -0.00 0.00 0.00 -0.00 0.00 0.00 -0.00 0.00 0.00 -0.00 0.00 0.00 -0.00 0.00 0.00 -0.00 0.00 0.00 -0.00 0.00 0.00 -0.00 0.00 0.00 -0.00 0.00 0.00 -0.00 0.00
-0.0000 0.0215 0.0000 0.00 -0.00 0.00 0.00 -0.00 0.00 0.00 -0.00 0.00 0.00 -0.00 0.00 0.00 -0.00 0.00 0.00 -0.00 0.00 0.00 -0.00 0.00 0.00 -0.00 0.00 0.00 -0.00 0.00 0.00 -0.00 0.00 0.00 -0.00 0.00 0.00 -0.00 0.00 0.00 -0.00 0.00 0.00 -0.00 0.00 0.00 -0.00 0.00 0.00 -0.00 0.00 0.00 -0.00 0.00 0.00 -0.00 0.00 69.06 -37.95 134.56 -0.00 23.42 -0.00 -6.28 10.14 20.11 -1.35 12.81 32.73 0.00 0.00 -0.00 2.00 -0.02 0.61 -0.05 -0.29 8.55 -0.04 -0.15 4.31 0.00 0.00 -0.00 -0.00 0.00 1.62 -0.00 -0.00 16.38 -0.00 0.00 8.49 0.00 0.00 -0.00 -2.00 0.08 2.24 0.26 0.63 19.89 0.20 0.31 10.45 0.00 0.00 -0.00 -4.00 0.02 0.25 0.02 0.30 4.34 0.02 0.15 2.16 0.00 -0.00 0.00 0.00 -0.00 0.00 0.00 -0.00 0.00 0.00 -0.00 0.00 0.00 -0.00 0.00 0.00 -0.00 0.00 0.00 -0.00 0.00 0.00 -0.00 0.00 0.00 -0.00 0.00 0.00 -0.00 0.00 0.00 -0.00 0.00 0.00 -0.00 0.00 0.00 -0.00 0.00 0.00 -0.00 0.00 0.00 -0.00 0.00 0.00 -0.00 0.00 0.00 -0.00 0.00 0.00 -0.00 0.00 0.00 -0.00 0.00 0.00 -0.00 0.00 0.00 -0.00 0.00 0.00 -0.00 0.00 0.00 -0.00 0.00
-0.0000 0.0219 0.0000 0.00 -0.00 0.00 0.00 -0.00 0.00 0.00 -0.00 0.00 0.00 -0.00 0.00 0.00 -0.00 0.00 0.00 -0.00 0.00 0.00 -0.00 0.00 0.00 -0.00 0.00 0.00 -0.00 0.00 0.00 -0.00 0.00 0.00 -0.00 0.00 0.00 -0.00 0.00 0.00 -0.00 0.00 0.00 -0.00 0.00 0.00 -0.00 0.00 0.00 -0.00 0.00 0.00 -0.00 0.00 0.00 -0.00 0.00 69.06 -37.95 134.56 -0.00 23.42 -0.00 -6.28 10.14 20.11 -1.35 12.81 32.73 0.00 0.00 -0.00 2.00 -0.02 0.61 -0.05 -0.29 8.55 -0.04 -0.15 4.31 0.00 0.00 -0.00 -0.00 0.00 1.62 -0.00 -0.00 16.38 -0.00 0.00 8.49 0.00 0.00 -0.00 -2.00 0.08 2.24 0.26 0.63 19.89 0.20 0.31 10.45 0.00 0.00 -0.00 -4.00 0.02 0.25 0.02 0.30 4.34 0.02 0.15 2.16 0.00 -0.00 0.00 0.00 -0.00 0.00 0.00 -0.00 0.00 0.00 -0.00 0.00 0.00 -0.00 0.00 0.00 -0.00 0.00 0.00 -0.00 0.00 0.00 -0.00 0.00 0.00 -0.00 0.00 0.00 -0.00 0.00 0.00 -0.00 0.00 0.00 -0.00 0.00 0.00 -0.00 0.00 0.00 -0.00 0.00 0.00 -0.00 0.00 0.00 -0.00 0.00 0.00 -0.00 0.00 0.00 -0.00 0.00 0.00 -0.00 0.00 0.00 -0.00 0.00 0.00 -0.00 0.00 0.00 -0.00 0.00 0.00 -0.00 0.00
-0.0000 0.0223 0.0000 0.00 -0.00 0.00 0.00 -0.00 0.00 0.00 -0.00 0.00 0.00 -0.00 0.00 0.00 -0.00 0.00 0.00 -0.00 0.00 0.00 -0.00 0.00 0.00 -0.00 0.00 0.00 -0.00 0.00 0.00 -0.00 0.00 0.00 -0.00 0.00 0.00 -0.00 0.00 0.00 -0.00 0.00 0.00 -0.00 0.00 0.00 -0.00 0.00 0.00 -0.00 0.00 0.00 -0.00 0.00 0.00 -0.00 0.00 69.06 -37.95 134.56 -0.00 23.42 -0.00 -6.28 10.14 20.11 -1.35 12.81 32.73 0.00 0.00 -0.00 2.00 -0.02 0.61 -0.05 -0.29 8.55 -0.04 -0.15 4.31 0.00 0.00 -0.00 -0.00 0.00 1.62 -0.00 -0.00 16.38 -0.00 0.00 8.49 0.00 0.00 -0.00 -2.00 0.08 2.24 0.26 0.63 19.89 0.20 0.31 10.45 0.00 0.00 -0.00 -4.00 0.02 0.25 0.02 0.30 4.34 0.02 0.15 2.16 0.00 -0.00 0.00 0.00 -0.00 0.00 0.00 -0.00 0.00 0.00 -0.00 0.00 0.00 -0.00 0.00 0.00 -0.00 0.00 0.00 -0.00 0.00 0.00 -0.00 0.00 0.00 -0.00 0.00 0.00 -0.00 0.00 0.00 -0.00 0.00 0.00 -0.00 0.00 0.00 -0.00 0.00 0.00 -0.00 0.00 0.00 -0.00 0.00 0.00 -0.00 0.00 0.00 -0.00 0.00 0.00 -0.00 0.00 0.00 -0.00 0.00 0.00 -0.00 0.00 0.00 -0.00 0.00 0.00 -0.00 0.00 0.00 -0.00 0.00
-0.0000 0.0220 0.0000 0.00 -0.00 0.00 0.00 -0.00 0.00 0.00 -0.00 0.00 0.00 -0.00 0.00 0.00 -0.00 0.00 0.00 -0.00 0.00 0.00 -0.00 0.00 0.00 -0.00 0.00 0.00 -0.00 0.00 0.00 -0.00 0.00 0.00 -0.00 0.00 0.00 -0.00 0.00 0.00 -0.00 0.00 0.00 -0.00 0.00 0.00 -0.00 0.00 0.00 -0.00 0.00 0.00 -0.00 0.00 0.00 -0.00 0.00 69.06 -37.95 134.56 -0.00 23.42 -0.00 -6.28 10.14 20.11 -1.35 12.81 32.73 0.00 0.00 -0.00 2.00 -0.02 0.61 -0.05 -0.29 8.55 -0.04 -0.15 4.31 0.00 0.00 -0.00 -0.00 0.00 1.62 -0.00 -0.00 16.38 -0.00 0.00 8.49 0.00 0.00 -0.00 -2.00 0.08 2.24 0.26 0.63 19.89 0.20 0.31 10.45 0.00 0.00 -0.00 -4.00 0.02 0.25 0.02 0.30 4.34 0.02 0.15 2.16 0.00 -0.00 0.00 0.00 -0.00 0.00 0.00 -0.00 0.00 0.00 -0.00 0.00 0.00 -0.00 0.00 0.00 -0.00 0.00 0.00 -0.00 0.00 0.00 -0.00 0.00 0.00 -0.00 0.00 0.00 -0.00 0.00 0.00 -0.00 0.00 0.00 -0.00 0.00 0.00 -0.00 0.00 0.00 -0.00 0.00 0.00 -0.00 0.00 0.00 -0.00 0.00 0.00 -0.00 0.00 0.00 -0.00 0.00 0.00 -0.00 0.00 0.00 -0.00 0.00 0.00 -0.00 0.00 0.00 -0.00 0.00 0.00 -0.00 0.00
-0.0000 0.0219 0.0000 0.00 -0.00 0.00 0.00 -0.00 0.00 0.00 -0.00 0.00 0.00 -0.00 0.00 0.00 -0.00 0.00 0.00 -0.00 0.00 0.00 -0.00 0.00 0.00 -0.00 0.00 0.00 -0.00 0.00 0.00 -0.00 0.00 0.00 -0.00 0.00 0.00 -0.00 0.00 0.00 -0.00 0.00 0.00 -0.00 0.00 0.00 -0.00 0.00 0.00 -0.00 0.00 0.00 -0.00 0.00 0.00 -0.00 0.00 69.06 -37.95 134.56 -0.00 23.42 -0.00 -6.28 10.14 20.11 -1.35 12.81 32.73 0.00 0.00 -0.00 2.00 -0.02 0.61 -0.05 -0.29 8.55 -0.04 -0.15 4.31 0.00 0.00 -0.00 -0.00 0.00 1.62 -0.00 -0.00 16.38 -0.00 0.00 8.49 0.00 0.00 -0.00 -2.00 0.08 2.24 0.26 0.63 19.89 0.20 0.31 10.45 0.00 0.00 -0.00 -4.00 0.02 0.25 0.02 0.30 4.34 0.02 0.15 2.16 0.00 -0.00 0.00 0.00 -0.00 0.00 0.00 -0.00 0.00 0.00 -0.00 0.00 0.00 -0.00 0.00 0.00 -0.00 0.00 0.00 -0.00 0.00 0.00 -0.00 0.00 0.00 -0.00 0.00 0.00 -0.00 0.00 0.00 -0.00 0.00 0.00 -0.00 0.00 0.00 -0.00 0.00 0.00 -0.00 0.00 0.00 -0.00 0.00 0.00 -0.00 0.00 0.00 -0.00 0.00 0.00 -0.00 0.00 0.00 -0.00 0.00 0.00 -0.00 0.00 0.00 -0.00 0.00 0.00 -0.00 0.00 0.00 -0.00 0.00
-0.0000 0.0215 0.0000 0.00 -0.00 0.00 0.00 -0.00 0.00 0.00 -0.00 0.00 0.00 -0.00 0.00 0.00 -0.00 0.00 0.00 -0.00 0.00 0.00 -0.00 0.00 0.00 -0.00 0.00 0.00 -0.00 0.00 0.00 -0.00 0.00 0.00 -0.00 0.00 0.00 -0.00 0.00 0.00 -0.00 0.00 0.00 -0.00 0.00 0.00 -0.00 0.00 0.00 -0.00 0.00 0.00 -0.00 0.00 0.00 -0.00 0.00 69.06 -37.95 134.56 -0.00 23.42 -0.00 -6.28 10.14 20.11 -1.35 12.81 32.73 0.00 0.00 -0.00 2.00 -0.02 0.61 -0.05 -0.29 8.55 -0.04 -0.15 4.31 0.00 0.00 -0.00 -0.00 0.00 1.62 -0.00 -0.00 16.38 -0.00 0.00 8.49 0.00 0.00 -0.00 -2.00 0.08 2.24 0.26 0.63 19.89 0.20 0.31 10.45 0.00 0.00 -0.00 -4.00 0.02 0.25 0.02 0.30 4.34 0.02 0.15 2.16 0.00 -0.00 0.00 0.00 -0.00 0.00 0.00 -0.00 0.00 0.00 -0.00 0.00 0.00 -0.00 0.00 0.00 -0.00 0.00 0.00 -0.00 0.00 0.00 -0.00 0.00 0.00 -0.00 0.00 0.00 -0.00 0.00 0.00 -0.00 0.00 0.00 -0.00 0.00 0.00 -0.00 0.00 0.00 -0.00 0.00 0.00 -0.00 0.00 0.00 -0.00 0.00 0.00 -0.00 0.00 0.00 -0.00 0.00 0.00 -0.00 0.00 0.00 -0.00 0.00 0.00 -0.00 0.00 0.00 -0.00 0.00 0.00 -0.00 0.00
-0.0000 0.0215 0.0000 0.00 -0.00 0.00 0.00 -0.00 0.00 0.00 -0.00 0.00 0.00 -0.00 0.00 0.00 -0.00 0.00 0.00 -0.00 0.00 0.00 -0.00 0.00 0.00 -0.00 0.00 0.00 -0.00 0.00 0.00 -0.00 0.00 0.00 -0.00 0.00 0.00 -0.00 0.00 0.00 -0.00 0.00 0.00 -0.00 0.00 0.00 -0.00 0.00 0.00 -0.00 0.00 0.00 -0.00 0.00 0.00 -0.00 0.00 69.06 -37.95 134.56 -0.00 23.42 -0.00 -6.28 10.14 20.11 -1.35 12.81 32.73 0.00 0.00 -0.00 2.00 -0.02 0.61 -0.05 -0.29 8.55 -0.04 -0.15 4.31 0.00 0.00 -0.00 -0.00 0.00 1.62 -0.00 -0.00 16.38 -0.00 0.00 8.49 0.00 0.00 -0.00 -2.00 0.08 2.24 0.26 0.63 19.89 0.20 0.31 10.45 0.00 0.00 -0.00 -4.00 0.02 0.25 0.02 0.30 4.34 0.02 0.15 2.16 0.00 -0.00 0.00 0.00 -0.00 0.00 0.00 -0.00 0.00 0.00 -0.00 0.00 0.00 -0.00 0.00 0.00 -0.00 0.00 0.00 -0.00 0.00 0.00 -0.00 0.00 0.00 -0.00 0.00 0.00 -0.00 0.00 0.00 -0.00 0.00 0.00 -0.00 0.00 0.00 -0.00 0.00 0.00 -0.00 0.00 0.00 -0.00 0.00 0.00 -0.00 0.00 0.00 -0.00 0.00 0.00 -0.00 0.00 0.00 -0.00 0.00 0.00 -0.00 0.00 0.00 -0.00 0.00 0.00 -0.00 0.00 0.00 -0.00 0.00
-0.0000 0.0215 0.0000 0.00 -0.00 0.00 0.00 -0.00 0.00 0.00 -0.00 0.00 0.00 -0.00 0.00 0.00 -0.00 0.00 0.00 -0.00 0.00 0.00 -0.00 0.00 0.00 -0.00 0.00 0.00 -0.00 0.00 0.00 -0.00 0.00 0.00 -0.00 0.00 0.00 -0.00 0.00 0.00 -0.00 0.00 0.00 -0.00 0.00 0.00 -0.00 0.00 0.00 -0.00 0.00 0.00 -0.00 0.00 0.00 -0.00 0.00 69.06 -37.95 134.56 -0.00 23.42 -0.00 -6.28 10.14 20.11 -1.35 12.81 32.73 0.00 0.00 -0.00 2.00 -0.02 0.61 -0.05 -0.29 8.55 -0.04 -0.15 4.31 0.00 0.00 -0.00 -0.00 0.00 1.62 -0.00 -0.00 16.38 -0.00 0.00 8.49 0.00 0.00 -0.00 -2.00 0.08 2.24 0.26 0.63 19.89 0.20 0.31 10.45 0.00 0.00 -0.00 -4.00 0.02 0.25 0.02 0.30 4.34 0.02 0.15 2.16 0.00 -0.00 0.00 0.00 -0.00 0.00 0.00 -0.00 0.00 0.00 -0.00 0.00 0.00 -0.00 0.00 0.00 -0.00 0.00 0.00 -0.00 0.00 0.00 -0.00 0.00 0.00 -0.00 0.00 0.00 -0.00 0.00 0.00 -0.00 0.00 0.00 -0.00 0.00 0.00 -0.00 0.00 0.00 -0.00 0.00 0.00 -0.00 0.00 0.00 -0.00 0.00 0.00 -0.00 0.00 0.00 -0.00 0.00 0.00 -0.00 0.00 0.00 -0.00 0.00 0.00 -0.00 0.00 0.00 -0.00 0.00 0.00 -0.00 0.00
-0.0000 0.0211 0.0000 0.00 -0.00 0.00 0.00 -0.00 0.00 0.00 -0.00 0.00 0.00 -0.00 0.00 0.00 -0.00 0.00 0.00 -0.00 0.00 0.00 -0.00 0.00 0.00 -0.00 0.00 0.00 -0.00 0.00 0.00 -0.00 0.00 0.00 -0.00 0.00 0.00 -0.00 0.00 0.00 -0.00 0.00 0.00 -0.00 0.00 0.00 -0.00 0.00 0.00 -0.00 0.00 0.00 -0.00 0.00 0.00 -0.00 0.00 69.06 -37.95 134.56 -0.00 23.42 -0.00 -6.28 10.14 20.11 -1.35 12.81 32.73 0.00 0.00 -0.00 2.00 -0.02 0.61 -0.05 -0.29 8.55 -0.04 -0.15 4.31 0.00 0.00 -0.00 -0.00 0.00 1.62 -0.00 -0.00 16.38 -0.00 0.00 8.49 0.00 0.00 -0.00 -2.00 0.08 2.24 0.26 0.63 19.89 0.20 0.31 10.45 0.00 0.00 -0.00 -4.00 0.02 0.25 0.02 0.30 4.34 0.02 0.15 2.16 0.00 -0.00 0.00 0.00 -0.00 0.00 0.00 -0.00 0.00 0.00 -0.00 0.00 0.00 -0.00 0.00 0.00 -0.00 0.00 0.00 -0.00 0.00 0.00 -0.00 0.00 0.00 -0.00 0.00 0.00 -0.00 0.00 0.00 -0.00 0.00 0.00 -0.00 0.00 0.00 -0.00 0.00 0.00 -0.00 0.00 0.00 -0.00 0.00 0.00 -0.00 0.00 0.00 -0.00 0.00 0.00 -0.00 0.00 0.00 -0.00 0.00 0.00 -0.00 0.00 0.00 -0.00 0.00 0.00 -0.00 0.00 0.00 -0.00 0.00
-0.0000 0.0215 0.0000 0.00 -0.00 0.00 0.00 -0.00 0.00 0.00 -0.00 0.00 0.00 -0.00 0.00 0.00 -0.00 0.00 0.00 -0.00 0.00 0.00 -0.00 0.00 0.00 -0.00 0.00 0.00 -0.00 0.00 0.00 -0.00 0.00 0.00 -0.00 0.00 0.00 -0.00 0.00 0.00 -0.00 0.00 0.00 -0.00 0.00 0.00 -0.00 0.00 0.00 -0.00 0.00 0.00 -0.00 0.00 0.00 -0.00 0.00 69.06 -37.95 134.56 -0.00 23.42 -0.00 -6.28 10.14 20.11 -1.35 12.81 32.73 0.00 0.00 -0.00 2.00 -0.02 0.61 -0.05 -0.29 8.55 -0.04 -0.15 4.31 0.00 0.00 -0.00 -0.00 0.00 1.62 -0.00 -0.00 16.38 -0.00 0.00 8.49 0.00 0.00 -0.00 -2.00 0.08 2.24 0.26 0.63 19.89 0.20 0.31 10.45 0.00 0.00 -0.00 -4.00 0.02 0.25 0.02 0.30 4.34 0.02 0.15 2.16 0.00 -0.00 0.00 0.00 -0.00 0.00 0.00 -0.00 0.00 0.00 -0.00 0.00 0.00 -0.00 0.00 0.00 -0.00 0.00 0.00 -0.00 0.00 0.00 -0.00 0.00 0.00 -0.00 0.00 0.00 -0.00 0.00 0.00 -0.00 0.00 0.00 -0.00 0.00 0.00 -0.00 0.00 0.00 -0.00 0.00 0.00 -0.00 0.00 0.00 -0.00 0.00 0.00 -0.00 0.00 0.00 -0.00 0.00 0.00 -0.00 0.00 0.00 -0.00 0.00 0.00 -0.00 0.00 0.00 -0.00 0.00 0.00 -0.00 0.00
-0.0000 0.0219 0.0000 0.00 -0.00 0.00 0.00 -0.00 0.00 0.00 -0.00 0.00 0.00 -0.00 0.00 0.00 -0.00 0.00 0.00 -0.00 0.00 0.00 -0.00 0.00 0.00 -0.00 0.00 0.00 -0.00 0.00 0.00 -0.00 0.00 0.00 -0.00 0.00 0.00 -0.00 0.00 0.00 -0.00 0.00 0.00 -0.00 0.00 0.00 -0.00 0.00 0.00 -0.00 0.00 0.00 -0.00 0.00 0.00 -0.00 0.00 69.06 -37.95 134.56 -0.00 23.42 -0.00 -6.28 10.14 20.11 -1.35 12.81 32.73 0.00 0.00 -0.00 2.00 -0.02 0.61 -0.05 -0.29 8.55 -0.04 -0.15 4.31 0.00 0.00 -0.00 -0.00 0.00 1.62 -0.00 -0.00 16.38 -0.00 0.00 8.49 0.00 0.00 -0.00 -2.00 0.08 2.24 0.26 0.63 19.89 0.20 0.31 10.45 0.00 0.00 -0.00 -4.00 0.02 0.25 0.02 0.30 4.34 0.02 0.15 2.16 0.00 -0.00 0.00 0.00 -0.00 0.00 0.00 -0.00 0.00 0.00 -0.00 0.00 0.00 -0.00 0.00 0.00 -0.00 0.00 0.00 -0.00 0.00 0.00 -0.00 0.00 0.00 -0.00 0.00 0.00 -0.00 0.00 0.00 -0.00 0.00 0.00 -0.00 0.00 0.00 -0.00 0.00 0.00 -0.00 0.00 0.00 -0.00 0.00 0.00 -0.00 0.00 0.00 -0.00 0.00 0.00 -0.00 0.00 0.00 -0.00 0.00 0.00 -0.00 0.00 0.00 -0.00 0.00 0.00 -0.00 0.00 0.00 -0.00 0.00
-0.0000 0.0208 0.0000 0.00 -0.00 0.00 0.00 -0.00 0.00 0.00 -0.00 0.00 0.00 -0.00 0.00 0.00 -0.00 0.00 0.00 -0.00 0.00 0.00 -0.00 0.00 0.00 -0.00 0.00 0.00 -0.00 0.00 0.00 -0.00 0.00 0.00 -0.00 0.00 0.00 -0.00 0.00 0.00 -0.00 0.00 0.00 -0.00 0.00 0.00 -0.00 0.00 0.00 -0.00 0.00 0.00 -0.00 0.00 0.00 -0.00 0.00 69.06 -37.95 134.56 -0.00 23.42 -0.00 -6.28 10.14 20.11 -1.35 12.81 32.73 0.00 0.00 -0.00 2.00 -0.02 0.61 -0.05 -0.29 8.55 -0.04 -0.15 4.31 0.00 0.00 -0.00 -0.00 0.00 1.62 -0.00 -0.00 16.38 -0.00 0.00 8.49 0.00 0.00 -0.00 -2.00 0.08 2.24 0.26 0.63 19.89 0.20 0.31 10.45 0.00 0.00 -0.00 -4.00 0.02 0.25 0.02 0.30 4.34 0.02 0.15 2.16 0.00 -0.00 0.00 0.00 -0.00 0.00 0.00 -0.00 0.00 0.00 -0.00 0.00 0.00 -0.00 0.00 0.00 -0.00 0.00 0.00 -0.00 0.00 0.00 -0.00 0.00 0.00 -0.00 0.00 0.00 -0.00 0.00 0.00 -0.00 0.00 0.00 -0.00 0.00 0.00 -0.00 0.00 0.00 -0.00 0.00 0.00 -0.00 0.00 0.00 -0.00 0.00 0.00 -0.00 0.00 0.00 -0.00 0.00 0.00 -0.00 0.00 0.00 -0.00 0.00 0.00 -0.00 0.00 0.00 -0.00 0.00 0.00 -0.00 0.00
-0.0000 0.0206 0.0000 0.00 -0.00 0.00 0.00 -0.00 0.00 0.00 -0.00 0.00 0.00 -0.00 0.00 0.00 -0.00 0.00 0.00 -0.00 0.00 0.00 -0.00 0.00 0.00 -0.00 0.00 0.00 -0.00 0.00 0.00 -0.00 0.00 0.00 -0.00 0.00 0.00 -0.00 0.00 0.00 -0.00 0.00 0.00 -0.00 0.00 0.00 -0.00 0.00 0.00 -0.00 0.00 0.00 -0.00 0.00 0.00 -0.00 0.00 69.06 -37.95 134.56 -0.00 23.42 -0.00 -6.28 10.14 20.11 -1.35 12.81 32.73 0.00 0.00 -0.00 2.00 -0.02 0.61 -0.05 -0.29 8.55 -0.04 -0.15 4.31 0.00 0.00 -0.00 -0.00 0.00 1.62 -0.00 -0.00 16.38 -0.00 0.00 8.49 0.00 0.00 -0.00 -2.00 0.08 2.24 0.26 0.63 19.89 0.20 0.31 10.45 0.00 0.00 -0.00 -4.00 0.02 0.25 0.02 0.30 4.34 0.02 0.15 2.16 0.00 -0.00 0.00 0.00 -0.00 0.00 0.00 -0.00 0.00 0.00 -0.00 0.00 0.00 -0.00 0.00 0.00 -0.00 0.00 0.00 -0.00 0.00 0.00 -0.00 0.00 0.00 -0.00 0.00 0.00 -0.00 0.00 0.00 -0.00 0.00 0.00 -0.00 0.00 0.00 -0.00 0.00 0.00 -0.00 0.00 0.00 -0.00 0.00 0.00 -0.00 0.00 0.00 -0.00 0.00 0.00 -0.00 0.00 0.00 -0.00 0.00 0.00 -0.00 0.00 0.00 -0.00 0.00 0.00 -0.00 0.00 0.00 -0.00 0.00
-0.0000 0.0214 0.0000 0.00 -0.00 0.00 0.00 -0.00 0.00 0.00 -0.00 0.00 0.00 -0.00 0.00 0.00 -0.00 0.00 0.00 -0.00 0.00 0.00 -0.00 0.00 0.00 -0.00 0.00 0.00 -0.00 0.00 0.00 -0.00 0.00 0.00 -0.00 0.00 0.00 -0.00 0.00 0.00 -0.00 0.00 0.00 -0.00 0.00 0.00 -0.00 0.00 0.00 -0.00 0.00 0.00 -0.00 0.00 0.00 -0.00 0.00 69.06 -37.95 134.56 -0.00 23.42 -0.00 -6.28 10.14 20.11 -1.35 12.81 32.73 0.00 0.00 -0.00 2.00 -0.02 0.61 -0.05 -0.29 8.55 -0.04 -0.15 4.31 0.00 0.00 -0.00 -0.00 0.00 1.62 -0.00 -0.00 16.38 -0.00 0.00 8.49 0.00 0.00 -0.00 -2.00 0.08 2.24 0.26 0.63 19.89 0.20 0.31 10.45 0.00 0.00 -0.00 -4.00 0.02 0.25 0.02 0.30 4.34 0.02 0.15 2.16 0.00 -0.00 0.00 0.00 -0.00 0.00 0.00 -0.00 0.00 0.00 -0.00 0.00 0.00 -0.00 0.00 0.00 -0.00 0.00 0.00 -0.00 0.00 0.00 -0.00 0.00 0.00 -0.00 0.00 0.00 -0.00 0.00 0.00 -0.00 0.00 0.00 -0.00 0.00 0.00 -0.00 0.00 0.00 -0.00 0.00 0.00 -0.00 0.00 0.00 -0.00 0.00 0.00 -0.00 0.00 0.00 -0.00 0.00 0.00 -0.00 0.00 0.00 -0.00 0.00 0.00 -0.00 0.00 0.00 -0.00 0.00 0.00 -0.00 0.00
-0.0000 0.0214 0.0000 0.00 -0.00 0.00 0.00 -0.00 0.00 0.00 -0.00 0.00 0.00 -0.00 0.00 0.00 -0.00 0.00 0.00 -0.00 0.00 0.00 -0.00 0.00 0.00 -0.00 0.00 0.00 -0.00 0.00 0.00 -0.00 0.00 0.00 -0.00 0.00 0.00 -0.00 0.00 0.00 -0.00 0.00 0.00 -0.00 0.00 0.00 -0.00 0.00 0.00 -0.00 0.00 0.00 -0.00 0.00 0.00 -0.00 0.00 69.06 -37.95 134.56 -0.00 23.42 -0.00 -6.28 10.14 20.11 -1.35 12.81 32.73 0.00 0.00 -0.00 2.00 -0.02 0.61 -0.05 -0.29 8.55 -0.04 -0.15 4.31 0.00 0.00 -0.00 -0.00 0.00 1.62 -0.00 -0.00 16.38 -0.00 0.00 8.49 0.00 0.00 -0.00 -2.00 0.08 2.24 0.26 0.63 19.89 0.20 0.31 10.45 0.00 0.00 -0.00 -4.00 0.02 0.25 0.02 0.30 4.34 0.02 0.15 2.16 0.00 -0.00 0.00 0.00 -0.00 0.00 0.00 -0.00 0.00 0.00 -0.00 0.00 0.00 -0.00 0.00 0.00 -0.00 0.00 0.00 -0.00 0.00 0.00 -0.00 0.00 0.00 -0.00 0.00 0.00 -0.00 0.00 0.00 -0.00 0.00 0.00 -0.00 0.00 0.00 -0.00 0.00 0.00 -0.00 0.00 0.00 -0.00 0.00 0.00 -0.00 0.00 0.00 -0.00 0.00 0.00 -0.00 0.00 0.00 -0.00 0.00 0.00 -0.00 0.00 0.00 -0.00 0.00 0.00 -0.00 0.00 0.00 -0.00 0.00
-0.0000 0.0213 0.0000 0.00 -0.00 0.00 0.00 -0.00 0.00 0.00 -0.00 0.00 0.00 -0.00 0.00 0.00 -0.00 0.00 0.00 -0.00 0.00 0.00 -0.00 0.00 0.00 -0.00 0.00 0.00 -0.00 0.00 0.00 -0.00 0.00 0.00 -0.00 0.00 0.00 -0.00 0.00 0.00 -0.00 0.00 0.00 -0.00 0.00 0.00 -0.00 0.00 0.00 -0.00 0.00 0.00 -0.00 0.00 0.00 -0.00 0.00 69.06 -37.95 134.56 -0.00 23.42 -0.00 -6.28 10.14 20.11 -1.35 12.81 32.73 0.00 0.00 -0.00 2.00 -0.02 0.61 -0.05 -0.29 8.55 -0.04 -0.15 4.31 0.00 0.00 -0.00 -0.00 0.00 1.62 -0.00 -0.00 16.38 -0.00 0.00 8.49 0.00 0.00 -0.00 -2.00 0.08 2.24 0.26 0.63 19.89 0.20 0.31 10.45 0.00 0.00 -0.00 -4.00 0.02 0.25 0.02 0.30 4.34 0.02 0.15 2.16 0.00 -0.00 0.00 0.00 -0.00 0.00 0.00 -0.00 0.00 0.00 -0.00 0.00 0.00 -0.00 0.00 0.00 -0.00 0.00 0.00 -0.00 0.00 0.00 -0.00 0.00 0.00 -0.00 0.00 0.00 -0.00 0.00 0.00 -0.00 0.00 0.00 -0.00 0.00 0.00 -0.00 0.00 0.00 -0.00 0.00 0.00 -0.00 0.00 0.00 -0.00 0.00 0.00 -0.00 0.00 0.00 -0.00 0.00 0.00 -0.00 0.00 0.00 -0.00 0.00 0.00 -0.00 0.00 0.00 -0.00 0.00 0.00 -0.00 0.00
-0.0000 0.0213 0.0000 0.00 -0.00 0.00 0.00 -0.00 0.00 0.00 -0.00 0.00 0.00 -0.00 0.00 0.00 -0.00 0.00 0.00 -0.00 0.00 0.00 -0.00 0.00 0.00 -0.00 0.00 0.00 -0.00 0.00 0.00 -0.00 0.00 0.00 -0.00 0.00 0.00 -0.00 0.00 0.00 -0.00 0.00 0.00 -0.00 0.00 0.00 -0.00 0.00 0.00 -0.00 0.00 0.00 -0.00 0.00 0.00 -0.00 0.00 69.06 -37.95 134.56 -0.00 23.42 -0.00 -6.28 10.14 20.11 -1.35 12.81 32.73 0.00 0.00 -0.00 2.00 -0.02 0.61 -0.05 -0.29 8.55 -0.04 -0.15 4.31 0.00 0.00 -0.00 -0.00 0.00 1.62 -0.00 -0.00 16.38 -0.00 0.00 8.49 0.00 0.00 -0.00 -2.00 0.08 2.24 0.26 0.63 19.89 0.20 0.31 10.45 0.00 0.00 -0.00 -4.00 0.02 0.25 0.02 0.30 4.34 0.02 0.15 2.16 0.00 -0.00 0.00 0.00 -0.00 0.00 0.00 -0.00 0.00 0.00 -0.00 0.00 0.00 -0.00 0.00 0.00 -0.00 0.00 0.00 -0.00 0.00 0.00 -0.00 0.00 0.00 -0.00 0.00 0.00 -0.00 0.00 0.00 -0.00 0.00 0.00 -0.00 0.00 0.00 -0.00 0.00 0.00 -0.00 0.00 0.00 -0.00 0.00 0.00 -0.00 0.00 0.00 -0.00 0.00 0.00 -0.00 0.00 0.00 -0.00 0.00 0.00 -0.00 0.00 0.00 -0.00 0.00 0.00 -0.00 0.00 0.00 -0.00 0.00
-0.0000 0.0211 0.0000 0.00 -0.00 0.00 0.00 -0.00 0.00 0.00 -0.00 0.00 0.00 -0.00 0.00 0.00 -0.00 0.00 0.00 -0.00 0.00 0.00 -0.00 0.00 0.00 -0.00 0.00 0.00 -0.00 0.00 0.00 -0.00 0.00 0.00 -0.00 0.00 0.00 -0.00 0.00 0.00 -0.00 0.00 0.00 -0.00 0.00 0.00 -0.00 0.00 0.00 -0.00 0.00 0.00 -0.00 0.00 0.00 -0.00 0.00 69.06 -37.95 134.56 -0.00 23.42 -0.00 -6.28 10.14 20.11 -1.35 12.81 32.73 0.00 0.00 -0.00 2.00 -0.02 0.61 -0.05 -0.29 8.55 -0.04 -0.15 4.31 0.00 0.00 -0.00 -0.00 0.00 1.62 -0.00 -0.00 16.38 -0.00 0.00 8.49 0.00 0.00 -0.00 -2.00 0.08 2.24 0.26 0.63 19.89 0.20 0.31 10.45 0.00 0.00 -0.00 -4.00 0.02 0.25 0.02 0.30 4.34 0.02 0.15 2.16 0.00 -0.00 0.00 0.00 -0.00 0.00 0.00 -0.00 0.00 0.00 -0.00 0.00 0.00 -0.00 0.00 0.00 -0.00 0.00 0.00 -0.00 0.00 0.00 -0.00 0.00 0.00 -0.00 0.00 0.00 -0.00 0.00 0.00 -0.00 0.00 0.00 -0.00 0.00 0.00 -0.00 0.00 0.00 -0.00 0.00 0.00 -0.00 0.00 0.00 -0.00 0.00 0.00 -0.00 0.00 0.00 -0.00 0.00 0.00 -0.00 0.00 0.00 -0.00 0.00 0.00 -0.00 0.00 0.00 -0.00 0.00 0.00 -0.00 0.00
-0.0000 0.0215 0.0000 0.00 -0.00 0.00 0.00 -0.00 0.00 0.00 -0.00 0.00 0.00 -0.00 0.00 0.00 -0.00 0.00 0.00 -0.00 0.00 0.00 -0.00 0.00 0.00 -0.00 0.00 0.00 -0.00 0.00 0.00 -0.00 0.00 0.00 -0.00 0.00 0.00 -0.00 0.00 0.00 -0.00 0.00 0.00 -0.00 0.00 0.00 -0.00 0.00 0.00 -0.00 0.00 0.00 -0.00 0.00 0.00 -0.00 0.00 69.06 -37.95 134.56 -0.00 23.42 -0.00 -6.28 10.14 20.11 -1.35 12.81 32.73 0.00 0.00 -0.00 2.00 -0.02 0.61 -0.05 -0.29 8.55 -0.04 -0.15 4.31 0.00 0.00 -0.00 -0.00 0.00 1.62 -0.00 -0.00 16.38 -0.00 0.00 8.49 0.00 0.00 -0.00 -2.00 0.08 2.24 0.26 0.63 19.89 0.20 0.31 10.45 0.00 0.00 -0.00 -4.00 0.02 0.25 0.02 0.30 4.34 0.02 0.15 2.16 0.00 -0.00 0.00 0.00 -0.00 0.00 0.00 -0.00 0.00 0.00 -0.00 0.00 0.00 -0.00 0.00 0.00 -0.00 0.00 0.00 -0.00 0.00 0.00 -0.00 0.00 0.00 -0.00 0.00 0.00 -0.00 0.00 0.00 -0.00 0.00 0.00 -0.00 0.00 0.00 -0.00 0.00 0.00 -0.00 0.00 0.00 -0.00 0.00 0.00 -0.00 0.00 0.00 -0.00 0.00 0.00 -0.00 0.00 0.00 -0.00 0.00 0.00 -0.00 0.00 0.00 -0.00 0.00 0.00 -0.00 0.00 0.00 -0.00 0.00
-0.0000 0.0217 0.0000 0.00 -0.00 0.00 0.00 -0.00 0.00 0.00 -0.00 0.00 0.00 -0.00 0.00 0.00 -0.00 0.00 0.00 -0.00 0.00 0.00 -0.00 0.00 0.00 -0.00 0.00 0.00 -0.00 0.00 0.00 -0.00 0.00 0.00 -0.00 0.00 0.00 -0.00 0.00 0.00 -0.00 0.00 0.00 -0.00 0.00 0.00 -0.00 0.00 0.00 -0.00 0.00 0.00 -0.00 0.00 0.00 -0.00 0.00 69.06 -37.95 134.56 -0.00 23.42 -0.00 -6.28 10.14 20.11 -1.35 12.81 32.73 0.00 0.00 -0.00 2.00 -0.02 0.61 -0.05 -0.29 8.55 -0.04 -0.15 4.31 0.00 0.00 -0.00 -0.00 0.00 1.62 -0.00 -0.00 16.38 -0.00 0.00 8.49 0.00 0.00 -0.00 -2.00 0.08 2.24 0.26 0.63 19.89 0.20 0.31 10.45 0.00 0.00 -0.00 -4.00 0.02 0.25 0.02 0.30 4.34 0.02 0.15 2.16 0.00 -0.00 0.00 0.00 -0.00 0.00 0.00 -0.00 0.00 0.00 -0.00 0.00 0.00 -0.00 0.00 0.00 -0.00 0.00 0.00 -0.00 0.00 0.00 -0.00 0.00 0.00 -0.00 0.00 0.00 -0.00 0.00 0.00 -0.00 0.00 0.00 -0.00 0.00 0.00 -0.00 0.00 0.00 -0.00 0.00 0.00 -0.00 0.00 0.00 -0.00 0.00 0.00 -0.00 0.00 0.00 -0.00 0.00 0.00 -0.00 0.00 0.00 -0.00 0.00 0.00 -0.00 0.00 0.00 -0.00 0.00 0.00 -0.00 0.00
-0.0000 0.0212 0.0000 0.00 -0.00 0.00 0.00 -0.00 0.00 0.00 -0.00 0.00 0.00 -0.00 0.00 0.00 -0.00 0.00 0.00 -0.00 0.00 0.00 -0.00 0.00 0.00 -0.00 0.00 0.00 -0.00 0.00 0.00 -0.00 0.00 0.00 -0.00 0.00 0.00 -0.00 0.00 0.00 -0.00 0.00 0.00 -0.00 0.00 0.00 -0.00 0.00 0.00 -0.00 0.00 0.00 -0.00 0.00 0.00 -0.00 0.00 69.06 -37.95 134.56 -0.00 23.42 -0.00 -6.28 10.14 20.11 -1.35 12.81 32.73 0.00 0.00 -0.00 2.00 -0.02 0.61 -0.05 -0.29 8.55 -0.04 -0.15 4.31 0.00 0.00 -0.00 -0.00 0.00 1.62 -0.00 -0.00 16.38 -0.00 0.00 8.49 0.00 0.00 -0.00 -2.00 0.08 2.24 0.26 0.63 19.89 0.20 0.31 10.45 0.00 0.00 -0.00 -4.00 0.02 0.25 0.02 0.30 4.34 0.02 0.15 2.16 0.00 -0.00 0.00 0.00 -0.00 0.00 0.00 -0.00 0.00 0.00 -0.00 0.00 0.00 -0.00 0.00 0.00 -0.00 0.00 0.00 -0.00 0.00 0.00 -0.00 0.00 0.00 -0.00 0.00 0.00 -0.00 0.00 0.00 -0.00 0.00 0.00 -0.00 0.00 0.00 -0.00 0.00 0.00 -0.00 0.00 0.00 -0.00 0.00 0.00 -0.00 0.00 0.00 -0.00 0.00 0.00 -0.00 0.00 0.00 -0.00 0.00 0.00 -0.00 0.00 0.00 -0.00 0.00 0.00 -0.00 0.00 0.00 -0.00 0.00
-0.0000 0.0216 0.0000 0.00 -0.00 0.00 0.00 -0.00 0.00 0.00 -0.00 0.00 0.00 -0.00 0.00 0.00 -0.00 0.00 0.00 -0.00 0.00 0.00 -0.00 0.00 0.00 -0.00 0.00 0.00 -0.00 0.00 0.00 -0.00 0.00 0.00 -0.00 0.00 0.00 -0.00 0.00 0.00 -0.00 0.00 0.00 -0.00 0.00 0.00 -0.00 0.00 0.00 -0.00 0.00 0.00 -0.00 0.00 0.00 -0.00 0.00 69.06 -37.95 134.56 -0.00 23.42 -0.00 -6.28 10.14 20.11 -1.35 12.81 32.73 0.00 0.00 -0.00 2.00 -0.02 0.61 -0.05 -0.29 8.55 -0.04 -0.15 4.31 0.00 0.00 -0.00 -0.00 0.00 1.62 -0.00 -0.00 16.38 -0.00 0.00 8.49 0.00 0.00 -0.00 -2.00 0.08 2.24 0.26 0.63 19.89 0.20 0.31 10.45 0.00 0.00 -0.00 -4.00 0.02 0.25 0.02 0.30 4.34 0.02 0.15 2.16 0.00 -0.00 0.00 0.00 -0.00 0.00 0.00 -0.00 0.00 0.00 -0.00 0.00 0.00 -0.00 0.00 0.00 -0.00 0.00 0.00 -0.00 0.00 0.00 -0.00 0.00 0.00 -0.00 0.00 0.00 -0.00 0.00 0.00 -0.00 0.00 0.00 -0.00 0.00 0.00 -0.00 0.00 0.00 -0.00 0.00 0.00 -0.00 0.00 0.00 -0.00 0.00 0.00 -0.00 0.00 0.00 -0.00 0.00 0.00 -0.00 0.00 0.00 -0.00 0.00 0.00 -0.00 0.00 0.00 -0.00 0.00 0.00 -0.00 0.00
-0.0000 0.0221 0.0000 0.00 -0.00 0.00 0.00 -0.00 0.00 0.00 -0.00 0.00 0.00 -0.00 0.00 0.00 -0.00 0.00 0.00 -0.00 0.00 0.00 -0.00 0.00 0.00 -0.00 0.00 0.00 -0.00 0.00 0.00 -0.00 0.00 0.00 -0.00 0.00 0.00 -0.00 0.00 0.00 -0.00 0.00 0.00 -0.00 0.00 0.00 -0.00 0.00 0.00 -0.00 0.00 0.00 -0.00 0.00 0.00 -0.00 0.00 69.06 -37.95 134.56 -0.00 23.42 -0.00 -6.28 10.14 20.11 -1.35 12.81 32.73 0.00 0.00 -0.00 2.00 -0.02 0.61 -0.05 -0.29 8.55 -0.04 -0.15 4.31 0.00 0.00 -0.00 -0.00 0.00 1.62 -0.00 -0.00 16.38 -0.00 0.00 8.49 0.00 0.00 -0.00 -2.00 0.08 2.24 0.26 0.63 19.89 0.20 0.31 10.45 0.00 0.00 -0.00 -4.00 0.02 0.25 0.02 0.30 4.34 0.02 0.15 2.16 0.00 -0.00 0.00 0.00 -0.00 0.00 0.00 -0.00 0.00 0.00 -0.00 0.00 0.00 -0.00 0.00 0.00 -0.00 0.00 0.00 -0.00 0.00 0.00 -0.00 0.00 0.00 -0.00 0.00 0.00 -0.00 0.00 0.00 -0.00 0.00 0.00 -0.00 0.00 0.00 -0.00 0.00 0.00 -0.00 0.00 0.00 -0.00 0.00 0.00 -0.00 0.00 0.00 -0.00 0.00 0.00 -0.00 0.00 0.00 -0.00 0.00 0.00 -0.00 0.00 0.00 -0.00 0.00 0.00 -0.00 0.00 0.00 -0.00 0.00
-0.0000 0.0219 0.0000 0.00 -0.00 0.00 0.00 -0.00 0.00 0.00 -0.00 0.00 0.00 -0.00 0.00 0.00 -0.00 0.00 0.00 -0.00 0.00 0.00 -0.00 0.00 0.00 -0.00 0.00 0.00 -0.00 0.00 0.00 -0.00 0.00 0.00 -0.00 0.00 0.00 -0.00 0.00 0.00 -0.00 0.00 0.00 -0.00 0.00 0.00 -0.00 0.00 0.00 -0.00 0.00 0.00 -0.00 0.00 0.00 -0.00 0.00 69.06 -37.95 134.56 -0.00 23.42 -0.00 -6.28 10.14 20.11 -1.35 12.81 32.73 0.00 0.00 -0.00 2.00 -0.02 0.61 -0.05 -0.29 8.55 -0.04 -0.15 4.31 0.00 0.00 -0.00 -0.00 0.00 1.62 -0.00 -0.00 16.38 -0.00 0.00 8.49 0.00 0.00 -0.00 -2.00 0.08 2.24 0.26 0.63 19.89 0.20 0.31 10.45 0.00 0.00 -0.00 -4.00 0.02 0.25 0.02 0.30 4.34 0.02 0.15 2.16 0.00 -0.00 0.00 0.00 -0.00 0.00 0.00 -0.00 0.00 0.00 -0.00 0.00 0.00 -0.00 0.00 0.00 -0.00 0.00 0.00 -0.00 0.00 0.00 -0.00 0.00 0.00 -0.00 0.00 0.00 -0.00 0.00 0.00 -0.00 0.00 0.00 -0.00 0.00 0.00 -0.00 0.00 0.00 -0.00 0.00 0.00 -0.00 0.00 0.00 -0.00 0.00 0.00 -0.00 0.00 0.00 -0.00 0.00 0.00 -0.00 0.00 0.00 -0.00 0.00 0.00 -0.00 0.00 0.00 -0.00 0.00 0.00 -0.00 0.00
-0.0000 0.0215 0.0000 0.00 -0.00 0.00 0.00 -0.00 0.00 0.00 -0.00 0.00 0.00 -0.00 0.00 0.00 -0.00 0.00 0.00 -0.00 0.00 0.00 -0.00 0.00 0.00 -0.00 0.00 0.00 -0.00 0.00 0.00 -0.00 0.00 0.00 -0.00 0.00 0.00 -0.00 0.00 0.00 -0.00 0.00 0.00 -0.00 0.00 0.00 -0.00 0.00 0.00 -0.00 0.00 0.00 -0.00 0.00 0.00 -0.00 0.00 69.06 -37.95 134.56 -0.00 23.42 -0.00 -6.28 10.14 20.11 -1.35 12.81 32.73 0.00 0.00 -0.00 2.00 -0.02 0.61 -0.05 -0.29 8.55 -0.04 -0.15 4.31 0.00 0.00 -0.00 -0.00 0.00 1.62 -0.00 -0.00 16.38 -0.00 0.00 8.49 0.00 0.00 -0.00 -2.00 0.08 2.24 0.26 0.63 19.89 0.20 0.31 10.45 0.00 0.00 -0.00 -4.00 0.02 0.25 0.02 0.30 4.34 0.02 0.15 2.16 0.00 -0.00 0.00 0.00 -0.00 0.00 0.00 -0.00 0.00 0.00 -0.00 0.00 0.00 -0.00 0.00 0.00 -0.00 0.00 0.00 -0.00 0.00 0.00 -0.00 0.00 0.00 -0.00 0.00 0.00 -0.00 0.00 0.00 -0.00 0.00 0.00 -0.00 0.00 0.00 -0.00 0.00 0.00 -0.00 0.00 0.00 -0.00 0.00 0.00 -0.00 0.00 0.00 -0.00 0.00 0.00 -0.00 0.00 0.00 -0.00 0.00 0.00 -0.00 0.00 0.00 -0.00 0.00 0.00 -0.00 0.00 0.00 -0.00 0.00
-0.0000 0.0217 0.0000 0.00 -0.00 0.00 0.00 -0.00 0.00 0.00 -0.00 0.00 0.00 -0.00 0.00 0.00 -0.00 0.00 0.00 -0.00 0.00 0.00 -0.00 0.00 0.00 -0.00 0.00 0.00 -0.00 0.00 0.00 -0.00 0.00 0.00 -0.00 0.00 0.00 -0.00 0.00 0.00 -0.00 0.00 0.00 -0.00 0.00 0.00 -0.00 0.00 0.00 -0.00 0.00 0.00 -0.00 0.00 0.00 -0.00 0.00 69.06 -37.95 134.56 -0.00 23.42 -0.00 -6.28 10.14 20.11 -1.35 12.81 32.73 0.00 0.00 -0.00 2.00 -0.02 0.61 -0.05 -0.29 8.55 -0.04 -0.15 4.31 0.00 0.00 -0.00 -0.00 0.00 1.62 -0.00 -0.00 16.38 -0.00 0.00 8.49 0.00 0.00 -0.00 -2.00 0.08 2.24 0.26 0.63 19.89 0.20 0.31 10.45 0.00 0.00 -0.00 -4.00 0.02 0.25 0.02 0.30 4.34 0.02 0.15 2.16 0.00 -0.00 0.00 0.00 -0.00 0.00 0.00 -0.00 0.00 0.00 -0.00 0.00 0.00 -0.00 0.00 0.00 -0.00 0.00 0.00 -0.00 0.00 0.00 -0.00 0.00 0.00 -0.00 0.00 0.00 -0.00 0.00 0.00 -0.00 0.00 0.00 -0.00 0.00 0.00 -0.00 0.00 0.00 -0.00 0.00 0.00 -0.00 0.00 0.00 -0.00 0.00 0.00 -0.00 0.00 0.00 -0.00 0.00 0.00 -0.00 0.00 0.00 -0.00 0.00 0.00 -0.00 0.00 0.00 -0.00 0.00 0.00 -0.00 0.00
-0.0000 0.0210 0.0000 0.00 -0.00 0.00 0.00 -0.00 0.00 0.00 -0.00 0.00 0.00 -0.00 0.00 0.00 -0.00 0.00 0.00 -0.00 0.00 0.00 -0.00 0.00 0.00 -0.00 0.00 0.00 -0.00 0.00 0.00 -0.00 0.00 0.00 -0.00 0.00 0.00 -0.00 0.00 0.00 -0.00 0.00 0.00 -0.00 0.00 0.00 -0.00 0.00 0.00 -0.00 0.00 0.00 -0.00 0.00 0.00 -0.00 0.00 69.06 -37.95 134.56 -0.00 23.42 -0.00 -6.28 10.14 20.11 -1.35 12.81 32.73 0.00 0.00 -0.00 2.00 -0.02 0.61 -0.05 -0.29 8.55 -0.04 -0.15 4.31 0.00 0.00 -0.00 -0.00 0.00 1.62 -0.00 -0.00 16.38 -0.00 0.00 8.49 0.00 0.00 -0.00 -2.00 0.08 2.24 0.26 0.63 19.89 0.20 0.31 10.45 0.00 0.00 -0.00 -4.00 0.02 0.25 0.02 0.30 4.34 0.02 0.15 2.16 0.00 -0.00 0.00 0.00 -0.00 0.00 0.00 -0.00 0.00 0.00 -0.00 0.00 0.00 -0.00 0.00 0.00 -0.00 0.00 0.00 -0.00 0.00 0.00 -0.00 0.00 0.00 -0.00 0.00 0.00 -0.00 0.00 0.00 -0.00 0.00 0.00 -0.00 0.00 0.00 -0.00 0.00 0.00 -0.00 0.00 0.00 -0.00 0.00 0.00 -0.00 0.00 0.00 -0.00 0.00 0.00 -0.00 0.00 0.00 -0.00 0.00 0.00 -0.00 0.00 0.00 -0.00 0.00 0.00 -0.00 0.00 0.00 -0.00 0.00
-0.0000 0.0212 0.0000 0.00 -0.00 0.00 0.00 -0.00 0.00 0.00 -0.00 0.00 0.00 -0.00 0.00 0.00 -0.00 0.00 0.00 -0.00 0.00 0.00 -0.00 0.00 0.00 -0.00 0.00 0.00 -0.00 0.00 0.00 -0.00 0.00 0.00 -0.00 0.00 0.00 -0.00 0.00 0.00 -0.00 0.00 0.00 -0.00 0.00 0.00 -0.00 0.00 0.00 -0.00 0.00 0.00 -0.00 0.00 0.00 -0.00 0.00 69.06 -37.95 134.56 -0.00 23.42 -0.00 -6.28 10.14 20.11 -1.35 12.81 32.73 0.00 0.00 -0.00 2.00 -0.02 0.61 -0.05 -0.29 8.55 -0.04 -0.15 4.31 0.00 0.00 -0.00 -0.00 0.00 1.62 -0.00 -0.00 16.38 -0.00 0.00 8.49 0.00 0.00 -0.00 -2.00 0.08 2.24 0.26 0.63 19.89 0.20 0.31 10.45 0.00 0.00 -0.00 -4.00 0.02 0.25 0.02 0.30 4.34 0.02 0.15 2.16 0.00 -0.00 0.00 0.00 -0.00 0.00 0.00 -0.00 0.00 0.00 -0.00 0.00 0.00 -0.00 0.00 0.00 -0.00 0.00 0.00 -0.00 0.00 0.00 -0.00 0.00 0.00 -0.00 0.00 0.00 -0.00 0.00 0.00 -0.00 0.00 0.00 -0.00 0.00 0.00 -0.00 0.00 0.00 -0.00 0.00 0.00 -0.00 0.00 0.00 -0.00 0.00 0.00 -0.00 0.00 0.00 -0.00 0.00 0.00 -0.00 0.00 0.00 -0.00 0.00 0.00 -0.00 0.00 0.00 -0.00 0.00 0.00 -0.00 0.00
-0.0000 0.0219 0.0000 0.00 -0.00 0.00 0.00 -0.00 0.00 0.00 -0.00 0.00 0.00 -0.00 0.00 0.00 -0.00 0.00 0.00 -0.00 0.00 0.00 -0.00 0.00 0.00 -0.00 0.00 0.00 -0.00 0.00 0.00 -0.00 0.00 0.00 -0.00 0.00 0.00 -0.00 0.00 0.00 -0.00 0.00 0.00 -0.00 0.00 0.00 -0.00 0.00 0.00 -0.00 0.00 0.00 -0.00 0.00 0.00 -0.00 0.00 69.06 -37.95 134.56 -0.00 23.42 -0.00 -6.28 10.14 20.11 -1.35 12.81 32.73 0.00 0.00 -0.00 2.00 -0.02 0.61 -0.05 -0.29 8.55 -0.04 -0.15 4.31 0.00 0.00 -0.00 -0.00 0.00 1.62 -0.00 -0.00 16.38 -0.00 0.00 8.49 0.00 0.00 -0.00 -2.00 0.08 2.24 0.26 0.63 19.89 0.20 0.31 10.45 0.00 0.00 -0.00 -4.00 0.02 0.25 0.02 0.30 4.34 0.02 0.15 2.16 0.00 -0.00 0.00 0.00 -0.00 0.00 0.00 -0.00 0.00 0.00 -0.00 0.00 0.00 -0.00 0.00 0.00 -0.00 0.00 0.00 -0.00 0.00 0.00 -0.00 0.00 0.00 -0.00 0.00 0.00 -0.00 0.00 0.00 -0.00 0.00 0.00 -0.00 0.00 0.00 -0.00 0.00 0.00 -0.00 0.00 0.00 -0.00 0.00 0.00 -0.00 0.00 0.00 -0.00 0.00 0.00 -0.00 0.00 0.00 -0.00 0.00 0.00 -0.00 0.00 0.00 -0.00 0.00 0.00 -0.00 0.00 0.00 -0.00 0.00
-0.0000 0.0217 0.0000 0.00 -0.00 0.00 0.00 -0.00 0.00 0.00 -0.00 0.00 0.00 -0.00 0.00 0.00 -0.00 0.00 0.00 -0.00 0.00 0.00 -0.00 0.00 0.00 -0.00 0.00 0.00 -0.00 0.00 0.00 -0.00 0.00 0.00 -0.00 0.00 0.00 -0.00 0.00 0.00 -0.00 0.00 0.00 -0.00 0.00 0.00 -0.00 0.00 0.00 -0.00 0.00 0.00 -0.00 0.00 0.00 -0.00 0.00 69.06 -37.95 134.56 -0.00 23.42 -0.00 -6.28 10.14 20.11 -1.35 12.81 32.73 0.00 0.00 -0.00 2.00 -0.02 0.61 -0.05 -0.29 8.55 -0.04 -0.15 4.31 0.00 0.00 -0.00 -0.00 0.00 1.62 -0.00 -0.00 16.38 -0.00 0.00 8.49 0.00 0.00 -0.00 -2.00 0.08 2.24 0.26 0.63 19.89 0.20 0.31 10.45 0.00 0.00 -0.00 -4.00 0.02 0.25 0.02 0.30 4.34 0.02 0.15 2.16 0.00 -0.00 0.00 0.00 -0.00 0.00 0.00 -0.00 0.00 0.00 -0.00 0.00 0.00 -0.00 0.00 0.00 -0.00 0.00 0.00 -0.00 0.00 0.00 -0.00 0.00 0.00 -0.00 0.00 0.00 -0.00 0.00 0.00 -0.00 0.00 0.00 -0.00 0.00 0.00 -0.00 0.00 0.00 -0.00 0.00 0.00 -0.00 0.00 0.00 -0.00 0.00 0.00 -0.00 0.00 0.00 -0.00 0.00 0.00 -0.00 0.00 0.00 -0.00 0.00 0.00 -0.00 0.00 0.00 -0.00 0.00 0.00 -0.00 0.00
-0.0000 0.0216 0.0000 0.00 -0.00 0.00 0.00 -0.00 0.00 0.00 -0.00 0.00 0.00 -0.00 0.00 0.00 -0.00 0.00 0.00 -0.00 0.00 0.00 -0.00 0.00 0.00 -0.00 0.00 0.00 -0.00 0.00 0.00 -0.00 0.00 0.00 -0.00 0.00 0.00 -0.00 0.00 0.00 -0.00 0.00 0.00 -0.00 0.00 0.00 -0.00 0.00 0.00 -0.00 0.00 0.00 -0.00 0.00 0.00 -0.00 0.00 69.06 -37.95 134.56 -0.00 23.42 -0.00 -6.28 10.14 20.11 -1.35 12.81 32.73 0.00 0.00 -0.00 2.00 -0.02 0.61 -0.05 -0.29 8.55 -0.04 -0.15 4.31 0.00 0.00 -0.00 -0.00 0.00 1.62 -0.00 -0.00 16.38 -0.00 0.00 8.49 0.00 0.00 -0.00 -2.00 0.08 2.24 0.26 0.63 19.89 0.20 0.31 10.45 0.00 0.00 -0.00 -4.00 0.02 0.25 0.02 0.30 4.34 0.02 0.15 2.16 0.00 -0.00 0.00 0.00 -0.00 0.00 0.00 -0.00 0.00 0.00 -0.00 0.00 0.00 -0.00 0.00 0.00 -0.00 0.00 0.00 -0.00 0.00 0.00 -0.00 0.00 0.00 -0.00 0.00 0.00 -0.00 0.00 0.00 -0.00 0.00 0.00 -0.00 0.00 0.00 -0.00 0.00 0.00 -0.00 0.00 0.00 -0.00 0.00 0.00 -0.00 0.00 0.00 -0.00 0.00 0.00 -0.00 0.00 0.00 -0.00 0.00 0.00 -0.00 0.00 0.00 -0.00 0.00 0.00 -0.00 0.00 0.00 -0.00 0.00
-0.0000 0.0215 0.0000 0.00 -0.00 0.00 0.00 -0.00 0.00 0.00 -0.00 0.00 0.00 -0.00 0.00 0.00 -0.00 0.00 0.00 -0.00 0.00 0.00 -0.00 0.00 0.00 -0.00 0.00 0.00 -0.00 0.00 0.00 -0.00 0.00 0.00 -0.00 0.00 0.00 -0.00 0.00 0.00 -0.00 0.00 0.00 -0.00 0.00 0.00 -0.00 0.00 0.00 -0.00 0.00 0.00 -0.00 0.00 0.00 -0.00 0.00 69.06 -37.95 134.56 -0.00 23.42 -0.00 -6.28 10.14 20.11 -1.35 12.81 32.73 0.00 0.00 -0.00 2.00 -0.02 0.61 -0.05 -0.29 8.55 -0.04 -0.15 4.31 0.00 0.00 -0.00 -0.00 0.00 1.62 -0.00 -0.00 16.38 -0.00 0.00 8.49 0.00 0.00 -0.00 -2.00 0.08 2.24 0.26 0.63 19.89 0.20 0.31 10.45 0.00 0.00 -0.00 -4.00 0.02 0.25 0.02 0.30 4.34 0.02 0.15 2.16 0.00 -0.00 0.00 0.00 -0.00 0.00 0.00 -0.00 0.00 0.00 -0.00 0.00 0.00 -0.00 0.00 0.00 -0.00 0.00 0.00 -0.00 0.00 0.00 -0.00 0.00 0.00 -0.00 0.00 0.00 -0.00 0.00 0.00 -0.00 0.00 0.00 -0.00 0.00 0.00 -0.00 0.00 0.00 -0.00 0.00 0.00 -0.00 0.00 0.00 -0.00 0.00 0.00 -0.00 0.00 0.00 -0.00 0.00 0.00 -0.00 0.00 0.00 -0.00 0.00 0.00 -0.00 0.00 0.00 -0.00 0.00 0.00 -0.00 0.00
-0.0000 0.0213 0.0000 0.00 -0.00 0.00 0.00 -0.00 0.00 0.00 -0.00 0.00 0.00 -0.00 0.00 0.00 -0.00 0.00 0.00 -0.00 0.00 0.00 -0.00 0.00 0.00 -0.00 0.00 0.00 -0.00 0.00 0.00 -0.00 0.00 0.00 -0.00 0.00 0.00 -0.00 0.00 0.00 -0.00 0.00 0.00 -0.00 0.00 0.00 -0.00 0.00 0.00 -0.00 0.00 0.00 -0.00 0.00 0.00 -0.00 0.00 69.06 -37.95 134.56 -0.00 23.42 -0.00 -6.28 10.14 20.11 -1.35 12.81 32.73 0.00 0.00 -0.00 2.00 -0.02 0.61 -0.05 -0.29 8.55 -0.04 -0.15 4.31 0.00 0.00 -0.00 -0.00 0.00 1.62 -0.00 -0.00 16.38 -0.00 0.00 8.49 0.00 0.00 -0.00 -2.00 0.08 2.24 0.26 0.63 19.89 0.20 0.31 10.45 0.00 0.00 -0.00 -4.00 0.02 0.25 0.02 0.30 4.34 0.02 0.15 2.16 0.00 -0.00 0.00 0.00 -0.00 0.00 0.00 -0.00 0.00 0.00 -0.00 0.00 0.00 -0.00 0.00 0.00 -0.00 0.00 0.00 -0.00 0.00 0.00 -0.00 0.00 0.00 -0.00 0.00 0.00 -0.00 0.00 0.00 -0.00 0.00 0.00 -0.00 0.00 0.00 -0.00 0.00 0.00 -0.00 0.00 0.00 -0.00 0.00 0.00 -0.00 0.00 0.00 -0.00 0.00 0.00 -0.00 0.00 0.00 -0.00 0.00 0.00 -0.00 0.00 0.00 -0.00 0.00 0.00 -0.00 0.00 0.00 -0.00 0.00
-0.0000 0.0216 0.0000 0.00 -0.00 0.00 0.00 -0.00 0.00 0.00 -0.00 0.00 0.00 -0.00 0.00 0.00 -0.00 0.00 0.00 -0.00 0.00 0.00 -0.00 0.00 0.00 -0.00 0.00 0.00 -0.00 0.00 0.00 -0.00 0.00 0.00 -0.00 0.00 0.00 -0.00 0.00 0.00 -0.00 0.00 0.00 -0.00 0.00 0.00 -0.00 0.00 0.00 -0.00 0.00 0.00 -0.00 0.00 0.00 -0.00 0.00 69.06 -37.95 134.56 -0.00 23.42 -0.00 -6.28 10.14 20.11 -1.35 12.81 32.73 0.00 0.00 -0.00 2.00 -0.02 0.61 -0.05 -0.29 8.55 -0.04 -0.15 4.31 0.00 0.00 -0.00 -0.00 0.00 1.62 -0.00 -0.00 16.38 -0.00 0.00 8.49 0.00 0.00 -0.00 -2.00 0.08 2.24 0.26 0.63 19.89 0.20 0.31 10.45 0.00 0.00 -0.00 -4.00 0.02 0.25 0.02 0.30 4.34 0.02 0.15 2.16 0.00 -0.00 0.00 0.00 -0.00 0.00 0.00 -0.00 0.00 0.00 -0.00 0.00 0.00 -0.00 0.00 0.00 -0.00 0.00 0.00 -0.00 0.00 0.00 -0.00 0.00 0.00 -0.00 0.00 0.00 -0.00 0.00 0.00 -0.00 0.00 0.00 -0.00 0.00 0.00 -0.00 0.00 0.00 -0.00 0.00 0.00 -0.00 0.00 0.00 -0.00 0.00 0.00 -0.00 0.00 0.00 -0.00 0.00 0.00 -0.00 0.00 0.00 -0.00 0.00 0.00 -0.00 0.00 0.00 -0.00 0.00 0.00 -0.00 0.00
-0.0000 0.0221 0.0000 0.00 -0.00 0.00 0.00 -0.00 0.00 0.00 -0.00 0.00 0.00 -0.00 0.00 0.00 -0.00 0.00 0.00 -0.00 0.00 0.00 -0.00 0.00 0.00 -0.00 0.00 0.00 -0.00 0.00 0.00 -0.00 0.00 0.00 -0.00 0.00 0.00 -0.00 0.00 0.00 -0.00 0.00 0.00 -0.00 0.00 0.00 -0.00 0.00 0.00 -0.00 0.00 0.00 -0.00 0.00 0.00 -0.00 0.00 69.06 -37.95 134.56 -0.00 23.42 -0.00 -6.28 10.14 20.11 -1.35 12.81 32.73 0.00 0.00 -0.00 2.00 -0.02 0.61 -0.05 -0.29 8.55 -0.04 -0.15 4.31 0.00 0.00 -0.00 -0.00 0.00 1.62 -0.00 -0.00 16.38 -0.00 0.00 8.49 0.00 0.00 -0.00 -2.00 0.08 2.24 0.26 0.63 19.89 0.20 0.31 10.45 0.00 0.00 -0.00 -4.00 0.02 0.25 0.02 0.30 4.34 0.02 0.15 2.16 0.00 -0.00 0.00 0.00 -0.00 0.00 0.00 -0.00 0.00 0.00 -0.00 0.00 0.00 -0.00 0.00 0.00 -0.00 0.00 0.00 -0.00 0.00 0.00 -0.00 0.00 0.00 -0.00 0.00 0.00 -0.00 0.00 0.00 -0.00 0.00 0.00 -0.00 0.00 0.00 -0.00 0.00 0.00 -0.00 0.00 0.00 -0.00 0.00 0.00 -0.00 0.00 0.00 -0.00 0.00 0.00 -0.00 0.00 0.00 -0.00 0.00 0.00 -0.00 0.00 0.00 -0.00 0.00 0.00 -0.00 0.00 0.00 -0.00 0.00
-0.0000 0.0217 0.0000 0.00 -0.00 0.00 0.00 -0.00 0.00 0.00 -0.00 0.00 0.00 -0.00 0.00 0.00 -0.00 0.00 0.00 -0.00 0.00 0.00 -0.00 0.00 0.00 -0.00 0.00 0.00 -0.00 0.00 0.00 -0.00 0.00 0.00 -0.00 0.00 0.00 -0.00 0.00 0.00 -0.00 0.00 0.00 -0.00 0.00 0.00 -0.00 0.00 0.00 -0.00 0.00 0.00 -0.00 0.00 0.00 -0.00 0.00 69.06 -37.95 134.56 -0.00 23.42 -0.00 -6.28 10.14 20.11 -1.35 12.81 32.73 0.00 0.00 -0.00 2.00 -0.02 0.61 -0.05 -0.29 8.55 -0.04 -0.15 4.31 0.00 0.00 -0.00 -0.00 0.00 1.62 -0.00 -0.00 16.38 -0.00 0.00 8.49 0.00 0.00 -0.00 -2.00 0.08 2.24 0.26 0.63 19.89 0.20 0.31 10.45 0.00 0.00 -0.00 -4.00 0.02 0.25 0.02 0.30 4.34 0.02 0.15 2.16 0.00 -0.00 0.00 0.00 -0.00 0.00 0.00 -0.00 0.00 0.00 -0.00 0.00 0.00 -0.00 0.00 0.00 -0.00 0.00 0.00 -0.00 0.00 0.00 -0.00 0.00 0.00 -0.00 0.00 0.00 -0.00 0.00 0.00 -0.00 0.00 0.00 -0.00 0.00 0.00 -0.00 0.00 0.00 -0.00 0.00 0.00 -0.00 0.00 0.00 -0.00 0.00 0.00 -0.00 0.00 0.00 -0.00 0.00 0.00 -0.00 0.00 0.00 -0.00 0.00 0.00 -0.00 0.00 0.00 -0.00 0.00 0.00 -0.00 0.00
-0.0000 0.0219 0.0000 0.00 -0.00 0.00 0.00 -0.00 0.00 0.00 -0.00 0.00 0.00 -0.00 0.00 0.00 -0.00 0.00 0.00 -0.00 0.00 0.00 -0.00 0.00 0.00 -0.00 0.00 0.00 -0.00 0.00 0.00 -0.00 0.00 0.00 -0.00 0.00 0.00 -0.00 0.00 0.00 -0.00 0.00 0.00 -0.00 0.00 0.00 -0.00 0.00 0.00 -0.00 0.00 0.00 -0.00 0.00 0.00 -0.00 0.00 69.06 -37.95 134.56 -0.00 23.42 -0.00 -6.28 10.14 20.11 -1.35 12.81 32.73 0.00 0.00 -0.00 2.00 -0.02 0.61 -0.05 -0.29 8.55 -0.04 -0.15 4.31 0.00 0.00 -0.00 -0.00 0.00 1.62 -0.00 -0.00 16.38 -0.00 0.00 8.49 0.00 0.00 -0.00 -2.00 0.08 2.24 0.26 0.63 19.89 0.20 0.31 10.45 0.00 0.00 -0.00 -4.00 0.02 0.25 0.02 0.30 4.34 0.02 0.15 2.16 0.00 -0.00 0.00 0.00 -0.00 0.00 0.00 -0.00 0.00 0.00 -0.00 0.00 0.00 -0.00 0.00 0.00 -0.00 0.00 0.00 -0.00 0.00 0.00 -0.00 0.00 0.00 -0.00 0.00 0.00 -0.00 0.00 0.00 -0.00 0.00 0.00 -0.00 0.00 0.00 -0.00 0.00 0.00 -0.00 0.00 0.00 -0.00 0.00 0.00 -0.00 0.00 0.00 -0.00 0.00 0.00 -0.00 0.00 0.00 -0.00 0.00 0.00 -0.00 0.00 0.00 -0.00 0.00 0.00 -0.00 0.00 0.00 -0.00 0.00
-0.0000 0.0226 0.0000 0.00 -0.00 0.00 0.00 -0.00 0.00 0.00 -0.00 0.00 0.00 -0.00 0.00 0.00 -0.00 0.00 0.00 -0.00 0.00 0.00 -0.00 0.00 0.00 -0.00 0.00 0.00 -0.00 0.00 0.00 -0.00 0.00 0.00 -0.00 0.00 0.00 -0.00 0.00 0.00 -0.00 0.00 0.00 -0.00 0.00 0.00 -0.00 0.00 0.00 -0.00 0.00 0.00 -0.00 0.00 0.00 -0.00 0.00 69.06 -37.95 134.56 -0.00 23.42 -0.00 -6.28 10.14 20.11 -1.35 12.81 32.73 0.00 0.00 -0.00 2.00 -0.02 0.61 -0.05 -0.29 8.55 -0.04 -0.15 4.31 0.00 0.00 -0.00 -0.00 0.00 1.62 -0.00 -0.00 16.38 -0.00 0.00 8.49 0.00 0.00 -0.00 -2.00 0.08 2.24 0.26 0.63 19.89 0.20 0.31 10.45 0.00 0.00 -0.00 -4.00 0.02 0.25 0.02 0.30 4.34 0.02 0.15 2.16 0.00 -0.00 0.00 0.00 -0.00 0.00 0.00 -0.00 0.00 0.00 -0.00 0.00 0.00 -0.00 0.00 0.00 -0.00 0.00 0.00 -0.00 0.00 0.00 -0.00 0.00 0.00 -0.00 0.00 0.00 -0.00 0.00 0.00 -0.00 0.00 0.00 -0.00 0.00 0.00 -0.00 0.00 0.00 -0.00 0.00 0.00 -0.00 0.00 0.00 -0.00 0.00 0.00 -0.00 0.00 0.00 -0.00 0.00 0.00 -0.00 0.00 0.00 -0.00 0.00 0.00 -0.00 0.00 0.00 -0.00 0.00 0.00 -0.00 0.00
-0.0000 0.0225 0.0000 0.00 -0.00 0.00 0.00 -0.00 0.00 0.00 -0.00 0.00 0.00 -0.00 0.00 0.00 -0.00 0.00 0.00 -0.00 0.00 0.00 -0.00 0.00 0.00 -0.00 0.00 0.00 -0.00 0.00 0.00 -0.00 0.00 0.00 -0.00 0.00 0.00 -0.00 0.00 0.00 -0.00 0.00 0.00 -0.00 0.00 0.00 -0.00 0.00 0.00 -0.00 0.00 0.00 -0.00 0.00 0.00 -0.00 0.00 69.06 -37.95 134.56 -0.00 23.42 -0.00 -6.28 10.14 20.11 -1.35 12.81 32.73 0.00 0.00 -0.00 2.00 -0.02 0.61 -0.05 -0.29 8.55 -0.04 -0.15 4.31 0.00 0.00 -0.00 -0.00 0.00 1.62 -0.00 -0.00 16.38 -0.00 0.00 8.49 0.00 0.00 -0.00 -2.00 0.08 2.24 0.26 0.63 19.89 0.20 0.31 10.45 0.00 0.00 -0.00 -4.00 0.02 0.25 0.02 0.30 4.34 0.02 0.15 2.16 0.00 -0.00 0.00 0.00 -0.00 0.00 0.00 -0.00 0.00 0.00 -0.00 0.00 0.00 -0.00 0.00 0.00 -0.00 0.00 0.00 -0.00 0.00 0.00 -0.00 0.00 0.00 -0.00 0.00 0.00 -0.00 0.00 0.00 -0.00 0.00 0.00 -0.00 0.00 0.00 -0.00 0.00 0.00 -0.00 0.00 0.00 -0.00 0.00 0.00 -0.00 0.00 0.00 -0.00 0.00 0.00 -0.00 0.00 0.00 -0.00 0.00 0.00 -0.00 0.00 0.00 -0.00 0.00 0.00 -0.00 0.00 0.00 -0.00 0.00
-0.0000 0.0230 0.0000 0.00 -0.00 0.00 0.00 -0.00 0.00 0.00 -0.00 0.00 0.00 -0.00 0.00 0.00 -0.00 0.00 0.00 -0.00 0.00 0.00 -0.00 0.00 0.00 -0.00 0.00 0.00 -0.00 0.00 0.00 -0.00 0.00 0.00 -0.00 0.00 0.00 -0.00 0.00 0.00 -0.00 0.00 0.00 -0.00 0.00 0.00 -0.00 0.00 0.00 -0.00 0.00 0.00 -0.00 0.00 0.00 -0.00 0.00 69.06 -37.95 134.56 -0.00 23.42 -0.00 -6.28 10.14 20.11 -1.35 12.81 32.73 0.00 0.00 -0.00 2.00 -0.02 0.61 -0.05 -0.29 8.55 -0.04 -0.15 4.31 0.00 0.00 -0.00 -0.00 0.00 1.62 -0.00 -0.00 16.38 -0.00 0.00 8.49 0.00 0.00 -0.00 -2.00 0.08 2.24 0.26 0.63 19.89 0.20 0.31 10.45 0.00 0.00 -0.00 -4.00 0.02 0.25 0.02 0.30 4.34 0.02 0.15 2.16 0.00 -0.00 0.00 0.00 -0.00 0.00 0.00 -0.00 0.00 0.00 -0.00 0.00 0.00 -0.00 0.00 0.00 -0.00 0.00 0.00 -0.00 0.00 0.00 -0.00 0.00 0.00 -0.00 0.00 0.00 -0.00 0.00 0.00 -0.00 0.00 0.00 -0.00 0.00 0.00 -0.00 0.00 0.00 -0.00 0.00 0.00 -0.00 0.00 0.00 -0.00 0.00 0.00 -0.00 0.00 0.00 -0.00 0.00 0.00 -0.00 0.00 0.00 -0.00 0.00 0.00 -0.00 0.00 0.00 -0.00 0.00 0.00 -0.00 0.00
-0.0000 0.0234 0.0000 0.00 -0.00 0.00 0.00 -0.00 0.00 0.00 -0.00 0.00 0.00 -0.00 0.00 0.00 -0.00 0.00 0.00 -0.00 0.00 0.00 -0.00 0.00 0.00 -0.00 0.00 0.00 -0.00 0.00 0.00 -0.00 0.00 0.00 -0.00 0.00 0.00 -0.00 0.00 0.00 -0.00 0.00 0.00 -0.00 0.00 0.00 -0.00 0.00 0.00 -0.00 0.00 0.00 -0.00 0.00 0.00 -0.00 0.00 69.06 -37.95 134.56 -0.00 23.42 -0.00 -6.28 10.14 20.11 -1.35 12.81 32.73 0.00 0.00 -0.00 2.00 -0.02 0.61 -0.05 -0.29 8.55 -0.04 -0.15 4.31 0.00 0.00 -0.00 -0.00 0.00 1.62 -0.00 -0.00 16.38 -0.00 0.00 8.49 0.00 0.00 -0.00 -2.00 0.08 2.24 0.26 0.63 19.89 0.20 0.31 10.45 0.00 0.00 -0.00 -4.00 0.02 0.25 0.02 0.30 4.34 0.02 0.15 2.16 0.00 -0.00 0.00 0.00 -0.00 0.00 0.00 -0.00 0.00 0.00 -0.00 0.00 0.00 -0.00 0.00 0.00 -0.00 0.00 0.00 -0.00 0.00 0.00 -0.00 0.00 0.00 -0.00 0.00 0.00 -0.00 0.00 0.00 -0.00 0.00 0.00 -0.00 0.00 0.00 -0.00 0.00 0.00 -0.00 0.00 0.00 -0.00 0.00 0.00 -0.00 0.00 0.00 -0.00 0.00 0.00 -0.00 0.00 0.00 -0.00 0.00 0.00 -0.00 0.00 0.00 -0.00 0.00 0.00 -0.00 0.00 0.00 -0.00 0.00
-0.0000 0.0223 0.0000 0.00 -0.00 0.00 0.00 -0.00 0.00 0.00 -0.00 0.00 0.00 -0.00 0.00 0.00 -0.00 0.00 0.00 -0.00 0.00 0.00 -0.00 0.00 0.00 -0.00 0.00 0.00 -0.00 0.00 0.00 -0.00 0.00 0.00 -0.00 0.00 0.00 -0.00 0.00 0.00 -0.00 0.00 0.00 -0.00 0.00 0.00 -0.00 0.00 0.00 -0.00 0.00 0.00 -0.00 0.00 0.00 -0.00 0.00 69.06 -37.95 134.56 -0.00 23.42 -0.00 -6.28 10.14 20.11 -1.35 12.81 32.73 0.00 0.00 -0.00 2.00 -0.02 0.61 -0.05 -0.29 8.55 -0.04 -0.15 4.31 0.00 0.00 -0.00 -0.00 0.00 1.62 -0.00 -0.00 16.38 -0.00 0.00 8.49 0.00 0.00 -0.00 -2.00 0.08 2.24 0.26 0.63 19.89 0.20 0.31 10.45 0.00 0.00 -0.00 -4.00 0.02 0.25 0.02 0.30 4.34 0.02 0.15 2.16 0.00 -0.00 0.00 0.00 -0.00 0.00 0.00 -0.00 0.00 0.00 -0.00 0.00 0.00 -0.00 0.00 0.00 -0.00 0.00 0.00 -0.00 0.00 0.00 -0.00 0.00 0.00 -0.00 0.00 0.00 -0.00 0.00 0.00 -0.00 0.00 0.00 -0.00 0.00 0.00 -0.00 0.00 0.00 -0.00 0.00 0.00 -0.00 0.00 0.00 -0.00 0.00 0.00 -0.00 0.00 0.00 -0.00 0.00 0.00 -0.00 0.00 0.00 -0.00 0.00 0.00 -0.00 0.00 0.00 -0.00 0.00 0.00 -0.00 0.00
-0.0000 0.0231 0.0000 0.00 -0.00 0.00 0.00 -0.00 0.00 0.00 -0.00 0.00 0.00 -0.00 0.00 0.00 -0.00 0.00 0.00 -0.00 0.00 0.00 -0.00 0.00 0.00 -0.00 0.00 0.00 -0.00 0.00 0.00 -0.00 0.00 0.00 -0.00 0.00 0.00 -0.00 0.00 0.00 -0.00 0.00 0.00 -0.00 0.00 0.00 -0.00 0.00 0.00 -0.00 0.00 0.00 -0.00 0.00 0.00 -0.00 0.00 69.06 -37.95 134.56 -0.00 23.42 -0.00 -6.28 10.14 20.11 -1.35 12.81 32.73 0.00 0.00 -0.00 2.00 -0.02 0.61 -0.05 -0.29 8.55 -0.04 -0.15 4.31 0.00 0.00 -0.00 -0.00 0.00 1.62 -0.00 -0.00 16.38 -0.00 0.00 8.49 0.00 0.00 -0.00 -2.00 0.08 2.24 0.26 0.63 19.89 0.20 0.31 10.45 0.00 0.00 -0.00 -4.00 0.02 0.25 0.02 0.30 4.34 0.02 0.15 2.16 0.00 -0.00 0.00 0.00 -0.00 0.00 0.00 -0.00 0.00 0.00 -0.00 0.00 0.00 -0.00 0.00 0.00 -0.00 0.00 0.00 -0.00 0.00 0.00 -0.00 0.00 0.00 -0.00 0.00 0.00 -0.00 0.00 0.00 -0.00 0.00 0.00 -0.00 0.00 0.00 -0.00 0.00 0.00 -0.00 0.00 0.00 -0.00 0.00 0.00 -0.00 0.00 0.00 -0.00 0.00 0.00 -0.00 0.00 0.00 -0.00 0.00 0.00 -0.00 0.00 0.00 -0.00 0.00 0.00 -0.00 0.00 0.00 -0.00 0.00
-0.0000 0.0237 0.0000 0.00 -0.00 0.00 0.00 -0.00 0.00 0.00 -0.00 0.00 0.00 -0.00 0.00 0.00 -0.00 0.00 0.00 -0.00 0.00 0.00 -0.00 0.00 0.00 -0.00 0.00 0.00 -0.00 0.00 0.00 -0.00 0.00 0.00 -0.00 0.00 0.00 -0.00 0.00 0.00 -0.00 0.00 0.00 -0.00 0.00 0.00 -0.00 0.00 0.00 -0.00 0.00 0.00 -0.00 0.00 0.00 -0.00 0.00 69.06 -37.95 134.56 -0.00 23.42 -0.00 -6.28 10.14 20.11 -1.35 12.81 32.73 0.00 0.00 -0.00 2.00 -0.02 0.61 -0.05 -0.29 8.55 -0.04 -0.15 4.31 0.00 0.00 -0.00 -0.00 0.00 1.62 -0.00 -0.00 16.38 -0.00 0.00 8.49 0.00 0.00 -0.00 -2.00 0.08 2.24 0.26 0.63 19.89 0.20 0.31 10.45 0.00 0.00 -0.00 -4.00 0.02 0.25 0.02 0.30 4.34 0.02 0.15 2.16 0.00 -0.00 0.00 0.00 -0.00 0.00 0.00 -0.00 0.00 0.00 -0.00 0.00 0.00 -0.00 0.00 0.00 -0.00 0.00 0.00 -0.00 0.00 0.00 -0.00 0.00 0.00 -0.00 0.00 0.00 -0.00 0.00 0.00 -0.00 0.00 0.00 -0.00 0.00 0.00 -0.00 0.00 0.00 -0.00 0.00 0.00 -0.00 0.00 0.00 -0.00 0.00 0.00 -0.00 0.00 0.00 -0.00 0.00 0.00 -0.00 0.00 0.00 -0.00 0.00 0.00 -0.00 0.00 0.00 -0.00 0.00 0.00 -0.00 0.00
-0.0000 0.0234 0.0000 0.00 -0.00 0.00 0.00 -0.00 0.00 0.00 -0.00 0.00 0.00 -0.00 0.00 0.00 -0.00 0.00 0.00 -0.00 0.00 0.00 -0.00 0.00 0.00 -0.00 0.00 0.00 -0.00 0.00 0.00 -0.00 0.00 0.00 -0.00 0.00 0.00 -0.00 0.00 0.00 -0.00 0.00 0.00 -0.00 0.00 0.00 -0.00 0.00 0.00 -0.00 0.00 0.00 -0.00 0.00 0.00 -0.00 0.00 69.06 -37.95 134.56 -0.00 23.42 -0.00 -6.28 10.14 20.11 -1.35 12.81 32.73 0.00 0.00 -0.00 2.00 -0.02 0.61 -0.05 -0.29 8.55 -0.04 -0.15 4.31 0.00 0.00 -0.00 -0.00 0.00 1.62 -0.00 -0.00 16.38 -0.00 0.00 8.49 0.00 0.00 -0.00 -2.00 0.08 2.24 0.26 0.63 19.89 0.20 0.31 10.45 0.00 0.00 -0.00 -4.00 0.02 0.25 0.02 0.30 4.34 0.02 0.15 2.16 0.00 -0.00 0.00 0.00 -0.00 0.00 0.00 -0.00 0.00 0.00 -0.00 0.00 0.00 -0.00 0.00 0.00 -0.00 0.00 0.00 -0.00 0.00 0.00 -0.00 0.00 0.00 -0.00 0.00 0.00 -0.00 0.00 0.00 -0.00 0.00 0.00 -0.00 0.00 0.00 -0.00 0.00 0.00 -0.00 0.00 0.00 -0.00 0.00 0.00 -0.00 0.00 0.00 -0.00 0.00 0.00 -0.00 0.00 0.00 -0.00 0.00 0.00 -0.00 0.00 0.00 -0.00 0.00 0.00 -0.00 0.00 0.00 -0.00 0.00
-0.0000 0.0236 0.0000 0.00 -0.00 0.00 0.00 -0.00 0.00 0.00 -0.00 0.00 0.00 -0.00 0.00 0.00 -0.00 0.00 0.00 -0.00 0.00 0.00 -0.00 0.00 0.00 -0.00 0.00 0.00 -0.00 0.00 0.00 -0.00 0.00 0.00 -0.00 0.00 0.00 -0.00 0.00 0.00 -0.00 0.00 0.00 -0.00 0.00 0.00 -0.00 0.00 0.00 -0.00 0.00 0.00 -0.00 0.00 0.00 -0.00 0.00 69.06 -37.95 134.56 -0.00 23.42 -0.00 -6.28 10.14 20.11 -1.35 12.81 32.73 0.00 0.00 -0.00 2.00 -0.02 0.61 -0.05 -0.29 8.55 -0.04 -0.15 4.31 0.00 0.00 -0.00 -0.00 0.00 1.62 -0.00 -0.00 16.38 -0.00 0.00 8.49 0.00 0.00 -0.00 -2.00 0.08 2.24 0.26 0.63 19.89 0.20 0.31 10.45 0.00 0.00 -0.00 -4.00 0.02 0.25 0.02 0.30 4.34 0.02 0.15 2.16 0.00 -0.00 0.00 0.00 -0.00 0.00 0.00 -0.00 0.00 0.00 -0.00 0.00 0.00 -0.00 0.00 0.00 -0.00 0.00 0.00 -0.00 0.00 0.00 -0.00 0.00 0.00 -0.00 0.00 0.00 -0.00 0.00 0.00 -0.00 0.00 0.00 -0.00 0.00 0.00 -0.00 0.00 0.00 -0.00 0.00 0.00 -0.00 0.00 0.00 -0.00 0.00 0.00 -0.00 0.00 0.00 -0.00 0.00 0.00 -0.00 0.00 0.00 -0.00 0.00 0.00 -0.00 0.00 0.00 -0.00 0.00 0.00 -0.00 0.00
-0.0000 0.0225 0.0000 0.00 -0.00 0.00 0.00 -0.00 0.00 0.00 -0.00 0.00 0.00 -0.00 0.00 0.00 -0.00 0.00 0.00 -0.00 0.00 0.00 -0.00 0.00 0.00 -0.00 0.00 0.00 -0.00 0.00 0.00 -0.00 0.00 0.00 -0.00 0.00 0.00 -0.00 0.00 0.00 -0.00 0.00 0.00 -0.00 0.00 0.00 -0.00 0.00 0.00 -0.00 0.00 0.00 -0.00 0.00 0.00 -0.00 0.00 69.06 -37.95 134.56 -0.00 23.42 -0.00 -6.28 10.14 20.11 -1.35 12.81 32.73 0.00 0.00 -0.00 2.00 -0.02 0.61 -0.05 -0.29 8.55 -0.04 -0.15 4.31 0.00 0.00 -0.00 -0.00 0.00 1.62 -0.00 -0.00 16.38 -0.00 0.00 8.49 0.00 0.00 -0.00 -2.00 0.08 2.24 0.26 0.63 19.89 0.20 0.31 10.45 0.00 0.00 -0.00 -4.00 0.02 0.25 0.02 0.30 4.34 0.02 0.15 2.16 0.00 -0.00 0.00 0.00 -0.00 0.00 0.00 -0.00 0.00 0.00 -0.00 0.00 0.00 -0.00 0.00 0.00 -0.00 0.00 0.00 -0.00 0.00 0.00 -0.00 0.00 0.00 -0.00 0.00 0.00 -0.00 0.00 0.00 -0.00 0.00 0.00 -0.00 0.00 0.00 -0.00 0.00 0.00 -0.00 0.00 0.00 -0.00 0.00 0.00 -0.00 0.00 0.00 -0.00 0.00 0.00 -0.00 0.00 0.00 -0.00 0.00 0.00 -0.00 0.00 0.00 -0.00 0.00 0.00 -0.00 0.00 0.00 -0.00 0.00
-0.0000 0.0228 0.0000 0.00 -0.00 0.00 0.00 -0.00 0.00 0.00 -0.00 0.00 0.00 -0.00 0.00 0.00 -0.00 0.00 0.00 -0.00 0.00 0.00 -0.00 0.00 0.00 -0.00 0.00 0.00 -0.00 0.00 0.00 -0.00 0.00 0.00 -0.00 0.00 0.00 -0.00 0.00 0.00 -0.00 0.00 0.00 -0.00 0.00 0.00 -0.00 0.00 0.00 -0.00 0.00 0.00 -0.00 0.00 0.00 -0.00 0.00 69.06 -37.95 134.56 -0.00 23.42 -0.00 -6.28 10.14 20.11 -1.35 12.81 32.73 0.00 0.00 -0.00 2.00 -0.02 0.61 -0.05 -0.29 8.55 -0.04 -0.15 4.31 0.00 0.00 -0.00 -0.00 0.00 1.62 -0.00 -0.00 16.38 -0.00 0.00 8.49 0.00 0.00 -0.00 -2.00 0.08 2.24 0.26 0.63 19.89 0.20 0.31 10.45 0.00 0.00 -0.00 -4.00 0.02 0.25 0.02 0.30 4.34 0.02 0.15 2.16 0.00 -0.00 0.00 0.00 -0.00 0.00 0.00 -0.00 0.00 0.00 -0.00 0.00 0.00 -0.00 0.00 0.00 -0.00 0.00 0.00 -0.00 0.00 0.00 -0.00 0.00 0.00 -0.00 0.00 0.00 -0.00 0.00 0.00 -0.00 0.00 0.00 -0.00 0.00 0.00 -0.00 0.00 0.00 -0.00 0.00 0.00 -0.00 0.00 0.00 -0.00 0.00 0.00 -0.00 0.00 0.00 -0.00 0.00 0.00 -0.00 0.00 0.00 -0.00 0.00 0.00 -0.00 0.00 0.00 -0.00 0.00 0.00 -0.00 0.00
-0.0000 0.0227 0.0000 0.00 -0.00 0.00 0.00 -0.00 0.00 0.00 -0.00 0.00 0.00 -0.00 0.00 0.00 -0.00 0.00 0.00 -0.00 0.00 0.00 -0.00 0.00 0.00 -0.00 0.00 0.00 -0.00 0.00 0.00 -0.00 0.00 0.00 -0.00 0.00 0.00 -0.00 0.00 0.00 -0.00 0.00 0.00 -0.00 0.00 0.00 -0.00 0.00 0.00 -0.00 0.00 0.00 -0.00 0.00 0.00 -0.00 0.00 69.06 -37.95 134.56 -0.00 23.42 -0.00 -6.28 10.14 20.11 -1.35 12.81 32.73 0.00 0.00 -0.00 2.00 -0.02 0.61 -0.05 -0.29 8.55 -0.04 -0.15 4.31 0.00 0.00 -0.00 -0.00 0.00 1.62 -0.00 -0.00 16.38 -0.00 0.00 8.49 0.00 0.00 -0.00 -2.00 0.08 2.24 0.26 0.63 19.89 0.20 0.31 10.45 0.00 0.00 -0.00 -4.00 0.02 0.25 0.02 0.30 4.34 0.02 0.15 2.16 0.00 -0.00 0.00 0.00 -0.00 0.00 0.00 -0.00 0.00 0.00 -0.00 0.00 0.00 -0.00 0.00 0.00 -0.00 0.00 0.00 -0.00 0.00 0.00 -0.00 0.00 0.00 -0.00 0.00 0.00 -0.00 0.00 0.00 -0.00 0.00 0.00 -0.00 0.00 0.00 -0.00 0.00 0.00 -0.00 0.00 0.00 -0.00 0.00 0.00 -0.00 0.00 0.00 -0.00 0.00 0.00 -0.00 0.00 0.00 -0.00 0.00 0.00 -0.00 0.00 0.00 -0.00 0.00 0.00 -0.00 0.00 0.00 -0.00 0.00
-0.0000 0.0233 0.0000 0.00 -0.00 0.00 0.00 -0.00 0.00 0.00 -0.00 0.00 0.00 -0.00 0.00 0.00 -0.00 0.00 0.00 -0.00 0.00 0.00 -0.00 0.00 0.00 -0.00 0.00 0.00 -0.00 0.00 0.00 -0.00 0.00 0.00 -0.00 0.00 0.00 -0.00 0.00 0.00 -0.00 0.00 0.00 -0.00 0.00 0.00 -0.00 0.00 0.00 -0.00 0.00 0.00 -0.00 0.00 0.00 -0.00 0.00 69.06 -37.95 134.56 -0.00 23.42 -0.00 -6.28 10.14 20.11 -1.35 12.81 32.73 0.00 0.00 -0.00 2.00 -0.02 0.61 -0.05 -0.29 8.55 -0.04 -0.15 4.31 0.00 0.00 -0.00 -0.00 0.00 1.62 -0.00 -0.00 16.38 -0.00 0.00 8.49 0.00 0.00 -0.00 -2.00 0.08 2.24 0.26 0.63 19.89 0.20 0.31 10.45 0.00 0.00 -0.00 -4.00 0.02 0.25 0.02 0.30 4.34 0.02 0.15 2.16 0.00 -0.00 0.00 0.00 -0.00 0.00 0.00 -0.00 0.00 0.00 -0.00 0.00 0.00 -0.00 0.00 0.00 -0.00 0.00 0.00 -0.00 0.00 0.00 -0.00 0.00 0.00 -0.00 0.00 0.00 -0.00 0.00 0.00 -0.00 0.00 0.00 -0.00 0.00 0.00 -0.00 0.00 0.00 -0.00 0.00 0.00 -0.00 0.00 0.00 -0.00 0.00 0.00 -0.00 0.00 0.00 -0.00 0.00 0.00 -0.00 0.00 0.00 -0.00 0.00 0.00 -0.00 0.00 0.00 -0.00 0.00 0.00 -0.00 0.00
-0.0000 0.0229 0.0000 0.00 -0.00 0.00 0.00 -0.00 0.00 0.00 -0.00 0.00 0.00 -0.00 0.00 0.00 -0.00 0.00 0.00 -0.00 0.00 0.00 -0.00 0.00 0.00 -0.00 0.00 0.00 -0.00 0.00 0.00 -0.00 0.00 0.00 -0.00 0.00 0.00 -0.00 0.00 0.00 -0.00 0.00 0.00 -0.00 0.00 0.00 -0.00 0.00 0.00 -0.00 0.00 0.00 -0.00 0.00 0.00 -0.00 0.00 69.06 -37.95 134.56 -0.00 23.42 -0.00 -6.28 10.14 20.11 -1.35 12.81 32.73 0.00 0.00 -0.00 2.00 -0.02 0.61 -0.05 -0.29 8.55 -0.04 -0.15 4.31 0.00 0.00 -0.00 -0.00 0.00 1.62 -0.00 -0.00 16.38 -0.00 0.00 8.49 0.00 0.00 -0.00 -2.00 0.08 2.24 0.26 0.63 19.89 0.20 0.31 10.45 0.00 0.00 -0.00 -4.00 0.02 0.25 0.02 0.30 4.34 0.02 0.15 2.16 0.00 -0.00 0.00 0.00 -0.00 0.00 0.00 -0.00 0.00 0.00 -0.00 0.00 0.00 -0.00 0.00 0.00 -0.00 0.00 0.00 -0.00 0.00 0.00 -0.00 0.00 0.00 -0.00 0.00 0.00 -0.00 0.00 0.00 -0.00 0.00 0.00 -0.00 0.00 0.00 -0.00 0.00 0.00 -0.00 0.00 0.00 -0.00 0.00 0.00 -0.00 0.00 0.00 -0.00 0.00 0.00 -0.00 0.00 0.00 -0.00 0.00 0.00 -0.00 0.00 0.00 -0.00 0.00 0.00 -0.00 0.00 0.00 -0.00 0.00
-0.0000 0.0226 0.0000 0.00 -0.00 0.00 0.00 -0.00 0.00 0.00 -0.00 0.00 0.00 -0.00 0.00 0.00 -0.00 0.00 0.00 -0.00 0.00 0.00 -0.00 0.00 0.00 -0.00 0.00 0.00 -0.00 0.00 0.00 -0.00 0.00 0.00 -0.00 0.00 0.00 -0.00 0.00 0.00 -0.00 0.00 0.00 -0.00 0.00 0.00 -0.00 0.00 0.00 -0.00 0.00 0.00 -0.00 0.00 0.00 -0.00 0.00 69.06 -37.95 134.56 -0.00 23.42 -0.00 -6.28 10.14 20.11 -1.35 12.81 32.73 0.00 0.00 -0.00 2.00 -0.02 0.61 -0.05 -0.29 8.55 -0.04 -0.15 4.31 0.00 0.00 -0.00 -0.00 0.00 1.62 -0.00 -0.00 16.38 -0.00 0.00 8.49 0.00 0.00 -0.00 -2.00 0.08 2.24 0.26 0.63 19.89 0.20 0.31 10.45 0.00 0.00 -0.00 -4.00 0.02 0.25 0.02 0.30 4.34 0.02 0.15 2.16 0.00 -0.00 0.00 0.00 -0.00 0.00 0.00 -0.00 0.00 0.00 -0.00 0.00 0.00 -0.00 0.00 0.00 -0.00 0.00 0.00 -0.00 0.00 0.00 -0.00 0.00 0.00 -0.00 0.00 0.00 -0.00 0.00 0.00 -0.00 0.00 0.00 -0.00 0.00 0.00 -0.00 0.00 0.00 -0.00 0.00 0.00 -0.00 0.00 0.00 -0.00 0.00 0.00 -0.00 0.00 0.00 -0.00 0.00 0.00 -0.00 0.00 0.00 -0.00 0.00 0.00 -0.00 0.00 0.00 -0.00 0.00 0.00 -0.00 0.00
-0.0000 0.0229 0.0000 0.00 -0.00 0.00 0.00 -0.00 0.00 0.00 -0.00 0.00 0.00 -0.00 0.00 0.00 -0.00 0.00 0.00 -0.00 0.00 0.00 -0.00 0.00 0.00 -0.00 0.00 0.00 -0.00 0.00 0.00 -0.00 0.00 0.00 -0.00 0.00 0.00 -0.00 0.00 0.00 -0.00 0.00 0.00 -0.00 0.00 0.00 -0.00 0.00 0.00 -0.00 0.00 0.00 -0.00 0.00 0.00 -0.00 0.00 69.06 -37.95 134.56 -0.00 23.42 -0.00 -6.28 10.14 20.11 -1.35 12.81 32.73 0.00 0.00 -0.00 2.00 -0.02 0.61 -0.05 -0.29 8.55 -0.04 -0.15 4.31 0.00 0.00 -0.00 -0.00 0.00 1.62 -0.00 -0.00 16.38 -0.00 0.00 8.49 0.00 0.00 -0.00 -2.00 0.08 2.24 0.26 0.63 19.89 0.20 0.31 10.45 0.00 0.00 -0.00 -4.00 0.02 0.25 0.02 0.30 4.34 0.02 0.15 2.16 0.00 -0.00 0.00 0.00 -0.00 0.00 0.00 -0.00 0.00 0.00 -0.00 0.00 0.00 -0.00 0.00 0.00 -0.00 0.00 0.00 -0.00 0.00 0.00 -0.00 0.00 0.00 -0.00 0.00 0.00 -0.00 0.00 0.00 -0.00 0.00 0.00 -0.00 0.00 0.00 -0.00 0.00 0.00 -0.00 0.00 0.00 -0.00 0.00 0.00 -0.00 0.00 0.00 -0.00 0.00 0.00 -0.00 0.00 0.00 -0.00 0.00 0.00 -0.00 0.00 0.00 -0.00 0.00 0.00 -0.00 0.00 0.00 -0.00 0.00
-0.0000 0.0221 0.0000 0.00 -0.00 0.00 0.00 -0.00 0.00 0.00 -0.00 0.00 0.00 -0.00 0.00 0.00 -0.00 0.00 0.00 -0.00 0.00 0.00 -0.00 0.00 0.00 -0.00 0.00 0.00 -0.00 0.00 0.00 -0.00 0.00 0.00 -0.00 0.00 0.00 -0.00 0.00 0.00 -0.00 0.00 0.00 -0.00 0.00 0.00 -0.00 0.00 0.00 -0.00 0.00 0.00 -0.00 0.00 0.00 -0.00 0.00 69.06 -37.95 134.56 -0.00 23.42 -0.00 -6.28 10.14 20.11 -1.35 12.81 32.73 0.00 0.00 -0.00 2.00 -0.02 0.61 -0.05 -0.29 8.55 -0.04 -0.15 4.31 0.00 0.00 -0.00 -0.00 0.00 1.62 -0.00 -0.00 16.38 -0.00 0.00 8.49 0.00 0.00 -0.00 -2.00 0.08 2.24 0.26 0.63 19.89 0.20 0.31 10.45 0.00 0.00 -0.00 -4.00 0.02 0.25 0.02 0.30 4.34 0.02 0.15 2.16 0.00 -0.00 0.00 0.00 -0.00 0.00 0.00 -0.00 0.00 0.00 -0.00 0.00 0.00 -0.00 0.00 0.00 -0.00 0.00 0.00 -0.00 0.00 0.00 -0.00 0.00 0.00 -0.00 0.00 0.00 -0.00 0.00 0.00 -0.00 0.00 0.00 -0.00 0.00 0.00 -0.00 0.00 0.00 -0.00 0.00 0.00 -0.00 0.00 0.00 -0.00 0.00 0.00 -0.00 0.00 0.00 -0.00 0.00 0.00 -0.00 0.00 0.00 -0.00 0.00 0.00 -0.00 0.00 0.00 -0.00 0.00 0.00 -0.00 0.00
-0.0000 0.0226 0.0000 0.00 -0.00 0.00 0.00 -0.00 0.00 0.00 -0.00 0.00 0.00 -0.00 0.00 0.00 -0.00 0.00 0.00 -0.00 0.00 0.00 -0.00 0.00 0.00 -0.00 0.00 0.00 -0.00 0.00 0.00 -0.00 0.00 0.00 -0.00 0.00 0.00 -0.00 0.00 0.00 -0.00 0.00 0.00 -0.00 0.00 0.00 -0.00 0.00 0.00 -0.00 0.00 0.00 -0.00 0.00 0.00 -0.00 0.00 69.06 -37.95 134.56 -0.00 23.42 -0.00 -6.28 10.14 20.11 -1.35 12.81 32.73 0.00 0.00 -0.00 2.00 -0.02 0.61 -0.05 -0.29 8.55 -0.04 -0.15 4.31 0.00 0.00 -0.00 -0.00 0.00 1.62 -0.00 -0.00 16.38 -0.00 0.00 8.49 0.00 0.00 -0.00 -2.00 0.08 2.24 0.26 0.63 19.89 0.20 0.31 10.45 0.00 0.00 -0.00 -4.00 0.02 0.25 0.02 0.30 4.34 0.02 0.15 2.16 0.00 -0.00 0.00 0.00 -0.00 0.00 0.00 -0.00 0.00 0.00 -0.00 0.00 0.00 -0.00 0.00 0.00 -0.00 0.00 0.00 -0.00 0.00 0.00 -0.00 0.00 0.00 -0.00 0.00 0.00 -0.00 0.00 0.00 -0.00 0.00 0.00 -0.00 0.00 0.00 -0.00 0.00 0.00 -0.00 0.00 0.00 -0.00 0.00 0.00 -0.00 0.00 0.00 -0.00 0.00 0.00 -0.00 0.00 0.00 -0.00 0.00 0.00 -0.00 0.00 0.00 -0.00 0.00 0.00 -0.00 0.00 0.00 -0.00 0.00
-0.0000 0.0224 0.0000 0.00 -0.00 0.00 0.00 -0.00 0.00 0.00 -0.00 0.00 0.00 -0.00 0.00 0.00 -0.00 0.00 0.00 -0.00 0.00 0.00 -0.00 0.00 0.00 -0.00 0.00 0.00 -0.00 0.00 0.00 -0.00 0.00 0.00 -0.00 0.00 0.00 -0.00 0.00 0.00 -0.00 0.00 0.00 -0.00 0.00 0.00 -0.00 0.00 0.00 -0.00 0.00 0.00 -0.00 0.00 0.00 -0.00 0.00 69.06 -37.95 134.56 -0.00 23.42 -0.00 -6.28 10.14 20.11 -1.35 12.81 32.73 0.00 0.00 -0.00 2.00 -0.02 0.61 -0.05 -0.29 8.55 -0.04 -0.15 4.31 0.00 0.00 -0.00 -0.00 0.00 1.62 -0.00 -0.00 16.38 -0.00 0.00 8.49 0.00 0.00 -0.00 -2.00 0.08 2.24 0.26 0.63 19.89 0.20 0.31 10.45 0.00 0.00 -0.00 -4.00 0.02 0.25 0.02 0.30 4.34 0.02 0.15 2.16 0.00 -0.00 0.00 0.00 -0.00 0.00 0.00 -0.00 0.00 0.00 -0.00 0.00 0.00 -0.00 0.00 0.00 -0.00 0.00 0.00 -0.00 0.00 0.00 -0.00 0.00 0.00 -0.00 0.00 0.00 -0.00 0.00 0.00 -0.00 0.00 0.00 -0.00 0.00 0.00 -0.00 0.00 0.00 -0.00 0.00 0.00 -0.00 0.00 0.00 -0.00 0.00 0.00 -0.00 0.00 0.00 -0.00 0.00 0.00 -0.00 0.00 0.00 -0.00 0.00 0.00 -0.00 0.00 0.00 -0.00 0.00 0.00 -0.00 0.00
-0.0000 0.0220 0.0000 0.00 -0.00 0.00 0.00 -0.00 0.00 0.00 -0.00 0.00 0.00 -0.00 0.00 0.00 -0.00 0.00 0.00 -0.00 0.00 0.00 -0.00 0.00 0.00 -0.00 0.00 0.00 -0.00 0.00 0.00 -0.00 0.00 0.00 -0.00 0.00 0.00 -0.00 0.00 0.00 -0.00 0.00 0.00 -0.00 0.00 0.00 -0.00 0.00 0.00 -0.00 0.00 0.00 -0.00 0.00 0.00 -0.00 0.00 69.06 -37.95 134.56 -0.00 23.42 -0.00 -6.28 10.14 20.11 -1.35 12.81 32.73 0.00 0.00 -0.00 2.00 -0.02 0.61 -0.05 -0.29 8.55 -0.04 -0.15 4.31 0.00 0.00 -0.00 -0.00 0.00 1.62 -0.00 -0.00 16.38 -0.00 0.00 8.49 0.00 0.00 -0.00 -2.00 0.08 2.24 0.26 0.63 19.89 0.20 0.31 10.45 0.00 0.00 -0.00 -4.00 0.02 0.25 0.02 0.30 4.34 0.02 0.15 2.16 0.00 -0.00 0.00 0.00 -0.00 0.00 0.00 -0.00 0.00 0.00 -0.00 0.00 0.00 -0.00 0.00 0.00 -0.00 0.00 0.00 -0.00 0.00 0.00 -0.00 0.00 0.00 -0.00 0.00 0.00 -0.00 0.00 0.00 -0.00 0.00 0.00 -0.00 0.00 0.00 -0.00 0.00 0.00 -0.00 0.00 0.00 -0.00 0.00 0.00 -0.00 0.00 0.00 -0.00 0.00 0.00 -0.00 0.00 0.00 -0.00 0.00 0.00 -0.00 0.00 0.00 -0.00 0.00 0.00 -0.00 0.00 0.00 -0.00 0.00
-0.0000 0.0213 0.0000 0.00 -0.00 0.00 0.00 -0.00 0.00 0.00 -0.00 0.00 0.00 -0.00 0.00 0.00 -0.00 0.00 0.00 -0.00 0.00 0.00 -0.00 0.00 0.00 -0.00 0.00 0.00 -0.00 0.00 0.00 -0.00 0.00 0.00 -0.00 0.00 0.00 -0.00 0.00 0.00 -0.00 0.00 0.00 -0.00 0.00 0.00 -0.00 0.00 0.00 -0.00 0.00 0.00 -0.00 0.00 0.00 -0.00 0.00 69.06 -37.95 134.56 -0.00 23.42 -0.00 -6.28 10.14 20.11 -1.35 12.81 32.73 0.00 0.00 -0.00 2.00 -0.02 0.61 -0.05 -0.29 8.55 -0.04 -0.15 4.31 0.00 0.00 -0.00 -0.00 0.00 1.62 -0.00 -0.00 16.38 -0.00 0.00 8.49 0.00 0.00 -0.00 -2.00 0.08 2.24 0.26 0.63 19.89 0.20 0.31 10.45 0.00 0.00 -0.00 -4.00 0.02 0.25 0.02 0.30 4.34 0.02 0.15 2.16 0.00 -0.00 0.00 0.00 -0.00 0.00 0.00 -0.00 0.00 0.00 -0.00 0.00 0.00 -0.00 0.00 0.00 -0.00 0.00 0.00 -0.00 0.00 0.00 -0.00 0.00 0.00 -0.00 0.00 0.00 -0.00 0.00 0.00 -0.00 0.00 0.00 -0.00 0.00 0.00 -0.00 0.00 0.00 -0.00 0.00 0.00 -0.00 0.00 0.00 -0.00 0.00 0.00 -0.00 0.00 0.00 -0.00 0.00 0.00 -0.00 0.00 0.00 -0.00 0.00 0.00 -0.00 0.00 0.00 -0.00 0.00 0.00 -0.00 0.00
-0.0000 0.0214 0.0000 0.00 -0.00 0.00 0.00 -0.00 0.00 0.00 -0.00 0.00 0.00 -0.00 0.00 0.00 -0.00 0.00 0.00 -0.00 0.00 0.00 -0.00 0.00 0.00 -0.00 0.00 0.00 -0.00 0.00 0.00 -0.00 0.00 0.00 -0.00 0.00 0.00 -0.00 0.00 0.00 -0.00 0.00 0.00 -0.00 0.00 0.00 -0.00 0.00 0.00 -0.00 0.00 0.00 -0.00 0.00 0.00 -0.00 0.00 69.06 -37.95 134.56 -0.00 23.42 -0.00 -6.28 10.14 20.11 -1.35 12.81 32.73 0.00 0.00 -0.00 2.00 -0.02 0.61 -0.05 -0.29 8.55 -0.04 -0.15 4.31 0.00 0.00 -0.00 -0.00 0.00 1.62 -0.00 -0.00 16.38 -0.00 0.00 8.49 0.00 0.00 -0.00 -2.00 0.08 2.24 0.26 0.63 19.89 0.20 0.31 10.45 0.00 0.00 -0.00 -4.00 0.02 0.25 0.02 0.30 4.34 0.02 0.15 2.16 0.00 -0.00 0.00 0.00 -0.00 0.00 0.00 -0.00 0.00 0.00 -0.00 0.00 0.00 -0.00 0.00 0.00 -0.00 0.00 0.00 -0.00 0.00 0.00 -0.00 0.00 0.00 -0.00 0.00 0.00 -0.00 0.00 0.00 -0.00 0.00 0.00 -0.00 0.00 0.00 -0.00 0.00 0.00 -0.00 0.00 0.00 -0.00 0.00 0.00 -0.00 0.00 0.00 -0.00 0.00 0.00 -0.00 0.00 0.00 -0.00 0.00 0.00 -0.00 0.00 0.00 -0.00 0.00 0.00 -0.00 0.00 0.00 -0.00 0.00
-0.0000 0.0209 0.0000 0.00 -0.00 0.00 0.00 -0.00 0.00 0.00 -0.00 0.00 0.00 -0.00 0.00 0.00 -0.00 0.00 0.00 -0.00 0.00 0.00 -0.00 0.00 0.00 -0.00 0.00 0.00 -0.00 0.00 0.00 -0.00 0.00 0.00 -0.00 0.00 0.00 -0.00 0.00 0.00 -0.00 0.00 0.00 -0.00 0.00 0.00 -0.00 0.00 0.00 -0.00 0.00 0.00 -0.00 0.00 0.00 -0.00 0.00 69.06 -37.95 134.56 -0.00 23.42 -0.00 -6.28 10.14 20.11 -1.35 12.81 32.73 0.00 0.00 -0.00 2.00 -0.02 0.61 -0.05 -0.29 8.55 -0.04 -0.15 4.31 0.00 0.00 -0.00 -0.00 0.00 1.62 -0.00 -0.00 16.38 -0.00 0.00 8.49 0.00 0.00 -0.00 -2.00 0.08 2.24 0.26 0.63 19.89 0.20 0.31 10.45 0.00 0.00 -0.00 -4.00 0.02 0.25 0.02 0.30 4.34 0.02 0.15 2.16 0.00 -0.00 0.00 0.00 -0.00 0.00 0.00 -0.00 0.00 0.00 -0.00 0.00 0.00 -0.00 0.00 0.00 -0.00 0.00 0.00 -0.00 0.00 0.00 -0.00 0.00 0.00 -0.00 0.00 0.00 -0.00 0.00 0.00 -0.00 0.00 0.00 -0.00 0.00 0.00 -0.00 0.00 0.00 -0.00 0.00 0.00 -0.00 0.00 0.00 -0.00 0.00 0.00 -0.00 0.00 0.00 -0.00 0.00 0.00 -0.00 0.00 0.00 -0.00 0.00 0.00 -0.00 0.00 0.00 -0.00 0.00 0.00 -0.00 0.00
-0.0000 0.0210 0.0000 0.00 -0.00 0.00 0.00 -0.00 0.00 0.00 -0.00 0.00 0.00 -0.00 0.00 0.00 -0.00 0.00 0.00 -0.00 0.00 0.00 -0.00 0.00 0.00 -0.00 0.00 0.00 -0.00 0.00 0.00 -0.00 0.00 0.00 -0.00 0.00 0.00 -0.00 0.00 0.00 -0.00 0.00 0.00 -0.00 0.00 0.00 -0.00 0.00 0.00 -0.00 0.00 0.00 -0.00 0.00 0.00 -0.00 0.00 69.06 -37.95 134.56 -0.00 23.42 -0.00 -6.28 10.14 20.11 -1.35 12.81 32.73 0.00 0.00 -0.00 2.00 -0.02 0.61 -0.05 -0.29 8.55 -0.04 -0.15 4.31 0.00 0.00 -0.00 -0.00 0.00 1.62 -0.00 -0.00 16.38 -0.00 0.00 8.49 0.00 0.00 -0.00 -2.00 0.08 2.24 0.26 0.63 19.89 0.20 0.31 10.45 0.00 0.00 -0.00 -4.00 0.02 0.25 0.02 0.30 4.34 0.02 0.15 2.16 0.00 -0.00 0.00 0.00 -0.00 0.00 0.00 -0.00 0.00 0.00 -0.00 0.00 0.00 -0.00 0.00 0.00 -0.00 0.00 0.00 -0.00 0.00 0.00 -0.00 0.00 0.00 -0.00 0.00 0.00 -0.00 0.00 0.00 -0.00 0.00 0.00 -0.00 0.00 0.00 -0.00 0.00 0.00 -0.00 0.00 0.00 -0.00 0.00 0.00 -0.00 0.00 0.00 -0.00 0.00 0.00 -0.00 0.00 0.00 -0.00 0.00 0.00 -0.00 0.00 0.00 -0.00 0.00 0.00 -0.00 0.00 0.00 -0.00 0.00
-0.0000 0.0208 0.0000 0.00 -0.00 0.00 0.00 -0.00 0.00 0.00 -0.00 0.00 0.00 -0.00 0.00 0.00 -0.00 0.00 0.00 -0.00 0.00 0.00 -0.00 0.00 0.00 -0.00 0.00 0.00 -0.00 0.00 0.00 -0.00 0.00 0.00 -0.00 0.00 0.00 -0.00 0.00 0.00 -0.00 0.00 0.00 -0.00 0.00 0.00 -0.00 0.00 0.00 -0.00 0.00 0.00 -0.00 0.00 0.00 -0.00 0.00 69.06 -37.95 134.56 -0.00 23.42 -0.00 -6.28 10.14 20.11 -1.35 12.81 32.73 0.00 0.00 -0.00 2.00 -0.02 0.61 -0.05 -0.29 8.55 -0.04 -0.15 4.31 0.00 0.00 -0.00 -0.00 0.00 1.62 -0.00 -0.00 16.38 -0.00 0.00 8.49 0.00 0.00 -0.00 -2.00 0.08 2.24 0.26 0.63 19.89 0.20 0.31 10.45 0.00 0.00 -0.00 -4.00 0.02 0.25 0.02 0.30 4.34 0.02 0.15 2.16 0.00 -0.00 0.00 0.00 -0.00 0.00 0.00 -0.00 0.00 0.00 -0.00 0.00 0.00 -0.00 0.00 0.00 -0.00 0.00 0.00 -0.00 0.00 0.00 -0.00 0.00 0.00 -0.00 0.00 0.00 -0.00 0.00 0.00 -0.00 0.00 0.00 -0.00 0.00 0.00 -0.00 0.00 0.00 -0.00 0.00 0.00 -0.00 0.00 0.00 -0.00 0.00 0.00 -0.00 0.00 0.00 -0.00 0.00 0.00 -0.00 0.00 0.00 -0.00 0.00 0.00 -0.00 0.00 0.00 -0.00 0.00 0.00 -0.00 0.00
-0.0000 0.0197 0.0000 0.00 -0.00 0.00 0.00 -0.00 0.00 0.00 -0.00 0.00 0.00 -0.00 0.00 0.00 -0.00 0.00 0.00 -0.00 0.00 0.00 -0.00 0.00 0.00 -0.00 0.00 0.00 -0.00 0.00 0.00 -0.00 0.00 0.00 -0.00 0.00 0.00 -0.00 0.00 0.00 -0.00 0.00 0.00 -0.00 0.00 0.00 -0.00 0.00 0.00 -0.00 0.00 0.00 -0.00 0.00 0.00 -0.00 0.00 69.06 -37.95 134.56 -0.00 23.42 -0.00 -6.28 10.14 20.11 -1.35 12.81 32.73 0.00 0.00 -0.00 2.00 -0.02 0.61 -0.05 -0.29 8.55 -0.04 -0.15 4.31 0.00 0.00 -0.00 -0.00 0.00 1.62 -0.00 -0.00 16.38 -0.00 0.00 8.49 0.00 0.00 -0.00 -2.00 0.08 2.24 0.26 0.63 19.89 0.20 0.31 10.45 0.00 0.00 -0.00 -4.00 0.02 0.25 0.02 0.30 4.34 0.02 0.15 2.16 0.00 -0.00 0.00 0.00 -0.00 0.00 0.00 -0.00 0.00 0.00 -0.00 0.00 0.00 -0.00 0.00 0.00 -0.00 0.00 0.00 -0.00 0.00 0.00 -0.00 0.00 0.00 -0.00 0.00 0.00 -0.00 0.00 0.00 -0.00 0.00 0.00 -0.00 0.00 0.00 -0.00 0.00 0.00 -0.00 0.00 0.00 -0.00 0.00 0.00 -0.00 0.00 0.00 -0.00 0.00 0.00 -0.00 0.00 0.00 -0.00 0.00 0.00 -0.00 0.00 0.00 -0.00 0.00 0.00 -0.00 0.00 0.00 -0.00 0.00
-0.0000 0.0200 0.0000 0.00 -0.00 0.00 0.00 -0.00 0.00 0.00 -0.00 0.00 0.00 -0.00 0.00 0.00 -0.00 0.00 0.00 -0.00 0.00 0.00 -0.00 0.00 0.00 -0.00 0.00 0.00 -0.00 0.00 0.00 -0.00 0.00 0.00 -0.00 0.00 0.00 -0.00 0.00 0.00 -0.00 0.00 0.00 -0.00 0.00 0.00 -0.00 0.00 0.00 -0.00 0.00 0.00 -0.00 0.00 0.00 -0.00 0.00 69.06 -37.95 134.56 -0.00 23.42 -0.00 -6.28 10.14 20.11 -1.35 12.81 32.73 0.00 0.00 -0.00 2.00 -0.02 0.61 -0.05 -0.29 8.55 -0.04 -0.15 4.31 0.00 0.00 -0.00 -0.00 0.00 1.62 -0.00 -0.00 16.38 -0.00 0.00 8.49 0.00 0.00 -0.00 -2.00 0.08 2.24 0.26 0.63 19.89 0.20 0.31 10.45 0.00 0.00 -0.00 -4.00 0.02 0.25 0.02 0.30 4.34 0.02 0.15 2.16 0.00 -0.00 0.00 0.00 -0.00 0.00 0.00 -0.00 0.00 0.00 -0.00 0.00 0.00 -0.00 0.00 0.00 -0.00 0.00 0.00 -0.00 0.00 0.00 -0.00 0.00 0.00 -0.00 0.00 0.00 -0.00 0.00 0.00 -0.00 0.00 0.00 -0.00 0.00 0.00 -0.00 0.00 0.00 -0.00 0.00 0.00 -0.00 0.00 0.00 -0.00 0.00 0.00 -0.00 0.00 0.00 -0.00 0.00 0.00 -0.00 0.00 0.00 -0.00 0.00 0.00 -0.00 0.00 0.00 -0.00 0.00 0.00 -0.00 0.00
-0.0000 0.0206 0.0000 0.00 -0.00 0.00 0.00 -0.00 0.00 0.00 -0.00 0.00 0.00 -0.00 0.00 0.00 -0.00 0.00 0.00 -0.00 0.00 0.00 -0.00 0.00 0.00 -0.00 0.00 0.00 -0.00 0.00 0.00 -0.00 0.00 0.00 -0.00 0.00 0.00 -0.00 0.00 0.00 -0.00 0.00 0.00 -0.00 0.00 0.00 -0.00 0.00 0.00 -0.00 0.00 0.00 -0.00 0.00 0.00 -0.00 0.00 69.06 -37.95 134.56 -0.00 23.42 -0.00 -6.28 10.14 20.11 -1.35 12.81 32.73 0.00 0.00 -0.00 2.00 -0.02 0.61 -0.05 -0.29 8.55 -0.04 -0.15 4.31 0.00 0.00 -0.00 -0.00 0.00 1.62 -0.00 -0.00 16.38 -0.00 0.00 8.49 0.00 0.00 -0.00 -2.00 0.08 2.24 0.26 0.63 19.89 0.20 0.31 10.45 0.00 0.00 -0.00 -4.00 0.02 0.25 0.02 0.30 4.34 0.02 0.15 2.16 0.00 -0.00 0.00 0.00 -0.00 0.00 0.00 -0.00 0.00 0.00 -0.00 0.00 0.00 -0.00 0.00 0.00 -0.00 0.00 0.00 -0.00 0.00 0.00 -0.00 0.00 0.00 -0.00 0.00 0.00 -0.00 0.00 0.00 -0.00 0.00 0.00 -0.00 0.00 0.00 -0.00 0.00 0.00 -0.00 0.00 0.00 -0.00 0.00 0.00 -0.00 0.00 0.00 -0.00 0.00 0.00 -0.00 0.00 0.00 -0.00 0.00 0.00 -0.00 0.00 0.00 -0.00 0.00 0.00 -0.00 0.00 0.00 -0.00 0.00
-0.0000 0.0208 0.0000 0.00 -0.00 0.00 0.00 -0.00 0.00 0.00 -0.00 0.00 0.00 -0.00 0.00 0.00 -0.00 0.00 0.00 -0.00 0.00 0.00 -0.00 0.00 0.00 -0.00 0.00 0.00 -0.00 0.00 0.00 -0.00 0.00 0.00 -0.00 0.00 0.00 -0.00 0.00 0.00 -0.00 0.00 0.00 -0.00 0.00 0.00 -0.00 0.00 0.00 -0.00 0.00 0.00 -0.00 0.00 0.00 -0.00 0.00 69.06 -37.95 134.56 -0.00 23.42 -0.00 -6.28 10.14 20.11 -1.35 12.81 32.73 0.00 0.00 -0.00 2.00 -0.02 0.61 -0.05 -0.29 8.55 -0.04 -0.15 4.31 0.00 0.00 -0.00 -0.00 0.00 1.62 -0.00 -0.00 16.38 -0.00 0.00 8.49 0.00 0.00 -0.00 -2.00 0.08 2.24 0.26 0.63 19.89 0.20 0.31 10.45 0.00 0.00 -0.00 -4.00 0.02 0.25 0.02 0.30 4.34 0.02 0.15 2.16 0.00 -0.00 0.00 0.00 -0.00 0.00 0.00 -0.00 0.00 0.00 -0.00 0.00 0.00 -0.00 0.00 0.00 -0.00 0.00 0.00 -0.00 0.00 0.00 -0.00 0.00 0.00 -0.00 0.00 0.00 -0.00 0.00 0.00 -0.00 0.00 0.00 -0.00 0.00 0.00 -0.00 0.00 0.00 -0.00 0.00 0.00 -0.00 0.00 0.00 -0.00 0.00 0.00 -0.00 0.00 0.00 -0.00 0.00 0.00 -0.00 0.00 0.00 -0.00 0.00 0.00 -0.00 0.00 0.00 -0.00 0.00 0.00 -0.00 0.00
-0.0000 0.0202 0.0000 0.00 -0.00 0.00 0.00 -0.00 0.00 0.00 -0.00 0.00 0.00 -0.00 0.00 0.00 -0.00 0.00 0.00 -0.00 0.00 0.00 -0.00 0.00 0.00 -0.00 0.00 0.00 -0.00 0.00 0.00 -0.00 0.00 0.00 -0.00 0.00 0.00 -0.00 0.00 0.00 -0.00 0.00 0.00 -0.00 0.00 0.00 -0.00 0.00 0.00 -0.00 0.00 0.00 -0.00 0.00 0.00 -0.00 0.00 69.06 -37.95 134.56 -0.00 23.42 -0.00 -6.28 10.14 20.11 -1.35 12.81 32.73 0.00 0.00 -0.00 2.00 -0.02 0.61 -0.05 -0.29 8.55 -0.04 -0.15 4.31 0.00 0.00 -0.00 -0.00 0.00 1.62 -0.00 -0.00 16.38 -0.00 0.00 8.49 0.00 0.00 -0.00 -2.00 0.08 2.24 0.26 0.63 19.89 0.20 0.31 10.45 0.00 0.00 -0.00 -4.00 0.02 0.25 0.02 0.30 4.34 0.02 0.15 2.16 0.00 -0.00 0.00 0.00 -0.00 0.00 0.00 -0.00 0.00 0.00 -0.00 0.00 0.00 -0.00 0.00 0.00 -0.00 0.00 0.00 -0.00 0.00 0.00 -0.00 0.00 0.00 -0.00 0.00 0.00 -0.00 0.00 0.00 -0.00 0.00 0.00 -0.00 0.00 0.00 -0.00 0.00 0.00 -0.00 0.00 0.00 -0.00 0.00 0.00 -0.00 0.00 0.00 -0.00 0.00 0.00 -0.00 0.00 0.00 -0.00 0.00 0.00 -0.00 0.00 0.00 -0.00 0.00 0.00 -0.00 0.00 0.00 -0.00 0.00
-0.0000 0.0210 0.0000 0.00 -0.00 0.00 0.00 -0.00 0.00 0.00 -0.00 0.00 0.00 -0.00 0.00 0.00 -0.00 0.00 0.00 -0.00 0.00 0.00 -0.00 0.00 0.00 -0.00 0.00 0.00 -0.00 0.00 0.00 -0.00 0.00 0.00 -0.00 0.00 0.00 -0.00 0.00 0.00 -0.00 0.00 0.00 -0.00 0.00 0.00 -0.00 0.00 0.00 -0.00 0.00 0.00 -0.00 0.00 0.00 -0.00 0.00 69.06 -37.95 134.56 -0.00 23.42 -0.00 -6.28 10.14 20.11 -1.35 12.81 32.73 0.00 0.00 -0.00 2.00 -0.02 0.61 -0.05 -0.29 8.55 -0.04 -0.15 4.31 0.00 0.00 -0.00 -0.00 0.00 1.62 -0.00 -0.00 16.38 -0.00 0.00 8.49 0.00 0.00 -0.00 -2.00 0.08 2.24 0.26 0.63 19.89 0.20 0.31 10.45 0.00 0.00 -0.00 -4.00 0.02 0.25 0.02 0.30 4.34 0.02 0.15 2.16 0.00 -0.00 0.00 0.00 -0.00 0.00 0.00 -0.00 0.00 0.00 -0.00 0.00 0.00 -0.00 0.00 0.00 -0.00 0.00 0.00 -0.00 0.00 0.00 -0.00 0.00 0.00 -0.00 0.00 0.00 -0.00 0.00 0.00 -0.00 0.00 0.00 -0.00 0.00 0.00 -0.00 0.00 0.00 -0.00 0.00 0.00 -0.00 0.00 0.00 -0.00 0.00 0.00 -0.00 0.00 0.00 -0.00 0.00 0.00 -0.00 0.00 0.00 -0.00 0.00 0.00 -0.00 0.00 0.00 -0.00 0.00 0.00 -0.00 0.00
-0.0000 0.0209 0.0000 0.00 -0.00 0.00 0.00 -0.00 0.00 0.00 -0.00 0.00 0.00 -0.00 0.00 0.00 -0.00 0.00 0.00 -0.00 0.00 0.00 -0.00 0.00 0.00 -0.00 0.00 0.00 -0.00 0.00 0.00 -0.00 0.00 0.00 -0.00 0.00 0.00 -0.00 0.00 0.00 -0.00 0.00 0.00 -0.00 0.00 0.00 -0.00 0.00 0.00 -0.00 0.00 0.00 -0.00 0.00 0.00 -0.00 0.00 69.06 -37.95 134.56 -0.00 23.42 -0.00 -6.28 10.14 20.11 -1.35 12.81 32.73 0.00 0.00 -0.00 2.00 -0.02 0.61 -0.05 -0.29 8.55 -0.04 -0.15 4.31 0.00 0.00 -0.00 -0.00 0.00 1.62 -0.00 -0.00 16.38 -0.00 0.00 8.49 0.00 0.00 -0.00 -2.00 0.08 2.24 0.26 0.63 19.89 0.20 0.31 10.45 0.00 0.00 -0.00 -4.00 0.02 0.25 0.02 0.30 4.34 0.02 0.15 2.16 0.00 -0.00 0.00 0.00 -0.00 0.00 0.00 -0.00 0.00 0.00 -0.00 0.00 0.00 -0.00 0.00 0.00 -0.00 0.00 0.00 -0.00 0.00 0.00 -0.00 0.00 0.00 -0.00 0.00 0.00 -0.00 0.00 0.00 -0.00 0.00 0.00 -0.00 0.00 0.00 -0.00 0.00 0.00 -0.00 0.00 0.00 -0.00 0.00 0.00 -0.00 0.00 0.00 -0.00 0.00 0.00 -0.00 0.00 0.00 -0.00 0.00 0.00 -0.00 0.00 0.00 -0.00 0.00 0.00 -0.00 0.00 0.00 -0.00 0.00
-0.0000 0.0213 0.0000 0.00 -0.00 0.00 0.00 -0.00 0.00 0.00 -0.00 0.00 0.00 -0.00 0.00 0.00 -0.00 0.00 0.00 -0.00 0.00 0.00 -0.00 0.00 0.00 -0.00 0.00 0.00 -0.00 0.00 0.00 -0.00 0.00 0.00 -0.00 0.00 0.00 -0.00 0.00 0.00 -0.00 0.00 0.00 -0.00 0.00 0.00 -0.00 0.00 0.00 -0.00 0.00 0.00 -0.00 0.00 0.00 -0.00 0.00 69.06 -37.95 134.56 -0.00 23.42 -0.00 -6.28 10.14 20.11 -1.35 12.81 32.73 0.00 0.00 -0.00 2.00 -0.02 0.61 -0.05 -0.29 8.55 -0.04 -0.15 4.31 0.00 0.00 -0.00 -0.00 0.00 1.62 -0.00 -0.00 16.38 -0.00 0.00 8.49 0.00 0.00 -0.00 -2.00 0.08 2.24 0.26 0.63 19.89 0.20 0.31 10.45 0.00 0.00 -0.00 -4.00 0.02 0.25 0.02 0.30 4.34 0.02 0.15 2.16 0.00 -0.00 0.00 0.00 -0.00 0.00 0.00 -0.00 0.00 0.00 -0.00 0.00 0.00 -0.00 0.00 0.00 -0.00 0.00 0.00 -0.00 0.00 0.00 -0.00 0.00 0.00 -0.00 0.00 0.00 -0.00 0.00 0.00 -0.00 0.00 0.00 -0.00 0.00 0.00 -0.00 0.00 0.00 -0.00 0.00 0.00 -0.00 0.00 0.00 -0.00 0.00 0.00 -0.00 0.00 0.00 -0.00 0.00 0.00 -0.00 0.00 0.00 -0.00 0.00 0.00 -0.00 0.00 0.00 -0.00 0.00 0.00 -0.00 0.00
-0.0000 0.0215 0.0000 0.00 -0.00 0.00 0.00 -0.00 0.00 0.00 -0.00 0.00 0.00 -0.00 0.00 0.00 -0.00 0.00 0.00 -0.00 0.00 0.00 -0.00 0.00 0.00 -0.00 0.00 0.00 -0.00 0.00 0.00 -0.00 0.00 0.00 -0.00 0.00 0.00 -0.00 0.00 0.00 -0.00 0.00 0.00 -0.00 0.00 0.00 -0.00 0.00 0.00 -0.00 0.00 0.00 -0.00 0.00 0.00 -0.00 0.00 69.06 -37.95 134.56 -0.00 23.42 -0.00 -6.28 10.14 20.11 -1.35 12.81 32.73 0.00 0.00 -0.00 2.00 -0.02 0.61 -0.05 -0.29 8.55 -0.04 -0.15 4.31 0.00 0.00 -0.00 -0.00 0.00 1.62 -0.00 -0.00 16.38 -0.00 0.00 8.49 0.00 0.00 -0.00 -2.00 0.08 2.24 0.26 0.63 19.89 0.20 0.31 10.45 0.00 0.00 -0.00 -4.00 0.02 0.25 0.02 0.30 4.34 0.02 0.15 2.16 0.00 -0.00 0.00 0.00 -0.00 0.00 0.00 -0.00 0.00 0.00 -0.00 0.00 0.00 -0.00 0.00 0.00 -0.00 0.00 0.00 -0.00 0.00 0.00 -0.00 0.00 0.00 -0.00 0.00 0.00 -0.00 0.00 0.00 -0.00 0.00 0.00 -0.00 0.00 0.00 -0.00 0.00 0.00 -0.00 0.00 0.00 -0.00 0.00 0.00 -0.00 0.00 0.00 -0.00 0.00 0.00 -0.00 0.00 0.00 -0.00 0.00 0.00 -0.00 0.00 0.00 -0.00 0.00 0.00 -0.00 0.00 0.00 -0.00 0.00
-0.0000 0.0211 0.0000 0.00 -0.00 0.00 0.00 -0.00 0.00 0.00 -0.00 0.00 0.00 -0.00 0.00 0.00 -0.00 0.00 0.00 -0.00 0.00 0.00 -0.00 0.00 0.00 -0.00 0.00 0.00 -0.00 0.00 0.00 -0.00 0.00 0.00 -0.00 0.00 0.00 -0.00 0.00 0.00 -0.00 0.00 0.00 -0.00 0.00 0.00 -0.00 0.00 0.00 -0.00 0.00 0.00 -0.00 0.00 0.00 -0.00 0.00 69.06 -37.95 134.56 -0.00 23.42 -0.00 -6.28 10.14 20.11 -1.35 12.81 32.73 0.00 0.00 -0.00 2.00 -0.02 0.61 -0.05 -0.29 8.55 -0.04 -0.15 4.31 0.00 0.00 -0.00 -0.00 0.00 1.62 -0.00 -0.00 16.38 -0.00 0.00 8.49 0.00 0.00 -0.00 -2.00 0.08 2.24 0.26 0.63 19.89 0.20 0.31 10.45 0.00 0.00 -0.00 -4.00 0.02 0.25 0.02 0.30 4.34 0.02 0.15 2.16 0.00 -0.00 0.00 0.00 -0.00 0.00 0.00 -0.00 0.00 0.00 -0.00 0.00 0.00 -0.00 0.00 0.00 -0.00 0.00 0.00 -0.00 0.00 0.00 -0.00 0.00 0.00 -0.00 0.00 0.00 -0.00 0.00 0.00 -0.00 0.00 0.00 -0.00 0.00 0.00 -0.00 0.00 0.00 -0.00 0.00 0.00 -0.00 0.00 0.00 -0.00 0.00 0.00 -0.00 0.00 0.00 -0.00 0.00 0.00 -0.00 0.00 0.00 -0.00 0.00 0.00 -0.00 0.00 0.00 -0.00 0.00 0.00 -0.00 0.00
-0.0000 0.0212 0.0000 0.00 -0.00 0.00 0.00 -0.00 0.00 0.00 -0.00 0.00 0.00 -0.00 0.00 0.00 -0.00 0.00 0.00 -0.00 0.00 0.00 -0.00 0.00 0.00 -0.00 0.00 0.00 -0.00 0.00 0.00 -0.00 0.00 0.00 -0.00 0.00 0.00 -0.00 0.00 0.00 -0.00 0.00 0.00 -0.00 0.00 0.00 -0.00 0.00 0.00 -0.00 0.00 0.00 -0.00 0.00 0.00 -0.00 0.00 69.06 -37.95 134.56 -0.00 23.42 -0.00 -6.28 10.14 20.11 -1.35 12.81 32.73 0.00 0.00 -0.00 2.00 -0.02 0.61 -0.05 -0.29 8.55 -0.04 -0.15 4.31 0.00 0.00 -0.00 -0.00 0.00 1.62 -0.00 -0.00 16.38 -0.00 0.00 8.49 0.00 0.00 -0.00 -2.00 0.08 2.24 0.26 0.63 19.89 0.20 0.31 10.45 0.00 0.00 -0.00 -4.00 0.02 0.25 0.02 0.30 4.34 0.02 0.15 2.16 0.00 -0.00 0.00 0.00 -0.00 0.00 0.00 -0.00 0.00 0.00 -0.00 0.00 0.00 -0.00 0.00 0.00 -0.00 0.00 0.00 -0.00 0.00 0.00 -0.00 0.00 0.00 -0.00 0.00 0.00 -0.00 0.00 0.00 -0.00 0.00 0.00 -0.00 0.00 0.00 -0.00 0.00 0.00 -0.00 0.00 0.00 -0.00 0.00 0.00 -0.00 0.00 0.00 -0.00 0.00 0.00 -0.00 0.00 0.00 -0.00 0.00 0.00 -0.00 0.00 0.00 -0.00 0.00 0.00 -0.00 0.00 0.00 -0.00 0.00
-0.0000 0.0217 0.0000 0.00 -0.00 0.00 0.00 -0.00 0.00 0.00 -0.00 0.00 0.00 -0.00 0.00 0.00 -0.00 0.00 0.00 -0.00 0.00 0.00 -0.00 0.00 0.00 -0.00 0.00 0.00 -0.00 0.00 0.00 -0.00 0.00 0.00 -0.00 0.00 0.00 -0.00 0.00 0.00 -0.00 0.00 0.00 -0.00 0.00 0.00 -0.00 0.00 0.00 -0.00 0.00 0.00 -0.00 0.00 0.00 -0.00 0.00 69.06 -37.95 134.56 -0.00 23.42 -0.00 -6.28 10.14 20.11 -1.35 12.81 32.73 0.00 0.00 -0.00 2.00 -0.02 0.61 -0.05 -0.29 8.55 -0.04 -0.15 4.31 0.00 0.00 -0.00 -0.00 0.00 1.62 -0.00 -0.00 16.38 -0.00 0.00 8.49 0.00 0.00 -0.00 -2.00 0.08 2.24 0.26 0.63 19.89 0.20 0.31 10.45 0.00 0.00 -0.00 -4.00 0.02 0.25 0.02 0.30 4.34 0.02 0.15 2.16 0.00 -0.00 0.00 0.00 -0.00 0.00 0.00 -0.00 0.00 0.00 -0.00 0.00 0.00 -0.00 0.00 0.00 -0.00 0.00 0.00 -0.00 0.00 0.00 -0.00 0.00 0.00 -0.00 0.00 0.00 -0.00 0.00 0.00 -0.00 0.00 0.00 -0.00 0.00 0.00 -0.00 0.00 0.00 -0.00 0.00 0.00 -0.00 0.00 0.00 -0.00 0.00 0.00 -0.00 0.00 0.00 -0.00 0.00 0.00 -0.00 0.00 0.00 -0.00 0.00 0.00 -0.00 0.00 0.00 -0.00 0.00 0.00 -0.00 0.00
-0.0000 0.0215 0.0000 0.00 -0.00 0.00 0.00 -0.00 0.00 0.00 -0.00 0.00 0.00 -0.00 0.00 0.00 -0.00 0.00 0.00 -0.00 0.00 0.00 -0.00 0.00 0.00 -0.00 0.00 0.00 -0.00 0.00 0.00 -0.00 0.00 0.00 -0.00 0.00 0.00 -0.00 0.00 0.00 -0.00 0.00 0.00 -0.00 0.00 0.00 -0.00 0.00 0.00 -0.00 0.00 0.00 -0.00 0.00 0.00 -0.00 0.00 69.06 -37.95 134.56 -0.00 23.42 -0.00 -6.28 10.14 20.11 -1.35 12.81 32.73 0.00 0.00 -0.00 2.00 -0.02 0.61 -0.05 -0.29 8.55 -0.04 -0.15 4.31 0.00 0.00 -0.00 -0.00 0.00 1.62 -0.00 -0.00 16.38 -0.00 0.00 8.49 0.00 0.00 -0.00 -2.00 0.08 2.24 0.26 0.63 19.89 0.20 0.31 10.45 0.00 0.00 -0.00 -4.00 0.02 0.25 0.02 0.30 4.34 0.02 0.15 2.16 0.00 -0.00 0.00 0.00 -0.00 0.00 0.00 -0.00 0.00 0.00 -0.00 0.00 0.00 -0.00 0.00 0.00 -0.00 0.00 0.00 -0.00 0.00 0.00 -0.00 0.00 0.00 -0.00 0.00 0.00 -0.00 0.00 0.00 -0.00 0.00 0.00 -0.00 0.00 0.00 -0.00 0.00 0.00 -0.00 0.00 0.00 -0.00 0.00 0.00 -0.00 0.00 0.00 -0.00 0.00 0.00 -0.00 0.00 0.00 -0.00 0.00 0.00 -0.00 0.00 0.00 -0.00 0.00 0.00 -0.00 0.00 0.00 -0.00 0.00
-0.0000 0.0214 0.0000 0.00 -0.00 0.00 0.00 -0.00 0.00 0.00 -0.00 0.00 0.00 -0.00 0.00 0.00 -0.00 0.00 0.00 -0.00 0.00 0.00 -0.00 0.00 0.00 -0.00 0.00 0.00 -0.00 0.00 0.00 -0.00 0.00 0.00 -0.00 0.00 0.00 -0.00 0.00 0.00 -0.00 0.00 0.00 -0.00 0.00 0.00 -0.00 0.00 0.00 -0.00 0.00 0.00 -0.00 0.00 0.00 -0.00 0.00 69.06 -37.95 134.56 -0.00 23.42 -0.00 -6.28 10.14 20.11 -1.35 12.81 32.73 0.00 0.00 -0.00 2.00 -0.02 0.61 -0.05 -0.29 8.55 -0.04 -0.15 4.31 0.00 0.00 -0.00 -0.00 0.00 1.62 -0.00 -0.00 16.38 -0.00 0.00 8.49 0.00 0.00 -0.00 -2.00 0.08 2.24 0.26 0.63 19.89 0.20 0.31 10.45 0.00 0.00 -0.00 -4.00 0.02 0.25 0.02 0.30 4.34 0.02 0.15 2.16 0.00 -0.00 0.00 0.00 -0.00 0.00 0.00 -0.00 0.00 0.00 -0.00 0.00 0.00 -0.00 0.00 0.00 -0.00 0.00 0.00 -0.00 0.00 0.00 -0.00 0.00 0.00 -0.00 0.00 0.00 -0.00 0.00 0.00 -0.00 0.00 0.00 -0.00 0.00 0.00 -0.00 0.00 0.00 -0.00 0.00 0.00 -0.00 0.00 0.00 -0.00 0.00 0.00 -0.00 0.00 0.00 -0.00 0.00 0.00 -0.00 0.00 0.00 -0.00 0.00 0.00 -0.00 0.00 0.00 -0.00 0.00 0.00 -0.00 0.00
-0.0000 0.0214 0.0000 0.00 -0.00 0.00 0.00 -0.00 0.00 0.00 -0.00 0.00 0.00 -0.00 0.00 0.00 -0.00 0.00 0.00 -0.00 0.00 0.00 -0.00 0.00 0.00 -0.00 0.00 0.00 -0.00 0.00 0.00 -0.00 0.00 0.00 -0.00 0.00 0.00 -0.00 0.00 0.00 -0.00 0.00 0.00 -0.00 0.00 0.00 -0.00 0.00 0.00 -0.00 0.00 0.00 -0.00 0.00 0.00 -0.00 0.00 69.06 -37.95 134.56 -0.00 23.42 -0.00 -6.28 10.14 20.11 -1.35 12.81 32.73 0.00 0.00 -0.00 2.00 -0.02 0.61 -0.05 -0.29 8.55 -0.04 -0.15 4.31 0.00 0.00 -0.00 -0.00 0.00 1.62 -0.00 -0.00 16.38 -0.00 0.00 8.49 0.00 0.00 -0.00 -2.00 0.08 2.24 0.26 0.63 19.89 0.20 0.31 10.45 0.00 0.00 -0.00 -4.00 0.02 0.25 0.02 0.30 4.34 0.02 0.15 2.16 0.00 -0.00 0.00 0.00 -0.00 0.00 0.00 -0.00 0.00 0.00 -0.00 0.00 0.00 -0.00 0.00 0.00 -0.00 0.00 0.00 -0.00 0.00 0.00 -0.00 0.00 0.00 -0.00 0.00 0.00 -0.00 0.00 0.00 -0.00 0.00 0.00 -0.00 0.00 0.00 -0.00 0.00 0.00 -0.00 0.00 0.00 -0.00 0.00 0.00 -0.00 0.00 0.00 -0.00 0.00 0.00 -0.00 0.00 0.00 -0.00 0.00 0.00 -0.00 0.00 0.00 -0.00 0.00 0.00 -0.00 0.00 0.00 -0.00 0.00
-0.0000 0.0198 0.0000 0.00 -0.00 0.00 0.00 -0.00 0.00 0.00 -0.00 0.00 0.00 -0.00 0.00 0.00 -0.00 0.00 0.00 -0.00 0.00 0.00 -0.00 0.00 0.00 -0.00 0.00 0.00 -0.00 0.00 0.00 -0.00 0.00 0.00 -0.00 0.00 0.00 -0.00 0.00 0.00 -0.00 0.00 0.00 -0.00 0.00 0.00 -0.00 0.00 0.00 -0.00 0.00 0.00 -0.00 0.00 0.00 -0.00 0.00 69.06 -37.95 134.56 -0.00 23.42 -0.00 -6.28 10.14 20.11 -1.35 12.81 32.73 0.00 0.00 -0.00 2.00 -0.02 0.61 -0.05 -0.29 8.55 -0.04 -0.15 4.31 0.00 0.00 -0.00 -0.00 0.00 1.62 -0.00 -0.00 16.38 -0.00 0.00 8.49 0.00 0.00 -0.00 -2.00 0.08 2.24 0.26 0.63 19.89 0.20 0.31 10.45 0.00 0.00 -0.00 -4.00 0.02 0.25 0.02 0.30 4.34 0.02 0.15 2.16 0.00 -0.00 0.00 0.00 -0.00 0.00 0.00 -0.00 0.00 0.00 -0.00 0.00 0.00 -0.00 0.00 0.00 -0.00 0.00 0.00 -0.00 0.00 0.00 -0.00 0.00 0.00 -0.00 0.00 0.00 -0.00 0.00 0.00 -0.00 0.00 0.00 -0.00 0.00 0.00 -0.00 0.00 0.00 -0.00 0.00 0.00 -0.00 0.00 0.00 -0.00 0.00 0.00 -0.00 0.00 0.00 -0.00 0.00 0.00 -0.00 0.00 0.00 -0.00 0.00 0.00 -0.00 0.00 0.00 -0.00 0.00 0.00 -0.00 0.00
-0.0000 0.0199 0.0000 0.00 -0.00 0.00 0.00 -0.00 0.00 0.00 -0.00 0.00 0.00 -0.00 0.00 0.00 -0.00 0.00 0.00 -0.00 0.00 0.00 -0.00 0.00 0.00 -0.00 0.00 0.00 -0.00 0.00 0.00 -0.00 0.00 0.00 -0.00 0.00 0.00 -0.00 0.00 0.00 -0.00 0.00 0.00 -0.00 0.00 0.00 -0.00 0.00 0.00 -0.00 0.00 0.00 -0.00 0.00 0.00 -0.00 0.00 69.06 -37.95 134.56 -0.00 23.42 -0.00 -6.28 10.14 20.11 -1.35 12.81 32.73 0.00 0.00 -0.00 2.00 -0.02 0.61 -0.05 -0.29 8.55 -0.04 -0.15 4.31 0.00 0.00 -0.00 -0.00 0.00 1.62 -0.00 -0.00 16.38 -0.00 0.00 8.49 0.00 0.00 -0.00 -2.00 0.08 2.24 0.26 0.63 19.89 0.20 0.31 10.45 0.00 0.00 -0.00 -4.00 0.02 0.25 0.02 0.30 4.34 0.02 0.15 2.16 0.00 -0.00 0.00 0.00 -0.00 0.00 0.00 -0.00 0.00 0.00 -0.00 0.00 0.00 -0.00 0.00 0.00 -0.00 0.00 0.00 -0.00 0.00 0.00 -0.00 0.00 0.00 -0.00 0.00 0.00 -0.00 0.00 0.00 -0.00 0.00 0.00 -0.00 0.00 0.00 -0.00 0.00 0.00 -0.00 0.00 0.00 -0.00 0.00 0.00 -0.00 0.00 0.00 -0.00 0.00 0.00 -0.00 0.00 0.00 -0.00 0.00 0.00 -0.00 0.00 0.00 -0.00 0.00 0.00 -0.00 0.00 0.00 -0.00 0.00
-0.0000 0.0208 0.0000 0.00 -0.00 0.00 0.00 -0.00 0.00 0.00 -0.00 0.00 0.00 -0.00 0.00 0.00 -0.00 0.00 0.00 -0.00 0.00 0.00 -0.00 0.00 0.00 -0.00 0.00 0.00 -0.00 0.00 0.00 -0.00 0.00 0.00 -0.00 0.00 0.00 -0.00 0.00 0.00 -0.00 0.00 0.00 -0.00 0.00 0.00 -0.00 0.00 0.00 -0.00 0.00 0.00 -0.00 0.00 0.00 -0.00 0.00 69.06 -37.95 134.56 -0.00 23.42 -0.00 -6.28 10.14 20.11 -1.35 12.81 32.73 0.00 0.00 -0.00 2.00 -0.02 0.61 -0.05 -0.29 8.55 -0.04 -0.15 4.31 0.00 0.00 -0.00 -0.00 0.00 1.62 -0.00 -0.00 16.38 -0.00 0.00 8.49 0.00 0.00 -0.00 -2.00 0.08 2.24 0.26 0.63 19.89 0.20 0.31 10.45 0.00 0.00 -0.00 -4.00 0.02 0.25 0.02 0.30 4.34 0.02 0.15 2.16 0.00 -0.00 0.00 0.00 -0.00 0.00 0.00 -0.00 0.00 0.00 -0.00 0.00 0.00 -0.00 0.00 0.00 -0.00 0.00 0.00 -0.00 0.00 0.00 -0.00 0.00 0.00 -0.00 0.00 0.00 -0.00 0.00 0.00 -0.00 0.00 0.00 -0.00 0.00 0.00 -0.00 0.00 0.00 -0.00 0.00 0.00 -0.00 0.00 0.00 -0.00 0.00 0.00 -0.00 0.00 0.00 -0.00 0.00 0.00 -0.00 0.00 0.00 -0.00 0.00 0.00 -0.00 0.00 0.00 -0.00 0.00 0.00 -0.00 0.00
-0.0000 0.0212 0.0000 0.00 -0.00 0.00 0.00 -0.00 0.00 0.00 -0.00 0.00 0.00 -0.00 0.00 0.00 -0.00 0.00 0.00 -0.00 0.00 0.00 -0.00 0.00 0.00 -0.00 0.00 0.00 -0.00 0.00 0.00 -0.00 0.00 0.00 -0.00 0.00 0.00 -0.00 0.00 0.00 -0.00 0.00 0.00 -0.00 0.00 0.00 -0.00 0.00 0.00 -0.00 0.00 0.00 -0.00 0.00 0.00 -0.00 0.00 69.06 -37.95 134.56 -0.00 23.42 -0.00 -6.28 10.14 20.11 -1.35 12.81 32.73 0.00 0.00 -0.00 2.00 -0.02 0.61 -0.05 -0.29 8.55 -0.04 -0.15 4.31 0.00 0.00 -0.00 -0.00 0.00 1.62 -0.00 -0.00 16.38 -0.00 0.00 8.49 0.00 0.00 -0.00 -2.00 0.08 2.24 0.26 0.63 19.89 0.20 0.31 10.45 0.00 0.00 -0.00 -4.00 0.02 0.25 0.02 0.30 4.34 0.02 0.15 2.16 0.00 -0.00 0.00 0.00 -0.00 0.00 0.00 -0.00 0.00 0.00 -0.00 0.00 0.00 -0.00 0.00 0.00 -0.00 0.00 0.00 -0.00 0.00 0.00 -0.00 0.00 0.00 -0.00 0.00 0.00 -0.00 0.00 0.00 -0.00 0.00 0.00 -0.00 0.00 0.00 -0.00 0.00 0.00 -0.00 0.00 0.00 -0.00 0.00 0.00 -0.00 0.00 0.00 -0.00 0.00 0.00 -0.00 0.00 0.00 -0.00 0.00 0.00 -0.00 0.00 0.00 -0.00 0.00 0.00 -0.00 0.00 0.00 -0.00 0.00
-0.0000 0.0209 0.0000 0.00 -0.00 0.00 0.00 -0.00 0.00 0.00 -0.00 0.00 0.00 -0.00 0.00 0.00 -0.00 0.00 0.00 -0.00 0.00 0.00 -0.00 0.00 0.00 -0.00 0.00 0.00 -0.00 0.00 0.00 -0.00 0.00 0.00 -0.00 0.00 0.00 -0.00 0.00 0.00 -0.00 0.00 0.00 -0.00 0.00 0.00 -0.00 0.00 0.00 -0.00 0.00 0.00 -0.00 0.00 0.00 -0.00 0.00 69.06 -37.95 134.56 -0.00 23.42 -0.00 -6.28 10.14 20.11 -1.35 12.81 32.73 0.00 0.00 -0.00 2.00 -0.02 0.61 -0.05 -0.29 8.55 -0.04 -0.15 4.31 0.00 0.00 -0.00 -0.00 0.00 1.62 -0.00 -0.00 16.38 -0.00 0.00 8.49 0.00 0.00 -0.00 -2.00 0.08 2.24 0.26 0.63 19.89 0.20 0.31 10.45 0.00 0.00 -0.00 -4.00 0.02 0.25 0.02 0.30 4.34 0.02 0.15 2.16 0.00 -0.00 0.00 0.00 -0.00 0.00 0.00 -0.00 0.00 0.00 -0.00 0.00 0.00 -0.00 0.00 0.00 -0.00 0.00 0.00 -0.00 0.00 0.00 -0.00 0.00 0.00 -0.00 0.00 0.00 -0.00 0.00 0.00 -0.00 0.00 0.00 -0.00 0.00 0.00 -0.00 0.00 0.00 -0.00 0.00 0.00 -0.00 0.00 0.00 -0.00 0.00 0.00 -0.00 0.00 0.00 -0.00 0.00 0.00 -0.00 0.00 0.00 -0.00 0.00 0.00 -0.00 0.00 0.00 -0.00 0.00 0.00 -0.00 0.00
-0.0000 0.0206 0.0000 0.00 -0.00 0.00 0.00 -0.00 0.00 0.00 -0.00 0.00 0.00 -0.00 0.00 0.00 -0.00 0.00 0.00 -0.00 0.00 0.00 -0.00 0.00 0.00 -0.00 0.00 0.00 -0.00 0.00 0.00 -0.00 0.00 0.00 -0.00 0.00 0.00 -0.00 0.00 0.00 -0.00 0.00 0.00 -0.00 0.00 0.00 -0.00 0.00 0.00 -0.00 0.00 0.00 -0.00 0.00 0.00 -0.00 0.00 69.06 -37.95 134.56 -0.00 23.42 -0.00 -6.28 10.14 20.11 -1.35 12.81 32.73 0.00 0.00 -0.00 2.00 -0.02 0.61 -0.05 -0.29 8.55 -0.04 -0.15 4.31 0.00 0.00 -0.00 -0.00 0.00 1.62 -0.00 -0.00 16.38 -0.00 0.00 8.49 0.00 0.00 -0.00 -2.00 0.08 2.24 0.26 0.63 19.89 0.20 0.31 10.45 0.00 0.00 -0.00 -4.00 0.02 0.25 0.02 0.30 4.34 0.02 0.15 2.16 0.00 -0.00 0.00 0.00 -0.00 0.00 0.00 -0.00 0.00 0.00 -0.00 0.00 0.00 -0.00 0.00 0.00 -0.00 0.00 0.00 -0.00 0.00 0.00 -0.00 0.00 0.00 -0.00 0.00 0.00 -0.00 0.00 0.00 -0.00 0.00 0.00 -0.00 0.00 0.00 -0.00 0.00 0.00 -0.00 0.00 0.00 -0.00 0.00 0.00 -0.00 0.00 0.00 -0.00 0.00 0.00 -0.00 0.00 0.00 -0.00 0.00 0.00 -0.00 0.00 0.00 -0.00 0.00 0.00 -0.00 0.00 0.00 -0.00 0.00
-0.0000 0.0201 0.0000 0.00 -0.00 0.00 0.00 -0.00 0.00 0.00 -0.00 0.00 0.00 -0.00 0.00 0.00 -0.00 0.00 0.00 -0.00 0.00 0.00 -0.00 0.00 0.00 -0.00 0.00 0.00 -0.00 0.00 0.00 -0.00 0.00 0.00 -0.00 0.00 0.00 -0.00 0.00 0.00 -0.00 0.00 0.00 -0.00 0.00 0.00 -0.00 0.00 0.00 -0.00 0.00 0.00 -0.00 0.00 0.00 -0.00 0.00 69.06 -37.95 134.56 -0.00 23.42 -0.00 -6.28 10.14 20.11 -1.35 12.81 32.73 0.00 0.00 -0.00 2.00 -0.02 0.61 -0.05 -0.29 8.55 -0.04 -0.15 4.31 0.00 0.00 -0.00 -0.00 0.00 1.62 -0.00 -0.00 16.38 -0.00 0.00 8.49 0.00 0.00 -0.00 -2.00 0.08 2.24 0.26 0.63 19.89 0.20 0.31 10.45 0.00 0.00 -0.00 -4.00 0.02 0.25 0.02 0.30 4.34 0.02 0.15 2.16 0.00 -0.00 0.00 0.00 -0.00 0.00 0.00 -0.00 0.00 0.00 -0.00 0.00 0.00 -0.00 0.00 0.00 -0.00 0.00 0.00 -0.00 0.00 0.00 -0.00 0.00 0.00 -0.00 0.00 0.00 -0.00 0.00 0.00 -0.00 0.00 0.00 -0.00 0.00 0.00 -0.00 0.00 0.00 -0.00 0.00 0.00 -0.00 0.00 0.00 -0.00 0.00 0.00 -0.00 0.00 0.00 -0.00 0.00 0.00 -0.00 0.00 0.00 -0.00 0.00 0.00 -0.00 0.00 0.00 -0.00 0.00 0.00 -0.00 0.00
-0.0000 0.0207 0.0000 0.00 -0.00 0.00 0.00 -0.00 0.00 0.00 -0.00 0.00 0.00 -0.00 0.00 0.00 -0.00 0.00 0.00 -0.00 0.00 0.00 -0.00 0.00 0.00 -0.00 0.00 0.00 -0.00 0.00 0.00 -0.00 0.00 0.00 -0.00 0.00 0.00 -0.00 0.00 0.00 -0.00 0.00 0.00 -0.00 0.00 0.00 -0.00 0.00 0.00 -0.00 0.00 0.00 -0.00 0.00 0.00 -0.00 0.00 69.06 -37.95 134.56 -0.00 23.42 -0.00 -6.28 10.14 20.11 -1.35 12.81 32.73 0.00 0.00 -0.00 2.00 -0.02 0.61 -0.05 -0.29 8.55 -0.04 -0.15 4.31 0.00 0.00 -0.00 -0.00 0.00 1.62 -0.00 -0.00 16.38 -0.00 0.00 8.49 0.00 0.00 -0.00 -2.00 0.08 2.24 0.26 0.63 19.89 0.20 0.31 10.45 0.00 0.00 -0.00 -4.00 0.02 0.25 0.02 0.30 4.34 0.02 0.15 2.16 0.00 -0.00 0.00 0.00 -0.00 0.00 0.00 -0.00 0.00 0.00 -0.00 0.00 0.00 -0.00 0.00 0.00 -0.00 0.00 0.00 -0.00 0.00 0.00 -0.00 0.00 0.00 -0.00 0.00 0.00 -0.00 0.00 0.00 -0.00 0.00 0.00 -0.00 0.00 0.00 -0.00 0.00 0.00 -0.00 0.00 0.00 -0.00 0.00 0.00 -0.00 0.00 0.00 -0.00 0.00 0.00 -0.00 0.00 0.00 -0.00 0.00 0.00 -0.00 0.00 0.00 -0.00 0.00 0.00 -0.00 0.00 0.00 -0.00 0.00
-0.0000 0.0214 0.0000 0.00 -0.00 0.00 0.00 -0.00 0.00 0.00 -0.00 0.00 0.00 -0.00 0.00 0.00 -0.00 0.00 0.00 -0.00 0.00 0.00 -0.00 0.00 0.00 -0.00 0.00 0.00 -0.00 0.00 0.00 -0.00 0.00 0.00 -0.00 0.00 0.00 -0.00 0.00 0.00 -0.00 0.00 0.00 -0.00 0.00 0.00 -0.00 0.00 0.00 -0.00 0.00 0.00 -0.00 0.00 0.00 -0.00 0.00 69.06 -37.95 134.56 -0.00 23.42 -0.00 -6.28 10.14 20.11 -1.35 12.81 32.73 0.00 0.00 -0.00 2.00 -0.02 0.61 -0.05 -0.29 8.55 -0.04 -0.15 4.31 0.00 0.00 -0.00 -0.00 0.00 1.62 -0.00 -0.00 16.38 -0.00 0.00 8.49 0.00 0.00 -0.00 -2.00 0.08 2.24 0.26 0.63 19.89 0.20 0.31 10.45 0.00 0.00 -0.00 -4.00 0.02 0.25 0.02 0.30 4.34 0.02 0.15 2.16 0.00 -0.00 0.00 0.00 -0.00 0.00 0.00 -0.00 0.00 0.00 -0.00 0.00 0.00 -0.00 0.00 0.00 -0.00 0.00 0.00 -0.00 0.00 0.00 -0.00 0.00 0.00 -0.00 0.00 0.00 -0.00 0.00 0.00 -0.00 0.00 0.00 -0.00 0.00 0.00 -0.00 0.00 0.00 -0.00 0.00 0.00 -0.00 0.00 0.00 -0.00 0.00 0.00 -0.00 0.00 0.00 -0.00 0.00 0.00 -0.00 0.00 0.00 -0.00 0.00 0.00 -0.00 0.00 0.00 -0.00 0.00 0.00 -0.00 0.00
-0.0000 0.0212 0.0000 0.00 -0.00 0.00 0.00 -0.00 0.00 0.00 -0.00 0.00 0.00 -0.00 0.00 0.00 -0.00 0.00 0.00 -0.00 0.00 0.00 -0.00 0.00 0.00 -0.00 0.00 0.00 -0.00 0.00 0.00 -0.00 0.00 0.00 -0.00 0.00 0.00 -0.00 0.00 0.00 -0.00 0.00 0.00 -0.00 0.00 0.00 -0.00 0.00 0.00 -0.00 0.00 0.00 -0.00 0.00 0.00 -0.00 0.00 69.06 -37.95 134.56 -0.00 23.42 -0.00 -6.28 10.14 20.11 -1.35 12.81 32.73 0.00 0.00 -0.00 2.00 -0.02 0.61 -0.05 -0.29 8.55 -0.04 -0.15 4.31 0.00 0.00 -0.00 -0.00 0.00 1.62 -0.00 -0.00 16.38 -0.00 0.00 8.49 0.00 0.00 -0.00 -2.00 0.08 2.24 0.26 0.63 19.89 0.20 0.31 10.45 0.00 0.00 -0.00 -4.00 0.02 0.25 0.02 0.30 4.34 0.02 0.15 2.16 0.00 -0.00 0.00 0.00 -0.00 0.00 0.00 -0.00 0.00 0.00 -0.00 0.00 0.00 -0.00 0.00 0.00 -0.00 0.00 0.00 -0.00 0.00 0.00 -0.00 0.00 0.00 -0.00 0.00 0.00 -0.00 0.00 0.00 -0.00 0.00 0.00 -0.00 0.00 0.00 -0.00 0.00 0.00 -0.00 0.00 0.00 -0.00 0.00 0.00 -0.00 0.00 0.00 -0.00 0.00 0.00 -0.00 0.00 0.00 -0.00 0.00 0.00 -0.00 0.00 0.00 -0.00 0.00 0.00 -0.00 0.00 0.00 -0.00 0.00
-0.0000 0.0215 0.0000 0.00 -0.00 0.00 0.00 -0.00 0.00 0.00 -0.00 0.00 0.00 -0.00 0.00 0.00 -0.00 0.00 0.00 -0.00 0.00 0.00 -0.00 0.00 0.00 -0.00 0.00 0.00 -0.00 0.00 0.00 -0.00 0.00 0.00 -0.00 0.00 0.00 -0.00 0.00 0.00 -0.00 0.00 0.00 -0.00 0.00 0.00 -0.00 0.00 0.00 -0.00 0.00 0.00 -0.00 0.00 0.00 -0.00 0.00 69.06 -37.95 134.56 -0.00 23.42 -0.00 -6.28 10.14 20.11 -1.35 12.81 32.73 0.00 0.00 -0.00 2.00 -0.02 0.61 -0.05 -0.29 8.55 -0.04 -0.15 4.31 0.00 0.00 -0.00 -0.00 0.00 1.62 -0.00 -0.00 16.38 -0.00 0.00 8.49 0.00 0.00 -0.00 -2.00 0.08 2.24 0.26 0.63 19.89 0.20 0.31 10.45 0.00 0.00 -0.00 -4.00 0.02 0.25 0.02 0.30 4.34 0.02 0.15 2.16 0.00 -0.00 0.00 0.00 -0.00 0.00 0.00 -0.00 0.00 0.00 -0.00 0.00 0.00 -0.00 0.00 0.00 -0.00 0.00 0.00 -0.00 0.00 0.00 -0.00 0.00 0.00 -0.00 0.00 0.00 -0.00 0.00 0.00 -0.00 0.00 0.00 -0.00 0.00 0.00 -0.00 0.00 0.00 -0.00 0.00 0.00 -0.00 0.00 0.00 -0.00 0.00 0.00 -0.00 0.00 0.00 -0.00 0.00 0.00 -0.00 0.00 0.00 -0.00 0.00 0.00 -0.00 0.00 0.00 -0.00 0.00 0.00 -0.00 0.00
-0.0000 0.0217 0.0000 0.00 -0.00 0.00 0.00 -0.00 0.00 0.00 -0.00 0.00 0.00 -0.00 0.00 0.00 -0.00 0.00 0.00 -0.00 0.00 0.00 -0.00 0.00 0.00 -0.00 0.00 0.00 -0.00 0.00 0.00 -0.00 0.00 0.00 -0.00 0.00 0.00 -0.00 0.00 0.00 -0.00 0.00 0.00 -0.00 0.00 0.00 -0.00 0.00 0.00 -0.00 0.00 0.00 -0.00 0.00 0.00 -0.00 0.00 69.06 -37.95 134.56 -0.00 23.42 -0.00 -6.28 10.14 20.11 -1.35 12.81 32.73 0.00 0.00 -0.00 2.00 -0.02 0.61 -0.05 -0.29 8.55 -0.04 -0.15 4.31 0.00 0.00 -0.00 -0.00 0.00 1.62 -0.00 -0.00 16.38 -0.00 0.00 8.49 0.00 0.00 -0.00 -2.00 0.08 2.24 0.26 0.63 19.89 0.20 0.31 10.45 0.00 0.00 -0.00 -4.00 0.02 0.25 0.02 0.30 4.34 0.02 0.15 2.16 0.00 -0.00 0.00 0.00 -0.00 0.00 0.00 -0.00 0.00 0.00 -0.00 0.00 0.00 -0.00 0.00 0.00 -0.00 0.00 0.00 -0.00 0.00 0.00 -0.00 0.00 0.00 -0.00 0.00 0.00 -0.00 0.00 0.00 -0.00 0.00 0.00 -0.00 0.00 0.00 -0.00 0.00 0.00 -0.00 0.00 0.00 -0.00 0.00 0.00 -0.00 0.00 0.00 -0.00 0.00 0.00 -0.00 0.00 0.00 -0.00 0.00 0.00 -0.00 0.00 0.00 -0.00 0.00 0.00 -0.00 0.00 0.00 -0.00 0.00
-0.0000 0.0213 0.0000 0.00 -0.00 0.00 0.00 -0.00 0.00 0.00 -0.00 0.00 0.00 -0.00 0.00 0.00 -0.00 0.00 0.00 -0.00 0.00 0.00 -0.00 0.00 0.00 -0.00 0.00 0.00 -0.00 0.00 0.00 -0.00 0.00 0.00 -0.00 0.00 0.00 -0.00 0.00 0.00 -0.00 0.00 0.00 -0.00 0.00 0.00 -0.00 0.00 0.00 -0.00 0.00 0.00 -0.00 0.00 0.00 -0.00 0.00 69.06 -37.95 134.56 -0.00 23.42 -0.00 -6.28 10.14 20.11 -1.35 12.81 32.73 0.00 0.00 -0.00 2.00 -0.02 0.61 -0.05 -0.29 8.55 -0.04 -0.15 4.31 0.00 0.00 -0.00 -0.00 0.00 1.62 -0.00 -0.00 16.38 -0.00 0.00 8.49 0.00 0.00 -0.00 -2.00 0.08 2.24 0.26 0.63 19.89 0.20 0.31 10.45 0.00 0.00 -0.00 -4.00 0.02 0.25 0.02 0.30 4.34 0.02 0.15 2.16 0.00 -0.00 0.00 0.00 -0.00 0.00 0.00 -0.00 0.00 0.00 -0.00 0.00 0.00 -0.00 0.00 0.00 -0.00 0.00 0.00 -0.00 0.00 0.00 -0.00 0.00 0.00 -0.00 0.00 0.00 -0.00 0.00 0.00 -0.00 0.00 0.00 -0.00 0.00 0.00 -0.00 0.00 0.00 -0.00 0.00 0.00 -0.00 0.00 0.00 -0.00 0.00 0.00 -0.00 0.00 0.00 -0.00 0.00 0.00 -0.00 0.00 0.00 -0.00 0.00 0.00 -0.00 0.00 0.00 -0.00 0.00 0.00 -0.00 0.00
-0.0000 0.0216 0.0000 0.00 -0.00 0.00 0.00 -0.00 0.00 0.00 -0.00 0.00 0.00 -0.00 0.00 0.00 -0.00 0.00 0.00 -0.00 0.00 0.00 -0.00 0.00 0.00 -0.00 0.00 0.00 -0.00 0.00 0.00 -0.00 0.00 0.00 -0.00 0.00 0.00 -0.00 0.00 0.00 -0.00 0.00 0.00 -0.00 0.00 0.00 -0.00 0.00 0.00 -0.00 0.00 0.00 -0.00 0.00 0.00 -0.00 0.00 69.06 -37.95 134.56 -0.00 23.42 -0.00 -6.28 10.14 20.11 -1.35 12.81 32.73 0.00 0.00 -0.00 2.00 -0.02 0.61 -0.05 -0.29 8.55 -0.04 -0.15 4.31 0.00 0.00 -0.00 -0.00 0.00 1.62 -0.00 -0.00 16.38 -0.00 0.00 8.49 0.00 0.00 -0.00 -2.00 0.08 2.24 0.26 0.63 19.89 0.20 0.31 10.45 0.00 0.00 -0.00 -4.00 0.02 0.25 0.02 0.30 4.34 0.02 0.15 2.16 0.00 -0.00 0.00 0.00 -0.00 0.00 0.00 -0.00 0.00 0.00 -0.00 0.00 0.00 -0.00 0.00 0.00 -0.00 0.00 0.00 -0.00 0.00 0.00 -0.00 0.00 0.00 -0.00 0.00 0.00 -0.00 0.00 0.00 -0.00 0.00 0.00 -0.00 0.00 0.00 -0.00 0.00 0.00 -0.00 0.00 0.00 -0.00 0.00 0.00 -0.00 0.00 0.00 -0.00 0.00 0.00 -0.00 0.00 0.00 -0.00 0.00 0.00 -0.00 0.00 0.00 -0.00 0.00 0.00 -0.00 0.00 0.00 -0.00 0.00
-0.0000 0.0221 0.0000 0.00 -0.00 0.00 0.00 -0.00 0.00 0.00 -0.00 0.00 0.00 -0.00 0.00 0.00 -0.00 0.00 0.00 -0.00 0.00 0.00 -0.00 0.00 0.00 -0.00 0.00 0.00 -0.00 0.00 0.00 -0.00 0.00 0.00 -0.00 0.00 0.00 -0.00 0.00 0.00 -0.00 0.00 0.00 -0.00 0.00 0.00 -0.00 0.00 0.00 -0.00 0.00 0.00 -0.00 0.00 0.00 -0.00 0.00 69.06 -37.95 134.56 -0.00 23.42 -0.00 -6.28 10.14 20.11 -1.35 12.81 32.73 0.00 0.00 -0.00 2.00 -0.02 0.61 -0.05 -0.29 8.55 -0.04 -0.15 4.31 0.00 0.00 -0.00 -0.00 0.00 1.62 -0.00 -0.00 16.38 -0.00 0.00 8.49 0.00 0.00 -0.00 -2.00 0.08 2.24 0.26 0.63 19.89 0.20 0.31 10.45 0.00 0.00 -0.00 -4.00 0.02 0.25 0.02 0.30 4.34 0.02 0.15 2.16 0.00 -0.00 0.00 0.00 -0.00 0.00 0.00 -0.00 0.00 0.00 -0.00 0.00 0.00 -0.00 0.00 0.00 -0.00 0.00 0.00 -0.00 0.00 0.00 -0.00 0.00 0.00 -0.00 0.00 0.00 -0.00 0.00 0.00 -0.00 0.00 0.00 -0.00 0.00 0.00 -0.00 0.00 0.00 -0.00 0.00 0.00 -0.00 0.00 0.00 -0.00 0.00 0.00 -0.00 0.00 0.00 -0.00 0.00 0.00 -0.00 0.00 0.00 -0.00 0.00 0.00 -0.00 0.00 0.00 -0.00 0.00 0.00 -0.00 0.00
-0.0000 0.0216 0.0000 0.00 -0.00 0.00 0.00 -0.00 0.00 0.00 -0.00 0.00 0.00 -0.00 0.00 0.00 -0.00 0.00 0.00 -0.00 0.00 0.00 -0.00 0.00 0.00 -0.00 0.00 0.00 -0.00 0.00 0.00 -0.00 0.00 0.00 -0.00 0.00 0.00 -0.00 0.00 0.00 -0.00 0.00 0.00 -0.00 0.00 0.00 -0.00 0.00 0.00 -0.00 0.00 0.00 -0.00 0.00 0.00 -0.00 0.00 69.06 -37.95 134.56 -0.00 23.42 -0.00 -6.28 10.14 20.11 -1.35 12.81 32.73 0.00 0.00 -0.00 2.00 -0.02 0.61 -0.05 -0.29 8.55 -0.04 -0.15 4.31 0.00 0.00 -0.00 -0.00 0.00 1.62 -0.00 -0.00 16.38 -0.00 0.00 8.49 0.00 0.00 -0.00 -2.00 0.08 2.24 0.26 0.63 19.89 0.20 0.31 10.45 0.00 0.00 -0.00 -4.00 0.02 0.25 0.02 0.30 4.34 0.02 0.15 2.16 0.00 -0.00 0.00 0.00 -0.00 0.00 0.00 -0.00 0.00 0.00 -0.00 0.00 0.00 -0.00 0.00 0.00 -0.00 0.00 0.00 -0.00 0.00 0.00 -0.00 0.00 0.00 -0.00 0.00 0.00 -0.00 0.00 0.00 -0.00 0.00 0.00 -0.00 0.00 0.00 -0.00 0.00 0.00 -0.00 0.00 0.00 -0.00 0.00 0.00 -0.00 0.00 0.00 -0.00 0.00 0.00 -0.00 0.00 0.00 -0.00 0.00 0.00 -0.00 0.00 0.00 -0.00 0.00 0.00 -0.00 0.00 0.00 -0.00 0.00
-0.0000 0.0218 0.0000 0.00 -0.00 0.00 0.00 -0.00 0.00 0.00 -0.00 0.00 0.00 -0.00 0.00 0.00 -0.00 0.00 0.00 -0.00 0.00 0.00 -0.00 0.00 0.00 -0.00 0.00 0.00 -0.00 0.00 0.00 -0.00 0.00 0.00 -0.00 0.00 0.00 -0.00 0.00 0.00 -0.00 0.00 0.00 -0.00 0.00 0.00 -0.00 0.00 0.00 -0.00 0.00 0.00 -0.00 0.00 0.00 -0.00 0.00 69.06 -37.95 134.56 -0.00 23.42 -0.00 -6.28 10.14 20.11 -1.35 12.81 32.73 0.00 0.00 -0.00 2.00 -0.02 0.61 -0.05 -0.29 8.55 -0.04 -0.15 4.31 0.00 0.00 -0.00 -0.00 0.00 1.62 -0.00 -0.00 16.38 -0.00 0.00 8.49 0.00 0.00 -0.00 -2.00 0.08 2.24 0.26 0.63 19.89 0.20 0.31 10.45 0.00 0.00 -0.00 -4.00 0.02 0.25 0.02 0.30 4.34 0.02 0.15 2.16 0.00 -0.00 0.00 0.00 -0.00 0.00 0.00 -0.00 0.00 0.00 -0.00 0.00 0.00 -0.00 0.00 0.00 -0.00 0.00 0.00 -0.00 0.00 0.00 -0.00 0.00 0.00 -0.00 0.00 0.00 -0.00 0.00 0.00 -0.00 0.00 0.00 -0.00 0.00 0.00 -0.00 0.00 0.00 -0.00 0.00 0.00 -0.00 0.00 0.00 -0.00 0.00 0.00 -0.00 0.00 0.00 -0.00 0.00 0.00 -0.00 0.00 0.00 -0.00 0.00 0.00 -0.00 0.00 0.00 -0.00 0.00 0.00 -0.00 0.00
-0.0000 0.0221 0.0000 0.00 -0.00 0.00 0.00 -0.00 0.00 0.00 -0.00 0.00 0.00 -0.00 0.00 0.00 -0.00 0.00 0.00 -0.00 0.00 0.00 -0.00 0.00 0.00 -0.00 0.00 0.00 -0.00 0.00 0.00 -0.00 0.00 0.00 -0.00 0.00 0.00 -0.00 0.00 0.00 -0.00 0.00 0.00 -0.00 0.00 0.00 -0.00 0.00 0.00 -0.00 0.00 0.00 -0.00 0.00 0.00 -0.00 0.00 69.06 -37.95 134.56 -0.00 23.42 -0.00 -6.28 10.14 20.11 -1.35 12.81 32.73 0.00 0.00 -0.00 2.00 -0.02 0.61 -0.05 -0.29 8.55 -0.04 -0.15 4.31 0.00 0.00 -0.00 -0.00 0.00 1.62 -0.00 -0.00 16.38 -0.00 0.00 8.49 0.00 0.00 -0.00 -2.00 0.08 2.24 0.26 0.63 19.89 0.20 0.31 10.45 0.00 0.00 -0.00 -4.00 0.02 0.25 0.02 0.30 4.34 0.02 0.15 2.16 0.00 -0.00 0.00 0.00 -0.00 0.00 0.00 -0.00 0.00 0.00 -0.00 0.00 0.00 -0.00 0.00 0.00 -0.00 0.00 0.00 -0.00 0.00 0.00 -0.00 0.00 0.00 -0.00 0.00 0.00 -0.00 0.00 0.00 -0.00 0.00 0.00 -0.00 0.00 0.00 -0.00 0.00 0.00 -0.00 0.00 0.00 -0.00 0.00 0.00 -0.00 0.00 0.00 -0.00 0.00 0.00 -0.00 0.00 0.00 -0.00 0.00 0.00 -0.00 0.00 0.00 -0.00 0.00 0.00 -0.00 0.00 0.00 -0.00 0.00
-0.0000 0.0217 0.0000 0.00 -0.00 0.00 0.00 -0.00 0.00 0.00 -0.00 0.00 0.00 -0.00 0.00 0.00 -0.00 0.00 0.00 -0.00 0.00 0.00 -0.00 0.00 0.00 -0.00 0.00 0.00 -0.00 0.00 0.00 -0.00 0.00 0.00 -0.00 0.00 0.00 -0.00 0.00 0.00 -0.00 0.00 0.00 -0.00 0.00 0.00 -0.00 0.00 0.00 -0.00 0.00 0.00 -0.00 0.00 0.00 -0.00 0.00 69.06 -37.95 134.56 -0.00 23.42 -0.00 -6.28 10.14 20.11 -1.35 12.81 32.73 0.00 0.00 -0.00 2.00 -0.02 0.61 -0.05 -0.29 8.55 -0.04 -0.15 4.31 0.00 0.00 -0.00 -0.00 0.00 1.62 -0.00 -0.00 16.38 -0.00 0.00 8.49 0.00 0.00 -0.00 -2.00 0.08 2.24 0.26 0.63 19.89 0.20 0.31 10.45 0.00 0.00 -0.00 -4.00 0.02 0.25 0.02 0.30 4.34 0.02 0.15 2.16 0.00 -0.00 0.00 0.00 -0.00 0.00 0.00 -0.00 0.00 0.00 -0.00 0.00 0.00 -0.00 0.00 0.00 -0.00 0.00 0.00 -0.00 0.00 0.00 -0.00 0.00 0.00 -0.00 0.00 0.00 -0.00 0.00 0.00 -0.00 0.00 0.00 -0.00 0.00 0.00 -0.00 0.00 0.00 -0.00 0.00 0.00 -0.00 0.00 0.00 -0.00 0.00 0.00 -0.00 0.00 0.00 -0.00 0.00 0.00 -0.00 0.00 0.00 -0.00 0.00 0.00 -0.00 0.00 0.00 -0.00 0.00 0.00 -0.00 0.00
-0.0000 0.0219 0.0000 0.00 -0.00 0.00 0.00 -0.00 0.00 0.00 -0.00 0.00 0.00 -0.00 0.00 0.00 -0.00 0.00 0.00 -0.00 0.00 0.00 -0.00 0.00 0.00 -0.00 0.00 0.00 -0.00 0.00 0.00 -0.00 0.00 0.00 -0.00 0.00 0.00 -0.00 0.00 0.00 -0.00 0.00 0.00 -0.00 0.00 0.00 -0.00 0.00 0.00 -0.00 0.00 0.00 -0.00 0.00 0.00 -0.00 0.00 69.06 -37.95 134.56 -0.00 23.42 -0.00 -6.28 10.14 20.11 -1.35 12.81 32.73 0.00 0.00 -0.00 2.00 -0.02 0.61 -0.05 -0.29 8.55 -0.04 -0.15 4.31 0.00 0.00 -0.00 -0.00 0.00 1.62 -0.00 -0.00 16.38 -0.00 0.00 8.49 0.00 0.00 -0.00 -2.00 0.08 2.24 0.26 0.63 19.89 0.20 0.31 10.45 0.00 0.00 -0.00 -4.00 0.02 0.25 0.02 0.30 4.34 0.02 0.15 2.16 0.00 -0.00 0.00 0.00 -0.00 0.00 0.00 -0.00 0.00 0.00 -0.00 0.00 0.00 -0.00 0.00 0.00 -0.00 0.00 0.00 -0.00 0.00 0.00 -0.00 0.00 0.00 -0.00 0.00 0.00 -0.00 0.00 0.00 -0.00 0.00 0.00 -0.00 0.00 0.00 -0.00 0.00 0.00 -0.00 0.00 0.00 -0.00 0.00 0.00 -0.00 0.00 0.00 -0.00 0.00 0.00 -0.00 0.00 0.00 -0.00 0.00 0.00 -0.00 0.00 0.00 -0.00 0.00 0.00 -0.00 0.00 0.00 -0.00 0.00
-0.0000 0.0212 0.0000 0.00 -0.00 0.00 0.00 -0.00 0.00 0.00 -0.00 0.00 0.00 -0.00 0.00 0.00 -0.00 0.00 0.00 -0.00 0.00 0.00 -0.00 0.00 0.00 -0.00 0.00 0.00 -0.00 0.00 0.00 -0.00 0.00 0.00 -0.00 0.00 0.00 -0.00 0.00 0.00 -0.00 0.00 0.00 -0.00 0.00 0.00 -0.00 0.00 0.00 -0.00 0.00 0.00 -0.00 0.00 0.00 -0.00 0.00 69.06 -37.95 134.56 -0.00 23.42 -0.00 -6.28 10.14 20.11 -1.35 12.81 32.73 0.00 0.00 -0.00 2.00 -0.02 0.61 -0.05 -0.29 8.55 -0.04 -0.15 4.31 0.00 0.00 -0.00 -0.00 0.00 1.62 -0.00 -0.00 16.38 -0.00 0.00 8.49 0.00 0.00 -0.00 -2.00 0.08 2.24 0.26 0.63 19.89 0.20 0.31 10.45 0.00 0.00 -0.00 -4.00 0.02 0.25 0.02 0.30 4.34 0.02 0.15 2.16 0.00 -0.00 0.00 0.00 -0.00 0.00 0.00 -0.00 0.00 0.00 -0.00 0.00 0.00 -0.00 0.00 0.00 -0.00 0.00 0.00 -0.00 0.00 0.00 -0.00 0.00 0.00 -0.00 0.00 0.00 -0.00 0.00 0.00 -0.00 0.00 0.00 -0.00 0.00 0.00 -0.00 0.00 0.00 -0.00 0.00 0.00 -0.00 0.00 0.00 -0.00 0.00 0.00 -0.00 0.00 0.00 -0.00 0.00 0.00 -0.00 0.00 0.00 -0.00 0.00 0.00 -0.00 0.00 0.00 -0.00 0.00 0.00 -0.00 0.00
-0.0000 0.0220 0.0000 0.00 -0.00 0.00 0.00 -0.00 0.00 0.00 -0.00 0.00 0.00 -0.00 0.00 0.00 -0.00 0.00 0.00 -0.00 0.00 0.00 -0.00 0.00 0.00 -0.00 0.00 0.00 -0.00 0.00 0.00 -0.00 0.00 0.00 -0.00 0.00 0.00 -0.00 0.00 0.00 -0.00 0.00 0.00 -0.00 0.00 0.00 -0.00 0.00 0.00 -0.00 0.00 0.00 -0.00 0.00 0.00 -0.00 0.00 69.06 -37.95 134.56 -0.00 23.42 -0.00 -6.28 10.14 20.11 -1.35 12.81 32.73 0.00 0.00 -0.00 2.00 -0.02 0.61 -0.05 -0.29 8.55 -0.04 -0.15 4.31 0.00 0.00 -0.00 -0.00 0.00 1.62 -0.00 -0.00 16.38 -0.00 0.00 8.49 0.00 0.00 -0.00 -2.00 0.08 2.24 0.26 0.63 19.89 0.20 0.31 10.45 0.00 0.00 -0.00 -4.00 0.02 0.25 0.02 0.30 4.34 0.02 0.15 2.16 0.00 -0.00 0.00 0.00 -0.00 0.00 0.00 -0.00 0.00 0.00 -0.00 0.00 0.00 -0.00 0.00 0.00 -0.00 0.00 0.00 -0.00 0.00 0.00 -0.00 0.00 0.00 -0.00 0.00 0.00 -0.00 0.00 0.00 -0.00 0.00 0.00 -0.00 0.00 0.00 -0.00 0.00 0.00 -0.00 0.00 0.00 -0.00 0.00 0.00 -0.00 0.00 0.00 -0.00 0.00 0.00 -0.00 0.00 0.00 -0.00 0.00 0.00 -0.00 0.00 0.00 -0.00 0.00 0.00 -0.00 0.00 0.00 -0.00 0.00
-0.0000 0.0217 0.0000 0.00 -0.00 0.00 0.00 -0.00 0.00 0.00 -0.00 0.00 0.00 -0.00 0.00 0.00 -0.00 0.00 0.00 -0.00 0.00 0.00 -0.00 0.00 0.00 -0.00 0.00 0.00 -0.00 0.00 0.00 -0.00 0.00 0.00 -0.00 0.00 0.00 -0.00 0.00 0.00 -0.00 0.00 0.00 -0.00 0.00 0.00 -0.00 0.00 0.00 -0.00 0.00 0.00 -0.00 0.00 0.00 -0.00 0.00 69.06 -37.95 134.56 -0.00 23.42 -0.00 -6.28 10.14 20.11 -1.35 12.81 32.73 0.00 0.00 -0.00 2.00 -0.02 0.61 -0.05 -0.29 8.55 -0.04 -0.15 4.31 0.00 0.00 -0.00 -0.00 0.00 1.62 -0.00 -0.00 16.38 -0.00 0.00 8.49 0.00 0.00 -0.00 -2.00 0.08 2.24 0.26 0.63 19.89 0.20 0.31 10.45 0.00 0.00 -0.00 -4.00 0.02 0.25 0.02 0.30 4.34 0.02 0.15 2.16 0.00 -0.00 0.00 0.00 -0.00 0.00 0.00 -0.00 0.00 0.00 -0.00 0.00 0.00 -0.00 0.00 0.00 -0.00 0.00 0.00 -0.00 0.00 0.00 -0.00 0.00 0.00 -0.00 0.00 0.00 -0.00 0.00 0.00 -0.00 0.00 0.00 -0.00 0.00 0.00 -0.00 0.00 0.00 -0.00 0.00 0.00 -0.00 0.00 0.00 -0.00 0.00 0.00 -0.00 0.00 0.00 -0.00 0.00 0.00 -0.00 0.00 0.00 -0.00 0.00 0.00 -0.00 0.00 0.00 -0.00 0.00 0.00 -0.00 0.00
-0.0000 0.0225 0.0000 0.00 -0.00 0.00 0.00 -0.00 0.00 0.00 -0.00 0.00 0.00 -0.00 0.00 0.00 -0.00 0.00 0.00 -0.00 0.00 0.00 -0.00 0.00 0.00 -0.00 0.00 0.00 -0.00 0.00 0.00 -0.00 0.00 0.00 -0.00 0.00 0.00 -0.00 0.00 0.00 -0.00 0.00 0.00 -0.00 0.00 0.00 -0.00 0.00 0.00 -0.00 0.00 0.00 -0.00 0.00 0.00 -0.00 0.00 69.06 -37.95 134.56 -0.00 23.42 -0.00 -6.28 10.14 20.11 -1.35 12.81 32.73 0.00 0.00 -0.00 2.00 -0.02 0.61 -0.05 -0.29 8.55 -0.04 -0.15 4.31 0.00 0.00 -0.00 -0.00 0.00 1.62 -0.00 -0.00 16.38 -0.00 0.00 8.49 0.00 0.00 -0.00 -2.00 0.08 2.24 0.26 0.63 19.89 0.20 0.31 10.45 0.00 0.00 -0.00 -4.00 0.02 0.25 0.02 0.30 4.34 0.02 0.15 2.16 0.00 -0.00 0.00 0.00 -0.00 0.00 0.00 -0.00 0.00 0.00 -0.00 0.00 0.00 -0.00 0.00 0.00 -0.00 0.00 0.00 -0.00 0.00 0.00 -0.00 0.00 0.00 -0.00 0.00 0.00 -0.00 0.00 0.00 -0.00 0.00 0.00 -0.00 0.00 0.00 -0.00 0.00 0.00 -0.00 0.00 0.00 -0.00 0.00 0.00 -0.00 0.00 0.00 -0.00 0.00 0.00 -0.00 0.00 0.00 -0.00 0.00 0.00 -0.00 0.00 0.00 -0.00 0.00 0.00 -0.00 0.00 0.00 -0.00 0.00
-0.0000 0.0226 0.0000 0.00 -0.00 0.00 0.00 -0.00 0.00 0.00 -0.00 0.00 0.00 -0.00 0.00 0.00 -0.00 0.00 0.00 -0.00 0.00 0.00 -0.00 0.00 0.00 -0.00 0.00 0.00 -0.00 0.00 0.00 -0.00 0.00 0.00 -0.00 0.00 0.00 -0.00 0.00 0.00 -0.00 0.00 0.00 -0.00 0.00 0.00 -0.00 0.00 0.00 -0.00 0.00 0.00 -0.00 0.00 0.00 -0.00 0.00 69.06 -37.95 134.56 -0.00 23.42 -0.00 -6.28 10.14 20.11 -1.35 12.81 32.73 0.00 0.00 -0.00 2.00 -0.02 0.61 -0.05 -0.29 8.55 -0.04 -0.15 4.31 0.00 0.00 -0.00 -0.00 0.00 1.62 -0.00 -0.00 16.38 -0.00 0.00 8.49 0.00 0.00 -0.00 -2.00 0.08 2.24 0.26 0.63 19.89 0.20 0.31 10.45 0.00 0.00 -0.00 -4.00 0.02 0.25 0.02 0.30 4.34 0.02 0.15 2.16 0.00 -0.00 0.00 0.00 -0.00 0.00 0.00 -0.00 0.00 0.00 -0.00 0.00 0.00 -0.00 0.00 0.00 -0.00 0.00 0.00 -0.00 0.00 0.00 -0.00 0.00 0.00 -0.00 0.00 0.00 -0.00 0.00 0.00 -0.00 0.00 0.00 -0.00 0.00 0.00 -0.00 0.00 0.00 -0.00 0.00 0.00 -0.00 0.00 0.00 -0.00 0.00 0.00 -0.00 0.00 0.00 -0.00 0.00 0.00 -0.00 0.00 0.00 -0.00 0.00 0.00 -0.00 0.00 0.00 -0.00 0.00 0.00 -0.00 0.00
-0.0000 0.0225 0.0000 0.00 -0.00 0.00 0.00 -0.00 0.00 0.00 -0.00 0.00 0.00 -0.00 0.00 0.00 -0.00 0.00 0.00 -0.00 0.00 0.00 -0.00 0.00 0.00 -0.00 0.00 0.00 -0.00 0.00 0.00 -0.00 0.00 0.00 -0.00 0.00 0.00 -0.00 0.00 0.00 -0.00 0.00 0.00 -0.00 0.00 0.00 -0.00 0.00 0.00 -0.00 0.00 0.00 -0.00 0.00 0.00 -0.00 0.00 69.06 -37.95 134.56 -0.00 23.42 -0.00 -6.28 10.14 20.11 -1.35 12.81 32.73 0.00 0.00 -0.00 2.00 -0.02 0.61 -0.05 -0.29 8.55 -0.04 -0.15 4.31 0.00 0.00 -0.00 -0.00 0.00 1.62 -0.00 -0.00 16.38 -0.00 0.00 8.49 0.00 0.00 -0.00 -2.00 0.08 2.24 0.26 0.63 19.89 0.20 0.31 10.45 0.00 0.00 -0.00 -4.00 0.02 0.25 0.02 0.30 4.34 0.02 0.15 2.16 0.00 -0.00 0.00 0.00 -0.00 0.00 0.00 -0.00 0.00 0.00 -0.00 0.00 0.00 -0.00 0.00 0.00 -0.00 0.00 0.00 -0.00 0.00 0.00 -0.00 0.00 0.00 -0.00 0.00 0.00 -0.00 0.00 0.00 -0.00 0.00 0.00 -0.00 0.00 0.00 -0.00 0.00 0.00 -0.00 0.00 0.00 -0.00 0.00 0.00 -0.00 0.00 0.00 -0.00 0.00 0.00 -0.00 0.00 0.00 -0.00 0.00 0.00 -0.00 0.00 0.00 -0.00 0.00 0.00 -0.00 0.00 0.00 -0.00 0.00
-0.0000 0.0231 0.0000 0.00 -0.00 0.00 0.00 -0.00 0.00 0.00 -0.00 0.00 0.00 -0.00 0.00 0.00 -0.00 0.00 0.00 -0.00 0.00 0.00 -0.00 0.00 0.00 -0.00 0.00 0.00 -0.00 0.00 0.00 -0.00 0.00 0.00 -0.00 0.00 0.00 -0.00 0.00 0.00 -0.00 0.00 0.00 -0.00 0.00 0.00 -0.00 0.00 0.00 -0.00 0.00 0.00 -0.00 0.00 0.00 -0.00 0.00 69.06 -37.95 134.56 -0.00 23.42 -0.00 -6.28 10.14 20.11 -1.35 12.81 32.73 0.00 0.00 -0.00 2.00 -0.02 0.61 -0.05 -0.29 8.55 -0.04 -0.15 4.31 0.00 0.00 -0.00 -0.00 0.00 1.62 -0.00 -0.00 16.38 -0.00 0.00 8.49 0.00 0.00 -0.00 -2.00 0.08 2.24 0.26 0.63 19.89 0.20 0.31 10.45 0.00 0.00 -0.00 -4.00 0.02 0.25 0.02 0.30 4.34 0.02 0.15 2.16 0.00 -0.00 0.00 0.00 -0.00 0.00 0.00 -0.00 0.00 0.00 -0.00 0.00 0.00 -0.00 0.00 0.00 -0.00 0.00 0.00 -0.00 0.00 0.00 -0.00 0.00 0.00 -0.00 0.00 0.00 -0.00 0.00 0.00 -0.00 0.00 0.00 -0.00 0.00 0.00 -0.00 0.00 0.00 -0.00 0.00 0.00 -0.00 0.00 0.00 -0.00 0.00 0.00 -0.00 0.00 0.00 -0.00 0.00 0.00 -0.00 0.00 0.00 -0.00 0.00 0.00 -0.00 0.00 0.00 -0.00 0.00 0.00 -0.00 0.00
-0.0000 0.0226 0.0000 0.00 -0.00 0.00 0.00 -0.00 0.00 0.00 -0.00 0.00 0.00 -0.00 0.00 0.00 -0.00 0.00 0.00 -0.00 0.00 0.00 -0.00 0.00 0.00 -0.00 0.00 0.00 -0.00 0.00 0.00 -0.00 0.00 0.00 -0.00 0.00 0.00 -0.00 0.00 0.00 -0.00 0.00 0.00 -0.00 0.00 0.00 -0.00 0.00 0.00 -0.00 0.00 0.00 -0.00 0.00 0.00 -0.00 0.00 69.06 -37.95 134.56 -0.00 23.42 -0.00 -6.28 10.14 20.11 -1.35 12.81 32.73 0.00 0.00 -0.00 2.00 -0.02 0.61 -0.05 -0.29 8.55 -0.04 -0.15 4.31 0.00 0.00 -0.00 -0.00 0.00 1.62 -0.00 -0.00 16.38 -0.00 0.00 8.49 0.00 0.00 -0.00 -2.00 0.08 2.24 0.26 0.63 19.89 0.20 0.31 10.45 0.00 0.00 -0.00 -4.00 0.02 0.25 0.02 0.30 4.34 0.02 0.15 2.16 0.00 -0.00 0.00 0.00 -0.00 0.00 0.00 -0.00 0.00 0.00 -0.00 0.00 0.00 -0.00 0.00 0.00 -0.00 0.00 0.00 -0.00 0.00 0.00 -0.00 0.00 0.00 -0.00 0.00 0.00 -0.00 0.00 0.00 -0.00 0.00 0.00 -0.00 0.00 0.00 -0.00 0.00 0.00 -0.00 0.00 0.00 -0.00 0.00 0.00 -0.00 0.00 0.00 -0.00 0.00 0.00 -0.00 0.00 0.00 -0.00 0.00 0.00 -0.00 0.00 0.00 -0.00 0.00 0.00 -0.00 0.00 0.00 -0.00 0.00
-0.0000 0.0234 0.0000 0.00 -0.00 0.00 0.00 -0.00 0.00 0.00 -0.00 0.00 0.00 -0.00 0.00 0.00 -0.00 0.00 0.00 -0.00 0.00 0.00 -0.00 0.00 0.00 -0.00 0.00 0.00 -0.00 0.00 0.00 -0.00 0.00 0.00 -0.00 0.00 0.00 -0.00 0.00 0.00 -0.00 0.00 0.00 -0.00 0.00 0.00 -0.00 0.00 0.00 -0.00 0.00 0.00 -0.00 0.00 0.00 -0.00 0.00 69.06 -37.95 134.56 -0.00 23.42 -0.00 -6.28 10.14 20.11 -1.35 12.81 32.73 0.00 0.00 -0.00 2.00 -0.02 0.61 -0.05 -0.29 8.55 -0.04 -0.15 4.31 0.00 0.00 -0.00 -0.00 0.00 1.62 -0.00 -0.00 16.38 -0.00 0.00 8.49 0.00 0.00 -0.00 -2.00 0.08 2.24 0.26 0.63 19.89 0.20 0.31 10.45 0.00 0.00 -0.00 -4.00 0.02 0.25 0.02 0.30 4.34 0.02 0.15 2.16 0.00 -0.00 0.00 0.00 -0.00 0.00 0.00 -0.00 0.00 0.00 -0.00 0.00 0.00 -0.00 0.00 0.00 -0.00 0.00 0.00 -0.00 0.00 0.00 -0.00 0.00 0.00 -0.00 0.00 0.00 -0.00 0.00 0.00 -0.00 0.00 0.00 -0.00 0.00 0.00 -0.00 0.00 0.00 -0.00 0.00 0.00 -0.00 0.00 0.00 -0.00 0.00 0.00 -0.00 0.00 0.00 -0.00 0.00 0.00 -0.00 0.00 0.00 -0.00 0.00 0.00 -0.00 0.00 0.00 -0.00 0.00 0.00 -0.00 0.00
-0.0000 0.0238 0.0000 0.00 -0.00 0.00 0.00 -0.00 0.00 0.00 -0.00 0.00 0.00 -0.00 0.00 0.00 -0.00 0.00 0.00 -0.00 0.00 0.00 -0.00 0.00 0.00 -0.00 0.00 0.00 -0.00 0.00 0.00 -0.00 0.00 0.00 -0.00 0.00 0.00 -0.00 0.00 0.00 -0.00 0.00 0.00 -0.00 0.00 0.00 -0.00 0.00 0.00 -0.00 0.00 0.00 -0.00 0.00 0.00 -0.00 0.00 69.06 -37.95 134.56 -0.00 23.42 -0.00 -6.28 10.14 20.11 -1.35 12.81 32.73 0.00 0.00 -0.00 2.00 -0.02 0.61 -0.05 -0.29 8.55 -0.04 -0.15 4.31 0.00 0.00 -0.00 -0.00 0.00 1.62 -0.00 -0.00 16.38 -0.00 0.00 8.49 0.00 0.00 -0.00 -2.00 0.08 2.24 0.26 0.63 19.89 0.20 0.31 10.45 0.00 0.00 -0.00 -4.00 0.02 0.25 0.02 0.30 4.34 0.02 0.15 2.16 0.00 -0.00 0.00 0.00 -0.00 0.00 0.00 -0.00 0.00 0.00 -0.00 0.00 0.00 -0.00 0.00 0.00 -0.00 0.00 0.00 -0.00 0.00 0.00 -0.00 0.00 0.00 -0.00 0.00 0.00 -0.00 0.00 0.00 -0.00 0.00 0.00 -0.00 0.00 0.00 -0.00 0.00 0.00 -0.00 0.00 0.00 -0.00 0.00 0.00 -0.00 0.00 0.00 -0.00 0.00 0.00 -0.00 0.00 0.00 -0.00 0.00 0.00 -0.00 0.00 0.00 -0.00 0.00 0.00 -0.00 0.00 0.00 -0.00 0.00
-0.0000 0.0229 0.0000 0.00 -0.00 0.00 0.00 -0.00 0.00 0.00 -0.00 0.00 0.00 -0.00 0.00 0.00 -0.00 0.00 0.00 -0.00 0.00 0.00 -0.00 0.00 0.00 -0.00 0.00 0.00 -0.00 0.00 0.00 -0.00 0.00 0.00 -0.00 0.00 0.00 -0.00 0.00 0.00 -0.00 0.00 0.00 -0.00 0.00 0.00 -0.00 0.00 0.00 -0.00 0.00 0.00 -0.00 0.00 0.00 -0.00 0.00 69.06 -37.95 134.56 -0.00 23.42 -0.00 -6.28 10.14 20.11 -1.35 12.81 32.73 0.00 0.00 -0.00 2.00 -0.02 0.61 -0.05 -0.29 8.55 -0.04 -0.15 4.31 0.00 0.00 -0.00 -0.00 0.00 1.62 -0.00 -0.00 16.38 -0.00 0.00 8.49 0.00 0.00 -0.00 -2.00 0.08 2.24 0.26 0.63 19.89 0.20 0.31 10.45 0.00 0.00 -0.00 -4.00 0.02 0.25 0.02 0.30 4.34 0.02 0.15 2.16 0.00 -0.00 0.00 0.00 -0.00 0.00 0.00 -0.00 0.00 0.00 -0.00 0.00 0.00 -0.00 0.00 0.00 -0.00 0.00 0.00 -0.00 0.00 0.00 -0.00 0.00 0.00 -0.00 0.00 0.00 -0.00 0.00 0.00 -0.00 0.00 0.00 -0.00 0.00 0.00 -0.00 0.00 0.00 -0.00 0.00 0.00 -0.00 0.00 0.00 -0.00 0.00 0.00 -0.00 0.00 0.00 -0.00 0.00 0.00 -0.00 0.00 0.00 -0.00 0.00 0.00 -0.00 0.00 0.00 -0.00 0.00 0.00 -0.00 0.00
-0.0000 0.0226 0.0000 0.00 -0.00 0.00 0.00 -0.00 0.00 0.00 -0.00 0.00 0.00 -0.00 0.00 0.00 -0.00 0.00 0.00 -0.00 0.00 0.00 -0.00 0.00 0.00 -0.00 0.00 0.00 -0.00 0.00 0.00 -0.00 0.00 0.00 -0.00 0.00 0.00 -0.00 0.00 0.00 -0.00 0.00 0.00 -0.00 0.00 0.00 -0.00 0.00 0.00 -0.00 0.00 0.00 -0.00 0.00 0.00 -0.00 0.00 69.06 -37.95 134.56 -0.00 23.42 -0.00 -6.28 10.14 20.11 -1.35 12.81 32.73 0.00 0.00 -0.00 2.00 -0.02 0.61 -0.05 -0.29 8.55 -0.04 -0.15 4.31 0.00 0.00 -0.00 -0.00 0.00 1.62 -0.00 -0.00 16.38 -0.00 0.00 8.49 0.00 0.00 -0.00 -2.00 0.08 2.24 0.26 0.63 19.89 0.20 0.31 10.45 0.00 0.00 -0.00 -4.00 0.02 0.25 0.02 0.30 4.34 0.02 0.15 2.16 0.00 -0.00 0.00 0.00 -0.00 0.00 0.00 -0.00 0.00 0.00 -0.00 0.00 0.00 -0.00 0.00 0.00 -0.00 0.00 0.00 -0.00 0.00 0.00 -0.00 0.00 0.00 -0.00 0.00 0.00 -0.00 0.00 0.00 -0.00 0.00 0.00 -0.00 0.00 0.00 -0.00 0.00 0.00 -0.00 0.00 0.00 -0.00 0.00 0.00 -0.00 0.00 0.00 -0.00 0.00 0.00 -0.00 0.00 0.00 -0.00 0.00 0.00 -0.00 0.00 0.00 -0.00 0.00 0.00 -0.00 0.00 0.00 -0.00 0.00
-0.0000 0.0234 0.0000 0.00 -0.00 0.00 0.00 -0.00 0.00 0.00 -0.00 0.00 0.00 -0.00 0.00 0.00 -0.00 0.00 0.00 -0.00 0.00 0.00 -0.00 0.00 0.00 -0.00 0.00 0.00 -0.00 0.00 0.00 -0.00 0.00 0.00 -0.00 0.00 0.00 -0.00 0.00 0.00 -0.00 0.00 0.00 -0.00 0.00 0.00 -0.00 0.00 0.00 -0.00 0.00 0.00 -0.00 0.00 0.00 -0.00 0.00 69.06 -37.95 134.56 -0.00 23.42 -0.00 -6.28 10.14 20.11 -1.35 12.81 32.73 0.00 0.00 -0.00 2.00 -0.02 0.61 -0.05 -0.29 8.55 -0.04 -0.15 4.31 0.00 0.00 -0.00 -0.00 0.00 1.62 -0.00 -0.00 16.38 -0.00 0.00 8.49 0.00 0.00 -0.00 -2.00 0.08 2.24 0.26 0.63 19.89 0.20 0.31 10.45 0.00 0.00 -0.00 -4.00 0.02 0.25 0.02 0.30 4.34 0.02 0.15 2.16 0.00 -0.00 0.00 0.00 -0.00 0.00 0.00 -0.00 0.00 0.00 -0.00 0.00 0.00 -0.00 0.00 0.00 -0.00 0.00 0.00 -0.00 0.00 0.00 -0.00 0.00 0.00 -0.00 0.00 0.00 -0.00 0.00 0.00 -0.00 0.00 0.00 -0.00 0.00 0.00 -0.00 0.00 0.00 -0.00 0.00 0.00 -0.00 0.00 0.00 -0.00 0.00 0.00 -0.00 0.00 0.00 -0.00 0.00 0.00 -0.00 0.00 0.00 -0.00 0.00 0.00 -0.00 0.00 0.00 -0.00 0.00 0.00 -0.00 0.00
-0.0000 0.0233 0.0000 0.00 -0.00 0.00 0.00 -0.00 0.00 0.00 -0.00 0.00 0.00 -0.00 0.00 0.00 -0.00 0.00 0.00 -0.00 0.00 0.00 -0.00 0.00 0.00 -0.00 0.00 0.00 -0.00 0.00 0.00 -0.00 0.00 0.00 -0.00 0.00 0.00 -0.00 0.00 0.00 -0.00 0.00 0.00 -0.00 0.00 0.00 -0.00 0.00 0.00 -0.00 0.00 0.00 -0.00 0.00 0.00 -0.00 0.00 69.06 -37.95 134.56 -0.00 23.42 -0.00 -6.28 10.14 20.11 -1.35 12.81 32.73 0.00 0.00 -0.00 2.00 -0.02 0.61 -0.05 -0.29 8.55 -0.04 -0.15 4.31 0.00 0.00 -0.00 -0.00 0.00 1.62 -0.00 -0.00 16.38 -0.00 0.00 8.49 0.00 0.00 -0.00 -2.00 0.08 2.24 0.26 0.63 19.89 0.20 0.31 10.45 0.00 0.00 -0.00 -4.00 0.02 0.25 0.02 0.30 4.34 0.02 0.15 2.16 0.00 -0.00 0.00 0.00 -0.00 0.00 0.00 -0.00 0.00 0.00 -0.00 0.00 0.00 -0.00 0.00 0.00 -0.00 0.00 0.00 -0.00 0.00 0.00 -0.00 0.00 0.00 -0.00 0.00 0.00 -0.00 0.00 0.00 -0.00 0.00 0.00 -0.00 0.00 0.00 -0.00 0.00 0.00 -0.00 0.00 0.00 -0.00 0.00 0.00 -0.00 0.00 0.00 -0.00 0.00 0.00 -0.00 0.00 0.00 -0.00 0.00 0.00 -0.00 0.00 0.00 -0.00 0.00 0.00 -0.00 0.00 0.00 -0.00 0.00
-0.0000 0.0231 0.0000 0.00 -0.00 0.00 0.00 -0.00 0.00 0.00 -0.00 0.00 0.00 -0.00 0.00 0.00 -0.00 0.00 0.00 -0.00 0.00 0.00 -0.00 0.00 0.00 -0.00 0.00 0.00 -0.00 0.00 0.00 -0.00 0.00 0.00 -0.00 0.00 0.00 -0.00 0.00 0.00 -0.00 0.00 0.00 -0.00 0.00 0.00 -0.00 0.00 0.00 -0.00 0.00 0.00 -0.00 0.00 0.00 -0.00 0.00 69.06 -37.95 134.56 -0.00 23.42 -0.00 -6.28 10.14 20.11 -1.35 12.81 32.73 0.00 0.00 -0.00 2.00 -0.02 0.61 -0.05 -0.29 8.55 -0.04 -0.15 4.31 0.00 0.00 -0.00 -0.00 0.00 1.62 -0.00 -0.00 16.38 -0.00 0.00 8.49 0.00 0.00 -0.00 -2.00 0.08 2.24 0.26 0.63 19.89 0.20 0.31 10.45 0.00 0.00 -0.00 -4.00 0.02 0.25 0.02 0.30 4.34 0.02 0.15 2.16 0.00 -0.00 0.00 0.00 -0.00 0.00 0.00 -0.00 0.00 0.00 -0.00 0.00 0.00 -0.00 0.00 0.00 -0.00 0.00 0.00 -0.00 0.00 0.00 -0.00 0.00 0.00 -0.00 0.00 0.00 -0.00 0.00 0.00 -0.00 0.00 0.00 -0.00 0.00 0.00 -0.00 0.00 0.00 -0.00 0.00 0.00 -0.00 0.00 0.00 -0.00 0.00 0.00 -0.00 0.00 0.00 -0.00 0.00 0.00 -0.00 0.00 0.00 -0.00 0.00 0.00 -0.00 0.00 0.00 -0.00 0.00 0.00 -0.00 0.00
-0.0000 0.0223 0.0000 0.00 -0.00 0.00 0.00 -0.00 0.00 0.00 -0.00 0.00 0.00 -0.00 0.00 0.00 -0.00 0.00 0.00 -0.00 0.00 0.00 -0.00 0.00 0.00 -0.00 0.00 0.00 -0.00 0.00 0.00 -0.00 0.00 0.00 -0.00 0.00 0.00 -0.00 0.00 0.00 -0.00 0.00 0.00 -0.00 0.00 0.00 -0.00 0.00 0.00 -0.00 0.00 0.00 -0.00 0.00 0.00 -0.00 0.00 69.06 -37.95 134.56 -0.00 23.42 -0.00 -6.28 10.14 20.11 -1.35 12.81 32.73 0.00 0.00 -0.00 2.00 -0.02 0.61 -0.05 -0.29 8.55 -0.04 -0.15 4.31 0.00 0.00 -0.00 -0.00 0.00 1.62 -0.00 -0.00 16.38 -0.00 0.00 8.49 0.00 0.00 -0.00 -2.00 0.08 2.24 0.26 0.63 19.89 0.20 0.31 10.45 0.00 0.00 -0.00 -4.00 0.02 0.25 0.02 0.30 4.34 0.02 0.15 2.16 0.00 -0.00 0.00 0.00 -0.00 0.00 0.00 -0.00 0.00 0.00 -0.00 0.00 0.00 -0.00 0.00 0.00 -0.00 0.00 0.00 -0.00 0.00 0.00 -0.00 0.00 0.00 -0.00 0.00 0.00 -0.00 0.00 0.00 -0.00 0.00 0.00 -0.00 0.00 0.00 -0.00 0.00 0.00 -0.00 0.00 0.00 -0.00 0.00 0.00 -0.00 0.00 0.00 -0.00 0.00 0.00 -0.00 0.00 0.00 -0.00 0.00 0.00 -0.00 0.00 0.00 -0.00 0.00 0.00 -0.00 0.00 0.00 -0.00 0.00
-0.0000 0.0210 0.0000 0.00 -0.00 0.00 0.00 -0.00 0.00 0.00 -0.00 0.00 0.00 -0.00 0.00 0.00 -0.00 0.00 0.00 -0.00 0.00 0.00 -0.00 0.00 0.00 -0.00 0.00 0.00 -0.00 0.00 0.00 -0.00 0.00 0.00 -0.00 0.00 0.00 -0.00 0.00 0.00 -0.00 0.00 0.00 -0.00 0.00 0.00 -0.00 0.00 0.00 -0.00 0.00 0.00 -0.00 0.00 0.00 -0.00 0.00 69.06 -37.95 134.56 -0.00 23.42 -0.00 -6.28 10.14 20.11 -1.35 12.81 32.73 0.00 0.00 -0.00 2.00 -0.02 0.61 -0.05 -0.29 8.55 -0.04 -0.15 4.31 0.00 0.00 -0.00 -0.00 0.00 1.62 -0.00 -0.00 16.38 -0.00 0.00 8.49 0.00 0.00 -0.00 -2.00 0.08 2.24 0.26 0.63 19.89 0.20 0.31 10.45 0.00 0.00 -0.00 -4.00 0.02 0.25 0.02 0.30 4.34 0.02 0.15 2.16 0.00 -0.00 0.00 0.00 -0.00 0.00 0.00 -0.00 0.00 0.00 -0.00 0.00 0.00 -0.00 0.00 0.00 -0.00 0.00 0.00 -0.00 0.00 0.00 -0.00 0.00 0.00 -0.00 0.00 0.00 -0.00 0.00 0.00 -0.00 0.00 0.00 -0.00 0.00 0.00 -0.00 0.00 0.00 -0.00 0.00 0.00 -0.00 0.00 0.00 -0.00 0.00 0.00 -0.00 0.00 0.00 -0.00 0.00 0.00 -0.00 0.00 0.00 -0.00 0.00 0.00 -0.00 0.00 0.00 -0.00 0.00 0.00 -0.00 0.00
-0.0000 0.0220 0.0000 0.00 -0.00 0.00 0.00 -0.00 0.00 0.00 -0.00 0.00 0.00 -0.00 0.00 0.00 -0.00 0.00 0.00 -0.00 0.00 0.00 -0.00 0.00 0.00 -0.00 0.00 0.00 -0.00 0.00 0.00 -0.00 0.00 0.00 -0.00 0.00 0.00 -0.00 0.00 0.00 -0.00 0.00 0.00 -0.00 0.00 0.00 -0.00 0.00 0.00 -0.00 0.00 0.00 -0.00 0.00 0.00 -0.00 0.00 69.06 -37.95 134.56 -0.00 23.42 -0.00 -6.28 10.14 20.11 -1.35 12.81 32.73 0.00 0.00 -0.00 2.00 -0.02 0.61 -0.05 -0.29 8.55 -0.04 -0.15 4.31 0.00 0.00 -0.00 -0.00 0.00 1.62 -0.00 -0.00 16.38 -0.00 0.00 8.49 0.00 0.00 -0.00 -2.00 0.08 2.24 0.26 0.63 19.89 0.20 0.31 10.45 0.00 0.00 -0.00 -4.00 0.02 0.25 0.02 0.30 4.34 0.02 0.15 2.16 0.00 -0.00 0.00 0.00 -0.00 0.00 0.00 -0.00 0.00 0.00 -0.00 0.00 0.00 -0.00 0.00 0.00 -0.00 0.00 0.00 -0.00 0.00 0.00 -0.00 0.00 0.00 -0.00 0.00 0.00 -0.00 0.00 0.00 -0.00 0.00 0.00 -0.00 0.00 0.00 -0.00 0.00 0.00 -0.00 0.00 0.00 -0.00 0.00 0.00 -0.00 0.00 0.00 -0.00 0.00 0.00 -0.00 0.00 0.00 -0.00 0.00 0.00 -0.00 0.00 0.00 -0.00 0.00 0.00 -0.00 0.00 0.00 -0.00 0.00
-0.0000 0.0223 0.0000 0.00 -0.00 0.00 0.00 -0.00 0.00 0.00 -0.00 0.00 0.00 -0.00 0.00 0.00 -0.00 0.00 0.00 -0.00 0.00 0.00 -0.00 0.00 0.00 -0.00 0.00 0.00 -0.00 0.00 0.00 -0.00 0.00 0.00 -0.00 0.00 0.00 -0.00 0.00 0.00 -0.00 0.00 0.00 -0.00 0.00 0.00 -0.00 0.00 0.00 -0.00 0.00 0.00 -0.00 0.00 0.00 -0.00 0.00 69.06 -37.95 134.56 -0.00 23.42 -0.00 -6.28 10.14 20.11 -1.35 12.81 32.73 0.00 0.00 -0.00 2.00 -0.02 0.61 -0.05 -0.29 8.55 -0.04 -0.15 4.31 0.00 0.00 -0.00 -0.00 0.00 1.62 -0.00 -0.00 16.38 -0.00 0.00 8.49 0.00 0.00 -0.00 -2.00 0.08 2.24 0.26 0.63 19.89 0.20 0.31 10.45 0.00 0.00 -0.00 -4.00 0.02 0.25 0.02 0.30 4.34 0.02 0.15 2.16 0.00 -0.00 0.00 0.00 -0.00 0.00 0.00 -0.00 0.00 0.00 -0.00 0.00 0.00 -0.00 0.00 0.00 -0.00 0.00 0.00 -0.00 0.00 0.00 -0.00 0.00 0.00 -0.00 0.00 0.00 -0.00 0.00 0.00 -0.00 0.00 0.00 -0.00 0.00 0.00 -0.00 0.00 0.00 -0.00 0.00 0.00 -0.00 0.00 0.00 -0.00 0.00 0.00 -0.00 0.00 0.00 -0.00 0.00 0.00 -0.00 0.00 0.00 -0.00 0.00 0.00 -0.00 0.00 0.00 -0.00 0.00 0.00 -0.00 0.00
-0.0000 0.0213 0.0000 0.00 -0.00 0.00 0.00 -0.00 0.00 0.00 -0.00 0.00 0.00 -0.00 0.00 0.00 -0.00 0.00 0.00 -0.00 0.00 0.00 -0.00 0.00 0.00 -0.00 0.00 0.00 -0.00 0.00 0.00 -0.00 0.00 0.00 -0.00 0.00 0.00 -0.00 0.00 0.00 -0.00 0.00 0.00 -0.00 0.00 0.00 -0.00 0.00 0.00 -0.00 0.00 0.00 -0.00 0.00 0.00 -0.00 0.00 69.06 -37.95 134.56 -0.00 23.42 -0.00 -6.28 10.14 20.11 -1.35 12.81 32.73 0.00 0.00 -0.00 2.00 -0.02 0.61 -0.05 -0.29 8.55 -0.04 -0.15 4.31 0.00 0.00 -0.00 -0.00 0.00 1.62 -0.00 -0.00 16.38 -0.00 0.00 8.49 0.00 0.00 -0.00 -2.00 0.08 2.24 0.26 0.63 19.89 0.20 0.31 10.45 0.00 0.00 -0.00 -4.00 0.02 0.25 0.02 0.30 4.34 0.02 0.15 2.16 0.00 -0.00 0.00 0.00 -0.00 0.00 0.00 -0.00 0.00 0.00 -0.00 0.00 0.00 -0.00 0.00 0.00 -0.00 0.00 0.00 -0.00 0.00 0.00 -0.00 0.00 0.00 -0.00 0.00 0.00 -0.00 0.00 0.00 -0.00 0.00 0.00 -0.00 0.00 0.00 -0.00 0.00 0.00 -0.00 0.00 0.00 -0.00 0.00 0.00 -0.00 0.00 0.00 -0.00 0.00 0.00 -0.00 0.00 0.00 -0.00 0.00 0.00 -0.00 0.00 0.00 -0.00 0.00 0.00 -0.00 0.00 0.00 -0.00 0.00
-0.0000 0.0211 0.0000 0.00 -0.00 0.00 0.00 -0.00 0.00 0.00 -0.00 0.00 0.00 -0.00 0.00 0.00 -0.00 0.00 0.00 -0.00 0.00 0.00 -0.00 0.00 0.00 -0.00 0.00 0.00 -0.00 0.00 0.00 -0.00 0.00 0.00 -0.00 0.00 0.00 -0.00 0.00 0.00 -0.00 0.00 0.00 -0.00 0.00 0.00 -0.00 0.00 0.00 -0.00 0.00 0.00 -0.00 0.00 0.00 -0.00 0.00 69.06 -37.95 134.56 -0.00 23.42 -0.00 -6.28 10.14 20.11 -1.35 12.81 32.73 0.00 0.00 -0.00 2.00 -0.02 0.61 -0.05 -0.29 8.55 -0.04 -0.15 4.31 0.00 0.00 -0.00 -0.00 0.00 1.62 -0.00 -0.00 16.38 -0.00 0.00 8.49 0.00 0.00 -0.00 -2.00 0.08 2.24 0.26 0.63 19.89 0.20 0.31 10.45 0.00 0.00 -0.00 -4.00 0.02 0.25 0.02 0.30 4.34 0.02 0.15 2.16 0.00 -0.00 0.00 0.00 -0.00 0.00 0.00 -0.00 0.00 0.00 -0.00 0.00 0.00 -0.00 0.00 0.00 -0.00 0.00 0.00 -0.00 0.00 0.00 -0.00 0.00 0.00 -0.00 0.00 0.00 -0.00 0.00 0.00 -0.00 0.00 0.00 -0.00 0.00 0.00 -0.00 0.00 0.00 -0.00 0.00 0.00 -0.00 0.00 0.00 -0.00 0.00 0.00 -0.00 0.00 0.00 -0.00 0.00 0.00 -0.00 0.00 0.00 -0.00 0.00 0.00 -0.00 0.00 0.00 -0.00 0.00 0.00 -0.00 0.00
-0.0000 0.0218 0.0000 0.00 -0.00 0.00 0.00 -0.00 0.00 0.00 -0.00 0.00 0.00 -0.00 0.00 0.00 -0.00 0.00 0.00 -0.00 0.00 0.00 -0.00 0.00 0.00 -0.00 0.00 0.00 -0.00 0.00 0.00 -0.00 0.00 0.00 -0.00 0.00 0.00 -0.00 0.00 0.00 -0.00 0.00 0.00 -0.00 0.00 0.00 -0.00 0.00 0.00 -0.00 0.00 0.00 -0.00 0.00 0.00 -0.00 0.00 69.06 -37.95 134.56 -0.00 23.42 -0.00 -6.28 10.14 20.11 -1.35 12.81 32.73 0.00 0.00 -0.00 2.00 -0.02 0.61 -0.05 -0.29 8.55 -0.04 -0.15 4.31 0.00 0.00 -0.00 -0.00 0.00 1.62 -0.00 -0.00 16.38 -0.00 0.00 8.49 0.00 0.00 -0.00 -2.00 0.08 2.24 0.26 0.63 19.89 0.20 0.31 10.45 0.00 0.00 -0.00 -4.00 0.02 0.25 0.02 0.30 4.34 0.02 0.15 2.16 0.00 -0.00 0.00 0.00 -0.00 0.00 0.00 -0.00 0.00 0.00 -0.00 0.00 0.00 -0.00 0.00 0.00 -0.00 0.00 0.00 -0.00 0.00 0.00 -0.00 0.00 0.00 -0.00 0.00 0.00 -0.00 0.00 0.00 -0.00 0.00 0.00 -0.00 0.00 0.00 -0.00 0.00 0.00 -0.00 0.00 0.00 -0.00 0.00 0.00 -0.00 0.00 0.00 -0.00 0.00 0.00 -0.00 0.00 0.00 -0.00 0.00 0.00 -0.00 0.00 0.00 -0.00 0.00 0.00 -0.00 0.00 0.00 -0.00 0.00
-0.0000 0.0216 0.0000 0.00 -0.00 0.00 0.00 -0.00 0.00 0.00 -0.00 0.00 0.00 -0.00 0.00 0.00 -0.00 0.00 0.00 -0.00 0.00 0.00 -0.00 0.00 0.00 -0.00 0.00 0.00 -0.00 0.00 0.00 -0.00 0.00 0.00 -0.00 0.00 0.00 -0.00 0.00 0.00 -0.00 0.00 0.00 -0.00 0.00 0.00 -0.00 0.00 0.00 -0.00 0.00 0.00 -0.00 0.00 0.00 -0.00 0.00 69.06 -37.95 134.56 -0.00 23.42 -0.00 -6.28 10.14 20.11 -1.35 12.81 32.73 0.00 0.00 -0.00 2.00 -0.02 0.61 -0.05 -0.29 8.55 -0.04 -0.15 4.31 0.00 0.00 -0.00 -0.00 0.00 1.62 -0.00 -0.00 16.38 -0.00 0.00 8.49 0.00 0.00 -0.00 -2.00 0.08 2.24 0.26 0.63 19.89 0.20 0.31 10.45 0.00 0.00 -0.00 -4.00 0.02 0.25 0.02 0.30 4.34 0.02 0.15 2.16 0.00 -0.00 0.00 0.00 -0.00 0.00 0.00 -0.00 0.00 0.00 -0.00 0.00 0.00 -0.00 0.00 0.00 -0.00 0.00 0.00 -0.00 0.00 0.00 -0.00 0.00 0.00 -0.00 0.00 0.00 -0.00 0.00 0.00 -0.00 0.00 0.00 -0.00 0.00 0.00 -0.00 0.00 0.00 -0.00 0.00 0.00 -0.00 0.00 0.00 -0.00 0.00 0.00 -0.00 0.00 0.00 -0.00 0.00 0.00 -0.00 0.00 0.00 -0.00 0.00 0.00 -0.00 0.00 0.00 -0.00 0.00 0.00 -0.00 0.00
-0.0000 0.0214 0.0000 0.00 -0.00 0.00 0.00 -0.00 0.00 0.00 -0.00 0.00 0.00 -0.00 0.00 0.00 -0.00 0.00 0.00 -0.00 0.00 0.00 -0.00 0.00 0.00 -0.00 0.00 0.00 -0.00 0.00 0.00 -0.00 0.00 0.00 -0.00 0.00 0.00 -0.00 0.00 0.00 -0.00 0.00 0.00 -0.00 0.00 0.00 -0.00 0.00 0.00 -0.00 0.00 0.00 -0.00 0.00 0.00 -0.00 0.00 69.06 -37.95 134.56 -0.00 23.42 -0.00 -6.28 10.14 20.11 -1.35 12.81 32.73 0.00 0.00 -0.00 2.00 -0.02 0.61 -0.05 -0.29 8.55 -0.04 -0.15 4.31 0.00 0.00 -0.00 -0.00 0.00 1.62 -0.00 -0.00 16.38 -0.00 0.00 8.49 0.00 0.00 -0.00 -2.00 0.08 2.24 0.26 0.63 19.89 0.20 0.31 10.45 0.00 0.00 -0.00 -4.00 0.02 0.25 0.02 0.30 4.34 0.02 0.15 2.16 0.00 -0.00 0.00 0.00 -0.00 0.00 0.00 -0.00 0.00 0.00 -0.00 0.00 0.00 -0.00 0.00 0.00 -0.00 0.00 0.00 -0.00 0.00 0.00 -0.00 0.00 0.00 -0.00 0.00 0.00 -0.00 0.00 0.00 -0.00 0.00 0.00 -0.00 0.00 0.00 -0.00 0.00 0.00 -0.00 0.00 0.00 -0.00 0.00 0.00 -0.00 0.00 0.00 -0.00 0.00 0.00 -0.00 0.00 0.00 -0.00 0.00 0.00 -0.00 0.00 0.00 -0.00 0.00 0.00 -0.00 0.00 0.00 -0.00 0.00
-0.0000 0.0219 0.0000 0.00 -0.00 0.00 0.00 -0.00 0.00 0.00 -0.00 0.00 0.00 -0.00 0.00 0.00 -0.00 0.00 0.00 -0.00 0.00 0.00 -0.00 0.00 0.00 -0.00 0.00 0.00 -0.00 0.00 0.00 -0.00 0.00 0.00 -0.00 0.00 0.00 -0.00 0.00 0.00 -0.00 0.00 0.00 -0.00 0.00 0.00 -0.00 0.00 0.00 -0.00 0.00 0.00 -0.00 0.00 0.00 -0.00 0.00 69.06 -37.95 134.56 -0.00 23.42 -0.00 -6.28 10.14 20.11 -1.35 12.81 32.73 0.00 0.00 -0.00 2.00 -0.02 0.61 -0.05 -0.29 8.55 -0.04 -0.15 4.31 0.00 0.00 -0.00 -0.00 0.00 1.62 -0.00 -0.00 16.38 -0.00 0.00 8.49 0.00 0.00 -0.00 -2.00 0.08 2.24 0.26 0.63 19.89 0.20 0.31 10.45 0.00 0.00 -0.00 -4.00 0.02 0.25 0.02 0.30 4.34 0.02 0.15 2.16 0.00 -0.00 0.00 0.00 -0.00 0.00 0.00 -0.00 0.00 0.00 -0.00 0.00 0.00 -0.00 0.00 0.00 -0.00 0.00 0.00 -0.00 0.00 0.00 -0.00 0.00 0.00 -0.00 0.00 0.00 -0.00 0.00 0.00 -0.00 0.00 0.00 -0.00 0.00 0.00 -0.00 0.00 0.00 -0.00 0.00 0.00 -0.00 0.00 0.00 -0.00 0.00 0.00 -0.00 0.00 0.00 -0.00 0.00 0.00 -0.00 0.00 0.00 -0.00 0.00 0.00 -0.00 0.00 0.00 -0.00 0.00 0.00 -0.00 0.00
-0.0000 0.0212 0.0000 0.00 -0.00 0.00 0.00 -0.00 0.00 0.00 -0.00 0.00 0.00 -0.00 0.00 0.00 -0.00 0.00 0.00 -0.00 0.00 0.00 -0.00 0.00 0.00 -0.00 0.00 0.00 -0.00 0.00 0.00 -0.00 0.00 0.00 -0.00 0.00 0.00 -0.00 0.00 0.00 -0.00 0.00 0.00 -0.00 0.00 0.00 -0.00 0.00 0.00 -0.00 0.00 0.00 -0.00 0.00 0.00 -0.00 0.00 69.06 -37.95 134.56 -0.00 23.42 -0.00 -6.28 10.14 20.11 -1.35 12.81 32.73 0.00 0.00 -0.00 2.00 -0.02 0.61 -0.05 -0.29 8.55 -0.04 -0.15 4.31 0.00 0.00 -0.00 -0.00 0.00 1.62 -0.00 -0.00 16.38 -0.00 0.00 8.49 0.00 0.00 -0.00 -2.00 0.08 2.24 0.26 0.63 19.89 0.20 0.31 10.45 0.00 0.00 -0.00 -4.00 0.02 0.25 0.02 0.30 4.34 0.02 0.15 2.16 0.00 -0.00 0.00 0.00 -0.00 0.00 0.00 -0.00 0.00 0.00 -0.00 0.00 0.00 -0.00 0.00 0.00 -0.00 0.00 0.00 -0.00 0.00 0.00 -0.00 0.00 0.00 -0.00 0.00 0.00 -0.00 0.00 0.00 -0.00 0.00 0.00 -0.00 0.00 0.00 -0.00 0.00 0.00 -0.00 0.00 0.00 -0.00 0.00 0.00 -0.00 0.00 0.00 -0.00 0.00 0.00 -0.00 0.00 0.00 -0.00 0.00 0.00 -0.00 0.00 0.00 -0.00 0.00 0.00 -0.00 0.00 0.00 -0.00 0.00
-0.0000 0.0211 0.0000 0.00 -0.00 0.00 0.00 -0.00 0.00 0.00 -0.00 0.00 0.00 -0.00 0.00 0.00 -0.00 0.00 0.00 -0.00 0.00 0.00 -0.00 0.00 0.00 -0.00 0.00 0.00 -0.00 0.00 0.00 -0.00 0.00 0.00 -0.00 0.00 0.00 -0.00 0.00 0.00 -0.00 0.00 0.00 -0.00 0.00 0.00 -0.00 0.00 0.00 -0.00 0.00 0.00 -0.00 0.00 0.00 -0.00 0.00 69.06 -37.95 134.56 -0.00 23.42 -0.00 -6.28 10.14 20.11 -1.35 12.81 32.73 0.00 0.00 -0.00 2.00 -0.02 0.61 -0.05 -0.29 8.55 -0.04 -0.15 4.31 0.00 0.00 -0.00 -0.00 0.00 1.62 -0.00 -0.00 16.38 -0.00 0.00 8.49 0.00 0.00 -0.00 -2.00 0.08 2.24 0.26 0.63 19.89 0.20 0.31 10.45 0.00 0.00 -0.00 -4.00 0.02 0.25 0.02 0.30 4.34 0.02 0.15 2.16 0.00 -0.00 0.00 0.00 -0.00 0.00 0.00 -0.00 0.00 0.00 -0.00 0.00 0.00 -0.00 0.00 0.00 -0.00 0.00 0.00 -0.00 0.00 0.00 -0.00 0.00 0.00 -0.00 0.00 0.00 -0.00 0.00 0.00 -0.00 0.00 0.00 -0.00 0.00 0.00 -0.00 0.00 0.00 -0.00 0.00 0.00 -0.00 0.00 0.00 -0.00 0.00 0.00 -0.00 0.00 0.00 -0.00 0.00 0.00 -0.00 0.00 0.00 -0.00 0.00 0.00 -0.00 0.00 0.00 -0.00 0.00 0.00 -0.00 0.00
-0.0000 0.0212 0.0000 0.00 -0.00 0.00 0.00 -0.00 0.00 0.00 -0.00 0.00 0.00 -0.00 0.00 0.00 -0.00 0.00 0.00 -0.00 0.00 0.00 -0.00 0.00 0.00 -0.00 0.00 0.00 -0.00 0.00 0.00 -0.00 0.00 0.00 -0.00 0.00 0.00 -0.00 0.00 0.00 -0.00 0.00 0.00 -0.00 0.00 0.00 -0.00 0.00 0.00 -0.00 0.00 0.00 -0.00 0.00 0.00 -0.00 0.00 69.06 -37.95 134.56 -0.00 23.42 -0.00 -6.28 10.14 20.11 -1.35 12.81 32.73 0.00 0.00 -0.00 2.00 -0.02 0.61 -0.05 -0.29 8.55 -0.04 -0.15 4.31 0.00 0.00 -0.00 -0.00 0.00 1.62 -0.00 -0.00 16.38 -0.00 0.00 8.49 0.00 0.00 -0.00 -2.00 0.08 2.24 0.26 0.63 19.89 0.20 0.31 10.45 0.00 0.00 -0.00 -4.00 0.02 0.25 0.02 0.30 4.34 0.02 0.15 2.16 0.00 -0.00 0.00 0.00 -0.00 0.00 0.00 -0.00 0.00 0.00 -0.00 0.00 0.00 -0.00 0.00 0.00 -0.00 0.00 0.00 -0.00 0.00 0.00 -0.00 0.00 0.00 -0.00 0.00 0.00 -0.00 0.00 0.00 -0.00 0.00 0.00 -0.00 0.00 0.00 -0.00 0.00 0.00 -0.00 0.00 0.00 -0.00 0.00 0.00 -0.00 0.00 0.00 -0.00 0.00 0.00 -0.00 0.00 0.00 -0.00 0.00 0.00 -0.00 0.00 0.00 -0.00 0.00 0.00 -0.00 0.00 0.00 -0.00 0.00
-0.0000 0.0210 0.0000 0.00 -0.00 0.00 0.00 -0.00 0.00 0.00 -0.00 0.00 0.00 -0.00 0.00 0.00 -0.00 0.00 0.00 -0.00 0.00 0.00 -0.00 0.00 0.00 -0.00 0.00 0.00 -0.00 0.00 0.00 -0.00 0.00 0.00 -0.00 0.00 0.00 -0.00 0.00 0.00 -0.00 0.00 0.00 -0.00 0.00 0.00 -0.00 0.00 0.00 -0.00 0.00 0.00 -0.00 0.00 0.00 -0.00 0.00 69.06 -37.95 134.56 -0.00 23.42 -0.00 -6.28 10.14 20.11 -1.35 12.81 32.73 0.00 0.00 -0.00 2.00 -0.02 0.61 -0.05 -0.29 8.55 -0.04 -0.15 4.31 0.00 0.00 -0.00 -0.00 0.00 1.62 -0.00 -0.00 16.38 -0.00 0.00 8.49 0.00 0.00 -0.00 -2.00 0.08 2.24 0.26 0.63 19.89 0.20 0.31 10.45 0.00 0.00 -0.00 -4.00 0.02 0.25 0.02 0.30 4.34 0.02 0.15 2.16 0.00 -0.00 0.00 0.00 -0.00 0.00 0.00 -0.00 0.00 0.00 -0.00 0.00 0.00 -0.00 0.00 0.00 -0.00 0.00 0.00 -0.00 0.00 0.00 -0.00 0.00 0.00 -0.00 0.00 0.00 -0.00 0.00 0.00 -0.00 0.00 0.00 -0.00 0.00 0.00 -0.00 0.00 0.00 -0.00 0.00 0.00 -0.00 0.00 0.00 -0.00 0.00 0.00 -0.00 0.00 0.00 -0.00 0.00 0.00 -0.00 0.00 0.00 -0.00 0.00 0.00 -0.00 0.00 0.00 -0.00 0.00 0.00 -0.00 0.00
-0.0000 0.0216 0.0000 0.00 -0.00 0.00 0.00 -0.00 0.00 0.00 -0.00 0.00 0.00 -0.00 0.00 0.00 -0.00 0.00 0.00 -0.00 0.00 0.00 -0.00 0.00 0.00 -0.00 0.00 0.00 -0.00 0.00 0.00 -0.00 0.00 0.00 -0.00 0.00 0.00 -0.00 0.00 0.00 -0.00 0.00 0.00 -0.00 0.00 0.00 -0.00 0.00 0.00 -0.00 0.00 0.00 -0.00 0.00 0.00 -0.00 0.00 69.06 -37.95 134.56 -0.00 23.42 -0.00 -6.28 10.14 20.11 -1.35 12.81 32.73 0.00 0.00 -0.00 2.00 -0.02 0.61 -0.05 -0.29 8.55 -0.04 -0.15 4.31 0.00 0.00 -0.00 -0.00 0.00 1.62 -0.00 -0.00 16.38 -0.00 0.00 8.49 0.00 0.00 -0.00 -2.00 0.08 2.24 0.26 0.63 19.89 0.20 0.31 10.45 0.00 0.00 -0.00 -4.00 0.02 0.25 0.02 0.30 4.34 0.02 0.15 2.16 0.00 -0.00 0.00 0.00 -0.00 0.00 0.00 -0.00 0.00 0.00 -0.00 0.00 0.00 -0.00 0.00 0.00 -0.00 0.00 0.00 -0.00 0.00 0.00 -0.00 0.00 0.00 -0.00 0.00 0.00 -0.00 0.00 0.00 -0.00 0.00 0.00 -0.00 0.00 0.00 -0.00 0.00 0.00 -0.00 0.00 0.00 -0.00 0.00 0.00 -0.00 0.00 0.00 -0.00 0.00 0.00 -0.00 0.00 0.00 -0.00 0.00 0.00 -0.00 0.00 0.00 -0.00 0.00 0.00 -0.00 0.00 0.00 -0.00 0.00
-0.0000 0.0212 0.0000 0.00 -0.00 0.00 0.00 -0.00 0.00 0.00 -0.00 0.00 0.00 -0.00 0.00 0.00 -0.00 0.00 0.00 -0.00 0.00 0.00 -0.00 0.00 0.00 -0.00 0.00 0.00 -0.00 0.00 0.00 -0.00 0.00 0.00 -0.00 0.00 0.00 -0.00 0.00 0.00 -0.00 0.00 0.00 -0.00 0.00 0.00 -0.00 0.00 0.00 -0.00 0.00 0.00 -0.00 0.00 0.00 -0.00 0.00 69.06 -37.95 134.56 -0.00 23.42 -0.00 -6.28 10.14 20.11 -1.35 12.81 32.73 0.00 0.00 -0.00 2.00 -0.02 0.61 -0.05 -0.29 8.55 -0.04 -0.15 4.31 0.00 0.00 -0.00 -0.00 0.00 1.62 -0.00 -0.00 16.38 -0.00 0.00 8.49 0.00 0.00 -0.00 -2.00 0.08 2.24 0.26 0.63 19.89 0.20 0.31 10.45 0.00 0.00 -0.00 -4.00 0.02 0.25 0.02 0.30 4.34 0.02 0.15 2.16 0.00 -0.00 0.00 0.00 -0.00 0.00 0.00 -0.00 0.00 0.00 -0.00 0.00 0.00 -0.00 0.00 0.00 -0.00 0.00 0.00 -0.00 0.00 0.00 -0.00 0.00 0.00 -0.00 0.00 0.00 -0.00 0.00 0.00 -0.00 0.00 0.00 -0.00 0.00 0.00 -0.00 0.00 0.00 -0.00 0.00 0.00 -0.00 0.00 0.00 -0.00 0.00 0.00 -0.00 0.00 0.00 -0.00 0.00 0.00 -0.00 0.00 0.00 -0.00 0.00 0.00 -0.00 0.00 0.00 -0.00 0.00 0.00 -0.00 0.00
-0.0000 0.0198 0.0000 0.00 -0.00 0.00 0.00 -0.00 0.00 0.00 -0.00 0.00 0.00 -0.00 0.00 0.00 -0.00 0.00 0.00 -0.00 0.00 0.00 -0.00 0.00 0.00 -0.00 0.00 0.00 -0.00 0.00 0.00 -0.00 0.00 0.00 -0.00 0.00 0.00 -0.00 0.00 0.00 -0.00 0.00 0.00 -0.00 0.00 0.00 -0.00 0.00 0.00 -0.00 0.00 0.00 -0.00 0.00 0.00 -0.00 0.00 69.06 -37.95 134.56 -0.00 23.42 -0.00 -6.28 10.14 20.11 -1.35 12.81 32.73 0.00 0.00 -0.00 2.00 -0.02 0.61 -0.05 -0.29 8.55 -0.04 -0.15 4.31 0.00 0.00 -0.00 -0.00 0.00 1.62 -0.00 -0.00 16.38 -0.00 0.00 8.49 0.00 0.00 -0.00 -2.00 0.08 2.24 0.26 0.63 19.89 0.20 0.31 10.45 0.00 0.00 -0.00 -4.00 0.02 0.25 0.02 0.30 4.34 0.02 0.15 2.16 0.00 -0.00 0.00 0.00 -0.00 0.00 0.00 -0.00 0.00 0.00 -0.00 0.00 0.00 -0.00 0.00 0.00 -0.00 0.00 0.00 -0.00 0.00 0.00 -0.00 0.00 0.00 -0.00 0.00 0.00 -0.00 0.00 0.00 -0.00 0.00 0.00 -0.00 0.00 0.00 -0.00 0.00 0.00 -0.00 0.00 0.00 -0.00 0.00 0.00 -0.00 0.00 0.00 -0.00 0.00 0.00 -0.00 0.00 0.00 -0.00 0.00 0.00 -0.00 0.00 0.00 -0.00 0.00 0.00 -0.00 0.00 0.00 -0.00 0.00
-0.0000 0.0197 0.0000 0.00 -0.00 0.00 0.00 -0.00 0.00 0.00 -0.00 0.00 0.00 -0.00 0.00 0.00 -0.00 0.00 0.00 -0.00 0.00 0.00 -0.00 0.00 0.00 -0.00 0.00 0.00 -0.00 0.00 0.00 -0.00 0.00 0.00 -0.00 0.00 0.00 -0.00 0.00 0.00 -0.00 0.00 0.00 -0.00 0.00 0.00 -0.00 0.00 0.00 -0.00 0.00 0.00 -0.00 0.00 0.00 -0.00 0.00 69.06 -37.95 134.56 -0.00 23.42 -0.00 -6.28 10.14 20.11 -1.35 12.81 32.73 0.00 0.00 -0.00 2.00 -0.02 0.61 -0.05 -0.29 8.55 -0.04 -0.15 4.31 0.00 0.00 -0.00 -0.00 0.00 1.62 -0.00 -0.00 16.38 -0.00 0.00 8.49 0.00 0.00 -0.00 -2.00 0.08 2.24 0.26 0.63 19.89 0.20 0.31 10.45 0.00 0.00 -0.00 -4.00 0.02 0.25 0.02 0.30 4.34 0.02 0.15 2.16 0.00 -0.00 0.00 0.00 -0.00 0.00 0.00 -0.00 0.00 0.00 -0.00 0.00 0.00 -0.00 0.00 0.00 -0.00 0.00 0.00 -0.00 0.00 0.00 -0.00 0.00 0.00 -0.00 0.00 0.00 -0.00 0.00 0.00 -0.00 0.00 0.00 -0.00 0.00 0.00 -0.00 0.00 0.00 -0.00 0.00 0.00 -0.00 0.00 0.00 -0.00 0.00 0.00 -0.00 0.00 0.00 -0.00 0.00 0.00 -0.00 0.00 0.00 -0.00 0.00 0.00 -0.00 0.00 0.00 -0.00 0.00 0.00 -0.00 0.00
-0.0000 0.0208 0.0000 0.00 -0.00 0.00 0.00 -0.00 0.00 0.00 -0.00 0.00 0.00 -0.00 0.00 0.00 -0.00 0.00 0.00 -0.00 0.00 0.00 -0.00 0.00 0.00 -0.00 0.00 0.00 -0.00 0.00 0.00 -0.00 0.00 0.00 -0.00 0.00 0.00 -0.00 0.00 0.00 -0.00 0.00 0.00 -0.00 0.00 0.00 -0.00 0.00 0.00 -0.00 0.00 0.00 -0.00 0.00 0.00 -0.00 0.00 69.06 -37.95 134.56 -0.00 23.42 -0.00 -6.28 10.14 20.11 -1.35 12.81 32.73 0.00 0.00 -0.00 2.00 -0.02 0.61 -0.05 -0.29 8.55 -0.04 -0.15 4.31 0.00 0.00 -0.00 -0.00 0.00 1.62 -0.00 -0.00 16.38 -0.00 0.00 8.49 0.00 0.00 -0.00 -2.00 0.08 2.24 0.26 0.63 19.89 0.20 0.31 10.45 0.00 0.00 -0.00 -4.00 0.02 0.25 0.02 0.30 4.34 0.02 0.15 2.16 0.00 -0.00 0.00 0.00 -0.00 0.00 0.00 -0.00 0.00 0.00 -0.00 0.00 0.00 -0.00 0.00 0.00 -0.00 0.00 0.00 -0.00 0.00 0.00 -0.00 0.00 0.00 -0.00 0.00 0.00 -0.00 0.00 0.00 -0.00 0.00 0.00 -0.00 0.00 0.00 -0.00 0.00 0.00 -0.00 0.00 0.00 -0.00 0.00 0.00 -0.00 0.00 0.00 -0.00 0.00 0.00 -0.00 0.00 0.00 -0.00 0.00 0.00 -0.00 0.00 0.00 -0.00 0.00 0.00 -0.00 0.00 0.00 -0.00 0.00
-0.0000 0.0212 0.0000 0.00 -0.00 0.00 0.00 -0.00 0.00 0.00 -0.00 0.00 0.00 -0.00 0.00 0.00 -0.00 0.00 0.00 -0.00 0.00 0.00 -0.00 0.00 0.00 -0.00 0.00 0.00 -0.00 0.00 0.00 -0.00 0.00 0.00 -0.00 0.00 0.00 -0.00 0.00 0.00 -0.00 0.00 0.00 -0.00 0.00 0.00 -0.00 0.00 0.00 -0.00 0.00 0.00 -0.00 0.00 0.00 -0.00 0.00 69.06 -37.95 134.56 -0.00 23.42 -0.00 -6.28 10.14 20.11 -1.35 12.81 32.73 0.00 0.00 -0.00 2.00 -0.02 0.61 -0.05 -0.29 8.55 -0.04 -0.15 4.31 0.00 0.00 -0.00 -0.00 0.00 1.62 -0.00 -0.00 16.38 -0.00 0.00 8.49 0.00 0.00 -0.00 -2.00 0.08 2.24 0.26 0.63 19.89 0.20 0.31 10.45 0.00 0.00 -0.00 -4.00 0.02 0.25 0.02 0.30 4.34 0.02 0.15 2.16 0.00 -0.00 0.00 0.00 -0.00 0.00 0.00 -0.00 0.00 0.00 -0.00 0.00 0.00 -0.00 0.00 0.00 -0.00 0.00 0.00 -0.00 0.00 0.00 -0.00 0.00 0.00 -0.00 0.00 0.00 -0.00 0.00 0.00 -0.00 0.00 0.00 -0.00 0.00 0.00 -0.00 0.00 0.00 -0.00 0.00 0.00 -0.00 0.00 0.00 -0.00 0.00 0.00 -0.00 0.00 0.00 -0.00 0.00 0.00 -0.00 0.00 0.00 -0.00 0.00 0.00 -0.00 0.00 0.00 -0.00 0.00 0.00 -0.00 0.00
-0.0000 0.0211 0.0000 0.00 -0.00 0.00 0.00 -0.00 0.00 0.00 -0.00 0.00 0.00 -0.00 0.00 0.00 -0.00 0.00 0.00 -0.00 0.00 0.00 -0.00 0.00 0.00 -0.00 0.00 0.00 -0.00 0.00 0.00 -0.00 0.00 0.00 -0.00 0.00 0.00 -0.00 0.00 0.00 -0.00 0.00 0.00 -0.00 0.00 0.00 -0.00 0.00 0.00 -0.00 0.00 0.00 -0.00 0.00 0.00 -0.00 0.00 69.06 -37.95 134.56 -0.00 23.42 -0.00 -6.28 10.14 20.11 -1.35 12.81 32.73 0.00 0.00 -0.00 2.00 -0.02 0.61 -0.05 -0.29 8.55 -0.04 -0.15 4.31 0.00 0.00 -0.00 -0.00 0.00 1.62 -0.00 -0.00 16.38 -0.00 0.00 8.49 0.00 0.00 -0.00 -2.00 0.08 2.24 0.26 0.63 19.89 0.20 0.31 10.45 0.00 0.00 -0.00 -4.00 0.02 0.25 0.02 0.30 4.34 0.02 0.15 2.16 0.00 -0.00 0.00 0.00 -0.00 0.00 0.00 -0.00 0.00 0.00 -0.00 0.00 0.00 -0.00 0.00 0.00 -0.00 0.00 0.00 -0.00 0.00 0.00 -0.00 0.00 0.00 -0.00 0.00 0.00 -0.00 0.00 0.00 -0.00 0.00 0.00 -0.00 0.00 0.00 -0.00 0.00 0.00 -0.00 0.00 0.00 -0.00 0.00 0.00 -0.00 0.00 0.00 -0.00 0.00 0.00 -0.00 0.00 0.00 -0.00 0.00 0.00 -0.00 0.00 0.00 -0.00 0.00 0.00 -0.00 0.00 0.00 -0.00 0.00
-0.0000 0.0208 0.0000 0.00 -0.00 0.00 0.00 -0.00 0.00 0.00 -0.00 0.00 0.00 -0.00 0.00 0.00 -0.00 0.00 0.00 -0.00 0.00 0.00 -0.00 0.00 0.00 -0.00 0.00 0.00 -0.00 0.00 0.00 -0.00 0.00 0.00 -0.00 0.00 0.00 -0.00 0.00 0.00 -0.00 0.00 0.00 -0.00 0.00 0.00 -0.00 0.00 0.00 -0.00 0.00 0.00 -0.00 0.00 0.00 -0.00 0.00 69.06 -37.95 134.56 -0.00 23.42 -0.00 -6.28 10.14 20.11 -1.35 12.81 32.73 0.00 0.00 -0.00 2.00 -0.02 0.61 -0.05 -0.29 8.55 -0.04 -0.15 4.31 0.00 0.00 -0.00 -0.00 0.00 1.62 -0.00 -0.00 16.38 -0.00 0.00 8.49 0.00 0.00 -0.00 -2.00 0.08 2.24 0.26 0.63 19.89 0.20 0.31 10.45 0.00 0.00 -0.00 -4.00 0.02 0.25 0.02 0.30 4.34 0.02 0.15 2.16 0.00 -0.00 0.00 0.00 -0.00 0.00 0.00 -0.00 0.00 0.00 -0.00 0.00 0.00 -0.00 0.00 0.00 -0.00 0.00 0.00 -0.00 0.00 0.00 -0.00 0.00 0.00 -0.00 0.00 0.00 -0.00 0.00 0.00 -0.00 0.00 0.00 -0.00 0.00 0.00 -0.00 0.00 0.00 -0.00 0.00 0.00 -0.00 0.00 0.00 -0.00 0.00 0.00 -0.00 0.00 0.00 -0.00 0.00 0.00 -0.00 0.00 0.00 -0.00 0.00 0.00 -0.00 0.00 0.00 -0.00 0.00 0.00 -0.00 0.00
-0.0000 0.0207 0.0000 0.00 -0.00 0.00 0.00 -0.00 0.00 0.00 -0.00 0.00 0.00 -0.00 0.00 0.00 -0.00 0.00 0.00 -0.00 0.00 0.00 -0.00 0.00 0.00 -0.00 0.00 0.00 -0.00 0.00 0.00 -0.00 0.00 0.00 -0.00 0.00 0.00 -0.00 0.00 0.00 -0.00 0.00 0.00 -0.00 0.00 0.00 -0.00 0.00 0.00 -0.00 0.00 0.00 -0.00 0.00 0.00 -0.00 0.00 69.06 -37.95 134.56 -0.00 23.42 -0.00 -6.28 10.14 20.11 -1.35 12.81 32.73 0.00 0.00 -0.00 2.00 -0.02 0.61 -0.05 -0.29 8.55 -0.04 -0.15 4.31 0.00 0.00 -0.00 -0.00 0.00 1.62 -0.00 -0.00 16.38 -0.00 0.00 8.49 0.00 0.00 -0.00 -2.00 0.08 2.24 0.26 0.63 19.89 0.20 0.31 10.45 0.00 0.00 -0.00 -4.00 0.02 0.25 0.02 0.30 4.34 0.02 0.15 2.16 0.00 -0.00 0.00 0.00 -0.00 0.00 0.00 -0.00 0.00 0.00 -0.00 0.00 0.00 -0.00 0.00 0.00 -0.00 0.00 0.00 -0.00 0.00 0.00 -0.00 0.00 0.00 -0.00 0.00 0.00 -0.00 0.00 0.00 -0.00 0.00 0.00 -0.00 0.00 0.00 -0.00 0.00 0.00 -0.00 0.00 0.00 -0.00 0.00 0.00 -0.00 0.00 0.00 -0.00 0.00 0.00 -0.00 0.00 0.00 -0.00 0.00 0.00 -0.00 0.00 0.00 -0.00 0.00 0.00 -0.00 0.00 0.00 -0.00 0.00
-0.0000 0.0211 0.0000 0.00 -0.00 0.00 0.00 -0.00 0.00 0.00 -0.00 0.00 0.00 -0.00 0.00 0.00 -0.00 0.00 0.00 -0.00 0.00 0.00 -0.00 0.00 0.00 -0.00 0.00 0.00 -0.00 0.00 0.00 -0.00 0.00 0.00 -0.00 0.00 0.00 -0.00 0.00 0.00 -0.00 0.00 0.00 -0.00 0.00 0.00 -0.00 0.00 0.00 -0.00 0.00 0.00 -0.00 0.00 0.00 -0.00 0.00 69.06 -37.95 134.56 -0.00 23.42 -0.00 -6.28 10.14 20.11 -1.35 12.81 32.73 0.00 0.00 -0.00 2.00 -0.02 0.61 -0.05 -0.29 8.55 -0.04 -0.15 4.31 0.00 0.00 -0.00 -0.00 0.00 1.62 -0.00 -0.00 16.38 -0.00 0.00 8.49 0.00 0.00 -0.00 -2.00 0.08 2.24 0.26 0.63 19.89 0.20 0.31 10.45 0.00 0.00 -0.00 -4.00 0.02 0.25 0.02 0.30 4.34 0.02 0.15 2.16 0.00 -0.00 0.00 0.00 -0.00 0.00 0.00 -0.00 0.00 0.00 -0.00 0.00 0.00 -0.00 0.00 0.00 -0.00 0.00 0.00 -0.00 0.00 0.00 -0.00 0.00 0.00 -0.00 0.00 0.00 -0.00 0.00 0.00 -0.00 0.00 0.00 -0.00 0.00 0.00 -0.00 0.00 0.00 -0.00 0.00 0.00 -0.00 0.00 0.00 -0.00 0.00 0.00 -0.00 0.00 0.00 -0.00 0.00 0.00 -0.00 0.00 0.00 -0.00 0.00 0.00 -0.00 0.00 0.00 -0.00 0.00 0.00 -0.00 0.00
-0.0000 0.0215 0.0000 0.00 -0.00 0.00 0.00 -0.00 0.00 0.00 -0.00 0.00 0.00 -0.00 0.00 0.00 -0.00 0.00 0.00 -0.00 0.00 0.00 -0.00 0.00 0.00 -0.00 0.00 0.00 -0.00 0.00 0.00 -0.00 0.00 0.00 -0.00 0.00 0.00 -0.00 0.00 0.00 -0.00 0.00 0.00 -0.00 0.00 0.00 -0.00 0.00 0.00 -0.00 0.00 0.00 -0.00 0.00 0.00 -0.00 0.00 69.06 -37.95 134.56 -0.00 23.42 -0.00 -6.28 10.14 20.11 -1.35 12.81 32.73 0.00 0.00 -0.00 2.00 -0.02 0.61 -0.05 -0.29 8.55 -0.04 -0.15 4.31 0.00 0.00 -0.00 -0.00 0.00 1.62 0.00 -0.00 16.38 0.00 -0.00 8.49 0.00 0.00 -0.00 -2.00 0.08 2.24 0.26 0.63 19.89 0.20 0.31 10.45 0.00 0.00 -0.00 -4.00 0.02 0.25 0.02 0.30 4.34 0.02 0.15 2.16 0.00 -0.00 0.00 0.00 -0.00 0.00 0.00 -0.00 0.00 0.00 -0.00 0.00 0.00 -0.00 0.00 0.00 -0.00 0.00 0.00 -0.00 0.00 0.00 -0.00 0.00 0.00 -0.00 0.00 0.00 -0.00 0.00 0.00 -0.00 0.00 0.00 -0.00 0.00 0.00 -0.00 0.00 0.00 -0.00 0.00 0.00 -0.00 0.00 0.00 -0.00 0.00 0.00 -0.00 0.00 0.00 -0.00 0.00 0.00 -0.00 0.00 0.00 -0.00 0.00 0.00 -0.00 0.00 0.00 -0.00 0.00 0.00 -0.00 0.00
-0.0000 0.0218 0.0000 0.00 -0.00 0.00 0.00 -0.00 0.00 0.00 -0.00 0.00 0.00 -0.00 0.00 0.00 -0.00 0.00 0.00 -0.00 0.00 0.00 -0.00 0.00 0.00 -0.00 0.00 0.00 -0.00 0.00 0.00 -0.00 0.00 0.00 -0.00 0.00 0.00 -0.00 0.00 0.00 -0.00 0.00 0.00 -0.00 0.00 0.00 -0.00 0.00 0.00 -0.00 0.00 0.00 -0.00 0.00 0.00 -0.00 0.00 69.06 -37.95 134.56 -0.00 23.42 -0.00 -6.28 10.14 20.11 -1.35 12.81 32.73 0.00 0.00 -0.00 2.00 -0.02 0.61 -0.05 -0.29 8.55 -0.04 -0.15 4.31 0.00 0.00 -0.00 -0.00 0.00 1.62 -0.00 -0.00 16.38 0.00 -0.00 8.49 0.00 0.00 -0.00 -2.00 0.08 2.24 0.26 0.63 19.89 0.20 0.31 10.45 0.00 0.00 -0.00 -4.00 0.02 0.25 0.02 0.30 4.34 0.02 0.15 2.16 0.00 -0.00 0.00 0.00 -0.00 0.00 0.00 -0.00 0.00 0.00 -0.00 0.00 0.00 -0.00 0.00 0.00 -0.00 0.00 0.00 -0.00 0.00 0.00 -0.00 0.00 0.00 -0.00 0.00 0.00 -0.00 0.00 0.00 -0.00 0.00 0.00 -0.00 0.00 0.00 -0.00 0.00 0.00 -0.00 0.00 0.00 -0.00 0.00 0.00 -0.00 0.00 0.00 -0.00 0.00 0.00 -0.00 0.00 0.00 -0.00 0.00 0.00 -0.00 0.00 0.00 -0.00 0.00 0.00 -0.00 0.00 0.00 -0.00 0.00
-0.0000 0.0220 0.0000 0.00 -0.00 0.00 0.00 -0.00 0.00 0.00 -0.00 0.00 0.00 -0.00 0.00 0.00 -0.00 0.00 0.00 -0.00 0.00 0.00 -0.00 0.00 0.00 -0.00 0.00 0.00 -0.00 0.00 0.00 -0.00 0.00 0.00 -0.00 0.00 0.00 -0.00 0.00 0.00 -0.00 0.00 0.00 -0.00 0.00 0.00 -0.00 0.00 0.00 -0.00 0.00 0.00 -0.00 0.00 0.00 -0.00 0.00 69.06 -37.95 134.56 -0.00 23.42 -0.00 -6.28 10.14 20.11 -1.35 12.81 32.73 0.00 0.00 -0.00 2.00 -0.02 0.61 -0.05 -0.29 8.55 -0.04 -0.15 4.31 0.00 0.00 -0.00 -0.00 -0.00 1.62 -0.00 0.00 16.38 -0.00 0.00 8.49 0.00 0.00 -0.00 -2.00 0.08 2.24 0.26 0.63 19.89 0.20 0.31 10.45 0.00 0.00 -0.00 -4.00 0.02 0.25 0.02 0.30 4.34 0.02 0.15 2.16 0.00 -0.00 0.00 0.00 -0.00 0.00 0.00 -0.00 0.00 0.00 -0.00 0.00 0.00 -0.00 0.00 0.00 -0.00 0.00 0.00 -0.00 0.00 0.00 -0.00 0.00 0.00 -0.00 0.00 0.00 -0.00 0.00 0.00 -0.00 0.00 0.00 -0.00 0.00 0.00 -0.00 0.00 0.00 -0.00 0.00 0.00 -0.00 0.00 0.00 -0.00 0.00 0.00 -0.00 0.00 0.00 -0.00 0.00 0.00 -0.00 0.00 0.00 -0.00 0.00 0.00 -0.00 0.00 0.00 -0.00 0.00 0.00 -0.00 0.00
-0.0000 0.0220 0.0000 0.00 -0.00 0.00 0.00 -0.00 0.00 0.00 -0.00 0.00 0.00 -0.00 0.00 0.00 -0.00 0.00 0.00 -0.00 0.00 0.00 -0.00 0.00 0.00 -0.00 0.00 0.00 -0.00 0.00 0.00 -0.00 0.00 0.00 -0.00 0.00 0.00 -0.00 0.00 0.00 -0.00 0.00 0.00 -0.00 0.00 0.00 -0.00 0.00 0.00 -0.00 0.00 0.00 -0.00 0.00 0.00 -0.00 0.00 69.06 -37.95 134.56 -0.00 23.42 -0.00 -6.28 10.14 20.11 -1.35 12.81 32.73 0.00 0.00 -0.00 2.00 -0.02 0.61 -0.05 -0.29 8.55 -0.04 -0.15 4.31 0.00 0.00 -0.00 -0.00 0.00 1.62 0.00 -0.00 16.38 -0.00 0.00 8.49 0.00 0.00 -0.00 -2.00 0.08 2.24 0.26 0.63 19.89 0.20 0.31 10.45 0.00 0.00 -0.00 -4.00 0.02 0.25 0.02 0.30 4.34 0.02 0.15 2.16 0.00 -0.00 0.00 0.00 -0.00 0.00 0.00 -0.00 0.00 0.00 -0.00 0.00 0.00 -0.00 0.00 0.00 -0.00 0.00 0.00 -0.00 0.00 0.00 -0.00 0.00 0.00 -0.00 0.00 0.00 -0.00 0.00 0.00 -0.00 0.00 0.00 -0.00 0.00 0.00 -0.00 0.00 0.00 -0.00 0.00 0.00 -0.00 0.00 0.00 -0.00 0.00 0.00 -0.00 0.00 0.00 -0.00 0.00 0.00 -0.00 0.00 0.00 -0.00 0.00 0.00 -0.00 0.00 0.00 -0.00 0.00 0.00 -0.00 0.00
-0.0000 0.0212 0.0000 0.00 -0.00 0.00 0.00 -0.00 0.00 0.00 -0.00 0.00 0.00 -0.00 0.00 0.00 -0.00 0.00 0.00 -0.00 0.00 0.00 -0.00 0.00 0.00 -0.00 0.00 0.00 -0.00 0.00 0.00 -0.00 0.00 0.00 -0.00 0.00 0.00 -0.00 0.00 0.00 -0.00 0.00 0.00 -0.00 0.00 0.00 -0.00 0.00 0.00 -0.00 0.00 0.00 -0.00 0.00 0.00 -0.00 0.00 69.06 -37.95 134.56 -0.00 23.42 -0.00 -6.28 10.14 20.11 -1.35 12.81 32.73 0.00 0.00 -0.00 2.00 -0.02 0.61 -0.05 -0.29 8.56 -0.04 -0.15 4.31 0.00 0.00 -0.00 0.00 -0.00 1.62 -0.00 0.00 16.38 -0.00 -0.00 8.49 0.00 0.00 -0.00 -2.00 0.08 2.24 0.26 0.63 19.89 0.20 0.31 10.45 0.00 0.00 -0.00 -4.00 0.02 0.25 0.02 0.30 4.33 0.02 0.15 2.16 0.00 -0.00 0.00 0.00 -0.00 0.00 0.00 -0.00 0.00 0.00 -0.00 0.00 0.00 -0.00 0.00 0.00 -0.00 0.00 0.00 -0.00 0.00 0.00 -0.00 0.00 0.00 -0.00 0.00 0.00 -0.00 0.00 0.00 -0.00 0.00 0.00 -0.00 0.00 0.00 -0.00 0.00 0.00 -0.00 0.00 0.00 -0.00 0.00 0.00 -0.00 0.00 0.00 -0.00 0.00 0.00 -0.00 0.00 0.00 -0.00 0.00 0.00 -0.00 0.00 0.00 -0.00 0.00 0.00 -0.00 0.00 0.00 -0.00 0.00
-0.0000 0.0211 0.0000 0.00 -0.00 0.00 0.00 -0.00 0.00 0.00 -0.00 0.00 0.00 -0.00 0.00 0.00 -0.00 0.00 0.00 -0.00 0.00 0.00 -0.00 0.00 0.00 -0.00 0.00 0.00 -0.00 0.00 0.00 -0.00 0.00 0.00 -0.00 0.00 0.00 -0.00 0.00 0.00 -0.00 0.00 0.00 -0.00 0.00 0.00 -0.00 0.00 0.00 -0.00 0.00 0.00 -0.00 0.00 0.00 -0.00 0.00 69.06 -37.95 134.56 -0.00 23.42 -0.00 -6.28 10.14 20.11 -1.35 12.81 32.73 0.00 0.00 -0.00 2.00 -0.02 0.61 -0.05 -0.29 8.56 -0.04 -0.15 4.32 0.00 0.00 -0.00 -0.00 -0.00 1.62 -0.00 0.00 16.38 0.00 -0.00 8.49 0.00 0.00 -0.00 -2.00 0.08 2.24 0.26 0.63 19.89 0.20 0.31 10.45 0.00 0.00 -0.00 -4.00 0.02 0.25 0.02 0.30 4.33 0.02 0.15 2.15 0.00 -0.00 0.00 0.00 -0.00 0.00 0.00 -0.00 0.00 0.00 -0.00 0.00 0.00 -0.00 0.00 0.00 -0.00 0.00 0.00 -0.00 0.00 0.00 -0.00 0.00 0.00 -0.00 0.00 0.00 -0.00 0.00 0.00 -0.00 0.00 0.00 -0.00 0.00 0.00 -0.00 0.00 0.00 -0.00 0.00 0.00 -0.00 0.00 0.00 -0.00 0.00 0.00 -0.00 0.00 0.00 -0.00 0.00 0.00 -0.00 0.00 0.00 -0.00 0.00 0.00 -0.00 0.00 0.00 -0.00 0.00 0.00 -0.00 0.00
-0.0000 0.0210 0.0000 0.00 -0.00 0.00 0.00 -0.00 0.00 0.00 -0.00 0.00 0.00 -0.00 0.00 0.00 -0.00 0.00 0.00 -0.00 0.00 0.00 -0.00 0.00 0.00 -0.00 0.00 0.00 -0.00 0.00 0.00 -0.00 0.00 0.00 -0.00 0.00 0.00 -0.00 0.00 0.00 -0.00 0.00 0.00 -0.00 0.00 0.00 -0.00 0.00 0.00 -0.00 0.00 0.00 -0.00 0.00 0.00 -0.00 0.00 69.06 -37.95 134.56 -0.00 23.42 -0.00 -6.28 10.14 20.11 -1.35 12.81 32.73 0.00 0.00 -0.00 2.00 -0.02 0.61 -0.05 -0.29 8.56 -0.04 -0.15 4.32 0.00 0.00 -0.00 0.00 -0.00 1.62 -0.00 0.00 16.38 0.00 -0.00 8.49 0.00 0.00 -0.00 -2.00 0.08 2.24 0.26 0.63 19.89 0.20 0.31 10.45 0.00 0.00 -0.00 -4.00 0.02 0.25 0.02 0.30 4.33 0.02 0.15 2.15 0.00 -0.00 0.00 0.00 -0.00 0.00 0.00 -0.00 0.00 0.00 -0.00 0.00 0.00 -0.00 0.00 0.00 -0.00 0.00 0.00 -0.00 0.00 0.00 -0.00 0.00 0.00 -0.00 0.00 0.00 -0.00 0.00 0.00 -0.00 0.00 0.00 -0.00 0.00 0.00 -0.00 0.00 0.00 -0.00 0.00 0.00 -0.00 0.00 0.00 -0.00 0.00 0.00 -0.00 0.00 0.00 -0.00 0.00 0.00 -0.00 0.00 0.00 -0.00 0.00 0.00 -0.00 0.00 0.00 -0.00 0.00 0.00 -0.00 0.00
-0.0000 0.0205 0.0000 0.00 -0.00 0.00 0.00 -0.00 0.00 0.00 -0.00 0.00 0.00 -0.00 0.00 0.00 -0.00 0.00 0.00 -0.00 0.00 0.00 -0.00 0.00 0.00 -0.00 0.00 0.00 -0.00 0.00 0.00 -0.00 0.00 0.00 -0.00 0.00 0.00 -0.00 0.00 0.00 -0.00 0.00 0.00 -0.00 0.00 0.00 -0.00 0.00 0.00 -0.00 0.00 0.00 -0.00 0.00 0.00 -0.00 0.00 69.06 -37.95 134.56 -0.00 23.42 -0.00 -6.28 10.14 20.11 -1.35 12.81 32.73 0.00 0.00 -0.00 2.00 -0.02 0.61 -0.05 -0.29 8.56 -0.04 -0.15 4.32 0.00 0.00 -0.00 0.00 -0.00 1.62 -0.00 -0.00 16.38 0.00 -0.00 8.49 0.00 0.00 -0.00 -2.00 0.08 2.24 0.26 0.63 19.89 0.20 0.31 10.45 0.00 0.00 -0.00 -4.00 0.02 0.25 0.02 0.30 4.33 0.02 0.15 2.15 0.00 -0.00 0.00 0.00 -0.00 0.00 0.00 -0.00 0.00 0.00 -0.00 0.00 0.00 -0.00 0.00 0.00 -0.00 0.00 0.00 -0.00 0.00 0.00 -0.00 0.00 0.00 -0.00 0.00 0.00 -0.00 0.00 0.00 -0.00 0.00 0.00 -0.00 0.00 0.00 -0.00 0.00 0.00 -0.00 0.00 0.00 -0.00 0.00 0.00 -0.00 0.00 0.00 -0.00 0.00 0.00 -0.00 0.00 0.00 -0.00 0.00 0.00 -0.00 0.00 0.00 -0.00 0.00 0.00 -0.00 0.00 0.00 -0.00 0.00
-0.0000 0.0209 0.0000 0.00 -0.00 0.00 0.00 -0.00 0.00 0.00 -0.00 0.00 0.00 -0.00 0.00 0.00 -0.00 0.00 0.00 -0.00 0.00 0.00 -0.00 0.00 0.00 -0.00 0.00 0.00 -0.00 0.00 0.00 -0.00 0.00 0.00 -0.00 0.00 0.00 -0.00 0.00 0.00 -0.00 0.00 0.00 -0.00 0.00 0.00 -0.00 0.00 0.00 -0.00 0.00 0.00 -0.00 0.00 0.00 -0.00 0.00 69.06 -37.95 134.56 -0.00 23.42 -0.00 -6.28 10.14 20.11 -1.35 12.81 32.73 0.00 0.00 -0.00 2.00 -0.02 0.61 -0.05 -0.29 8.56 -0.04 -0.15 4.32 0.00 0.00 -0.00 0.00 0.00 1.62 -0.00 0.00 16.38 0.00 -0.00 8.49 0.00 0.00 -0.00 -2.00 0.08 2.24 0.26 0.63 19.89 0.20 0.31 10.45 0.00 0.00 -0.00 -4.00 0.02 0.25 0.02 0.30 4.33 0.02 0.15 2.15 0.00 -0.00 0.00 0.00 -0.00 0.00 0.00 -0.00 0.00 0.00 -0.00 0.00 0.00 -0.00 0.00 0.00 -0.00 0.00 0.00 -0.00 0.00 0.00 -0.00 0.00 0.00 -0.00 0.00 0.00 -0.00 0.00 0.00 -0.00 0.00 0.00 -0.00 0.00 0.00 -0.00 0.00 0.00 -0.00 0.00 0.00 -0.00 0.00 0.00 -0.00 0.00 0.00 -0.00 0.00 0.00 -0.00 0.00 0.00 -0.00 0.00 0.00 -0.00 0.00 0.00 -0.00 0.00 0.00 -0.00 0.00 0.00 -0.00 0.00
-0.0000 0.0218 0.0000 0.00 -0.00 0.00 0.00 -0.00 0.00 0.00 -0.00 0.00 0.00 -0.00 0.00 0.00 -0.00 0.00 0.00 -0.00 0.00 0.00 -0.00 0.00 0.00 -0.00 0.00 0.00 -0.00 0.00 0.00 -0.00 0.00 0.00 -0.00 0.00 0.00 -0.00 0.00 0.00 -0.00 0.00 0.00 -0.00 0.00 0.00 -0.00 0.00 0.00 -0.00 0.00 0.00 -0.00 0.00 0.00 -0.00 0.00 69.06 -37.95 134.56 -0.00 23.42 -0.00 -6.28 10.14 20.11 -1.35 12.81 32.73 0.00 0.00 -0.00 2.00 -0.02 0.61 -0.05 -0.29 8.56 -0.04 -0.15 4.32 0.00 0.00 -0.00 0.00 0.00 1.62 -0.00 -0.00 16.38 0.00 -0.00 8.49 0.00 0.00 -0.00 -2.00 0.08 2.24 0.26 0.63 19.89 0.20 0.31 10.45 0.00 0.00 -0.00 -4.00 0.02 0.25 0.02 0.30 4.33 0.02 0.15 2.15 0.00 -0.00 0.00 0.00 -0.00 0.00 0.00 -0.00 0.00 0.00 -0.00 0.00 0.00 -0.00 0.00 0.00 -0.00 0.00 0.00 -0.00 0.00 0.00 -0.00 0.00 0.00 -0.00 0.00 0.00 -0.00 0.00 0.00 -0.00 0.00 0.00 -0.00 0.00 0.00 -0.00 0.00 0.00 -0.00 0.00 0.00 -0.00 0.00 0.00 -0.00 0.00 0.00 -0.00 0.00 0.00 -0.00 0.00 0.00 -0.00 0.00 0.00 -0.00 0.00 0.00 -0.00 0.00 0.00 -0.00 0.00 0.00 -0.00 0.00
-0.0000 0.0215 0.0000 0.00 -0.00 0.00 0.00 -0.00 0.00 0.00 -0.00 0.00 0.00 -0.00 0.00 0.00 -0.00 0.00 0.00 -0.00 0.00 0.00 -0.00 0.00 0.00 -0.00 0.00 0.00 -0.00 0.00 0.00 -0.00 0.00 0.00 -0.00 0.00 0.00 -0.00 0.00 0.00 -0.00 0.00 0.00 -0.00 0.00 0.00 -0.00 0.00 0.00 -0.00 0.00 0.00 -0.00 0.00 0.00 -0.00 0.00 69.06 -37.95 134.56 -0.00 23.42 -0.00 -6.28 10.14 20.11 -1.35 12.81 32.73 0.00 0.00 -0.00 2.00 -0.02 0.61 -0.05 -0.29 8.56 -0.04 -0.15 4.32 0.00 0.00 -0.00 0.00 0.00 1.62 -0.00 -0.00 16.38 0.00 -0.00 8.49 0.00 0.00 -0.00 -2.00 0.08 2.24 0.26 0.63 19.89 0.20 0.31 10.45 0.00 0.00 -0.00 -4.00 0.02 0.25 0.02 0.30 4.33 0.02 0.15 2.15 0.00 -0.00 0.00 0.00 -0.00 0.00 0.00 -0.00 0.00 0.00 -0.00 0.00 0.00 -0.00 0.00 0.00 -0.00 0.00 0.00 -0.00 0.00 0.00 -0.00 0.00 0.00 -0.00 0.00 0.00 -0.00 0.00 0.00 -0.00 0.00 0.00 -0.00 0.00 0.00 -0.00 0.00 0.00 -0.00 0.00 0.00 -0.00 0.00 0.00 -0.00 0.00 0.00 -0.00 0.00 0.00 -0.00 0.00 0.00 -0.00 0.00 0.00 -0.00 0.00 0.00 -0.00 0.00 0.00 -0.00 0.00 0.00 -0.00 0.00
-0.0000 0.0208 0.0000 0.00 -0.00 0.00 0.00 -0.00 0.00 0.00 -0.00 0.00 0.00 -0.00 0.00 0.00 -0.00 0.00 0.00 -0.00 0.00 0.00 -0.00 0.00 0.00 -0.00 0.00 0.00 -0.00 0.00 0.00 -0.00 0.00 0.00 -0.00 0.00 0.00 -0.00 0.00 0.00 -0.00 0.00 0.00 -0.00 0.00 0.00 -0.00 0.00 0.00 -0.00 0.00 0.00 -0.00 0.00 0.00 -0.00 0.00 69.06 -37.95 134.56 -0.00 23.42 -0.00 -6.28 10.14 20.11 -1.35 12.81 32.73 0.00 0.00 -0.00 2.00 -0.02 0.61 -0.05 -0.29 8.56 -0.04 -0.15 4.32 0.00 0.00 -0.00 0.00 0.00 1.62 -0.00 -0.00 16.38 0.00 -0.00 8.49 0.00 0.00 -0.00 -2.00 0.08 2.24 0.26 0.63 19.89 0.20 0.31 10.45 0.00 0.00 -0.00 -4.00 0.02 0.25 0.02 0.30 4.33 0.02 0.15 2.15 0.00 -0.00 0.00 0.00 -0.00 0.00 0.00 -0.00 0.00 0.00 -0.00 0.00 0.00 -0.00 0.00 0.00 -0.00 0.00 0.00 -0.00 0.00 0.00 -0.00 0.00 0.00 -0.00 0.00 0.00 -0.00 0.00 0.00 -0.00 0.00 0.00 -0.00 0.00 0.00 -0.00 0.00 0.00 -0.00 0.00 0.00 -0.00 0.00 0.00 -0.00 0.00 0.00 -0.00 0.00 0.00 -0.00 0.00 0.00 -0.00 0.00 0.00 -0.00 0.00 0.00 -0.00 0.00 0.00 -0.00 0.00 0.00 -0.00 0.00
-0.0000 0.0204 0.0000 0.00 -0.00 0.00 0.00 -0.00 0.00 0.00 -0.00 0.00 0.00 -0.00 0.00 0.00 -0.00 0.00 0.00 -0.00 0.00 0.00 -0.00 0.00 0.00 -0.00 0.00 0.00 -0.00 0.00 0.00 -0.00 0.00 0.00 -0.00 0.00 0.00 -0.00 0.00 0.00 -0.00 0.00 0.00 -0.00 0.00 0.00 -0.00 0.00 0.00 -0.00 0.00 0.00 -0.00 0.00 0.00 -0.00 0.00 69.06 -37.95 134.56 -0.00 23.42 -0.00 -6.28 10.14 20.11 -1.35 12.81 32.73 0.00 0.00 -0.00 2.00 -0.02 0.61 -0.05 -0.29 8.56 -0.04 -0.15 4.32 0.00 0.00 -0.00 0.00 0.00 1.62 -0.00 -0.00 16.38 0.00 -0.00 8.49 0.00 0.00 -0.00 -2.00 0.08 2.24 0.26 0.63 19.89 0.20 0.31 10.45 0.00 0.00 -0.00 -4.00 0.02 0.25 0.02 0.30 4.33 0.02 0.15 2.15 0.00 -0.00 0.00 0.00 -0.00 0.00 0.00 -0.00 0.00 0.00 -0.00 0.00 0.00 -0.00 0.00 0.00 -0.00 0.00 0.00 -0.00 0.00 0.00 -0.00 0.00 0.00 -0.00 0.00 0.00 -0.00 0.00 0.00 -0.00 0.00 0.00 -0.00 0.00 0.00 -0.00 0.00 0.00 -0.00 0.00 0.00 -0.00 0.00 0.00 -0.00 0.00 0.00 -0.00 0.00 0.00 -0.00 0.00 0.00 -0.00 0.00 0.00 -0.00 0.00 0.00 -0.00 0.00 0.00 -0.00 0.00 0.00 -0.00 0.00
-0.0000 0.0206 0.0000 0.00 -0.00 0.00 0.00 -0.00 0.00 0.00 -0.00 0.00 0.00 -0.00 0.00 0.00 -0.00 0.00 0.00 -0.00 0.00 0.00 -0.00 0.00 0.00 -0.00 0.00 0.00 -0.00 0.00 0.00 -0.00 0.00 0.00 -0.00 0.00 0.00 -0.00 0.00 0.00 -0.00 0.00 0.00 -0.00 0.00 0.00 -0.00 0.00 0.00 -0.00 0.00 0.00 -0.00 0.00 0.00 -0.00 0.00 69.06 -37.95 134.56 -0.00 23.42 -0.00 -6.28 10.14 20.11 -1.35 12.81 32.73 0.00 0.00 -0.00 2.00 -0.02 0.61 -0.05 -0.29 8.56 -0.04 -0.15 4.32 0.00 0.00 -0.00 0.00 0.00 1.62 -0.00 -0.00 16.38 0.00 -0.00 8.49 0.00 0.00 -0.00 -2.00 0.08 2.24 0.26 0.63 19.89 0.20 0.31 10.45 0.00 0.00 -0.00 -4.00 0.02 0.25 0.02 0.30 4.33 0.02 0.15 2.15 0.00 -0.00 0.00 0.00 -0.00 0.00 0.00 -0.00 0.00 0.00 -0.00 0.00 0.00 -0.00 0.00 0.00 -0.00 0.00 0.00 -0.00 0.00 0.00 -0.00 0.00 0.00 -0.00 0.00 0.00 -0.00 0.00 0.00 -0.00 0.00 0.00 -0.00 0.00 0.00 -0.00 0.00 0.00 -0.00 0.00 0.00 -0.00 0.00 0.00 -0.00 0.00 0.00 -0.00 0.00 0.00 -0.00 0.00 0.00 -0.00 0.00 0.00 -0.00 0.00 0.00 -0.00 0.00 0.00 -0.00 0.00 0.00 -0.00 0.00
-0.0000 0.0219 0.0000 0.00 -0.00 0.00 0.00 -0.00 0.00 0.00 -0.00 0.00 0.00 -0.00 0.00 0.00 -0.00 0.00 0.00 -0.00 0.00 0.00 -0.00 0.00 0.00 -0.00 0.00 0.00 -0.00 0.00 0.00 -0.00 0.00 0.00 -0.00 0.00 0.00 -0.00 0.00 0.00 -0.00 0.00 0.00 -0.00 0.00 0.00 -0.00 0.00 0.00 -0.00 0.00 0.00 -0.00 0.00 0.00 -0.00 0.00 69.06 -37.95 134.56 -0.00 23.42 -0.00 -6.28 10.14 20.11 -1.35 12.81 32.73 0.00 0.00 -0.00 2.00 -0.02 0.61 -0.05 -0.29 8.56 -0.04 -0.15 4.32 0.00 0.00 -0.00 0.00 0.00 1.62 -0.00 -0.00 16.38 0.00 -0.00 8.49 0.00 0.00 -0.00 -2.00 0.08 2.24 0.26 0.63 19.89 0.20 0.31 10.45 0.00 0.00 -0.00 -4.00 0.02 0.25 0.02 0.30 4.33 0.02 0.15 2.15 0.00 -0.00 0.00 0.00 -0.00 0.00 0.00 -0.00 0.00 0.00 -0.00 0.00 0.00 -0.00 0.00 0.00 -0.00 0.00 0.00 -0.00 0.00 0.00 -0.00 0.00 0.00 -0.00 0.00 0.00 -0.00 0.00 0.00 -0.00 0.00 0.00 -0.00 0.00 0.00 -0.00 0.00 0.00 -0.00 0.00 0.00 -0.00 0.00 0.00 -0.00 0.00 0.00 -0.00 0.00 0.00 -0.00 0.00 0.00 -0.00 0.00 0.00 -0.00 0.00 0.00 -0.00 0.00 0.00 -0.00 0.00 0.00 -0.00 0.00
-0.0000 0.0225 0.0000 0.00 -0.00 0.00 0.00 -0.00 0.00 0.00 -0.00 0.00 0.00 -0.00 0.00 0.00 -0.00 0.00 0.00 -0.00 0.00 0.00 -0.00 0.00 0.00 -0.00 0.00 0.00 -0.00 0.00 0.00 -0.00 0.00 0.00 -0.00 0.00 0.00 -0.00 0.00 0.00 -0.00 0.00 0.00 -0.00 0.00 0.00 -0.00 0.00 0.00 -0.00 0.00 0.00 -0.00 0.00 0.00 -0.00 0.00 69.06 -37.95 134.56 -0.00 23.42 -0.00 -6.28 10.14 20.11 -1.35 12.81 32.73 0.00 0.00 -0.00 2.00 -0.02 0.61 -0.05 -0.29 8.56 -0.04 -0.15 4.32 0.00 0.00 -0.00 0.00 0.00 1.62 -0.00 -0.00 16.38 0.00 -0.00 8.49 0.00 0.00 -0.00 -2.00 0.08 2.24 0.26 0.63 19.89 0.20 0.31 10.45 0.00 0.00 -0.00 -4.00 0.02 0.25 0.02 0.30 4.33 0.02 0.15 2.15 0.00 -0.00 0.00 0.00 -0.00 0.00 0.00 -0.00 0.00 0.00 -0.00 0.00 0.00 -0.00 0.00 0.00 -0.00 0.00 0.00 -0.00 0.00 0.00 -0.00 0.00 0.00 -0.00 0.00 0.00 -0.00 0.00 0.00 -0.00 0.00 0.00 -0.00 0.00 0.00 -0.00 0.00 0.00 -0.00 0.00 0.00 -0.00 0.00 0.00 -0.00 0.00 0.00 -0.00 0.00 0.00 -0.00 0.00 0.00 -0.00 0.00 0.00 -0.00 0.00 0.00 -0.00 0.00 0.00 -0.00 0.00 0.00 -0.00 0.00
-0.0000 0.0222 0.0000 0.00 -0.00 0.00 0.00 -0.00 0.00 0.00 -0.00 0.00 0.00 -0.00 0.00 0.00 -0.00 0.00 0.00 -0.00 0.00 0.00 -0.00 0.00 0.00 -0.00 0.00 0.00 -0.00 0.00 0.00 -0.00 0.00 0.00 -0.00 0.00 0.00 -0.00 0.00 0.00 -0.00 0.00 0.00 -0.00 0.00 0.00 -0.00 0.00 0.00 -0.00 0.00 0.00 -0.00 0.00 0.00 -0.00 0.00 69.06 -37.95 134.56 -0.00 23.42 -0.00 -6.28 10.14 20.11 -1.35 12.81 32.73 0.00 0.00 -0.00 2.00 -0.02 0.61 -0.05 -0.29 8.56 -0.04 -0.15 4.32 0.00 0.00 -0.00 0.00 0.00 1.62 -0.00 -0.00 16.38 0.00 -0.00 8.49 0.00 0.00 -0.00 -2.00 0.08 2.24 0.26 0.63 19.89 0.20 0.31 10.45 0.00 0.00 -0.00 -4.00 0.02 0.25 0.02 0.30 4.33 0.02 0.15 2.15 0.00 -0.00 0.00 0.00 -0.00 0.00 0.00 -0.00 0.00 0.00 -0.00 0.00 0.00 -0.00 0.00 0.00 -0.00 0.00 0.00 -0.00 0.00 0.00 -0.00 0.00 0.00 -0.00 0.00 0.00 -0.00 0.00 0.00 -0.00 0.00 0.00 -0.00 0.00 0.00 -0.00 0.00 0.00 -0.00 0.00 0.00 -0.00 0.00 0.00 -0.00 0.00 0.00 -0.00 0.00 0.00 -0.00 0.00 0.00 -0.00 0.00 0.00 -0.00 0.00 0.00 -0.00 0.00 0.00 -0.00 0.00 0.00 -0.00 0.00
-0.0000 0.0217 0.0000 0.00 -0.00 0.00 0.00 -0.00 0.00 0.00 -0.00 0.00 0.00 -0.00 0.00 0.00 -0.00 0.00 0.00 -0.00 0.00 0.00 -0.00 0.00 0.00 -0.00 0.00 0.00 -0.00 0.00 0.00 -0.00 0.00 0.00 -0.00 0.00 0.00 -0.00 0.00 0.00 -0.00 0.00 0.00 -0.00 0.00 0.00 -0.00 0.00 0.00 -0.00 0.00 0.00 -0.00 0.00 0.00 -0.00 0.00 69.06 -37.95 134.56 -0.00 23.42 -0.00 -6.28 10.14 20.11 -1.35 12.81 32.73 0.00 0.00 -0.00 2.00 -0.02 0.61 -0.05 -0.29 8.56 -0.04 -0.15 4.32 0.00 0.00 -0.00 0.00 0.00 1.62 -0.00 -0.00 16.38 0.00 -0.00 8.49 0.00 0.00 -0.00 -2.00 0.08 2.24 0.26 0.63 19.89 0.20 0.31 10.45 0.00 0.00 -0.00 -4.00 0.02 0.25 0.02 0.30 4.33 0.02 0.15 2.15 0.00 -0.00 0.00 0.00 -0.00 0.00 0.00 -0.00 0.00 0.00 -0.00 0.00 0.00 -0.00 0.00 0.00 -0.00 0.00 0.00 -0.00 0.00 0.00 -0.00 0.00 0.00 -0.00 0.00 0.00 -0.00 0.00 0.00 -0.00 0.00 0.00 -0.00 0.00 0.00 -0.00 0.00 0.00 -0.00 0.00 0.00 -0.00 0.00 0.00 -0.00 0.00 0.00 -0.00 0.00 0.00 -0.00 0.00 0.00 -0.00 0.00 0.00 -0.00 0.00 0.00 -0.00 0.00 0.00 -0.00 0.00 0.00 -0.00 0.00
-0.0000 0.0213 0.0000 0.00 -0.00 0.00 0.00 -0.00 0.00 0.00 -0.00 0.00 0.00 -0.00 0.00 0.00 -0.00 0.00 0.00 -0.00 0.00 0.00 -0.00 0.00 0.00 -0.00 0.00 0.00 -0.00 0.00 0.00 -0.00 0.00 0.00 -0.00 0.00 0.00 -0.00 0.00 0.00 -0.00 0.00 0.00 -0.00 0.00 0.00 -0.00 0.00 0.00 -0.00 0.00 0.00 -0.00 0.00 0.00 -0.00 0.00 69.06 -37.95 134.56 -0.00 23.42 -0.00 -6.28 10.14 20.11 -1.35 12.81 32.73 0.00 0.00 -0.00 2.00 -0.02 0.61 -0.05 -0.29 8.56 -0.04 -0.15 4.32 0.00 0.00 -0.00 0.00 0.00 1.62 -0.00 -0.00 16.38 0.00 -0.00 8.49 0.00 0.00 -0.00 -2.00 0.08 2.24 0.26 0.63 19.89 0.20 0.31 10.45 0.00 0.00 -0.00 -4.00 0.02 0.25 0.02 0.30 4.33 0.02 0.15 2.15 0.00 -0.00 0.00 0.00 -0.00 0.00 0.00 -0.00 0.00 0.00 -0.00 0.00 0.00 -0.00 0.00 0.00 -0.00 0.00 0.00 -0.00 0.00 0.00 -0.00 0.00 0.00 -0.00 0.00 0.00 -0.00 0.00 0.00 -0.00 0.00 0.00 -0.00 0.00 0.00 -0.00 0.00 0.00 -0.00 0.00 0.00 -0.00 0.00 0.00 -0.00 0.00 0.00 -0.00 0.00 0.00 -0.00 0.00 0.00 -0.00 0.00 0.00 -0.00 0.00 0.00 -0.00 0.00 0.00 -0.00 0.00 0.00 -0.00 0.00
-0.0000 0.0214 0.0000 0.00 -0.00 0.00 0.00 -0.00 0.00 0.00 -0.00 0.00 0.00 -0.00 0.00 0.00 -0.00 0.00 0.00 -0.00 0.00 0.00 -0.00 0.00 0.00 -0.00 0.00 0.00 -0.00 0.00 0.00 -0.00 0.00 0.00 -0.00 0.00 0.00 -0.00 0.00 0.00 -0.00 0.00 0.00 -0.00 0.00 0.00 -0.00 0.00 0.00 -0.00 0.00 0.00 -0.00 0.00 0.00 -0.00 0.00 69.06 -37.95 134.56 -0.00 23.42 -0.00 -6.28 10.14 20.11 -1.35 12.81 32.73 0.00 0.00 -0.00 2.00 -0.02 0.61 -0.05 -0.29 8.56 -0.04 -0.15 4.32 0.00 0.00 -0.00 0.00 0.00 1.62 -0.00 -0.00 16.38 0.00 -0.00 8.49 0.00 0.00 -0.00 -2.00 0.08 2.24 0.26 0.63 19.89 0.20 0.31 10.45 0.00 0.00 -0.00 -4.00 0.02 0.25 0.02 0.30 4.33 0.02 0.15 2.15 0.00 -0.00 0.00 0.00 -0.00 0.00 0.00 -0.00 0.00 0.00 -0.00 0.00 0.00 -0.00 0.00 0.00 -0.00 0.00 0.00 -0.00 0.00 0.00 -0.00 0.00 0.00 -0.00 0.00 0.00 -0.00 0.00 0.00 -0.00 0.00 0.00 -0.00 0.00 0.00 -0.00 0.00 0.00 -0.00 0.00 0.00 -0.00 0.00 0.00 -0.00 0.00 0.00 -0.00 0.00 0.00 -0.00 0.00 0.00 -0.00 0.00 0.00 -0.00 0.00 0.00 -0.00 0.00 0.00 -0.00 0.00 0.00 -0.00 0.00
-0.0000 0.0219 0.0000 0.00 -0.00 0.00 0.00 -0.00 0.00 0.00 -0.00 0.00 0.00 -0.00 0.00 0.00 -0.00 0.00 0.00 -0.00 0.00 0.00 -0.00 0.00 0.00 -0.00 0.00 0.00 -0.00 0.00 0.00 -0.00 0.00 0.00 -0.00 0.00 0.00 -0.00 0.00 0.00 -0.00 0.00 0.00 -0.00 0.00 0.00 -0.00 0.00 0.00 -0.00 0.00 0.00 -0.00 0.00 0.00 -0.00 0.00 69.06 -37.95 134.56 -0.00 23.42 -0.00 -6.28 10.14 20.11 -1.35 12.81 32.73 0.00 0.00 -0.00 2.00 -0.02 0.61 -0.05 -0.29 8.56 -0.04 -0.15 4.32 0.00 0.00 -0.00 0.00 0.00 1.62 -0.00 -0.00 16.38 0.00 -0.00 8.49 0.00 0.00 -0.00 -2.00 0.08 2.24 0.26 0.63 19.89 0.20 0.31 10.45 0.00 0.00 -0.00 -4.00 0.02 0.25 0.02 0.30 4.33 0.02 0.15 2.15 0.00 -0.00 0.00 0.00 -0.00 0.00 0.00 -0.00 0.00 0.00 -0.00 0.00 0.00 -0.00 0.00 0.00 -0.00 0.00 0.00 -0.00 0.00 0.00 -0.00 0.00 0.00 -0.00 0.00 0.00 -0.00 0.00 0.00 -0.00 0.00 0.00 -0.00 0.00 0.00 -0.00 0.00 0.00 -0.00 0.00 0.00 -0.00 0.00 0.00 -0.00 0.00 0.00 -0.00 0.00 0.00 -0.00 0.00 0.00 -0.00 0.00 0.00 -0.00 0.00 0.00 -0.00 0.00 0.00 -0.00 0.00 0.00 -0.00 0.00
-0.0000 0.0223 0.0000 0.00 -0.00 0.00 0.00 -0.00 0.00 0.00 -0.00 0.00 0.00 -0.00 0.00 0.00 -0.00 0.00 0.00 -0.00 0.00 0.00 -0.00 0.00 0.00 -0.00 0.00 0.00 -0.00 0.00 0.00 -0.00 0.00 0.00 -0.00 0.00 0.00 -0.00 0.00 0.00 -0.00 0.00 0.00 -0.00 0.00 0.00 -0.00 0.00 0.00 -0.00 0.00 0.00 -0.00 0.00 0.00 -0.00 0.00 69.06 -37.95 134.56 -0.00 23.42 -0.00 -6.28 10.14 20.11 -1.35 12.81 32.73 0.00 0.00 -0.00 2.00 -0.02 0.61 -0.05 -0.29 8.56 -0.04 -0.15 4.32 0.00 0.00 -0.00 0.00 0.00 1.62 -0.00 -0.00 16.38 0.00 -0.00 8.49 0.00 0.00 -0.00 -2.00 0.08 2.24 0.26 0.63 19.89 0.20 0.31 10.45 0.00 0.00 -0.00 -4.00 0.02 0.25 0.02 0.30 4.33 0.02 0.15 2.15 0.00 -0.00 0.00 0.00 -0.00 0.00 0.00 -0.00 0.00 0.00 -0.00 0.00 0.00 -0.00 0.00 0.00 -0.00 0.00 0.00 -0.00 0.00 0.00 -0.00 0.00 0.00 -0.00 0.00 0.00 -0.00 0.00 0.00 -0.00 0.00 0.00 -0.00 0.00 0.00 -0.00 0.00 0.00 -0.00 0.00 0.00 -0.00 0.00 0.00 -0.00 0.00 0.00 -0.00 0.00 0.00 -0.00 0.00 0.00 -0.00 0.00 0.00 -0.00 0.00 0.00 -0.00 0.00 0.00 -0.00 0.00 0.00 -0.00 0.00
-0.0000 0.0220 0.0000 0.00 -0.00 0.00 0.00 -0.00 0.00 0.00 -0.00 0.00 0.00 -0.00 0.00 0.00 -0.00 0.00 0.00 -0.00 0.00 0.00 -0.00 0.00 0.00 -0.00 0.00 0.00 -0.00 0.00 0.00 -0.00 0.00 0.00 -0.00 0.00 0.00 -0.00 0.00 0.00 -0.00 0.00 0.00 -0.00 0.00 0.00 -0.00 0.00 0.00 -0.00 0.00 0.00 -0.00 0.00 0.00 -0.00 0.00 69.06 -37.95 134.56 -0.00 23.42 -0.00 -6.28 10.14 20.11 -1.35 12.81 32.73 0.00 0.00 -0.00 2.00 -0.02 0.61 -0.05 -0.29 8.56 -0.04 -0.15 4.32 0.00 0.00 -0.00 0.00 0.00 1.62 -0.00 -0.00 16.38 0.00 -0.00 8.49 0.00 0.00 -0.00 -2.00 0.08 2.24 0.26 0.63 19.89 0.20 0.31 10.45 0.00 0.00 -0.00 -4.00 0.02 0.25 0.02 0.30 4.33 0.02 0.15 2.15 0.00 -0.00 0.00 0.00 -0.00 0.00 0.00 -0.00 0.00 0.00 -0.00 0.00 0.00 -0.00 0.00 0.00 -0.00 0.00 0.00 -0.00 0.00 0.00 -0.00 0.00 0.00 -0.00 0.00 0.00 -0.00 0.00 0.00 -0.00 0.00 0.00 -0.00 0.00 0.00 -0.00 0.00 0.00 -0.00 0.00 0.00 -0.00 0.00 0.00 -0.00 0.00 0.00 -0.00 0.00 0.00 -0.00 0.00 0.00 -0.00 0.00 0.00 -0.00 0.00 0.00 -0.00 0.00 0.00 -0.00 0.00 0.00 -0.00 0.00
-0.0000 0.0210 0.0000 0.00 -0.00 0.00 0.00 -0.00 0.00 0.00 -0.00 0.00 0.00 -0.00 0.00 0.00 -0.00 0.00 0.00 -0.00 0.00 0.00 -0.00 0.00 0.00 -0.00 0.00 0.00 -0.00 0.00 0.00 -0.00 0.00 0.00 -0.00 0.00 0.00 -0.00 0.00 0.00 -0.00 0.00 0.00 -0.00 0.00 0.00 -0.00 0.00 0.00 -0.00 0.00 0.00 -0.00 0.00 0.00 -0.00 0.00 69.06 -37.95 134.56 -0.00 23.42 -0.00 -6.28 10.14 20.11 -1.35 12.81 32.73 0.00 0.00 -0.00 2.00 -0.02 0.61 -0.05 -0.29 8.56 -0.04 -0.15 4.32 0.00 0.00 -0.00 0.00 0.00 1.62 -0.00 -0.00 16.38 0.00 -0.00 8.49 0.00 0.00 -0.00 -2.00 0.08 2.24 0.26 0.63 19.89 0.20 0.31 10.45 0.00 0.00 -0.00 -4.00 0.02 0.25 0.02 0.30 4.33 0.02 0.15 2.15 0.00 -0.00 0.00 0.00 -0.00 0.00 0.00 -0.00 0.00 0.00 -0.00 0.00 0.00 -0.00 0.00 0.00 -0.00 0.00 0.00 -0.00 0.00 0.00 -0.00 0.00 0.00 -0.00 0.00 0.00 -0.00 0.00 0.00 -0.00 0.00 0.00 -0.00 0.00 0.00 -0.00 0.00 0.00 -0.00 0.00 0.00 -0.00 0.00 0.00 -0.00 0.00 0.00 -0.00 0.00 0.00 -0.00 0.00 0.00 -0.00 0.00 0.00 -0.00 0.00 0.00 -0.00 0.00 0.00 -0.00 0.00 0.00 -0.00 0.00
-0.0000 0.0216 0.0000 0.00 -0.00 0.00 0.00 -0.00 0.00 0.00 -0.00 0.00 0.00 -0.00 0.00 0.00 -0.00 0.00 0.00 -0.00 0.00 0.00 -0.00 0.00 0.00 -0.00 0.00 0.00 -0.00 0.00 0.00 -0.00 0.00 0.00 -0.00 0.00 0.00 -0.00 0.00 0.00 -0.00 0.00 0.00 -0.00 0.00 0.00 -0.00 0.00 0.00 -0.00 0.00 0.00 -0.00 0.00 0.00 -0.00 0.00 69.06 -37.95 134.56 -0.00 23.42 -0.00 -6.28 10.14 20.11 -1.35 12.81 32.73 0.00 0.00 -0.00 2.00 -0.02 0.61 -0.05 -0.29 8.56 -0.04 -0.15 4.32 0.00 0.00 -0.00 0.00 0.00 1.62 -0.00 -0.00 16.38 0.00 -0.00 8.49 0.00 0.00 -0.00 -2.00 0.08 2.24 0.26 0.63 19.89 0.20 0.31 10.45 0.00 0.00 -0.00 -4.00 0.02 0.25 0.02 0.30 4.33 0.02 0.15 2.15 0.00 -0.00 0.00 0.00 -0.00 0.00 0.00 -0.00 0.00 0.00 -0.00 0.00 0.00 -0.00 0.00 0.00 -0.00 0.00 0.00 -0.00 0.00 0.00 -0.00 0.00 0.00 -0.00 0.00 0.00 -0.00 0.00 0.00 -0.00 0.00 0.00 -0.00 0.00 0.00 -0.00 0.00 0.00 -0.00 0.00 0.00 -0.00 0.00 0.00 -0.00 0.00 0.00 -0.00 0.00 0.00 -0.00 0.00 0.00 -0.00 0.00 0.00 -0.00 0.00 0.00 -0.00 0.00 0.00 -0.00 0.00 0.00 -0.00 0.00
-0.0000 0.0223 0.0000 0.00 -0.00 0.00 0.00 -0.00 0.00 0.00 -0.00 0.00 0.00 -0.00 0.00 0.00 -0.00 0.00 0.00 -0.00 0.00 0.00 -0.00 0.00 0.00 -0.00 0.00 0.00 -0.00 0.00 0.00 -0.00 0.00 0.00 -0.00 0.00 0.00 -0.00 0.00 0.00 -0.00 0.00 0.00 -0.00 0.00 0.00 -0.00 0.00 0.00 -0.00 0.00 0.00 -0.00 0.00 0.00 -0.00 0.00 69.06 -37.95 134.56 -0.00 23.42 -0.00 -6.28 10.14 20.11 -1.35 12.81 32.73 0.00 0.00 -0.00 2.00 -0.02 0.61 -0.05 -0.29 8.56 -0.04 -0.15 4.32 0.00 0.00 -0.00 0.00 0.00 1.62 -0.00 -0.00 16.38 0.00 -0.00 8.49 0.00 0.00 -0.00 -2.00 0.08 2.24 0.26 0.63 19.89 0.20 0.31 10.45 0.00 0.00 -0.00 -4.00 0.02 0.25 0.02 0.30 4.33 0.02 0.15 2.15 0.00 -0.00 0.00 0.00 -0.00 0.00 0.00 -0.00 0.00 0.00 -0.00 0.00 0.00 -0.00 0.00 0.00 -0.00 0.00 0.00 -0.00 0.00 0.00 -0.00 0.00 0.00 -0.00 0.00 0.00 -0.00 0.00 0.00 -0.00 0.00 0.00 -0.00 0.00 0.00 -0.00 0.00 0.00 -0.00 0.00 0.00 -0.00 0.00 0.00 -0.00 0.00 0.00 -0.00 0.00 0.00 -0.00 0.00 0.00 -0.00 0.00 0.00 -0.00 0.00 0.00 -0.00 0.00 0.00 -0.00 0.00 0.00 -0.00 0.00
-0.0000 0.0220 0.0000 0.00 -0.00 0.00 0.00 -0.00 0.00 0.00 -0.00 0.00 0.00 -0.00 0.00 0.00 -0.00 0.00 0.00 -0.00 0.00 0.00 -0.00 0.00 0.00 -0.00 0.00 0.00 -0.00 0.00 0.00 -0.00 0.00 0.00 -0.00 0.00 0.00 -0.00 0.00 0.00 -0.00 0.00 0.00 -0.00 0.00 0.00 -0.00 0.00 0.00 -0.00 0.00 0.00 -0.00 0.00 0.00 -0.00 0.00 69.06 -37.95 134.56 -0.00 23.42 -0.00 -6.28 10.14 20.11 -1.35 12.81 32.73 0.00 0.00 -0.00 2.00 -0.02 0.61 -0.05 -0.29 8.56 -0.04 -0.15 4.32 0.00 0.00 -0.00 0.00 0.00 1.62 -0.00 -0.00 16.38 0.00 -0.00 8.49 0.00 0.00 -0.00 -2.00 0.08 2.24 0.26 0.63 19.89 0.20 0.31 10.45 0.00 0.00 -0.00 -4.00 0.02 0.25 0.02 0.30 4.33 0.02 0.15 2.15 0.00 -0.00 0.00 0.00 -0.00 0.00 0.00 -0.00 0.00 0.00 -0.00 0.00 0.00 -0.00 0.00 0.00 -0.00 0.00 0.00 -0.00 0.00 0.00 -0.00 0.00 0.00 -0.00 0.00 0.00 -0.00 0.00 0.00 -0.00 0.00 0.00 -0.00 0.00 0.00 -0.00 0.00 0.00 -0.00 0.00 0.00 -0.00 0.00 0.00 -0.00 0.00 0.00 -0.00 0.00 0.00 -0.00 0.00 0.00 -0.00 0.00 0.00 -0.00 0.00 0.00 -0.00 0.00 0.00 -0.00 0.00 0.00 -0.00 0.00
-0.0000 0.0220 0.0000 0.00 -0.00 0.00 0.00 -0.00 0.00 0.00 -0.00 0.00 0.00 -0.00 0.00 0.00 -0.00 0.00 0.00 -0.00 0.00 0.00 -0.00 0.00 0.00 -0.00 0.00 0.00 -0.00 0.00 0.00 -0.00 0.00 0.00 -0.00 0.00 0.00 -0.00 0.00 0.00 -0.00 0.00 0.00 -0.00 0.00 0.00 -0.00 0.00 0.00 -0.00 0.00 0.00 -0.00 0.00 0.00 -0.00 0.00 69.06 -37.95 134.56 -0.00 23.42 -0.00 -6.28 10.14 20.11 -1.35 12.81 32.73 0.00 0.00 -0.00 2.00 -0.02 0.61 -0.05 -0.29 8.56 -0.04 -0.15 4.32 0.00 0.00 -0.00 0.00 0.00 1.62 -0.00 -0.00 16.38 0.00 -0.00 8.49 0.00 0.00 -0.00 -2.00 0.08 2.24 0.26 0.63 19.89 0.20 0.31 10.45 0.00 0.00 -0.00 -4.00 0.02 0.25 0.02 0.30 4.33 0.02 0.15 2.15 0.00 -0.00 0.00 0.00 -0.00 0.00 0.00 -0.00 0.00 0.00 -0.00 0.00 0.00 -0.00 0.00 0.00 -0.00 0.00 0.00 -0.00 0.00 0.00 -0.00 0.00 0.00 -0.00 0.00 0.00 -0.00 0.00 0.00 -0.00 0.00 0.00 -0.00 0.00 0.00 -0.00 0.00 0.00 -0.00 0.00 0.00 -0.00 0.00 0.00 -0.00 0.00 0.00 -0.00 0.00 0.00 -0.00 0.00 0.00 -0.00 0.00 0.00 -0.00 0.00 0.00 -0.00 0.00 0.00 -0.00 0.00 0.00 -0.00 0.00
-0.0000 0.0214 0.0000 0.00 -0.00 0.00 0.00 -0.00 0.00 0.00 -0.00 0.00 0.00 -0.00 0.00 0.00 -0.00 0.00 0.00 -0.00 0.00 0.00 -0.00 0.00 0.00 -0.00 0.00 0.00 -0.00 0.00 0.00 -0.00 0.00 0.00 -0.00 0.00 0.00 -0.00 0.00 0.00 -0.00 0.00 0.00 -0.00 0.00 0.00 -0.00 0.00 0.00 -0.00 0.00 0.00 -0.00 0.00 0.00 -0.00 0.00 69.06 -37.95 134.56 -0.00 23.42 -0.00 -6.28 10.14 20.11 -1.35 12.81 32.73 0.00 0.00 -0.00 2.00 -0.02 0.61 -0.05 -0.29 8.56 -0.04 -0.15 4.32 0.00 0.00 -0.00 0.00 0.00 1.62 -0.00 -0.00 16.38 0.00 -0.00 8.49 0.00 0.00 -0.00 -2.00 0.08 2.24 0.26 0.63 19.89 0.20 0.31 10.45 0.00 0.00 -0.00 -4.00 0.02 0.25 0.02 0.30 4.33 0.02 0.15 2.15 0.00 -0.00 0.00 0.00 -0.00 0.00 0.00 -0.00 0.00 0.00 -0.00 0.00 0.00 -0.00 0.00 0.00 -0.00 0.00 0.00 -0.00 0.00 0.00 -0.00 0.00 0.00 -0.00 0.00 0.00 -0.00 0.00 0.00 -0.00 0.00 0.00 -0.00 0.00 0.00 -0.00 0.00 0.00 -0.00 0.00 0.00 -0.00 0.00 0.00 -0.00 0.00 0.00 -0.00 0.00 0.00 -0.00 0.00 0.00 -0.00 0.00 0.00 -0.00 0.00 0.00 -0.00 0.00 0.00 -0.00 0.00 0.00 -0.00 0.00
-0.0000 0.0215 0.0000 0.00 -0.00 0.00 0.00 -0.00 0.00 0.00 -0.00 0.00 0.00 -0.00 0.00 0.00 -0.00 0.00 0.00 -0.00 0.00 0.00 -0.00 0.00 0.00 -0.00 0.00 0.00 -0.00 0.00 0.00 -0.00 0.00 0.00 -0.00 0.00 0.00 -0.00 0.00 0.00 -0.00 0.00 0.00 -0.00 0.00 0.00 -0.00 0.00 0.00 -0.00 0.00 0.00 -0.00 0.00 0.00 -0.00 0.00 69.06 -37.95 134.56 -0.00 23.42 -0.00 -6.28 10.14 20.11 -1.35 12.81 32.73 0.00 0.00 -0.00 2.00 -0.02 0.61 -0.05 -0.29 8.56 -0.04 -0.15 4.32 0.00 0.00 -0.00 0.00 0.00 1.62 -0.00 -0.00 16.38 0.00 -0.00 8.49 0.00 0.00 -0.00 -2.00 0.08 2.24 0.26 0.63 19.89 0.20 0.31 10.45 0.00 0.00 -0.00 -4.00 0.02 0.25 0.02 0.30 4.33 0.02 0.15 2.15 0.00 -0.00 0.00 0.00 -0.00 0.00 0.00 -0.00 0.00 0.00 -0.00 0.00 0.00 -0.00 0.00 0.00 -0.00 0.00 0.00 -0.00 0.00 0.00 -0.00 0.00 0.00 -0.00 0.00 0.00 -0.00 0.00 0.00 -0.00 0.00 0.00 -0.00 0.00 0.00 -0.00 0.00 0.00 -0.00 0.00 0.00 -0.00 0.00 0.00 -0.00 0.00 0.00 -0.00 0.00 0.00 -0.00 0.00 0.00 -0.00 0.00 0.00 -0.00 0.00 0.00 -0.00 0.00 0.00 -0.00 0.00 0.00 -0.00 0.00
-0.0000 0.0223 0.0000 0.00 -0.00 0.00 0.00 -0.00 0.00 0.00 -0.00 0.00 0.00 -0.00 0.00 0.00 -0.00 0.00 0.00 -0.00 0.00 0.00 -0.00 0.00 0.00 -0.00 0.00 0.00 -0.00 0.00 0.00 -0.00 0.00 0.00 -0.00 0.00 0.00 -0.00 0.00 0.00 -0.00 0.00 0.00 -0.00 0.00 0.00 -0.00 0.00 0.00 -0.00 0.00 0.00 -0.00 0.00 0.00 -0.00 0.00 69.06 -37.95 134.56 -0.00 23.42 -0.00 -6.28 10.14 20.11 -1.35 12.81 32.73 0.00 0.00 -0.00 2.00 -0.02 0.61 -0.05 -0.29 8.56 -0.04 -0.15 4.32 0.00 0.00 -0.00 0.00 0.00 1.62 -0.00 -0.00 16.38 0.00 -0.00 8.49 0.00 0.00 -0.00 -2.00 0.08 2.24 0.26 0.63 19.89 0.20 0.31 10.45 0.00 0.00 -0.00 -4.00 0.02 0.25 0.02 0.30 4.33 0.02 0.15 2.15 0.00 -0.00 0.00 0.00 -0.00 0.00 0.00 -0.00 0.00 0.00 -0.00 0.00 0.00 -0.00 0.00 0.00 -0.00 0.00 0.00 -0.00 0.00 0.00 -0.00 0.00 0.00 -0.00 0.00 0.00 -0.00 0.00 0.00 -0.00 0.00 0.00 -0.00 0.00 0.00 -0.00 0.00 0.00 -0.00 0.00 0.00 -0.00 0.00 0.00 -0.00 0.00 0.00 -0.00 0.00 0.00 -0.00 0.00 0.00 -0.00 0.00 0.00 -0.00 0.00 0.00 -0.00 0.00 0.00 -0.00 0.00 0.00 -0.00 0.00
-0.0000 0.0216 0.0000 0.00 -0.00 0.00 0.00 -0.00 0.00 0.00 -0.00 0.00 0.00 -0.00 0.00 0.00 -0.00 0.00 0.00 -0.00 0.00 0.00 -0.00 0.00 0.00 -0.00 0.00 0.00 -0.00 0.00 0.00 -0.00 0.00 0.00 -0.00 0.00 0.00 -0.00 0.00 0.00 -0.00 0.00 0.00 -0.00 0.00 0.00 -0.00 0.00 0.00 -0.00 0.00 0.00 -0.00 0.00 0.00 -0.00 0.00 69.06 -37.95 134.56 -0.00 23.42 -0.00 -6.28 10.14 20.11 -1.35 12.81 32.73 0.00 0.00 -0.00 2.00 -0.02 0.61 -0.05 -0.29 8.56 -0.04 -0.15 4.32 0.00 0.00 -0.00 0.00 0.00 1.62 -0.00 -0.00 16.38 0.00 -0.00 8.49 0.00 0.00 -0.00 -2.00 0.08 2.24 0.26 0.63 19.89 0.20 0.31 10.45 0.00 0.00 -0.00 -4.00 0.02 0.25 0.02 0.30 4.33 0.02 0.15 2.15 0.00 -0.00 0.00 0.00 -0.00 0.00 0.00 -0.00 0.00 0.00 -0.00 0.00 0.00 -0.00 0.00 0.00 -0.00 0.00 0.00 -0.00 0.00 0.00 -0.00 0.00 0.00 -0.00 0.00 0.00 -0.00 0.00 0.00 -0.00 0.00 0.00 -0.00 0.00 0.00 -0.00 0.00 0.00 -0.00 0.00 0.00 -0.00 0.00 0.00 -0.00 0.00 0.00 -0.00 0.00 0.00 -0.00 0.00 0.00 -0.00 0.00 0.00 -0.00 0.00 0.00 -0.00 0.00 0.00 -0.00 0.00 0.00 -0.00 0.00
-0.0000 0.0212 0.0000 0.00 -0.00 0.00 0.00 -0.00 0.00 0.00 -0.00 0.00 0.00 -0.00 0.00 0.00 -0.00 0.00 0.00 -0.00 0.00 0.00 -0.00 0.00 0.00 -0.00 0.00 0.00 -0.00 0.00 0.00 -0.00 0.00 0.00 -0.00 0.00 0.00 -0.00 0.00 0.00 -0.00 0.00 0.00 -0.00 0.00 0.00 -0.00 0.00 0.00 -0.00 0.00 0.00 -0.00 0.00 0.00 -0.00 0.00 69.06 -37.95 134.56 -0.00 23.42 -0.00 -6.28 10.14 20.11 -1.35 12.81 32.73 0.00 0.00 -0.00 2.00 -0.02 0.61 -0.05 -0.29 8.56 -0.04 -0.15 4.32 0.00 0.00 -0.00 0.00 0.00 1.62 -0.00 -0.00 16.38 0.00 -0.00 8.49 0.00 0.00 -0.00 -2.00 0.08 2.24 0.26 0.63 19.89 0.20 0.31 10.45 0.00 0.00 -0.00 -4.00 0.02 0.25 0.02 0.30 4.33 0.02 0.15 2.15 0.00 -0.00 0.00 0.00 -0.00 0.00 0.00 -0.00 0.00 0.00 -0.00 0.00 0.00 -0.00 0.00 0.00 -0.00 0.00 0.00 -0.00 0.00 0.00 -0.00 0.00 0.00 -0.00 0.00 0.00 -0.00 0.00 0.00 -0.00 0.00 0.00 -0.00 0.00 0.00 -0.00 0.00 0.00 -0.00 0.00 0.00 -0.00 0.00 0.00 -0.00 0.00 0.00 -0.00 0.00 0.00 -0.00 0.00 0.00 -0.00 0.00 0.00 -0.00 0.00 0.00 -0.00 0.00 0.00 -0.00 0.00 0.00 -0.00 0.00
-0.0000 0.0221 0.0000 0.00 -0.00 0.00 0.00 -0.00 0.00 0.00 -0.00 0.00 0.00 -0.00 0.00 0.00 -0.00 0.00 0.00 -0.00 0.00 0.00 -0.00 0.00 0.00 -0.00 0.00 0.00 -0.00 0.00 0.00 -0.00 0.00 0.00 -0.00 0.00 0.00 -0.00 0.00 0.00 -0.00 0.00 0.00 -0.00 0.00 0.00 -0.00 0.00 0.00 -0.00 0.00 0.00 -0.00 0.00 0.00 -0.00 0.00 69.06 -37.95 134.56 -0.00 23.42 -0.00 -6.28 10.14 20.11 -1.35 12.81 32.73 0.00 0.00 -0.00 2.00 -0.02 0.61 -0.05 -0.29 8.56 -0.04 -0.15 4.32 0.00 0.00 -0.00 0.00 0.00 1.62 -0.00 -0.00 16.38 0.00 -0.00 8.49 0.00 0.00 -0.00 -2.00 0.08 2.24 0.26 0.63 19.89 0.20 0.31 10.45 0.00 0.00 -0.00 -4.00 0.02 0.25 0.02 0.30 4.33 0.02 0.15 2.15 0.00 -0.00 0.00 0.00 -0.00 0.00 0.00 -0.00 0.00 0.00 -0.00 0.00 0.00 -0.00 0.00 0.00 -0.00 0.00 0.00 -0.00 0.00 0.00 -0.00 0.00 0.00 -0.00 0.00 0.00 -0.00 0.00 0.00 -0.00 0.00 0.00 -0.00 0.00 0.00 -0.00 0.00 0.00 -0.00 0.00 0.00 -0.00 0.00 0.00 -0.00 0.00 0.00 -0.00 0.00 0.00 -0.00 0.00 0.00 -0.00 0.00 0.00 -0.00 0.00 0.00 -0.00 0.00 0.00 -0.00 0.00 0.00 -0.00 0.00
-0.0000 0.0218 0.0000 0.00 -0.00 0.00 0.00 -0.00 0.00 0.00 -0.00 0.00 0.00 -0.00 0.00 0.00 -0.00 0.00 0.00 -0.00 0.00 0.00 -0.00 0.00 0.00 -0.00 0.00 0.00 -0.00 0.00 0.00 -0.00 0.00 0.00 -0.00 0.00 0.00 -0.00 0.00 0.00 -0.00 0.00 0.00 -0.00 0.00 0.00 -0.00 0.00 0.00 -0.00 0.00 0.00 -0.00 0.00 0.00 -0.00 0.00 69.06 -37.95 134.56 -0.00 23.42 -0.00 -6.28 10.14 20.11 -1.35 12.81 32.73 0.00 0.00 -0.00 2.00 -0.02 0.61 -0.05 -0.29 8.56 -0.04 -0.15 4.32 0.00 0.00 -0.00 0.00 0.00 1.62 -0.00 -0.00 16.38 0.00 -0.00 8.49 0.00 0.00 -0.00 -2.00 0.08 2.24 0.26 0.63 19.89 0.20 0.31 10.45 0.00 0.00 -0.00 -4.00 0.02 0.25 0.02 0.30 4.33 0.02 0.15 2.15 0.00 -0.00 0.00 0.00 -0.00 0.00 0.00 -0.00 0.00 0.00 -0.00 0.00 0.00 -0.00 0.00 0.00 -0.00 0.00 0.00 -0.00 0.00 0.00 -0.00 0.00 0.00 -0.00 0.00 0.00 -0.00 0.00 0.00 -0.00 0.00 0.00 -0.00 0.00 0.00 -0.00 0.00 0.00 -0.00 0.00 0.00 -0.00 0.00 0.00 -0.00 0.00 0.00 -0.00 0.00 0.00 -0.00 0.00 0.00 -0.00 0.00 0.00 -0.00 0.00 0.00 -0.00 0.00 0.00 -0.00 0.00 0.00 -0.00 0.00
-0.0000 0.0215 0.0000 0.00 -0.00 0.00 0.00 -0.00 0.00 0.00 -0.00 0.00 0.00 -0.00 0.00 0.00 -0.00 0.00 0.00 -0.00 0.00 0.00 -0.00 0.00 0.00 -0.00 0.00 0.00 -0.00 0.00 0.00 -0.00 0.00 0.00 -0.00 0.00 0.00 -0.00 0.00 0.00 -0.00 0.00 0.00 -0.00 0.00 0.00 -0.00 0.00 0.00 -0.00 0.00 0.00 -0.00 0.00 0.00 -0.00 0.00 69.06 -37.95 134.56 -0.00 23.42 -0.00 -6.28 10.14 20.11 -1.35 12.81 32.73 0.00 0.00 -0.00 2.00 -0.02 0.61 -0.05 -0.29 8.56 -0.04 -0.15 4.32 0.00 0.00 -0.00 0.00 0.00 1.62 -0.00 -0.00 16.38 0.00 -0.00 8.49 0.00 0.00 -0.00 -2.00 0.08 2.24 0.26 0.63 19.89 0.20 0.31 10.45 0.00 0.00 -0.00 -4.00 0.02 0.25 0.02 0.30 4.33 0.02 0.15 2.15 0.00 -0.00 0.00 0.00 -0.00 0.00 0.00 -0.00 0.00 0.00 -0.00 0.00 0.00 -0.00 0.00 0.00 -0.00 0.00 0.00 -0.00 0.00 0.00 -0.00 0.00 0.00 -0.00 0.00 0.00 -0.00 0.00 0.00 -0.00 0.00 0.00 -0.00 0.00 0.00 -0.00 0.00 0.00 -0.00 0.00 0.00 -0.00 0.00 0.00 -0.00 0.00 0.00 -0.00 0.00 0.00 -0.00 0.00 0.00 -0.00 0.00 0.00 -0.00 0.00 0.00 -0.00 0.00 0.00 -0.00 0.00 0.00 -0.00 0.00
-0.0000 0.0214 0.0000 0.00 -0.00 0.00 0.00 -0.00 0.00 0.00 -0.00 0.00 0.00 -0.00 0.00 0.00 -0.00 0.00 0.00 -0.00 0.00 0.00 -0.00 0.00 0.00 -0.00 0.00 0.00 -0.00 0.00 0.00 -0.00 0.00 0.00 -0.00 0.00 0.00 -0.00 0.00 0.00 -0.00 0.00 0.00 -0.00 0.00 0.00 -0.00 0.00 0.00 -0.00 0.00 0.00 -0.00 0.00 0.00 -0.00 0.00 69.06 -37.95 134.56 -0.00 23.42 -0.00 -6.28 10.14 20.11 -1.35 12.81 32.73 0.00 0.00 -0.00 2.00 -0.02 0.61 -0.05 -0.29 8.56 -0.04 -0.15 4.32 0.00 0.00 -0.00 0.00 0.00 1.62 -0.00 -0.00 16.38 0.00 -0.00 8.49 0.00 0.00 -0.00 -2.00 0.08 2.24 0.26 0.63 19.89 0.20 0.31 10.45 0.00 0.00 -0.00 -4.00 0.02 0.25 0.02 0.30 4.33 0.02 0.15 2.15 0.00 -0.00 0.00 0.00 -0.00 0.00 0.00 -0.00 0.00 0.00 -0.00 0.00 0.00 -0.00 0.00 0.00 -0.00 0.00 0.00 -0.00 0.00 0.00 -0.00 0.00 0.00 -0.00 0.00 0.00 -0.00 0.00 0.00 -0.00 0.00 0.00 -0.00 0.00 0.00 -0.00 0.00 0.00 -0.00 0.00 0.00 -0.00 0.00 0.00 -0.00 0.00 0.00 -0.00 0.00 0.00 -0.00 0.00 0.00 -0.00 0.00 0.00 -0.00 0.00 0.00 -0.00 0.00 0.00 -0.00 0.00 0.00 -0.00 0.00
-0.0000 0.0211 0.0000 0.00 -0.00 0.00 0.00 -0.00 0.00 0.00 -0.00 0.00 0.00 -0.00 0.00 0.00 -0.00 0.00 0.00 -0.00 0.00 0.00 -0.00 0.00 0.00 -0.00 0.00 0.00 -0.00 0.00 0.00 -0.00 0.00 0.00 -0.00 0.00 0.00 -0.00 0.00 0.00 -0.00 0.00 0.00 -0.00 0.00 0.00 -0.00 0.00 0.00 -0.00 0.00 0.00 -0.00 0.00 0.00 -0.00 0.00 69.06 -37.95 134.56 -0.00 23.42 -0.00 -6.28 10.14 20.11 -1.35 12.81 32.73 0.00 0.00 -0.00 2.00 -0.02 0.61 -0.05 -0.29 8.56 -0.04 -0.15 4.32 0.00 0.00 -0.00 0.00 0.00 1.62 -0.00 -0.00 16.38 0.00 -0.00 8.49 0.00 0.00 -0.00 -2.00 0.08 2.24 0.26 0.63 19.89 0.20 0.31 10.45 0.00 0.00 -0.00 -4.00 0.02 0.25 0.02 0.30 4.33 0.02 0.15 2.15 0.00 -0.00 0.00 0.00 -0.00 0.00 0.00 -0.00 0.00 0.00 -0.00 0.00 0.00 -0.00 0.00 0.00 -0.00 0.00 0.00 -0.00 0.00 0.00 -0.00 0.00 0.00 -0.00 0.00 0.00 -0.00 0.00 0.00 -0.00 0.00 0.00 -0.00 0.00 0.00 -0.00 0.00 0.00 -0.00 0.00 0.00 -0.00 0.00 0.00 -0.00 0.00 0.00 -0.00 0.00 0.00 -0.00 0.00 0.00 -0.00 0.00 0.00 -0.00 0.00 0.00 -0.00 0.00 0.00 -0.00 0.00 0.00 -0.00 0.00
-0.0000 0.0214 0.0000 0.00 -0.00 0.00 0.00 -0.00 0.00 0.00 -0.00 0.00 0.00 -0.00 0.00 0.00 -0.00 0.00 0.00 -0.00 0.00 0.00 -0.00 0.00 0.00 -0.00 0.00 0.00 -0.00 0.00 0.00 -0.00 0.00 0.00 -0.00 0.00 0.00 -0.00 0.00 0.00 -0.00 0.00 0.00 -0.00 0.00 0.00 -0.00 0.00 0.00 -0.00 0.00 0.00 -0.00 0.00 0.00 -0.00 0.00 69.06 -37.95 134.56 -0.00 23.42 -0.00 -6.28 10.14 20.11 -1.35 12.81 32.73 0.00 0.00 -0.00 2.00 -0.02 0.61 -0.05 -0.29 8.56 -0.04 -0.15 4.32 0.00 0.00 -0.00 0.00 0.00 1.62 -0.00 -0.00 16.38 0.00 -0.00 8.49 0.00 0.00 -0.00 -2.00 0.08 2.24 0.26 0.63 19.89 0.20 0.31 10.45 0.00 0.00 -0.00 -4.00 0.02 0.25 0.02 0.30 4.33 0.02 0.15 2.15 0.00 -0.00 0.00 0.00 -0.00 0.00 0.00 -0.00 0.00 0.00 -0.00 0.00 0.00 -0.00 0.00 0.00 -0.00 0.00 0.00 -0.00 0.00 0.00 -0.00 0.00 0.00 -0.00 0.00 0.00 -0.00 0.00 0.00 -0.00 0.00 0.00 -0.00 0.00 0.00 -0.00 0.00 0.00 -0.00 0.00 0.00 -0.00 0.00 0.00 -0.00 0.00 0.00 -0.00 0.00 0.00 -0.00 0.00 0.00 -0.00 0.00 0.00 -0.00 0.00 0.00 -0.00 0.00 0.00 -0.00 0.00 0.00 -0.00 0.00
-0.0000 0.0205 0.0000 0.00 -0.00 0.00 0.00 -0.00 0.00 0.00 -0.00 0.00 0.00 -0.00 0.00 0.00 -0.00 0.00 0.00 -0.00 0.00 0.00 -0.00 0.00 0.00 -0.00 0.00 0.00 -0.00 0.00 0.00 -0.00 0.00 0.00 -0.00 0.00 0.00 -0.00 0.00 0.00 -0.00 0.00 0.00 -0.00 0.00 0.00 -0.00 0.00 0.00 -0.00 0.00 0.00 -0.00 0.00 0.00 -0.00 0.00 69.06 -37.95 134.56 -0.00 23.42 -0.00 -6.28 10.14 20.11 -1.35 12.81 32.73 0.00 0.00 -0.00 2.00 -0.02 0.61 -0.05 -0.29 8.56 -0.04 -0.15 4.32 0.00 0.00 -0.00 0.00 0.00 1.62 -0.00 -0.00 16.38 0.00 -0.00 8.49 0.00 0.00 -0.00 -2.00 0.08 2.24 0.26 0.63 19.89 0.20 0.31 10.45 0.00 0.00 -0.00 -4.00 0.02 0.25 0.02 0.30 4.33 0.02 0.15 2.15 0.00 -0.00 0.00 0.00 -0.00 0.00 0.00 -0.00 0.00 0.00 -0.00 0.00 0.00 -0.00 0.00 0.00 -0.00 0.00 0.00 -0.00 0.00 0.00 -0.00 0.00 0.00 -0.00 0.00 0.00 -0.00 0.00 0.00 -0.00 0.00 0.00 -0.00 0.00 0.00 -0.00 0.00 0.00 -0.00 0.00 0.00 -0.00 0.00 0.00 -0.00 0.00 0.00 -0.00 0.00 0.00 -0.00 0.00 0.00 -0.00 0.00 0.00 -0.00 0.00 0.00 -0.00 0.00 0.00 -0.00 0.00 0.00 -0.00 0.00
-0.0000 0.0199 0.0000 0.00 -0.00 0.00 0.00 -0.00 0.00 0.00 -0.00 0.00 0.00 -0.00 0.00 0.00 -0.00 0.00 0.00 -0.00 0.00 0.00 -0.00 0.00 0.00 -0.00 0.00 0.00 -0.00 0.00 0.00 -0.00 0.00 0.00 -0.00 0.00 0.00 -0.00 0.00 0.00 -0.00 0.00 0.00 -0.00 0.00 0.00 -0.00 0.00 0.00 -0.00 0.00 0.00 -0.00 0.00 0.00 -0.00 0.00 69.06 -37.95 134.56 -0.00 23.42 -0.00 -6.28 10.14 20.11 -1.35 12.81 32.73 0.00 0.00 -0.00 2.00 -0.02 0.61 -0.05 -0.29 8.56 -0.04 -0.15 4.32 0.00 0.00 -0.00 0.00 0.00 1.62 -0.00 -0.00 16.38 0.00 -0.00 8.49 0.00 0.00 -0.00 -2.00 0.08 2.24 0.26 0.63 19.89 0.20 0.31 10.45 0.00 0.00 -0.00 -4.00 0.02 0.25 0.02 0.30 4.33 0.02 0.15 2.15 0.00 -0.00 0.00 0.00 -0.00 0.00 0.00 -0.00 0.00 0.00 -0.00 0.00 0.00 -0.00 0.00 0.00 -0.00 0.00 0.00 -0.00 0.00 0.00 -0.00 0.00 0.00 -0.00 0.00 0.00 -0.00 0.00 0.00 -0.00 0.00 0.00 -0.00 0.00 0.00 -0.00 0.00 0.00 -0.00 0.00 0.00 -0.00 0.00 0.00 -0.00 0.00 0.00 -0.00 0.00 0.00 -0.00 0.00 0.00 -0.00 0.00 0.00 -0.00 0.00 0.00 -0.00 0.00 0.00 -0.00 0.00 0.00 -0.00 0.00
-0.0000 0.0206 0.0000 0.00 -0.00 0.00 0.00 -0.00 0.00 0.00 -0.00 0.00 0.00 -0.00 0.00 0.00 -0.00 0.00 0.00 -0.00 0.00 0.00 -0.00 0.00 0.00 -0.00 0.00 0.00 -0.00 0.00 0.00 -0.00 0.00 0.00 -0.00 0.00 0.00 -0.00 0.00 0.00 -0.00 0.00 0.00 -0.00 0.00 0.00 -0.00 0.00 0.00 -0.00 0.00 0.00 -0.00 0.00 0.00 -0.00 0.00 69.06 -37.95 134.56 -0.00 23.42 -0.00 -6.28 10.14 20.11 -1.35 12.81 32.73 0.00 0.00 -0.00 2.00 -0.02 0.61 -0.05 -0.29 8.56 -0.04 -0.15 4.32 0.00 0.00 -0.00 0.00 0.00 1.62 -0.00 -0.00 16.38 0.00 -0.00 8.49 0.00 0.00 -0.00 -2.00 0.08 2.24 0.26 0.63 19.89 0.20 0.31 10.45 0.00 0.00 -0.00 -4.00 0.02 0.25 0.02 0.30 4.33 0.02 0.15 2.15 0.00 -0.00 0.00 0.00 -0.00 0.00 0.00 -0.00 0.00 0.00 -0.00 0.00 0.00 -0.00 0.00 0.00 -0.00 0.00 0.00 -0.00 0.00 0.00 -0.00 0.00 0.00 -0.00 0.00 0.00 -0.00 0.00 0.00 -0.00 0.00 0.00 -0.00 0.00 0.00 -0.00 0.00 0.00 -0.00 0.00 0.00 -0.00 0.00 0.00 -0.00 0.00 0.00 -0.00 0.00 0.00 -0.00 0.00 0.00 -0.00 0.00 0.00 -0.00 0.00 0.00 -0.00 0.00 0.00 -0.00 0.00 0.00 -0.00 0.00
-0.0000 0.0218 0.0000 0.00 -0.00 0.00 0.00 -0.00 0.00 0.00 -0.00 0.00 0.00 -0.00 0.00 0.00 -0.00 0.00 0.00 -0.00 0.00 0.00 -0.00 0.00 0.00 -0.00 0.00 0.00 -0.00 0.00 0.00 -0.00 0.00 0.00 -0.00 0.00 0.00 -0.00 0.00 0.00 -0.00 0.00 0.00 -0.00 0.00 0.00 -0.00 0.00 0.00 -0.00 0.00 0.00 -0.00 0.00 0.00 -0.00 0.00 69.06 -37.95 134.56 -0.00 23.42 -0.00 -6.28 10.14 20.11 -1.35 12.81 32.73 0.00 0.00 -0.00 2.00 -0.02 0.61 -0.05 -0.29 8.56 -0.04 -0.15 4.32 0.00 0.00 -0.00 0.00 0.00 1.62 -0.00 -0.00 16.38 0.00 -0.00 8.49 0.00 0.00 -0.00 -2.00 0.08 2.24 0.26 0.63 19.89 0.20 0.31 10.45 0.00 0.00 -0.00 -4.00 0.02 0.25 0.02 0.30 4.33 0.02 0.15 2.15 0.00 -0.00 0.00 0.00 -0.00 0.00 0.00 -0.00 0.00 0.00 -0.00 0.00 0.00 -0.00 0.00 0.00 -0.00 0.00 0.00 -0.00 0.00 0.00 -0.00 0.00 0.00 -0.00 0.00 0.00 -0.00 0.00 0.00 -0.00 0.00 0.00 -0.00 0.00 0.00 -0.00 0.00 0.00 -0.00 0.00 0.00 -0.00 0.00 0.00 -0.00 0.00 0.00 -0.00 0.00 0.00 -0.00 0.00 0.00 -0.00 0.00 0.00 -0.00 0.00 0.00 -0.00 0.00 0.00 -0.00 0.00 0.00 -0.00 0.00
-0.0000 0.0208 0.0000 0.00 -0.00 0.00 0.00 -0.00 0.00 0.00 -0.00 0.00 0.00 -0.00 0.00 0.00 -0.00 0.00 0.00 -0.00 0.00 0.00 -0.00 0.00 0.00 -0.00 0.00 0.00 -0.00 0.00 0.00 -0.00 0.00 0.00 -0.00 0.00 0.00 -0.00 0.00 0.00 -0.00 0.00 0.00 -0.00 0.00 0.00 -0.00 0.00 0.00 -0.00 0.00 0.00 -0.00 0.00 0.00 -0.00 0.00 69.06 -37.95 134.56 -0.00 23.42 -0.00 -6.28 10.14 20.11 -1.35 12.81 32.73 0.00 0.00 -0.00 2.00 -0.02 0.61 -0.05 -0.29 8.56 -0.04 -0.15 4.32 0.00 0.00 -0.00 0.00 0.00 1.62 -0.00 -0.00 16.38 0.00 -0.00 8.49 0.00 0.00 -0.00 -2.00 0.08 2.24 0.26 0.63 19.89 0.20 0.31 10.45 0.00 0.00 -0.00 -4.00 0.02 0.25 0.02 0.30 4.33 0.02 0.15 2.15 0.00 -0.00 0.00 0.00 -0.00 0.00 0.00 -0.00 0.00 0.00 -0.00 0.00 0.00 -0.00 0.00 0.00 -0.00 0.00 0.00 -0.00 0.00 0.00 -0.00 0.00 0.00 -0.00 0.00 0.00 -0.00 0.00 0.00 -0.00 0.00 0.00 -0.00 0.00 0.00 -0.00 0.00 0.00 -0.00 0.00 0.00 -0.00 0.00 0.00 -0.00 0.00 0.00 -0.00 0.00 0.00 -0.00 0.00 0.00 -0.00 0.00 0.00 -0.00 0.00 0.00 -0.00 0.00 0.00 -0.00 0.00 0.00 -0.00 0.00
-0.0000 0.0204 0.0000 0.00 -0.00 0.00 0.00 -0.00 0.00 0.00 -0.00 0.00 0.00 -0.00 0.00 0.00 -0.00 0.00 0.00 -0.00 0.00 0.00 -0.00 0.00 0.00 -0.00 0.00 0.00 -0.00 0.00 0.00 -0.00 0.00 0.00 -0.00 0.00 0.00 -0.00 0.00 0.00 -0.00 0.00 0.00 -0.00 0.00 0.00 -0.00 0.00 0.00 -0.00 0.00 0.00 -0.00 0.00 0.00 -0.00 0.00 69.06 -37.95 134.56 -0.00 23.42 -0.00 -6.28 10.14 20.11 -1.35 12.81 32.73 0.00 0.00 -0.00 2.00 -0.02 0.61 -0.05 -0.29 8.56 -0.04 -0.15 4.32 0.00 0.00 -0.00 0.00 0.00 1.62 -0.00 -0.00 16.38 0.00 -0.00 8.49 0.00 0.00 -0.00 -2.00 0.08 2.24 0.26 0.63 19.89 0.20 0.31 10.45 0.00 0.00 -0.00 -4.00 0.02 0.25 0.02 0.30 4.33 0.02 0.15 2.15 0.00 -0.00 0.00 0.00 -0.00 0.00 0.00 -0.00 0.00 0.00 -0.00 0.00 0.00 -0.00 0.00 0.00 -0.00 0.00 0.00 -0.00 0.00 0.00 -0.00 0.00 0.00 -0.00 0.00 0.00 -0.00 0.00 0.00 -0.00 0.00 0.00 -0.00 0.00 0.00 -0.00 0.00 0.00 -0.00 0.00 0.00 -0.00 0.00 0.00 -0.00 0.00 0.00 -0.00 0.00 0.00 -0.00 0.00 0.00 -0.00 0.00 0.00 -0.00 0.00 0.00 -0.00 0.00 0.00 -0.00 0.00 0.00 -0.00 0.00
-0.0000 0.0206 0.0000 0.00 -0.00 0.00 0.00 -0.00 0.00 0.00 -0.00 0.00 0.00 -0.00 0.00 0.00 -0.00 0.00 0.00 -0.00 0.00 0.00 -0.00 0.00 0.00 -0.00 0.00 0.00 -0.00 0.00 0.00 -0.00 0.00 0.00 -0.00 0.00 0.00 -0.00 0.00 0.00 -0.00 0.00 0.00 -0.00 0.00 0.00 -0.00 0.00 0.00 -0.00 0.00 0.00 -0.00 0.00 0.00 -0.00 0.00 69.06 -37.95 134.56 -0.00 23.42 -0.00 -6.28 10.14 20.11 -1.35 12.81 32.73 0.00 0.00 -0.00 2.00 -0.02 0.61 -0.05 -0.29 8.56 -0.04 -0.15 4.32 0.00 0.00 -0.00 0.00 0.00 1.62 -0.00 -0.00 16.38 0.00 -0.00 8.49 0.00 0.00 -0.00 -2.00 0.08 2.24 0.26 0.63 19.89 0.20 0.31 10.45 0.00 0.00 -0.00 -4.00 0.02 0.25 0.02 0.30 4.33 0.02 0.15 2.15 0.00 -0.00 0.00 0.00 -0.00 0.00 0.00 -0.00 0.00 0.00 -0.00 0.00 0.00 -0.00 0.00 0.00 -0.00 0.00 0.00 -0.00 0.00 0.00 -0.00 0.00 0.00 -0.00 0.00 0.00 -0.00 0.00 0.00 -0.00 0.00 0.00 -0.00 0.00 0.00 -0.00 0.00 0.00 -0.00 0.00 0.00 -0.00 0.00 0.00 -0.00 0.00 0.00 -0.00 0.00 0.00 -0.00 0.00 0.00 -0.00 0.00 0.00 -0.00 0.00 0.00 -0.00 0.00 0.00 -0.00 0.00 0.00 -0.00 0.00
-0.0000 0.0206 0.0000 0.00 -0.00 0.00 0.00 -0.00 0.00 0.00 -0.00 0.00 0.00 -0.00 0.00 0.00 -0.00 0.00 0.00 -0.00 0.00 0.00 -0.00 0.00 0.00 -0.00 0.00 0.00 -0.00 0.00 0.00 -0.00 0.00 0.00 -0.00 0.00 0.00 -0.00 0.00 0.00 -0.00 0.00 0.00 -0.00 0.00 0.00 -0.00 0.00 0.00 -0.00 0.00 0.00 -0.00 0.00 0.00 -0.00 0.00 69.06 -37.95 134.56 -0.00 23.42 -0.00 -6.28 10.14 20.11 -1.35 12.81 32.73 0.00 0.00 -0.00 2.00 -0.02 0.61 -0.05 -0.29 8.56 -0.04 -0.15 4.32 0.00 0.00 -0.00 0.00 0.00 1.62 -0.00 -0.00 16.38 0.00 -0.00 8.49 0.00 0.00 -0.00 -2.00 0.08 2.24 0.26 0.63 19.89 0.20 0.31 10.45 0.00 0.00 -0.00 -4.00 0.02 0.25 0.02 0.30 4.33 0.02 0.15 2.15 0.00 -0.00 0.00 0.00 -0.00 0.00 0.00 -0.00 0.00 0.00 -0.00 0.00 0.00 -0.00 0.00 0.00 -0.00 0.00 0.00 -0.00 0.00 0.00 -0.00 0.00 0.00 -0.00 0.00 0.00 -0.00 0.00 0.00 -0.00 0.00 0.00 -0.00 0.00 0.00 -0.00 0.00 0.00 -0.00 0.00 0.00 -0.00 0.00 0.00 -0.00 0.00 0.00 -0.00 0.00 0.00 -0.00 0.00 0.00 -0.00 0.00 0.00 -0.00 0.00 0.00 -0.00 0.00 0.00 -0.00 0.00 0.00 -0.00 0.00
-0.0000 0.0211 0.0000 0.00 -0.00 0.00 0.00 -0.00 0.00 0.00 -0.00 0.00 0.00 -0.00 0.00 0.00 -0.00 0.00 0.00 -0.00 0.00 0.00 -0.00 0.00 0.00 -0.00 0.00 0.00 -0.00 0.00 0.00 -0.00 0.00 0.00 -0.00 0.00 0.00 -0.00 0.00 0.00 -0.00 0.00 0.00 -0.00 0.00 0.00 -0.00 0.00 0.00 -0.00 0.00 0.00 -0.00 0.00 0.00 -0.00 0.00 69.06 -37.95 134.56 -0.00 23.42 -0.00 -6.28 10.14 20.11 -1.35 12.81 32.73 0.00 0.00 -0.00 2.00 -0.02 0.61 -0.05 -0.29 8.56 -0.04 -0.15 4.32 0.00 0.00 -0.00 0.00 0.00 1.62 -0.00 -0.00 16.38 0.00 -0.00 8.49 0.00 0.00 -0.00 -2.00 0.08 2.24 0.26 0.63 19.89 0.20 0.31 10.45 0.00 0.00 -0.00 -4.00 0.02 0.25 0.02 0.30 4.33 0.02 0.15 2.15 0.00 -0.00 0.00 0.00 -0.00 0.00 0.00 -0.00 0.00 0.00 -0.00 0.00 0.00 -0.00 0.00 0.00 -0.00 0.00 0.00 -0.00 0.00 0.00 -0.00 0.00 0.00 -0.00 0.00 0.00 -0.00 0.00 0.00 -0.00 0.00 0.00 -0.00 0.00 0.00 -0.00 0.00 0.00 -0.00 0.00 0.00 -0.00 0.00 0.00 -0.00 0.00 0.00 -0.00 0.00 0.00 -0.00 0.00 0.00 -0.00 0.00 0.00 -0.00 0.00 0.00 -0.00 0.00 0.00 -0.00 0.00 0.00 -0.00 0.00
-0.0000 0.0211 0.0000 0.00 -0.00 0.00 0.00 -0.00 0.00 0.00 -0.00 0.00 0.00 -0.00 0.00 0.00 -0.00 0.00 0.00 -0.00 0.00 0.00 -0.00 0.00 0.00 -0.00 0.00 0.00 -0.00 0.00 0.00 -0.00 0.00 0.00 -0.00 0.00 0.00 -0.00 0.00 0.00 -0.00 0.00 0.00 -0.00 0.00 0.00 -0.00 0.00 0.00 -0.00 0.00 0.00 -0.00 0.00 0.00 -0.00 0.00 69.06 -37.95 134.56 -0.00 23.42 -0.00 -6.28 10.14 20.11 -1.35 12.81 32.73 0.00 0.00 -0.00 2.00 -0.02 0.61 -0.05 -0.29 8.56 -0.04 -0.15 4.32 0.00 0.00 -0.00 0.00 0.00 1.62 -0.00 -0.00 16.38 0.00 -0.00 8.49 0.00 0.00 -0.00 -2.00 0.08 2.24 0.26 0.63 19.89 0.20 0.31 10.45 0.00 0.00 -0.00 -4.00 0.02 0.25 0.02 0.30 4.33 0.02 0.15 2.15 0.00 -0.00 0.00 0.00 -0.00 0.00 0.00 -0.00 0.00 0.00 -0.00 0.00 0.00 -0.00 0.00 0.00 -0.00 0.00 0.00 -0.00 0.00 0.00 -0.00 0.00 0.00 -0.00 0.00 0.00 -0.00 0.00 0.00 -0.00 0.00 0.00 -0.00 0.00 0.00 -0.00 0.00 0.00 -0.00 0.00 0.00 -0.00 0.00 0.00 -0.00 0.00 0.00 -0.00 0.00 0.00 -0.00 0.00 0.00 -0.00 0.00 0.00 -0.00 0.00 0.00 -0.00 0.00 0.00 -0.00 0.00 0.00 -0.00 0.00
-0.0000 0.0203 0.0000 0.00 -0.00 0.00 0.00 -0.00 0.00 0.00 -0.00 0.00 0.00 -0.00 0.00 0.00 -0.00 0.00 0.00 -0.00 0.00 0.00 -0.00 0.00 0.00 -0.00 0.00 0.00 -0.00 0.00 0.00 -0.00 0.00 0.00 -0.00 0.00 0.00 -0.00 0.00 0.00 -0.00 0.00 0.00 -0.00 0.00 0.00 -0.00 0.00 0.00 -0.00 0.00 0.00 -0.00 0.00 0.00 -0.00 0.00 69.06 -37.95 134.56 -0.00 23.42 -0.00 -6.28 10.14 20.11 -1.35 12.81 32.73 0.00 0.00 -0.00 2.00 -0.02 0.61 -0.05 -0.29 8.56 -0.04 -0.15 4.32 0.00 0.00 -0.00 0.00 0.00 1.62 -0.00 -0.00 16.38 0.00 -0.00 8.49 0.00 0.00 -0.00 -2.00 0.08 2.24 0.26 0.63 19.89 0.20 0.31 10.45 0.00 0.00 -0.00 -4.00 0.02 0.25 0.02 0.30 4.33 0.02 0.15 2.15 0.00 -0.00 0.00 0.00 -0.00 0.00 0.00 -0.00 0.00 0.00 -0.00 0.00 0.00 -0.00 0.00 0.00 -0.00 0.00 0.00 -0.00 0.00 0.00 -0.00 0.00 0.00 -0.00 0.00 0.00 -0.00 0.00 0.00 -0.00 0.00 0.00 -0.00 0.00 0.00 -0.00 0.00 0.00 -0.00 0.00 0.00 -0.00 0.00 0.00 -0.00 0.00 0.00 -0.00 0.00 0.00 -0.00 0.00 0.00 -0.00 0.00 0.00 -0.00 0.00 0.00 -0.00 0.00 0.00 -0.00 0.00 0.00 -0.00 0.00
-0.0000 0.0207 0.0000 0.00 -0.00 0.00 0.00 -0.00 0.00 0.00 -0.00 0.00 0.00 -0.00 0.00 0.00 -0.00 0.00 0.00 -0.00 0.00 0.00 -0.00 0.00 0.00 -0.00 0.00 0.00 -0.00 0.00 0.00 -0.00 0.00 0.00 -0.00 0.00 0.00 -0.00 0.00 0.00 -0.00 0.00 0.00 -0.00 0.00 0.00 -0.00 0.00 0.00 -0.00 0.00 0.00 -0.00 0.00 0.00 -0.00 0.00 69.06 -37.95 134.56 -0.00 23.42 -0.00 -6.28 10.14 20.11 -1.35 12.81 32.73 0.00 0.00 -0.00 2.00 -0.02 0.61 -0.05 -0.29 8.56 -0.04 -0.15 4.32 0.00 0.00 -0.00 0.00 0.00 1.62 -0.00 -0.00 16.38 0.00 -0.00 8.49 0.00 0.00 -0.00 -2.00 0.08 2.24 0.26 0.63 19.89 0.20 0.31 10.45 0.00 0.00 -0.00 -4.00 0.02 0.25 0.02 0.30 4.33 0.02 0.15 2.15 0.00 -0.00 0.00 0.00 -0.00 0.00 0.00 -0.00 0.00 0.00 -0.00 0.00 0.00 -0.00 0.00 0.00 -0.00 0.00 0.00 -0.00 0.00 0.00 -0.00 0.00 0.00 -0.00 0.00 0.00 -0.00 0.00 0.00 -0.00 0.00 0.00 -0.00 0.00 0.00 -0.00 0.00 0.00 -0.00 0.00 0.00 -0.00 0.00 0.00 -0.00 0.00 0.00 -0.00 0.00 0.00 -0.00 0.00 0.00 -0.00 0.00 0.00 -0.00 0.00 0.00 -0.00 0.00 0.00 -0.00 0.00 0.00 -0.00 0.00
-0.0000 0.0213 0.0000 0.00 -0.00 0.00 0.00 -0.00 0.00 0.00 -0.00 0.00 0.00 -0.00 0.00 0.00 -0.00 0.00 0.00 -0.00 0.00 0.00 -0.00 0.00 0.00 -0.00 0.00 0.00 -0.00 0.00 0.00 -0.00 0.00 0.00 -0.00 0.00 0.00 -0.00 0.00 0.00 -0.00 0.00 0.00 -0.00 0.00 0.00 -0.00 0.00 0.00 -0.00 0.00 0.00 -0.00 0.00 0.00 -0.00 0.00 69.06 -37.95 134.56 -0.00 23.42 -0.00 -6.28 10.14 20.11 -1.35 12.81 32.73 0.00 0.00 -0.00 2.00 -0.02 0.61 -0.05 -0.29 8.56 -0.04 -0.15 4.32 0.00 0.00 -0.00 0.00 0.00 1.62 -0.00 -0.00 16.38 0.00 -0.00 8.49 0.00 0.00 -0.00 -2.00 0.08 2.24 0.26 0.63 19.89 0.20 0.31 10.45 0.00 0.00 -0.00 -4.00 0.02 0.25 0.02 0.30 4.33 0.02 0.15 2.15 0.00 -0.00 0.00 0.00 -0.00 0.00 0.00 -0.00 0.00 0.00 -0.00 0.00 0.00 -0.00 0.00 0.00 -0.00 0.00 0.00 -0.00 0.00 0.00 -0.00 0.00 0.00 -0.00 0.00 0.00 -0.00 0.00 0.00 -0.00 0.00 0.00 -0.00 0.00 0.00 -0.00 0.00 0.00 -0.00 0.00 0.00 -0.00 0.00 0.00 -0.00 0.00 0.00 -0.00 0.00 0.00 -0.00 0.00 0.00 -0.00 0.00 0.00 -0.00 0.00 0.00 -0.00 0.00 0.00 -0.00 0.00 0.00 -0.00 0.00
-0.0000 0.0213 0.0000 0.00 -0.00 0.00 0.00 -0.00 0.00 0.00 -0.00 0.00 0.00 -0.00 0.00 0.00 -0.00 0.00 0.00 -0.00 0.00 0.00 -0.00 0.00 0.00 -0.00 0.00 0.00 -0.00 0.00 0.00 -0.00 0.00 0.00 -0.00 0.00 0.00 -0.00 0.00 0.00 -0.00 0.00 0.00 -0.00 0.00 0.00 -0.00 0.00 0.00 -0.00 0.00 0.00 -0.00 0.00 0.00 -0.00 0.00 69.06 -37.95 134.56 -0.00 23.42 -0.00 -6.28 10.14 20.11 -1.35 12.81 32.73 0.00 0.00 -0.00 2.00 -0.02 0.61 -0.05 -0.29 8.56 -0.04 -0.15 4.32 0.00 0.00 -0.00 0.00 0.00 1.62 -0.00 -0.00 16.38 0.00 -0.00 8.49 0.00 0.00 -0.00 -2.00 0.08 2.24 0.26 0.63 19.89 0.20 0.31 10.45 0.00 0.00 -0.00 -4.00 0.02 0.25 0.02 0.30 4.33 0.02 0.15 2.15 0.00 -0.00 0.00 0.00 -0.00 0.00 0.00 -0.00 0.00 0.00 -0.00 0.00 0.00 -0.00 0.00 0.00 -0.00 0.00 0.00 -0.00 0.00 0.00 -0.00 0.00 0.00 -0.00 0.00 0.00 -0.00 0.00 0.00 -0.00 0.00 0.00 -0.00 0.00 0.00 -0.00 0.00 0.00 -0.00 0.00 0.00 -0.00 0.00 0.00 -0.00 0.00 0.00 -0.00 0.00 0.00 -0.00 0.00 0.00 -0.00 0.00 0.00 -0.00 0.00 0.00 -0.00 0.00 0.00 -0.00 0.00 0.00 -0.00 0.00
-0.0000 0.0208 0.0000 0.00 -0.00 0.00 0.00 -0.00 0.00 0.00 -0.00 0.00 0.00 -0.00 0.00 0.00 -0.00 0.00 0.00 -0.00 0.00 0.00 -0.00 0.00 0.00 -0.00 0.00 0.00 -0.00 0.00 0.00 -0.00 0.00 0.00 -0.00 0.00 0.00 -0.00 0.00 0.00 -0.00 0.00 0.00 -0.00 0.00 0.00 -0.00 0.00 0.00 -0.00 0.00 0.00 -0.00 0.00 0.00 -0.00 0.00 69.06 -37.95 134.56 -0.00 23.42 -0.00 -6.28 10.14 20.11 -1.35 12.81 32.73 0.00 0.00 -0.00 2.00 -0.02 0.61 -0.05 -0.29 8.56 -0.04 -0.15 4.32 0.00 0.00 -0.00 0.00 0.00 1.62 -0.00 -0.00 16.38 0.00 -0.00 8.49 0.00 0.00 -0.00 -2.00 0.08 2.24 0.26 0.63 19.89 0.20 0.31 10.45 0.00 0.00 -0.00 -4.00 0.02 0.25 0.02 0.30 4.33 0.02 0.15 2.15 0.00 -0.00 0.00 0.00 -0.00 0.00 0.00 -0.00 0.00 0.00 -0.00 0.00 0.00 -0.00 0.00 0.00 -0.00 0.00 0.00 -0.00 0.00 0.00 -0.00 0.00 0.00 -0.00 0.00 0.00 -0.00 0.00 0.00 -0.00 0.00 0.00 -0.00 0.00 0.00 -0.00 0.00 0.00 -0.00 0.00 0.00 -0.00 0.00 0.00 -0.00 0.00 0.00 -0.00 0.00 0.00 -0.00 0.00 0.00 -0.00 0.00 0.00 -0.00 0.00 0.00 -0.00 0.00 0.00 -0.00 0.00 0.00 -0.00 0.00
-0.0000 0.0207 0.0000 0.00 -0.00 0.00 0.00 -0.00 0.00 0.00 -0.00 0.00 0.00 -0.00 0.00 0.00 -0.00 0.00 0.00 -0.00 0.00 0.00 -0.00 0.00 0.00 -0.00 0.00 0.00 -0.00 0.00 0.00 -0.00 0.00 0.00 -0.00 0.00 0.00 -0.00 0.00 0.00 -0.00 0.00 0.00 -0.00 0.00 0.00 -0.00 0.00 0.00 -0.00 0.00 0.00 -0.00 0.00 0.00 -0.00 0.00 69.06 -37.95 134.56 -0.00 23.42 -0.00 -6.28 10.14 20.11 -1.35 12.81 32.73 0.00 0.00 -0.00 2.00 -0.02 0.61 -0.05 -0.29 8.56 -0.04 -0.15 4.32 0.00 0.00 -0.00 0.00 0.00 1.62 -0.00 -0.00 16.38 0.00 -0.00 8.49 0.00 0.00 -0.00 -2.00 0.08 2.24 0.26 0.63 19.89 0.20 0.31 10.45 0.00 0.00 -0.00 -4.00 0.02 0.25 0.02 0.30 4.33 0.02 0.15 2.15 0.00 -0.00 0.00 0.00 -0.00 0.00 0.00 -0.00 0.00 0.00 -0.00 0.00 0.00 -0.00 0.00 0.00 -0.00 0.00 0.00 -0.00 0.00 0.00 -0.00 0.00 0.00 -0.00 0.00 0.00 -0.00 0.00 0.00 -0.00 0.00 0.00 -0.00 0.00 0.00 -0.00 0.00 0.00 -0.00 0.00 0.00 -0.00 0.00 0.00 -0.00 0.00 0.00 -0.00 0.00 0.00 -0.00 0.00 0.00 -0.00 0.00 0.00 -0.00 0.00 0.00 -0.00 0.00 0.00 -0.00 0.00 0.00 -0.00 0.00
-0.0000 0.0207 0.0000 0.00 -0.00 0.00 0.00 -0.00 0.00 0.00 -0.00 0.00 0.00 -0.00 0.00 0.00 -0.00 0.00 0.00 -0.00 0.00 0.00 -0.00 0.00 0.00 -0.00 0.00 0.00 -0.00 0.00 0.00 -0.00 0.00 0.00 -0.00 0.00 0.00 -0.00 0.00 0.00 -0.00 0.00 0.00 -0.00 0.00 0.00 -0.00 0.00 0.00 -0.00 0.00 0.00 -0.00 0.00 0.00 -0.00 0.00 69.06 -37.95 134.56 -0.00 23.42 -0.00 -6.28 10.14 20.11 -1.35 12.81 32.73 0.00 0.00 -0.00 2.00 -0.02 0.61 -0.05 -0.29 8.56 -0.04 -0.15 4.32 0.00 0.00 -0.00 0.00 0.00 1.62 -0.00 -0.00 16.38 0.00 -0.00 8.49 0.00 0.00 -0.00 -2.00 0.08 2.24 0.26 0.63 19.89 0.20 0.31 10.45 0.00 0.00 -0.00 -4.00 0.02 0.25 0.02 0.30 4.33 0.02 0.15 2.15 0.00 -0.00 0.00 0.00 -0.00 0.00 0.00 -0.00 0.00 0.00 -0.00 0.00 0.00 -0.00 0.00 0.00 -0.00 0.00 0.00 -0.00 0.00 0.00 -0.00 0.00 0.00 -0.00 0.00 0.00 -0.00 0.00 0.00 -0.00 0.00 0.00 -0.00 0.00 0.00 -0.00 0.00 0.00 -0.00 0.00 0.00 -0.00 0.00 0.00 -0.00 0.00 0.00 -0.00 0.00 0.00 -0.00 0.00 0.00 -0.00 0.00 0.00 -0.00 0.00 0.00 -0.00 0.00 0.00 -0.00 0.00 0.00 -0.00 0.00
-0.0000 0.0203 0.0000 0.00 -0.00 0.00 0.00 -0.00 0.00 0.00 -0.00 0.00 0.00 -0.00 0.00 0.00 -0.00 0.00 0.00 -0.00 0.00 0.00 -0.00 0.00 0.00 -0.00 0.00 0.00 -0.00 0.00 0.00 -0.00 0.00 0.00 -0.00 0.00 0.00 -0.00 0.00 0.00 -0.00 0.00 0.00 -0.00 0.00 0.00 -0.00 0.00 0.00 -0.00 0.00 0.00 -0.00 0.00 0.00 -0.00 0.00 69.06 -37.95 134.56 -0.00 23.42 -0.00 -6.28 10.14 20.11 -1.35 12.81 32.73 0.00 0.00 -0.00 2.00 -0.02 0.61 -0.05 -0.29 8.56 -0.04 -0.15 4.32 0.00 0.00 -0.00 0.00 0.00 1.62 -0.00 -0.00 16.38 0.00 -0.00 8.49 0.00 0.00 -0.00 -2.00 0.08 2.24 0.26 0.63 19.89 0.20 0.31 10.45 0.00 0.00 -0.00 -4.00 0.02 0.25 0.02 0.30 4.33 0.02 0.15 2.15 0.00 -0.00 0.00 0.00 -0.00 0.00 0.00 -0.00 0.00 0.00 -0.00 0.00 0.00 -0.00 0.00 0.00 -0.00 0.00 0.00 -0.00 0.00 0.00 -0.00 0.00 0.00 -0.00 0.00 0.00 -0.00 0.00 0.00 -0.00 0.00 0.00 -0.00 0.00 0.00 -0.00 0.00 0.00 -0.00 0.00 0.00 -0.00 0.00 0.00 -0.00 0.00 0.00 -0.00 0.00 0.00 -0.00 0.00 0.00 -0.00 0.00 0.00 -0.00 0.00 0.00 -0.00 0.00 0.00 -0.00 0.00 0.00 -0.00 0.00
-0.0000 0.0204 0.0000 0.00 -0.00 0.00 0.00 -0.00 0.00 0.00 -0.00 0.00 0.00 -0.00 0.00 0.00 -0.00 0.00 0.00 -0.00 0.00 0.00 -0.00 0.00 0.00 -0.00 0.00 0.00 -0.00 0.00 0.00 -0.00 0.00 0.00 -0.00 0.00 0.00 -0.00 0.00 0.00 -0.00 0.00 0.00 -0.00 0.00 0.00 -0.00 0.00 0.00 -0.00 0.00 0.00 -0.00 0.00 0.00 -0.00 0.00 69.06 -37.95 134.56 -0.00 23.42 -0.00 -6.28 10.14 20.11 -1.35 12.81 32.73 0.00 0.00 -0.00 2.00 -0.02 0.61 -0.05 -0.29 8.56 -0.04 -0.15 4.32 0.00 0.00 -0.00 0.00 0.00 1.62 -0.00 -0.00 16.38 0.00 -0.00 8.49 0.00 0.00 -0.00 -2.00 0.08 2.24 0.26 0.63 19.89 0.20 0.31 10.45 0.00 0.00 -0.00 -4.00 0.02 0.25 0.02 0.30 4.33 0.02 0.15 2.15 0.00 -0.00 0.00 0.00 -0.00 0.00 0.00 -0.00 0.00 0.00 -0.00 0.00 0.00 -0.00 0.00 0.00 -0.00 0.00 0.00 -0.00 0.00 0.00 -0.00 0.00 0.00 -0.00 0.00 0.00 -0.00 0.00 0.00 -0.00 0.00 0.00 -0.00 0.00 0.00 -0.00 0.00 0.00 -0.00 0.00 0.00 -0.00 0.00 0.00 -0.00 0.00 0.00 -0.00 0.00 0.00 -0.00 0.00 0.00 -0.00 0.00 0.00 -0.00 0.00 0.00 -0.00 0.00 0.00 -0.00 0.00 0.00 -0.00 0.00
-0.0000 0.0197 0.0000 0.00 -0.00 0.00 0.00 -0.00 0.00 0.00 -0.00 0.00 0.00 -0.00 0.00 0.00 -0.00 0.00 0.00 -0.00 0.00 0.00 -0.00 0.00 0.00 -0.00 0.00 0.00 -0.00 0.00 0.00 -0.00 0.00 0.00 -0.00 0.00 0.00 -0.00 0.00 0.00 -0.00 0.00 0.00 -0.00 0.00 0.00 -0.00 0.00 0.00 -0.00 0.00 0.00 -0.00 0.00 0.00 -0.00 0.00 69.06 -37.95 134.56 -0.00 23.42 -0.00 -6.28 10.14 20.11 -1.35 12.81 32.73 0.00 0.00 -0.00 2.00 -0.02 0.61 -0.05 -0.29 8.56 -0.04 -0.15 4.32 0.00 0.00 -0.00 0.00 0.00 1.62 -0.00 -0.00 16.38 0.00 -0.00 8.49 0.00 0.00 -0.00 -2.00 0.08 2.24 0.26 0.63 19.89 0.20 0.31 10.45 0.00 0.00 -0.00 -4.00 0.02 0.25 0.02 0.30 4.33 0.02 0.15 2.15 0.00 -0.00 0.00 0.00 -0.00 0.00 0.00 -0.00 0.00 0.00 -0.00 0.00 0.00 -0.00 0.00 0.00 -0.00 0.00 0.00 -0.00 0.00 0.00 -0.00 0.00 0.00 -0.00 0.00 0.00 -0.00 0.00 0.00 -0.00 0.00 0.00 -0.00 0.00 0.00 -0.00 0.00 0.00 -0.00 0.00 0.00 -0.00 0.00 0.00 -0.00 0.00 0.00 -0.00 0.00 0.00 -0.00 0.00 0.00 -0.00 0.00 0.00 -0.00 0.00 0.00 -0.00 0.00 0.00 -0.00 0.00 0.00 -0.00 0.00
-0.0000 0.0197 0.0000 0.00 -0.00 0.00 0.00 -0.00 0.00 0.00 -0.00 0.00 0.00 -0.00 0.00 0.00 -0.00 0.00 0.00 -0.00 0.00 0.00 -0.00 0.00 0.00 -0.00 0.00 0.00 -0.00 0.00 0.00 -0.00 0.00 0.00 -0.00 0.00 0.00 -0.00 0.00 0.00 -0.00 0.00 0.00 -0.00 0.00 0.00 -0.00 0.00 0.00 -0.00 0.00 0.00 -0.00 0.00 0.00 -0.00 0.00 69.06 -37.95 134.56 -0.00 23.42 -0.00 -6.28 10.14 20.11 -1.35 12.81 32.73 0.00 0.00 -0.00 2.00 -0.02 0.61 -0.05 -0.29 8.56 -0.04 -0.15 4.32 0.00 0.00 -0.00 0.00 0.00 1.62 -0.00 -0.00 16.38 0.00 -0.00 8.49 0.00 0.00 -0.00 -2.00 0.08 2.24 0.26 0.63 19.89 0.20 0.31 10.45 0.00 0.00 -0.00 -4.00 0.02 0.25 0.02 0.30 4.33 0.02 0.15 2.15 0.00 -0.00 0.00 0.00 -0.00 0.00 0.00 -0.00 0.00 0.00 -0.00 0.00 0.00 -0.00 0.00 0.00 -0.00 0.00 0.00 -0.00 0.00 0.00 -0.00 0.00 0.00 -0.00 0.00 0.00 -0.00 0.00 0.00 -0.00 0.00 0.00 -0.00 0.00 0.00 -0.00 0.00 0.00 -0.00 0.00 0.00 -0.00 0.00 0.00 -0.00 0.00 0.00 -0.00 0.00 0.00 -0.00 0.00 0.00 -0.00 0.00 0.00 -0.00 0.00 0.00 -0.00 0.00 0.00 -0.00 0.00 0.00 -0.00 0.00
-0.0000 0.0209 0.0000 0.00 -0.00 0.00 0.00 -0.00 0.00 0.00 -0.00 0.00 0.00 -0.00 0.00 0.00 -0.00 0.00 0.00 -0.00 0.00 0.00 -0.00 0.00 0.00 -0.00 0.00 0.00 -0.00 0.00 0.00 -0.00 0.00 0.00 -0.00 0.00 0.00 -0.00 0.00 0.00 -0.00 0.00 0.00 -0.00 0.00 0.00 -0.00 0.00 0.00 -0.00 0.00 0.00 -0.00 0.00 0.00 -0.00 0.00 69.06 -37.95 134.56 -0.00 23.42 -0.00 -6.28 10.14 20.11 -1.35 12.81 32.73 0.00 0.00 -0.00 2.00 -0.02 0.61 -0.05 -0.29 8.56 -0.04 -0.15 4.32 0.00 0.00 -0.00 0.00 0.00 1.62 -0.00 -0.00 16.38 0.00 -0.00 8.49 0.00 0.00 -0.00 -2.00 0.08 2.24 0.26 0.63 19.89 0.20 0.31 10.45 0.00 0.00 -0.00 -4.00 0.02 0.25 0.02 0.30 4.33 0.02 0.15 2.15 0.00 -0.00 0.00 0.00 -0.00 0.00 0.00 -0.00 0.00 0.00 -0.00 0.00 0.00 -0.00 0.00 0.00 -0.00 0.00 0.00 -0.00 0.00 0.00 -0.00 0.00 0.00 -0.00 0.00 0.00 -0.00 0.00 0.00 -0.00 0.00 0.00 -0.00 0.00 0.00 -0.00 0.00 0.00 -0.00 0.00 0.00 -0.00 0.00 0.00 -0.00 0.00 0.00 -0.00 0.00 0.00 -0.00 0.00 0.00 -0.00 0.00 0.00 -0.00 0.00 0.00 -0.00 0.00 0.00 -0.00 0.00 0.00 -0.00 0.00
-0.0000 0.0205 0.0000 0.00 -0.00 0.00 0.00 -0.00 0.00 0.00 -0.00 0.00 0.00 -0.00 0.00 0.00 -0.00 0.00 0.00 -0.00 0.00 0.00 -0.00 0.00 0.00 -0.00 0.00 0.00 -0.00 0.00 0.00 -0.00 0.00 0.00 -0.00 0.00 0.00 -0.00 0.00 0.00 -0.00 0.00 0.00 -0.00 0.00 0.00 -0.00 0.00 0.00 -0.00 0.00 0.00 -0.00 0.00 0.00 -0.00 0.00 69.06 -37.95 134.56 -0.00 23.42 -0.00 -6.28 10.14 20.11 -1.35 12.81 32.73 0.00 0.00 -0.00 2.00 -0.02 0.61 -0.05 -0.29 8.56 -0.04 -0.15 4.32 0.00 0.00 -0.00 0.00 0.00 1.62 -0.00 -0.00 16.38 0.00 -0.00 8.49 0.00 0.00 -0.00 -2.00 0.08 2.24 0.26 0.63 19.89 0.20 0.31 10.45 0.00 0.00 -0.00 -4.00 0.02 0.25 0.02 0.30 4.33 0.02 0.15 2.15 0.00 -0.00 0.00 0.00 -0.00 0.00 0.00 -0.00 0.00 0.00 -0.00 0.00 0.00 -0.00 0.00 0.00 -0.00 0.00 0.00 -0.00 0.00 0.00 -0.00 0.00 0.00 -0.00 0.00 0.00 -0.00 0.00 0.00 -0.00 0.00 0.00 -0.00 0.00 0.00 -0.00 0.00 0.00 -0.00 0.00 0.00 -0.00 0.00 0.00 -0.00 0.00 0.00 -0.00 0.00 0.00 -0.00 0.00 0.00 -0.00 0.00 0.00 -0.00 0.00 0.00 -0.00 0.00 0.00 -0.00 0.00 0.00 -0.00 0.00
-0.0000 0.0201 0.0000 0.00 -0.00 0.00 0.00 -0.00 0.00 0.00 -0.00 0.00 0.00 -0.00 0.00 0.00 -0.00 0.00 0.00 -0.00 0.00 0.00 -0.00 0.00 0.00 -0.00 0.00 0.00 -0.00 0.00 0.00 -0.00 0.00 0.00 -0.00 0.00 0.00 -0.00 0.00 0.00 -0.00 0.00 0.00 -0.00 0.00 0.00 -0.00 0.00 0.00 -0.00 0.00 0.00 -0.00 0.00 0.00 -0.00 0.00 69.06 -37.95 134.56 -0.00 23.42 -0.00 -6.28 10.14 20.11 -1.35 12.81 32.73 0.00 0.00 -0.00 2.00 -0.02 0.61 -0.05 -0.29 8.56 -0.04 -0.15 4.32 0.00 0.00 -0.00 0.00 0.00 1.62 -0.00 -0.00 16.38 0.00 -0.00 8.49 0.00 0.00 -0.00 -2.00 0.08 2.24 0.26 0.63 19.89 0.20 0.31 10.45 0.00 0.00 -0.00 -4.00 0.02 0.25 0.02 0.30 4.33 0.02 0.15 2.15 0.00 -0.00 0.00 0.00 -0.00 0.00 0.00 -0.00 0.00 0.00 -0.00 0.00 0.00 -0.00 0.00 0.00 -0.00 0.00 0.00 -0.00 0.00 0.00 -0.00 0.00 0.00 -0.00 0.00 0.00 -0.00 0.00 0.00 -0.00 0.00 0.00 -0.00 0.00 0.00 -0.00 0.00 0.00 -0.00 0.00 0.00 -0.00 0.00 0.00 -0.00 0.00 0.00 -0.00 0.00 0.00 -0.00 0.00 0.00 -0.00 0.00 0.00 -0.00 0.00 0.00 -0.00 0.00 0.00 -0.00 0.00 0.00 -0.00 0.00
-0.0000 0.0196 0.0000 0.00 -0.00 0.00 0.00 -0.00 0.00 0.00 -0.00 0.00 0.00 -0.00 0.00 0.00 -0.00 0.00 0.00 -0.00 0.00 0.00 -0.00 0.00 0.00 -0.00 0.00 0.00 -0.00 0.00 0.00 -0.00 0.00 0.00 -0.00 0.00 0.00 -0.00 0.00 0.00 -0.00 0.00 0.00 -0.00 0.00 0.00 -0.00 0.00 0.00 -0.00 0.00 0.00 -0.00 0.00 0.00 -0.00 0.00 69.06 -37.95 134.56 -0.00 23.42 -0.00 -6.28 10.14 20.11 -1.35 12.81 32.73 0.00 0.00 -0.00 2.00 -0.02 0.61 -0.05 -0.29 8.56 -0.04 -0.15 4.32 0.00 0.00 -0.00 0.00 0.00 1.62 -0.00 -0.00 16.38 0.00 -0.00 8.49 0.00 0.00 -0.00 -2.00 0.08 2.24 0.26 0.63 19.89 0.20 0.31 10.45 0.00 0.00 -0.00 -4.00 0.02 0.25 0.02 0.30 4.33 0.02 0.15 2.15 0.00 -0.00 0.00 0.00 -0.00 0.00 0.00 -0.00 0.00 0.00 -0.00 0.00 0.00 -0.00 0.00 0.00 -0.00 0.00 0.00 -0.00 0.00 0.00 -0.00 0.00 0.00 -0.00 0.00 0.00 -0.00 0.00 0.00 -0.00 0.00 0.00 -0.00 0.00 0.00 -0.00 0.00 0.00 -0.00 0.00 0.00 -0.00 0.00 0.00 -0.00 0.00 0.00 -0.00 0.00 0.00 -0.00 0.00 0.00 -0.00 0.00 0.00 -0.00 0.00 0.00 -0.00 0.00 0.00 -0.00 0.00 0.00 -0.00 0.00
-0.0000 0.0198 0.0000 0.00 -0.00 0.00 0.00 -0.00 0.00 0.00 -0.00 0.00 0.00 -0.00 0.00 0.00 -0.00 0.00 0.00 -0.00 0.00 0.00 -0.00 0.00 0.00 -0.00 0.00 0.00 -0.00 0.00 0.00 -0.00 0.00 0.00 -0.00 0.00 0.00 -0.00 0.00 0.00 -0.00 0.00 0.00 -0.00 0.00 0.00 -0.00 0.00 0.00 -0.00 0.00 0.00 -0.00 0.00 0.00 -0.00 0.00 69.06 -37.95 134.56 -0.00 23.42 -0.00 -6.28 10.14 20.11 -1.35 12.81 32.73 0.00 0.00 -0.00 2.00 -0.02 0.61 -0.05 -0.29 8.56 -0.04 -0.15 4.32 0.00 0.00 -0.00 0.00 0.00 1.62 -0.00 -0.00 16.38 0.00 -0.00 8.49 0.00 0.00 -0.00 -2.00 0.08 2.24 0.26 0.63 19.89 0.20 0.31 10.45 0.00 0.00 -0.00 -4.00 0.02 0.25 0.02 0.30 4.33 0.02 0.15 2.15 0.00 -0.00 0.00 0.00 -0.00 0.00 0.00 -0.00 0.00 0.00 -0.00 0.00 0.00 -0.00 0.00 0.00 -0.00 0.00 0.00 -0.00 0.00 0.00 -0.00 0.00 0.00 -0.00 0.00 0.00 -0.00 0.00 0.00 -0.00 0.00 0.00 -0.00 0.00 0.00 -0.00 0.00 0.00 -0.00 0.00 0.00 -0.00 0.00 0.00 -0.00 0.00 0.00 -0.00 0.00 0.00 -0.00 0.00 0.00 -0.00 0.00 0.00 -0.00 0.00 0.00 -0.00 0.00 0.00 -0.00 0.00 0.00 -0.00 0.00
-0.0000 0.0203 0.0000 0.00 -0.00 0.00 0.00 -0.00 0.00 0.00 -0.00 0.00 0.00 -0.00 0.00 0.00 -0.00 0.00 0.00 -0.00 0.00 0.00 -0.00 0.00 0.00 -0.00 0.00 0.00 -0.00 0.00 0.00 -0.00 0.00 0.00 -0.00 0.00 0.00 -0.00 0.00 0.00 -0.00 0.00 0.00 -0.00 0.00 0.00 -0.00 0.00 0.00 -0.00 0.00 0.00 -0.00 0.00 0.00 -0.00 0.00 69.06 -37.95 134.56 -0.00 23.42 -0.00 -6.28 10.14 20.11 -1.35 12.81 32.73 0.00 0.00 -0.00 2.00 -0.02 0.61 -0.05 -0.29 8.56 -0.04 -0.15 4.32 0.00 0.00 -0.00 0.00 0.00 1.62 -0.00 -0.00 16.38 0.00 -0.00 8.49 0.00 0.00 -0.00 -2.00 0.08 2.24 0.26 0.63 19.89 0.20 0.31 10.45 0.00 0.00 -0.00 -4.00 0.02 0.25 0.02 0.30 4.33 0.02 0.15 2.15 0.00 -0.00 0.00 0.00 -0.00 0.00 0.00 -0.00 0.00 0.00 -0.00 0.00 0.00 -0.00 0.00 0.00 -0.00 0.00 0.00 -0.00 0.00 0.00 -0.00 0.00 0.00 -0.00 0.00 0.00 -0.00 0.00 0.00 -0.00 0.00 0.00 -0.00 0.00 0.00 -0.00 0.00 0.00 -0.00 0.00 0.00 -0.00 0.00 0.00 -0.00 0.00 0.00 -0.00 0.00 0.00 -0.00 0.00 0.00 -0.00 0.00 0.00 -0.00 0.00 0.00 -0.00 0.00 0.00 -0.00 0.00 0.00 -0.00 0.00
-0.0000 0.0202 0.0000 0.00 -0.00 0.00 0.00 -0.00 0.00 0.00 -0.00 0.00 0.00 -0.00 0.00 0.00 -0.00 0.00 0.00 -0.00 0.00 0.00 -0.00 0.00 0.00 -0.00 0.00 0.00 -0.00 0.00 0.00 -0.00 0.00 0.00 -0.00 0.00 0.00 -0.00 0.00 0.00 -0.00 0.00 0.00 -0.00 0.00 0.00 -0.00 0.00 0.00 -0.00 0.00 0.00 -0.00 0.00 0.00 -0.00 0.00 69.06 -37.95 134.56 -0.00 23.42 -0.00 -6.28 10.14 20.11 -1.35 12.81 32.73 0.00 0.00 -0.00 2.00 -0.02 0.61 -0.05 -0.29 8.56 -0.04 -0.15 4.32 0.00 0.00 -0.00 0.00 0.00 1.62 -0.00 -0.00 16.38 0.00 -0.00 8.49 0.00 0.00 -0.00 -2.00 0.08 2.24 0.26 0.63 19.89 0.20 0.31 10.45 0.00 0.00 -0.00 -4.00 0.02 0.25 0.02 0.30 4.33 0.02 0.15 2.15 0.00 -0.00 0.00 0.00 -0.00 0.00 0.00 -0.00 0.00 0.00 -0.00 0.00 0.00 -0.00 0.00 0.00 -0.00 0.00 0.00 -0.00 0.00 0.00 -0.00 0.00 0.00 -0.00 0.00 0.00 -0.00 0.00 0.00 -0.00 0.00 0.00 -0.00 0.00 0.00 -0.00 0.00 0.00 -0.00 0.00 0.00 -0.00 0.00 0.00 -0.00 0.00 0.00 -0.00 0.00 0.00 -0.00 0.00 0.00 -0.00 0.00 0.00 -0.00 0.00 0.00 -0.00 0.00 0.00 -0.00 0.00 0.00 -0.00 0.00
-0.0000 0.0206 0.0000 0.00 -0.00 0.00 0.00 -0.00 0.00 0.00 -0.00 0.00 0.00 -0.00 0.00 0.00 -0.00 0.00 0.00 -0.00 0.00 0.00 -0.00 0.00 0.00 -0.00 0.00 0.00 -0.00 0.00 0.00 -0.00 0.00 0.00 -0.00 0.00 0.00 -0.00 0.00 0.00 -0.00 0.00 0.00 -0.00 0.00 0.00 -0.00 0.00 0.00 -0.00 0.00 0.00 -0.00 0.00 0.00 -0.00 0.00 69.06 -37.95 134.56 -0.00 23.42 -0.00 -6.28 10.14 20.11 -1.35 12.81 32.73 0.00 0.00 -0.00 2.00 -0.02 0.61 -0.05 -0.29 8.56 -0.04 -0.15 4.32 0.00 0.00 -0.00 0.00 0.00 1.62 -0.00 -0.00 16.38 0.00 -0.00 8.49 0.00 0.00 -0.00 -2.00 0.08 2.24 0.26 0.63 19.89 0.20 0.31 10.45 0.00 0.00 -0.00 -4.00 0.02 0.25 0.02 0.30 4.33 0.02 0.15 2.15 0.00 -0.00 0.00 0.00 -0.00 0.00 0.00 -0.00 0.00 0.00 -0.00 0.00 0.00 -0.00 0.00 0.00 -0.00 0.00 0.00 -0.00 0.00 0.00 -0.00 0.00 0.00 -0.00 0.00 0.00 -0.00 0.00 0.00 -0.00 0.00 0.00 -0.00 0.00 0.00 -0.00 0.00 0.00 -0.00 0.00 0.00 -0.00 0.00 0.00 -0.00 0.00 0.00 -0.00 0.00 0.00 -0.00 0.00 0.00 -0.00 0.00 0.00 -0.00 0.00 0.00 -0.00 0.00 0.00 -0.00 0.00 0.00 -0.00 0.00
-0.0000 0.0208 0.0000 0.00 -0.00 0.00 0.00 -0.00 0.00 0.00 -0.00 0.00 0.00 -0.00 0.00 0.00 -0.00 0.00 0.00 -0.00 0.00 0.00 -0.00 0.00 0.00 -0.00 0.00 0.00 -0.00 0.00 0.00 -0.00 0.00 0.00 -0.00 0.00 0.00 -0.00 0.00 0.00 -0.00 0.00 0.00 -0.00 0.00 0.00 -0.00 0.00 0.00 -0.00 0.00 0.00 -0.00 0.00 0.00 -0.00 0.00 69.06 -37.95 134.56 -0.00 23.42 -0.00 -6.28 10.14 20.11 -1.35 12.81 32.73 0.00 0.00 -0.00 2.00 -0.02 0.61 -0.05 -0.29 8.56 -0.04 -0.15 4.32 0.00 0.00 -0.00 0.00 0.00 1.62 -0.00 -0.00 16.38 0.00 -0.00 8.49 0.00 0.00 -0.00 -2.00 0.08 2.24 0.26 0.63 19.89 0.20 0.31 10.45 0.00 0.00 -0.00 -4.00 0.02 0.25 0.02 0.30 4.33 0.02 0.15 2.15 0.00 -0.00 0.00 0.00 -0.00 0.00 0.00 -0.00 0.00 0.00 -0.00 0.00 0.00 -0.00 0.00 0.00 -0.00 0.00 0.00 -0.00 0.00 0.00 -0.00 0.00 0.00 -0.00 0.00 0.00 -0.00 0.00 0.00 -0.00 0.00 0.00 -0.00 0.00 0.00 -0.00 0.00 0.00 -0.00 0.00 0.00 -0.00 0.00 0.00 -0.00 0.00 0.00 -0.00 0.00 0.00 -0.00 0.00 0.00 -0.00 0.00 0.00 -0.00 0.00 0.00 -0.00 0.00 0.00 -0.00 0.00 0.00 -0.00 0.00
-0.0000 0.0214 0.0000 0.00 -0.00 0.00 0.00 -0.00 0.00 0.00 -0.00 0.00 0.00 -0.00 0.00 0.00 -0.00 0.00 0.00 -0.00 0.00 0.00 -0.00 0.00 0.00 -0.00 0.00 0.00 -0.00 0.00 0.00 -0.00 0.00 0.00 -0.00 0.00 0.00 -0.00 0.00 0.00 -0.00 0.00 0.00 -0.00 0.00 0.00 -0.00 0.00 0.00 -0.00 0.00 0.00 -0.00 0.00 0.00 -0.00 0.00 69.06 -37.95 134.56 -0.00 23.42 -0.00 -6.28 10.14 20.11 -1.35 12.81 32.73 0.00 0.00 -0.00 2.00 -0.02 0.61 -0.05 -0.29 8.56 -0.04 -0.15 4.32 0.00 0.00 -0.00 0.00 0.00 1.62 -0.00 -0.00 16.38 0.00 -0.00 8.49 0.00 0.00 -0.00 -2.00 0.08 2.24 0.26 0.63 19.89 0.20 0.31 10.45 0.00 0.00 -0.00 -4.00 0.02 0.25 0.02 0.30 4.33 0.02 0.15 2.15 0.00 -0.00 0.00 0.00 -0.00 0.00 0.00 -0.00 0.00 0.00 -0.00 0.00 0.00 -0.00 0.00 0.00 -0.00 0.00 0.00 -0.00 0.00 0.00 -0.00 0.00 0.00 -0.00 0.00 0.00 -0.00 0.00 0.00 -0.00 0.00 0.00 -0.00 0.00 0.00 -0.00 0.00 0.00 -0.00 0.00 0.00 -0.00 0.00 0.00 -0.00 0.00 0.00 -0.00 0.00 0.00 -0.00 0.00 0.00 -0.00 0.00 0.00 -0.00 0.00 0.00 -0.00 0.00 0.00 -0.00 0.00 0.00 -0.00 0.00
-0.0000 0.0203 0.0000 0.00 -0.00 0.00 0.00 -0.00 0.00 0.00 -0.00 0.00 0.00 -0.00 0.00 0.00 -0.00 0.00 0.00 -0.00 0.00 0.00 -0.00 0.00 0.00 -0.00 0.00 0.00 -0.00 0.00 0.00 -0.00 0.00 0.00 -0.00 0.00 0.00 -0.00 0.00 0.00 -0.00 0.00 0.00 -0.00 0.00 0.00 -0.00 0.00 0.00 -0.00 0.00 0.00 -0.00 0.00 0.00 -0.00 0.00 69.06 -37.95 134.56 -0.00 23.42 -0.00 -6.28 10.14 20.11 -1.35 12.81 32.73 0.00 0.00 -0.00 2.00 -0.02 0.61 -0.05 -0.29 8.56 -0.04 -0.15 4.32 0.00 0.00 -0.00 0.00 0.00 1.62 -0.00 -0.00 16.38 0.00 -0.00 8.49 0.00 0.00 -0.00 -2.00 0.08 2.24 0.26 0.63 19.89 0.20 0.31 10.45 0.00 0.00 -0.00 -4.00 0.02 0.25 0.02 0.30 4.33 0.02 0.15 2.15 0.00 -0.00 0.00 0.00 -0.00 0.00 0.00 -0.00 0.00 0.00 -0.00 0.00 0.00 -0.00 0.00 0.00 -0.00 0.00 0.00 -0.00 0.00 0.00 -0.00 0.00 0.00 -0.00 0.00 0.00 -0.00 0.00 0.00 -0.00 0.00 0.00 -0.00 0.00 0.00 -0.00 0.00 0.00 -0.00 0.00 0.00 -0.00 0.00 0.00 -0.00 0.00 0.00 -0.00 0.00 0.00 -0.00 0.00 0.00 -0.00 0.00 0.00 -0.00 0.00 0.00 -0.00 0.00 0.00 -0.00 0.00 0.00 -0.00 0.00
-0.0000 0.0200 0.0000 0.00 -0.00 0.00 0.00 -0.00 0.00 0.00 -0.00 0.00 0.00 -0.00 0.00 0.00 -0.00 0.00 0.00 -0.00 0.00 0.00 -0.00 0.00 0.00 -0.00 0.00 0.00 -0.00 0.00 0.00 -0.00 0.00 0.00 -0.00 0.00 0.00 -0.00 0.00 0.00 -0.00 0.00 0.00 -0.00 0.00 0.00 -0.00 0.00 0.00 -0.00 0.00 0.00 -0.00 0.00 0.00 -0.00 0.00 69.06 -37.95 134.56 -0.00 23.42 -0.00 -6.28 10.14 20.11 -1.35 12.81 32.73 0.00 0.00 -0.00 2.00 -0.02 0.61 -0.05 -0.29 8.56 -0.04 -0.15 4.32 0.00 0.00 -0.00 0.00 0.00 1.62 -0.00 -0.00 16.38 0.00 -0.00 8.49 0.00 0.00 -0.00 -2.00 0.08 2.24 0.26 0.63 19.89 0.20 0.31 10.45 0.00 0.00 -0.00 -4.00 0.02 0.25 0.02 0.30 4.33 0.02 0.15 2.15 0.00 -0.00 0.00 0.00 -0.00 0.00 0.00 -0.00 0.00 0.00 -0.00 0.00 0.00 -0.00 0.00 0.00 -0.00 0.00 0.00 -0.00 0.00 0.00 -0.00 0.00 0.00 -0.00 0.00 0.00 -0.00 0.00 0.00 -0.00 0.00 0.00 -0.00 0.00 0.00 -0.00 0.00 0.00 -0.00 0.00 0.00 -0.00 0.00 0.00 -0.00 0.00 0.00 -0.00 0.00 0.00 -0.00 0.00 0.00 -0.00 0.00 0.00 -0.00 0.00 0.00 -0.00 0.00 0.00 -0.00 0.00 0.00 -0.00 0.00
-0.0000 0.0212 0.0000 0.00 -0.00 0.00 0.00 -0.00 0.00 0.00 -0.00 0.00 0.00 -0.00 0.00 0.00 -0.00 0.00 0.00 -0.00 0.00 0.00 -0.00 0.00 0.00 -0.00 0.00 0.00 -0.00 0.00 0.00 -0.00 0.00 0.00 -0.00 0.00 0.00 -0.00 0.00 0.00 -0.00 0.00 0.00 -0.00 0.00 0.00 -0.00 0.00 0.00 -0.00 0.00 0.00 -0.00 0.00 0.00 -0.00 0.00 69.06 -37.95 134.56 -0.00 23.42 -0.00 -6.28 10.14 20.11 -1.35 12.81 32.73 0.00 0.00 -0.00 2.00 -0.02 0.61 -0.05 -0.29 8.56 -0.04 -0.15 4.32 0.00 0.00 -0.00 0.00 0.00 1.62 -0.00 -0.00 16.38 0.00 -0.00 8.49 0.00 0.00 -0.00 -2.00 0.08 2.24 0.26 0.63 19.89 0.20 0.31 10.45 0.00 0.00 -0.00 -4.00 0.02 0.25 0.02 0.30 4.33 0.02 0.15 2.15 0.00 -0.00 0.00 0.00 -0.00 0.00 0.00 -0.00 0.00 0.00 -0.00 0.00 0.00 -0.00 0.00 0.00 -0.00 0.00 0.00 -0.00 0.00 0.00 -0.00 0.00 0.00 -0.00 0.00 0.00 -0.00 0.00 0.00 -0.00 0.00 0.00 -0.00 0.00 0.00 -0.00 0.00 0.00 -0.00 0.00 0.00 -0.00 0.00 0.00 -0.00 0.00 0.00 -0.00 0.00 0.00 -0.00 0.00 0.00 -0.00 0.00 0.00 -0.00 0.00 0.00 -0.00 0.00 0.00 -0.00 0.00 0.00 -0.00 0.00
-0.0000 0.0211 0.0000 0.00 -0.00 0.00 0.00 -0.00 0.00 0.00 -0.00 0.00 0.00 -0.00 0.00 0.00 -0.00 0.00 0.00 -0.00 0.00 0.00 -0.00 0.00 0.00 -0.00 0.00 0.00 -0.00 0.00 0.00 -0.00 0.00 0.00 -0.00 0.00 0.00 -0.00 0.00 0.00 -0.00 0.00 0.00 -0.00 0.00 0.00 -0.00 0.00 0.00 -0.00 0.00 0.00 -0.00 0.00 0.00 -0.00 0.00 69.06 -37.95 134.56 -0.00 23.42 -0.00 -6.28 10.14 20.11 -1.35 12.81 32.73 0.00 0.00 -0.00 2.00 -0.02 0.61 -0.05 -0.29 8.56 -0.04 -0.15 4.32 0.00 0.00 -0.00 0.00 0.00 1.62 -0.00 -0.00 16.38 0.00 -0.00 8.49 0.00 0.00 -0.00 -2.00 0.08 2.24 0.26 0.63 19.89 0.20 0.31 10.45 0.00 0.00 -0.00 -4.00 0.02 0.25 0.02 0.30 4.33 0.02 0.15 2.15 0.00 -0.00 0.00 0.00 -0.00 0.00 0.00 -0.00 0.00 0.00 -0.00 0.00 0.00 -0.00 0.00 0.00 -0.00 0.00 0.00 -0.00 0.00 0.00 -0.00 0.00 0.00 -0.00 0.00 0.00 -0.00 0.00 0.00 -0.00 0.00 0.00 -0.00 0.00 0.00 -0.00 0.00 0.00 -0.00 0.00 0.00 -0.00 0.00 0.00 -0.00 0.00 0.00 -0.00 0.00 0.00 -0.00 0.00 0.00 -0.00 0.00 0.00 -0.00 0.00 0.00 -0.00 0.00 0.00 -0.00 0.00 0.00 -0.00 0.00
-0.0000 0.0211 0.0000 0.00 -0.00 0.00 0.00 -0.00 0.00 0.00 -0.00 0.00 0.00 -0.00 0.00 0.00 -0.00 0.00 0.00 -0.00 0.00 0.00 -0.00 0.00 0.00 -0.00 0.00 0.00 -0.00 0.00 0.00 -0.00 0.00 0.00 -0.00 0.00 0.00 -0.00 0.00 0.00 -0.00 0.00 0.00 -0.00 0.00 0.00 -0.00 0.00 0.00 -0.00 0.00 0.00 -0.00 0.00 0.00 -0.00 0.00 69.06 -37.95 134.56 -0.00 23.42 -0.00 -6.28 10.14 20.11 -1.35 12.81 32.73 0.00 0.00 -0.00 2.00 -0.02 0.61 -0.05 -0.29 8.56 -0.04 -0.15 4.32 0.00 0.00 -0.00 0.00 0.00 1.62 -0.00 -0.00 16.38 0.00 -0.00 8.49 0.00 0.00 -0.00 -2.00 0.08 2.24 0.26 0.63 19.89 0.20 0.31 10.45 0.00 0.00 -0.00 -4.00 0.02 0.25 0.02 0.30 4.33 0.02 0.15 2.15 0.00 -0.00 0.00 0.00 -0.00 0.00 0.00 -0.00 0.00 0.00 -0.00 0.00 0.00 -0.00 0.00 0.00 -0.00 0.00 0.00 -0.00 0.00 0.00 -0.00 0.00 0.00 -0.00 0.00 0.00 -0.00 0.00 0.00 -0.00 0.00 0.00 -0.00 0.00 0.00 -0.00 0.00 0.00 -0.00 0.00 0.00 -0.00 0.00 0.00 -0.00 0.00 0.00 -0.00 0.00 0.00 -0.00 0.00 0.00 -0.00 0.00 0.00 -0.00 0.00 0.00 -0.00 0.00 0.00 -0.00 0.00 0.00 -0.00 0.00
-0.0000 0.0216 0.0000 0.00 -0.00 0.00 0.00 -0.00 0.00 0.00 -0.00 0.00 0.00 -0.00 0.00 0.00 -0.00 0.00 0.00 -0.00 0.00 0.00 -0.00 0.00 0.00 -0.00 0.00 0.00 -0.00 0.00 0.00 -0.00 0.00 0.00 -0.00 0.00 0.00 -0.00 0.00 0.00 -0.00 0.00 0.00 -0.00 0.00 0.00 -0.00 0.00 0.00 -0.00 0.00 0.00 -0.00 0.00 0.00 -0.00 0.00 69.06 -37.95 134.56 -0.00 23.42 -0.00 -6.28 10.14 20.11 -1.35 12.81 32.73 0.00 0.00 -0.00 2.00 -0.02 0.61 -0.05 -0.29 8.56 -0.04 -0.15 4.32 0.00 0.00 -0.00 0.00 0.00 1.62 -0.00 -0.00 16.38 0.00 -0.00 8.49 0.00 0.00 -0.00 -2.00 0.08 2.24 0.26 0.63 19.89 0.20 0.31 10.45 0.00 0.00 -0.00 -4.00 0.02 0.25 0.02 0.30 4.33 0.02 0.15 2.15 0.00 -0.00 0.00 0.00 -0.00 0.00 0.00 -0.00 0.00 0.00 -0.00 0.00 0.00 -0.00 0.00 0.00 -0.00 0.00 0.00 -0.00 0.00 0.00 -0.00 0.00 0.00 -0.00 0.00 0.00 -0.00 0.00 0.00 -0.00 0.00 0.00 -0.00 0.00 0.00 -0.00 0.00 0.00 -0.00 0.00 0.00 -0.00 0.00 0.00 -0.00 0.00 0.00 -0.00 0.00 0.00 -0.00 0.00 0.00 -0.00 0.00 0.00 -0.00 0.00 0.00 -0.00 0.00 0.00 -0.00 0.00 0.00 -0.00 0.00
-0.0000 0.0219 0.0000 0.00 -0.00 0.00 0.00 -0.00 0.00 0.00 -0.00 0.00 0.00 -0.00 0.00 0.00 -0.00 0.00 0.00 -0.00 0.00 0.00 -0.00 0.00 0.00 -0.00 0.00 0.00 -0.00 0.00 0.00 -0.00 0.00 0.00 -0.00 0.00 0.00 -0.00 0.00 0.00 -0.00 0.00 0.00 -0.00 0.00 0.00 -0.00 0.00 0.00 -0.00 0.00 0.00 -0.00 0.00 0.00 -0.00 0.00 69.06 -37.95 134.56 -0.00 23.42 -0.00 -6.28 10.14 20.11 -1.35 12.81 32.73 0.00 0.00 -0.00 2.00 -0.02 0.61 -0.05 -0.29 8.56 -0.04 -0.15 4.32 0.00 0.00 -0.00 0.00 0.00 1.62 -0.00 -0.00 16.38 0.00 -0.00 8.49 0.00 0.00 -0.00 -2.00 0.08 2.24 0.26 0.63 19.89 0.20 0.31 10.45 0.00 0.00 -0.00 -4.00 0.02 0.25 0.02 0.30 4.33 0.02 0.15 2.15 0.00 -0.00 0.00 0.00 -0.00 0.00 0.00 -0.00 0.00 0.00 -0.00 0.00 0.00 -0.00 0.00 0.00 -0.00 0.00 0.00 -0.00 0.00 0.00 -0.00 0.00 0.00 -0.00 0.00 0.00 -0.00 0.00 0.00 -0.00 0.00 0.00 -0.00 0.00 0.00 -0.00 0.00 0.00 -0.00 0.00 0.00 -0.00 0.00 0.00 -0.00 0.00 0.00 -0.00 0.00 0.00 -0.00 0.00 0.00 -0.00 0.00 0.00 -0.00 0.00 0.00 -0.00 0.00 0.00 -0.00 0.00 0.00 -0.00 0.00
-0.0000 0.0220 0.0000 0.00 -0.00 0.00 0.00 -0.00 0.00 0.00 -0.00 0.00 0.00 -0.00 0.00 0.00 -0.00 0.00 0.00 -0.00 0.00 0.00 -0.00 0.00 0.00 -0.00 0.00 0.00 -0.00 0.00 0.00 -0.00 0.00 0.00 -0.00 0.00 0.00 -0.00 0.00 0.00 -0.00 0.00 0.00 -0.00 0.00 0.00 -0.00 0.00 0.00 -0.00 0.00 0.00 -0.00 0.00 0.00 -0.00 0.00 69.06 -37.95 134.56 -0.00 23.42 -0.00 -6.28 10.14 20.11 -1.35 12.81 32.73 0.00 0.00 -0.00 2.00 -0.02 0.61 -0.05 -0.29 8.56 -0.04 -0.15 4.32 0.00 0.00 -0.00 0.00 0.00 1.62 -0.00 -0.00 16.38 0.00 -0.00 8.49 0.00 0.00 -0.00 -2.00 0.08 2.24 0.26 0.63 19.89 0.20 0.31 10.45 0.00 0.00 -0.00 -4.00 0.02 0.25 0.02 0.30 4.33 0.02 0.15 2.15 0.00 -0.00 0.00 0.00 -0.00 0.00 0.00 -0.00 0.00 0.00 -0.00 0.00 0.00 -0.00 0.00 0.00 -0.00 0.00 0.00 -0.00 0.00 0.00 -0.00 0.00 0.00 -0.00 0.00 0.00 -0.00 0.00 0.00 -0.00 0.00 0.00 -0.00 0.00 0.00 -0.00 0.00 0.00 -0.00 0.00 0.00 -0.00 0.00 0.00 -0.00 0.00 0.00 -0.00 0.00 0.00 -0.00 0.00 0.00 -0.00 0.00 0.00 -0.00 0.00 0.00 -0.00 0.00 0.00 -0.00 0.00 0.00 -0.00 0.00
-0.0000 0.0221 0.0000 0.00 -0.00 0.00 0.00 -0.00 0.00 0.00 -0.00 0.00 0.00 -0.00 0.00 0.00 -0.00 0.00 0.00 -0.00 0.00 0.00 -0.00 0.00 0.00 -0.00 0.00 0.00 -0.00 0.00 0.00 -0.00 0.00 0.00 -0.00 0.00 0.00 -0.00 0.00 0.00 -0.00 0.00 0.00 -0.00 0.00 0.00 -0.00 0.00 0.00 -0.00 0.00 0.00 -0.00 0.00 0.00 -0.00 0.00 69.06 -37.95 134.56 -0.00 23.42 -0.00 -6.28 10.14 20.11 -1.35 12.81 32.73 0.00 0.00 -0.00 2.00 -0.02 0.61 -0.05 -0.29 8.56 -0.04 -0.15 4.32 0.00 0.00 -0.00 0.00 0.00 1.62 -0.00 -0.00 16.38 0.00 -0.00 8.49 0.00 0.00 -0.00 -2.00 0.08 2.24 0.26 0.63 19.89 0.20 0.31 10.45 0.00 0.00 -0.00 -4.00 0.02 0.25 0.02 0.30 4.33 0.02 0.15 2.15 0.00 -0.00 0.00 0.00 -0.00 0.00 0.00 -0.00 0.00 0.00 -0.00 0.00 0.00 -0.00 0.00 0.00 -0.00 0.00 0.00 -0.00 0.00 0.00 -0.00 0.00 0.00 -0.00 0.00 0.00 -0.00 0.00 0.00 -0.00 0.00 0.00 -0.00 0.00 0.00 -0.00 0.00 0.00 -0.00 0.00 0.00 -0.00 0.00 0.00 -0.00 0.00 0.00 -0.00 0.00 0.00 -0.00 0.00 0.00 -0.00 0.00 0.00 -0.00 0.00 0.00 -0.00 0.00 0.00 -0.00 0.00 0.00 -0.00 0.00
-0.0000 0.0210 0.0000 0.00 -0.00 0.00 0.00 -0.00 0.00 0.00 -0.00 0.00 0.00 -0.00 0.00 0.00 -0.00 0.00 0.00 -0.00 0.00 0.00 -0.00 0.00 0.00 -0.00 0.00 0.00 -0.00 0.00 0.00 -0.00 0.00 0.00 -0.00 0.00 0.00 -0.00 0.00 0.00 -0.00 0.00 0.00 -0.00 0.00 0.00 -0.00 0.00 0.00 -0.00 0.00 0.00 -0.00 0.00 0.00 -0.00 0.00 69.06 -37.95 134.56 -0.00 23.42 -0.00 -6.28 10.14 20.11 -1.35 12.81 32.73 0.00 0.00 -0.00 2.00 -0.02 0.61 -0.05 -0.29 8.56 -0.04 -0.15 4.32 0.00 0.00 -0.00 0.00 0.00 1.62 -0.00 -0.00 16.38 0.00 -0.00 8.49 0.00 0.00 -0.00 -2.00 0.08 2.24 0.26 0.63 19.89 0.20 0.31 10.45 0.00 0.00 -0.00 -4.00 0.02 0.25 0.02 0.30 4.33 0.02 0.15 2.15 0.00 -0.00 0.00 0.00 -0.00 0.00 0.00 -0.00 0.00 0.00 -0.00 0.00 0.00 -0.00 0.00 0.00 -0.00 0.00 0.00 -0.00 0.00 0.00 -0.00 0.00 0.00 -0.00 0.00 0.00 -0.00 0.00 0.00 -0.00 0.00 0.00 -0.00 0.00 0.00 -0.00 0.00 0.00 -0.00 0.00 0.00 -0.00 0.00 0.00 -0.00 0.00 0.00 -0.00 0.00 0.00 -0.00 0.00 0.00 -0.00 0.00 0.00 -0.00 0.00 0.00 -0.00 0.00 0.00 -0.00 0.00 0.00 -0.00 0.00
-0.0000 0.0212 0.0000 0.00 -0.00 0.00 0.00 -0.00 0.00 0.00 -0.00 0.00 0.00 -0.00 0.00 0.00 -0.00 0.00 0.00 -0.00 0.00 0.00 -0.00 0.00 0.00 -0.00 0.00 0.00 -0.00 0.00 0.00 -0.00 0.00 0.00 -0.00 0.00 0.00 -0.00 0.00 0.00 -0.00 0.00 0.00 -0.00 0.00 0.00 -0.00 0.00 0.00 -0.00 0.00 0.00 -0.00 0.00 0.00 -0.00 0.00 69.06 -37.95 134.56 -0.00 23.42 -0.00 -6.28 10.14 20.11 -1.35 12.81 32.73 0.00 0.00 -0.00 2.00 -0.02 0.61 -0.05 -0.29 8.56 -0.04 -0.15 4.32 0.00 0.00 -0.00 0.00 0.00 1.62 -0.00 -0.00 16.38 0.00 -0.00 8.49 0.00 0.00 -0.00 -2.00 0.08 2.24 0.26 0.63 19.89 0.20 0.31 10.45 0.00 0.00 -0.00 -4.00 0.02 0.25 0.02 0.30 4.33 0.02 0.15 2.15 0.00 -0.00 0.00 0.00 -0.00 0.00 0.00 -0.00 0.00 0.00 -0.00 0.00 0.00 -0.00 0.00 0.00 -0.00 0.00 0.00 -0.00 0.00 0.00 -0.00 0.00 0.00 -0.00 0.00 0.00 -0.00 0.00 0.00 -0.00 0.00 0.00 -0.00 0.00 0.00 -0.00 0.00 0.00 -0.00 0.00 0.00 -0.00 0.00 0.00 -0.00 0.00 0.00 -0.00 0.00 0.00 -0.00 0.00 0.00 -0.00 0.00 0.00 -0.00 0.00 0.00 -0.00 0.00 0.00 -0.00 0.00 0.00 -0.00 0.00
-0.0000 0.0214 0.0000 0.00 -0.00 0.00 0.00 -0.00 0.00 0.00 -0.00 0.00 0.00 -0.00 0.00 0.00 -0.00 0.00 0.00 -0.00 0.00 0.00 -0.00 0.00 0.00 -0.00 0.00 0.00 -0.00 0.00 0.00 -0.00 0.00 0.00 -0.00 0.00 0.00 -0.00 0.00 0.00 -0.00 0.00 0.00 -0.00 0.00 0.00 -0.00 0.00 0.00 -0.00 0.00 0.00 -0.00 0.00 0.00 -0.00 0.00 69.06 -37.95 134.56 -0.00 23.42 -0.00 -6.28 10.14 20.11 -1.35 12.81 32.73 0.00 0.00 -0.00 2.00 -0.02 0.61 -0.05 -0.29 8.56 -0.04 -0.15 4.32 0.00 0.00 -0.00 0.00 0.00 1.62 -0.00 -0.00 16.38 0.00 -0.00 8.49 0.00 0.00 -0.00 -2.00 0.08 2.24 0.26 0.63 19.89 0.20 0.31 10.45 0.00 0.00 -0.00 -4.00 0.02 0.25 0.02 0.30 4.33 0.02 0.15 2.15 0.00 -0.00 0.00 0.00 -0.00 0.00 0.00 -0.00 0.00 0.00 -0.00 0.00 0.00 -0.00 0.00 0.00 -0.00 0.00 0.00 -0.00 0.00 0.00 -0.00 0.00 0.00 -0.00 0.00 0.00 -0.00 0.00 0.00 -0.00 0.00 0.00 -0.00 0.00 0.00 -0.00 0.00 0.00 -0.00 0.00 0.00 -0.00 0.00 0.00 -0.00 0.00 0.00 -0.00 0.00 0.00 -0.00 0.00 0.00 -0.00 0.00 0.00 -0.00 0.00 0.00 -0.00 0.00 0.00 -0.00 0.00 0.00 -0.00 0.00
-0.0000 0.0213 0.0000 0.00 -0.00 0.00 0.00 -0.00 0.00 0.00 -0.00 0.00 0.00 -0.00 0.00 0.00 -0.00 0.00 0.00 -0.00 0.00 0.00 -0.00 0.00 0.00 -0.00 0.00 0.00 -0.00 0.00 0.00 -0.00 0.00 0.00 -0.00 0.00 0.00 -0.00 0.00 0.00 -0.00 0.00 0.00 -0.00 0.00 0.00 -0.00 0.00 0.00 -0.00 0.00 0.00 -0.00 0.00 0.00 -0.00 0.00 69.06 -37.95 134.56 -0.00 23.42 -0.00 -6.28 10.14 20.11 -1.35 12.81 32.73 0.00 0.00 -0.00 2.00 -0.02 0.61 -0.05 -0.29 8.56 -0.04 -0.15 4.32 0.00 0.00 -0.00 0.00 0.00 1.62 -0.00 -0.00 16.38 0.00 -0.00 8.49 0.00 0.00 -0.00 -2.00 0.08 2.24 0.26 0.63 19.89 0.20 0.31 10.45 0.00 0.00 -0.00 -4.00 0.02 0.25 0.02 0.30 4.33 0.02 0.15 2.15 0.00 -0.00 0.00 0.00 -0.00 0.00 0.00 -0.00 0.00 0.00 -0.00 0.00 0.00 -0.00 0.00 0.00 -0.00 0.00 0.00 -0.00 0.00 0.00 -0.00 0.00 0.00 -0.00 0.00 0.00 -0.00 0.00 0.00 -0.00 0.00 0.00 -0.00 0.00 0.00 -0.00 0.00 0.00 -0.00 0.00 0.00 -0.00 0.00 0.00 -0.00 0.00 0.00 -0.00 0.00 0.00 -0.00 0.00 0.00 -0.00 0.00 0.00 -0.00 0.00 0.00 -0.00 0.00 0.00 -0.00 0.00 0.00 -0.00 0.00
